retailer,region,catalogue_title,catalogue_start_date,catalogue_end_date,page_number,product_name,special_price,regular_price,save_amount,discount_percent,promo_type,pack_size,unit_price_text,offer_text,ocr_confidence,needs_review,review_reason,source_page_image,source_catalogue_url,price_source,price_evidence,evidence_count,verification_status
Coles,QLD METRO,"Coles Catalogue December 25 - 31, 2024 QLD METRO",2024-12-25,2025-01-01,1,"Pepsi, Solo or Schweppes Soft Drink or Schweppes",9.0,18.0,9.0,50.0,half_price,,$2.40 per litre,"WASS18 | WASS18 | Pepsi, Solo or Schweppes | Soft Drink or Schweppes | Sparkling Water | 10x375mL $2.40 per litre",96.2,True,single_price_evidence,https://caau.syd1.cdn.digitaloceanspaces.com/wp-content/uploads/catalogue/coles/coles-catalogue-december-25-31-2024-qld-metro/1.jpg,https://www.catalogueau.com/coles/#catalogue=coles/coles-catalogue-december-25-31-2024-qld-metro/,displayed_price,displayed_price,1,review
Coles,QLD METRO,"Coles Catalogue December 25 - 31, 2024 QLD METRO",2024-12-25,2025-01-01,1,= Coles Classic Burgers or Sausages . 400g-550g Product sold uncooked,10.0,,,,special,400g; 550g,,= | Coles Classic Burgers or Sausages . | 400g-550g Product sold uncooked. | On sale for 2 weeks | By,79.0,True,offer_labels_missing;save_amount_missing;regular_price_missing;low_name_confidence_strict;single_price_evidence,https://caau.syd1.cdn.digitaloceanspaces.com/wp-content/uploads/catalogue/coles/coles-catalogue-december-25-31-2024-qld-metro/1.jpg,https://www.catalogueau.com/coles/#catalogue=coles/coles-catalogue-december-25-31-2024-qld-metro/,displayed_price,displayed_price,1,review
Coles,QLD METRO,"Coles Catalogue December 25 - 31, 2024 QLD METRO",2024-12-25,2025-01-01,1,oe While stocks esa No rainchecks “,4.0,,,,special,,,oe While stocks esa No rainchecks | “ | lw,79.0,True,offer_labels_missing;save_amount_missing;regular_price_missing;low_name_confidence_strict;single_price_evidence,https://caau.syd1.cdn.digitaloceanspaces.com/wp-content/uploads/catalogue/coles/coles-catalogue-december-25-31-2024-qld-metro/1.jpg,https://www.catalogueau.com/coles/#catalogue=coles/coles-catalogue-december-25-31-2024-qld-metro/,displayed_price,displayed_price,1,review
Coles,QLD METRO,"Coles Catalogue December 25 - 31, 2024 QLD METRO",2024-12-25,2025-01-01,2,Nivea Sun Protect & Moisture Sunscreen Spray SPF50+ 300mL or Lotion 400mL*,14.0,28.0,14.0,50.0,half_price,300mL; 400mL,,SAVES14 | WAS$28 | Nivea Sun Protect & Moisture | Sunscreen Spray SPF50+ | 300mL or Lotion 400mL* | 2nd week on sale,93.06,False,,https://caau.syd1.cdn.digitaloceanspaces.com/wp-content/uploads/catalogue/coles/coles-catalogue-december-25-31-2024-qld-metro/2.jpg,https://www.catalogueau.com/coles/#catalogue=coles/coles-catalogue-december-25-31-2024-qld-metro/,save_was_arithmetic,displayed_price;save_was_arithmetic,2,verified
Coles,QLD METRO,"Coles Catalogue December 25 - 31, 2024 QLD METRO",2024-12-25,2025-01-01,2,Bondi Sands Aero 1 Hour Express Tanning Foam 225mL,13.5,27.0,13.5,50.0,half_price,225mL,$6.00 per 100mL,SAVES13.50 | Bondi Sands Aero 1 Hour | Express Tanning Foam 225mL | $6.00 per 100mL. | 2nd week on sale,95.44,True,single_price_evidence,https://caau.syd1.cdn.digitaloceanspaces.com/wp-content/uploads/catalogue/coles/coles-catalogue-december-25-31-2024-qld-metro/2.jpg,https://www.catalogueau.com/coles/#catalogue=coles/coles-catalogue-december-25-31-2024-qld-metro/,unit_price,unit_price,1,review
Coles,QLD METRO,"Coles Catalogue December 25 - 31, 2024 QLD METRO",2024-12-25,2025-01-01,2,Cancer Council Ultra Sunscreen Tube SPF50+ 250mL*,10.5,,,,special,250mL,$4.20 per 100mL,"SAVE: | ‘WAS | Cancer Council Ultra | Sunscreen Tube SPF50+ 250mL* | $4.20 per 100mL. 2nd week on sale | TExcludes Down Down, Every Day & clearance items",93.38,True,save_amount_missing;regular_price_missing;single_price_evidence,https://caau.syd1.cdn.digitaloceanspaces.com/wp-content/uploads/catalogue/coles/coles-catalogue-december-25-31-2024-qld-metro/2.jpg,https://www.catalogueau.com/coles/#catalogue=coles/coles-catalogue-december-25-31-2024-qld-metro/,unit_price,unit_price,1,review
Coles,QLD METRO,"Coles Catalogue December 25 - 31, 2024 QLD METRO",2024-12-25,2025-01-01,2,Cheezels 110g-125g,1.75,3.5,1.75,50.0,half_price,110g; 125g,,SAVES1.75 | WASS3.50 | Cheezels 110g-125g,91.22,True,single_price_evidence,https://caau.syd1.cdn.digitaloceanspaces.com/wp-content/uploads/catalogue/coles/coles-catalogue-december-25-31-2024-qld-metro/2.jpg,https://www.catalogueau.com/coles/#catalogue=coles/coles-catalogue-december-25-31-2024-qld-metro/,save_was_arithmetic,save_was_arithmetic,1,review
Coles,QLD METRO,"Coles Catalogue December 25 - 31, 2024 QLD METRO",2024-12-25,2025-01-01,2,Nescafé Coffee Sachets 8 Pack-10 Pack,3.8,7.6,3.8,50.0,half_price,8 Pack; 10 Pack,,SAVE 53.80 | WAS$7.60 | Nescafé Coffee Sachets | 8 Pack-10 Pack | Bonus,94.3,True,single_price_evidence,https://caau.syd1.cdn.digitaloceanspaces.com/wp-content/uploads/catalogue/coles/coles-catalogue-december-25-31-2024-qld-metro/2.jpg,https://www.catalogueau.com/coles/#catalogue=coles/coles-catalogue-december-25-31-2024-qld-metro/,save_was_arithmetic,save_was_arithmetic,1,review
Coles,QLD METRO,"Coles Catalogue December 25 - 31, 2024 QLD METRO",2024-12-25,2025-01-01,2,Raw C Coconut Water 1 Litre,2.75,5.5,2.75,50.0,half_price,1 Litre,$2.75 per litre,SAVES2.75 | WASS$5.50 | Raw C Coconut Water 1 Litre | $2.75 per litre | Bonus,95.42,False,,https://caau.syd1.cdn.digitaloceanspaces.com/wp-content/uploads/catalogue/coles/coles-catalogue-december-25-31-2024-qld-metro/2.jpg,https://www.catalogueau.com/coles/#catalogue=coles/coles-catalogue-december-25-31-2024-qld-metro/,save_was_arithmetic,displayed_price;save_was_arithmetic;unit_price,3,verified
Coles,QLD METRO,"Coles Catalogue December 25 - 31, 2024 QLD METRO",2024-12-25,2025-01-01,2,Tip Top English Muffins 6 Pack 400g,3.1,6.2,3.1,50.0,half_price,6 Pack; 400g,$0.78 per 100g,SAVE3.10 | WAS$6.20 | Tip Top English Muffins 6 Pack | 400g $0.78 per 100g,96.42,False,,https://caau.syd1.cdn.digitaloceanspaces.com/wp-content/uploads/catalogue/coles/coles-catalogue-december-25-31-2024-qld-metro/2.jpg,https://www.catalogueau.com/coles/#catalogue=coles/coles-catalogue-december-25-31-2024-qld-metro/,save_was_arithmetic,displayed_price;save_was_arithmetic;unit_price,3,verified
Coles,QLD METRO,"Coles Catalogue December 25 - 31, 2024 QLD METRO",2024-12-25,2025-01-01,2,Coca-Cola Soft Drink 12x300mL,9.5,19.0,9.5,50.0,half_price,12x300mL,$2.64 per litre,SAVES9.50 | WASSI9 | Coca-Cola Soft Drink | 12x300mL $2.64 per litre. | *See page 28 for T&Cs | “This product may not be right for you. Read the warnings before purchase. Avoid prolonged exposure,93.81,False,,https://caau.syd1.cdn.digitaloceanspaces.com/wp-content/uploads/catalogue/coles/coles-catalogue-december-25-31-2024-qld-metro/2.jpg,https://www.catalogueau.com/coles/#catalogue=coles/coles-catalogue-december-25-31-2024-qld-metro/,save_was_arithmetic,displayed_price;save_was_arithmetic;unit_price,3,verified
Coles,QLD METRO,"Coles Catalogue December 25 - 31, 2024 QLD METRO",2024-12-25,2025-01-01,2,Omo Laundry Liquid 2 Litre or Powder 2kg,14.0,28.0,14.0,50.0,half_price,2 Litre; 2kg,,SAVES14 | WAS$28 | Omo Laundry Liquid 2 Litre | or Powder 2kg,93.62,False,,https://caau.syd1.cdn.digitaloceanspaces.com/wp-content/uploads/catalogue/coles/coles-catalogue-december-25-31-2024-qld-metro/2.jpg,https://www.catalogueau.com/coles/#catalogue=coles/coles-catalogue-december-25-31-2024-qld-metro/,save_was_arithmetic,displayed_price;save_was_arithmetic,2,verified
Coles,QLD METRO,"Coles Catalogue December 25 - 31, 2024 QLD METRO",2024-12-25,2025-01-01,3,Mars Chocolate Bar 30g-56g,1.0,2.2,1.2,54.55,save_amount,30g; 56g,,SAVE51.20 | WASS2.20 | Mars Chocolate Bar 30g-56g | On sale for 2 weeks,94.31,True,single_price_evidence,https://caau.syd1.cdn.digitaloceanspaces.com/wp-content/uploads/catalogue/coles/coles-catalogue-december-25-31-2024-qld-metro/3.jpg,https://www.catalogueau.com/coles/#catalogue=coles/coles-catalogue-december-25-31-2024-qld-metro/,displayed_price,displayed_price,1,review
Coles,QLD METRO,"Coles Catalogue December 25 - 31, 2024 QLD METRO",2024-12-25,2025-01-01,3,Cadbury Chocolate Bar 30g-55g 2nd week,1.25,2.5,1.25,50.0,half_price,30g; 55g,,SAVE51.25 | WASS2.50 | Cadbury Chocolate Bar | 30g-55g 2nd week on sale,95.52,True,single_price_evidence,https://caau.syd1.cdn.digitaloceanspaces.com/wp-content/uploads/catalogue/coles/coles-catalogue-december-25-31-2024-qld-metro/3.jpg,https://www.catalogueau.com/coles/#catalogue=coles/coles-catalogue-december-25-31-2024-qld-metro/,displayed_price,displayed_price,1,review
Coles,QLD METRO,"Coles Catalogue December 25 - 31, 2024 QLD METRO",2024-12-25,2025-01-01,3,Toblerone Pralines 180g,8.0,16.0,8.0,50.0,half_price,180g,$4.44 per 100g,WASS16 | WASS16 | Toblerone Pralines 180g | $4.44 per 100g. | 2nd week on sale,93.77,False,,https://caau.syd1.cdn.digitaloceanspaces.com/wp-content/uploads/catalogue/coles/coles-catalogue-december-25-31-2024-qld-metro/3.jpg,https://www.catalogueau.com/coles/#catalogue=coles/coles-catalogue-december-25-31-2024-qld-metro/,displayed_price,displayed_price;page_discount;unit_price,2,verified
Coles,QLD METRO,"Coles Catalogue December 25 - 31, 2024 QLD METRO",2024-12-25,2025-01-01,3,Cobs Popcorn 80g-120g,1.75,3.5,1.75,50.0,half_price,80g; 120g,,SAVE*1.75 | WASS$3.50 | Cobs Popcorn 80g-120g,92.21,True,single_price_evidence,https://caau.syd1.cdn.digitaloceanspaces.com/wp-content/uploads/catalogue/coles/coles-catalogue-december-25-31-2024-qld-metro/3.jpg,https://www.catalogueau.com/coles/#catalogue=coles/coles-catalogue-december-25-31-2024-qld-metro/,save_was_arithmetic,save_was_arithmetic,1,review
Coles,QLD METRO,"Coles Catalogue December 25 - 31, 2024 QLD METRO",2024-12-25,2025-01-01,3,Bhuja Mix 140g-160g =,2.25,4.5,2.25,50.0,half_price,140g; 160g,,SAVES2.25 | WASS$4.50 | Bhuja Mix 140g-160g | =,57.3,True,low_ocr_confidence;low_name_confidence_strict,https://caau.syd1.cdn.digitaloceanspaces.com/wp-content/uploads/catalogue/coles/coles-catalogue-december-25-31-2024-qld-metro/3.jpg,https://www.catalogueau.com/coles/#catalogue=coles/coles-catalogue-december-25-31-2024-qld-metro/,save_was_arithmetic,displayed_price;save_was_arithmetic,2,review
Coles,QLD METRO,"Coles Catalogue December 25 - 31, 2024 QLD METRO",2024-12-25,2025-01-01,3,‘CC's Corn Chips 175g or Cornados 110g,2.5,5.0,2.5,50.0,half_price,175g; 110g,,SAVE2.50 | WASS5 | ‘CC's Corn Chips 175g | or Cornados 110g,91.89,False,,https://caau.syd1.cdn.digitaloceanspaces.com/wp-content/uploads/catalogue/coles/coles-catalogue-december-25-31-2024-qld-metro/3.jpg,https://www.catalogueau.com/coles/#catalogue=coles/coles-catalogue-december-25-31-2024-qld-metro/,save_was_arithmetic,displayed_price;save_was_arithmetic,2,verified
Coles,QLD METRO,"Coles Catalogue December 25 - 31, 2024 QLD METRO",2024-12-25,2025-01-01,3,V8 Juice 1.25 Litre,2.75,5.5,2.75,50.0,half_price,1.25 Litre,$2.20 per litre,SAVES2.75 | WASS$5.50 | V8 Juice 1.25 Litre | $2.20 per litre | QLD METRO-2512-24-312231,96.22,False,,https://caau.syd1.cdn.digitaloceanspaces.com/wp-content/uploads/catalogue/coles/coles-catalogue-december-25-31-2024-qld-metro/3.jpg,https://www.catalogueau.com/coles/#catalogue=coles/coles-catalogue-december-25-31-2024-qld-metro/,save_was_arithmetic,displayed_price;save_was_arithmetic;unit_price,3,verified
Coles,QLD METRO,"Coles Catalogue December 25 - 31, 2024 QLD METRO",2024-12-25,2025-01-01,3,Kirks Soft Drink 10x375mL,7.25,14.5,7.25,50.0,half_price,10x375mL,$1.93 per litre,SAVES7.25 | WASS14.50 | Kirks Soft Drink 10x375mL | $1.93 per litre,93.38,False,,https://caau.syd1.cdn.digitaloceanspaces.com/wp-content/uploads/catalogue/coles/coles-catalogue-december-25-31-2024-qld-metro/3.jpg,https://www.catalogueau.com/coles/#catalogue=coles/coles-catalogue-december-25-31-2024-qld-metro/,save_was_arithmetic,displayed_price;save_was_arithmetic;unit_price,3,verified
Coles,QLD METRO,"Coles Catalogue December 25 - 31, 2024 QLD METRO",2024-12-25,2025-01-01,3,Coca-Cola Soft Drink 12x300mL,9.5,19.0,9.5,50.0,half_price,12x300mL,$2.64 per litre,SAVES9.50 | WASS19 | Coca-Cola Soft Drink | 12x300mL $2.64 per litre. | *See page 28 for T&Cs,94.44,False,,https://caau.syd1.cdn.digitaloceanspaces.com/wp-content/uploads/catalogue/coles/coles-catalogue-december-25-31-2024-qld-metro/3.jpg,https://www.catalogueau.com/coles/#catalogue=coles/coles-catalogue-december-25-31-2024-qld-metro/,save_was_arithmetic,displayed_price;save_was_arithmetic;unit_price,3,verified
Coles,QLD METRO,"Coles Catalogue December 25 - 31, 2024 QLD METRO",2024-12-25,2025-01-01,4,Bali Body 1 Hour Express Ultra Dark Mousse 225mL,17.0,34.0,17.0,50.0,half_price,225mL,$7.56 per 100mL,SAVE*17 | WAS$34 | Bali Body 1 Hour Express | Ultra Dark Mousse 225mL | $7.56 per 100mL. | 2nd week on sale,95.14,False,,https://caau.syd1.cdn.digitaloceanspaces.com/wp-content/uploads/catalogue/coles/coles-catalogue-december-25-31-2024-qld-metro/4.jpg,https://www.catalogueau.com/coles/#catalogue=coles/coles-catalogue-december-25-31-2024-qld-metro/,save_was_arithmetic,displayed_price;save_was_arithmetic;unit_price,3,verified
Coles,QLD METRO,"Coles Catalogue December 25 - 31, 2024 QLD METRO",2024-12-25,2025-01-01,4,Bali Body Ultra Dark Self Tanning Mousse 200mL,15.5,31.0,15.5,50.0,half_price,200mL,$7.75 per 100mL,SAVE%15.50 | = | Bali Body Ultra Dark Self | Tanning Mousse 200mL | $7.75 per 100mL | 2nd week on sale,95.36,True,single_price_evidence,https://caau.syd1.cdn.digitaloceanspaces.com/wp-content/uploads/catalogue/coles/coles-catalogue-december-25-31-2024-qld-metro/4.jpg,https://www.catalogueau.com/coles/#catalogue=coles/coles-catalogue-december-25-31-2024-qld-metro/,unit_price,unit_price,1,review
Coles,QLD METRO,"Coles Catalogue December 25 - 31, 2024 QLD METRO",2024-12-25,2025-01-01,4,Nivea Sun Kids Roll On Sunscreen SPF50 65mL*,7.5,15.0,7.5,50.0,half_price,65mL,$11.54 per 100mL,SAVE‘7.50 | WASS15 | Nivea Sun Kids Roll On | Sunscreen SPF50 65mL* | $11.54 per 100mL | 2nd week on sale,93.55,False,,https://caau.syd1.cdn.digitaloceanspaces.com/wp-content/uploads/catalogue/coles/coles-catalogue-december-25-31-2024-qld-metro/4.jpg,https://www.catalogueau.com/coles/#catalogue=coles/coles-catalogue-december-25-31-2024-qld-metro/,save_was_arithmetic,save_was_arithmetic;unit_price,2,verified
Coles,QLD METRO,"Coles Catalogue December 25 - 31, 2024 QLD METRO",2024-12-25,2025-01-01,4,Nivea Sun Ultra Sport Cooling Sunscreen Spray SPF50+ 300mL*,14.0,28.0,14.0,50.0,half_price,300mL,$4.67 per 100mL,SAVES14 | WASS$28 | Nivea Sun Ultra Sport Cooling | Sunscreen Spray SPF50+ | 300mL* $4.67 per 100mL | 2nd week on sale,93.19,False,,https://caau.syd1.cdn.digitaloceanspaces.com/wp-content/uploads/catalogue/coles/coles-catalogue-december-25-31-2024-qld-metro/4.jpg,https://www.catalogueau.com/coles/#catalogue=coles/coles-catalogue-december-25-31-2024-qld-metro/,save_was_arithmetic,displayed_price;save_was_arithmetic;unit_price,3,verified
Coles,QLD METRO,"Coles Catalogue December 25 - 31, 2024 QLD METRO",2024-12-25,2025-01-01,4,Surf Life Saving Sport Sunscreen SPF50+ 200mL*,9.0,18.0,9.0,50.0,half_price,200mL,$4.50 per 100mL,SAVE*9 | WASS18 | Surf Life Saving Sport | Sunscreen SPF50+ 200mL* | $4.50 per 100mL. | 2nd week on sale,92.11,False,,https://caau.syd1.cdn.digitaloceanspaces.com/wp-content/uploads/catalogue/coles/coles-catalogue-december-25-31-2024-qld-metro/4.jpg,https://www.catalogueau.com/coles/#catalogue=coles/coles-catalogue-december-25-31-2024-qld-metro/,save_was_arithmetic,displayed_price;save_was_arithmetic;unit_price,3,verified
Coles,QLD METRO,"Coles Catalogue December 25 - 31, 2024 QLD METRO",2024-12-25,2025-01-01,4,Neutrogena Ultra Sheer Face Sunscreen SPF50 88mL*,11.0,22.0,11.0,50.0,half_price,88mL,$12.50 per 100mL,SAVE*11 | WAS$22 | Neutrogena Ultra Sheer Face | Sunscreen SPF50 88mL* | $12.50 per 100mL | 2nd week on sale,94.09,False,,https://caau.syd1.cdn.digitaloceanspaces.com/wp-content/uploads/catalogue/coles/coles-catalogue-december-25-31-2024-qld-metro/4.jpg,https://www.catalogueau.com/coles/#catalogue=coles/coles-catalogue-december-25-31-2024-qld-metro/,save_was_arithmetic,save_was_arithmetic;unit_price,2,verified
Coles,QLD METRO,"Coles Catalogue December 25 - 31, 2024 QLD METRO",2024-12-25,2025-01-01,4,Ethical Zinc Daily Wear Tinted Sunscreen SPF50+ 100g,12.5,25.0,12.5,50.0,half_price,100g,$12.50 per 100g,SAVE*12.50 | Ethical Zinc Daily Wear Tinted | Sunscreen SPF50+ 100g | $12.50 per 100g | 2nd week on sale | TExcludes Down Down Every Day & clearance items,94.33,True,single_price_evidence,https://caau.syd1.cdn.digitaloceanspaces.com/wp-content/uploads/catalogue/coles/coles-catalogue-december-25-31-2024-qld-metro/4.jpg,https://www.catalogueau.com/coles/#catalogue=coles/coles-catalogue-december-25-31-2024-qld-metro/,unit_price,unit_price,1,review
Coles,QLD METRO,"Coles Catalogue December 25 - 31, 2024 QLD METRO",2024-12-25,2025-01-01,4,Banana Boat Kids Sunscreen Pump SPF50+ 400g,14.0,28.0,14.0,50.0,half_price,400g,$3.50 per 100g,SAVES14 | WAS$28 | Banana Boat Kids Sunscreen | Pump SPF50+ 400g | $3.50 per 100g | 2nd week on sale,94.78,False,,https://caau.syd1.cdn.digitaloceanspaces.com/wp-content/uploads/catalogue/coles/coles-catalogue-december-25-31-2024-qld-metro/4.jpg,https://www.catalogueau.com/coles/#catalogue=coles/coles-catalogue-december-25-31-2024-qld-metro/,save_was_arithmetic,displayed_price;save_was_arithmetic;unit_price,3,verified
Coles,QLD METRO,"Coles Catalogue December 25 - 31, 2024 QLD METRO",2024-12-25,2025-01-01,5,Le Tan Coconut Sunscreen Spray SPF30 250mL*,9.75,19.5,9.75,50.0,half_price,250mL,$3.90 per 100mL,SAVE‘9.75 | WASS19.50 | Le Tan Coconut Sunscreen | Spray SPF30 250mL* | $3.90 per 100mL. | 2nd week on sale,92.67,False,,https://caau.syd1.cdn.digitaloceanspaces.com/wp-content/uploads/catalogue/coles/coles-catalogue-december-25-31-2024-qld-metro/5.jpg,https://www.catalogueau.com/coles/#catalogue=coles/coles-catalogue-december-25-31-2024-qld-metro/,save_was_arithmetic,save_was_arithmetic;unit_price,2,verified
Coles,QLD METRO,"Coles Catalogue December 25 - 31, 2024 QLD METRO",2024-12-25,2025-01-01,5,Cancer Council Ultra Sunscreen Roll On SPF50+ 75mL*,5.5,6.0,0.5,8.33,save_amount,75mL,$7.33 per 100mL,SAVE*5.50 | WASST1 | Cancer Council Ultra | Sunscreen Roll On SPF50+ | 75mL* $7.33 per 100mL. | 2nd week on sale,92.91,True,single_price_evidence,https://caau.syd1.cdn.digitaloceanspaces.com/wp-content/uploads/catalogue/coles/coles-catalogue-december-25-31-2024-qld-metro/5.jpg,https://www.catalogueau.com/coles/#catalogue=coles/coles-catalogue-december-25-31-2024-qld-metro/,unit_price,unit_price,1,review
Coles,QLD METRO,"Coles Catalogue December 25 - 31, 2024 QLD METRO",2024-12-25,2025-01-01,5,Cancer Council Daily Moisturiser Sunscreen SPF50+ 150mL*,10.5,21.0,10.5,50.0,half_price,150mL,$7.00 per 100mL,SAVES10.50 | WASS21 | Cancer Council Daily | Moisturiser Sunscreen SPF50+ | 150mL* $7.00 per 100mL. | 2nd week on sale,92.75,False,,https://caau.syd1.cdn.digitaloceanspaces.com/wp-content/uploads/catalogue/coles/coles-catalogue-december-25-31-2024-qld-metro/5.jpg,https://www.catalogueau.com/coles/#catalogue=coles/coles-catalogue-december-25-31-2024-qld-metro/,save_was_arithmetic,displayed_price;save_was_arithmetic;unit_price,3,verified
Coles,QLD METRO,"Coles Catalogue December 25 - 31, 2024 QLD METRO",2024-12-25,2025-01-01,5,Bondi Sands Express Tanning Foam 200mL,12.5,25.0,12.5,50.0,half_price,200mL,$6.25 per 100mL,SAVE*12.50 | WASS25 | Bondi Sands Express Tanning | Foam 200mL $6.25 per 100mL | 2nd week on sale,94.16,False,,https://caau.syd1.cdn.digitaloceanspaces.com/wp-content/uploads/catalogue/coles/coles-catalogue-december-25-31-2024-qld-metro/5.jpg,https://www.catalogueau.com/coles/#catalogue=coles/coles-catalogue-december-25-31-2024-qld-metro/,save_was_arithmetic,save_was_arithmetic;unit_price,2,verified
Coles,QLD METRO,"Coles Catalogue December 25 - 31, 2024 QLD METRO",2024-12-25,2025-01-01,5,Bali Body Gradual Tan 200mL,13.0,26.0,13.0,50.0,half_price,200mL,$6.50 per 100mL,SAVES13 | WAS$26 | Bali Body Gradual Tan 200mL | $6.50 per 100mL. | 2nd week on sale,95.04,False,,https://caau.syd1.cdn.digitaloceanspaces.com/wp-content/uploads/catalogue/coles/coles-catalogue-december-25-31-2024-qld-metro/5.jpg,https://www.catalogueau.com/coles/#catalogue=coles/coles-catalogue-december-25-31-2024-qld-metro/,save_was_arithmetic,displayed_price;save_was_arithmetic;unit_price,3,verified
Coles,QLD METRO,"Coles Catalogue December 25 - 31, 2024 QLD METRO",2024-12-25,2025-01-01,5,Banana Boat Dry Balance Sunscreen SPF50+ 400g*,14.0,28.0,14.0,50.0,half_price,400g,$3.50 per 100g,SAVE* | WAS$28 | Banana Boat Dry Balance | Sunscreen SPF50+ 400g* | $3.50 per 100g. | 2nd week on sale,93.87,False,,https://caau.syd1.cdn.digitaloceanspaces.com/wp-content/uploads/catalogue/coles/coles-catalogue-december-25-31-2024-qld-metro/5.jpg,https://www.catalogueau.com/coles/#catalogue=coles/coles-catalogue-december-25-31-2024-qld-metro/,displayed_price,displayed_price;page_discount;unit_price,2,verified
Coles,QLD METRO,"Coles Catalogue December 25 - 31, 2024 QLD METRO",2024-12-25,2025-01-01,5,Quick Screen Hydrating Whip Sunscreen SPF50 200g*,20.0,40.0,20.0,50.0,half_price,200g,$10.00 per 100g,SAVES20 | WASS40 | Quick Screen Hydrating Whip | Sunscreen SPF50 200g* | $10.00 per 100g. | 2nd week on sale,93.52,False,,https://caau.syd1.cdn.digitaloceanspaces.com/wp-content/uploads/catalogue/coles/coles-catalogue-december-25-31-2024-qld-metro/5.jpg,https://www.catalogueau.com/coles/#catalogue=coles/coles-catalogue-december-25-31-2024-qld-metro/,save_was_arithmetic,displayed_price;save_was_arithmetic;unit_price,3,verified
Coles,QLD METRO,"Coles Catalogue December 25 - 31, 2024 QLD METRO",2024-12-25,2025-01-01,5,Quick Glow Whipped Gradual Tan Mousse 260g,14.5,29.0,14.5,50.0,half_price,260g,$5.58 per 100g,"SAVE%14.50 | ‘WAS$29 | Quick Glow Whipped | Gradual Tan Mousse 260g | $5.58 per 100g | 2nd week on sale | TExcludes Down Down, Every Day & clearance items",96.02,False,,https://caau.syd1.cdn.digitaloceanspaces.com/wp-content/uploads/catalogue/coles/coles-catalogue-december-25-31-2024-qld-metro/5.jpg,https://www.catalogueau.com/coles/#catalogue=coles/coles-catalogue-december-25-31-2024-qld-metro/,save_was_arithmetic,save_was_arithmetic;unit_price,2,verified
Coles,QLD METRO,"Coles Catalogue December 25 - 31, 2024 QLD METRO",2024-12-25,2025-01-01,5,Dermaveen Sun Sensitive Sunscreen SPF50+ 100g*,9.5,19.0,9.5,50.0,half_price,100g,$9.50 per 100g,Dermaveen Sun Sensitive | Sunscreen SPF50+ 100g* | $9.50 per 100g. | 2nd week on sale,92.92,True,offer_labels_missing;regular_and_save_inferred_from_half_price,https://caau.syd1.cdn.digitaloceanspaces.com/wp-content/uploads/catalogue/coles/coles-catalogue-december-25-31-2024-qld-metro/5.jpg,https://www.catalogueau.com/coles/#catalogue=coles/coles-catalogue-december-25-31-2024-qld-metro/,displayed_price,displayed_price;grid_inference;unit_price,2,review
Coles,QLD METRO,"Coles Catalogue December 25 - 31, 2024 QLD METRO",2024-12-25,2025-01-01,6,Nature's Way Adult Vita Gummies Women's Multivitamin 100 Pack or Multivitamin 120 Pack,12.0,24.0,12.0,50.0,half_price,100 Pack; 120 Pack,,SAVES12 | WASS24 | Nature's Way Adult Vita | Gummies Women's | Multivitamin 100 Pack or | Multivitamin 120 Pack,95.95,False,,https://caau.syd1.cdn.digitaloceanspaces.com/wp-content/uploads/catalogue/coles/coles-catalogue-december-25-31-2024-qld-metro/6.jpg,https://www.catalogueau.com/coles/#catalogue=coles/coles-catalogue-december-25-31-2024-qld-metro/,save_was_arithmetic,displayed_price;save_was_arithmetic,2,verified
Coles,QLD METRO,"Coles Catalogue December 25 - 31, 2024 QLD METRO",2024-12-25,2025-01-01,6,Nature's Way High Strength Magnesium Tablets 150 Pack,12.0,24.0,12.0,50.0,half_price,150 Pack,$8.00 per 100 each,SAVE*12 | ‘WAS§24 | Nature's Way High Strength | Magnesium Tablets 150 Pack | $8.00 per 100 each,96.22,False,,https://caau.syd1.cdn.digitaloceanspaces.com/wp-content/uploads/catalogue/coles/coles-catalogue-december-25-31-2024-qld-metro/6.jpg,https://www.catalogueau.com/coles/#catalogue=coles/coles-catalogue-december-25-31-2024-qld-metro/,save_was_arithmetic,displayed_price;save_was_arithmetic;unit_price,3,verified
Coles,QLD METRO,"Coles Catalogue December 25 - 31, 2024 QLD METRO",2024-12-25,2025-01-01,6,Nature's Way Adult Vita Gummies Probiotic + Prebiotic 65 Pack,12.5,25.0,12.5,50.0,half_price,65 Pack,$19.23 per 100 each,SAVE*12.50 | Nature's Way Adult Vita | Gummies Probiotic + Prebiotic | 65 Pack $19.23 per 100 each,94.97,True,single_price_evidence,https://caau.syd1.cdn.digitaloceanspaces.com/wp-content/uploads/catalogue/coles/coles-catalogue-december-25-31-2024-qld-metro/6.jpg,https://www.catalogueau.com/coles/#catalogue=coles/coles-catalogue-december-25-31-2024-qld-metro/,unit_price,unit_price,1,review
Coles,QLD METRO,"Coles Catalogue December 25 - 31, 2024 QLD METRO",2024-12-25,2025-01-01,6,Nature's Way Adult Vita Gummies Hair Skin Nails 150 Pack,20.0,40.0,20.0,50.0,half_price,150 Pack,$13.33 per 100 each,SAVE‘20 {= | | Nature's Way Adult Vita | Gummies Hair Skin Nails | 150 Pack $13.33 per 100 each,95.42,True,single_price_evidence,https://caau.syd1.cdn.digitaloceanspaces.com/wp-content/uploads/catalogue/coles/coles-catalogue-december-25-31-2024-qld-metro/6.jpg,https://www.catalogueau.com/coles/#catalogue=coles/coles-catalogue-december-25-31-2024-qld-metro/,unit_price,unit_price,1,review
Coles,QLD METRO,"Coles Catalogue December 25 - 31, 2024 QLD METRO",2024-12-25,2025-01-01,6,Blackmores Probiotics+ Daily Health Capsules 30 Pack,17.5,35.0,17.5,50.0,half_price,30 Pack,$58.33 per 100 each,SAVE*17.50 | Blackmores Probiotics+ Daily | Health Capsules 30 Pack | $58.33 per 100 each,94.91,True,single_price_evidence,https://caau.syd1.cdn.digitaloceanspaces.com/wp-content/uploads/catalogue/coles/coles-catalogue-december-25-31-2024-qld-metro/6.jpg,https://www.catalogueau.com/coles/#catalogue=coles/coles-catalogue-december-25-31-2024-qld-metro/,unit_price,unit_price,1,review
Coles,QLD METRO,"Coles Catalogue December 25 - 31, 2024 QLD METRO",2024-12-25,2025-01-01,6,"Blackmores Nails, Hair & Skin Tablets 120 Pack",17.5,35.0,17.5,50.0,half_price,120 Pack,$14.58 per 100 each,"SAVES17.50 | WASS. | Blackmores Nails, Hair & Skin | Tablets 120 Pack | $14.58 per 100 each",95.79,True,single_price_evidence,https://caau.syd1.cdn.digitaloceanspaces.com/wp-content/uploads/catalogue/coles/coles-catalogue-december-25-31-2024-qld-metro/6.jpg,https://www.catalogueau.com/coles/#catalogue=coles/coles-catalogue-december-25-31-2024-qld-metro/,unit_price,unit_price,1,review
Coles,QLD METRO,"Coles Catalogue December 25 - 31, 2024 QLD METRO",2024-12-25,2025-01-01,6,Blackmores Omega Mini Double Concentrate Capsules 200 Pack,19.0,38.0,19.0,50.0,half_price,200 Pack,$9.50 per 100 each,SAVE°19 | WAS$38 | Blackmores Omega Mini | Double Concentrate Capsules | 200 Pack $9.50 per 100 each,96.39,False,,https://caau.syd1.cdn.digitaloceanspaces.com/wp-content/uploads/catalogue/coles/coles-catalogue-december-25-31-2024-qld-metro/6.jpg,https://www.catalogueau.com/coles/#catalogue=coles/coles-catalogue-december-25-31-2024-qld-metro/,save_was_arithmetic,displayed_price;save_was_arithmetic;unit_price,3,verified
Coles,QLD METRO,"Coles Catalogue December 25 - 31, 2024 QLD METRO",2024-12-25,2025-01-01,6,Blackmores Executive B Stress Formula Tablets 125 Pack,20.0,40.0,20.0,50.0,half_price,125 Pack,$16.00 per 100 each,"SAVE520 | WASS40, | Blackmores Executive B Stress | Formula Tablets 125 Pack | $16.00 per 100 each",94.41,False,,https://caau.syd1.cdn.digitaloceanspaces.com/wp-content/uploads/catalogue/coles/coles-catalogue-december-25-31-2024-qld-metro/6.jpg,https://www.catalogueau.com/coles/#catalogue=coles/coles-catalogue-december-25-31-2024-qld-metro/,displayed_price,displayed_price;unit_price,2,verified
Coles,QLD METRO,"Coles Catalogue December 25 - 31, 2024 QLD METRO",2024-12-25,2025-01-01,6,Blackmores Super Magnesium+ Tablets 180 Pack,22.5,45.0,22.5,50.0,half_price,180 Pack,$12.50 per 100,SAVE*22.50 | WASS45 | Blackmores Super | Magnesium+ Tablets 180 Pack | $12.50 per 100 eac! | This medicine may not be right for you. Read the label before purchase. Follow the directions for use. If symptoms,95.34,True,single_price_evidence,https://caau.syd1.cdn.digitaloceanspaces.com/wp-content/uploads/catalogue/coles/coles-catalogue-december-25-31-2024-qld-metro/6.jpg,https://www.catalogueau.com/coles/#catalogue=coles/coles-catalogue-december-25-31-2024-qld-metro/,save_was_arithmetic,save_was_arithmetic,1,review
Coles,QLD METRO,"Coles Catalogue December 25 - 31, 2024 QLD METRO",2024-12-25,2025-01-01,6,Blackmores Fish Oil 1000mg Capsules 400 Pack,27.5,55.0,27.5,50.0,half_price,400 Pack,$6.88 per 100 each,SAVES27.50 | Blackmores Fish Oil 1000mg | Capsules 400 Pack | $6.88 per 100 each,95.54,True,single_price_evidence,https://caau.syd1.cdn.digitaloceanspaces.com/wp-content/uploads/catalogue/coles/coles-catalogue-december-25-31-2024-qld-metro/6.jpg,https://www.catalogueau.com/coles/#catalogue=coles/coles-catalogue-december-25-31-2024-qld-metro/,unit_price,unit_price,1,review
Coles,QLD METRO,"Coles Catalogue December 25 - 31, 2024 QLD METRO",2024-12-25,2025-01-01,6,Nature's Way Kids Smart Vita Gummies Multi-Vitamin Plus or Vitamin C + Zinc 120 Pack,15.0,30.0,15.0,50.0,half_price,120 Pack,$12.50 per 100 each,Nature's Way Kids Smart Vita | Gummies Multi-Vitamin Plus or | Vitamin C + Zinc 120 Pack | $12.50 per 100 each,93.95,False,,https://caau.syd1.cdn.digitaloceanspaces.com/wp-content/uploads/catalogue/coles/coles-catalogue-december-25-31-2024-qld-metro/6.jpg,https://www.catalogueau.com/coles/#catalogue=coles/coles-catalogue-december-25-31-2024-qld-metro/,displayed_price,displayed_price;unit_price,2,verified
Coles,QLD METRO,"Coles Catalogue December 25 - 31, 2024 QLD METRO",2024-12-25,2025-01-01,7,Vanish Napisan Oxi Action Gold Pro Stain Remover 2kg,18.0,36.0,18.0,50.0,half_price,2kg,$9.00 per kg,SAVE 518 | Vanish Napisan Oxi Action | Gold Pro Stain Remover 2kg | $9.00 per kg,94.44,False,,https://caau.syd1.cdn.digitaloceanspaces.com/wp-content/uploads/catalogue/coles/coles-catalogue-december-25-31-2024-qld-metro/7.jpg,https://www.catalogueau.com/coles/#catalogue=coles/coles-catalogue-december-25-31-2024-qld-metro/,displayed_price,displayed_price;unit_price,2,verified
Coles,QLD METRO,"Coles Catalogue December 25 - 31, 2024 QLD METRO",2024-12-25,2025-01-01,7,Biozet Attack Plus Laundry Liquid 2 Litre or Powder 2kg,13.0,26.0,13.0,50.0,half_price,2 Litre; 2kg,,SAVE*13 | WAS$26 | Biozet Attack Plus Laundry | Liquid 2 Litre or Powder 2kg,95.26,False,,https://caau.syd1.cdn.digitaloceanspaces.com/wp-content/uploads/catalogue/coles/coles-catalogue-december-25-31-2024-qld-metro/7.jpg,https://www.catalogueau.com/coles/#catalogue=coles/coles-catalogue-december-25-31-2024-qld-metro/,save_was_arithmetic,displayed_price;save_was_arithmetic,2,verified
Coles,QLD METRO,"Coles Catalogue December 25 - 31, 2024 QLD METRO",2024-12-25,2025-01-01,7,Downy Concentrate Fabric Conditioner 800mL,6.5,13.0,6.5,50.0,half_price,800mL,$8.13 per litre,SAVE°6.50 | WASS13 | Downy Concentrate Fabric | Conditioner 800mL | $8.13 per litre | SMEG | Bonus,94.67,False,,https://caau.syd1.cdn.digitaloceanspaces.com/wp-content/uploads/catalogue/coles/coles-catalogue-december-25-31-2024-qld-metro/7.jpg,https://www.catalogueau.com/coles/#catalogue=coles/coles-catalogue-december-25-31-2024-qld-metro/,save_was_arithmetic,displayed_price;save_was_arithmetic;unit_price,3,verified
Coles,QLD METRO,"Coles Catalogue December 25 - 31, 2024 QLD METRO",2024-12-25,2025-01-01,7,Downy Unstopables Beads 422g,15.5,31.0,15.5,50.0,half_price,422g,$36.73 per kg,SAVE 15.50 | WASS31 | Downy Unstopables | Beads 422g | $36.73 per kg,94.45,False,,https://caau.syd1.cdn.digitaloceanspaces.com/wp-content/uploads/catalogue/coles/coles-catalogue-december-25-31-2024-qld-metro/7.jpg,https://www.catalogueau.com/coles/#catalogue=coles/coles-catalogue-december-25-31-2024-qld-metro/,save_was_arithmetic,save_was_arithmetic;unit_price,2,verified
Coles,QLD METRO,"Coles Catalogue December 25 - 31, 2024 QLD METRO",2024-12-25,2025-01-01,7,Air Wick Essential Oils Reed Diffuser 30mL,7.0,14.0,7.0,50.0,half_price,30mL,,SAVES7 | WASS14 | Air Wick Essential Oils | Reed Diffuser 30mL | $2.33 per 10mL,94.8,False,,https://caau.syd1.cdn.digitaloceanspaces.com/wp-content/uploads/catalogue/coles/coles-catalogue-december-25-31-2024-qld-metro/7.jpg,https://www.catalogueau.com/coles/#catalogue=coles/coles-catalogue-december-25-31-2024-qld-metro/,save_was_arithmetic,displayed_price;save_was_arithmetic,2,verified
Coles,QLD METRO,"Coles Catalogue December 25 - 31, 2024 QLD METRO",2024-12-25,2025-01-01,7,Mortein PowerGard Crawling Insect Surface Spray Barrier Outdoor 350g,8.75,17.5,8.75,50.0,half_price,350g,$2.50 per 100g,SAVES8.75 | WASS17.50 | Mortein PowerGard Crawling | Insect Surface Spray Barrier | Outdoor 350g $2.50 per 100g,95.29,False,,https://caau.syd1.cdn.digitaloceanspaces.com/wp-content/uploads/catalogue/coles/coles-catalogue-december-25-31-2024-qld-metro/7.jpg,https://www.catalogueau.com/coles/#catalogue=coles/coles-catalogue-december-25-31-2024-qld-metro/,save_was_arithmetic,displayed_price;save_was_arithmetic;unit_price,3,verified
Coles,QLD METRO,"Coles Catalogue December 25 - 31, 2024 QLD METRO",2024-12-25,2025-01-01,7,Mortein PowerGard Indoor & Outdoor Automatic Insect,20.0,40.0,20.0,50.0,half_price,,,SAVE‘S20 | WASS40 | Mortein PowerGard Indoor | & Outdoor Automatic Insect | Spray 1 Pac | *See page 28 for T&Cs,94.76,False,,https://caau.syd1.cdn.digitaloceanspaces.com/wp-content/uploads/catalogue/coles/coles-catalogue-december-25-31-2024-qld-metro/7.jpg,https://www.catalogueau.com/coles/#catalogue=coles/coles-catalogue-december-25-31-2024-qld-metro/,save_was_arithmetic,displayed_price;save_was_arithmetic,2,verified
Coles,QLD METRO,"Coles Catalogue December 25 - 31, 2024 QLD METRO",2024-12-25,2025-01-01,7,Aerogard Insect Repellent Aerosol Tro,6.0,12.0,6.0,50.0,half_price,,$4.00 per 100g,SAVE*6 | WASSI2 | Aerogard Insect Repellent | Aerosol Tro | ical Strength | 50g $4.00 per 100g,95.45,True,single_price_evidence,https://caau.syd1.cdn.digitaloceanspaces.com/wp-content/uploads/catalogue/coles/coles-catalogue-december-25-31-2024-qld-metro/7.jpg,https://www.catalogueau.com/coles/#catalogue=coles/coles-catalogue-december-25-31-2024-qld-metro/,save_was_arithmetic,save_was_arithmetic,1,review
Coles,QLD METRO,"Coles Catalogue December 25 - 31, 2024 QLD METRO",2024-12-25,2025-01-01,7,Dynamo Professional 7 In 1 Laundry Liquid 2 Litre,14.5,29.0,14.5,50.0,half_price,2 Litre,$7.25 per litre,Dynamo Professional | 7 In 1 Laundry Liquid 2 Litre | $7.25 per litre,94.61,True,offer_labels_missing;regular_and_save_inferred_from_half_price,https://caau.syd1.cdn.digitaloceanspaces.com/wp-content/uploads/catalogue/coles/coles-catalogue-december-25-31-2024-qld-metro/7.jpg,https://www.catalogueau.com/coles/#catalogue=coles/coles-catalogue-december-25-31-2024-qld-metro/,displayed_price,displayed_price;grid_inference;unit_price,2,review
Coles,QLD METRO,"Coles Catalogue December 25 - 31, 2024 QLD METRO",2024-12-25,2025-01-01,8,Coles Finest Australian No Added Hormones Beef Brisket Burgers 600g,9.0,11.0,2.0,18.18,save_amount,600g,$15.00 per kg,WASS11 | WASS11 | Coles Finest Australian No Added Hormones | Beef Brisket Burgers 600g $15.00 per kg. | Product sold uncooked. *See page 28 forT&Cs — | th,96.18,True,single_price_evidence,https://caau.syd1.cdn.digitaloceanspaces.com/wp-content/uploads/catalogue/coles/coles-catalogue-december-25-31-2024-qld-metro/8.jpg,https://www.catalogueau.com/coles/#catalogue=coles/coles-catalogue-december-25-31-2024-qld-metro/,unit_price,unit_price,1,review
Coles,QLD METRO,"Coles Catalogue December 25 - 31, 2024 QLD METRO",2024-12-25,2025-01-01,8,Coles Double Cream Camembert 200g,4.95,5.5,0.55,10.0,save_amount,200g,$24.75 per kg,WASS5.50 | WASS5.50 | Coles Double Cream | Camembert 200g | $24.75 per kg | y.,96.58,False,,https://caau.syd1.cdn.digitaloceanspaces.com/wp-content/uploads/catalogue/coles/coles-catalogue-december-25-31-2024-qld-metro/8.jpg,https://www.catalogueau.com/coles/#catalogue=coles/coles-catalogue-december-25-31-2024-qld-metro/,displayed_price,displayed_price;unit_price,2,verified
Coles,QLD METRO,"Coles Catalogue December 25 - 31, 2024 QLD METRO",2024-12-25,2025-01-01,8,Peckish Fancies Rice Crackers 90g,2.0,3.0,1.0,33.33,save_amount,90g,$2.22 per 100g,WAS$3 | WAS$3 | Peckish Fancies | Rice Crackers 90g | $2.22 per 100g,94.42,False,,https://caau.syd1.cdn.digitaloceanspaces.com/wp-content/uploads/catalogue/coles/coles-catalogue-december-25-31-2024-qld-metro/8.jpg,https://www.catalogueau.com/coles/#catalogue=coles/coles-catalogue-december-25-31-2024-qld-metro/,displayed_price,displayed_price;unit_price,2,verified
Coles,QLD METRO,"Coles Catalogue December 25 - 31, 2024 QLD METRO",2024-12-25,2025-01-01,8,MasterFoods Squeeze Tomato or Barbecue Sauce 475mL-500mL,6.0,,,,special,475mL; 500mL,,MasterFoods Squeeze | Tomato or Barbecue | Sauce 475mL-500mL | *See page 28 forT&Cs,94.26,True,offer_labels_missing;save_amount_missing;regular_price_missing;single_price_evidence,https://caau.syd1.cdn.digitaloceanspaces.com/wp-content/uploads/catalogue/coles/coles-catalogue-december-25-31-2024-qld-metro/8.jpg,https://www.catalogueau.com/coles/#catalogue=coles/coles-catalogue-december-25-31-2024-qld-metro/,displayed_price,displayed_price,1,review
Coles,QLD METRO,"Coles Catalogue December 25 - 31, 2024 QLD METRO",2024-12-25,2025-01-01,8,Coles Special Burger Slaw Slaw 440g,3.5,,,,special,440g,$7.95 per kg,Coles Special Burger | Slaw | Slaw 440g | $7.95 per kg | y. | Qeckish,79.0,True,low_name_confidence_strict,https://caau.syd1.cdn.digitaloceanspaces.com/wp-content/uploads/catalogue/coles/coles-catalogue-december-25-31-2024-qld-metro/8.jpg,https://www.catalogueau.com/coles/#catalogue=coles/coles-catalogue-december-25-31-2024-qld-metro/,displayed_price,displayed_price;unit_price,2,review
Coles,QLD METRO,"Coles Catalogue December 25 - 31, 2024 QLD METRO",2024-12-25,2025-01-01,8,Coles Burger Sauce 360g,3.2,,,,special,360g,$0.89 per 100g,Coles Burger Sauce | 360g $0.89 per 100g | ar),96.47,False,,https://caau.syd1.cdn.digitaloceanspaces.com/wp-content/uploads/catalogue/coles/coles-catalogue-december-25-31-2024-qld-metro/8.jpg,https://www.catalogueau.com/coles/#catalogue=coles/coles-catalogue-december-25-31-2024-qld-metro/,displayed_price,displayed_price;unit_price,2,verified
Coles,QLD METRO,"Coles Catalogue December 25 - 31, 2024 QLD METRO",2024-12-25,2025-01-01,8,Coles Special Burger Pickles 500g,3.0,,,,special,500g,$6.00 per kg,Coles Special Burger | Pickles 500g $6.00 per kg,96.52,False,,https://caau.syd1.cdn.digitaloceanspaces.com/wp-content/uploads/catalogue/coles/coles-catalogue-december-25-31-2024-qld-metro/8.jpg,https://www.catalogueau.com/coles/#catalogue=coles/coles-catalogue-december-25-31-2024-qld-metro/,displayed_price,displayed_price;unit_price,2,verified
Coles,QLD METRO,"Coles Catalogue December 25 - 31, 2024 QLD METRO",2024-12-25,2025-01-01,8,Smith's Crinkle Cut Potato Chips or Doritos Corn Chips 150g-170g,6.0,,,,special,150g; 170g,,Smith's Crinkle Cut | Potato Chips or Doritos | Corn Chips 150g-170g,79.0,True,offer_labels_missing;save_amount_missing;regular_price_missing;low_name_confidence_strict;single_price_evidence,https://caau.syd1.cdn.digitaloceanspaces.com/wp-content/uploads/catalogue/coles/coles-catalogue-december-25-31-2024-qld-metro/8.jpg,https://www.catalogueau.com/coles/#catalogue=coles/coles-catalogue-december-25-31-2024-qld-metro/,displayed_price,displayed_price,1,review
Coles,QLD METRO,"Coles Catalogue December 25 - 31, 2024 QLD METRO",2024-12-25,2025-01-01,9,Hans Twiggy Sticks 500g,11.0,16.0,5.0,31.25,save_amount,500g,$22.00 per kg,WASS16 | WASS16 | Hans Twiggy Sticks 500g | $22.00 per kg. | Selected stores only* | On sale for 2 weeks,96.48,False,,https://caau.syd1.cdn.digitaloceanspaces.com/wp-content/uploads/catalogue/coles/coles-catalogue-december-25-31-2024-qld-metro/9.jpg,https://www.catalogueau.com/coles/#catalogue=coles/coles-catalogue-december-25-31-2024-qld-metro/,displayed_price,displayed_price;unit_price,2,verified
Coles,QLD METRO,"Coles Catalogue December 25 - 31, 2024 QLD METRO",2024-12-25,2025-01-01,9,Coles Queensland Thawed Raw Extra Large,27.0,33.0,6.0,18.18,save_amount,,,WAS $33iq | WAS $33iq | Coles Queensland | Thawed Raw Extra Large | Black Tiger Prawns | Selected stores only* | Pa,94.01,True,single_price_evidence,https://caau.syd1.cdn.digitaloceanspaces.com/wp-content/uploads/catalogue/coles/coles-catalogue-december-25-31-2024-qld-metro/9.jpg,https://www.catalogueau.com/coles/#catalogue=coles/coles-catalogue-december-25-31-2024-qld-metro/,displayed_price,displayed_price,1,review
Coles,QLD METRO,"Coles Catalogue December 25 - 31, 2024 QLD METRO",2024-12-25,2025-01-01,9,Pepsi or Solo Soft Drink 1.25 Litre,1.8,3.3,1.5,45.45,save_amount,1.25 Litre,$1.44 per litre,WAS$3.30 | WAS$3.30 | Pepsi or Solo Soft Drink | 1.25 Litre $1.44 per litre,96.68,True,single_price_evidence,https://caau.syd1.cdn.digitaloceanspaces.com/wp-content/uploads/catalogue/coles/coles-catalogue-december-25-31-2024-qld-metro/9.jpg,https://www.catalogueau.com/coles/#catalogue=coles/coles-catalogue-december-25-31-2024-qld-metro/,unit_price,unit_price,1,review
Coles,QLD METRO,"Coles Catalogue December 25 - 31, 2024 QLD METRO",2024-12-25,2025-01-01,9,Sakata Rice Crackers 80g-90g,4.05,21.1,17.05,80.81,save_amount,80g; 90g,,WAS$2110 | WAS$2110 | Sakata Rice Crackers | 80g-90g | *For locations of Deli counter stores visit coles.com.au/range-availability,79.0,True,low_name_confidence_strict;single_price_evidence,https://caau.syd1.cdn.digitaloceanspaces.com/wp-content/uploads/catalogue/coles/coles-catalogue-december-25-31-2024-qld-metro/9.jpg,https://www.catalogueau.com/coles/#catalogue=coles/coles-catalogue-december-25-31-2024-qld-metro/,displayed_price,displayed_price,1,review
Coles,QLD METRO,"Coles Catalogue December 25 - 31, 2024 QLD METRO",2024-12-25,2025-01-01,9,Coles Pre-Packed Antipasto 110g-135g,6.0,,,,special,110g; 135g,,Coles Pre-Packed | Antipasto 110g-135g | Selected stores only* | KY | 4 + | Fa,92.23,True,offer_labels_missing;save_amount_missing;regular_price_missing;single_price_evidence,https://caau.syd1.cdn.digitaloceanspaces.com/wp-content/uploads/catalogue/coles/coles-catalogue-december-25-31-2024-qld-metro/9.jpg,https://www.catalogueau.com/coles/#catalogue=coles/coles-catalogue-december-25-31-2024-qld-metro/,displayed_price,displayed_price,1,review
Coles,QLD METRO,"Coles Catalogue December 25 - 31, 2024 QLD METRO",2024-12-25,2025-01-01,9,Coles Kitchen Cheesy Garlic Pull Apart 350g or Cheesy Garlic Bread Bites 200g,5.0,,,,special,350g; 200g,,Coles Kitchen Cheesy | Garlic Pull Apart 350g or | Cheesy Garlic Bread Bites | 200g,96.47,True,offer_labels_missing;save_amount_missing;regular_price_missing;single_price_evidence,https://caau.syd1.cdn.digitaloceanspaces.com/wp-content/uploads/catalogue/coles/coles-catalogue-december-25-31-2024-qld-metro/9.jpg,https://www.catalogueau.com/coles/#catalogue=coles/coles-catalogue-december-25-31-2024-qld-metro/,displayed_price,displayed_price,1,review
Coles,QLD METRO,"Coles Catalogue December 25 - 31, 2024 QLD METRO",2024-12-25,2025-01-01,9,Coles Kitchen Family Tray Bake 1.4kg,22.0,,,,special,1.4kg,$1.57 per 100g,Coles Kitchen Family | Tray Bake 1.4kg | $1.57 per 100g,95.2,True,offer_labels_missing;save_amount_missing;regular_price_missing;single_price_evidence,https://caau.syd1.cdn.digitaloceanspaces.com/wp-content/uploads/catalogue/coles/coles-catalogue-december-25-31-2024-qld-metro/9.jpg,https://www.catalogueau.com/coles/#catalogue=coles/coles-catalogue-december-25-31-2024-qld-metro/,displayed_price,displayed_price,1,review
Coles,QLD METRO,"Coles Catalogue December 25 - 31, 2024 QLD METRO",2024-12-25,2025-01-01,10,CROWS Coles Australian Lamb Cutlets,4.15,43.0,38.85,90.35,save_amount,,,CROWS | Coles Australian Lamb Cutlets | On sale for 2 weeks,75.78,True,offer_labels_missing;low_name_confidence_strict;single_price_evidence,https://caau.syd1.cdn.digitaloceanspaces.com/wp-content/uploads/catalogue/coles/coles-catalogue-december-25-31-2024-qld-metro/10.jpg,https://www.catalogueau.com/coles/#catalogue=coles/coles-catalogue-december-25-31-2024-qld-metro/,displayed_price,displayed_price,1,review
Coles,QLD METRO,"Coles Catalogue December 25 - 31, 2024 QLD METRO",2024-12-25,2025-01-01,10,Coles Australian No Added Hormones Beef Sizzle Steak 400g,11.0,13.0,2.0,15.38,save_amount,400g,$27.50 per kg,WASS13 | WASS13 | Coles Australian No Added | Hormones Beef Sizzle Steak 400g | $27.50 per kg,96.29,False,,https://caau.syd1.cdn.digitaloceanspaces.com/wp-content/uploads/catalogue/coles/coles-catalogue-december-25-31-2024-qld-metro/10.jpg,https://www.catalogueau.com/coles/#catalogue=coles/coles-catalogue-december-25-31-2024-qld-metro/,displayed_price,displayed_price;unit_price,2,verified
Coles,QLD METRO,"Coles Catalogue December 25 - 31, 2024 QLD METRO",2024-12-25,2025-01-01,10,Coles RSPCA Approved Chicken Portions with BBQ Rub,7.0,,,,special,,,Coles RSPCA Approved Chicken | Portions with BBQ Rub,96.43,True,offer_labels_missing;save_amount_missing;regular_price_missing;inferred_price_requires_review,https://caau.syd1.cdn.digitaloceanspaces.com/wp-content/uploads/catalogue/coles/coles-catalogue-december-25-31-2024-qld-metro/10.jpg,https://www.catalogueau.com/coles/#catalogue=coles/coles-catalogue-december-25-31-2024-qld-metro/,displayed_price,displayed_price;grid_inference,1,review
Coles,QLD METRO,"Coles Catalogue December 25 - 31, 2024 QLD METRO",2024-12-25,2025-01-01,10,Coles RSPCA Approved Chicken Kebabs Honey & Soy 375g,7.0,,,,special,375g,$18.67 per kg,Coles RSPCA Approved Chicken | Kebabs Honey & Soy 375g | $18.67 per kg | QLD METRO-2512-24-312231,96.08,False,,https://caau.syd1.cdn.digitaloceanspaces.com/wp-content/uploads/catalogue/coles/coles-catalogue-december-25-31-2024-qld-metro/10.jpg,https://www.catalogueau.com/coles/#catalogue=coles/coles-catalogue-december-25-31-2024-qld-metro/,displayed_price,displayed_price;unit_price,2,verified
Coles,QLD METRO,"Coles Catalogue December 25 - 31, 2024 QLD METRO",2024-12-25,2025-01-01,10,Coles Finest Sausages 450g-500g,15.0,,,,special,450g; 500g,,Coles Finest Sausages 450g-500g | *See page 28 for T&Cs,94.08,True,offer_labels_missing;save_amount_missing;regular_price_missing;single_price_evidence,https://caau.syd1.cdn.digitaloceanspaces.com/wp-content/uploads/catalogue/coles/coles-catalogue-december-25-31-2024-qld-metro/10.jpg,https://www.catalogueau.com/coles/#catalogue=coles/coles-catalogue-december-25-31-2024-qld-metro/,displayed_price,displayed_price,1,review
Coles,QLD METRO,"Coles Catalogue December 25 - 31, 2024 QLD METRO",2024-12-25,2025-01-01,11,Coles Australian No Added Hormones Beef Scotch Fillet Steak 2 Pack 480g,18.0,20.0,2.0,10.0,save_amount,2 Pack; 480g,$37.50 per kg,WAS$20 | WAS$20 | Coles Australian No Added | Hormones Beef Scotch Fillet | Steak 2 Pack 480g | $37.50 per kg. | Product sold uncooked,96.07,False,,https://caau.syd1.cdn.digitaloceanspaces.com/wp-content/uploads/catalogue/coles/coles-catalogue-december-25-31-2024-qld-metro/11.jpg,https://www.catalogueau.com/coles/#catalogue=coles/coles-catalogue-december-25-31-2024-qld-metro/,displayed_price,displayed_price;unit_price,2,verified
Coles,QLD METRO,"Coles Catalogue December 25 - 31, 2024 QLD METRO",2024-12-25,2025-01-01,11,Coles Australian Pork & Beef 3 Star Regular Mince Bolognese 500g,5.5,6.5,1.0,15.38,save_amount,500g,$11.00 per kg,WASS6.50 | WASS6.50 | Coles Australian Pork & Beef | 3 Star Regular Mince Bolognese | 500g $11.00 per kg | 4,95.93,False,,https://caau.syd1.cdn.digitaloceanspaces.com/wp-content/uploads/catalogue/coles/coles-catalogue-december-25-31-2024-qld-metro/11.jpg,https://www.catalogueau.com/coles/#catalogue=coles/coles-catalogue-december-25-31-2024-qld-metro/,displayed_price,displayed_price;unit_price,2,verified
Coles,QLD METRO,"Coles Catalogue December 25 - 31, 2024 QLD METRO",2024-12-25,2025-01-01,11,Coles Australian Pork Sirloin Steak 500g,9.5,11.5,2.0,17.39,save_amount,500g,$19.00 per kg,WASS11.50 | WASS11.50 | Coles Australian Pork Sirloin Steak | 500g $19.00 per kg | eS | eerie | BEEF,96.43,False,,https://caau.syd1.cdn.digitaloceanspaces.com/wp-content/uploads/catalogue/coles/coles-catalogue-december-25-31-2024-qld-metro/11.jpg,https://www.catalogueau.com/coles/#catalogue=coles/coles-catalogue-december-25-31-2024-qld-metro/,displayed_price,displayed_price;unit_price,2,verified
Coles,QLD METRO,"Coles Catalogue December 25 - 31, 2024 QLD METRO",2024-12-25,2025-01-01,11,Coles RSPCA Approved Big Chicken 3.2kg,15.0,18.0,3.0,16.67,save_amount,3.2kg,$4.69 per kg,WASS18 | WASS18 | Coles RSPCA Approved Big | Chicken 3.2kg $4.69 per kg,95.57,False,,https://caau.syd1.cdn.digitaloceanspaces.com/wp-content/uploads/catalogue/coles/coles-catalogue-december-25-31-2024-qld-metro/11.jpg,https://www.catalogueau.com/coles/#catalogue=coles/coles-catalogue-december-25-31-2024-qld-metro/,displayed_price,displayed_price;unit_price,2,verified
Coles,QLD METRO,"Coles Catalogue December 25 - 31, 2024 QLD METRO",2024-12-25,2025-01-01,11,Coles RSPCA Approved Chicken Boneless Herb & Garlic 1kg,11.7,13.0,1.3,10.0,save_amount,1kg,$11.70 per kg,WASS13 | WASS13 | Coles RSPCA Approved Chicken | Boneless Herb & Garlic 1kg | $11.70 per kg | =,94.86,False,,https://caau.syd1.cdn.digitaloceanspaces.com/wp-content/uploads/catalogue/coles/coles-catalogue-december-25-31-2024-qld-metro/11.jpg,https://www.catalogueau.com/coles/#catalogue=coles/coles-catalogue-december-25-31-2024-qld-metro/,displayed_price,displayed_price;unit_price,2,verified
Coles,QLD METRO,"Coles Catalogue December 25 - 31, 2024 QLD METRO",2024-12-25,2025-01-01,11,Coles Beef or Lamb Kebabs 450g,7.5,8.5,1.0,11.76,save_amount,450g,$16.67 per kg,WASS8.50 | WASS8.50 | Coles Beef or Lamb Kebabs | 450g $16.67 per kg. | On sale for 2 weeks | t,96.42,True,single_price_evidence,https://caau.syd1.cdn.digitaloceanspaces.com/wp-content/uploads/catalogue/coles/coles-catalogue-december-25-31-2024-qld-metro/11.jpg,https://www.catalogueau.com/coles/#catalogue=coles/coles-catalogue-december-25-31-2024-qld-metro/,unit_price,unit_price,1,review
Coles,QLD METRO,"Coles Catalogue December 25 - 31, 2024 QLD METRO",2024-12-25,2025-01-01,11,Coles Australian Lamb Butterflied Shoulder with,20.0,244.0,224.0,91.8,save_amount,,,WAS § 244g | WAS § 244g | Coles Australian Lamb | Butterflied Shoulder with | Smokey Marinade | Product sold uncooked | QLD METRO-2512-24-312231,95.62,True,single_price_evidence,https://caau.syd1.cdn.digitaloceanspaces.com/wp-content/uploads/catalogue/coles/coles-catalogue-december-25-31-2024-qld-metro/11.jpg,https://www.catalogueau.com/coles/#catalogue=coles/coles-catalogue-december-25-31-2024-qld-metro/,displayed_price,displayed_price,1,review
Coles,QLD METRO,"Coles Catalogue December 25 - 31, 2024 QLD METRO",2024-12-25,2025-01-01,11,Coles Made Easy Slow Cooked Lamb Shoulder 550g,12.0,,,,special,550g,$21.82 per kg,Coles Made Easy Slow Cooked | Lamb Shoulder 550g | $21.82 per kg,96.38,False,,https://caau.syd1.cdn.digitaloceanspaces.com/wp-content/uploads/catalogue/coles/coles-catalogue-december-25-31-2024-qld-metro/11.jpg,https://www.catalogueau.com/coles/#catalogue=coles/coles-catalogue-december-25-31-2024-qld-metro/,displayed_price,displayed_price;unit_price,2,verified
Coles,QLD METRO,"Coles Catalogue December 25 - 31, 2024 QLD METRO",2024-12-25,2025-01-01,12,Coles Australian Baby Broccoli Bunch Single sell for,5.0,,,,special,,,Coles Australian Baby Broccoli | Bunch Single sell for $3.00. | $2.50 each when you buy 2 | $2. | 12,79.0,True,offer_labels_missing;save_amount_missing;regular_price_missing;low_name_confidence_strict;single_price_evidence,https://caau.syd1.cdn.digitaloceanspaces.com/wp-content/uploads/catalogue/coles/coles-catalogue-december-25-31-2024-qld-metro/12.jpg,https://www.catalogueau.com/coles/#catalogue=coles/coles-catalogue-december-25-31-2024-qld-metro/,displayed_price,displayed_price,1,review
Coles,QLD METRO,"Coles Catalogue December 25 - 31, 2024 QLD METRO",2024-12-25,2025-01-01,12,Australian Yellow or White Peaches,3.0,,,,special,,,Australian Yellow or | White Peaches | QLD-METRO-251 2-24-31 2231 | al | 31,79.0,True,offer_labels_missing;save_amount_missing;regular_price_missing;low_name_confidence_strict;single_price_evidence,https://caau.syd1.cdn.digitaloceanspaces.com/wp-content/uploads/catalogue/coles/coles-catalogue-december-25-31-2024-qld-metro/12.jpg,https://www.catalogueau.com/coles/#catalogue=coles/coles-catalogue-december-25-31-2024-qld-metro/,displayed_price,displayed_price,1,review
Coles,QLD METRO,"Coles Catalogue December 25 - 31, 2024 QLD METRO",2024-12-25,2025-01-01,13,Australian Blueberries 170g Punnet,2.0,,,,special,170g,$11.77 per kg,Australian Blueberries 170g Punnet | $11.77 per kg | a.,95.15,True,single_price_evidence,https://caau.syd1.cdn.digitaloceanspaces.com/wp-content/uploads/catalogue/coles/coles-catalogue-december-25-31-2024-qld-metro/13.jpg,https://www.catalogueau.com/coles/#catalogue=coles/coles-catalogue-december-25-31-2024-qld-metro/,unit_price,unit_price,1,review
Coles,QLD METRO,"Coles Catalogue December 25 - 31, 2024 QLD METRO",2024-12-25,2025-01-01,13,Coles Australian Carisma Washed Potatoes 2kg Bag,5.0,,,,special,2kg,$2.50 per kg,Coles Australian Carisma Washed | Potatoes 2kg Bag $2.50 per kg | rei?,95.51,False,,https://caau.syd1.cdn.digitaloceanspaces.com/wp-content/uploads/catalogue/coles/coles-catalogue-december-25-31-2024-qld-metro/13.jpg,https://www.catalogueau.com/coles/#catalogue=coles/coles-catalogue-december-25-31-2024-qld-metro/,displayed_price,displayed_price;unit_price,2,verified
Coles,QLD METRO,"Coles Catalogue December 25 - 31, 2024 QLD METRO",2024-12-25,2025-01-01,13,Coles Roasted & Salted or Dry Roasted Mixed Nuts 400g Pack,9.0,,,,special,400g,$22.50 per kg,"Coles Roasted & Salted or Dry Roasted Mixed | Nuts 400g Pack $22.50 per kg | SEZ,",95.82,False,,https://caau.syd1.cdn.digitaloceanspaces.com/wp-content/uploads/catalogue/coles/coles-catalogue-december-25-31-2024-qld-metro/13.jpg,https://www.catalogueau.com/coles/#catalogue=coles/coles-catalogue-december-25-31-2024-qld-metro/,displayed_price,displayed_price;unit_price,2,verified
Coles,QLD METRO,"Coles Catalogue December 25 - 31, 2024 QLD METRO",2024-12-25,2025-01-01,14,Coles Paviova 1 Pack,7.0,7.5,0.5,6.67,save_amount,1 Pack,$7.00 per each,WAS$7.50 | WAS$7.50 | NOV 2024 | Coles Paviova 1 Pack | $7.00 per each,93.05,False,,https://caau.syd1.cdn.digitaloceanspaces.com/wp-content/uploads/catalogue/coles/coles-catalogue-december-25-31-2024-qld-metro/14.jpg,https://www.catalogueau.com/coles/#catalogue=coles/coles-catalogue-december-25-31-2024-qld-metro/,displayed_price,displayed_price;unit_price,2,verified
Coles,QLD METRO,"Coles Catalogue December 25 - 31, 2024 QLD METRO",2024-12-25,2025-01-01,14,Helga's Wraps 445g-508g,4.0,5.5,1.5,27.27,save_amount,445g; 508g,,SAVE1.50 | WASS$5.50 | Helga's Wraps 445g-508g | On sale for 2 weeks | tS,90.16,True,single_price_evidence,https://caau.syd1.cdn.digitaloceanspaces.com/wp-content/uploads/catalogue/coles/coles-catalogue-december-25-31-2024-qld-metro/14.jpg,https://www.catalogueau.com/coles/#catalogue=coles/coles-catalogue-december-25-31-2024-qld-metro/,save_was_arithmetic,save_was_arithmetic,1,review
Coles,QLD METRO,"Coles Catalogue December 25 - 31, 2024 QLD METRO",2024-12-25,2025-01-01,14,Coles Bakery Cinnamon Donuts 6 Pack,2.5,2.8,0.3,10.71,save_amount,6 Pack,$0.42 per each,"SAVE30° | WASS$2.80 | Coles Bakery Cinnamon Donuts | 6 Pack $0.42 per each. | Selected stores only | Be,",96.33,False,,https://caau.syd1.cdn.digitaloceanspaces.com/wp-content/uploads/catalogue/coles/coles-catalogue-december-25-31-2024-qld-metro/14.jpg,https://www.catalogueau.com/coles/#catalogue=coles/coles-catalogue-december-25-31-2024-qld-metro/,displayed_price,displayed_price;unit_price,2,verified
Coles,QLD METRO,"Coles Catalogue December 25 - 31, 2024 QLD METRO",2024-12-25,2025-01-01,14,Coles Bakery Stone Baked by Laurent Mini Pane di Casa,2.75,3.25,0.5,15.38,save_amount,,,SAVE50¢ | WASS3.25 | Coles Bakery Stone Baked by | Laurent Mini Pane di Casa | Selected stores only. | On sale for 2 weeks,96.43,True,single_price_evidence,https://caau.syd1.cdn.digitaloceanspaces.com/wp-content/uploads/catalogue/coles/coles-catalogue-december-25-31-2024-qld-metro/14.jpg,https://www.catalogueau.com/coles/#catalogue=coles/coles-catalogue-december-25-31-2024-qld-metro/,displayed_price,displayed_price,1,review
Coles,QLD METRO,"Coles Catalogue December 25 - 31, 2024 QLD METRO",2024-12-25,2025-01-01,14,"Coles Bakery Stone Baked Turkish Loaf, Ciabatta Loaf or Sourdough",3.5,4.0,0.5,12.5,save_amount,,,"SAVE50° | WASS4 | Coles Bakery Stone Baked Turkish | Loaf, Ciabatta Loaf or Sourdough | and | Baguette Selected stores only. | 2nd week on sale | Sern",95.8,True,single_price_evidence,https://caau.syd1.cdn.digitaloceanspaces.com/wp-content/uploads/catalogue/coles/coles-catalogue-december-25-31-2024-qld-metro/14.jpg,https://www.catalogueau.com/coles/#catalogue=coles/coles-catalogue-december-25-31-2024-qld-metro/,displayed_price,displayed_price,1,review
Coles,QLD METRO,"Coles Catalogue December 25 - 31, 2024 QLD METRO",2024-12-25,2025-01-01,14,Coles Bakery Cookies 6 Pack,3.0,3.5,0.5,14.29,save_amount,6 Pack,$0.50 per each,WASS3.50 | WASS3.50 | Coles Bakery Cookies 6 Pack | $0.50 per each. Selected stores only | Serving suggestion only | ay | =,96.47,False,,https://caau.syd1.cdn.digitaloceanspaces.com/wp-content/uploads/catalogue/coles/coles-catalogue-december-25-31-2024-qld-metro/14.jpg,https://www.catalogueau.com/coles/#catalogue=coles/coles-catalogue-december-25-31-2024-qld-metro/,displayed_price,displayed_price;unit_price,2,verified
Coles,QLD METRO,"Coles Catalogue December 25 - 31, 2024 QLD METRO",2024-12-25,2025-01-01,14,QLD-METRO-251 2-24-312231,6.5,7.0,0.5,7.14,save_amount,,,QLD-METRO-251 2-24-312231,74.22,True,offer_labels_missing;low_name_confidence_strict;single_price_evidence,https://caau.syd1.cdn.digitaloceanspaces.com/wp-content/uploads/catalogue/coles/coles-catalogue-december-25-31-2024-qld-metro/14.jpg,https://www.catalogueau.com/coles/#catalogue=coles/coles-catalogue-december-25-31-2024-qld-metro/,displayed_price,displayed_price,1,review
Coles,QLD METRO,"Coles Catalogue December 25 - 31, 2024 QLD METRO",2024-12-25,2025-01-01,14,Coles Bakery Rustic Baguette Selected stores only,2.0,,,,special,,,Coles Bakery Rustic Baguette | Selected stores only | coos,96.12,True,offer_labels_missing;save_amount_missing;regular_price_missing;single_price_evidence,https://caau.syd1.cdn.digitaloceanspaces.com/wp-content/uploads/catalogue/coles/coles-catalogue-december-25-31-2024-qld-metro/14.jpg,https://www.catalogueau.com/coles/#catalogue=coles/coles-catalogue-december-25-31-2024-qld-metro/,displayed_price,displayed_price,1,review
Coles,QLD METRO,"Coles Catalogue December 25 - 31, 2024 QLD METRO",2024-12-25,2025-01-01,14,Coles Croissants 3 Pack or 4 Pack,2.85,,,,special,3 Pack; 4 Pack,,Coles Croissants 3 Pack | or 4 Pack,96.41,True,offer_labels_missing;save_amount_missing;regular_price_missing;single_price_evidence,https://caau.syd1.cdn.digitaloceanspaces.com/wp-content/uploads/catalogue/coles/coles-catalogue-december-25-31-2024-qld-metro/14.jpg,https://www.catalogueau.com/coles/#catalogue=coles/coles-catalogue-december-25-31-2024-qld-metro/,displayed_price,displayed_price,1,review
Coles,QLD METRO,"Coles Catalogue December 25 - 31, 2024 QLD METRO",2024-12-25,2025-01-01,15,BLUE “or OSS,25.0,,,,special,,,BLUE | “or OSS,79.0,True,offer_labels_missing;save_amount_missing;regular_price_missing;low_name_confidence_strict;single_price_evidence,https://caau.syd1.cdn.digitaloceanspaces.com/wp-content/uploads/catalogue/coles/coles-catalogue-december-25-31-2024-qld-metro/15.jpg,https://www.catalogueau.com/coles/#catalogue=coles/coles-catalogue-december-25-31-2024-qld-metro/,displayed_price,displayed_price,1,review
Coles,QLD METRO,"Coles Catalogue December 25 - 31, 2024 QLD METRO",2024-12-25,2025-01-01,15,Coles Hot Cross Buns 6 Pack or 9 Pack QLD-METRO-251 2-24-312231,7.0,,,,special,6 Pack; 9 Pack,,Coles Hot Cross Buns 6 Pack or 9 Pack | QLD-METRO-251 2-24-312231,88.83,True,offer_labels_missing;save_amount_missing;regular_price_missing;single_price_evidence,https://caau.syd1.cdn.digitaloceanspaces.com/wp-content/uploads/catalogue/coles/coles-catalogue-december-25-31-2024-qld-metro/15.jpg,https://www.catalogueau.com/coles/#catalogue=coles/coles-catalogue-december-25-31-2024-qld-metro/,displayed_price,displayed_price,1,review
Coles,QLD METRO,"Coles Catalogue December 25 - 31, 2024 QLD METRO",2024-12-25,2025-01-01,15,**Products,4.4,,,,special,,,**Products on sale from 26 December 2024. While stocks last. No rainchecks,93.69,True,offer_labels_missing;save_amount_missing;regular_price_missing;single_price_evidence,https://caau.syd1.cdn.digitaloceanspaces.com/wp-content/uploads/catalogue/coles/coles-catalogue-december-25-31-2024-qld-metro/15.jpg,https://www.catalogueau.com/coles/#catalogue=coles/coles-catalogue-december-25-31-2024-qld-metro/,displayed_price,displayed_price,1,review
Coles,QLD METRO,"Coles Catalogue December 25 - 31, 2024 QLD METRO",2024-12-25,2025-01-01,17,PER,33.0,45.0,12.0,26.67,save_amount,,,WASS45 | WASS45 | $285 | PER,96.81,True,product_name_uncertain;single_price_evidence,https://caau.syd1.cdn.digitaloceanspaces.com/wp-content/uploads/catalogue/coles/coles-catalogue-december-25-31-2024-qld-metro/17.jpg,https://www.catalogueau.com/coles/#catalogue=coles/coles-catalogue-december-25-31-2024-qld-metro/,displayed_price,displayed_price,1,review
Coles,QLD METRO,"Coles Catalogue December 25 - 31, 2024 QLD METRO",2024-12-25,2025-01-01,17,Hans Milano Loin Ham Selected stores only*,28.5,332.0,303.5,91.42,save_amount,,,WAS 332g | WAS 332g | Hans Milano Loin Ham | Selected stores only* | '@ tie | ra},95.16,True,single_price_evidence,https://caau.syd1.cdn.digitaloceanspaces.com/wp-content/uploads/catalogue/coles/coles-catalogue-december-25-31-2024-qld-metro/17.jpg,https://www.catalogueau.com/coles/#catalogue=coles/coles-catalogue-december-25-31-2024-qld-metro/,displayed_price,displayed_price,1,review
Coles,QLD METRO,"Coles Catalogue December 25 - 31, 2024 QLD METRO",2024-12-25,2025-01-01,17,Primo Middle Bacon Selected stores only*,13.5,19.0,5.5,28.95,save_amount,,,"WAS 519k, | WAS 519k, | Primo Middle Bacon | Selected stores only* | On sale for 2 weeks | nay) | ee",94.42,True,single_price_evidence,https://caau.syd1.cdn.digitaloceanspaces.com/wp-content/uploads/catalogue/coles/coles-catalogue-december-25-31-2024-qld-metro/17.jpg,https://www.catalogueau.com/coles/#catalogue=coles/coles-catalogue-december-25-31-2024-qld-metro/,displayed_price,displayed_price,1,review
Coles,QLD METRO,"Coles Catalogue December 25 - 31, 2024 QLD METRO",2024-12-25,2025-01-01,17,Primo Champagne Ham Selected stores only*,21.0,23.0,2.0,8.7,save_amount,,,WAS$23'50is | WAS$23'50is | Primo Champagne Ham | Selected stores only* | ta,95.39,True,single_price_evidence,https://caau.syd1.cdn.digitaloceanspaces.com/wp-content/uploads/catalogue/coles/coles-catalogue-december-25-31-2024-qld-metro/17.jpg,https://www.catalogueau.com/coles/#catalogue=coles/coles-catalogue-december-25-31-2024-qld-metro/,displayed_price,displayed_price,1,review
Coles,QLD METRO,"Coles Catalogue December 25 - 31, 2024 QLD METRO",2024-12-25,2025-01-01,17,Coles Queensland Fresh Cooked Black Tiger Prawns 2nd week on,30.0,344.0,314.0,91.28,save_amount,,,"WAS $344 | WAS $344 | Coles Queensland Fresh Cooked | Black Tiger Prawns 2nd week on | sale. Selected stores only* | we, | Fjpavamnbernvetil | ED",95.6,True,single_price_evidence,https://caau.syd1.cdn.digitaloceanspaces.com/wp-content/uploads/catalogue/coles/coles-catalogue-december-25-31-2024-qld-metro/17.jpg,https://www.catalogueau.com/coles/#catalogue=coles/coles-catalogue-december-25-31-2024-qld-metro/,displayed_price,displayed_price,1,review
Coles,QLD METRO,"Coles Catalogue December 25 - 31, 2024 QLD METRO",2024-12-25,2025-01-01,17,Tassal Superior Gold Smoked Salmon 180g,14.0,18.0,4.0,22.22,save_amount,180g,$77.78 per kg,WASSI8 | WASSI8 | Tassal Superior Gold Smoked | Salmon 180g $77.78 per kg. | 2nd week on sale,95.56,False,,https://caau.syd1.cdn.digitaloceanspaces.com/wp-content/uploads/catalogue/coles/coles-catalogue-december-25-31-2024-qld-metro/17.jpg,https://www.catalogueau.com/coles/#catalogue=coles/coles-catalogue-december-25-31-2024-qld-metro/,displayed_price,displayed_price;unit_price,2,verified
Coles,QLD METRO,"Coles Catalogue December 25 - 31, 2024 QLD METRO",2024-12-25,2025-01-01,17,QLD METRO-2512-24-312231,40.0,464.0,424.0,91.38,save_amount,,,WAS 464g | WAS 464g | QLD METRO-2512-24-312231,51.47,True,low_ocr_confidence;low_name_confidence_strict;single_price_evidence,https://caau.syd1.cdn.digitaloceanspaces.com/wp-content/uploads/catalogue/coles/coles-catalogue-december-25-31-2024-qld-metro/17.jpg,https://www.catalogueau.com/coles/#catalogue=coles/coles-catalogue-december-25-31-2024-qld-metro/,displayed_price,displayed_price,1,review
Coles,QLD METRO,"Coles Catalogue December 25 - 31, 2024 QLD METRO",2024-12-25,2025-01-01,17,Provedore Prosciutto 100g,6.5,,,,special,100g,$65.00 per kg,Provedore Prosciutto 100g | $65.00 per kg,94.42,True,offer_labels_missing;save_amount_missing;regular_price_missing;inferred_price_requires_review,https://caau.syd1.cdn.digitaloceanspaces.com/wp-content/uploads/catalogue/coles/coles-catalogue-december-25-31-2024-qld-metro/17.jpg,https://www.catalogueau.com/coles/#catalogue=coles/coles-catalogue-december-25-31-2024-qld-metro/,unit_price,grid_inference;unit_price,1,review
Coles,QLD METRO,"Coles Catalogue December 25 - 31, 2024 QLD METRO",2024-12-25,2025-01-01,18,Coles Jam 450g,2.5,,,,everyday,450g,$0.56 per 100g,Coles Jam 450g | $0.56 per 100g,96.09,False,,https://caau.syd1.cdn.digitaloceanspaces.com/wp-content/uploads/catalogue/coles/coles-catalogue-december-25-31-2024-qld-metro/18.jpg,https://www.catalogueau.com/coles/#catalogue=coles/coles-catalogue-december-25-31-2024-qld-metro/,displayed_price,displayed_price;unit_price,2,verified
Coles,QLD METRO,"Coles Catalogue December 25 - 31, 2024 QLD METRO",2024-12-25,2025-01-01,18,Coles Finest Fruit Cocktail Slices 50g,5.5,,,,everyday,50g,$110.00 per kg,Coles Finest Fruit Cocktail | Slices 50g $110.00 per kg | *See page 28 forT&Cs,96.09,False,,https://caau.syd1.cdn.digitaloceanspaces.com/wp-content/uploads/catalogue/coles/coles-catalogue-december-25-31-2024-qld-metro/18.jpg,https://www.catalogueau.com/coles/#catalogue=coles/coles-catalogue-december-25-31-2024-qld-metro/,displayed_price,displayed_price;unit_price,2,verified
Coles,QLD METRO,"Coles Catalogue December 25 - 31, 2024 QLD METRO",2024-12-25,2025-01-01,18,Carman's Aussie Oat Crunchy Clusters 800g,9.5,,,,everyday,800g,$1.19 per 100g,Carman's Aussie Oat Crunchy | Clusters 800g $1.19 per 100g,95.56,True,single_price_evidence,https://caau.syd1.cdn.digitaloceanspaces.com/wp-content/uploads/catalogue/coles/coles-catalogue-december-25-31-2024-qld-metro/18.jpg,https://www.catalogueau.com/coles/#catalogue=coles/coles-catalogue-december-25-31-2024-qld-metro/,unit_price,unit_price,1,review
Coles,QLD METRO,"Coles Catalogue December 25 - 31, 2024 QLD METRO",2024-12-25,2025-01-01,18,Weet-Bix Gluten Free Cereal 375g,4.6,,,,everyday,375g,$1.23 per 100g,Weet-Bix Gluten Free Cereal | 375g $1.23 per 100g,96.04,True,single_price_evidence,https://caau.syd1.cdn.digitaloceanspaces.com/wp-content/uploads/catalogue/coles/coles-catalogue-december-25-31-2024-qld-metro/18.jpg,https://www.catalogueau.com/coles/#catalogue=coles/coles-catalogue-december-25-31-2024-qld-metro/,unit_price,unit_price,1,review
Coles,QLD METRO,"Coles Catalogue December 25 - 31, 2024 QLD METRO",2024-12-25,2025-01-01,18,Carman's Muesli 875g,9.9,,,,everyday,875g,$1.13 per 100g,Carman's Muesli 875g | $1.13 per 100g | QLD METRO-2512-24-312231,93.03,False,,https://caau.syd1.cdn.digitaloceanspaces.com/wp-content/uploads/catalogue/coles/coles-catalogue-december-25-31-2024-qld-metro/18.jpg,https://www.catalogueau.com/coles/#catalogue=coles/coles-catalogue-december-25-31-2024-qld-metro/,displayed_price,displayed_price;unit_price,2,verified
Coles,QLD METRO,"Coles Catalogue December 25 - 31, 2024 QLD METRO",2024-12-25,2025-01-01,18,Nutella Chocolate Hazelnut Spread 1kg,13.0,,,,everyday,1kg,$1.30 per 100g,Nutella Chocolate Hazelnut | Spread 1kg $1.30 per 100g,93.5,False,,https://caau.syd1.cdn.digitaloceanspaces.com/wp-content/uploads/catalogue/coles/coles-catalogue-december-25-31-2024-qld-metro/18.jpg,https://www.catalogueau.com/coles/#catalogue=coles/coles-catalogue-december-25-31-2024-qld-metro/,displayed_price,displayed_price;unit_price,2,verified
Coles,QLD METRO,"Coles Catalogue December 25 - 31, 2024 QLD METRO",2024-12-25,2025-01-01,18,Carman's Double Dark Choc Protein Bars Value Pack 400g,12.5,,,,everyday,400g,$3.13 per 100g,Carman's Double Dark Choc | Protein Bars Value Pack 400g | $3.13 per 100g,95.54,False,,https://caau.syd1.cdn.digitaloceanspaces.com/wp-content/uploads/catalogue/coles/coles-catalogue-december-25-31-2024-qld-metro/18.jpg,https://www.catalogueau.com/coles/#catalogue=coles/coles-catalogue-december-25-31-2024-qld-metro/,displayed_price,displayed_price;unit_price,2,verified
Coles,QLD METRO,"Coles Catalogue December 25 - 31, 2024 QLD METRO",2024-12-25,2025-01-01,19,Coles Durum Wheat Pasta 500g,1.0,,,,everyday,500g,$0.20 per 100g,Coles Durum Wheat Pasta | 500g $0.20 per 100g,96.46,False,,https://caau.syd1.cdn.digitaloceanspaces.com/wp-content/uploads/catalogue/coles/coles-catalogue-december-25-31-2024-qld-metro/19.jpg,https://www.catalogueau.com/coles/#catalogue=coles/coles-catalogue-december-25-31-2024-qld-metro/,displayed_price,displayed_price;unit_price,2,verified
Coles,QLD METRO,"Coles Catalogue December 25 - 31, 2024 QLD METRO",2024-12-25,2025-01-01,19,Coles Asia Fried Shallots 110g,2.8,,,,everyday,110g,$2.55 per 100g,Coles Asia Fried Shallots 110g | $2.55 per 100g | Dest | 3 | Pewee),95.63,False,,https://caau.syd1.cdn.digitaloceanspaces.com/wp-content/uploads/catalogue/coles/coles-catalogue-december-25-31-2024-qld-metro/19.jpg,https://www.catalogueau.com/coles/#catalogue=coles/coles-catalogue-december-25-31-2024-qld-metro/,displayed_price,displayed_price;unit_price,2,verified
Coles,QLD METRO,"Coles Catalogue December 25 - 31, 2024 QLD METRO",2024-12-25,2025-01-01,19,Indomie Instant Noodles 5 Pack 400g-425g,395.95,,,,everyday,5 Pack; 400g; 425g,,Indomie Instant Noodles | 5 Pack 400g-425g,93.17,True,single_price_evidence,https://caau.syd1.cdn.digitaloceanspaces.com/wp-content/uploads/catalogue/coles/coles-catalogue-december-25-31-2024-qld-metro/19.jpg,https://www.catalogueau.com/coles/#catalogue=coles/coles-catalogue-december-25-31-2024-qld-metro/,displayed_price,displayed_price,1,review
Coles,QLD METRO,"Coles Catalogue December 25 - 31, 2024 QLD METRO",2024-12-25,2025-01-01,19,Coles Mum's Sause 415g-500g,3.5,,,,everyday,415g; 500g,,Coles Mum's Sause 415g-500g,93.44,True,single_price_evidence,https://caau.syd1.cdn.digitaloceanspaces.com/wp-content/uploads/catalogue/coles/coles-catalogue-december-25-31-2024-qld-metro/19.jpg,https://www.catalogueau.com/coles/#catalogue=coles/coles-catalogue-december-25-31-2024-qld-metro/,displayed_price,displayed_price,1,review
Coles,QLD METRO,"Coles Catalogue December 25 - 31, 2024 QLD METRO",2024-12-25,2025-01-01,19,Coles Pitted Black Cherries in Syrup 425g,3.8,,,,everyday,425g,$8.94 per kg,Coles Pitted Black Cherries in | Syrup 425g $8.94 per kg,95.69,False,,https://caau.syd1.cdn.digitaloceanspaces.com/wp-content/uploads/catalogue/coles/coles-catalogue-december-25-31-2024-qld-metro/19.jpg,https://www.catalogueau.com/coles/#catalogue=coles/coles-catalogue-december-25-31-2024-qld-metro/,displayed_price,displayed_price;unit_price,2,verified
Coles,QLD METRO,"Coles Catalogue December 25 - 31, 2024 QLD METRO",2024-12-25,2025-01-01,19,Coles Traditional Mayonnaise 470g,4.0,,,,everyday,470g,$0.85 per 100g,Coles Traditional Mayonnaise | 470g $0.85 per 100g | QLD METRO-2512-24-312231,95.54,False,,https://caau.syd1.cdn.digitaloceanspaces.com/wp-content/uploads/catalogue/coles/coles-catalogue-december-25-31-2024-qld-metro/19.jpg,https://www.catalogueau.com/coles/#catalogue=coles/coles-catalogue-december-25-31-2024-qld-metro/,displayed_price,displayed_price;unit_price,2,verified
Coles,QLD METRO,"Coles Catalogue December 25 - 31, 2024 QLD METRO",2024-12-25,2025-01-01,19,John West Tuna 425g,5.5,,,,everyday,425g,$12.94 per kg,John West Tuna 425g | $12.94 per kg,95.93,False,,https://caau.syd1.cdn.digitaloceanspaces.com/wp-content/uploads/catalogue/coles/coles-catalogue-december-25-31-2024-qld-metro/19.jpg,https://www.catalogueau.com/coles/#catalogue=coles/coles-catalogue-december-25-31-2024-qld-metro/,displayed_price,displayed_price;unit_price,2,verified
Coles,QLD METRO,"Coles Catalogue December 25 - 31, 2024 QLD METRO",2024-12-25,2025-01-01,19,Coles Asia Sesame Oil 370mL,7.7,,,,everyday,370mL,$2.08 per 100mL,Coles Asia Sesame Oil 370mL | $2.08 per 100mL,94.37,False,,https://caau.syd1.cdn.digitaloceanspaces.com/wp-content/uploads/catalogue/coles/coles-catalogue-december-25-31-2024-qld-metro/19.jpg,https://www.catalogueau.com/coles/#catalogue=coles/coles-catalogue-december-25-31-2024-qld-metro/,displayed_price,displayed_price;unit_price,2,verified
Coles,QLD METRO,"Coles Catalogue December 25 - 31, 2024 QLD METRO",2024-12-25,2025-01-01,20,Coles Soft Drink 1.25 Litre,1.2,,,,everyday,1.25 Litre,$0.96 per litre,Coles Soft Drink 1.25 Litre | $0.96 per litre,96.32,False,,https://caau.syd1.cdn.digitaloceanspaces.com/wp-content/uploads/catalogue/coles/coles-catalogue-december-25-31-2024-qld-metro/20.jpg,https://www.catalogueau.com/coles/#catalogue=coles/coles-catalogue-december-25-31-2024-qld-metro/,displayed_price,displayed_price;unit_price,2,verified
Coles,QLD METRO,"Coles Catalogue December 25 - 31, 2024 QLD METRO",2024-12-25,2025-01-01,20,Coles Natural Spring Water 1.5 Litre,0.8,,,,everyday,1.5 Litre,$0.53 per litre,Coles Natural Spring Water | 1.5 Litre $0.53 per litre | SS,96.1,True,single_price_evidence,https://caau.syd1.cdn.digitaloceanspaces.com/wp-content/uploads/catalogue/coles/coles-catalogue-december-25-31-2024-qld-metro/20.jpg,https://www.catalogueau.com/coles/#catalogue=coles/coles-catalogue-december-25-31-2024-qld-metro/,unit_price,unit_price,1,review
Coles,QLD METRO,"Coles Catalogue December 25 - 31, 2024 QLD METRO",2024-12-25,2025-01-01,20,Coles Water Crackers 125g,0.95,,,,everyday,125g,$0.76 per 100g,Coles Water Crackers 125g | $0.76 per 100g,96.33,True,single_price_evidence,https://caau.syd1.cdn.digitaloceanspaces.com/wp-content/uploads/catalogue/coles/coles-catalogue-december-25-31-2024-qld-metro/20.jpg,https://www.catalogueau.com/coles/#catalogue=coles/coles-catalogue-december-25-31-2024-qld-metro/,unit_price,unit_price,1,review
Coles,QLD METRO,"Coles Catalogue December 25 - 31, 2024 QLD METRO",2024-12-25,2025-01-01,20,Coles Corn Chips 175g,2.3,,,,everyday,175g,$1.31 per 100g,Coles Corn Chips 175g | $1.31 per 100g,96.58,True,single_price_evidence,https://caau.syd1.cdn.digitaloceanspaces.com/wp-content/uploads/catalogue/coles/coles-catalogue-december-25-31-2024-qld-metro/20.jpg,https://www.catalogueau.com/coles/#catalogue=coles/coles-catalogue-december-25-31-2024-qld-metro/,unit_price,unit_price,1,review
Coles,QLD METRO,"Coles Catalogue December 25 - 31, 2024 QLD METRO",2024-12-25,2025-01-01,20,Coles Jumbo Salted Cashews 200g,4.3,,,,everyday,200g,$21.50 per kg,Coles Jumbo Salted Cashews | 200g $21.50 per kg,96.48,False,,https://caau.syd1.cdn.digitaloceanspaces.com/wp-content/uploads/catalogue/coles/coles-catalogue-december-25-31-2024-qld-metro/20.jpg,https://www.catalogueau.com/coles/#catalogue=coles/coles-catalogue-december-25-31-2024-qld-metro/,displayed_price,displayed_price;unit_price,2,verified
Coles,QLD METRO,"Coles Catalogue December 25 - 31, 2024 QLD METRO",2024-12-25,2025-01-01,20,Coles Cream Cheese 190g,3.75,,,,everyday,190g,$19.74 per kg,Coles Cream Cheese 190g | $19.74 per kg,96.04,False,,https://caau.syd1.cdn.digitaloceanspaces.com/wp-content/uploads/catalogue/coles/coles-catalogue-december-25-31-2024-qld-metro/20.jpg,https://www.catalogueau.com/coles/#catalogue=coles/coles-catalogue-december-25-31-2024-qld-metro/,displayed_price,displayed_price;unit_price,2,verified
Coles,QLD METRO,"Coles Catalogue December 25 - 31, 2024 QLD METRO",2024-12-25,2025-01-01,20,Coles White Serviettes 100 Pack,1.0,,,,everyday,100 Pack,$1.00 per 100 each,Coles White Serviettes | 100 Pack $1.00 per 100 each | “This product may not be right for you. Read the warnings before purchase. Avoid prolonged exposure,95.04,False,,https://caau.syd1.cdn.digitaloceanspaces.com/wp-content/uploads/catalogue/coles/coles-catalogue-december-25-31-2024-qld-metro/20.jpg,https://www.catalogueau.com/coles/#catalogue=coles/coles-catalogue-december-25-31-2024-qld-metro/,displayed_price,displayed_price;unit_price,2,verified
Coles,QLD METRO,"Coles Catalogue December 25 - 31, 2024 QLD METRO",2024-12-25,2025-01-01,20,Coles 3-Ply So Soft & Strong Facial Tissues 95 Pack,2.0,,,,everyday,95 Pack,$2.11 per 100 each,Coles 3-Ply So Soft & Strong | Facial Tissues 95 Pack | $2.11 per 100 each,95.17,False,,https://caau.syd1.cdn.digitaloceanspaces.com/wp-content/uploads/catalogue/coles/coles-catalogue-december-25-31-2024-qld-metro/20.jpg,https://www.catalogueau.com/coles/#catalogue=coles/coles-catalogue-december-25-31-2024-qld-metro/,displayed_price,displayed_price;unit_price,2,verified
Coles,QLD METRO,"Coles Catalogue December 25 - 31, 2024 QLD METRO",2024-12-25,2025-01-01,20,Coles Ultra Sunscreen Tube SPF50+ 100mL*,3.0,,,,everyday,100mL,$3.00 per 100mL,Coles Ultra Sunscreen Tube | SPF50+ 100mL* | $3.00 per 100mL,88.14,False,,https://caau.syd1.cdn.digitaloceanspaces.com/wp-content/uploads/catalogue/coles/coles-catalogue-december-25-31-2024-qld-metro/20.jpg,https://www.catalogueau.com/coles/#catalogue=coles/coles-catalogue-december-25-31-2024-qld-metro/,displayed_price,displayed_price;unit_price,2,verified
Coles,QLD METRO,"Coles Catalogue December 25 - 31, 2024 QLD METRO",2024-12-25,2025-01-01,21,Life Savers Candy 150g-200g 2nd week,3.5,5.0,1.5,30.0,save_amount,150g; 200g,,WASS5 | WASS5 | Life Savers Candy 150g-200g | 2nd week on sale,94.35,True,single_price_evidence,https://caau.syd1.cdn.digitaloceanspaces.com/wp-content/uploads/catalogue/coles/coles-catalogue-december-25-31-2024-qld-metro/21.jpg,https://www.catalogueau.com/coles/#catalogue=coles/coles-catalogue-december-25-31-2024-qld-metro/,displayed_price,displayed_price,1,review
Coles,QLD METRO,"Coles Catalogue December 25 - 31, 2024 QLD METRO",2024-12-25,2025-01-01,21,Darrell Lea Bullets or BBs 168g-204g,4.5,6.0,1.5,25.0,save_amount,168g; 204g,,WASS6 | WASS6 | Darrell Lea Bullets or BBs | 168g-204g On sale for 2 weeks | =,95.31,True,single_price_evidence,https://caau.syd1.cdn.digitaloceanspaces.com/wp-content/uploads/catalogue/coles/coles-catalogue-december-25-31-2024-qld-metro/21.jpg,https://www.catalogueau.com/coles/#catalogue=coles/coles-catalogue-december-25-31-2024-qld-metro/,displayed_price,displayed_price,1,review
Coles,QLD METRO,"Coles Catalogue December 25 - 31, 2024 QLD METRO",2024-12-25,2025-01-01,21,SALTS VINEGAR ae,2.75,5.5,2.75,50.0,half_price,,,WASS5.50 | WASS5.50 | SALTS VINEGAR | ae,55.19,True,low_ocr_confidence;low_name_confidence_strict;single_price_evidence,https://caau.syd1.cdn.digitaloceanspaces.com/wp-content/uploads/catalogue/coles/coles-catalogue-december-25-31-2024-qld-metro/21.jpg,https://www.catalogueau.com/coles/#catalogue=coles/coles-catalogue-december-25-31-2024-qld-metro/,displayed_price,displayed_price,1,review
Coles,QLD METRO,"Coles Catalogue December 25 - 31, 2024 QLD METRO",2024-12-25,2025-01-01,21,The Natural Confectionery Co. 130g-230g or Sour Patch 190g,5.0,,,,special,130g; 230g; 190g,,The Natural Confectionery Co. | 130g-230g or Sour Patch 190g | or,95.7,True,offer_labels_missing;save_amount_missing;regular_price_missing;inferred_price_requires_review,https://caau.syd1.cdn.digitaloceanspaces.com/wp-content/uploads/catalogue/coles/coles-catalogue-december-25-31-2024-qld-metro/21.jpg,https://www.catalogueau.com/coles/#catalogue=coles/coles-catalogue-december-25-31-2024-qld-metro/,displayed_price,displayed_price;grid_inference,1,review
Coles,QLD METRO,"Coles Catalogue December 25 - 31, 2024 QLD METRO",2024-12-25,2025-01-01,21,Coles Clusters 120g,5.0,,,,special,120g,$4.17 per 100g,Coles Clusters 120g | $4.17 per 100g | 1,96.34,False,,https://caau.syd1.cdn.digitaloceanspaces.com/wp-content/uploads/catalogue/coles/coles-catalogue-december-25-31-2024-qld-metro/21.jpg,https://www.catalogueau.com/coles/#catalogue=coles/coles-catalogue-december-25-31-2024-qld-metro/,displayed_price,displayed_price;unit_price,2,verified
Coles,QLD METRO,"Coles Catalogue December 25 - 31, 2024 QLD METRO",2024-12-25,2025-01-01,21,Red Rock Deli Potato Chips 150g-165g,9.0,,,,special,150g; 165g,,Red Rock Deli Potato Chips | 150g-165g,94.04,True,offer_labels_missing;save_amount_missing;regular_price_missing;single_price_evidence,https://caau.syd1.cdn.digitaloceanspaces.com/wp-content/uploads/catalogue/coles/coles-catalogue-december-25-31-2024-qld-metro/21.jpg,https://www.catalogueau.com/coles/#catalogue=coles/coles-catalogue-december-25-31-2024-qld-metro/,displayed_price,displayed_price,1,review
Coles,QLD METRO,"Coles Catalogue December 25 - 31, 2024 QLD METRO",2024-12-25,2025-01-01,22,Red Bull Energy Drink 4x250mL,7.2,,,,special,4x250mL,$7.20 per litre,Red Bull Energy Drink 4x250mL | $7.20 per litre,94.47,False,,https://caau.syd1.cdn.digitaloceanspaces.com/wp-content/uploads/catalogue/coles/coles-catalogue-december-25-31-2024-qld-metro/22.jpg,https://www.catalogueau.com/coles/#catalogue=coles/coles-catalogue-december-25-31-2024-qld-metro/,displayed_price,displayed_price;unit_price,2,verified
Coles,QLD METRO,"Coles Catalogue December 25 - 31, 2024 QLD METRO",2024-12-25,2025-01-01,22,Remedy Kombucha 4x250mL,5.5,,,,special,4x250mL,$5.50 per litre,Remedy Kombucha 4x250mL | $5.50 per litre. 2nd week on sale | wa | —— | >,91.37,False,,https://caau.syd1.cdn.digitaloceanspaces.com/wp-content/uploads/catalogue/coles/coles-catalogue-december-25-31-2024-qld-metro/22.jpg,https://www.catalogueau.com/coles/#catalogue=coles/coles-catalogue-december-25-31-2024-qld-metro/,displayed_price,displayed_price;unit_price,2,verified
Coles,QLD METRO,"Coles Catalogue December 25 - 31, 2024 QLD METRO",2024-12-25,2025-01-01,22,Cadbury Old Gold Block Chocolate 170g-180g,4.0,,,,special,170g; 180g,,Cadbury Old Gold Block | Chocolate 170g-180g | —_ | !,94.54,True,offer_labels_missing;save_amount_missing;regular_price_missing;single_price_evidence,https://caau.syd1.cdn.digitaloceanspaces.com/wp-content/uploads/catalogue/coles/coles-catalogue-december-25-31-2024-qld-metro/22.jpg,https://www.catalogueau.com/coles/#catalogue=coles/coles-catalogue-december-25-31-2024-qld-metro/,displayed_price,displayed_price,1,review
Coles,QLD METRO,"Coles Catalogue December 25 - 31, 2024 QLD METRO",2024-12-25,2025-01-01,22,Nestlé Block Chocolate 118g-180g,4.9,,,,special,118g; 180g,,Nestlé Block Chocolate | 118g-180g | = | SS,92.93,True,offer_labels_missing;save_amount_missing;regular_price_missing;single_price_evidence,https://caau.syd1.cdn.digitaloceanspaces.com/wp-content/uploads/catalogue/coles/coles-catalogue-december-25-31-2024-qld-metro/22.jpg,https://www.catalogueau.com/coles/#catalogue=coles/coles-catalogue-december-25-31-2024-qld-metro/,displayed_price,displayed_price,1,review
Coles,QLD METRO,"Coles Catalogue December 25 - 31, 2024 QLD METRO",2024-12-25,2025-01-01,22,Golden Circle Tetra Juice 1 Litre,4.0,,,,special,1 Litre,$2.00 per litre,Golden Circle Tetra Juice 1 Litre | $2.00 per litre. | Excludes Pineapple,95.94,True,offer_labels_missing;save_amount_missing;regular_price_missing;unit_price_conflict;single_price_evidence,https://caau.syd1.cdn.digitaloceanspaces.com/wp-content/uploads/catalogue/coles/coles-catalogue-december-25-31-2024-qld-metro/22.jpg,https://www.catalogueau.com/coles/#catalogue=coles/coles-catalogue-december-25-31-2024-qld-metro/,displayed_price,displayed_price,1,review
Coles,QLD METRO,"Coles Catalogue December 25 - 31, 2024 QLD METRO",2024-12-25,2025-01-01,22,Arnott's Scotch Finger or Malt 'O' Milk Biscuits 250g,5.0,,,,special,250g,,Arnott's Scotch Finger or | Malt 'O' Milk Biscuits 250g | $1.00 | per 100g | a | ie,79.0,True,offer_labels_missing;save_amount_missing;regular_price_missing;low_name_confidence_strict;single_price_evidence,https://caau.syd1.cdn.digitaloceanspaces.com/wp-content/uploads/catalogue/coles/coles-catalogue-december-25-31-2024-qld-metro/22.jpg,https://www.catalogueau.com/coles/#catalogue=coles/coles-catalogue-december-25-31-2024-qld-metro/,displayed_price,displayed_price,1,review
Coles,QLD METRO,"Coles Catalogue December 25 - 31, 2024 QLD METRO",2024-12-25,2025-01-01,22,Powerade Sports Drink or Active Water 600mL,2.75,,,,special,600mL,$4.58 per litre,Powerade Sports Drink or | Active Water 600mL $4.58 per litre. | On sale for 2 weeks,95.73,True,single_price_evidence,https://caau.syd1.cdn.digitaloceanspaces.com/wp-content/uploads/catalogue/coles/coles-catalogue-december-25-31-2024-qld-metro/22.jpg,https://www.catalogueau.com/coles/#catalogue=coles/coles-catalogue-december-25-31-2024-qld-metro/,unit_price,unit_price,1,review
Coles,QLD METRO,"Coles Catalogue December 25 - 31, 2024 QLD METRO",2024-12-25,2025-01-01,22,Frantelle Spring Water 24x600mL,13.95,,,,special,24x600mL,$0.97 per litre,Frantelle Spring Water 24x600mL | $0.97 per litre. | On sale for 2 weeks,93.36,True,offer_labels_missing;save_amount_missing;regular_price_missing;single_price_evidence,https://caau.syd1.cdn.digitaloceanspaces.com/wp-content/uploads/catalogue/coles/coles-catalogue-december-25-31-2024-qld-metro/22.jpg,https://www.catalogueau.com/coles/#catalogue=coles/coles-catalogue-december-25-31-2024-qld-metro/,unknown,,0,review
Coles,QLD METRO,"Coles Catalogue December 25 - 31, 2024 QLD METRO",2024-12-25,2025-01-01,25,PRICE fe 1/2,9.5,19.0,9.5,50.0,half_price,,,WASS19 | WASS19 | PRICE fe | 1/2 | & | YS ¢ | PRICE | (KIRK,76.23,True,low_name_confidence_strict;single_price_evidence,https://caau.syd1.cdn.digitaloceanspaces.com/wp-content/uploads/catalogue/coles/coles-catalogue-december-25-31-2024-qld-metro/25.jpg,https://www.catalogueau.com/coles/#catalogue=coles/coles-catalogue-december-25-31-2024-qld-metro/,displayed_price,displayed_price,1,review
Coles,QLD METRO,"Coles Catalogue December 25 - 31, 2024 QLD METRO",2024-12-25,2025-01-01,25,ADVERTISER PROMOTION,7.25,14.5,7.25,50.0,half_price,,,WASS14.50 | WASS14.50 | ADVERTISER PROMOTION,96.42,True,single_price_evidence,https://caau.syd1.cdn.digitaloceanspaces.com/wp-content/uploads/catalogue/coles/coles-catalogue-december-25-31-2024-qld-metro/25.jpg,https://www.catalogueau.com/coles/#catalogue=coles/coles-catalogue-december-25-31-2024-qld-metro/,displayed_price,displayed_price,1,review
Coles,QLD METRO,"Coles Catalogue December 25 - 31, 2024 QLD METRO",2024-12-25,2025-01-01,26,White Wings Baking Mix 365g-475g,3.0,6.0,3.0,50.0,half_price,365g; 475g,,SAVE %3 | WASS6 | White Wings Baking | Mix 365g-475g | 2nd week on sale,93.4,False,,https://caau.syd1.cdn.digitaloceanspaces.com/wp-content/uploads/catalogue/coles/coles-catalogue-december-25-31-2024-qld-metro/26.jpg,https://www.catalogueau.com/coles/#catalogue=coles/coles-catalogue-december-25-31-2024-qld-metro/,save_was_arithmetic,displayed_price;save_was_arithmetic,2,verified
Coles,QLD METRO,"Coles Catalogue December 25 - 31, 2024 QLD METRO",2024-12-25,2025-01-01,26,Gold Sunset Canola Oil 2 Litre,8.0,16.0,8.0,50.0,half_price,2 Litre,$0.40 per 100mL,SAVES8 | WASS16 | Gold Sunset Canola Oil | 2 Litre $0.40 per 100mL | ==,94.72,False,,https://caau.syd1.cdn.digitaloceanspaces.com/wp-content/uploads/catalogue/coles/coles-catalogue-december-25-31-2024-qld-metro/26.jpg,https://www.catalogueau.com/coles/#catalogue=coles/coles-catalogue-december-25-31-2024-qld-metro/,save_was_arithmetic,displayed_price;save_was_arithmetic,2,verified
Coles,QLD METRO,"Coles Catalogue December 25 - 31, 2024 QLD METRO",2024-12-25,2025-01-01,26,Vittoria Freeze Dried Instant Coffee 400g,19.5,39.0,19.5,50.0,half_price,400g,$4.88 per 100g,SAVES19.50 | WAS$39 | Vittoria Freeze Dried Instant Coffee | 400g $4.88 per 100g,79.0,True,low_name_confidence_strict,https://caau.syd1.cdn.digitaloceanspaces.com/wp-content/uploads/catalogue/coles/coles-catalogue-december-25-31-2024-qld-metro/26.jpg,https://www.catalogueau.com/coles/#catalogue=coles/coles-catalogue-december-25-31-2024-qld-metro/,save_was_arithmetic,save_was_arithmetic;unit_price,2,review
Coles,QLD METRO,"Coles Catalogue December 25 - 31, 2024 QLD METRO",2024-12-25,2025-01-01,26,Lavazza Qualita Oro Coffee 1kg,24.0,48.0,24.0,50.0,half_price,1kg,$2.40 per 100g,SAVES24 | WAS$48 | Lavazza Qualita Oro Coffee Ikg | $2.40 per 100g,87.09,False,,https://caau.syd1.cdn.digitaloceanspaces.com/wp-content/uploads/catalogue/coles/coles-catalogue-december-25-31-2024-qld-metro/26.jpg,https://www.catalogueau.com/coles/#catalogue=coles/coles-catalogue-december-25-31-2024-qld-metro/,save_was_arithmetic,displayed_price;save_was_arithmetic;unit_price,3,verified
Coles,QLD METRO,"Coles Catalogue December 25 - 31, 2024 QLD METRO",2024-12-25,2025-01-01,26,Vittoria Nespresso Compatible Coffee Capsules 10 Pack,5.0,8.3,3.3,39.76,save_amount,10 Pack,$0.50 per each,SAVES3.30 | WASS$8.30 | Vittoria Nespresso | Compatible Coffee | Capsules 10 Pack | $0.50 per each. | On sale for 2 weeks | QLD METRO-2512-24-312231,96.43,False,,https://caau.syd1.cdn.digitaloceanspaces.com/wp-content/uploads/catalogue/coles/coles-catalogue-december-25-31-2024-qld-metro/26.jpg,https://www.catalogueau.com/coles/#catalogue=coles/coles-catalogue-december-25-31-2024-qld-metro/,save_was_arithmetic,displayed_price;save_was_arithmetic;unit_price,3,verified
Coles,QLD METRO,"Coles Catalogue December 25 - 31, 2024 QLD METRO",2024-12-25,2025-01-01,26,Nescafé Gold 400g,19.0,28.0,9.0,32.14,save_amount,400g,$4.75 per 100g,SAVES9 | WAS$28 | Nescafé Gold 400g | $4.75 per 100g,94.62,False,,https://caau.syd1.cdn.digitaloceanspaces.com/wp-content/uploads/catalogue/coles/coles-catalogue-december-25-31-2024-qld-metro/26.jpg,https://www.catalogueau.com/coles/#catalogue=coles/coles-catalogue-december-25-31-2024-qld-metro/,save_was_arithmetic,save_was_arithmetic;unit_price,2,verified
Coles,QLD METRO,"Coles Catalogue December 25 - 31, 2024 QLD METRO",2024-12-25,2025-01-01,26,Nestlé Milo 1kg,12.5,16.0,3.5,21.88,save_amount,1kg,$1.25 per 100g,SAVE53.50 | WASS16 | Nestlé Milo 1kg | $1.25 per 100g | 26,87.54,True,single_price_evidence,https://caau.syd1.cdn.digitaloceanspaces.com/wp-content/uploads/catalogue/coles/coles-catalogue-december-25-31-2024-qld-metro/26.jpg,https://www.catalogueau.com/coles/#catalogue=coles/coles-catalogue-december-25-31-2024-qld-metro/,unit_price,unit_price,1,review
Coles,QLD METRO,"Coles Catalogue December 25 - 31, 2024 QLD METRO",2024-12-25,2025-01-01,27,Twinings Tea Bags 80 Pack-100 Pack,8.0,13.5,5.5,40.74,save_amount,80 Pack; 100 Pack,,WAS$13.50 | WAS$13.50 | Twinings Tea Bags | 80 Pack-100 Pack,94.99,True,single_price_evidence,https://caau.syd1.cdn.digitaloceanspaces.com/wp-content/uploads/catalogue/coles/coles-catalogue-december-25-31-2024-qld-metro/27.jpg,https://www.catalogueau.com/coles/#catalogue=coles/coles-catalogue-december-25-31-2024-qld-metro/,displayed_price,displayed_price,1,review
Coles,QLD METRO,"Coles Catalogue December 25 - 31, 2024 QLD METRO",2024-12-25,2025-01-01,27,Vittoria Freeze Dried Instant Coffee 100g,7.5,12.5,5.0,40.0,save_amount,100g,$7.50 per 100g,WASS12.50 | WASS12.50 | Vittoria Freeze Dried Instant | Coffee 100g $7.50 per 100g. | Excludes decaf,96.51,False,,https://caau.syd1.cdn.digitaloceanspaces.com/wp-content/uploads/catalogue/coles/coles-catalogue-december-25-31-2024-qld-metro/27.jpg,https://www.catalogueau.com/coles/#catalogue=coles/coles-catalogue-december-25-31-2024-qld-metro/,displayed_price,displayed_price;unit_price,2,verified
Coles,QLD METRO,"Coles Catalogue December 25 - 31, 2024 QLD METRO",2024-12-25,2025-01-01,27,Daley St Coffee Beans 1kg,20.0,35.0,15.0,42.86,save_amount,1kg,$2.00 per 100g,WAS$35 | WAS$35 | Daley St Coffee Beans Ikg | $2.00 per 100g,90.89,False,,https://caau.syd1.cdn.digitaloceanspaces.com/wp-content/uploads/catalogue/coles/coles-catalogue-december-25-31-2024-qld-metro/27.jpg,https://www.catalogueau.com/coles/#catalogue=coles/coles-catalogue-december-25-31-2024-qld-metro/,displayed_price,displayed_price;unit_price,2,verified
Coles,QLD METRO,"Coles Catalogue December 25 - 31, 2024 QLD METRO",2024-12-25,2025-01-01,27,Vittoria Coffee Bags 20 Pack,9.8,14.0,4.2,30.0,save_amount,20 Pack,$0.49 per each,WASS14 | WASS14 | Vittoria Coffee Bags 20 Pack | $0.49 per each,96.49,True,single_price_evidence,https://caau.syd1.cdn.digitaloceanspaces.com/wp-content/uploads/catalogue/coles/coles-catalogue-december-25-31-2024-qld-metro/27.jpg,https://www.catalogueau.com/coles/#catalogue=coles/coles-catalogue-december-25-31-2024-qld-metro/,displayed_price,displayed_price,1,review
Coles,QLD METRO,"Coles Catalogue December 25 - 31, 2024 QLD METRO",2024-12-25,2025-01-01,27,L'or Nespresso Compatible Coffee Capsules 10 Pack,5.5,7.5,2.0,26.67,save_amount,10 Pack,$0.55 per each,WAS$7.50 | WAS$7.50 | L'or Nespresso Compatible Coffee Capsules | 10 Pack $0.55 per each | @AT,96.05,False,,https://caau.syd1.cdn.digitaloceanspaces.com/wp-content/uploads/catalogue/coles/coles-catalogue-december-25-31-2024-qld-metro/27.jpg,https://www.catalogueau.com/coles/#catalogue=coles/coles-catalogue-december-25-31-2024-qld-metro/,displayed_price,displayed_price;unit_price,2,verified
Coles,QLD METRO,"Coles Catalogue December 25 - 31, 2024 QLD METRO",2024-12-25,2025-01-01,27,Oatly Full Cream Oat Milk 1 Litre,4.0,5.2,1.2,23.08,save_amount,1 Litre,$4.00 per litre,WASS5.20 | WASS5.20 | Oatly Full Cream Oat Milk 1 Litre | $4.00 per litre. 2nd week on sale,93.35,False,,https://caau.syd1.cdn.digitaloceanspaces.com/wp-content/uploads/catalogue/coles/coles-catalogue-december-25-31-2024-qld-metro/27.jpg,https://www.catalogueau.com/coles/#catalogue=coles/coles-catalogue-december-25-31-2024-qld-metro/,displayed_price,displayed_price;unit_price,2,verified
Coles,QLD METRO,"Coles Catalogue December 25 - 31, 2024 QLD METRO",2024-12-25,2025-01-01,27,Moccona Specialty Blend Coffee 200g,14.35,20.5,6.15,30.0,save_amount,200g,$7.18 per 100g,"WASS$20.50 | WASS$20.50 | Moccona Specialty Blend | Coffee 200g $7.18 per 100g | Coles Group acknowledges the Traditional Custodians of Country throughout Australia | We recognise their strength and pay our respect fo Elders past, present and emerging. | Coles Group extends that respect to all Aboriginal and Torres Strait Islanders people,",95.51,True,single_price_evidence,https://caau.syd1.cdn.digitaloceanspaces.com/wp-content/uploads/catalogue/coles/coles-catalogue-december-25-31-2024-qld-metro/27.jpg,https://www.catalogueau.com/coles/#catalogue=coles/coles-catalogue-december-25-31-2024-qld-metro/,unit_price,unit_price,1,review
Coles,QLD METRO,"Coles Catalogue December 25 - 31, 2024 QLD METRO",2024-12-25,2025-01-01,27,Nescafé Blend 43 500g,18.0,26.0,8.0,30.77,save_amount,500g,$3.60 per 100g,WAS $26 | WAS $26 | Nescafé Blend 43 500g | $3.60 per 100g | and | ging. | N,94.69,False,,https://caau.syd1.cdn.digitaloceanspaces.com/wp-content/uploads/catalogue/coles/coles-catalogue-december-25-31-2024-qld-metro/27.jpg,https://www.catalogueau.com/coles/#catalogue=coles/coles-catalogue-december-25-31-2024-qld-metro/,displayed_price,displayed_price;unit_price,2,verified
Coles,QLD METRO,"Coles Catalogue December 25 - 31, 2024 QLD METRO",2024-12-25,2025-01-01,28,Pic's Peanut Butter 380g,5.0,7.5,2.5,33.33,save_amount,380g,$1.32 per 100g,WASS7.50 | WASS7.50 | Pic's Peanut Butter 380g | $1.32 per 100g. 2nd week on sale,96.62,False,,https://caau.syd1.cdn.digitaloceanspaces.com/wp-content/uploads/catalogue/coles/coles-catalogue-december-25-31-2024-qld-metro/28.jpg,https://www.catalogueau.com/coles/#catalogue=coles/coles-catalogue-december-25-31-2024-qld-metro/,displayed_price,displayed_price;unit_price,2,verified
Coles,QLD METRO,"Coles Catalogue December 25 - 31, 2024 QLD METRO",2024-12-25,2025-01-01,28,Sirena Tuna 95g,2.3,2.95,0.65,22.03,save_amount,95g,$24.21 per kg,WASS2.95 | WASS2.95 | Sirena Tuna 95g | $24.21 per kg | MO,94.91,True,single_price_evidence,https://caau.syd1.cdn.digitaloceanspaces.com/wp-content/uploads/catalogue/coles/coles-catalogue-december-25-31-2024-qld-metro/28.jpg,https://www.catalogueau.com/coles/#catalogue=coles/coles-catalogue-december-25-31-2024-qld-metro/,unit_price,unit_price,1,review
Coles,QLD METRO,"Coles Catalogue December 25 - 31, 2024 QLD METRO",2024-12-25,2025-01-01,28,Green's Pancake Shake Mix 300g-375g,2.8,3.5,0.7,20.0,save_amount,300g; 375g,,WASS3.50 | WASS3.50 | Green's Pancake Shake Mix | 300g-375g On sale for 2 weeks | — — | —ica8e | » | Natural,95.49,True,single_price_evidence,https://caau.syd1.cdn.digitaloceanspaces.com/wp-content/uploads/catalogue/coles/coles-catalogue-december-25-31-2024-qld-metro/28.jpg,https://www.catalogueau.com/coles/#catalogue=coles/coles-catalogue-december-25-31-2024-qld-metro/,displayed_price,displayed_price,1,review
Coles,QLD METRO,"Coles Catalogue December 25 - 31, 2024 QLD METRO",2024-12-25,2025-01-01,28,Kellogg's Nutri Grain 765g,8.0,10.8,2.8,25.93,save_amount,765g,$1.05 per 100g,"WASS$10.80 | WASS$10.80 | Kellogg's Nutri Grain 765g | $1.05 per 100g | Spend $20 in one transaction, scan your Flybuys and receive one Bonus Kitchen Knife credit | when you also purchase a selected product from a participating brand or product range. Limit | of one Bonus Kitchen Knife credit applies per brand, per transaction. $20 spend excludes",95.88,False,,https://caau.syd1.cdn.digitaloceanspaces.com/wp-content/uploads/catalogue/coles/coles-catalogue-december-25-31-2024-qld-metro/28.jpg,https://www.catalogueau.com/coles/#catalogue=coles/coles-catalogue-december-25-31-2024-qld-metro/,displayed_price,displayed_price;unit_price,2,verified
Coles,QLD METRO,"Coles Catalogue December 25 - 31, 2024 QLD METRO",2024-12-25,2025-01-01,28,Mission Salsa 300g,4.4,,,,everyday,300g,$1.47 per 100g,Mission Salsa 300g | $1.47 per 100g,96.7,False,,https://caau.syd1.cdn.digitaloceanspaces.com/wp-content/uploads/catalogue/coles/coles-catalogue-december-25-31-2024-qld-metro/28.jpg,https://www.catalogueau.com/coles/#catalogue=coles/coles-catalogue-december-25-31-2024-qld-metro/,displayed_price,displayed_price;unit_price,2,verified
Coles,QLD METRO,"Coles Catalogue December 25 - 31, 2024 QLD METRO",2024-12-25,2025-01-01,28,Coles Beans 420g,1.1,,,,everyday,420g,$2.62 per kg,Coles Beans 420g | $2.62 per kg,96.42,True,single_price_evidence,https://caau.syd1.cdn.digitaloceanspaces.com/wp-content/uploads/catalogue/coles/coles-catalogue-december-25-31-2024-qld-metro/28.jpg,https://www.catalogueau.com/coles/#catalogue=coles/coles-catalogue-december-25-31-2024-qld-metro/,unit_price,unit_price,1,review
Coles,QLD METRO,"Coles Catalogue December 25 - 31, 2024 QLD METRO",2024-12-25,2025-01-01,28,Heinz Baked Beanz or Spaghetti 4x130g,5.7,,,,everyday,4x130g,$1.10 per 100g,Heinz Baked Beanz or | Spaghetti 4x130g | $1.10 | $1.10 per 100g | =,93.59,True,single_price_evidence,https://caau.syd1.cdn.digitaloceanspaces.com/wp-content/uploads/catalogue/coles/coles-catalogue-december-25-31-2024-qld-metro/28.jpg,https://www.catalogueau.com/coles/#catalogue=coles/coles-catalogue-december-25-31-2024-qld-metro/,unit_price,unit_price,1,review
Coles,QLD METRO,"Coles Catalogue December 25 - 31, 2024 QLD METRO",2024-12-25,2025-01-01,28,Crankt Protein Shake 400mL,4.0,,,,everyday,400mL,$10.00 per litre,Crankt Protein Shake 400mL | $10.00 per litre | SMEG,93.47,False,,https://caau.syd1.cdn.digitaloceanspaces.com/wp-content/uploads/catalogue/coles/coles-catalogue-december-25-31-2024-qld-metro/28.jpg,https://www.catalogueau.com/coles/#catalogue=coles/coles-catalogue-december-25-31-2024-qld-metro/,displayed_price,displayed_price;unit_price,2,verified
Coles,QLD METRO,"Coles Catalogue December 25 - 31, 2024 QLD METRO",2024-12-25,2025-01-01,28,Nice & Natural Nut Bars 180g-192g 2nd week,7.0,,,,everyday,180g; 192g,,Nice & Natural Nut Bars | 180g-192g 2nd week on sale,94.58,True,single_price_evidence,https://caau.syd1.cdn.digitaloceanspaces.com/wp-content/uploads/catalogue/coles/coles-catalogue-december-25-31-2024-qld-metro/28.jpg,https://www.catalogueau.com/coles/#catalogue=coles/coles-catalogue-december-25-31-2024-qld-metro/,displayed_price,displayed_price,1,review
Coles,QLD METRO,"Coles Catalogue December 25 - 31, 2024 QLD METRO",2024-12-25,2025-01-01,29,Wild Tides Tuna 95g,1.5,2.5,1.0,40.0,save_amount,95g,$15.79 per kg,WAS $2.50 | WAS $2.50 | DEC 2024 | Wild Tides Tuna 95g | $15.79 per kg,95.45,True,single_price_evidence,https://caau.syd1.cdn.digitaloceanspaces.com/wp-content/uploads/catalogue/coles/coles-catalogue-december-25-31-2024-qld-metro/29.jpg,https://www.catalogueau.com/coles/#catalogue=coles/coles-catalogue-december-25-31-2024-qld-metro/,unit_price,unit_price,1,review
Coles,QLD METRO,"Coles Catalogue December 25 - 31, 2024 QLD METRO",2024-12-25,2025-01-01,29,Campbell's Real Stock 500mL,2.0,2.75,0.75,27.27,save_amount,500mL,$0.40 per 100mL,SAVE75° | WASS2.75 | Campbell's Real Stock 500mL | $0.40 per 100mL,94.4,False,,https://caau.syd1.cdn.digitaloceanspaces.com/wp-content/uploads/catalogue/coles/coles-catalogue-december-25-31-2024-qld-metro/29.jpg,https://www.catalogueau.com/coles/#catalogue=coles/coles-catalogue-december-25-31-2024-qld-metro/,displayed_price,displayed_price;unit_price,2,verified
Coles,QLD METRO,"Coles Catalogue December 25 - 31, 2024 QLD METRO",2024-12-25,2025-01-01,29,Gravox Liquid Gravy or Finishing Sauce 165g,5.0,7.0,2.0,28.57,save_amount,165g,$1.52 per 100g,SAVE *2 | Gravox Liquid Gravy or Finishing | Sauce 165g $1.52 per 100g. | 2nd week on sale,96.1,True,unit_price_conflict;single_price_evidence,https://caau.syd1.cdn.digitaloceanspaces.com/wp-content/uploads/catalogue/coles/coles-catalogue-december-25-31-2024-qld-metro/29.jpg,https://www.catalogueau.com/coles/#catalogue=coles/coles-catalogue-december-25-31-2024-qld-metro/,displayed_price,displayed_price,1,review
Coles,QLD METRO,"Coles Catalogue December 25 - 31, 2024 QLD METRO",2024-12-25,2025-01-01,29,Gravox Gravy Canister 120g-140g,707.0,709.5,2.5,0.35,save_amount,120g; 140g,,SAVE ‘2.50 | Gravox Gravy Canister | 120g-140g,90.33,True,single_price_evidence,https://caau.syd1.cdn.digitaloceanspaces.com/wp-content/uploads/catalogue/coles/coles-catalogue-december-25-31-2024-qld-metro/29.jpg,https://www.catalogueau.com/coles/#catalogue=coles/coles-catalogue-december-25-31-2024-qld-metro/,displayed_price,displayed_price,1,review
Coles,QLD METRO,"Coles Catalogue December 25 - 31, 2024 QLD METRO",2024-12-25,2025-01-01,29,Lee Kum Kee Premium Soy Sauce 500mL,3.4,4.3,0.9,20.93,save_amount,500mL,$0.68 per 100mL,SAVE 90° | WAS $4.30 | Lee Kum Kee Premium Soy Sauce | 500mL $0.68 per 100mL | SMEG | New,94.08,False,,https://caau.syd1.cdn.digitaloceanspaces.com/wp-content/uploads/catalogue/coles/coles-catalogue-december-25-31-2024-qld-metro/29.jpg,https://www.catalogueau.com/coles/#catalogue=coles/coles-catalogue-december-25-31-2024-qld-metro/,displayed_price,displayed_price;unit_price,2,verified
Coles,QLD METRO,"Coles Catalogue December 25 - 31, 2024 QLD METRO",2024-12-25,2025-01-01,29,Spam Canned Ham 340g,5.4,6.8,1.4,20.59,save_amount,340g,$15.88 per kg,SAVES1.40 | WASS$6.80 | Spam Canned Ham 340g | $15.88 per kg | Spend $20 in one transaction in-store or online at Coles (after savings and discounts have | been applied) and scan your Flybuys to receive one Kitchen Knife credit. Eam credits until,96.47,False,,https://caau.syd1.cdn.digitaloceanspaces.com/wp-content/uploads/catalogue/coles/coles-catalogue-december-25-31-2024-qld-metro/29.jpg,https://www.catalogueau.com/coles/#catalogue=coles/coles-catalogue-december-25-31-2024-qld-metro/,save_was_arithmetic,displayed_price;save_was_arithmetic;unit_price,3,verified
Coles,QLD METRO,"Coles Catalogue December 25 - 31, 2024 QLD METRO",2024-12-25,2025-01-01,29,Heinz Ketchup 500mL,4.0,5.0,1.0,20.0,save_amount,500mL,$0.80 per 100mL,WASS5 | WASS5 | Heinz Ketchup 500mL | $0.80 per 100mL. 2nd week on sale | been applied) and scan your F,93.51,False,,https://caau.syd1.cdn.digitaloceanspaces.com/wp-content/uploads/catalogue/coles/coles-catalogue-december-25-31-2024-qld-metro/29.jpg,https://www.catalogueau.com/coles/#catalogue=coles/coles-catalogue-december-25-31-2024-qld-metro/,displayed_price,displayed_price;unit_price,2,verified
Coles,QLD METRO,"Coles Catalogue December 25 - 31, 2024 QLD METRO",2024-12-25,2025-01-01,29,MasterFoods Relish or Chutney 250g-2,3.6,,,,down_down,250g,,MasterFoods Relish or | Chutney 250g-2 | *See page 28 for TkCs,79.0,True,save_amount_missing;regular_price_missing;low_name_confidence_strict;single_price_evidence,https://caau.syd1.cdn.digitaloceanspaces.com/wp-content/uploads/catalogue/coles/coles-catalogue-december-25-31-2024-qld-metro/29.jpg,https://www.catalogueau.com/coles/#catalogue=coles/coles-catalogue-december-25-31-2024-qld-metro/,displayed_price,displayed_price,1,review
Coles,QLD METRO,"Coles Catalogue December 25 - 31, 2024 QLD METRO",2024-12-25,2025-01-01,29,Always Fresh Black Sliced Olives 440g,5.4,,,,down_down,440g,$12.27 per kg,Always Fresh Black Sliced | Olives 440g $12.27 per kg,96.42,True,single_price_evidence,https://caau.syd1.cdn.digitaloceanspaces.com/wp-content/uploads/catalogue/coles/coles-catalogue-december-25-31-2024-qld-metro/29.jpg,https://www.catalogueau.com/coles/#catalogue=coles/coles-catalogue-december-25-31-2024-qld-metro/,unit_price,unit_price,1,review
Coles,QLD METRO,"Coles Catalogue December 25 - 31, 2024 QLD METRO",2024-12-25,2025-01-01,30,Coles Thickened Cream 600mL,4.5,,,,special,600mL,$0.75 per 100mL,Coles Thickened Cream | 600mL $0.75 per 100mL,92.77,True,single_price_evidence,https://caau.syd1.cdn.digitaloceanspaces.com/wp-content/uploads/catalogue/coles/coles-catalogue-december-25-31-2024-qld-metro/30.jpg,https://www.catalogueau.com/coles/#catalogue=coles/coles-catalogue-december-25-31-2024-qld-metro/,unit_price,unit_price,1,review
Coles,QLD METRO,"Coles Catalogue December 25 - 31, 2024 QLD METRO",2024-12-25,2025-01-01,30,Farmers Union Greek Style Yoghurt 950g-1kg,6.5,,,,special,950g; 1kg,,Farmers Union Greek Style | Yoghurt 950g-1kg,94.11,True,offer_labels_missing;save_amount_missing;regular_price_missing;single_price_evidence,https://caau.syd1.cdn.digitaloceanspaces.com/wp-content/uploads/catalogue/coles/coles-catalogue-december-25-31-2024-qld-metro/30.jpg,https://www.catalogueau.com/coles/#catalogue=coles/coles-catalogue-december-25-31-2024-qld-metro/,displayed_price,displayed_price,1,review
Coles,QLD METRO,"Coles Catalogue December 25 - 31, 2024 QLD METRO",2024-12-25,2025-01-01,30,Pauls Plus Protein Yoghurt 160g,2.0,,,,special,160g,$1.25 per 100g,Pauls Plus Protein Yoghurt 160g | $1.25 per 100g. 2nd week on sale,96.47,False,,https://caau.syd1.cdn.digitaloceanspaces.com/wp-content/uploads/catalogue/coles/coles-catalogue-december-25-31-2024-qld-metro/30.jpg,https://www.catalogueau.com/coles/#catalogue=coles/coles-catalogue-december-25-31-2024-qld-metro/,displayed_price,displayed_price;unit_price,2,verified
Coles,QLD METRO,"Coles Catalogue December 25 - 31, 2024 QLD METRO",2024-12-25,2025-01-01,30,Dairy Farmers Thick & Creamy Yoghurt 550g-600g,3.0,,,,special,550g; 600g,,Dairy Farmers Thick | & Creamy Yoghurt 550g-600g | 2nd week on sale,94.45,True,offer_labels_missing;save_amount_missing;regular_price_missing;single_price_evidence,https://caau.syd1.cdn.digitaloceanspaces.com/wp-content/uploads/catalogue/coles/coles-catalogue-december-25-31-2024-qld-metro/30.jpg,https://www.catalogueau.com/coles/#catalogue=coles/coles-catalogue-december-25-31-2024-qld-metro/,displayed_price,displayed_price,1,review
Coles,QLD METRO,"Coles Catalogue December 25 - 31, 2024 QLD METRO",2024-12-25,2025-01-01,30,Flora ProActiv 500g,6.9,,,,special,500g,$1.38 per 100g,Flora ProActiv 500g | $1.38 per 100g. 2nd week on sale,93.52,False,,https://caau.syd1.cdn.digitaloceanspaces.com/wp-content/uploads/catalogue/coles/coles-catalogue-december-25-31-2024-qld-metro/30.jpg,https://www.catalogueau.com/coles/#catalogue=coles/coles-catalogue-december-25-31-2024-qld-metro/,displayed_price,displayed_price;unit_price,2,verified
Coles,QLD METRO,"Coles Catalogue December 25 - 31, 2024 QLD METRO",2024-12-25,2025-01-01,30,Chobani No Sugar Added Greek Yogurt Pouch 100g,6.0,,,,special,100g,$1.50 per 100g,Chobani No Sugar Added Greek | Yogurt Pouch 100g $1.50 per 100g | QLD METRO-2512-24-312231,95.74,True,offer_labels_missing;save_amount_missing;regular_price_missing;unit_price_conflict;single_price_evidence,https://caau.syd1.cdn.digitaloceanspaces.com/wp-content/uploads/catalogue/coles/coles-catalogue-december-25-31-2024-qld-metro/30.jpg,https://www.catalogueau.com/coles/#catalogue=coles/coles-catalogue-december-25-31-2024-qld-metro/,displayed_price,displayed_price,1,review
Coles,QLD METRO,"Coles Catalogue December 25 - 31, 2024 QLD METRO",2024-12-25,2025-01-01,30,"Little Entertainers Mersey Valley, Tasmanian Heritage or South Cape Cheese 80g",12.0,,,,special,80g,$50.00 per kg,"Little Entertainers Mersey Valley, | Tasmanian Heritage or South | Cape Cheese 80g $50.00 per kg | 30",96.44,True,offer_labels_missing;save_amount_missing;regular_price_missing;unit_price_conflict;single_price_evidence,https://caau.syd1.cdn.digitaloceanspaces.com/wp-content/uploads/catalogue/coles/coles-catalogue-december-25-31-2024-qld-metro/30.jpg,https://www.catalogueau.com/coles/#catalogue=coles/coles-catalogue-december-25-31-2024-qld-metro/,displayed_price,displayed_price,1,review
Coles,QLD METRO,"Coles Catalogue December 25 - 31, 2024 QLD METRO",2024-12-25,2025-01-01,31,Yumi's Dip 200g,3.5,4.5,1.0,22.22,save_amount,200g,$1.75 per 100g,WASS4.50 | WASS4.50 | Yumi's Dip 200g | $1.75 per 100g. 2nd week on sale,94.04,False,,https://caau.syd1.cdn.digitaloceanspaces.com/wp-content/uploads/catalogue/coles/coles-catalogue-december-25-31-2024-qld-metro/31.jpg,https://www.catalogueau.com/coles/#catalogue=coles/coles-catalogue-december-25-31-2024-qld-metro/,displayed_price,displayed_price;unit_price,2,verified
Coles,QLD METRO,"Coles Catalogue December 25 - 31, 2024 QLD METRO",2024-12-25,2025-01-01,31,Unicorn Classic Camembert or Brie 125g,4.0,6.0,2.0,33.33,save_amount,125g,$32.00 per kg,SAVES2 | WASS6 | Unicorn Classic Camembert | or Brie 125g $32.00 per kg | Obela | hd,96.47,False,,https://caau.syd1.cdn.digitaloceanspaces.com/wp-content/uploads/catalogue/coles/coles-catalogue-december-25-31-2024-qld-metro/31.jpg,https://www.catalogueau.com/coles/#catalogue=coles/coles-catalogue-december-25-31-2024-qld-metro/,save_was_arithmetic,displayed_price;save_was_arithmetic;unit_price,3,verified
Coles,QLD METRO,"Coles Catalogue December 25 - 31, 2024 QLD METRO",2024-12-25,2025-01-01,31,Red Rock Deli Dip 135g,7.0,10.0,3.0,30.0,save_amount,135g,$2.59 per 100g,SAVES3 | Red Rock Deli Dip 135g | $2.59 per 100g. 2nd week on sale | a | —,96.27,True,unit_price_conflict;single_price_evidence,https://caau.syd1.cdn.digitaloceanspaces.com/wp-content/uploads/catalogue/coles/coles-catalogue-december-25-31-2024-qld-metro/31.jpg,https://www.catalogueau.com/coles/#catalogue=coles/coles-catalogue-december-25-31-2024-qld-metro/,displayed_price,displayed_price,1,review
Coles,QLD METRO,"Coles Catalogue December 25 - 31, 2024 QLD METRO",2024-12-25,2025-01-01,31,Castello Half Moon Cheese 150g,12.0,15.0,3.0,20.0,save_amount,150g,$40.00 per kg,SAVE%3 | Castello Half Moon Cheese 150g | $40.00 per kg | rm,96.35,True,unit_price_conflict;single_price_evidence,https://caau.syd1.cdn.digitaloceanspaces.com/wp-content/uploads/catalogue/coles/coles-catalogue-december-25-31-2024-qld-metro/31.jpg,https://www.catalogueau.com/coles/#catalogue=coles/coles-catalogue-december-25-31-2024-qld-metro/,displayed_price,displayed_price,1,review
Coles,QLD METRO,"Coles Catalogue December 25 - 31, 2024 QLD METRO",2024-12-25,2025-01-01,31,Lemnos Haloumi 180g,5.6,7.0,1.4,20.0,save_amount,180g,$31.11 per kg,SAVES1.40 | WASS7 | Lemnos Haloumi 180g | $31.11 per kg. 2nd week on sale | Shop online for even,79.0,True,low_name_confidence_strict,https://caau.syd1.cdn.digitaloceanspaces.com/wp-content/uploads/catalogue/coles/coles-catalogue-december-25-31-2024-qld-metro/31.jpg,https://www.catalogueau.com/coles/#catalogue=coles/coles-catalogue-december-25-31-2024-qld-metro/,save_was_arithmetic,displayed_price;save_was_arithmetic;unit_price,3,review
Coles,QLD METRO,"Coles Catalogue December 25 - 31, 2024 QLD METRO",2024-12-25,2025-01-01,31,Jarlsberg Cheese Slices 150g,6.5,8.5,2.0,23.53,save_amount,150g,$43.33 per kg,SAVE‘2 | WASS$8.50 | Jarlsberg Cheese Slices 150g | $43.33 per kg. 2nd week on sale | Shop online for even,94.62,False,,https://caau.syd1.cdn.digitaloceanspaces.com/wp-content/uploads/catalogue/coles/coles-catalogue-december-25-31-2024-qld-metro/31.jpg,https://www.catalogueau.com/coles/#catalogue=coles/coles-catalogue-december-25-31-2024-qld-metro/,save_was_arithmetic,save_was_arithmetic;unit_price,2,verified
Coles,QLD METRO,"Coles Catalogue December 25 - 31, 2024 QLD METRO",2024-12-25,2025-01-01,31,Obela Garnished Hommus Dip 220g,4.0,5.5,1.5,27.27,save_amount,220g,$1.82 per 100g,SAVE51.50 | WASS5.50 | Obela Garnished Hommus Dip | 220g $1.82 per 100g | 2nd week on sale,94.19,True,single_price_evidence,https://caau.syd1.cdn.digitaloceanspaces.com/wp-content/uploads/catalogue/coles/coles-catalogue-december-25-31-2024-qld-metro/31.jpg,https://www.catalogueau.com/coles/#catalogue=coles/coles-catalogue-december-25-31-2024-qld-metro/,unit_price,unit_price,1,review
Coles,QLD METRO,"Coles Catalogue December 25 - 31, 2024 QLD METRO",2024-12-25,2025-01-01,31,La Casa Del Formaggio Bocconcini 220g,6.0,,,,special,220g,$27.27 per kg,La Casa Del Formaggio Bocconcini 220g | $27.27 per kg,92.89,False,,https://caau.syd1.cdn.digitaloceanspaces.com/wp-content/uploads/catalogue/coles/coles-catalogue-december-25-31-2024-qld-metro/31.jpg,https://www.catalogueau.com/coles/#catalogue=coles/coles-catalogue-december-25-31-2024-qld-metro/,displayed_price,displayed_price;unit_price,2,verified
Coles,QLD METRO,"Coles Catalogue December 25 - 31, 2024 QLD METRO",2024-12-25,2025-01-01,32,Original Juice Co Fruit and Veg Juice 1 Litre,4.5,6.0,1.5,25.0,save_amount,1 Litre,$4.50 per litre,WASS6 | WASS6 | Original Juice Co Fruit and Veg | Juice 1 Litre $4.50 per litre. | 2nd week on sale | = = | =,96.2,True,single_price_evidence,https://caau.syd1.cdn.digitaloceanspaces.com/wp-content/uploads/catalogue/coles/coles-catalogue-december-25-31-2024-qld-metro/32.jpg,https://www.catalogueau.com/coles/#catalogue=coles/coles-catalogue-december-25-31-2024-qld-metro/,unit_price,unit_price,1,review
Coles,QLD METRO,"Coles Catalogue December 25 - 31, 2024 QLD METRO",2024-12-25,2025-01-01,32,Rokeby Protein Smoothie 425mL,3.6,4.65,1.05,22.58,save_amount,425mL,$8.47 per litre,WAS $4.65 | WAS $4.65 | Rokeby Protein Smoothie 425mL | $8.47 per litre | QLD METRO-2512-24-312231,94.33,False,,https://caau.syd1.cdn.digitaloceanspaces.com/wp-content/uploads/catalogue/coles/coles-catalogue-december-25-31-2024-qld-metro/32.jpg,https://www.catalogueau.com/coles/#catalogue=coles/coles-catalogue-december-25-31-2024-qld-metro/,displayed_price,displayed_price;unit_price,2,verified
Coles,QLD METRO,"Coles Catalogue December 25 - 31, 2024 QLD METRO",2024-12-25,2025-01-01,32,Dare Flavoured Milk 500mL,3.3,4.15,0.85,20.48,save_amount,500mL,$6.60 per litre,WASS4.15 | WASS4.15 | Dare Flavoured Milk 500mL | $6.60 per litre,94.52,False,,https://caau.syd1.cdn.digitaloceanspaces.com/wp-content/uploads/catalogue/coles/coles-catalogue-december-25-31-2024-qld-metro/32.jpg,https://www.catalogueau.com/coles/#catalogue=coles/coles-catalogue-december-25-31-2024-qld-metro/,displayed_price,displayed_price;unit_price,2,verified
Coles,QLD METRO,"Coles Catalogue December 25 - 31, 2024 QLD METRO",2024-12-25,2025-01-01,32,Ice Break Flavoured Milk 750mL,4.2,5.25,1.05,20.0,save_amount,750mL,$5.60 per litre,WASS$5.25 | WASS$5.25 | Ice Break Flavoured Milk 750mL | $5.60 per litre,95.15,True,single_price_evidence,https://caau.syd1.cdn.digitaloceanspaces.com/wp-content/uploads/catalogue/coles/coles-catalogue-december-25-31-2024-qld-metro/32.jpg,https://www.catalogueau.com/coles/#catalogue=coles/coles-catalogue-december-25-31-2024-qld-metro/,unit_price,unit_price,1,review
Coles,QLD METRO,"Coles Catalogue December 25 - 31, 2024 QLD METRO",2024-12-25,2025-01-01,32,Coles Filled Pasta 600g,6.0,,,,everyday,600g,$1.00 per 100g,Coles Filled Pasta 600g | $1.00 per 100g | Rich,96.33,False,,https://caau.syd1.cdn.digitaloceanspaces.com/wp-content/uploads/catalogue/coles/coles-catalogue-december-25-31-2024-qld-metro/32.jpg,https://www.catalogueau.com/coles/#catalogue=coles/coles-catalogue-december-25-31-2024-qld-metro/,displayed_price,displayed_price;unit_price,2,verified
Coles,QLD METRO,"Coles Catalogue December 25 - 31, 2024 QLD METRO",2024-12-25,2025-01-01,32,Coles Kitchen Garlic Baguette Twin Pack 450g,3.2,,,,everyday,450g,$0.71 per 100g,Coles Kitchen Garlic Baguette | Twin Pack 450g $0.71 per 100g,96.32,True,single_price_evidence,https://caau.syd1.cdn.digitaloceanspaces.com/wp-content/uploads/catalogue/coles/coles-catalogue-december-25-31-2024-qld-metro/32.jpg,https://www.catalogueau.com/coles/#catalogue=coles/coles-catalogue-december-25-31-2024-qld-metro/,unit_price,unit_price,1,review
Coles,QLD METRO,"Coles Catalogue December 25 - 31, 2024 QLD METRO",2024-12-25,2025-01-01,32,Coles Beef Lasagne 1.8kg,12.5,,,,everyday,1.8kg,$0.69 per 100g,Coles Beef Lasagne 1.8kg | $0.69 per 100g | my Kitchen,93.86,True,single_price_evidence,https://caau.syd1.cdn.digitaloceanspaces.com/wp-content/uploads/catalogue/coles/coles-catalogue-december-25-31-2024-qld-metro/32.jpg,https://www.catalogueau.com/coles/#catalogue=coles/coles-catalogue-december-25-31-2024-qld-metro/,displayed_price,displayed_price,1,review
Coles,QLD METRO,"Coles Catalogue December 25 - 31, 2024 QLD METRO",2024-12-25,2025-01-01,32,Coles Kitchen Meal 310g-350g,15.0,,,,everyday,310g; 350g,,Coles Kitchen Meal | 310g-350g | 31 | ‘],79.0,True,low_name_confidence_strict;single_price_evidence,https://caau.syd1.cdn.digitaloceanspaces.com/wp-content/uploads/catalogue/coles/coles-catalogue-december-25-31-2024-qld-metro/32.jpg,https://www.catalogueau.com/coles/#catalogue=coles/coles-catalogue-december-25-31-2024-qld-metro/,displayed_price,displayed_price,1,review
Coles,QLD METRO,"Coles Catalogue December 25 - 31, 2024 QLD METRO",2024-12-25,2025-01-01,32,Coles Kitchen Pizza 360g-410g,12.0,,,,everyday,360g; 410g,,Coles Kitchen Pizza | 360g-410g | LETTE,79.0,True,low_name_confidence_strict;single_price_evidence,https://caau.syd1.cdn.digitaloceanspaces.com/wp-content/uploads/catalogue/coles/coles-catalogue-december-25-31-2024-qld-metro/32.jpg,https://www.catalogueau.com/coles/#catalogue=coles/coles-catalogue-december-25-31-2024-qld-metro/,displayed_price,displayed_price,1,review
Coles,QLD METRO,"Coles Catalogue December 25 - 31, 2024 QLD METRO",2024-12-25,2025-01-01,33,Hong Kong Dim Sim Kitchen Pork & Chive Dumplings 300g,4.25,8.5,4.25,50.0,half_price,300g,$1.42 per 100g,SAVES4.25 | WAS$8.50 | Hong Kong Dim Sim Kitchen Pork & Chive | Dumplings 300g $1.42 per 100g | 7a | — | fs,96.15,False,,https://caau.syd1.cdn.digitaloceanspaces.com/wp-content/uploads/catalogue/coles/coles-catalogue-december-25-31-2024-qld-metro/33.jpg,https://www.catalogueau.com/coles/#catalogue=coles/coles-catalogue-december-25-31-2024-qld-metro/,save_was_arithmetic,save_was_arithmetic;unit_price,2,verified
Coles,QLD METRO,"Coles Catalogue December 25 - 31, 2024 QLD METRO",2024-12-25,2025-01-01,33,KB's Salt and Pepper Squid 360g or Tempura Prawns 300g,5.25,10.5,5.25,50.0,half_price,360g; 300g,,SAVES5.25 | WASS10.50 | KB's Salt and Pepper Squid 360g or | Tempura Prawns 300g | Me | RUSTICA | 1 | ‘,96.09,True,single_price_evidence,https://caau.syd1.cdn.digitaloceanspaces.com/wp-content/uploads/catalogue/coles/coles-catalogue-december-25-31-2024-qld-metro/33.jpg,https://www.catalogueau.com/coles/#catalogue=coles/coles-catalogue-december-25-31-2024-qld-metro/,save_was_arithmetic,save_was_arithmetic,1,review
Coles,QLD METRO,"Coles Catalogue December 25 - 31, 2024 QLD METRO",2024-12-25,2025-01-01,33,"1&J Raw Prawns Tail On, Tail Off or Extra Large Tail On 500g",36.0,48.0,12.0,25.0,save_amount,500g,$36.00 per kg,"SAVE “12 | 1&J Raw Prawns Tail On, | Tail Off or Extra Large | Tail On 500g | $36.00 per kg",95.78,True,unit_price_conflict;single_price_evidence,https://caau.syd1.cdn.digitaloceanspaces.com/wp-content/uploads/catalogue/coles/coles-catalogue-december-25-31-2024-qld-metro/33.jpg,https://www.catalogueau.com/coles/#catalogue=coles/coles-catalogue-december-25-31-2024-qld-metro/,displayed_price,displayed_price,1,review
Coles,QLD METRO,"Coles Catalogue December 25 - 31, 2024 QLD METRO",2024-12-25,2025-01-01,33,Patties Frozen Party Pack 30 Pieces 1.25kg,14.4,18.0,3.6,20.0,save_amount,1.25kg,$1.15 per 100g,SAVE3.60 | WASS18 | Patties Frozen Party Pack | 30 Pieces 1.25kg | $1.15 per 100g,95.16,True,single_price_evidence,https://caau.syd1.cdn.digitaloceanspaces.com/wp-content/uploads/catalogue/coles/coles-catalogue-december-25-31-2024-qld-metro/33.jpg,https://www.catalogueau.com/coles/#catalogue=coles/coles-catalogue-december-25-31-2024-qld-metro/,save_was_arithmetic,save_was_arithmetic,1,review
Coles,QLD METRO,"Coles Catalogue December 25 - 31, 2024 QLD METRO",2024-12-25,2025-01-01,33,McCain Rustica Pizza 335g-450,8.8,11.0,2.2,20.0,save_amount,335g,,SAVE52.20 | WASS11 | McCain Rustica Pizza | 335g-450 | 2nd week on sale | RELL | Kit,79.0,True,low_name_confidence_strict;single_price_evidence,https://caau.syd1.cdn.digitaloceanspaces.com/wp-content/uploads/catalogue/coles/coles-catalogue-december-25-31-2024-qld-metro/33.jpg,https://www.catalogueau.com/coles/#catalogue=coles/coles-catalogue-december-25-31-2024-qld-metro/,displayed_price,displayed_price,1,review
Coles,QLD METRO,"Coles Catalogue December 25 - 31, 2024 QLD METRO",2024-12-25,2025-01-01,33,Core Powerfoods Frozen Meal 3!,7.5,9.5,2.0,21.05,save_amount,,$2.14 per 100g,WASS$9.50 | WASS$9.50 | Core Powerfoods Frozen | Meal 3! | $2.14 per 100g | IpICKERS,93.64,True,single_price_evidence,https://caau.syd1.cdn.digitaloceanspaces.com/wp-content/uploads/catalogue/coles/coles-catalogue-december-25-31-2024-qld-metro/33.jpg,https://www.catalogueau.com/coles/#catalogue=coles/coles-catalogue-december-25-31-2024-qld-metro/,displayed_price,displayed_price,1,review
Coles,QLD METRO,"Coles Catalogue December 25 - 31, 2024 QLD METRO",2024-12-25,2025-01-01,33,Pickers Mini Italian Herb Mozzarella Sticks 230g,6.0,750.0,744.0,99.2,save_amount,230g,$2.61 per 100g,WAS$750 | WAS$750 | Pickers Mini Italian Herb | Mozzarella Sticks 230g | $2.61 per 100g. | 2nd week on sale | 33,94.74,False,,https://caau.syd1.cdn.digitaloceanspaces.com/wp-content/uploads/catalogue/coles/coles-catalogue-december-25-31-2024-qld-metro/33.jpg,https://www.catalogueau.com/coles/#catalogue=coles/coles-catalogue-december-25-31-2024-qld-metro/,displayed_price,displayed_price;unit_price,2,verified
Coles,QLD METRO,"Coles Catalogue December 25 - 31, 2024 QLD METRO",2024-12-25,2025-01-01,33,Four'N Twenty Angus Beef Pie 4 Pack 700,8.9,12.0,3.1,25.83,save_amount,4 Pack,$1.27 per 100g,SAVES3.10 | WASS12 | Four'N Twenty Angus Beef | Pie 4 Pack 700 | ‘:) | $1.27 per 100g | QLD METRO-2512-24-312231,79.0,True,low_name_confidence_strict,https://caau.syd1.cdn.digitaloceanspaces.com/wp-content/uploads/catalogue/coles/coles-catalogue-december-25-31-2024-qld-metro/33.jpg,https://www.catalogueau.com/coles/#catalogue=coles/coles-catalogue-december-25-31-2024-qld-metro/,save_was_arithmetic,displayed_price;save_was_arithmetic,2,review
Coles,QLD METRO,"Coles Catalogue December 25 - 31, 2024 QLD METRO",2024-12-25,2025-01-01,33,Coles Kitchen Entertaining Snacks 160g-330g,15.0,17.4,2.4,13.79,save_amount,160g; 330g,,SAVE‘2.40 | Coles Kitchen | Entertaining Snacks | 160g-330g,94.65,True,single_price_evidence,https://caau.syd1.cdn.digitaloceanspaces.com/wp-content/uploads/catalogue/coles/coles-catalogue-december-25-31-2024-qld-metro/33.jpg,https://www.catalogueau.com/coles/#catalogue=coles/coles-catalogue-december-25-31-2024-qld-metro/,displayed_price,displayed_price,1,review
Coles,QLD METRO,"Coles Catalogue December 25 - 31, 2024 QLD METRO",2024-12-25,2025-01-01,33,KB's Gyoza 750g,14.4,,,,special,750g,$1.92 per 100g,KB's Gyoza 750g | $1.92 per 100g,93.1,False,,https://caau.syd1.cdn.digitaloceanspaces.com/wp-content/uploads/catalogue/coles/coles-catalogue-december-25-31-2024-qld-metro/33.jpg,https://www.catalogueau.com/coles/#catalogue=coles/coles-catalogue-december-25-31-2024-qld-metro/,displayed_price,displayed_price;unit_price,2,verified
Coles,QLD METRO,"Coles Catalogue December 25 - 31, 2024 QLD METRO",2024-12-25,2025-01-01,34,Streets Paddle Pop 8 Pack 544mL,4.5,9.0,4.5,50.0,half_price,8 Pack; 544mL,$0.83 per 100mL,WASS9 | WASS9 | Streets Paddle Pop 8 Pack 544mL | $0.83 per 100mL | CONNOISSEUR,94.89,True,inferred_price_requires_review,https://caau.syd1.cdn.digitaloceanspaces.com/wp-content/uploads/catalogue/coles/coles-catalogue-december-25-31-2024-qld-metro/34.jpg,https://www.catalogueau.com/coles/#catalogue=coles/coles-catalogue-december-25-31-2024-qld-metro/,unit_price,page_discount;unit_price,1,review
Coles,QLD METRO,"Coles Catalogue December 25 - 31, 2024 QLD METRO",2024-12-25,2025-01-01,34,The Sweetporium Ice Cream Sticks 4 Pack 380mL,6.0,9.0,3.0,33.33,save_amount,4 Pack; 380mL,$1.58 per 100mL,WASS9 | WASS9 | The Sweetporium Ice Cream Sticks | 4 Pack 380mL $1.58 per 100mL | a |,92.96,False,,https://caau.syd1.cdn.digitaloceanspaces.com/wp-content/uploads/catalogue/coles/coles-catalogue-december-25-31-2024-qld-metro/34.jpg,https://www.catalogueau.com/coles/#catalogue=coles/coles-catalogue-december-25-31-2024-qld-metro/,displayed_price,displayed_price;unit_price,2,verified
Coles,QLD METRO,"Coles Catalogue December 25 - 31, 2024 QLD METRO",2024-12-25,2025-01-01,34,Connoisseur Ice Cream 4 Pack-6 Pack 360mL-400mL,6.0,12.0,6.0,50.0,half_price,4 Pack; 6 Pack; 360mL; 400mL,,WASS12 | WASS12 | Connoisseur Ice Cream | 4 Pack-6 Pack 360mL-400mL | On sale for 2 weeks. | *See page 28 forT&Cs,94.08,True,inferred_price_requires_review,https://caau.syd1.cdn.digitaloceanspaces.com/wp-content/uploads/catalogue/coles/coles-catalogue-december-25-31-2024-qld-metro/34.jpg,https://www.catalogueau.com/coles/#catalogue=coles/coles-catalogue-december-25-31-2024-qld-metro/,page_discount_inference,page_discount,0,review
Coles,QLD METRO,"Coles Catalogue December 25 - 31, 2024 QLD METRO",2024-12-25,2025-01-01,34,Mars Frozen Smooth & Creamy Bar 5 Pack 247mL,6.0,9.5,3.5,36.84,save_amount,5 Pack; 247mL,$2.43 per 100mL,WASS9.50 | WASS9.50 | Mars Frozen Smooth & Creamy | Bar 5 Pack 247mL | $2.43 per 100mL | ——,94.32,False,,https://caau.syd1.cdn.digitaloceanspaces.com/wp-content/uploads/catalogue/coles/coles-catalogue-december-25-31-2024-qld-metro/34.jpg,https://www.catalogueau.com/coles/#catalogue=coles/coles-catalogue-december-25-31-2024-qld-metro/,displayed_price,displayed_price;unit_price,2,verified
Coles,QLD METRO,"Coles Catalogue December 25 - 31, 2024 QLD METRO",2024-12-25,2025-01-01,34,Peters Frosty Fruits 6 Pack-8 Pack 420mL-600mL 2nd week,4.5,9.0,4.5,50.0,half_price,6 Pack; 8 Pack; 420mL; 600mL,,WASS9 | WASS9 | Peters Frosty Fruits 6 Pack-8 Pack | 420mL-600mL 2nd week on sale | = | = | — | JON,94.22,True,inferred_price_requires_review,https://caau.syd1.cdn.digitaloceanspaces.com/wp-content/uploads/catalogue/coles/coles-catalogue-december-25-31-2024-qld-metro/34.jpg,https://www.catalogueau.com/coles/#catalogue=coles/coles-catalogue-december-25-31-2024-qld-metro/,page_discount_inference,page_discount,0,review
Coles,QLD METRO,"Coles Catalogue December 25 - 31, 2024 QLD METRO",2024-12-25,2025-01-01,34,Destination Italy Gelato 500mL,10.0,12.5,2.5,20.0,save_amount,500mL,$2.00 per 100mL,WASS12.50 | WASS12.50 | Destination Italy Gelato 500mL | $2.00 per 100mL,90.83,False,,https://caau.syd1.cdn.digitaloceanspaces.com/wp-content/uploads/catalogue/coles/coles-catalogue-december-25-31-2024-qld-metro/34.jpg,https://www.catalogueau.com/coles/#catalogue=coles/coles-catalogue-december-25-31-2024-qld-metro/,displayed_price,displayed_price;unit_price,2,verified
Coles,QLD METRO,"Coles Catalogue December 25 - 31, 2024 QLD METRO",2024-12-25,2025-01-01,34,Coles Irresistible Ice Cream Mini 6 Pack 360mL,5.5,,,,special,6 Pack; 360mL,$1.53 per 100mL,Coles Irresistible Ice Cream Mini | 6 Pack 360mL $1.53 per 100mL | QLD METRO-2512-24-312231,90.85,False,,https://caau.syd1.cdn.digitaloceanspaces.com/wp-content/uploads/catalogue/coles/coles-catalogue-december-25-31-2024-qld-metro/34.jpg,https://www.catalogueau.com/coles/#catalogue=coles/coles-catalogue-december-25-31-2024-qld-metro/,displayed_price,displayed_price;unit_price,2,verified
Coles,QLD METRO,"Coles Catalogue December 25 - 31, 2024 QLD METRO",2024-12-25,2025-01-01,35,Hismile Pink Lemonade or Mint Chocolate Toothpaste 60g,6.5,13.0,6.5,50.0,half_price,60g,$10.83 per 100g,SAVES6.50 | WASS13 | Hismile Pink Lemonade | or Mint Chocolate | Toothpaste 60g | $10.83 per 100g | 2nd week on sale,95.96,False,,https://caau.syd1.cdn.digitaloceanspaces.com/wp-content/uploads/catalogue/coles/coles-catalogue-december-25-31-2024-qld-metro/35.jpg,https://www.catalogueau.com/coles/#catalogue=coles/coles-catalogue-december-25-31-2024-qld-metro/,save_was_arithmetic,displayed_price;save_was_arithmetic;unit_price,3,verified
Coles,QLD METRO,"Coles Catalogue December 25 - 31, 2024 QLD METRO",2024-12-25,2025-01-01,35,Oral B 3D White Luxe Toothpaste 95g,5.0,10.0,5.0,50.0,half_price,95g,$5.26 per 100g,SAVESS | WASS10 | Oral B 3D White Luxe | Toothpaste 95g | $5.26 per 100g,95.73,False,,https://caau.syd1.cdn.digitaloceanspaces.com/wp-content/uploads/catalogue/coles/coles-catalogue-december-25-31-2024-qld-metro/35.jpg,https://www.catalogueau.com/coles/#catalogue=coles/coles-catalogue-december-25-31-2024-qld-metro/,displayed_price,displayed_price;unit_price,2,verified
Coles,QLD METRO,"Coles Catalogue December 25 - 31, 2024 QLD METRO",2024-12-25,2025-01-01,35,Colgate Advanced Whitening & Tartar or Max Fresh Toothpaste 115g,3.25,6.5,3.25,50.0,half_price,115g,$2.83 per 100g,SAVES3.25 | WASS6.50 | Colgate Advanced Whitening & Tartar or | Max Fresh Toothpaste 115g $2.83 per 100g. | *See page 28 forT&Cs | oo | Med,96.04,False,,https://caau.syd1.cdn.digitaloceanspaces.com/wp-content/uploads/catalogue/coles/coles-catalogue-december-25-31-2024-qld-metro/35.jpg,https://www.catalogueau.com/coles/#catalogue=coles/coles-catalogue-december-25-31-2024-qld-metro/,save_was_arithmetic,save_was_arithmetic;unit_price,2,verified
Coles,QLD METRO,"Coles Catalogue December 25 - 31, 2024 QLD METRO",2024-12-25,2025-01-01,35,Colgate 360 Degree Optic White Soft Toothbrush 3 Pack,7.0,14.0,7.0,50.0,half_price,3 Pack,$2.33 per each,WASS14 | WASS14 | Colgate 360 Degree Optic White Soft | Toothbrush 3 Pack $2.33 per each | On sale for 2 weeks. *See page 28 forT&Cs | > | @,95.82,False,,https://caau.syd1.cdn.digitaloceanspaces.com/wp-content/uploads/catalogue/coles/coles-catalogue-december-25-31-2024-qld-metro/35.jpg,https://www.catalogueau.com/coles/#catalogue=coles/coles-catalogue-december-25-31-2024-qld-metro/,displayed_price,displayed_price;unit_price,2,verified
Coles,QLD METRO,"Coles Catalogue December 25 - 31, 2024 QLD METRO",2024-12-25,2025-01-01,35,Listerine Freshburst or Freshburst Zero Mouthwash 500mL,4.0,8.0,4.0,50.0,half_price,500mL,$0.80 per 100mL,SAVE*4 | WASS8 | Listerine Freshburst | or Freshburst Zero | Mouthwash 500mL | $0.80 per 100mL,92.41,False,,https://caau.syd1.cdn.digitaloceanspaces.com/wp-content/uploads/catalogue/coles/coles-catalogue-december-25-31-2024-qld-metro/35.jpg,https://www.catalogueau.com/coles/#catalogue=coles/coles-catalogue-december-25-31-2024-qld-metro/,save_was_arithmetic,displayed_price;save_was_arithmetic;unit_price,3,verified
Coles,QLD METRO,"Coles Catalogue December 25 - 31, 2024 QLD METRO",2024-12-25,2025-01-01,35,Sensodyne Repair & Protect Toothpaste 100g*,8.5,12.3,3.8,30.89,save_amount,100g,$8.50 per 100g,SAVES3.80 | WASS12.30 | Sensodyne Repair | & Protect Toothpaste | 100g* $8.50 per 100g,94.07,False,,https://caau.syd1.cdn.digitaloceanspaces.com/wp-content/uploads/catalogue/coles/coles-catalogue-december-25-31-2024-qld-metro/35.jpg,https://www.catalogueau.com/coles/#catalogue=coles/coles-catalogue-december-25-31-2024-qld-metro/,save_was_arithmetic,save_was_arithmetic;unit_price,2,verified
Coles,QLD METRO,"Coles Catalogue December 25 - 31, 2024 QLD METRO",2024-12-25,2025-01-01,35,Pantene Shampoo or Conditioner 900mL,10.0,20.0,10.0,50.0,half_price,900mL,$1.11 per 100mL,SAVE*10 | WASS20 | Pantene Shampoo | or Conditioner 900mL | $1.11 per 100mL,94.55,False,,https://caau.syd1.cdn.digitaloceanspaces.com/wp-content/uploads/catalogue/coles/coles-catalogue-december-25-31-2024-qld-metro/35.jpg,https://www.catalogueau.com/coles/#catalogue=coles/coles-catalogue-december-25-31-2024-qld-metro/,save_was_arithmetic,displayed_price;save_was_arithmetic;unit_price,3,verified
Coles,QLD METRO,"Coles Catalogue December 25 - 31, 2024 QLD METRO",2024-12-25,2025-01-01,35,Pantene Shampoo or Conditioner 375mL,5.0,10.0,5.0,50.0,half_price,375mL,$1.33 per 100mL,SAVESS: | WASS10 | Pantene Shampoo | or Conditioner 375mL | $1.33 per 100mL,94.63,False,,https://caau.syd1.cdn.digitaloceanspaces.com/wp-content/uploads/catalogue/coles/coles-catalogue-december-25-31-2024-qld-metro/35.jpg,https://www.catalogueau.com/coles/#catalogue=coles/coles-catalogue-december-25-31-2024-qld-metro/,displayed_price,displayed_price;unit_price,2,verified
Coles,QLD METRO,"Coles Catalogue December 25 - 31, 2024 QLD METRO",2024-12-25,2025-01-01,36,"Only Organic 4+ Months, 6+ Months or 8+ Months Baby Food Pouch 120g",1.8,2.3,0.5,21.74,save_amount,120g,$1.50 per 100g,"SAVE50¢ | WASS2.30 | Only Organic 4+ Months, | 6+ Months or 8+ Months Baby | Food Pouch 120g $1.50 per 100g. | 2nd week on sale",96.17,False,,https://caau.syd1.cdn.digitaloceanspaces.com/wp-content/uploads/catalogue/coles/coles-catalogue-december-25-31-2024-qld-metro/36.jpg,https://www.catalogueau.com/coles/#catalogue=coles/coles-catalogue-december-25-31-2024-qld-metro/,displayed_price,displayed_price;unit_price,2,verified
Coles,QLD METRO,"Coles Catalogue December 25 - 31, 2024 QLD METRO",2024-12-25,2025-01-01,36,Only Organic Kindy 1-5 Years Meal 220g,3.5,3.85,0.35,9.09,save_amount,220g,$1.59 per 100g,WASS3.85 | WASS3.85 | Only Organic Kindy 1-5 Years | Meal 220g $1.59 per 100g. | 2nd week on sale | TAMPONS,96.18,False,,https://caau.syd1.cdn.digitaloceanspaces.com/wp-content/uploads/catalogue/coles/coles-catalogue-december-25-31-2024-qld-metro/36.jpg,https://www.catalogueau.com/coles/#catalogue=coles/coles-catalogue-december-25-31-2024-qld-metro/,displayed_price,displayed_price;unit_price,2,verified
Coles,QLD METRO,"Coles Catalogue December 25 - 31, 2024 QLD METRO",2024-12-25,2025-01-01,36,Carefree Barely There Aloe or Unscented Liners 42 Pack,3.0,5.5,2.5,45.45,save_amount,42 Pack,$0.07 per each,"SAVES2,50 | Carefree Barely There Aloe | or Unscented Liners 42 Pack | $0.07 per each. 2nd week on sale",96.26,True,single_price_evidence,https://caau.syd1.cdn.digitaloceanspaces.com/wp-content/uploads/catalogue/coles/coles-catalogue-december-25-31-2024-qld-metro/36.jpg,https://www.catalogueau.com/coles/#catalogue=coles/coles-catalogue-december-25-31-2024-qld-metro/,displayed_price,displayed_price,1,review
Coles,QLD METRO,"Coles Catalogue December 25 - 31, 2024 QLD METRO",2024-12-25,2025-01-01,36,U By Kotex Pads Regular 14 Pack or Regular Tampons 16 Pack,4.0,5.0,1.0,20.0,save_amount,14 Pack; 16 Pack,,"SAVE ""1 | WASS5 | U By Kotex Pads Regular 14 Pack | or Regular Tampons 16 Pack | TExcludes Every Day & clearance items | [",95.94,False,,https://caau.syd1.cdn.digitaloceanspaces.com/wp-content/uploads/catalogue/coles/coles-catalogue-december-25-31-2024-qld-metro/36.jpg,https://www.catalogueau.com/coles/#catalogue=coles/coles-catalogue-december-25-31-2024-qld-metro/,save_was_arithmetic,displayed_price;save_was_arithmetic,2,verified
Coles,QLD METRO,"Coles Catalogue December 25 - 31, 2024 QLD METRO",2024-12-25,2025-01-01,36,Huggies Little Swimmers Swim Nappies 10 Pack-12 Pack,14.75,17.0,2.25,13.24,save_amount,10 Pack; 12 Pack,,SAVE52.25 | WASS17 | Huggies Little Swimmers Swim | Nappies 10 Pack-12 Pack,95.46,True,single_price_evidence,https://caau.syd1.cdn.digitaloceanspaces.com/wp-content/uploads/catalogue/coles/coles-catalogue-december-25-31-2024-qld-metro/36.jpg,https://www.catalogueau.com/coles/#catalogue=coles/coles-catalogue-december-25-31-2024-qld-metro/,unknown,,0,review
Coles,QLD METRO,"Coles Catalogue December 25 - 31, 2024 QLD METRO",2024-12-25,2025-01-01,36,Bosisto's Hand Wash Refill 1 Litre,7.5,15.0,7.5,50.0,half_price,1 Litre,,SAVES7.50 | \S | Ra | Bosisto's Hand Wash | Refill 1 Litre $0.75 per | 100mL. 2nd week on sale,94.9,True,single_price_evidence,https://caau.syd1.cdn.digitaloceanspaces.com/wp-content/uploads/catalogue/coles/coles-catalogue-december-25-31-2024-qld-metro/36.jpg,https://www.catalogueau.com/coles/#catalogue=coles/coles-catalogue-december-25-31-2024-qld-metro/,displayed_price,displayed_price,1,review
Coles,QLD METRO,"Coles Catalogue December 25 - 31, 2024 QLD METRO",2024-12-25,2025-01-01,36,Bosisto's Body Wash 1 Litre,8.0,16.0,8.0,50.0,half_price,1 Litre,$0.80 per 100mL,SAVES8 | WASS16 | Bosisto's Body Wash | 1 Litre $0.80 per 100mL. | 2nd week on sale,94.22,False,,https://caau.syd1.cdn.digitaloceanspaces.com/wp-content/uploads/catalogue/coles/coles-catalogue-december-25-31-2024-qld-metro/36.jpg,https://www.catalogueau.com/coles/#catalogue=coles/coles-catalogue-december-25-31-2024-qld-metro/,save_was_arithmetic,save_was_arithmetic;unit_price,2,verified
Coles,QLD METRO,"Coles Catalogue December 25 - 31, 2024 QLD METRO",2024-12-25,2025-01-01,37,Palmolive Naturals Body Wash 500mL,3.75,7.5,3.75,50.0,half_price,500mL,$0.75 per 100mL,WAS$7.50 | WAS$7.50 | Palmolive Naturals Body Wash | 500mL $0.75 per 100mL. 2nd week | on sale. *See page 28 for T&Cs,94.87,True,inferred_price_requires_review,https://caau.syd1.cdn.digitaloceanspaces.com/wp-content/uploads/catalogue/coles/coles-catalogue-december-25-31-2024-qld-metro/37.jpg,https://www.catalogueau.com/coles/#catalogue=coles/coles-catalogue-december-25-31-2024-qld-metro/,unit_price,page_discount;unit_price,1,review
Coles,QLD METRO,"Coles Catalogue December 25 - 31, 2024 QLD METRO",2024-12-25,2025-01-01,37,Rexona Clinical Protection Antiperspirant Roll On Deodorant 50mL,5.5,8.0,2.5,31.25,save_amount,50mL,$11.00 per 100mL,WASS8 | WASS8 | Rexona Clinical Protection | Antiperspirant Roll On Deodorant | 50mL $11.00 per 100mL,94.22,False,,https://caau.syd1.cdn.digitaloceanspaces.com/wp-content/uploads/catalogue/coles/coles-catalogue-december-25-31-2024-qld-metro/37.jpg,https://www.catalogueau.com/coles/#catalogue=coles/coles-catalogue-december-25-31-2024-qld-metro/,displayed_price,displayed_price;unit_price,2,verified
Coles,QLD METRO,"Coles Catalogue December 25 - 31, 2024 QLD METRO",2024-12-25,2025-01-01,37,Glow Lab Body Wash 900mL,10.5,18.0,7.5,41.67,save_amount,900mL,$1.17 per 100mL,WASS18 | WASS18 | Glow Lab Body Wash 900mL | $1.17 per 100mL. 2nd week on sale | —,94.63,False,,https://caau.syd1.cdn.digitaloceanspaces.com/wp-content/uploads/catalogue/coles/coles-catalogue-december-25-31-2024-qld-metro/37.jpg,https://www.catalogueau.com/coles/#catalogue=coles/coles-catalogue-december-25-31-2024-qld-metro/,displayed_price,displayed_price;unit_price,2,verified
Coles,QLD METRO,"Coles Catalogue December 25 - 31, 2024 QLD METRO",2024-12-25,2025-01-01,37,Batiste Dry Shampoo Blush or Original 350mL,13.0,19.0,6.0,31.58,save_amount,350mL,$3.71 per 100mL,WASS19 | WASS19 | Batiste Dry Shampoo Blush | or Original 350mL | $3.71 per 100mL,94.43,False,,https://caau.syd1.cdn.digitaloceanspaces.com/wp-content/uploads/catalogue/coles/coles-catalogue-december-25-31-2024-qld-metro/37.jpg,https://www.catalogueau.com/coles/#catalogue=coles/coles-catalogue-december-25-31-2024-qld-metro/,displayed_price,displayed_price;unit_price,2,verified
Coles,QLD METRO,"Coles Catalogue December 25 - 31, 2024 QLD METRO",2024-12-25,2025-01-01,37,Rexona 72hr Antiperspirant Aerosol Deodorant 220mL,6.5,9.5,3.0,31.58,save_amount,220mL,$2.95 per 100mL,WASS9.50 | WASS9.50 | Rexona 72hr Antiperspirant | Aerosol Deodorant 220mL | $2.95 per 100mL,92.45,True,single_price_evidence,https://caau.syd1.cdn.digitaloceanspaces.com/wp-content/uploads/catalogue/coles/coles-catalogue-december-25-31-2024-qld-metro/37.jpg,https://www.catalogueau.com/coles/#catalogue=coles/coles-catalogue-december-25-31-2024-qld-metro/,unit_price,unit_price,1,review
Coles,QLD METRO,"Coles Catalogue December 25 - 31, 2024 QLD METRO",2024-12-25,2025-01-01,37,Tena Insta Dry Extra Long Incontinence Pads 6 Pack,5.0,6.3,1.3,20.63,save_amount,6 Pack,$0.83 per each,WAS$6.30 | WAS$6.30 | Tena Insta Dry Extra Long | Incontinence Pads 6 Pack | $0.83 per each. On sale for 2 weeks,96.5,False,,https://caau.syd1.cdn.digitaloceanspaces.com/wp-content/uploads/catalogue/coles/coles-catalogue-december-25-31-2024-qld-metro/37.jpg,https://www.catalogueau.com/coles/#catalogue=coles/coles-catalogue-december-25-31-2024-qld-metro/,displayed_price,displayed_price;unit_price,2,verified
Coles,QLD METRO,"Coles Catalogue December 25 - 31, 2024 QLD METRO",2024-12-25,2025-01-01,37,Brut Original or 48hr Antiperspirant Aerosol Deodorant 130g,3.75,7.5,3.75,50.0,half_price,130g,$2.88 per 100g,WAS$7.50 | WAS$7.50 | Brut Original or 48hr Antiperspirant Aerosol | Deodorant 130g $2.88 per 100g | \ | \ | QLD METRO-2512-24-312231,95.36,False,,https://caau.syd1.cdn.digitaloceanspaces.com/wp-content/uploads/catalogue/coles/coles-catalogue-december-25-31-2024-qld-metro/37.jpg,https://www.catalogueau.com/coles/#catalogue=coles/coles-catalogue-december-25-31-2024-qld-metro/,displayed_price,displayed_price;page_discount;unit_price,2,verified
Coles,QLD METRO,"Coles Catalogue December 25 - 31, 2024 QLD METRO",2024-12-25,2025-01-01,38,Neutrogena Beach Defence Sunscreen SPF50 184g*,11.0,22.0,11.0,50.0,half_price,184g,$5.98 per 100g,SAVE 11 | ‘WAS§22 | Neutrogena Beach Defence | Sunscreen SPF50 184g* | ‘go | $5.98 per 100g. | 2nd week on sale,79.0,True,low_name_confidence_strict,https://caau.syd1.cdn.digitaloceanspaces.com/wp-content/uploads/catalogue/coles/coles-catalogue-december-25-31-2024-qld-metro/38.jpg,https://www.catalogueau.com/coles/#catalogue=coles/coles-catalogue-december-25-31-2024-qld-metro/,save_was_arithmetic,displayed_price;save_was_arithmetic;unit_price,3,review
Coles,QLD METRO,"Coles Catalogue December 25 - 31, 2024 QLD METRO",2024-12-25,2025-01-01,38,Reef Suntan Coconut Oil 125mL,7.5,15.0,7.5,50.0,half_price,125mL,$6.00 per 100mL,SAVE‘7.50 | WASS15 | Reef Suntan Coconut Oil | 125mL $6.00 per 100mL. | 2nd week on sale,94.21,False,,https://caau.syd1.cdn.digitaloceanspaces.com/wp-content/uploads/catalogue/coles/coles-catalogue-december-25-31-2024-qld-metro/38.jpg,https://www.catalogueau.com/coles/#catalogue=coles/coles-catalogue-december-25-31-2024-qld-metro/,save_was_arithmetic,displayed_price;save_was_arithmetic;unit_price,3,verified
Coles,QLD METRO,"Coles Catalogue December 25 - 31, 2024 QLD METRO",2024-12-25,2025-01-01,38,Banana Boat Sport Sunscreen SPF50+ 200g*,9.5,19.0,9.5,50.0,half_price,200g,$4.75 per 100g,SAVE59.50 | WASS19 | Banana Boat Sport Sunscreen | SPF50+ 200g* $4.75 per 100g. | 2nd week on sale,90.41,True,single_price_evidence,https://caau.syd1.cdn.digitaloceanspaces.com/wp-content/uploads/catalogue/coles/coles-catalogue-december-25-31-2024-qld-metro/38.jpg,https://www.catalogueau.com/coles/#catalogue=coles/coles-catalogue-december-25-31-2024-qld-metro/,unit_price,unit_price,1,review
Coles,QLD METRO,"Coles Catalogue December 25 - 31, 2024 QLD METRO",2024-12-25,2025-01-01,38,Life Botanics Pure Marine Collagen Unflavoured Powder,20.0,40.0,20.0,50.0,half_price,,,"SAVE*20 | WASS40 | Life Botanics Pure Marine | Collagen Unflavoured Powder | or Collagen + Shred Powder | 13.33 per 100g | 150g44 | TExcludes Down Down, Every Day & clearance ifems",94.02,False,,https://caau.syd1.cdn.digitaloceanspaces.com/wp-content/uploads/catalogue/coles/coles-catalogue-december-25-31-2024-qld-metro/38.jpg,https://www.catalogueau.com/coles/#catalogue=coles/coles-catalogue-december-25-31-2024-qld-metro/,save_was_arithmetic,displayed_price;save_was_arithmetic,2,verified
Coles,QLD METRO,"Coles Catalogue December 25 - 31, 2024 QLD METRO",2024-12-25,2025-01-01,38,Life Botanics Vitality Greens 450g**,25.0,50.0,25.0,50.0,half_price,450g,$5.56 per 100g,SAVES25 | WASS$50 | Life Botanics Vitality Greens | 450g** $5.56 per 100g,90.62,False,,https://caau.syd1.cdn.digitaloceanspaces.com/wp-content/uploads/catalogue/coles/coles-catalogue-december-25-31-2024-qld-metro/38.jpg,https://www.catalogueau.com/coles/#catalogue=coles/coles-catalogue-december-25-31-2024-qld-metro/,save_was_arithmetic,displayed_price;save_was_arithmetic;unit_price,3,verified
Coles,QLD METRO,"Coles Catalogue December 25 - 31, 2024 QLD METRO",2024-12-25,2025-01-01,38,Oral B Pro 800 Electric Toothbrush 1 Pack,50.0,100.0,50.0,50.0,half_price,1 Pack,,WASS100 | WASS100 | Oral B Pro 800 Electric | Toothbrush 1 Pack,95.76,True,inferred_price_requires_review,https://caau.syd1.cdn.digitaloceanspaces.com/wp-content/uploads/catalogue/coles/coles-catalogue-december-25-31-2024-qld-metro/38.jpg,https://www.catalogueau.com/coles/#catalogue=coles/coles-catalogue-december-25-31-2024-qld-metro/,displayed_price,displayed_price;page_discount,1,review
Coles,QLD METRO,"Coles Catalogue December 25 - 31, 2024 QLD METRO",2024-12-25,2025-01-01,38,Hydralyte Orange Flavoured Electrolyte Ice Blocks 16 Pack**,11.0,15.65,4.65,29.71,save_amount,16 Pack,$0.69 per each,"SAVES4.65 | WASS15.65 | Hydralyte Orange | Flavoured Electrolyte | Ice Blocks 16 Pack** | $0.69 per each | ‘This product may not be right for you. Read the wamings before purchase. Avoid prolonged exposure fo the sun, Wear protective | clothing, hats and eyewear when exposed to the sun. Frequent reapplication is required for effective sun protection.",94.56,False,,https://caau.syd1.cdn.digitaloceanspaces.com/wp-content/uploads/catalogue/coles/coles-catalogue-december-25-31-2024-qld-metro/38.jpg,https://www.catalogueau.com/coles/#catalogue=coles/coles-catalogue-december-25-31-2024-qld-metro/,save_was_arithmetic,displayed_price;save_was_arithmetic,2,verified
Coles,QLD METRO,"Coles Catalogue December 25 - 31, 2024 QLD METRO",2024-12-25,2025-01-01,38,Telfast Fast Acting Hayfever Allergy Relief Tablets 5 Pack**,7.0,8.4,1.4,16.67,save_amount,5 Pack,$1.40 per each,SAVE1.40 | WASS$8.40 | Telfast Fast Acting | Hayfever Allergy Relief | Tablets 5 Pack** | $1.40 per each,79.0,True,low_name_confidence_strict,https://caau.syd1.cdn.digitaloceanspaces.com/wp-content/uploads/catalogue/coles/coles-catalogue-december-25-31-2024-qld-metro/38.jpg,https://www.catalogueau.com/coles/#catalogue=coles/coles-catalogue-december-25-31-2024-qld-metro/,save_was_arithmetic,displayed_price;save_was_arithmetic;unit_price,3,review
Coles,QLD METRO,"Coles Catalogue December 25 - 31, 2024 QLD METRO",2024-12-25,2025-01-01,38,Gaviscon Dual Action Liquid 600mL’,18.0,20.0,2.0,10.0,save_amount,600mL,$3.00 per 100mL,"SAVE52 | WAS$20 | Gaviscon Dual Action | Liquid 600mL’ | $3.00 per 100mL | ‘This product may not be right for you. Read the wamings before purchase. Avoid prolonged exposure fo the sun, Wear protective | clothing, hats and eyewear when exposed to the sun. Frequent reapplication is required for effective sun protection. | “This medicine may not be right for you. Read the label before purchase. Follow the directions for use. If symptoms persist, talk to",90.38,False,,https://caau.syd1.cdn.digitaloceanspaces.com/wp-content/uploads/catalogue/coles/coles-catalogue-december-25-31-2024-qld-metro/38.jpg,https://www.catalogueau.com/coles/#catalogue=coles/coles-catalogue-december-25-31-2024-qld-metro/,displayed_price,displayed_price;unit_price,2,verified
Coles,QLD METRO,"Coles Catalogue December 25 - 31, 2024 QLD METRO",2024-12-25,2025-01-01,38,Hydralyte Effervescent Tablets 10 Pack**,6.0,8.7,2.7,31.03,save_amount,10 Pack,$0.60 per each,SAVES2.70 | WAS$8.70 | Hydralyte Effervescent | Tablets 10 Pack** | $0.60 per each,93.96,False,,https://caau.syd1.cdn.digitaloceanspaces.com/wp-content/uploads/catalogue/coles/coles-catalogue-december-25-31-2024-qld-metro/38.jpg,https://www.catalogueau.com/coles/#catalogue=coles/coles-catalogue-december-25-31-2024-qld-metro/,save_was_arithmetic,displayed_price;save_was_arithmetic;unit_price,3,verified
Coles,QLD METRO,"Coles Catalogue December 25 - 31, 2024 QLD METRO",2024-12-25,2025-01-01,39,Smash Fashion Tritan Bottle 700mL,4.5,9.0,4.5,50.0,half_price,700mL,$4.50 per each,SAVE*4.50 | WASS9 | Smash Fashion Tritan | Bottle 700mL | $4.50 per each,79.0,True,low_name_confidence_strict,https://caau.syd1.cdn.digitaloceanspaces.com/wp-content/uploads/catalogue/coles/coles-catalogue-december-25-31-2024-qld-metro/39.jpg,https://www.catalogueau.com/coles/#catalogue=coles/coles-catalogue-december-25-31-2024-qld-metro/,save_was_arithmetic,save_was_arithmetic;unit_price,2,review
Coles,QLD METRO,"Coles Catalogue December 25 - 31, 2024 QLD METRO",2024-12-25,2025-01-01,39,Duracell Coppertop Batteries AA 16 Pack or AAA 14 Pack,13.75,27.5,13.75,50.0,half_price,16 Pack; 14 Pack,,SAVE 513.75 | WAS$2750 | Duracell Coppertop | Batteries AA 16 Pack | or AAA 14 Pack | | —,94.97,False,,https://caau.syd1.cdn.digitaloceanspaces.com/wp-content/uploads/catalogue/coles/coles-catalogue-december-25-31-2024-qld-metro/39.jpg,https://www.catalogueau.com/coles/#catalogue=coles/coles-catalogue-december-25-31-2024-qld-metro/,save_was_arithmetic,displayed_price;save_was_arithmetic,2,verified
Coles,QLD METRO,"Coles Catalogue December 25 - 31, 2024 QLD METRO",2024-12-25,2025-01-01,39,Dettol Multipurpose Wipes 110 Pack,6.0,12.0,6.0,50.0,half_price,110 Pack,$5.45 per 100 each,SAVE*6 | WASS12 | Dettol Multipurpose Wipes 110 Pack | $5.45 per 100 each. 2nd week on sale | oa | =| | <=,93.15,False,,https://caau.syd1.cdn.digitaloceanspaces.com/wp-content/uploads/catalogue/coles/coles-catalogue-december-25-31-2024-qld-metro/39.jpg,https://www.catalogueau.com/coles/#catalogue=coles/coles-catalogue-december-25-31-2024-qld-metro/,save_was_arithmetic,displayed_price;save_was_arithmetic;unit_price,3,verified
Coles,QLD METRO,"Coles Catalogue December 25 - 31, 2024 QLD METRO",2024-12-25,2025-01-01,39,Redheads Turbo Gas Match,7.0,14.0,7.0,50.0,half_price,,$7.00 per each,SAVES7 | WASS14 | Redheads Turbo Gas Match | $7.00 per each,96.53,False,,https://caau.syd1.cdn.digitaloceanspaces.com/wp-content/uploads/catalogue/coles/coles-catalogue-december-25-31-2024-qld-metro/39.jpg,https://www.catalogueau.com/coles/#catalogue=coles/coles-catalogue-december-25-31-2024-qld-metro/,save_was_arithmetic,displayed_price;save_was_arithmetic;unit_price,3,verified
Coles,QLD METRO,"Coles Catalogue December 25 - 31, 2024 QLD METRO",2024-12-25,2025-01-01,39,Command Medium Hooks 2 Pack,6.0,6.5,0.5,7.69,save_amount,2 Pack,$3.00 per each,WAS $6.50 | WAS $6.50 | OCT 2024 | Command Medium Hooks | 2 Pack $3.00 per each,96.3,False,,https://caau.syd1.cdn.digitaloceanspaces.com/wp-content/uploads/catalogue/coles/coles-catalogue-december-25-31-2024-qld-metro/39.jpg,https://www.catalogueau.com/coles/#catalogue=coles/coles-catalogue-december-25-31-2024-qld-metro/,displayed_price,displayed_price;unit_price,2,verified
Coles,QLD METRO,"Coles Catalogue December 25 - 31, 2024 QLD METRO",2024-12-25,2025-01-01,39,Coles Sugarcane Dinner Plates or Bowls 10 Pack,4.2,,,,down_down,10 Pack,$0.42 per each,Coles Sugarcane Dinner Plates | or Bowls 10 Pack $0.42 per each | 400 | itt,96.53,True,single_price_evidence,https://caau.syd1.cdn.digitaloceanspaces.com/wp-content/uploads/catalogue/coles/coles-catalogue-december-25-31-2024-qld-metro/39.jpg,https://www.catalogueau.com/coles/#catalogue=coles/coles-catalogue-december-25-31-2024-qld-metro/,unit_price,unit_price,1,review
Coles,QLD METRO,"Coles Catalogue December 25 - 31, 2024 QLD METRO",2024-12-25,2025-01-01,40,Handee Ultra Double Length Paper Towel 2 Pack,5.0,,,,special,2 Pack,$2.08 per 100,Handee Ultra Double Length | Paper Towel 2 Pack | $2.08 per 100 sheets,95.79,True,offer_labels_missing;save_amount_missing;regular_price_missing;single_price_evidence,https://caau.syd1.cdn.digitaloceanspaces.com/wp-content/uploads/catalogue/coles/coles-catalogue-december-25-31-2024-qld-metro/40.jpg,https://www.catalogueau.com/coles/#catalogue=coles/coles-catalogue-december-25-31-2024-qld-metro/,displayed_price,displayed_price,1,review
Coles,QLD METRO,"Coles Catalogue December 25 - 31, 2024 QLD METRO",2024-12-25,2025-01-01,40,Coles Simply Food Containers 750mL 5 Pack,3.5,,,,special,750mL; 5 Pack,$0.70 per each,Coles Simply Food Containers | 750mL 5 Pack $0.70 per each | 24),95.8,True,single_price_evidence,https://caau.syd1.cdn.digitaloceanspaces.com/wp-content/uploads/catalogue/coles/coles-catalogue-december-25-31-2024-qld-metro/40.jpg,https://www.catalogueau.com/coles/#catalogue=coles/coles-catalogue-december-25-31-2024-qld-metro/,unit_price,unit_price,1,review
Coles,QLD METRO,"Coles Catalogue December 25 - 31, 2024 QLD METRO",2024-12-25,2025-01-01,40,Earths Choice Laundry Liquid 1 Litre,3.0,,,,special,1 Litre,$3.00 per litre,Earths Choice Laundry Liquid | 1 Litre $3.00 per litre,96.2,False,,https://caau.syd1.cdn.digitaloceanspaces.com/wp-content/uploads/catalogue/coles/coles-catalogue-december-25-31-2024-qld-metro/40.jpg,https://www.catalogueau.com/coles/#catalogue=coles/coles-catalogue-december-25-31-2024-qld-metro/,displayed_price,displayed_price;unit_price,2,verified
Coles,QLD METRO,"Coles Catalogue December 25 - 31, 2024 QLD METRO",2024-12-25,2025-01-01,40,Ajax Spray n Wipe Vanilla & Berries 475mL,3.5,,,,special,475mL,$0.74 per 100mL,Ajax Spray n Wipe Vanilla | & Berries 475mL $0.74 per 100mL | NOW AVAILABLE,93.16,True,single_price_evidence,https://caau.syd1.cdn.digitaloceanspaces.com/wp-content/uploads/catalogue/coles/coles-catalogue-december-25-31-2024-qld-metro/40.jpg,https://www.catalogueau.com/coles/#catalogue=coles/coles-catalogue-december-25-31-2024-qld-metro/,unit_price,unit_price,1,review
Coles,QLD METRO,"Coles Catalogue December 25 - 31, 2024 QLD METRO",2024-12-25,2025-01-01,40,Pui Purina One Cat Food 12x70g,13.5,,,,special,12x70g,$1.61 per 100g,Pui | Purina One Cat Food | 12x70g $1.61 per 100g | 12 | On sale for 2 weeks | PACK,79.0,True,low_name_confidence_strict,https://caau.syd1.cdn.digitaloceanspaces.com/wp-content/uploads/catalogue/coles/coles-catalogue-december-25-31-2024-qld-metro/40.jpg,https://www.catalogueau.com/coles/#catalogue=coles/coles-catalogue-december-25-31-2024-qld-metro/,displayed_price,displayed_price;unit_price,2,review
Coles,QLD METRO,"Coles Catalogue December 25 - 31, 2024 QLD METRO",2024-12-25,2025-01-01,41,Farmers Market Dry Dog Food 6.5kg-6.8kg 2nd week,20.0,40.0,20.0,50.0,half_price,6.5kg; 6.8kg,,WASS40 | WASS40 | Farmers Market Dry Dog Food 6.5kg-6.8kg | 2nd week on sale,95.42,True,inferred_price_requires_review,https://caau.syd1.cdn.digitaloceanspaces.com/wp-content/uploads/catalogue/coles/coles-catalogue-december-25-31-2024-qld-metro/41.jpg,https://www.catalogueau.com/coles/#catalogue=coles/coles-catalogue-december-25-31-2024-qld-metro/,displayed_price,displayed_price;page_discount,1,review
Coles,QLD METRO,"Coles Catalogue December 25 - 31, 2024 QLD METRO",2024-12-25,2025-01-01,41,Temptations Creamy Spoons Cat Treats 4x10g,4.0,5.0,1.0,20.0,save_amount,4x10g,$10.00 per 100g,‘WASS5 | ‘WASS5 | Temptations Creamy Spoons Cat | Treats 4x10g $10.00 per 100g. | 2nd week on sale | e— | i),95.33,False,,https://caau.syd1.cdn.digitaloceanspaces.com/wp-content/uploads/catalogue/coles/coles-catalogue-december-25-31-2024-qld-metro/41.jpg,https://www.catalogueau.com/coles/#catalogue=coles/coles-catalogue-december-25-31-2024-qld-metro/,displayed_price,displayed_price;unit_price,2,verified
Coles,QLD METRO,"Coles Catalogue December 25 - 31, 2024 QLD METRO",2024-12-25,2025-01-01,41,Purina One Cat Food 70g,1.3,1.9,0.6,31.58,save_amount,70g,$1.86 per 100g,WASS1.90 | WASS1.90 | Purina One Cat Food 70g | $1.86 per 100g. 2nd week on sale | |= | “y,96.36,False,,https://caau.syd1.cdn.digitaloceanspaces.com/wp-content/uploads/catalogue/coles/coles-catalogue-december-25-31-2024-qld-metro/41.jpg,https://www.catalogueau.com/coles/#catalogue=coles/coles-catalogue-december-25-31-2024-qld-metro/,displayed_price,displayed_price;unit_price,2,verified
Coles,QLD METRO,"Coles Catalogue December 25 - 31, 2024 QLD METRO",2024-12-25,2025-01-01,41,Purina One Cat Food 12x70g,13.5,17.0,3.5,20.59,save_amount,12x70g,$1.61 per 100g,WASS17 | WASS17 | Purina One Cat Food | 12x70g $1.61 per 100g. | On sale for 2 weeks | |= | = | —,95.74,False,,https://caau.syd1.cdn.digitaloceanspaces.com/wp-content/uploads/catalogue/coles/coles-catalogue-december-25-31-2024-qld-metro/41.jpg,https://www.catalogueau.com/coles/#catalogue=coles/coles-catalogue-december-25-31-2024-qld-metro/,displayed_price,displayed_price;unit_price,2,verified
Coles,QLD METRO,"Coles Catalogue December 25 - 31, 2024 QLD METRO",2024-12-25,2025-01-01,41,Purina One Adult Dry Cat Food 1.4kg-1.5kg 2nd week,10.0,20.0,10.0,50.0,half_price,1.4kg; 1.5kg,,"‘WAS§20, | ‘WAS§20, | Purina One Adult Dry Cat Food | 1.4kg-1.5kg 2nd week on sale",94.19,True,inferred_price_requires_review,https://caau.syd1.cdn.digitaloceanspaces.com/wp-content/uploads/catalogue/coles/coles-catalogue-december-25-31-2024-qld-metro/41.jpg,https://www.catalogueau.com/coles/#catalogue=coles/coles-catalogue-december-25-31-2024-qld-metro/,page_discount_inference,page_discount,0,review
Coles,QLD METRO,"Coles Catalogue December 25 - 31, 2024 QLD METRO",2024-12-25,2025-01-01,41,Felix Cat Food 12x85g,9.5,14.5,5.0,34.48,save_amount,12x85g,$0.93 per 100g,WASS$14.50 | WASS$14.50 | Felix Cat Food 12x85g | $0.93 per 100g. | On sale for 2 weeks,94.45,True,single_price_evidence,https://caau.syd1.cdn.digitaloceanspaces.com/wp-content/uploads/catalogue/coles/coles-catalogue-december-25-31-2024-qld-metro/41.jpg,https://www.catalogueau.com/coles/#catalogue=coles/coles-catalogue-december-25-31-2024-qld-metro/,unit_price,unit_price,1,review
Coles,QLD METRO,"Coles Catalogue December 25 - 31, 2024 QLD METRO",2024-12-25,2025-01-01,41,Nature's Gift Dry Dog Food 2.5kg,10.5,15.0,4.5,30.0,save_amount,2.5kg,$0.42 per 100g,WASS15 | WASS15 | Nature's Gift Dry Dog Food 2.5kg | $0.42 per 100g,95.06,True,single_price_evidence,https://caau.syd1.cdn.digitaloceanspaces.com/wp-content/uploads/catalogue/coles/coles-catalogue-december-25-31-2024-qld-metro/41.jpg,https://www.catalogueau.com/coles/#catalogue=coles/coles-catalogue-december-25-31-2024-qld-metro/,unknown,,0,review
Coles,QLD METRO,"Coles Catalogue December 25 - 31, 2024 QLD METRO",2024-12-25,2025-01-01,41,Dine Creamy Treats Cat Food 4x12g,2.8,4.0,1.2,30.0,save_amount,4x12g,$5.83 per 100g,WASS4 | WASS4 | Dine Creamy Treats Cat Food | 4x12g $5.83 per 100g. | 2nd week on sale,95.28,True,single_price_evidence,https://caau.syd1.cdn.digitaloceanspaces.com/wp-content/uploads/catalogue/coles/coles-catalogue-december-25-31-2024-qld-metro/41.jpg,https://www.catalogueau.com/coles/#catalogue=coles/coles-catalogue-december-25-31-2024-qld-metro/,unit_price,unit_price,1,review
Coles,QLD METRO,"Coles Catalogue December 25 - 31, 2024 QLD METRO",2024-12-25,2025-01-01,41,Purina Lucky Dog Adult Original Dog Treats 800g,8.0,,,,special,800g,$1.00 per 100g,Purina Lucky Dog Adult Original | Dog Treats 800g $1.00 per 100g,96.29,False,,https://caau.syd1.cdn.digitaloceanspaces.com/wp-content/uploads/catalogue/coles/coles-catalogue-december-25-31-2024-qld-metro/41.jpg,https://www.catalogueau.com/coles/#catalogue=coles/coles-catalogue-december-25-31-2024-qld-metro/,displayed_price,displayed_price;unit_price,2,verified
Coles,QLD METRO,"Coles Catalogue December 25 - 31, 2024 QLD METRO",2024-12-25,2025-01-01,41,Friskies Dry Cat Food 2.5kg,15.5,,,,special,2.5kg,$0.62 per 100g,Friskies Dry Cat Food 2.5kg | $0.62 per 100g,95.39,True,offer_labels_missing;save_amount_missing;regular_price_missing;single_price_evidence,https://caau.syd1.cdn.digitaloceanspaces.com/wp-content/uploads/catalogue/coles/coles-catalogue-december-25-31-2024-qld-metro/41.jpg,https://www.catalogueau.com/coles/#catalogue=coles/coles-catalogue-december-25-31-2024-qld-metro/,displayed_price,displayed_price,1,review
Coles,QLD METRO,"Coles Catalogue December 25 - 31, 2024 QLD METRO",2024-12-25,2025-01-01,42,Bref Spa Moments or Blue Active In The Bowl Toilet Cleaner Twin Pack 100g,5.5,,,,special,100g,$5.50 per 100g,Bref Spa Moments or Blue Active | In The Bowl Toilet Cleaner | Twin Pack 100g $5.50 per 100g,95.73,False,,https://caau.syd1.cdn.digitaloceanspaces.com/wp-content/uploads/catalogue/coles/coles-catalogue-december-25-31-2024-qld-metro/42.jpg,https://www.catalogueau.com/coles/#catalogue=coles/coles-catalogue-december-25-31-2024-qld-metro/,displayed_price,displayed_price;unit_price,2,verified
Coles,QLD METRO,"Coles Catalogue December 25 - 31, 2024 QLD METRO",2024-12-25,2025-01-01,42,Morning Fresh Dishwashing Liquid 400mL,2.75,5.5,2.75,50.0,half_price,400mL,$0.69 per 100mL,WASS$5.50 | WASS$5.50 | Morning Fresh Dishwashing | Liquid 400mL $0.69 per 100mL | — | < | FP,93.99,True,inferred_price_requires_review,https://caau.syd1.cdn.digitaloceanspaces.com/wp-content/uploads/catalogue/coles/coles-catalogue-december-25-31-2024-qld-metro/42.jpg,https://www.catalogueau.com/coles/#catalogue=coles/coles-catalogue-december-25-31-2024-qld-metro/,unit_price,page_discount;unit_price,1,review
Coles,QLD METRO,"Coles Catalogue December 25 - 31, 2024 QLD METRO",2024-12-25,2025-01-01,42,Sorbent 3-Ply Hypo-Allergenic Toilet Tissue 12 Pac,5.5,11.0,5.5,50.0,half_price,,$0.25 per 100,WASS11 | WASS11 | Sorbent 3-Ply Hypo-Allergenic | Toilet Tissue 12 Pac | $0.25 per 100 sheets | ems),93.9,True,inferred_price_requires_review,https://caau.syd1.cdn.digitaloceanspaces.com/wp-content/uploads/catalogue/coles/coles-catalogue-december-25-31-2024-qld-metro/42.jpg,https://www.catalogueau.com/coles/#catalogue=coles/coles-catalogue-december-25-31-2024-qld-metro/,displayed_price,displayed_price;page_discount,1,review
Coles,QLD METRO,"Coles Catalogue December 25 - 31, 2024 QLD METRO",2024-12-25,2025-01-01,42,Radiant Laundry Liquid 2 Litre or Powder 2kg,10.0,20.0,10.0,50.0,half_price,2 Litre; 2kg,,WAS$20 | WAS$20 | Radiant Laundry Liquid 2 Litre | or Powder 2kg,94.89,True,inferred_price_requires_review,https://caau.syd1.cdn.digitaloceanspaces.com/wp-content/uploads/catalogue/coles/coles-catalogue-december-25-31-2024-qld-metro/42.jpg,https://www.catalogueau.com/coles/#catalogue=coles/coles-catalogue-december-25-31-2024-qld-metro/,displayed_price,displayed_price;page_discount,1,review
Coles,QLD METRO,"Coles Catalogue December 25 - 31, 2024 QLD METRO",2024-12-25,2025-01-01,42,Finish Rinse & Shine Aid 500mL,5.75,11.5,5.75,50.0,half_price,500mL,$1.15 per 100mL,WASS11.50 | WASS11.50 | Finish Rinse & Shine Aid | 500mL $1.15 per 100mL. | On sale for 2 weeks,92.05,True,inferred_price_requires_review,https://caau.syd1.cdn.digitaloceanspaces.com/wp-content/uploads/catalogue/coles/coles-catalogue-december-25-31-2024-qld-metro/42.jpg,https://www.catalogueau.com/coles/#catalogue=coles/coles-catalogue-december-25-31-2024-qld-metro/,unit_price,page_discount;unit_price,1,review
Coles,QLD METRO,"Coles Catalogue December 25 - 31, 2024 QLD METRO",2024-12-25,2025-01-01,42,Finish Ultimate Dishwashing Tablets 46 Pack,24.5,49.0,24.5,50.0,half_price,46 Pack,$0.53 per each,‘WAS S49 | ‘WAS S49 | Finish Ultimate Dishwashing | Tablets 46 Pack $0.53 per each,96.38,True,inferred_price_requires_review,https://caau.syd1.cdn.digitaloceanspaces.com/wp-content/uploads/catalogue/coles/coles-catalogue-december-25-31-2024-qld-metro/42.jpg,https://www.catalogueau.com/coles/#catalogue=coles/coles-catalogue-december-25-31-2024-qld-metro/,page_discount_inference,page_discount,0,review
Coles,QLD METRO,"Coles Catalogue December 25 - 31, 2024 QLD METRO",2024-12-25,2025-01-01,42,Dynamo Professional 7 In 1 Laundry Liquid,14.5,29.0,14.5,50.0,half_price,,$7.25 per litre,WAS$29 | WAS$29 | Dynamo Professional | 7 In 1 Laundry Liquid | 2 Litre $7.25 per litre | ADVERTISER PROMOTION,92.57,True,inferred_price_requires_review,https://caau.syd1.cdn.digitaloceanspaces.com/wp-content/uploads/catalogue/coles/coles-catalogue-december-25-31-2024-qld-metro/42.jpg,https://www.catalogueau.com/coles/#catalogue=coles/coles-catalogue-december-25-31-2024-qld-metro/,page_discount_inference,page_discount,0,review
Coles,QLD METRO,"Coles Catalogue December 25 - 31, 2024 QLD METRO",2024-12-25,2025-01-01,42,Dynamo Laundry Capsules 28 Pack,16.0,32.0,16.0,50.0,half_price,28 Pack,$0.57 per each,WAS$32 | WAS$32 | Dynamo Laundry | Capsules 28 Pack | $0.57 per each,96.27,True,inferred_price_requires_review,https://caau.syd1.cdn.digitaloceanspaces.com/wp-content/uploads/catalogue/coles/coles-catalogue-december-25-31-2024-qld-metro/42.jpg,https://www.catalogueau.com/coles/#catalogue=coles/coles-catalogue-december-25-31-2024-qld-metro/,displayed_price,displayed_price;page_discount,1,review
Coles,QLD METRO,"Coles Catalogue December 25 - 31, 2024 QLD METRO",2024-12-25,2025-01-01,44,tock FOR,7.0,19.9,12.9,64.82,save_amount,,,WASS19.90 | WASS19.90 | tock | FOR | Lebara $19.90 | ) Unlimited sta tate 2 tect | Starter Pack | 2,67.54,True,low_name_confidence_strict;single_price_evidence,https://caau.syd1.cdn.digitaloceanspaces.com/wp-content/uploads/catalogue/coles/coles-catalogue-december-25-31-2024-qld-metro/44.jpg,https://www.catalogueau.com/coles/#catalogue=coles/coles-catalogue-december-25-31-2024-qld-metro/,displayed_price,displayed_price,1,review
Coles,QLD METRO,"Coles Catalogue December 25 - 31, 2024 QLD METRO",2024-12-25,2025-01-01,44,Lebara,7.0,19.9,12.9,64.82,save_amount,,,Lebara $19.90 | Starter Pack | 2 | + 15GB for first | HS | 3 recharges,94.82,True,offer_labels_missing;single_price_evidence,https://caau.syd1.cdn.digitaloceanspaces.com/wp-content/uploads/catalogue/coles/coles-catalogue-december-25-31-2024-qld-metro/44.jpg,https://www.catalogueau.com/coles/#catalogue=coles/coles-catalogue-december-25-31-2024-qld-metro/,displayed_price,displayed_price,1,review
Coles,QLD METRO,"Coles Catalogue December 25 - 31, 2024 QLD METRO",2024-12-25,2025-01-01,45,for first renewal amaysim,18.0,,,,special,,,for first renewal | amaysim $40 Starter Pack | + 80GB + 80GB bonus data for first | 3 renewals then it’s 80GB/28 days | + Unlimited data banking on the same plan | + Unlimited std talk & text in Aus and to.,95.86,True,offer_labels_missing;save_amount_missing;regular_price_missing;single_price_evidence,https://caau.syd1.cdn.digitaloceanspaces.com/wp-content/uploads/catalogue/coles/coles-catalogue-december-25-31-2024-qld-metro/45.jpg,https://www.catalogueau.com/coles/#catalogue=coles/coles-catalogue-december-25-31-2024-qld-metro/,displayed_price,displayed_price,1,review
