retailer,region,catalogue_title,catalogue_start_date,catalogue_end_date,page_number,product_name,special_price,regular_price,save_amount,discount_percent,promo_type,pack_size,unit_price_text,offer_text,ocr_confidence,needs_review,review_reason,source_page_image,source_catalogue_url,price_source,price_evidence,evidence_count,verification_status
Coles,WA METRO,"Coles Catalogue November 27 - December 3, 2024 WA METRO",2024-11-27,2024-12-04,1,Kettle Potato Chips or Crafted Collection 150g-165g,3.25,6.5,3.25,50.0,half_price,150g; 165g,,WAS$6.50 | WAS$6.50 | Kettle Potato Chips | or Crafted Collection | 150g-165g | FP-WA-METRO-2711-24-311760,93.65,True,single_price_evidence,https://caau.syd1.cdn.digitaloceanspaces.com/wp-content/uploads/catalogue/coles/coles-catalogue-november-27-december-3-2024-wa-metro/1.jpg,https://www.catalogueau.com/coles/#catalogue=coles/coles-catalogue-november-27-december-3-2024-wa-metro/,displayed_price,displayed_price,1,review
Coles,WA METRO,"Coles Catalogue November 27 - December 3, 2024 WA METRO",2024-11-27,2024-12-04,1,Peters Drumstick 4 Pack- 6 Pack 475mL-490mL,4.7,9.5,4.8,50.53,save_amount,4 Pack; 6 Pack; 475mL; 490mL,,Peters Drumstick 4 Pack- | 6 Pack 475mL-490mL | Excludes Plant Based,92.3,True,offer_labels_missing;single_price_evidence,https://caau.syd1.cdn.digitaloceanspaces.com/wp-content/uploads/catalogue/coles/coles-catalogue-november-27-december-3-2024-wa-metro/1.jpg,https://www.catalogueau.com/coles/#catalogue=coles/coles-catalogue-november-27-december-3-2024-wa-metro/,unknown,,0,review
Coles,WA METRO,"Coles Catalogue November 27 - December 3, 2024 WA METRO",2024-11-27,2024-12-04,1,Cadbury Chocolate Coated Fruit or Nut Jar 280g-340g,6.0,12.0,6.0,50.0,half_price,280g; 340g,,WASS12 | WASS12 | Cadbury Chocolate | Coated Fruit or Nut Jar | 280g-340g,94.62,True,single_price_evidence,https://caau.syd1.cdn.digitaloceanspaces.com/wp-content/uploads/catalogue/coles/coles-catalogue-november-27-december-3-2024-wa-metro/1.jpg,https://www.catalogueau.com/coles/#catalogue=coles/coles-catalogue-november-27-december-3-2024-wa-metro/,displayed_price,displayed_price,1,review
Coles,WA METRO,"Coles Catalogue November 27 - December 3, 2024 WA METRO",2024-11-27,2024-12-04,1,John West Tuna Tempters 95g,1.35,2.7,1.35,50.0,half_price,95g,$14.21 per kg,WASS$2.70 | WASS$2.70 | John West | Tuna Tempters 95g | $14.21 per kg,93.18,False,,https://caau.syd1.cdn.digitaloceanspaces.com/wp-content/uploads/catalogue/coles/coles-catalogue-november-27-december-3-2024-wa-metro/1.jpg,https://www.catalogueau.com/coles/#catalogue=coles/coles-catalogue-november-27-december-3-2024-wa-metro/,displayed_price,displayed_price;unit_price,2,verified
Coles,WA METRO,"Coles Catalogue November 27 - December 3, 2024 WA METRO",2024-11-27,2024-12-04,3,Cadbury Chocolate Bar 30g-55g,1.25,2.5,1.25,50.0,half_price,30g; 55g,,SAVE51.25 | WASS2.50 | Cadbury Chocolate Bar | 30g-55g | — =,93.81,True,single_price_evidence,https://caau.syd1.cdn.digitaloceanspaces.com/wp-content/uploads/catalogue/coles/coles-catalogue-november-27-december-3-2024-wa-metro/3.jpg,https://www.catalogueau.com/coles/#catalogue=coles/coles-catalogue-november-27-december-3-2024-wa-metro/,unknown,,0,review
Coles,WA METRO,"Coles Catalogue November 27 - December 3, 2024 WA METRO",2024-11-27,2024-12-04,3,Oreo Cream Biscuits 128g-135g,1.4,2.8,1.4,50.0,half_price,128g; 135g,,SAVE‘1.40 | WAS§2.80 | Oreo Cream Biscuits | 128g-135g | =,85.75,False,,https://caau.syd1.cdn.digitaloceanspaces.com/wp-content/uploads/catalogue/coles/coles-catalogue-november-27-december-3-2024-wa-metro/3.jpg,https://www.catalogueau.com/coles/#catalogue=coles/coles-catalogue-november-27-december-3-2024-wa-metro/,save_was_arithmetic,displayed_price;save_was_arithmetic,2,verified
Coles,WA METRO,"Coles Catalogue November 27 - December 3, 2024 WA METRO",2024-11-27,2024-12-04,3,Snakata Rice Snack Crackers 65g-100g,1.5,3.0,1.5,50.0,half_price,65g; 100g,,SAVE*1.50 | WASS3 | Snakata Rice Snack Crackers | 65g-100g,79.0,True,low_name_confidence_strict,https://caau.syd1.cdn.digitaloceanspaces.com/wp-content/uploads/catalogue/coles/coles-catalogue-november-27-december-3-2024-wa-metro/3.jpg,https://www.catalogueau.com/coles/#catalogue=coles/coles-catalogue-november-27-december-3-2024-wa-metro/,save_was_arithmetic,displayed_price;save_was_arithmetic,2,review
Coles,WA METRO,"Coles Catalogue November 27 - December 3, 2024 WA METRO",2024-11-27,2024-12-04,3,Infuzions Veggie Straws 90g,2.15,4.3,2.15,50.0,half_price,90g,$2.39 per 100g,SAVE $2.15 | WAS $4.30 | Infuzions Veggie Straws 90g | $2.39 per 100g,94.66,False,,https://caau.syd1.cdn.digitaloceanspaces.com/wp-content/uploads/catalogue/coles/coles-catalogue-november-27-december-3-2024-wa-metro/3.jpg,https://www.catalogueau.com/coles/#catalogue=coles/coles-catalogue-november-27-december-3-2024-wa-metro/,save_was_arithmetic,save_was_arithmetic;unit_price,2,verified
Coles,WA METRO,"Coles Catalogue November 27 - December 3, 2024 WA METRO",2024-11-27,2024-12-04,3,Vege Vegan Prawn Crackers 75g,2.25,4.5,2.25,50.0,half_price,75g,$3.00 per 100g,SAVES2.25 | WASS4.50 | Vege Vegan Prawn Crackers | 75g $3.00 per 100g,96.27,False,,https://caau.syd1.cdn.digitaloceanspaces.com/wp-content/uploads/catalogue/coles/coles-catalogue-november-27-december-3-2024-wa-metro/3.jpg,https://www.catalogueau.com/coles/#catalogue=coles/coles-catalogue-november-27-december-3-2024-wa-metro/,save_was_arithmetic,displayed_price;save_was_arithmetic;unit_price,3,verified
Coles,WA METRO,"Coles Catalogue November 27 - December 3, 2024 WA METRO",2024-11-27,2024-12-04,3,CC's Corn Chips 175g or Cornados 110g,2.5,5.0,2.5,50.0,half_price,175g; 110g,,SAVES2.50 | CC's Corn Chips 175g | or Cornados 110g | WA-METRO-271 1-24-311760,94.76,True,single_price_evidence,https://caau.syd1.cdn.digitaloceanspaces.com/wp-content/uploads/catalogue/coles/coles-catalogue-november-27-december-3-2024-wa-metro/3.jpg,https://www.catalogueau.com/coles/#catalogue=coles/coles-catalogue-november-27-december-3-2024-wa-metro/,displayed_price,displayed_price,1,review
Coles,WA METRO,"Coles Catalogue November 27 - December 3, 2024 WA METRO",2024-11-27,2024-12-04,3,"Pepsi, Solo or Schweppes Soft Drink 10x375mL",9.0,18.0,9.0,50.0,half_price,10x375mL,$2.40 per litre,"SAVES9 | WASS18 | Pepsi, Solo or Schweppes Soft | Drink 10x375mL $2.40 per litre",95.1,False,,https://caau.syd1.cdn.digitaloceanspaces.com/wp-content/uploads/catalogue/coles/coles-catalogue-november-27-december-3-2024-wa-metro/3.jpg,https://www.catalogueau.com/coles/#catalogue=coles/coles-catalogue-november-27-december-3-2024-wa-metro/,save_was_arithmetic,displayed_price;save_was_arithmetic;unit_price,3,verified
Coles,WA METRO,"Coles Catalogue November 27 - December 3, 2024 WA METRO",2024-11-27,2024-12-04,3,Schweppes Infused Sparkling Water 10x375mL,9.0,18.0,9.0,50.0,half_price,10x375mL,$2.40 per litre,SAVES9 | WASS18 | Schweppes Infused Sparkling | Water 10x375mL $2.40 per litre,95.46,False,,https://caau.syd1.cdn.digitaloceanspaces.com/wp-content/uploads/catalogue/coles/coles-catalogue-november-27-december-3-2024-wa-metro/3.jpg,https://www.catalogueau.com/coles/#catalogue=coles/coles-catalogue-november-27-december-3-2024-wa-metro/,save_was_arithmetic,displayed_price;save_was_arithmetic;unit_price,3,verified
Coles,WA METRO,"Coles Catalogue November 27 - December 3, 2024 WA METRO",2024-11-27,2024-12-04,3,Red Rock Deli Style Crackers 135g,2.5,5.0,2.5,50.0,half_price,135g,$1.85 per 100g,Red Rock Deli Style Crackers | 135g $1.85 per 100g. | *See page 36 for T&Cs,96.21,True,offer_labels_missing;regular_and_save_inferred_from_half_price,https://caau.syd1.cdn.digitaloceanspaces.com/wp-content/uploads/catalogue/coles/coles-catalogue-november-27-december-3-2024-wa-metro/3.jpg,https://www.catalogueau.com/coles/#catalogue=coles/coles-catalogue-november-27-december-3-2024-wa-metro/,displayed_price,displayed_price;grid_inference;unit_price,2,review
Coles,WA METRO,"Coles Catalogue November 27 - December 3, 2024 WA METRO",2024-11-27,2024-12-04,5,Sunrice Premium White Long Grain Rice 1lkg,12.0,13.5,1.5,11.11,save_amount,,$0.15 per 100g,SAVE*1.50 | Sunrice Premium White Long | Grain Rice 1lkg | $0.15 per 100g,79.0,True,low_name_confidence_strict;single_price_evidence,https://caau.syd1.cdn.digitaloceanspaces.com/wp-content/uploads/catalogue/coles/coles-catalogue-november-27-december-3-2024-wa-metro/5.jpg,https://www.catalogueau.com/coles/#catalogue=coles/coles-catalogue-november-27-december-3-2024-wa-metro/,displayed_price,displayed_price,1,review
Coles,WA METRO,"Coles Catalogue November 27 - December 3, 2024 WA METRO",2024-11-27,2024-12-04,5,Gravox Liquid Gravy or Finishing Sauce 165g,1.75,3.5,1.75,50.0,half_price,165g,$1.06 per 100g,SAVES1.75 | WASS$3.50 | Gravox Liquid Gravy or | Finishing Sauce 165g | $1.06 | $1.06 per 100g,95.96,False,,https://caau.syd1.cdn.digitaloceanspaces.com/wp-content/uploads/catalogue/coles/coles-catalogue-november-27-december-3-2024-wa-metro/5.jpg,https://www.catalogueau.com/coles/#catalogue=coles/coles-catalogue-november-27-december-3-2024-wa-metro/,save_was_arithmetic,displayed_price;save_was_arithmetic;unit_price,3,verified
Coles,WA METRO,"Coles Catalogue November 27 - December 3, 2024 WA METRO",2024-11-27,2024-12-04,5,Ben's Orit Ben's Original Flavoured Rice,2.0,4.0,2.0,50.0,half_price,,,SAVE‘2. | WASS4 | Ben's Orit | Ben's Original Flavoured Rice | Pouch | Pouch 240g-250g | 19-250: | *See page 36 for T&Cs,79.0,True,low_name_confidence_strict,https://caau.syd1.cdn.digitaloceanspaces.com/wp-content/uploads/catalogue/coles/coles-catalogue-november-27-december-3-2024-wa-metro/5.jpg,https://www.catalogueau.com/coles/#catalogue=coles/coles-catalogue-november-27-december-3-2024-wa-metro/,save_was_arithmetic,displayed_price;save_was_arithmetic,2,review
Coles,WA METRO,"Coles Catalogue November 27 - December 3, 2024 WA METRO",2024-11-27,2024-12-04,5,Street Kitchen Mexican Meal Kit 255g,3.0,6.0,3.0,50.0,half_price,255g,$1.18 per 100g,SAVES3 | WASS6 | Street Kitchen Mexican | Meal Kit 255g | $1.18 per 100g | Ig,96.01,False,,https://caau.syd1.cdn.digitaloceanspaces.com/wp-content/uploads/catalogue/coles/coles-catalogue-november-27-december-3-2024-wa-metro/5.jpg,https://www.catalogueau.com/coles/#catalogue=coles/coles-catalogue-november-27-december-3-2024-wa-metro/,save_was_arithmetic,save_was_arithmetic;unit_price,2,verified
Coles,WA METRO,"Coles Catalogue November 27 - December 3, 2024 WA METRO",2024-11-27,2024-12-04,5,Coco Earth Heat & Eat Curry 500g,3.75,7.5,3.75,50.0,half_price,500g,$0.75 per 100g,SAVE3.75 | WASS7.50 | Coco Earth Heat & Eat Curry | 500g $0.75 per 100g,96.13,False,,https://caau.syd1.cdn.digitaloceanspaces.com/wp-content/uploads/catalogue/coles/coles-catalogue-november-27-december-3-2024-wa-metro/5.jpg,https://www.catalogueau.com/coles/#catalogue=coles/coles-catalogue-november-27-december-3-2024-wa-metro/,save_was_arithmetic,displayed_price;save_was_arithmetic;unit_price,3,verified
Coles,WA METRO,"Coles Catalogue November 27 - December 3, 2024 WA METRO",2024-11-27,2024-12-04,5,Good Earth Oils Extra Virgin Canola Oil 4 Litre,19.0,38.0,19.0,50.0,half_price,4 Litre,$0.48 per 100mL,SAVE*%19 | WASS$38 | Good Earth Oils Extra Virgin | Canola Oil 4 Litre | $0.48 per 100mL | ea,96.45,False,,https://caau.syd1.cdn.digitaloceanspaces.com/wp-content/uploads/catalogue/coles/coles-catalogue-november-27-december-3-2024-wa-metro/5.jpg,https://www.catalogueau.com/coles/#catalogue=coles/coles-catalogue-november-27-december-3-2024-wa-metro/,save_was_arithmetic,displayed_price;save_was_arithmetic,2,verified
Coles,WA METRO,"Coles Catalogue November 27 - December 3, 2024 WA METRO",2024-11-27,2024-12-04,5,Vittoria Nespresso Compatible Coffee Capsules 10 Pack,4.15,8.3,4.15,50.0,half_price,10 Pack,$0.42 per each,SAVES4.15 | WASS$8.30 | Vittoria Nespresso Compatible | Coffee Capsules 10 Pack | $0.42 per each | WA-METRO-271 1-24-311760,96.02,False,,https://caau.syd1.cdn.digitaloceanspaces.com/wp-content/uploads/catalogue/coles/coles-catalogue-november-27-december-3-2024-wa-metro/5.jpg,https://www.catalogueau.com/coles/#catalogue=coles/coles-catalogue-november-27-december-3-2024-wa-metro/,save_was_arithmetic,save_was_arithmetic;unit_price,2,verified
Coles,WA METRO,"Coles Catalogue November 27 - December 3, 2024 WA METRO",2024-11-27,2024-12-04,5,L'or Instant Coffee 210g-250g,6.25,12.5,6.25,50.0,half_price,210g; 250g,,SAVES6.25 | WASS12.50 | L'or Instant Coffee 210g-250g,92.33,False,,https://caau.syd1.cdn.digitaloceanspaces.com/wp-content/uploads/catalogue/coles/coles-catalogue-november-27-december-3-2024-wa-metro/5.jpg,https://www.catalogueau.com/coles/#catalogue=coles/coles-catalogue-november-27-december-3-2024-wa-metro/,save_was_arithmetic,displayed_price;save_was_arithmetic,2,verified
Coles,WA METRO,"Coles Catalogue November 27 - December 3, 2024 WA METRO",2024-11-27,2024-12-04,5,Lavazza Qualita Oro Coffee Beans 500g,12.5,25.0,12.5,50.0,half_price,500g,$2.50 per 100g,SAVE%12.50 | Lavazza Qualita Oro Coffee | Beans 500g $2.50 per 100g,95.34,True,single_price_evidence,https://caau.syd1.cdn.digitaloceanspaces.com/wp-content/uploads/catalogue/coles/coles-catalogue-november-27-december-3-2024-wa-metro/5.jpg,https://www.catalogueau.com/coles/#catalogue=coles/coles-catalogue-november-27-december-3-2024-wa-metro/,unit_price,unit_price,1,review
Coles,WA METRO,"Coles Catalogue November 27 - December 3, 2024 WA METRO",2024-11-27,2024-12-04,6,Pantene Shampoo or Conditioner 900mL,10.0,20.0,10.0,50.0,half_price,900mL,$1.11 per 100mL,SAVE*10 | WAS$20 | Pantene Shampoo or | Conditioner 900mL | $1.11 per 100mL,94.4,False,,https://caau.syd1.cdn.digitaloceanspaces.com/wp-content/uploads/catalogue/coles/coles-catalogue-november-27-december-3-2024-wa-metro/6.jpg,https://www.catalogueau.com/coles/#catalogue=coles/coles-catalogue-november-27-december-3-2024-wa-metro/,save_was_arithmetic,displayed_price;save_was_arithmetic;unit_price,3,verified
Coles,WA METRO,"Coles Catalogue November 27 - December 3, 2024 WA METRO",2024-11-27,2024-12-04,6,Pantene Shampoo 650mL or Conditioner 600mL,10.0,20.0,10.0,50.0,half_price,650mL; 600mL,,SAVE10 | WAS$20 | Pantene Shampoo 650mL | or Conditioner 600mL,93.47,False,,https://caau.syd1.cdn.digitaloceanspaces.com/wp-content/uploads/catalogue/coles/coles-catalogue-november-27-december-3-2024-wa-metro/6.jpg,https://www.catalogueau.com/coles/#catalogue=coles/coles-catalogue-november-27-december-3-2024-wa-metro/,save_was_arithmetic,displayed_price;save_was_arithmetic,2,verified
Coles,WA METRO,"Coles Catalogue November 27 - December 3, 2024 WA METRO",2024-11-27,2024-12-04,6,Pantene Gold Series Shampoo 252mL or Conditioner 250mL,10.0,20.0,10.0,50.0,half_price,252mL; 250mL,,SAVE*10 | ‘WAS§20_ | Pantene Gold Series Shampoo | 252mL or Conditioner 250mL,94.31,False,,https://caau.syd1.cdn.digitaloceanspaces.com/wp-content/uploads/catalogue/coles/coles-catalogue-november-27-december-3-2024-wa-metro/6.jpg,https://www.catalogueau.com/coles/#catalogue=coles/coles-catalogue-november-27-december-3-2024-wa-metro/,save_was_arithmetic,displayed_price;save_was_arithmetic,2,verified
Coles,WA METRO,"Coles Catalogue November 27 - December 3, 2024 WA METRO",2024-11-27,2024-12-04,6,Carefree Unscented Liners Barely There 42 Pack or Original 30 Pack,2.75,5.5,2.75,50.0,half_price,42 Pack; 30 Pack,,‘WAS$5.50 | ‘WAS$5.50 | Carefree Unscented Liners | Barely There 42 Pack or | Original 30 Pack,96.16,True,inferred_price_requires_review,https://caau.syd1.cdn.digitaloceanspaces.com/wp-content/uploads/catalogue/coles/coles-catalogue-november-27-december-3-2024-wa-metro/6.jpg,https://www.catalogueau.com/coles/#catalogue=coles/coles-catalogue-november-27-december-3-2024-wa-metro/,displayed_price,displayed_price;page_discount,1,review
Coles,WA METRO,"Coles Catalogue November 27 - December 3, 2024 WA METRO",2024-11-27,2024-12-04,6,Toni & Guy Shampoo or Conditioner 250mL,9.5,19.0,9.5,50.0,half_price,250mL,$3.80 per 100mL,SAVE*9.50 | WASS19 | Toni & Guy Shampoo or | Conditioner 250mL | $3.80 per 100mL,94.12,False,,https://caau.syd1.cdn.digitaloceanspaces.com/wp-content/uploads/catalogue/coles/coles-catalogue-november-27-december-3-2024-wa-metro/6.jpg,https://www.catalogueau.com/coles/#catalogue=coles/coles-catalogue-november-27-december-3-2024-wa-metro/,save_was_arithmetic,save_was_arithmetic;unit_price,2,verified
Coles,WA METRO,"Coles Catalogue November 27 - December 3, 2024 WA METRO",2024-11-27,2024-12-04,6,Swisse Ultiboost Vitamin D Capsules 250 Pack*,14.75,29.5,14.75,50.0,half_price,250 Pack,$5.90 per 100 each,SAVE514.75 | WASS$29.50 | Swisse Ultiboost Vitamin D | Capsules 250 Pack* | $5.90 per 100 each,92.86,True,single_price_evidence,https://caau.syd1.cdn.digitaloceanspaces.com/wp-content/uploads/catalogue/coles/coles-catalogue-november-27-december-3-2024-wa-metro/6.jpg,https://www.catalogueau.com/coles/#catalogue=coles/coles-catalogue-november-27-december-3-2024-wa-metro/,unit_price,unit_price,1,review
Coles,WA METRO,"Coles Catalogue November 27 - December 3, 2024 WA METRO",2024-11-27,2024-12-04,6,Swisse Ultivite 50+ Multivitamin Tablets 60 Pack*,22.5,45.0,22.5,50.0,half_price,60 Pack,$37.50 per 100 each,SAVE*22.50 | WASS45 | Swisse Ultivite 50+ Multivitamin | Tablets 60 Pack* | $37.50 per 100 each,94.38,False,,https://caau.syd1.cdn.digitaloceanspaces.com/wp-content/uploads/catalogue/coles/coles-catalogue-november-27-december-3-2024-wa-metro/6.jpg,https://www.catalogueau.com/coles/#catalogue=coles/coles-catalogue-november-27-december-3-2024-wa-metro/,save_was_arithmetic,save_was_arithmetic;unit_price,2,verified
Coles,WA METRO,"Coles Catalogue November 27 - December 3, 2024 WA METRO",2024-11-27,2024-12-04,6,Blackmores Fish Oil Odourless Capsules 200 Pack*,18.0,36.0,18.0,50.0,half_price,200 Pack,$9.00 per 100 each,Blackmores Fish Oil Odourless | Capsules 200 Pack* | $9.00 per 100 each,93.38,True,offer_labels_missing;regular_and_save_inferred_from_half_price,https://caau.syd1.cdn.digitaloceanspaces.com/wp-content/uploads/catalogue/coles/coles-catalogue-november-27-december-3-2024-wa-metro/6.jpg,https://www.catalogueau.com/coles/#catalogue=coles/coles-catalogue-november-27-december-3-2024-wa-metro/,displayed_price,displayed_price;grid_inference;unit_price,2,review
Coles,WA METRO,"Coles Catalogue November 27 - December 3, 2024 WA METRO",2024-11-27,2024-12-04,6,Blackmores Super Magnesium+ Tablets 180 Pack*,22.5,45.0,22.5,50.0,half_price,180 Pack,$12.50 per 100 each,Blackmores Super Magnesium+ | Tablets 180 Pack* | $12.50 per 100 each,94.1,True,offer_labels_missing;regular_and_save_inferred_from_half_price;inferred_price_requires_review,https://caau.syd1.cdn.digitaloceanspaces.com/wp-content/uploads/catalogue/coles/coles-catalogue-november-27-december-3-2024-wa-metro/6.jpg,https://www.catalogueau.com/coles/#catalogue=coles/coles-catalogue-november-27-december-3-2024-wa-metro/,unit_price,grid_inference;unit_price,1,review
Coles,WA METRO,"Coles Catalogue November 27 - December 3, 2024 WA METRO",2024-11-27,2024-12-04,7,Nivea Sun Kids Roll On Gentle Scrub or Sunscreen SPF50 65mL*,7.5,15.0,7.5,50.0,half_price,65mL,$11.54 per 100mL,SAVE‘7.50 | WASS15 | Nivea Sun Kids Roll On | Gentle Scrub or | Sunscreen SPF50 65mL* | $11.54 per 100mL. | 2nd week on sale,94.95,False,,https://caau.syd1.cdn.digitaloceanspaces.com/wp-content/uploads/catalogue/coles/coles-catalogue-november-27-december-3-2024-wa-metro/7.jpg,https://www.catalogueau.com/coles/#catalogue=coles/coles-catalogue-november-27-december-3-2024-wa-metro/,save_was_arithmetic,save_was_arithmetic;unit_price,2,verified
Coles,WA METRO,"Coles Catalogue November 27 - December 3, 2024 WA METRO",2024-11-27,2024-12-04,7,Nivea Antiperspirant Roll On Deodorant 50mL,2.5,55.0,52.5,95.45,save_amount,50mL,$5.00 per 100mL,SAVE52.50 | WAS | Nivea Antiperspirant Roll On | Deodorant 50mL | $5.00 per 100mL,79.0,True,low_name_confidence_strict;single_price_evidence,https://caau.syd1.cdn.digitaloceanspaces.com/wp-content/uploads/catalogue/coles/coles-catalogue-november-27-december-3-2024-wa-metro/7.jpg,https://www.catalogueau.com/coles/#catalogue=coles/coles-catalogue-november-27-december-3-2024-wa-metro/,unit_price,unit_price,1,review
Coles,WA METRO,"Coles Catalogue November 27 - December 3, 2024 WA METRO",2024-11-27,2024-12-04,7,Nivea Refreshin Gentle Scrub or Wash Gel 150mL,6.5,13.0,6.5,50.0,half_price,150mL,$4.33 per 100mL,"SAVE°6.50 | WASS13 | Nivea Refreshin | Gentle Scrub or | Wash Gel 150mL $4.33 per 100mL | 2nd week on sale | TExcludes Every Day, Down Down & clearance items",93.81,False,,https://caau.syd1.cdn.digitaloceanspaces.com/wp-content/uploads/catalogue/coles/coles-catalogue-november-27-december-3-2024-wa-metro/7.jpg,https://www.catalogueau.com/coles/#catalogue=coles/coles-catalogue-november-27-december-3-2024-wa-metro/,save_was_arithmetic,displayed_price;save_was_arithmetic;unit_price,3,verified
Coles,WA METRO,"Coles Catalogue November 27 - December 3, 2024 WA METRO",2024-11-27,2024-12-04,7,Colgate Total Advanced Toothpaste 115g,3.25,6.5,3.25,50.0,half_price,115g,$2.83 per 100g,SAVES3.25 | WAS$6.50 | Colgate Total Advanced | Toothpaste 115g | $2.83 per 100g,96.51,False,,https://caau.syd1.cdn.digitaloceanspaces.com/wp-content/uploads/catalogue/coles/coles-catalogue-november-27-december-3-2024-wa-metro/7.jpg,https://www.catalogueau.com/coles/#catalogue=coles/coles-catalogue-november-27-december-3-2024-wa-metro/,save_was_arithmetic,save_was_arithmetic;unit_price,2,verified
Coles,WA METRO,"Coles Catalogue November 27 - December 3, 2024 WA METRO",2024-11-27,2024-12-04,7,Colgate Plax Mouthwash 500mL,3.5,7.0,3.5,50.0,half_price,500mL,$0.70 per 100mL,SAVES3.50 | Colgate Plax Mouthwash | 500mL $0.70 per 100mL | Super 12,93.74,True,single_price_evidence,https://caau.syd1.cdn.digitaloceanspaces.com/wp-content/uploads/catalogue/coles/coles-catalogue-november-27-december-3-2024-wa-metro/7.jpg,https://www.catalogueau.com/coles/#catalogue=coles/coles-catalogue-november-27-december-3-2024-wa-metro/,unit_price,unit_price,1,review
Coles,WA METRO,"Coles Catalogue November 27 - December 3, 2024 WA METRO",2024-11-27,2024-12-04,7,Stayfree Ultra Thin Pads with Wings Regular 14 Pack or Super 12,3.0,6.0,3.0,50.0,half_price,14 Pack,,SAVES3 | WASS6 | Stayfree Ultra Thin Pads with | Wings Regular 14 Pack or | Super 12 | ack | TO peck | TO pack,95.8,False,,https://caau.syd1.cdn.digitaloceanspaces.com/wp-content/uploads/catalogue/coles/coles-catalogue-november-27-december-3-2024-wa-metro/7.jpg,https://www.catalogueau.com/coles/#catalogue=coles/coles-catalogue-november-27-december-3-2024-wa-metro/,save_was_arithmetic,displayed_price;save_was_arithmetic,2,verified
Coles,WA METRO,"Coles Catalogue November 27 - December 3, 2024 WA METRO",2024-11-27,2024-12-04,7,Colgate Optic White Pro Charcoal Toothbrush 2 Pack,6.0,12.0,6.0,50.0,half_price,2 Pack,,SAVES6 | WASS12 | Colgate Optic White Pro | Charcoal Toothbrush 2 Pack | 3.00 per each. | On sale for 2 weeks | *See page 36 for T&Cs,96.38,False,,https://caau.syd1.cdn.digitaloceanspaces.com/wp-content/uploads/catalogue/coles/coles-catalogue-november-27-december-3-2024-wa-metro/7.jpg,https://www.catalogueau.com/coles/#catalogue=coles/coles-catalogue-november-27-december-3-2024-wa-metro/,save_was_arithmetic,displayed_price;save_was_arithmetic,2,verified
Coles,WA METRO,"Coles Catalogue November 27 - December 3, 2024 WA METRO",2024-11-27,2024-12-04,7,Colgate Advanced Whitening & Tartar or Max Fresh Toothpaste 200g,5.0,10.0,5.0,50.0,half_price,200g,$2.50 per 100g,SAVE*5 | WASS10 | Colgate Advanced Whitening | & Tartar or Max Fresh | Toothpaste 200g $2.50 per 100g,96.09,False,,https://caau.syd1.cdn.digitaloceanspaces.com/wp-content/uploads/catalogue/coles/coles-catalogue-november-27-december-3-2024-wa-metro/7.jpg,https://www.catalogueau.com/coles/#catalogue=coles/coles-catalogue-november-27-december-3-2024-wa-metro/,save_was_arithmetic,displayed_price;save_was_arithmetic;unit_price,3,verified
Coles,WA METRO,"Coles Catalogue November 27 - December 3, 2024 WA METRO",2024-11-27,2024-12-04,7,Piksters Interdental Brushes 10 Pack,3.75,750.0,746.25,99.5,save_amount,10 Pack,$0.38 per each,Piksters Interdental Brushes | 10 Pack $0.38 per each,94.9,False,,https://caau.syd1.cdn.digitaloceanspaces.com/wp-content/uploads/catalogue/coles/coles-catalogue-november-27-december-3-2024-wa-metro/7.jpg,https://www.catalogueau.com/coles/#catalogue=coles/coles-catalogue-november-27-december-3-2024-wa-metro/,displayed_price,displayed_price;unit_price,2,verified
Coles,WA METRO,"Coles Catalogue November 27 - December 3, 2024 WA METRO",2024-11-27,2024-12-04,8,White King Power Toilet Gel 700mL,3.0,6.0,3.0,50.0,half_price,700mL,$0.43 per 100mL,SAVES3 | WASS6 | White King Power Toilet Gel | 700mL $0.43 per 100mL,94.69,False,,https://caau.syd1.cdn.digitaloceanspaces.com/wp-content/uploads/catalogue/coles/coles-catalogue-november-27-december-3-2024-wa-metro/8.jpg,https://www.catalogueau.com/coles/#catalogue=coles/coles-catalogue-november-27-december-3-2024-wa-metro/,save_was_arithmetic,displayed_price;save_was_arithmetic;unit_price,3,verified
Coles,WA METRO,"Coles Catalogue November 27 - December 3, 2024 WA METRO",2024-11-27,2024-12-04,8,Palmolive Ultra Dishwashing Liquid 950mL,4.25,8.5,4.25,50.0,half_price,950mL,$0.45 per 100mL,SAVE%4.25 | WAS$8.50 | Palmolive Ultra Dishwashing | Liquid 950mL $0.45 per 100mL. | *See page 36 for T&Cs,94.52,False,,https://caau.syd1.cdn.digitaloceanspaces.com/wp-content/uploads/catalogue/coles/coles-catalogue-november-27-december-3-2024-wa-metro/8.jpg,https://www.catalogueau.com/coles/#catalogue=coles/coles-catalogue-november-27-december-3-2024-wa-metro/,save_was_arithmetic,displayed_price;save_was_arithmetic;unit_price,3,verified
Coles,WA METRO,"Coles Catalogue November 27 - December 3, 2024 WA METRO",2024-11-27,2024-12-04,8,Vanish Preen Gold Oxi Action Fabric Stain Remover Spray 450mL,4.75,9.5,4.75,50.0,half_price,450mL,$10.56 per litre,SAVE%4.75 | WASS9.50 | Vanish Preen Gold Oxi Action | Fabric Stain Remover Spray | 450mL $10.56 per litre,95.41,False,,https://caau.syd1.cdn.digitaloceanspaces.com/wp-content/uploads/catalogue/coles/coles-catalogue-november-27-december-3-2024-wa-metro/8.jpg,https://www.catalogueau.com/coles/#catalogue=coles/coles-catalogue-november-27-december-3-2024-wa-metro/,save_was_arithmetic,displayed_price;save_was_arithmetic;unit_price,3,verified
Coles,WA METRO,"Coles Catalogue November 27 - December 3, 2024 WA METRO",2024-11-27,2024-12-04,8,Bref In The Bowl Toilet Cleaner Twin Pack 100g,5.5,11.0,5.5,50.0,half_price,100g,$5.50 per 100g,SAVE°5.50 | WASS11 | Bref In The Bowl Toilet Cleaner | Twin Pack 100g $5.50 per 100g,96.15,False,,https://caau.syd1.cdn.digitaloceanspaces.com/wp-content/uploads/catalogue/coles/coles-catalogue-november-27-december-3-2024-wa-metro/8.jpg,https://www.catalogueau.com/coles/#catalogue=coles/coles-catalogue-november-27-december-3-2024-wa-metro/,save_was_arithmetic,displayed_price;save_was_arithmetic;unit_price,3,verified
Coles,WA METRO,"Coles Catalogue November 27 - December 3, 2024 WA METRO",2024-11-27,2024-12-04,8,Décor Microsafe Easy Heat Containers 900mL 3 Pack,8.5,17.0,8.5,50.0,half_price,900mL; 3 Pack,$2.83 per each,SAVES8.50 | WASS17 | Décor Microsafe Easy Heat | Containers 900mL 3 Pack | $2.83 per each,93.85,False,,https://caau.syd1.cdn.digitaloceanspaces.com/wp-content/uploads/catalogue/coles/coles-catalogue-november-27-december-3-2024-wa-metro/8.jpg,https://www.catalogueau.com/coles/#catalogue=coles/coles-catalogue-november-27-december-3-2024-wa-metro/,save_was_arithmetic,save_was_arithmetic;unit_price,2,verified
Coles,WA METRO,"Coles Catalogue November 27 - December 3, 2024 WA METRO",2024-11-27,2024-12-04,8,Biozet Attack Regular Laundry Liquid 2 Litre or Powder 2kg,12.0,24.0,12.0,50.0,half_price,2 Litre; 2kg,,SAVE512 | WASS$24 | Biozet Attack Regular Laundry | Liquid 2 Litre or Powder 2kg,95.34,True,single_price_evidence,https://caau.syd1.cdn.digitaloceanspaces.com/wp-content/uploads/catalogue/coles/coles-catalogue-november-27-december-3-2024-wa-metro/8.jpg,https://www.catalogueau.com/coles/#catalogue=coles/coles-catalogue-november-27-december-3-2024-wa-metro/,displayed_price,displayed_price,1,review
Coles,WA METRO,"Coles Catalogue November 27 - December 3, 2024 WA METRO",2024-11-27,2024-12-04,8,Mortein Peaceful Nights Mozzie Zapper Primary + Refill 2.57mL 1 Each,14.0,28.0,14.0,50.0,half_price,2.57mL,,SAVES14 | WASS28 | Mortein Peaceful Nights | Mozzie Zapper Primary | + Refill 2.57mL 1 Each | *See page 36 forT&Cs,92.16,False,,https://caau.syd1.cdn.digitaloceanspaces.com/wp-content/uploads/catalogue/coles/coles-catalogue-november-27-december-3-2024-wa-metro/8.jpg,https://www.catalogueau.com/coles/#catalogue=coles/coles-catalogue-november-27-december-3-2024-wa-metro/,save_was_arithmetic,displayed_price;save_was_arithmetic,2,verified
Coles,WA METRO,"Coles Catalogue November 27 - December 3, 2024 WA METRO",2024-11-27,2024-12-04,8,Downy Unstopables In-Wash Scent Booster Beads 422g,15.5,31.0,15.5,50.0,half_price,422g,$36.73 per kg,SAVE °15.50 | WASS | Downy Unstopables In-Wash | Scent Booster Beads 422g | $36.73 per kg. | *See page 36 for T&Cs,94.05,False,,https://caau.syd1.cdn.digitaloceanspaces.com/wp-content/uploads/catalogue/coles/coles-catalogue-november-27-december-3-2024-wa-metro/8.jpg,https://www.catalogueau.com/coles/#catalogue=coles/coles-catalogue-november-27-december-3-2024-wa-metro/,displayed_price,displayed_price;unit_price,2,verified
Coles,WA METRO,"Coles Catalogue November 27 - December 3, 2024 WA METRO",2024-11-27,2024-12-04,8,Finish Ultimate Dishwashing Tablets 50 Pack,26.0,52.0,26.0,50.0,half_price,50 Pack,$0.52 per each,SAVE526 | ‘WAS$52 | Finish Ultimate Dishwashing | Tablets 50 Pack $0.52 per each,96.54,True,single_price_evidence,https://caau.syd1.cdn.digitaloceanspaces.com/wp-content/uploads/catalogue/coles/coles-catalogue-november-27-december-3-2024-wa-metro/8.jpg,https://www.catalogueau.com/coles/#catalogue=coles/coles-catalogue-november-27-december-3-2024-wa-metro/,displayed_price,displayed_price,1,review
Coles,WA METRO,"Coles Catalogue November 27 - December 3, 2024 WA METRO",2024-11-27,2024-12-04,9,in one transaction on selected pantry products online,4.0,19.0,15.0,78.95,save_amount,,,"Save $15 when you spend $50 | in one transaction on selected | pantry products online, | <->",91.97,True,single_price_evidence,https://caau.syd1.cdn.digitaloceanspaces.com/wp-content/uploads/catalogue/coles/coles-catalogue-november-27-december-3-2024-wa-metro/9.jpg,https://www.catalogueau.com/coles/#catalogue=coles/coles-catalogue-november-27-december-3-2024-wa-metro/,displayed_price,displayed_price,1,review
Coles,WA METRO,"Coles Catalogue November 27 - December 3, 2024 WA METRO",2024-11-27,2024-12-04,10,Darrell Lea Soft Centres 255g or Rocklea Road Gift Box 290g,8.0,16.0,8.0,50.0,half_price,255g; 290g,,SAVES8 | WASS16 | Darrell Lea Soft Centres 255g or | Rocklea Road Gift Box 290g | e | ONLY,96.02,False,,https://caau.syd1.cdn.digitaloceanspaces.com/wp-content/uploads/catalogue/coles/coles-catalogue-november-27-december-3-2024-wa-metro/10.jpg,https://www.catalogueau.com/coles/#catalogue=coles/coles-catalogue-november-27-december-3-2024-wa-metro/,save_was_arithmetic,displayed_price;save_was_arithmetic,2,verified
Coles,WA METRO,"Coles Catalogue November 27 - December 3, 2024 WA METRO",2024-11-27,2024-12-04,10,Toblerone Pralines 180g,8.0,16.0,8.0,50.0,half_price,180g,$4.44 per 100g,SAVES8 | WASSI6 | Toblerone Pralines 180g | $4.44 per 100g,93.81,False,,https://caau.syd1.cdn.digitaloceanspaces.com/wp-content/uploads/catalogue/coles/coles-catalogue-november-27-december-3-2024-wa-metro/10.jpg,https://www.catalogueau.com/coles/#catalogue=coles/coles-catalogue-november-27-december-3-2024-wa-metro/,save_was_arithmetic,displayed_price;save_was_arithmetic;unit_price,3,verified
Coles,WA METRO,"Coles Catalogue November 27 - December 3, 2024 WA METRO",2024-11-27,2024-12-04,10,Cadbury Favourites 336g-340g,8.0,16.0,8.0,50.0,half_price,336g; 340g,,SAVES8. | WASS16 | Cadbury Favourites 336g-340g | On sale for 2 weeks,93.18,True,single_price_evidence,https://caau.syd1.cdn.digitaloceanspaces.com/wp-content/uploads/catalogue/coles/coles-catalogue-november-27-december-3-2024-wa-metro/10.jpg,https://www.catalogueau.com/coles/#catalogue=coles/coles-catalogue-november-27-december-3-2024-wa-metro/,save_was_arithmetic,save_was_arithmetic,1,review
Coles,WA METRO,"Coles Catalogue November 27 - December 3, 2024 WA METRO",2024-11-27,2024-12-04,10,Ferrero Raffaello Gift Box 26 Pack 260g,9.0,18.0,9.0,50.0,half_price,26 Pack; 260g,$3.46 per 100g,SAVES9 | WASS18 | Ferrero Raffaello Gift Box | 26 Pack 260g $3.46 per 100g,96.6,False,,https://caau.syd1.cdn.digitaloceanspaces.com/wp-content/uploads/catalogue/coles/coles-catalogue-november-27-december-3-2024-wa-metro/10.jpg,https://www.catalogueau.com/coles/#catalogue=coles/coles-catalogue-november-27-december-3-2024-wa-metro/,save_was_arithmetic,save_was_arithmetic;unit_price,2,verified
Coles,WA METRO,"Coles Catalogue November 27 - December 3, 2024 WA METRO",2024-11-27,2024-12-04,10,Lindt Praline Master Collection 184g,12.0,24.0,12.0,50.0,half_price,184g,$6.52 per 100g,SAVES12 | WASS24 | Lindt Praline Master Collection | 184g $6.52 per 100g,96.46,False,,https://caau.syd1.cdn.digitaloceanspaces.com/wp-content/uploads/catalogue/coles/coles-catalogue-november-27-december-3-2024-wa-metro/10.jpg,https://www.catalogueau.com/coles/#catalogue=coles/coles-catalogue-november-27-december-3-2024-wa-metro/,save_was_arithmetic,displayed_price;save_was_arithmetic;unit_price,3,verified
Coles,WA METRO,"Coles Catalogue November 27 - December 3, 2024 WA METRO",2024-11-27,2024-12-04,10,Guylian Chocolate Seashells 250g,12.0,24.0,12.0,50.0,half_price,250g,$4.80 per 100g,SAVES12 | WAS$24 | Guylian Chocolate Seashells | 250g $4.80 per 100g,95.61,False,,https://caau.syd1.cdn.digitaloceanspaces.com/wp-content/uploads/catalogue/coles/coles-catalogue-november-27-december-3-2024-wa-metro/10.jpg,https://www.catalogueau.com/coles/#catalogue=coles/coles-catalogue-november-27-december-3-2024-wa-metro/,save_was_arithmetic,displayed_price;save_was_arithmetic;unit_price,3,verified
Coles,WA METRO,"Coles Catalogue November 27 - December 3, 2024 WA METRO",2024-11-27,2024-12-04,10,The Sweetporium Co. Gift Pouch 100g-150g While stocks last. No rainchecks,6.0,,,,special,100g; 150g,,The Sweetporium Co. Gift Pouch 100g-150g | While stocks last. No rainchecks | WA-METRO-271 1-24-311760,94.05,True,offer_labels_missing;save_amount_missing;regular_price_missing;single_price_evidence,https://caau.syd1.cdn.digitaloceanspaces.com/wp-content/uploads/catalogue/coles/coles-catalogue-november-27-december-3-2024-wa-metro/10.jpg,https://www.catalogueau.com/coles/#catalogue=coles/coles-catalogue-november-27-december-3-2024-wa-metro/,displayed_price,displayed_price,1,review
Coles,WA METRO,"Coles Catalogue November 27 - December 3, 2024 WA METRO",2024-11-27,2024-12-04,11,Lindt Cornet 327g-333g,13.0,26.0,13.0,50.0,half_price,327g; 333g,,SAVES13 | WASS26 | Lindt Cornet 327g-333g,92.66,True,single_price_evidence,https://caau.syd1.cdn.digitaloceanspaces.com/wp-content/uploads/catalogue/coles/coles-catalogue-november-27-december-3-2024-wa-metro/11.jpg,https://www.catalogueau.com/coles/#catalogue=coles/coles-catalogue-november-27-december-3-2024-wa-metro/,save_was_arithmetic,save_was_arithmetic,1,review
Coles,WA METRO,"Coles Catalogue November 27 - December 3, 2024 WA METRO",2024-11-27,2024-12-04,11,Ferrero Rocher Gift Box 30 Pack 375g,15.0,30.0,15.0,50.0,half_price,30 Pack; 375g,$4.00 per 100g,SAVES15 | WAS$30_ | Ferrero Rocher Gift Box 30 Pack | 375g $4.00 per 100g,96.54,False,,https://caau.syd1.cdn.digitaloceanspaces.com/wp-content/uploads/catalogue/coles/coles-catalogue-november-27-december-3-2024-wa-metro/11.jpg,https://www.catalogueau.com/coles/#catalogue=coles/coles-catalogue-november-27-december-3-2024-wa-metro/,save_was_arithmetic,displayed_price;save_was_arithmetic;unit_price,3,verified
Coles,WA METRO,"Coles Catalogue November 27 - December 3, 2024 WA METRO",2024-11-27,2024-12-04,11,Ferrero Rocher Collection Gift Box 24 Pack 269g,15.0,30.0,15.0,50.0,half_price,24 Pack; 269g,$5.58 per 100g,WASS30 | WASS30 | Ferrero Rocher Collection | Gift Box 24 Pack 269g | $5.58 per 100g,96.43,False,,https://caau.syd1.cdn.digitaloceanspaces.com/wp-content/uploads/catalogue/coles/coles-catalogue-november-27-december-3-2024-wa-metro/11.jpg,https://www.catalogueau.com/coles/#catalogue=coles/coles-catalogue-november-27-december-3-2024-wa-metro/,displayed_price,displayed_price;page_discount;unit_price,2,verified
Coles,WA METRO,"Coles Catalogue November 27 - December 3, 2024 WA METRO",2024-11-27,2024-12-04,11,Lindt Christmas Collection Bag 390g or Lindt Lindor Limited Edition Bag 468g,18.0,36.0,18.0,50.0,half_price,390g; 468g,,SAVES18 | Lindt Christmas Collection | Bag 390g or Lindt Lindor | Limited Edition Bag 468g | While stocks last. No rainchecks,95.76,True,single_price_evidence,https://caau.syd1.cdn.digitaloceanspaces.com/wp-content/uploads/catalogue/coles/coles-catalogue-november-27-december-3-2024-wa-metro/11.jpg,https://www.catalogueau.com/coles/#catalogue=coles/coles-catalogue-november-27-december-3-2024-wa-metro/,displayed_price,displayed_price,1,review
Coles,WA METRO,"Coles Catalogue November 27 - December 3, 2024 WA METRO",2024-11-27,2024-12-04,11,Cadbury Favourites Ultimate Share 820g,16.0,32.0,16.0,50.0,half_price,820g,$1.95 per 100g,SAVE%16 | WAS$32 | Cadbury Favourites Ultimate | Share 820g $1.95 per 100g,95.86,False,,https://caau.syd1.cdn.digitaloceanspaces.com/wp-content/uploads/catalogue/coles/coles-catalogue-november-27-december-3-2024-wa-metro/11.jpg,https://www.catalogueau.com/coles/#catalogue=coles/coles-catalogue-november-27-december-3-2024-wa-metro/,save_was_arithmetic,displayed_price;save_was_arithmetic;unit_price,3,verified
Coles,WA METRO,"Coles Catalogue November 27 - December 3, 2024 WA METRO",2024-11-27,2024-12-04,11,Lindt Lindor Limited Edition Round Tin 396g,19.0,38.0,19.0,50.0,half_price,396g,$4.80 per 100g,SAVES19 | WAS$38 | Lindt Lindor Limited Edition | Round Tin 396g $4.80 per 100g. | While stocks last. No rainchecks,95.37,False,,https://caau.syd1.cdn.digitaloceanspaces.com/wp-content/uploads/catalogue/coles/coles-catalogue-november-27-december-3-2024-wa-metro/11.jpg,https://www.catalogueau.com/coles/#catalogue=coles/coles-catalogue-november-27-december-3-2024-wa-metro/,save_was_arithmetic,displayed_price;save_was_arithmetic;unit_price,3,verified
Coles,WA METRO,"Coles Catalogue November 27 - December 3, 2024 WA METRO",2024-11-27,2024-12-04,11,Lindt Lindor Bag 121g-125g,5.0,10.0,5.0,50.0,half_price,121g; 125g,,WASS10 | WASS10 | Lindt Lindor Bag | 121g-125g,79.09,True,low_name_confidence_strict;inferred_price_requires_review,https://caau.syd1.cdn.digitaloceanspaces.com/wp-content/uploads/catalogue/coles/coles-catalogue-november-27-december-3-2024-wa-metro/11.jpg,https://www.catalogueau.com/coles/#catalogue=coles/coles-catalogue-november-27-december-3-2024-wa-metro/,page_discount_inference,page_discount,0,review
Coles,WA METRO,"Coles Catalogue November 27 - December 3, 2024 WA METRO",2024-11-27,2024-12-04,11,Coles Christmas Chocolate Santas or Baubles 100g,2.5,,,,special,100g,$2.50 per 100g,Coles Christmas Chocolate | Santas or Baubles 100g | $2.50 per 100g. | While stocks last. No rainchecks | WA-METRO-271 1-24-311760,96.0,True,single_price_evidence,https://caau.syd1.cdn.digitaloceanspaces.com/wp-content/uploads/catalogue/coles/coles-catalogue-november-27-december-3-2024-wa-metro/11.jpg,https://www.catalogueau.com/coles/#catalogue=coles/coles-catalogue-november-27-december-3-2024-wa-metro/,unit_price,unit_price,1,review
Coles,WA METRO,"Coles Catalogue November 27 - December 3, 2024 WA METRO",2024-11-27,2024-12-04,11,Coles Christmas Choc Cream Biscuit Tin 110g,3.0,,,,special,110g,$2.73 per 100g,Coles Christmas Choc Cream | Biscuit Tin 110g $2.73 per 100g. | While stocks last. No rainchecks | 1],95.91,False,,https://caau.syd1.cdn.digitaloceanspaces.com/wp-content/uploads/catalogue/coles/coles-catalogue-november-27-december-3-2024-wa-metro/11.jpg,https://www.catalogueau.com/coles/#catalogue=coles/coles-catalogue-november-27-december-3-2024-wa-metro/,displayed_price,displayed_price;unit_price,2,verified
Coles,WA METRO,"Coles Catalogue November 27 - December 3, 2024 WA METRO",2024-11-27,2024-12-04,12,Tassal Superior Gold Smoked Salmon 180g,14.0,18.0,4.0,22.22,save_amount,180g,$77.78 per kg,WASS18 | WASS18 | Tassal Superior Gold Smoked | Salmon 180g $77.78 per kg,95.76,True,single_price_evidence,https://caau.syd1.cdn.digitaloceanspaces.com/wp-content/uploads/catalogue/coles/coles-catalogue-november-27-december-3-2024-wa-metro/12.jpg,https://www.catalogueau.com/coles/#catalogue=coles/coles-catalogue-november-27-december-3-2024-wa-metro/,unit_price,unit_price,1,review
Coles,WA METRO,"Coles Catalogue November 27 - December 3, 2024 WA METRO",2024-11-27,2024-12-04,12,Coles Tasmanian Fresh Salmon Portions Skin On Selected stores,34.0,42.0,8.0,19.05,save_amount,,,"WAS $42i, | WAS $42i, | Coles Tasmanian Fresh Salmon | Portions Skin On Selected stores | only*. On sale for 2 weeks | © Ssiinion",96.3,True,single_price_evidence,https://caau.syd1.cdn.digitaloceanspaces.com/wp-content/uploads/catalogue/coles/coles-catalogue-november-27-december-3-2024-wa-metro/12.jpg,https://www.catalogueau.com/coles/#catalogue=coles/coles-catalogue-november-27-december-3-2024-wa-metro/,displayed_price,displayed_price,1,review
Coles,WA METRO,"Coles Catalogue November 27 - December 3, 2024 WA METRO",2024-11-27,2024-12-04,12,Coles Thawed Prawn Plate 200g,8.0,10.0,2.0,20.0,save_amount,200g,$40.00 per kg,WASS10 | WASS10 | Coles Thawed Prawn Plate | 200g $40.00 per kg. | Selected stores only* | *For locations of Deli counter stores visit coles.com.au/range-availability,79.0,True,low_name_confidence_strict,https://caau.syd1.cdn.digitaloceanspaces.com/wp-content/uploads/catalogue/coles/coles-catalogue-november-27-december-3-2024-wa-metro/12.jpg,https://www.catalogueau.com/coles/#catalogue=coles/coles-catalogue-november-27-december-3-2024-wa-metro/,displayed_price,displayed_price;unit_price,2,review
Coles,WA METRO,"Coles Catalogue November 27 - December 3, 2024 WA METRO",2024-11-27,2024-12-04,12,Coles Thawed Raw Garlic Prawn Skewers Selected stores only*,0.4,1.7,1.3,76.47,save_amount,,,Coles Thawed Raw Garlic Prawn | Skewers Selected stores only* | WA-METRO-271 1-24-311760,95.82,True,offer_labels_missing;single_price_evidence,https://caau.syd1.cdn.digitaloceanspaces.com/wp-content/uploads/catalogue/coles/coles-catalogue-november-27-december-3-2024-wa-metro/12.jpg,https://www.catalogueau.com/coles/#catalogue=coles/coles-catalogue-november-27-december-3-2024-wa-metro/,unknown,,0,review
Coles,WA METRO,"Coles Catalogue November 27 - December 3, 2024 WA METRO",2024-11-27,2024-12-04,12,MasterFoods Tartare or Seafood Sauce 220g-260g,998.0,,,,special,220g; 260g,,MasterFoods Tartare or Seafood | Sauce 220g-260g,93.53,True,offer_labels_missing;save_amount_missing;regular_price_missing;inferred_price_requires_review,https://caau.syd1.cdn.digitaloceanspaces.com/wp-content/uploads/catalogue/coles/coles-catalogue-november-27-december-3-2024-wa-metro/12.jpg,https://www.catalogueau.com/coles/#catalogue=coles/coles-catalogue-november-27-december-3-2024-wa-metro/,displayed_price,displayed_price;grid_inference,1,review
Coles,WA METRO,"Coles Catalogue November 27 - December 3, 2024 WA METRO",2024-11-27,2024-12-04,12,Coles Tasmanian Salmon Portions Skin Off 4 Pack 460g,19.5,,,,special,4 Pack; 460g,$42.39 per kg,Coles Tasmanian Salmon Portions | Skin Off 4 Pack 460g $42.39 per kg | From the Meat department. | On sale for 2 weeks,96.15,False,,https://caau.syd1.cdn.digitaloceanspaces.com/wp-content/uploads/catalogue/coles/coles-catalogue-november-27-december-3-2024-wa-metro/12.jpg,https://www.catalogueau.com/coles/#catalogue=coles/coles-catalogue-november-27-december-3-2024-wa-metro/,displayed_price,displayed_price;unit_price,2,verified
Coles,WA METRO,"Coles Catalogue November 27 - December 3, 2024 WA METRO",2024-11-27,2024-12-04,13,Coles Beechwood Double Smoked Half Leg Ham Per serve based on,10.0,13.5,3.5,25.93,save_amount,,$10.00 per kg,WASS13.50ig | WASS13.50ig | Coles Beechwood Double Smoked | Half Leg Ham Per serve based on | 5k | bone in ham serving 27 people | at $10.00 per kg. 2nd week on sale,96.54,True,single_price_evidence,https://caau.syd1.cdn.digitaloceanspaces.com/wp-content/uploads/catalogue/coles/coles-catalogue-november-27-december-3-2024-wa-metro/13.jpg,https://www.catalogueau.com/coles/#catalogue=coles/coles-catalogue-november-27-december-3-2024-wa-metro/,displayed_price,displayed_price,1,review
Coles,WA METRO,"Coles Catalogue November 27 - December 3, 2024 WA METRO",2024-11-27,2024-12-04,13,Coles Finest Free Range Triple Smoked Half Leg Ham Per serve based on 4kg bone in,15.5,,,,special,4kg,,"Coles Finest Free Range Triple | Smoked Half Leg Ham | Per serve based on 4kg bone in | ham serving 20 people at $15.50 | per kg. ""See page 36 for T&Cs",95.79,True,offer_labels_missing;save_amount_missing;regular_price_missing;single_price_evidence,https://caau.syd1.cdn.digitaloceanspaces.com/wp-content/uploads/catalogue/coles/coles-catalogue-november-27-december-3-2024-wa-metro/13.jpg,https://www.catalogueau.com/coles/#catalogue=coles/coles-catalogue-november-27-december-3-2024-wa-metro/,displayed_price,displayed_price,1,review
Coles,WA METRO,"Coles Catalogue November 27 - December 3, 2024 WA METRO",2024-11-27,2024-12-04,13,Bertocchi Festival Ham WA-METRO-271 1-24-311760,11.0,,,,special,,,Bertocchi Festival Ham | WA-METRO-271 1-24-311760,77.77,True,offer_labels_missing;save_amount_missing;regular_price_missing;low_name_confidence_strict;single_price_evidence,https://caau.syd1.cdn.digitaloceanspaces.com/wp-content/uploads/catalogue/coles/coles-catalogue-november-27-december-3-2024-wa-metro/13.jpg,https://www.catalogueau.com/coles/#catalogue=coles/coles-catalogue-november-27-december-3-2024-wa-metro/,displayed_price,displayed_price,1,review
Coles,WA METRO,"Coles Catalogue November 27 - December 3, 2024 WA METRO",2024-11-27,2024-12-04,13,Bertocchi Brothers Ham on Bone Quarters,14.0,,,,special,,,Bertocchi Brothers | Ham on Bone Quarters,95.03,True,offer_labels_missing;save_amount_missing;regular_price_missing;single_price_evidence,https://caau.syd1.cdn.digitaloceanspaces.com/wp-content/uploads/catalogue/coles/coles-catalogue-november-27-december-3-2024-wa-metro/13.jpg,https://www.catalogueau.com/coles/#catalogue=coles/coles-catalogue-november-27-december-3-2024-wa-metro/,displayed_price,displayed_price,1,review
Coles,WA METRO,"Coles Catalogue November 27 - December 3, 2024 WA METRO",2024-11-27,2024-12-04,13,D'Orsogna Half Leg Ham,132.5,,,,special,,,D'Orsogna Half Leg Ham,93.91,True,offer_labels_missing;save_amount_missing;regular_price_missing;single_price_evidence,https://caau.syd1.cdn.digitaloceanspaces.com/wp-content/uploads/catalogue/coles/coles-catalogue-november-27-december-3-2024-wa-metro/13.jpg,https://www.catalogueau.com/coles/#catalogue=coles/coles-catalogue-november-27-december-3-2024-wa-metro/,displayed_price,displayed_price,1,review
Coles,WA METRO,"Coles Catalogue November 27 - December 3, 2024 WA METRO",2024-11-27,2024-12-04,14,Chris' Heritage Dip 170g,7.0,9.0,2.0,22.22,save_amount,170g,$4.12 per 100g,WASS9 | WASS9 | Chris' Heritage Dip 170g | $4.12 per 100g | WIN.,95.43,False,,https://caau.syd1.cdn.digitaloceanspaces.com/wp-content/uploads/catalogue/coles/coles-catalogue-november-27-december-3-2024-wa-metro/14.jpg,https://www.catalogueau.com/coles/#catalogue=coles/coles-catalogue-november-27-december-3-2024-wa-metro/,displayed_price,displayed_price;unit_price,2,verified
Coles,WA METRO,"Coles Catalogue November 27 - December 3, 2024 WA METRO",2024-11-27,2024-12-04,14,Castello Half Moon Cheese 150g,6.5,7.5,1.0,13.33,save_amount,150g,$43.33 per kg,WASS7.50 | WASS7.50 | Castello Half Moon Cheese 150g | $43.33 per kg,96.39,False,,https://caau.syd1.cdn.digitaloceanspaces.com/wp-content/uploads/catalogue/coles/coles-catalogue-november-27-december-3-2024-wa-metro/14.jpg,https://www.catalogueau.com/coles/#catalogue=coles/coles-catalogue-november-27-december-3-2024-wa-metro/,displayed_price,displayed_price;unit_price,2,verified
Coles,WA METRO,"Coles Catalogue November 27 - December 3, 2024 WA METRO",2024-11-27,2024-12-04,14,Black Swan Favourites Dip 200g,3.5,4.0,0.5,12.5,save_amount,200g,$1.75 per 100g,WASS4 | WASS4 | Black Swan Favourites Dip 200g | $1.75 per 100g | WAMETRO-2711-24-311760,96.35,False,,https://caau.syd1.cdn.digitaloceanspaces.com/wp-content/uploads/catalogue/coles/coles-catalogue-november-27-december-3-2024-wa-metro/14.jpg,https://www.catalogueau.com/coles/#catalogue=coles/coles-catalogue-november-27-december-3-2024-wa-metro/,displayed_price,displayed_price;unit_price,2,verified
Coles,WA METRO,"Coles Catalogue November 27 - December 3, 2024 WA METRO",2024-11-27,2024-12-04,14,"Little Entertainers Mersey Valley, Tasmanian Heritage or South Cape Cheese 80g",4.0,,,,special,80g,$50.00 per kg,"Little Entertainers Mersey Valley, | Tasmanian Heritage or South | Cape Cheese 80g $50.00 per kg | 4 suck m",96.31,True,offer_labels_missing;save_amount_missing;regular_price_missing;inferred_price_requires_review,https://caau.syd1.cdn.digitaloceanspaces.com/wp-content/uploads/catalogue/coles/coles-catalogue-november-27-december-3-2024-wa-metro/14.jpg,https://www.catalogueau.com/coles/#catalogue=coles/coles-catalogue-november-27-december-3-2024-wa-metro/,unit_price,grid_inference;unit_price,1,review
Coles,WA METRO,"Coles Catalogue November 27 - December 3, 2024 WA METRO",2024-11-27,2024-12-04,14,Coles Made Easy Pork Sausage Rolls 550g,15.0,,,,special,550g,$13.64 per kg,Coles Made Easy Pork Sausage | Rolls 550g $13.64 per kg,96.39,True,offer_labels_missing;save_amount_missing;regular_price_missing;unit_price_conflict;single_price_evidence,https://caau.syd1.cdn.digitaloceanspaces.com/wp-content/uploads/catalogue/coles/coles-catalogue-november-27-december-3-2024-wa-metro/14.jpg,https://www.catalogueau.com/coles/#catalogue=coles/coles-catalogue-november-27-december-3-2024-wa-metro/,displayed_price,displayed_price,1,review
Coles,WA METRO,"Coles Catalogue November 27 - December 3, 2024 WA METRO",2024-11-27,2024-12-04,14,Amott's Jatz or Clix Crackers 225g-250g,6.0,,,,special,225g; 250g,,Amott's Jatz or Clix Crackers | 225g-250g,90.05,True,offer_labels_missing;save_amount_missing;regular_price_missing;single_price_evidence,https://caau.syd1.cdn.digitaloceanspaces.com/wp-content/uploads/catalogue/coles/coles-catalogue-november-27-december-3-2024-wa-metro/14.jpg,https://www.catalogueau.com/coles/#catalogue=coles/coles-catalogue-november-27-december-3-2024-wa-metro/,displayed_price,displayed_price,1,review
Coles,WA METRO,"Coles Catalogue November 27 - December 3, 2024 WA METRO",2024-11-27,2024-12-04,15,Coles Christmas Gingerbread Biscuit 40g,2.0,,,,special,40g,$5.00 per 100g,Coles Christmas Gingerbread | Biscuit 40g $5.00 per 100g | Rent,79.0,True,low_name_confidence_strict,https://caau.syd1.cdn.digitaloceanspaces.com/wp-content/uploads/catalogue/coles/coles-catalogue-november-27-december-3-2024-wa-metro/15.jpg,https://www.catalogueau.com/coles/#catalogue=coles/coles-catalogue-november-27-december-3-2024-wa-metro/,displayed_price,displayed_price;unit_price,2,review
Coles,WA METRO,"Coles Catalogue November 27 - December 3, 2024 WA METRO",2024-11-27,2024-12-04,15,Coles Christmas Traditional Pudding Large 700g,5.55,,,,special,700g,$0.79 per 100g,Coles Christmas Traditional | Pudding Large 700g | $0.79 per 100g,96.09,True,single_price_evidence,https://caau.syd1.cdn.digitaloceanspaces.com/wp-content/uploads/catalogue/coles/coles-catalogue-november-27-december-3-2024-wa-metro/15.jpg,https://www.catalogueau.com/coles/#catalogue=coles/coles-catalogue-november-27-december-3-2024-wa-metro/,unit_price,unit_price,1,review
Coles,WA METRO,"Coles Catalogue November 27 - December 3, 2024 WA METRO",2024-11-27,2024-12-04,15,Coles Christmas Apricot & Peach Pies 6 Pack 360g,5.5,,,,special,6 Pack; 360g,$1.53 per 100g,Coles Christmas Apricot & Peach | Pies 6 Pack 360g $1.53 per 100g,95.81,False,,https://caau.syd1.cdn.digitaloceanspaces.com/wp-content/uploads/catalogue/coles/coles-catalogue-november-27-december-3-2024-wa-metro/15.jpg,https://www.catalogueau.com/coles/#catalogue=coles/coles-catalogue-november-27-december-3-2024-wa-metro/,displayed_price,displayed_price;unit_price,2,verified
Coles,WA METRO,"Coles Catalogue November 27 - December 3, 2024 WA METRO",2024-11-27,2024-12-04,15,Coles Christmas Gingerbread House Kit 1kg,17.0,,,,special,1kg,$1.70 per 100g,Coles Christmas Gingerbread | House Kit 1kg $1.70 per 100g,95.96,False,,https://caau.syd1.cdn.digitaloceanspaces.com/wp-content/uploads/catalogue/coles/coles-catalogue-november-27-december-3-2024-wa-metro/15.jpg,https://www.catalogueau.com/coles/#catalogue=coles/coles-catalogue-november-27-december-3-2024-wa-metro/,displayed_price,displayed_price;unit_price,2,verified
Coles,WA METRO,"Coles Catalogue November 27 - December 3, 2024 WA METRO",2024-11-27,2024-12-04,15,Coles Christmas Gingerbread Shapes 400g,6.0,,,,special,400g,$1.50 per 100g,Coles Christmas Gingerbread | Shapes 400g $1.50 per 100g | WA-METRO-271 1-24-311760,96.39,False,,https://caau.syd1.cdn.digitaloceanspaces.com/wp-content/uploads/catalogue/coles/coles-catalogue-november-27-december-3-2024-wa-metro/15.jpg,https://www.catalogueau.com/coles/#catalogue=coles/coles-catalogue-november-27-december-3-2024-wa-metro/,displayed_price,displayed_price;unit_price,2,verified
Coles,WA METRO,"Coles Catalogue November 27 - December 3, 2024 WA METRO",2024-11-27,2024-12-04,15,Coles Christmas Brandy Baskets 6 Pack 96g,6.5,,,,special,6 Pack; 96g,$6.77 per 100g,Coles Christmas Brandy Baskets | 6 Pack 96g $6.77 per 100g,96.41,True,single_price_evidence,https://caau.syd1.cdn.digitaloceanspaces.com/wp-content/uploads/catalogue/coles/coles-catalogue-november-27-december-3-2024-wa-metro/15.jpg,https://www.catalogueau.com/coles/#catalogue=coles/coles-catalogue-november-27-december-3-2024-wa-metro/,unit_price,unit_price,1,review
Coles,WA METRO,"Coles Catalogue November 27 - December 3, 2024 WA METRO",2024-11-27,2024-12-04,16,Coles Glace Cherries 150g,2.5,,,,special,150g,$16.67 per kg,Coles Glace Cherries 150g | $16.67 per kg,96.15,True,single_price_evidence,https://caau.syd1.cdn.digitaloceanspaces.com/wp-content/uploads/catalogue/coles/coles-catalogue-november-27-december-3-2024-wa-metro/16.jpg,https://www.catalogueau.com/coles/#catalogue=coles/coles-catalogue-november-27-december-3-2024-wa-metro/,unit_price,unit_price,1,review
Coles,WA METRO,"Coles Catalogue November 27 - December 3, 2024 WA METRO",2024-11-27,2024-12-04,16,Coles Caster Sugar 1kg,2.2,,,,special,1kg,$0.22 per 100g,Coles Caster Sugar 1kg | $0.22 per 100g,92.75,False,,https://caau.syd1.cdn.digitaloceanspaces.com/wp-content/uploads/catalogue/coles/coles-catalogue-november-27-december-3-2024-wa-metro/16.jpg,https://www.catalogueau.com/coles/#catalogue=coles/coles-catalogue-november-27-december-3-2024-wa-metro/,displayed_price,displayed_price;unit_price,2,verified
Coles,WA METRO,"Coles Catalogue November 27 - December 3, 2024 WA METRO",2024-11-27,2024-12-04,16,Coles Slivered Almonds 150g,4.35,,,,special,150g,$29.00 per kg,"Coles Slivered Almonds 150g | $29.00 per kg | er,",93.9,False,,https://caau.syd1.cdn.digitaloceanspaces.com/wp-content/uploads/catalogue/coles/coles-catalogue-november-27-december-3-2024-wa-metro/16.jpg,https://www.catalogueau.com/coles/#catalogue=coles/coles-catalogue-november-27-december-3-2024-wa-metro/,displayed_price,displayed_price;unit_price,2,verified
Coles,WA METRO,"Coles Catalogue November 27 - December 3, 2024 WA METRO",2024-11-27,2024-12-04,16,Coles Dried Mango Slices 150g,4.6,,,,special,150g,$30.67 per kg,Coles Dried Mango Slices 150g | $30.67 per kg,96.36,True,single_price_evidence,https://caau.syd1.cdn.digitaloceanspaces.com/wp-content/uploads/catalogue/coles/coles-catalogue-november-27-december-3-2024-wa-metro/16.jpg,https://www.catalogueau.com/coles/#catalogue=coles/coles-catalogue-november-27-december-3-2024-wa-metro/,unit_price,unit_price,1,review
Coles,WA METRO,"Coles Catalogue November 27 - December 3, 2024 WA METRO",2024-11-27,2024-12-04,16,Coles Australian Sultanas 375g,3.75,,,,special,375g,$10.00 per kg,Coles Australian Sultanas 375g | $10.00 per kg | WAMETRO-2711-24-311760,93.99,True,single_price_evidence,https://caau.syd1.cdn.digitaloceanspaces.com/wp-content/uploads/catalogue/coles/coles-catalogue-november-27-december-3-2024-wa-metro/16.jpg,https://www.catalogueau.com/coles/#catalogue=coles/coles-catalogue-november-27-december-3-2024-wa-metro/,unit_price,unit_price,1,review
Coles,WA METRO,"Coles Catalogue November 27 - December 3, 2024 WA METRO",2024-11-27,2024-12-04,16,Coles Irresistible Ice Cream 1 Litre,6.5,,,,special,1 Litre,$0.65 per 100mL,Coles Irresistible Ice Cream | 1 Litre $0.65 per 100mL,93.69,False,,https://caau.syd1.cdn.digitaloceanspaces.com/wp-content/uploads/catalogue/coles/coles-catalogue-november-27-december-3-2024-wa-metro/16.jpg,https://www.catalogueau.com/coles/#catalogue=coles/coles-catalogue-november-27-december-3-2024-wa-metro/,displayed_price,displayed_price;unit_price,2,verified
Coles,WA METRO,"Coles Catalogue November 27 - December 3, 2024 WA METRO",2024-11-27,2024-12-04,17,Coles Pavlova 1 Pack,7.5,,,,special,1 Pack,$7.50 per each,Coles Pavlova 1 Pack | $7.50 per each,88.3,False,,https://caau.syd1.cdn.digitaloceanspaces.com/wp-content/uploads/catalogue/coles/coles-catalogue-november-27-december-3-2024-wa-metro/17.jpg,https://www.catalogueau.com/coles/#catalogue=coles/coles-catalogue-november-27-december-3-2024-wa-metro/,displayed_price,displayed_price;unit_price,2,verified
Coles,WA METRO,"Coles Catalogue November 27 - December 3, 2024 WA METRO",2024-11-27,2024-12-04,17,Australian Raspberries 125g Punnet,5.0,,,,special,125g,$40.00 per kg,Australian Raspberries 125g | Punnet $40.00 per kg | WAMETRO-2711-24-311760,95.48,False,,https://caau.syd1.cdn.digitaloceanspaces.com/wp-content/uploads/catalogue/coles/coles-catalogue-november-27-december-3-2024-wa-metro/17.jpg,https://www.catalogueau.com/coles/#catalogue=coles/coles-catalogue-november-27-december-3-2024-wa-metro/,displayed_price,displayed_price;unit_price,2,verified
Coles,WA METRO,"Coles Catalogue November 27 - December 3, 2024 WA METRO",2024-11-27,2024-12-04,18,A. Christmas Hat,5.0,,,,special,,,A. Christmas Hat $4ea | Range may vary by store,91.36,True,offer_labels_missing;save_amount_missing;regular_price_missing;single_price_evidence,https://caau.syd1.cdn.digitaloceanspaces.com/wp-content/uploads/catalogue/coles/coles-catalogue-november-27-december-3-2024-wa-metro/18.jpg,https://www.catalogueau.com/coles/#catalogue=coles/coles-catalogue-november-27-december-3-2024-wa-metro/,displayed_price,displayed_price,1,review
Coles,WA METRO,"Coles Catalogue November 27 - December 3, 2024 WA METRO",2024-11-27,2024-12-04,20,Tip Top English Muffins 6 Pack 400g,3.1,6.2,3.1,50.0,half_price,6 Pack; 400g,$0.78 per 100g,SAVE‘3.10 | WASS6.20 | Tip Top English Muffins 6 Pack 400g | $0.78 per 100g,96.2,False,,https://caau.syd1.cdn.digitaloceanspaces.com/wp-content/uploads/catalogue/coles/coles-catalogue-november-27-december-3-2024-wa-metro/20.jpg,https://www.catalogueau.com/coles/#catalogue=coles/coles-catalogue-november-27-december-3-2024-wa-metro/,save_was_arithmetic,displayed_price;save_was_arithmetic;unit_price,3,verified
Coles,WA METRO,"Coles Catalogue November 27 - December 3, 2024 WA METRO",2024-11-27,2024-12-04,20,Coles Bakery Cinnamon Donuts 6 Pack,2.5,2.8,0.3,10.71,save_amount,6 Pack,$0.42 per each,SAVE 30° | WASS2.80 | Coles Bakery Cinnamon Donuts | 6 Pack $0.42 per each | Selected stores only | p FL | Oo | is,96.4,True,single_price_evidence,https://caau.syd1.cdn.digitaloceanspaces.com/wp-content/uploads/catalogue/coles/coles-catalogue-november-27-december-3-2024-wa-metro/20.jpg,https://www.catalogueau.com/coles/#catalogue=coles/coles-catalogue-november-27-december-3-2024-wa-metro/,unit_price,unit_price,1,review
Coles,WA METRO,"Coles Catalogue November 27 - December 3, 2024 WA METRO",2024-11-27,2024-12-04,20,Coles Bakery Apple or Banoffee Turnover 2 Pack,8.5,9.5,1.0,10.53,save_amount,2 Pack,$4.25 per each,SAVES1 | WASS9.50 | Coles Bakery Apple or Banoffee | Turnover 2 Pack $4.25 per each | From the Patisserie fridge. Selected | stores only,95.67,False,,https://caau.syd1.cdn.digitaloceanspaces.com/wp-content/uploads/catalogue/coles/coles-catalogue-november-27-december-3-2024-wa-metro/20.jpg,https://www.catalogueau.com/coles/#catalogue=coles/coles-catalogue-november-27-december-3-2024-wa-metro/,save_was_arithmetic,displayed_price;save_was_arithmetic;unit_price,3,verified
Coles,WA METRO,"Coles Catalogue November 27 - December 3, 2024 WA METRO",2024-11-27,2024-12-04,20,Coles Snag Sausage Do: Cake 534g,20.0,29.0,9.0,31.03,save_amount,534g,$3.75 per 100g,SAVES9 | WASS$29 | Coles Snag Sausage Do: | Cake 534g $3.75 per 100g. | Cake 5. | 2nd week on sale,79.0,True,low_name_confidence_strict,https://caau.syd1.cdn.digitaloceanspaces.com/wp-content/uploads/catalogue/coles/coles-catalogue-november-27-december-3-2024-wa-metro/20.jpg,https://www.catalogueau.com/coles/#catalogue=coles/coles-catalogue-november-27-december-3-2024-wa-metro/,save_was_arithmetic,displayed_price;save_was_arithmetic;unit_price,3,review
Coles,WA METRO,"Coles Catalogue November 27 - December 3, 2024 WA METRO",2024-11-27,2024-12-04,20,Mission Wraps 8 Pack 567g,4.5,5.5,1.0,18.18,save_amount,8 Pack; 567g,$0.79 per 100g,WASS5.50 | WASS5.50 | Mission Wraps 8 Pack 567g | $0.79 per 100g | ae | =,96.6,True,single_price_evidence,https://caau.syd1.cdn.digitaloceanspaces.com/wp-content/uploads/catalogue/coles/coles-catalogue-november-27-december-3-2024-wa-metro/20.jpg,https://www.catalogueau.com/coles/#catalogue=coles/coles-catalogue-november-27-december-3-2024-wa-metro/,unit_price,unit_price,1,review
Coles,WA METRO,"Coles Catalogue November 27 - December 3, 2024 WA METRO",2024-11-27,2024-12-04,20,"Coles Bakery Stone Baked Turkish Loaf, Ciabatta Loaf or Sourdough",3.5,4.0,0.5,12.5,save_amount,,,"WASS4 | WASS4 | Coles Bakery Stone Baked Turkish | Loaf, Ciabatta Loaf or Sourdough | Baguette Selected stores only",94.72,True,single_price_evidence,https://caau.syd1.cdn.digitaloceanspaces.com/wp-content/uploads/catalogue/coles/coles-catalogue-november-27-december-3-2024-wa-metro/20.jpg,https://www.catalogueau.com/coles/#catalogue=coles/coles-catalogue-november-27-december-3-2024-wa-metro/,displayed_price,displayed_price,1,review
Coles,WA METRO,"Coles Catalogue November 27 - December 3, 2024 WA METRO",2024-11-27,2024-12-04,20,Coles Bakery Rustic Baguette Selected stores only,1.9,2.5,0.6,24.0,save_amount,,,SAVE 60‘ | WASS2.50 | Coles Bakery Rustic Baguette | Selected stores only,96.0,True,single_price_evidence,https://caau.syd1.cdn.digitaloceanspaces.com/wp-content/uploads/catalogue/coles/coles-catalogue-november-27-december-3-2024-wa-metro/20.jpg,https://www.catalogueau.com/coles/#catalogue=coles/coles-catalogue-november-27-december-3-2024-wa-metro/,displayed_price,displayed_price,1,review
Coles,WA METRO,"Coles Catalogue November 27 - December 3, 2024 WA METRO",2024-11-27,2024-12-04,20,Wonder White Bread 700g,4.62,,,,everyday,700g,$0.66 per 100g,| EVERY DAY DAY. | | Wonder White Bread 700g | $0.66 per 100g,96.33,True,single_price_evidence,https://caau.syd1.cdn.digitaloceanspaces.com/wp-content/uploads/catalogue/coles/coles-catalogue-november-27-december-3-2024-wa-metro/20.jpg,https://www.catalogueau.com/coles/#catalogue=coles/coles-catalogue-november-27-december-3-2024-wa-metro/,unit_price,unit_price,1,review
Coles,WA METRO,"Coles Catalogue November 27 - December 3, 2024 WA METRO",2024-11-27,2024-12-04,20,"Coles Christmas Toffee, Date & Ginger Pudding 500g poe",80.0,,,,special,500g,,"Coles Christmas Toffee, Date & Ginger Pudding 500g | | poe $1.56 per De Og. While stocks last. No rainchecks | ee",79.0,True,offer_labels_missing;save_amount_missing;regular_price_missing;low_name_confidence_strict;single_price_evidence,https://caau.syd1.cdn.digitaloceanspaces.com/wp-content/uploads/catalogue/coles/coles-catalogue-november-27-december-3-2024-wa-metro/20.jpg,https://www.catalogueau.com/coles/#catalogue=coles/coles-catalogue-november-27-december-3-2024-wa-metro/,displayed_price,displayed_price,1,review
Coles,WA METRO,"Coles Catalogue November 27 - December 3, 2024 WA METRO",2024-11-27,2024-12-04,21,Coles Australian Dry Roasted or Natural Almonds 750g Pack,10.0,13.0,3.0,23.08,save_amount,750g,$13.33 per kg,WASS13 | WASS13 | Coles Australian Dry Roasted | or Natural Almonds 750g Pack | $13.33 per kg,96.43,True,single_price_evidence,https://caau.syd1.cdn.digitaloceanspaces.com/wp-content/uploads/catalogue/coles/coles-catalogue-november-27-december-3-2024-wa-metro/21.jpg,https://www.catalogueau.com/coles/#catalogue=coles/coles-catalogue-november-27-december-3-2024-wa-metro/,unit_price,unit_price,1,review
Coles,WA METRO,"Coles Catalogue November 27 - December 3, 2024 WA METRO",2024-11-27,2024-12-04,21,Coles Australian Baby Cucumbers 250g Pack,3.0,,,,special,250g,$12.00 per kg,Coles Australian Baby Cucumbers | 250g Pack $12.00 per kg | a | bs,95.54,False,,https://caau.syd1.cdn.digitaloceanspaces.com/wp-content/uploads/catalogue/coles/coles-catalogue-november-27-december-3-2024-wa-metro/21.jpg,https://www.catalogueau.com/coles/#catalogue=coles/coles-catalogue-november-27-december-3-2024-wa-metro/,displayed_price,displayed_price;unit_price,2,verified
Coles,WA METRO,"Coles Catalogue November 27 - December 3, 2024 WA METRO",2024-11-27,2024-12-04,21,Coles Australian Sweet Corn 3 Pack,4.5,,,,special,3 Pack,,Coles Australian Sweet Corn 3 Pack | $1.50 per cob | NATURAL xt | K<4 | \nmerass,96.22,True,offer_labels_missing;save_amount_missing;regular_price_missing;single_price_evidence,https://caau.syd1.cdn.digitaloceanspaces.com/wp-content/uploads/catalogue/coles/coles-catalogue-november-27-december-3-2024-wa-metro/21.jpg,https://www.catalogueau.com/coles/#catalogue=coles/coles-catalogue-november-27-december-3-2024-wa-metro/,displayed_price,displayed_price,1,review
Coles,WA METRO,"Coles Catalogue November 27 - December 3, 2024 WA METRO",2024-11-27,2024-12-04,21,Coles Australian Family Broccolini Pack,570.7,,,,special,,,Coles Australian Family | Broccolini Pack,95.01,True,offer_labels_missing;save_amount_missing;regular_price_missing;single_price_evidence,https://caau.syd1.cdn.digitaloceanspaces.com/wp-content/uploads/catalogue/coles/coles-catalogue-november-27-december-3-2024-wa-metro/21.jpg,https://www.catalogueau.com/coles/#catalogue=coles/coles-catalogue-november-27-december-3-2024-wa-metro/,displayed_price,displayed_price,1,review
Coles,WA METRO,"Coles Catalogue November 27 - December 3, 2024 WA METRO",2024-11-27,2024-12-04,21,Coles Australian Baby Spinach 120g or 4 Leaf Salad 200g,5.0,,,,special,120g; 200g,,Coles Australian Baby Spinach | 120g or 4 Leaf Salad 200g,96.42,True,offer_labels_missing;save_amount_missing;regular_price_missing;single_price_evidence,https://caau.syd1.cdn.digitaloceanspaces.com/wp-content/uploads/catalogue/coles/coles-catalogue-november-27-december-3-2024-wa-metro/21.jpg,https://www.catalogueau.com/coles/#catalogue=coles/coles-catalogue-november-27-december-3-2024-wa-metro/,displayed_price,displayed_price,1,review
Coles,WA METRO,"Coles Catalogue November 27 - December 3, 2024 WA METRO",2024-11-27,2024-12-04,22,Coles Australian Lamb Forequarter Chops,16.0,19.0,3.0,15.79,save_amount,,,WAS $19kg | WAS $19kg | Coles Australian Lamb | Forequarter Chops | Product sold uncooked,94.87,True,single_price_evidence,https://caau.syd1.cdn.digitaloceanspaces.com/wp-content/uploads/catalogue/coles/coles-catalogue-november-27-december-3-2024-wa-metro/22.jpg,https://www.catalogueau.com/coles/#catalogue=coles/coles-catalogue-november-27-december-3-2024-wa-metro/,displayed_price,displayed_price,1,review
Coles,WA METRO,"Coles Catalogue November 27 - December 3, 2024 WA METRO",2024-11-27,2024-12-04,22,British Sausages Co Sausages 450g-500g,7.5,8.5,1.0,11.76,save_amount,450g; 500g,,WASS$8.50 | WASS$8.50 | British Sausages Co Sausages | 450g-500g On sale for 2 weeks | se,95.49,True,single_price_evidence,https://caau.syd1.cdn.digitaloceanspaces.com/wp-content/uploads/catalogue/coles/coles-catalogue-november-27-december-3-2024-wa-metro/22.jpg,https://www.catalogueau.com/coles/#catalogue=coles/coles-catalogue-november-27-december-3-2024-wa-metro/,displayed_price,displayed_price,1,review
Coles,WA METRO,"Coles Catalogue November 27 - December 3, 2024 WA METRO",2024-11-27,2024-12-04,22,Freedom Farms Chicken Southern Fried Portions 1.2kg,13.5,15.5,2.0,12.9,save_amount,1.2kg,$11.25 per kg,WASS15.50 | WASS15.50 | Freedom Farms Chicken | Southern Fried Portions 1.2kg | $11.25 per kg | Vs | GRAZE,95.21,False,,https://caau.syd1.cdn.digitaloceanspaces.com/wp-content/uploads/catalogue/coles/coles-catalogue-november-27-december-3-2024-wa-metro/22.jpg,https://www.catalogueau.com/coles/#catalogue=coles/coles-catalogue-november-27-december-3-2024-wa-metro/,displayed_price,displayed_price;unit_price,2,verified
Coles,WA METRO,"Coles Catalogue November 27 - December 3, 2024 WA METRO",2024-11-27,2024-12-04,22,Coles Australian No Added Hormones GRAZE Grass Fed Beef New York Strip Steak 380g,15.0,17.0,2.0,11.76,save_amount,380g,$39.47 per kg,WASS17 | WASS17 | Coles Australian No Added | Hormones GRAZE Grass Fed Beef | New York Strip Steak 380g | $39.47 per kg | 7),96.45,True,single_price_evidence,https://caau.syd1.cdn.digitaloceanspaces.com/wp-content/uploads/catalogue/coles/coles-catalogue-november-27-december-3-2024-wa-metro/22.jpg,https://www.catalogueau.com/coles/#catalogue=coles/coles-catalogue-november-27-december-3-2024-wa-metro/,unit_price,unit_price,1,review
Coles,WA METRO,"Coles Catalogue November 27 - December 3, 2024 WA METRO",2024-11-27,2024-12-04,22,Coles Australian No Added Hormones Beef Blade Roast,13.0,15.0,2.0,13.33,save_amount,,,WASS 15:4 | WASS 15:4 | Coles Australian No Added | Hormones Beef Blade Roast | f,96.36,True,single_price_evidence,https://caau.syd1.cdn.digitaloceanspaces.com/wp-content/uploads/catalogue/coles/coles-catalogue-november-27-december-3-2024-wa-metro/22.jpg,https://www.catalogueau.com/coles/#catalogue=coles/coles-catalogue-november-27-december-3-2024-wa-metro/,displayed_price,displayed_price,1,review
Coles,WA METRO,"Coles Catalogue November 27 - December 3, 2024 WA METRO",2024-11-27,2024-12-04,22,Coles Australian Pork BBQ Ribs,17.0,201.0,184.0,91.54,save_amount,,,"WAS $201, | WAS $201, | Coles Australian Pork BBQ Ribs",96.13,True,single_price_evidence,https://caau.syd1.cdn.digitaloceanspaces.com/wp-content/uploads/catalogue/coles/coles-catalogue-november-27-december-3-2024-wa-metro/22.jpg,https://www.catalogueau.com/coles/#catalogue=coles/coles-catalogue-november-27-december-3-2024-wa-metro/,displayed_price,displayed_price,1,review
Coles,WA METRO,"Coles Catalogue November 27 - December 3, 2024 WA METRO",2024-11-27,2024-12-04,22,Coles Australian No Added Hormones Beef Scotch Fillet Thin Sliced Steak 400g,16.0,19.0,3.0,15.79,save_amount,400g,$40.00 per kg,WASS19 | WASS19 | Coles Australian No Added | Hormones Beef Scotch Fillet | Thin Sliced Steak 400g | $40.00 per kg. Product sold | uncooked. 2nd week on sale,96.01,False,,https://caau.syd1.cdn.digitaloceanspaces.com/wp-content/uploads/catalogue/coles/coles-catalogue-november-27-december-3-2024-wa-metro/22.jpg,https://www.catalogueau.com/coles/#catalogue=coles/coles-catalogue-november-27-december-3-2024-wa-metro/,displayed_price,displayed_price;unit_price,2,verified
Coles,WA METRO,"Coles Catalogue November 27 - December 3, 2024 WA METRO",2024-11-27,2024-12-04,22,Coles Classic Burgers 400g-500g,15.0,,,,special,400g; 500g,,Coles Classic Burgers 400g-500g | On sale for 2 weeks,94.16,True,offer_labels_missing;save_amount_missing;regular_price_missing;inferred_price_requires_review,https://caau.syd1.cdn.digitaloceanspaces.com/wp-content/uploads/catalogue/coles/coles-catalogue-november-27-december-3-2024-wa-metro/22.jpg,https://www.catalogueau.com/coles/#catalogue=coles/coles-catalogue-november-27-december-3-2024-wa-metro/,displayed_price,displayed_price;grid_inference,1,review
Coles,WA METRO,"Coles Catalogue November 27 - December 3, 2024 WA METRO",2024-11-27,2024-12-04,23,Don Virginian Ham Selected stores only*,22.0,28.0,6.0,21.43,save_amount,,,WAS$28iq | WAS$28iq | Don Virginian Ham | Selected stores only* | $295,95.15,True,single_price_evidence,https://caau.syd1.cdn.digitaloceanspaces.com/wp-content/uploads/catalogue/coles/coles-catalogue-november-27-december-3-2024-wa-metro/23.jpg,https://www.catalogueau.com/coles/#catalogue=coles/coles-catalogue-november-27-december-3-2024-wa-metro/,displayed_price,displayed_price,1,review
Coles,WA METRO,"Coles Catalogue November 27 - December 3, 2024 WA METRO",2024-11-27,2024-12-04,23,D'Orsogna Hungarian Salami Selected stores only*,29.0,36.0,7.0,19.44,save_amount,,,WAS$36ig | WAS$36ig | D'Orsogna Hungarian Salami | Selected stores only* | oe Hepy,94.25,True,single_price_evidence,https://caau.syd1.cdn.digitaloceanspaces.com/wp-content/uploads/catalogue/coles/coles-catalogue-november-27-december-3-2024-wa-metro/23.jpg,https://www.catalogueau.com/coles/#catalogue=coles/coles-catalogue-november-27-december-3-2024-wa-metro/,displayed_price,displayed_price,1,review
Coles,WA METRO,"Coles Catalogue November 27 - December 3, 2024 WA METRO",2024-11-27,2024-12-04,23,D'Orsogna Traditional Style English Ham Selected stores only’,20.0,25.0,5.0,20.0,save_amount,,,'WAS$25:70sg | 'WAS$25:70sg | D'Orsogna Traditional Style | English Ham Selected stores only’. | On sale for 2 weeks,91.72,True,single_price_evidence,https://caau.syd1.cdn.digitaloceanspaces.com/wp-content/uploads/catalogue/coles/coles-catalogue-november-27-december-3-2024-wa-metro/23.jpg,https://www.catalogueau.com/coles/#catalogue=coles/coles-catalogue-november-27-december-3-2024-wa-metro/,displayed_price,displayed_price,1,review
Coles,WA METRO,"Coles Catalogue November 27 - December 3, 2024 WA METRO",2024-11-27,2024-12-04,23,Jarlsberg Swiss Sliced Cheese Selected stores only*,26.0,,,,special,,,Jarlsberg Swiss Sliced Cheese | Selected stores only* | dh | 1,94.52,True,offer_labels_missing;save_amount_missing;regular_price_missing;inferred_price_requires_review,https://caau.syd1.cdn.digitaloceanspaces.com/wp-content/uploads/catalogue/coles/coles-catalogue-november-27-december-3-2024-wa-metro/23.jpg,https://www.catalogueau.com/coles/#catalogue=coles/coles-catalogue-november-27-december-3-2024-wa-metro/,displayed_price,displayed_price;grid_inference,1,review
Coles,WA METRO,"Coles Catalogue November 27 - December 3, 2024 WA METRO",2024-11-27,2024-12-04,23,Hedy's Quiche 1.1kg,13.0,,,,special,1.1kg,$1.18 per 100g,Hedy's Quiche 1.1kg | $1.18 per 100g. | Selected stores only*,91.78,False,,https://caau.syd1.cdn.digitaloceanspaces.com/wp-content/uploads/catalogue/coles/coles-catalogue-november-27-december-3-2024-wa-metro/23.jpg,https://www.catalogueau.com/coles/#catalogue=coles/coles-catalogue-november-27-december-3-2024-wa-metro/,displayed_price,displayed_price;unit_price,2,verified
Coles,WA METRO,"Coles Catalogue November 27 - December 3, 2024 WA METRO",2024-11-27,2024-12-04,23,Coles Kitchen Family Tray Bake 1.4kg,22.0,,,,special,1.4kg,$1.57 per 100g,Coles Kitchen Family Tray Bake | 1.4kg $1.57 per 100g,95.95,True,offer_labels_missing;save_amount_missing;regular_price_missing;single_price_evidence,https://caau.syd1.cdn.digitaloceanspaces.com/wp-content/uploads/catalogue/coles/coles-catalogue-november-27-december-3-2024-wa-metro/23.jpg,https://www.catalogueau.com/coles/#catalogue=coles/coles-catalogue-november-27-december-3-2024-wa-metro/,displayed_price,displayed_price,1,review
Coles,WA METRO,"Coles Catalogue November 27 - December 3, 2024 WA METRO",2024-11-27,2024-12-04,25,Coles Finest Butter Pinwheels 90g or Butter Seeded Straws 100g From the Biscuit aisle,350.5,,,,everyday,90g; 100g,,EVERY DAY | Coles Finest Butter Pinwheels 90g or | Butter Seeded Straws 100g From the Biscuit aisle | 25,79.0,True,low_name_confidence_strict;single_price_evidence,https://caau.syd1.cdn.digitaloceanspaces.com/wp-content/uploads/catalogue/coles/coles-catalogue-november-27-december-3-2024-wa-metro/25.jpg,https://www.catalogueau.com/coles/#catalogue=coles/coles-catalogue-november-27-december-3-2024-wa-metro/,displayed_price,displayed_price,1,review
Coles,WA METRO,"Coles Catalogue November 27 - December 3, 2024 WA METRO",2024-11-27,2024-12-04,25,Coles Finest Vintage Red Leicester 200g or British Vintage Cheddar 200g,3.9,,,,everyday,200g,$19.50 per kg,Coles Finest Vintage Red Leicester 200g or | British Vintage Cheddar 200g $19.50 per kg | WAMETRO-2 | WA-METRO-271 1-24-311760 | 24-311760,96.56,True,single_price_evidence,https://caau.syd1.cdn.digitaloceanspaces.com/wp-content/uploads/catalogue/coles/coles-catalogue-november-27-december-3-2024-wa-metro/25.jpg,https://www.catalogueau.com/coles/#catalogue=coles/coles-catalogue-november-27-december-3-2024-wa-metro/,displayed_price,displayed_price,1,review
Coles,WA METRO,"Coles Catalogue November 27 - December 3, 2024 WA METRO",2024-11-27,2024-12-04,26,Golden Circle Juice 2 Litre,3.0,4.8,1.8,37.5,save_amount,2 Litre,$1.50 per litre,"WAS$4.80 | WAS$4.80 | Golden Circle Juice 2 Litre | $1.50 per litre. Excludes Pineapple, Grape, Orange | and Orange & Mango | r | ss",96.38,True,single_price_evidence,https://caau.syd1.cdn.digitaloceanspaces.com/wp-content/uploads/catalogue/coles/coles-catalogue-november-27-december-3-2024-wa-metro/26.jpg,https://www.catalogueau.com/coles/#catalogue=coles/coles-catalogue-november-27-december-3-2024-wa-metro/,unit_price,unit_price,1,review
Coles,WA METRO,"Coles Catalogue November 27 - December 3, 2024 WA METRO",2024-11-27,2024-12-04,26,Nexba Kombucha Cans 4x330mL,6.7,8.95,2.25,25.14,save_amount,4x330mL,$5.08 per litre,WAS$8.95 | WAS$8.95 | Nexba Kombucha Cans 4x330mL | $5.08 per litre. On sale for 2 weeks | Stich | Ree? | oe,92.53,False,,https://caau.syd1.cdn.digitaloceanspaces.com/wp-content/uploads/catalogue/coles/coles-catalogue-november-27-december-3-2024-wa-metro/26.jpg,https://www.catalogueau.com/coles/#catalogue=coles/coles-catalogue-november-27-december-3-2024-wa-metro/,displayed_price,displayed_price;unit_price,2,verified
Coles,WA METRO,"Coles Catalogue November 27 - December 3, 2024 WA METRO",2024-11-27,2024-12-04,26,ato Crisps 118g-134g week,8.0,,,,special,118g; 134g,,ato Crisps 118g-134g | week on sale | ADVERTISER PROMOTION,78.45,True,offer_labels_missing;save_amount_missing;regular_price_missing;low_name_confidence_strict;single_price_evidence,https://caau.syd1.cdn.digitaloceanspaces.com/wp-content/uploads/catalogue/coles/coles-catalogue-november-27-december-3-2024-wa-metro/26.jpg,https://www.catalogueau.com/coles/#catalogue=coles/coles-catalogue-november-27-december-3-2024-wa-metro/,displayed_price,displayed_price,1,review
Coles,WA METRO,"Coles Catalogue November 27 - December 3, 2024 WA METRO",2024-11-27,2024-12-04,27,Coles Lightly Sparkling Water 1.25 Litre,1.15,1.6,0.45,28.12,save_amount,1.25 Litre,$0.92 per litre,WAS $1.60 | WAS $1.60 | SEP 2024 | Coles Lightly Sparkling Water | 1.25 Litre $0.92 per litre | =,96.02,True,single_price_evidence,https://caau.syd1.cdn.digitaloceanspaces.com/wp-content/uploads/catalogue/coles/coles-catalogue-november-27-december-3-2024-wa-metro/27.jpg,https://www.catalogueau.com/coles/#catalogue=coles/coles-catalogue-november-27-december-3-2024-wa-metro/,unit_price,unit_price,1,review
Coles,WA METRO,"Coles Catalogue November 27 - December 3, 2024 WA METRO",2024-11-27,2024-12-04,27,"Schweppes Mixers, Mineral Water or Soft Drink 1.1 Litre",2.0,4.0,2.0,50.0,half_price,1.1 Litre,$1.82 per litre,"SAVE $2 | Schweppes Mixers, Mineral Water | or Soft Drink 1.1 Litre $1.82 per litre | By",96.5,False,,https://caau.syd1.cdn.digitaloceanspaces.com/wp-content/uploads/catalogue/coles/coles-catalogue-november-27-december-3-2024-wa-metro/27.jpg,https://www.catalogueau.com/coles/#catalogue=coles/coles-catalogue-november-27-december-3-2024-wa-metro/,displayed_price,displayed_price;unit_price,2,verified
Coles,WA METRO,"Coles Catalogue November 27 - December 3, 2024 WA METRO",2024-11-27,2024-12-04,27,The Natural Confectionery Co. 130g-230g or Sour Patch 190g,6.0,10.0,4.0,40.0,save_amount,130g; 230g; 190g,,SAVE %4 | The Natural Confectionery Co. | 130g-230g or Sour Patch 190g | On sale for 2 weeks | mh,95.41,True,single_price_evidence,https://caau.syd1.cdn.digitaloceanspaces.com/wp-content/uploads/catalogue/coles/coles-catalogue-november-27-december-3-2024-wa-metro/27.jpg,https://www.catalogueau.com/coles/#catalogue=coles/coles-catalogue-november-27-december-3-2024-wa-metro/,displayed_price,displayed_price,1,review
Coles,WA METRO,"Coles Catalogue November 27 - December 3, 2024 WA METRO",2024-11-27,2024-12-04,27,Bundaberg Brewed Soft Drinks 4x375mL,4.95,7.45,2.5,33.56,save_amount,4x375mL,$3.30 per litre,"SAVES2.50 | WAS$7.45 | Bundaberg Brewed Soft Drinks | 4x375mL $3.30 per litre | Catalogue on sale Wed 27th Nov until Tue 3rd Dec 2024 or until Tue 10th Dec where indicated. | Selected specials commenced Wed 20th Nov. Promotional prices commence 8am Wednesday and may | commence or extend beyond the advertised date. The following stores are not open Sunday: Coles Albany, Albany (Orana).",95.46,False,,https://caau.syd1.cdn.digitaloceanspaces.com/wp-content/uploads/catalogue/coles/coles-catalogue-november-27-december-3-2024-wa-metro/27.jpg,https://www.catalogueau.com/coles/#catalogue=coles/coles-catalogue-november-27-december-3-2024-wa-metro/,save_was_arithmetic,displayed_price;save_was_arithmetic;unit_price,3,verified
Coles,WA METRO,"Coles Catalogue November 27 - December 3, 2024 WA METRO",2024-11-27,2024-12-04,27,Pepsi or Solo Soft Drink 1.25 Litre,5.0,9.92,4.92,49.6,half_price,1.25 Litre,$1.33 per litre,SAVE $4.92 | Pepsi or Solo Soft Drink 1.25 Litre | $1.33 per litre,96.37,True,unit_price_conflict;single_price_evidence,https://caau.syd1.cdn.digitaloceanspaces.com/wp-content/uploads/catalogue/coles/coles-catalogue-november-27-december-3-2024-wa-metro/27.jpg,https://www.catalogueau.com/coles/#catalogue=coles/coles-catalogue-november-27-december-3-2024-wa-metro/,displayed_price,displayed_price,1,review
Coles,WA METRO,"Coles Catalogue November 27 - December 3, 2024 WA METRO",2024-11-27,2024-12-04,27,Powerade Sports Drink or Active Water 600mL,2.75,5.65,2.9,51.33,save_amount,600mL,$4.58 per litre,SAVE*2.90 | Powerade Sports Drink or Active | Water 600mL $4.58 per litre,95.43,True,single_price_evidence,https://caau.syd1.cdn.digitaloceanspaces.com/wp-content/uploads/catalogue/coles/coles-catalogue-november-27-december-3-2024-wa-metro/27.jpg,https://www.catalogueau.com/coles/#catalogue=coles/coles-catalogue-november-27-december-3-2024-wa-metro/,unit_price,unit_price,1,review
Coles,WA METRO,"Coles Catalogue November 27 - December 3, 2024 WA METRO",2024-11-27,2024-12-04,27,Coles Clusters 120g,5.0,,,,special,120g,$4.17 per 100g,Coles Clusters 120g | $4.17 per 100g,96.37,False,,https://caau.syd1.cdn.digitaloceanspaces.com/wp-content/uploads/catalogue/coles/coles-catalogue-november-27-december-3-2024-wa-metro/27.jpg,https://www.catalogueau.com/coles/#catalogue=coles/coles-catalogue-november-27-december-3-2024-wa-metro/,displayed_price,displayed_price;unit_price,2,verified
Coles,WA METRO,"Coles Catalogue November 27 - December 3, 2024 WA METRO",2024-11-27,2024-12-04,27,Mr. Beast Feastables 60g,4.0,,,,special,60g,$6.67 per 100g,Mr. Beast Feastables 60g | $6.67 per 100g,93.71,False,,https://caau.syd1.cdn.digitaloceanspaces.com/wp-content/uploads/catalogue/coles/coles-catalogue-november-27-december-3-2024-wa-metro/27.jpg,https://www.catalogueau.com/coles/#catalogue=coles/coles-catalogue-november-27-december-3-2024-wa-metro/,displayed_price,displayed_price;unit_price,2,verified
Coles,WA METRO,"Coles Catalogue November 27 - December 3, 2024 WA METRO",2024-11-27,2024-12-04,27,H2Coco Coconut Water 2 Litre,6.0,,,,special,2 Litre,$3.00 per litre,H2Coco Coconut Water 2 Litre | $3.00 per litre | |,95.17,False,,https://caau.syd1.cdn.digitaloceanspaces.com/wp-content/uploads/catalogue/coles/coles-catalogue-november-27-december-3-2024-wa-metro/27.jpg,https://www.catalogueau.com/coles/#catalogue=coles/coles-catalogue-november-27-december-3-2024-wa-metro/,displayed_price,displayed_price;unit_price,2,verified
Coles,WA METRO,"Coles Catalogue November 27 - December 3, 2024 WA METRO",2024-11-27,2024-12-04,28,Peckish Fancies Rice Crackers 90g,2.0,3.0,1.0,33.33,save_amount,90g,$2.22 per 100g,"SAVES1 | WASS$3 | Peckish Fancies Rice Crackers 90g | $2.22 per 100g. On sale for 2 weeks | N | ex | ee | ""2,",94.34,False,,https://caau.syd1.cdn.digitaloceanspaces.com/wp-content/uploads/catalogue/coles/coles-catalogue-november-27-december-3-2024-wa-metro/28.jpg,https://www.catalogueau.com/coles/#catalogue=coles/coles-catalogue-november-27-december-3-2024-wa-metro/,save_was_arithmetic,displayed_price;save_was_arithmetic;unit_price,3,verified
Coles,WA METRO,"Coles Catalogue November 27 - December 3, 2024 WA METRO",2024-11-27,2024-12-04,28,Nutella Cream Biscuits 193g,4.8,6.0,1.2,20.0,save_amount,193g,$2.49 per 100g,SAVE*1.20 | WASS6 | Nutella Cream Biscuits 193g | $2.49 per 100g | VALUE4”,96.69,False,,https://caau.syd1.cdn.digitaloceanspaces.com/wp-content/uploads/catalogue/coles/coles-catalogue-november-27-december-3-2024-wa-metro/28.jpg,https://www.catalogueau.com/coles/#catalogue=coles/coles-catalogue-november-27-december-3-2024-wa-metro/,save_was_arithmetic,save_was_arithmetic;unit_price,2,verified
Coles,WA METRO,"Coles Catalogue November 27 - December 3, 2024 WA METRO",2024-11-27,2024-12-04,28,Poppin Microwave Popcorn 400g,5.5,7.0,1.5,21.43,save_amount,400g,$1.38 per 100g,‘WASS7 | ‘WASS7 | NOV 2024 | Poppin Microwave Popcorn 400g | $1.38 per 100g,96.43,False,,https://caau.syd1.cdn.digitaloceanspaces.com/wp-content/uploads/catalogue/coles/coles-catalogue-november-27-december-3-2024-wa-metro/28.jpg,https://www.catalogueau.com/coles/#catalogue=coles/coles-catalogue-november-27-december-3-2024-wa-metro/,displayed_price,displayed_price;unit_price,2,verified
Coles,WA METRO,"Coles Catalogue November 27 - December 3, 2024 WA METRO",2024-11-27,2024-12-04,28,Arnott's Choc Ripple or Scotch Finger Biscuits 250g,5.0,6.6,1.6,24.24,save_amount,250g,$1.00 per 100g,SAVE ‘1.60 | Arnott's Choc Ripple or Scotch | Finger Biscuits 250g $1.00 per 100g | On sale for 2 weeks,95.48,True,unit_price_conflict;single_price_evidence,https://caau.syd1.cdn.digitaloceanspaces.com/wp-content/uploads/catalogue/coles/coles-catalogue-november-27-december-3-2024-wa-metro/28.jpg,https://www.catalogueau.com/coles/#catalogue=coles/coles-catalogue-november-27-december-3-2024-wa-metro/,displayed_price,displayed_price,1,review
Coles,WA METRO,"Coles Catalogue November 27 - December 3, 2024 WA METRO",2024-11-27,2024-12-04,28,Twists 75g,2.5,,,,special,75g,$3.33 per 100g,Twists 75g $3.33 per 100g. | From the Biscuits aisle. | *See page 36 forT&Cs | en,96.25,True,offer_labels_missing;save_amount_missing;regular_price_missing,https://caau.syd1.cdn.digitaloceanspaces.com/wp-content/uploads/catalogue/coles/coles-catalogue-november-27-december-3-2024-wa-metro/28.jpg,https://www.catalogueau.com/coles/#catalogue=coles/coles-catalogue-november-27-december-3-2024-wa-metro/,displayed_price,displayed_price;grid_inference;unit_price,2,review
Coles,WA METRO,"Coles Catalogue November 27 - December 3, 2024 WA METRO",2024-11-27,2024-12-04,29,BSc Bodyscience High Protein Low Carb Bar 60g,2.7,4.5,1.8,40.0,save_amount,60g,$4.50 per 100g,WASS4.50 | WASS4.50 | BSc Bodyscience High | Protein Low Carb Bar | 60g $4.50 per 100g,95.6,False,,https://caau.syd1.cdn.digitaloceanspaces.com/wp-content/uploads/catalogue/coles/coles-catalogue-november-27-december-3-2024-wa-metro/29.jpg,https://www.catalogueau.com/coles/#catalogue=coles/coles-catalogue-november-27-december-3-2024-wa-metro/,displayed_price,displayed_price;unit_price,2,verified
Coles,WA METRO,"Coles Catalogue November 27 - December 3, 2024 WA METRO",2024-11-27,2024-12-04,29,Spam Canned Ham 340g,4.0,6.8,2.8,41.18,save_amount,340g,$11.76 per kg,WASS$6.80 | WASS$6.80 | Spam Canned Ham | 340g $11.76 per kg,96.43,False,,https://caau.syd1.cdn.digitaloceanspaces.com/wp-content/uploads/catalogue/coles/coles-catalogue-november-27-december-3-2024-wa-metro/29.jpg,https://www.catalogueau.com/coles/#catalogue=coles/coles-catalogue-november-27-december-3-2024-wa-metro/,displayed_price,displayed_price;unit_price,2,verified
Coles,WA METRO,"Coles Catalogue November 27 - December 3, 2024 WA METRO",2024-11-27,2024-12-04,29,SPC Baked Beans or Spaghetti 420g-425g,0.4,2.5,2.1,84.0,save_amount,420g; 425g,,SPC Baked Beans or Spaghetti | 420g-425g | aos | Australias | LAK,92.09,True,offer_labels_missing;single_price_evidence,https://caau.syd1.cdn.digitaloceanspaces.com/wp-content/uploads/catalogue/coles/coles-catalogue-november-27-december-3-2024-wa-metro/29.jpg,https://www.catalogueau.com/coles/#catalogue=coles/coles-catalogue-november-27-december-3-2024-wa-metro/,unknown,,0,review
Coles,WA METRO,"Coles Catalogue November 27 - December 3, 2024 WA METRO",2024-11-27,2024-12-04,29,Monini Olive Oil 750mL,14.4,24.0,9.6,40.0,save_amount,750mL,$1.92 per 100mL,WAS$24 | WAS$24 | Monini Olive Oil 750mL | $1.92 per 100mL | Dilmah,92.16,True,single_price_evidence,https://caau.syd1.cdn.digitaloceanspaces.com/wp-content/uploads/catalogue/coles/coles-catalogue-november-27-december-3-2024-wa-metro/29.jpg,https://www.catalogueau.com/coles/#catalogue=coles/coles-catalogue-november-27-december-3-2024-wa-metro/,unit_price,unit_price,1,review
Coles,WA METRO,"Coles Catalogue November 27 - December 3, 2024 WA METRO",2024-11-27,2024-12-04,29,Australia's Own Barista Almond Milk 1 Litre,3.5,4.5,1.0,22.22,save_amount,1 Litre,$3.50 per litre,WASS4.50 | WASS4.50 | Australia's Own Barista Almond | Milk 1 Litre $3.50 per litre | Nestle,96.44,False,,https://caau.syd1.cdn.digitaloceanspaces.com/wp-content/uploads/catalogue/coles/coles-catalogue-november-27-december-3-2024-wa-metro/29.jpg,https://www.catalogueau.com/coles/#catalogue=coles/coles-catalogue-november-27-december-3-2024-wa-metro/,displayed_price,displayed_price;unit_price,2,verified
Coles,WA METRO,"Coles Catalogue November 27 - December 3, 2024 WA METRO",2024-11-27,2024-12-04,29,Dilmah Premium Tea Bags 100 Pack,5.5,7.2,1.7,23.61,save_amount,100 Pack,$0.06 per each,WASS$7.20 | WASS$7.20 | Dilmah Premium Tea Bags | 100 Pack $0.06 per each,96.27,True,single_price_evidence,https://caau.syd1.cdn.digitaloceanspaces.com/wp-content/uploads/catalogue/coles/coles-catalogue-november-27-december-3-2024-wa-metro/29.jpg,https://www.catalogueau.com/coles/#catalogue=coles/coles-catalogue-november-27-december-3-2024-wa-metro/,displayed_price,displayed_price,1,review
Coles,WA METRO,"Coles Catalogue November 27 - December 3, 2024 WA METRO",2024-11-27,2024-12-04,29,Nescafé Blend 43 500g,18.0,26.0,8.0,30.77,save_amount,500g,$3.60 per 100g,WASS26 | WASS26 | Nescafé Blend 43 500g | $3.60 per 100g,94.28,False,,https://caau.syd1.cdn.digitaloceanspaces.com/wp-content/uploads/catalogue/coles/coles-catalogue-november-27-december-3-2024-wa-metro/29.jpg,https://www.catalogueau.com/coles/#catalogue=coles/coles-catalogue-november-27-december-3-2024-wa-metro/,displayed_price,displayed_price;unit_price,2,verified
Coles,WA METRO,"Coles Catalogue November 27 - December 3, 2024 WA METRO",2024-11-27,2024-12-04,29,Nescafé Gold 400g,19.0,28.0,9.0,32.14,save_amount,400g,$4.75 per 100g,WASS28 | WASS28 | Nescafé Gold 400g | $4.75 per 100g,94.53,False,,https://caau.syd1.cdn.digitaloceanspaces.com/wp-content/uploads/catalogue/coles/coles-catalogue-november-27-december-3-2024-wa-metro/29.jpg,https://www.catalogueau.com/coles/#catalogue=coles/coles-catalogue-november-27-december-3-2024-wa-metro/,displayed_price,displayed_price;unit_price,2,verified
Coles,WA METRO,"Coles Catalogue November 27 - December 3, 2024 WA METRO",2024-11-27,2024-12-04,29,Sunbeam Australian Currants 300g,5.0,,,,special,300g,$16.67 per kg,Sunbeam Australian Currants | 300g $16.67 per kg,96.05,False,,https://caau.syd1.cdn.digitaloceanspaces.com/wp-content/uploads/catalogue/coles/coles-catalogue-november-27-december-3-2024-wa-metro/29.jpg,https://www.catalogueau.com/coles/#catalogue=coles/coles-catalogue-november-27-december-3-2024-wa-metro/,displayed_price,displayed_price;unit_price,2,verified
Coles,WA METRO,"Coles Catalogue November 27 - December 3, 2024 WA METRO",2024-11-27,2024-12-04,29,Nestlé Sweetened Condensed Milk 395g-410g,6.0,,,,special,395g; 410g,,Nestlé Sweetened Condensed | Milk 395g-410g | WA-METRO-271 1-24-311760,79.0,True,offer_labels_missing;save_amount_missing;regular_price_missing;low_name_confidence_strict;inferred_price_requires_review,https://caau.syd1.cdn.digitaloceanspaces.com/wp-content/uploads/catalogue/coles/coles-catalogue-november-27-december-3-2024-wa-metro/29.jpg,https://www.catalogueau.com/coles/#catalogue=coles/coles-catalogue-november-27-december-3-2024-wa-metro/,displayed_price,displayed_price;grid_inference,1,review
Coles,WA METRO,"Coles Catalogue November 27 - December 3, 2024 WA METRO",2024-11-27,2024-12-04,30,Nescafé Farmers Origin Nespresso Compatible Coffee Capsules 10 Pack,3.5,7.0,3.5,50.0,half_price,10 Pack,$0.35 per each,WAS$7 | WAS$7 | Nescafé Farmers Origin Nespresso Compatible | Coffee Capsules 10 Pack $0.35 per each | b | ee | x,95.73,True,inferred_price_requires_review,https://caau.syd1.cdn.digitaloceanspaces.com/wp-content/uploads/catalogue/coles/coles-catalogue-november-27-december-3-2024-wa-metro/30.jpg,https://www.catalogueau.com/coles/#catalogue=coles/coles-catalogue-november-27-december-3-2024-wa-metro/,unit_price,page_discount;unit_price,1,review
Coles,WA METRO,"Coles Catalogue November 27 - December 3, 2024 WA METRO",2024-11-27,2024-12-04,30,Vittoria Freeze Dried Instant Coffee 100g,6.25,12.5,6.25,50.0,half_price,100g,$6.25 per 100g,WASS12.50 | WASS12.50 | Vittoria Freeze Dried Instant Coffee 100g | $6.25 per 100g. Excludes Decaf. On sale for 2 weeks,96.02,False,,https://caau.syd1.cdn.digitaloceanspaces.com/wp-content/uploads/catalogue/coles/coles-catalogue-november-27-december-3-2024-wa-metro/30.jpg,https://www.catalogueau.com/coles/#catalogue=coles/coles-catalogue-november-27-december-3-2024-wa-metro/,displayed_price,displayed_price;page_discount;unit_price,2,verified
Coles,WA METRO,"Coles Catalogue November 27 - December 3, 2024 WA METRO",2024-11-27,2024-12-04,30,Uncle Tobys Roll Ups 94g,4.0,5.5,1.5,27.27,save_amount,94g,$4.26 per 100g,WASS5.50 | WASS5.50 | Uncle Tobys Roll Ups 94g | $4.26 per 100g,94.04,False,,https://caau.syd1.cdn.digitaloceanspaces.com/wp-content/uploads/catalogue/coles/coles-catalogue-november-27-december-3-2024-wa-metro/30.jpg,https://www.catalogueau.com/coles/#catalogue=coles/coles-catalogue-november-27-december-3-2024-wa-metro/,displayed_price,displayed_price;unit_price,2,verified
Coles,WA METRO,"Coles Catalogue November 27 - December 3, 2024 WA METRO",2024-11-27,2024-12-04,30,Sanitarium Weet-Bix Bites 500g-510g,3.0,6.0,3.0,50.0,half_price,500g; 510g,,WAS $6 | WAS $6 | Sanitarium Weet-Bix | Bites 500g-510g | = | M | Low CARB,92.6,True,inferred_price_requires_review,https://caau.syd1.cdn.digitaloceanspaces.com/wp-content/uploads/catalogue/coles/coles-catalogue-november-27-december-3-2024-wa-metro/30.jpg,https://www.catalogueau.com/coles/#catalogue=coles/coles-catalogue-november-27-december-3-2024-wa-metro/,page_discount_inference,page_discount,0,review
Coles,WA METRO,"Coles Catalogue November 27 - December 3, 2024 WA METRO",2024-11-27,2024-12-04,30,Sanitarium Up&Go Liquid Breakfast,3.25,6.5,3.25,50.0,half_price,,$6.00 per litre,WASS6.50 | WASS6.50 | Sanitarium Up&Go | Liquid Breakfast | 3x250mL $6.00 per litre | = | ee},94.61,True,inferred_price_requires_review,https://caau.syd1.cdn.digitaloceanspaces.com/wp-content/uploads/catalogue/coles/coles-catalogue-november-27-december-3-2024-wa-metro/30.jpg,https://www.catalogueau.com/coles/#catalogue=coles/coles-catalogue-november-27-december-3-2024-wa-metro/,page_discount_inference,page_discount,0,review
Coles,WA METRO,"Coles Catalogue November 27 - December 3, 2024 WA METRO",2024-11-27,2024-12-04,30,Weet-Bix Multigrain 575g,4.5,6.0,1.5,25.0,save_amount,575g,$0.78 per 100g,WASS6 | WASS6 | Weet-Bix Multigrain | 575g $0.78 per 100g,93.7,True,single_price_evidence,https://caau.syd1.cdn.digitaloceanspaces.com/wp-content/uploads/catalogue/coles/coles-catalogue-november-27-december-3-2024-wa-metro/30.jpg,https://www.catalogueau.com/coles/#catalogue=coles/coles-catalogue-november-27-december-3-2024-wa-metro/,unit_price,unit_price,1,review
Coles,WA METRO,"Coles Catalogue November 27 - December 3, 2024 WA METRO",2024-11-27,2024-12-04,30,Mayver's Low Carb High Protein Bars 4 Pack 128g,6.6,8.3,1.7,20.48,save_amount,4 Pack; 128g,$5.16 per 100g,WAS$8.30 | WAS$8.30 | Mayver's Low Carb | High Protein Bars | 4 Pack 128g | $5.16 per 100g | Coles Group acknowledges the Traditional Custodians of Country throughout Australia. | acknowledges tt,95.56,False,,https://caau.syd1.cdn.digitaloceanspaces.com/wp-content/uploads/catalogue/coles/coles-catalogue-november-27-december-3-2024-wa-metro/30.jpg,https://www.catalogueau.com/coles/#catalogue=coles/coles-catalogue-november-27-december-3-2024-wa-metro/,displayed_price,displayed_price;unit_price,2,verified
Coles,WA METRO,"Coles Catalogue November 27 - December 3, 2024 WA METRO",2024-11-27,2024-12-04,30,Nestlé Milo Cereal 350g or Uncle Tobys Plus 410g-435g,3.25,6.5,3.25,50.0,half_price,350g; 410g; 435g,,‘WAS$6.50 | ‘WAS$6.50 | Nestlé Milo Cereal 350g | or Uncle Tobys Plus | 410g-435g | les Gre | acknowledges tt | recognise their strength a,79.0,True,low_name_confidence_strict;inferred_price_requires_review,https://caau.syd1.cdn.digitaloceanspaces.com/wp-content/uploads/catalogue/coles/coles-catalogue-november-27-december-3-2024-wa-metro/30.jpg,https://www.catalogueau.com/coles/#catalogue=coles/coles-catalogue-november-27-december-3-2024-wa-metro/,page_discount_inference,page_discount,0,review
Coles,WA METRO,"Coles Catalogue November 27 - December 3, 2024 WA METRO",2024-11-27,2024-12-04,30,Kellogg's Nutri Grain 765g or Coco Pops 650g,5.0,10.0,5.0,50.0,half_price,765g; 650g,,"WASS10 | WASS10 | Kellogg's | Nutri Grain 765g | or Coco Pops 650g | fF and | ct to El | ast, pr",96.29,True,inferred_price_requires_review,https://caau.syd1.cdn.digitaloceanspaces.com/wp-content/uploads/catalogue/coles/coles-catalogue-november-27-december-3-2024-wa-metro/30.jpg,https://www.catalogueau.com/coles/#catalogue=coles/coles-catalogue-november-27-december-3-2024-wa-metro/,page_discount_inference,page_discount,0,review
Coles,WA METRO,"Coles Catalogue November 27 - December 3, 2024 WA METRO",2024-11-27,2024-12-04,30,Vittoria Espresso Coffee Beans or Ground 1kg,24.0,40.0,16.0,40.0,save_amount,1kg,$2.40 per 100g,WAS$40 | WAS$40 | Vittoria Espresso Coffee | Beans or Ground Ikg | $2.40 per 100g | ing. | NE,92.06,False,,https://caau.syd1.cdn.digitaloceanspaces.com/wp-content/uploads/catalogue/coles/coles-catalogue-november-27-december-3-2024-wa-metro/30.jpg,https://www.catalogueau.com/coles/#catalogue=coles/coles-catalogue-november-27-december-3-2024-wa-metro/,displayed_price,displayed_price;unit_price,2,verified
Coles,WA METRO,"Coles Catalogue November 27 - December 3, 2024 WA METRO",2024-11-27,2024-12-04,31,Bertolli Olive Oil 750mL,16.0,26.0,10.0,38.46,save_amount,750mL,$2.13 per 100mL,WASS26 | WASS26 | Bertolli Olive Oil 750mL | $2.13 per 100mL,94.04,False,,https://caau.syd1.cdn.digitaloceanspaces.com/wp-content/uploads/catalogue/coles/coles-catalogue-november-27-december-3-2024-wa-metro/31.jpg,https://www.catalogueau.com/coles/#catalogue=coles/coles-catalogue-november-27-december-3-2024-wa-metro/,displayed_price,displayed_price;unit_price,2,verified
Coles,WA METRO,"Coles Catalogue November 27 - December 3, 2024 WA METRO",2024-11-27,2024-12-04,31,San Remo Pasta 375g-500g WA-METRO-271 1-24-311760,2.25,2.95,0.7,23.73,save_amount,375g; 500g,,San Remo Pasta 375g-500g | WA-METRO-271 1-24-311760,79.06,True,offer_labels_missing;low_name_confidence_strict;single_price_evidence,https://caau.syd1.cdn.digitaloceanspaces.com/wp-content/uploads/catalogue/coles/coles-catalogue-november-27-december-3-2024-wa-metro/31.jpg,https://www.catalogueau.com/coles/#catalogue=coles/coles-catalogue-november-27-december-3-2024-wa-metro/,unknown,,0,review
Coles,WA METRO,"Coles Catalogue November 27 - December 3, 2024 WA METRO",2024-11-27,2024-12-04,31,MasterFoods Squeeze Tomato or Barbecue Sauce 475mL-500mL,6.0,,,,special,475mL; 500mL,,MasterFoods Squeeze Tomato or | Barbecue Sauce 475mL-500mL | *See page 36 for T&Cs,93.35,True,offer_labels_missing;save_amount_missing;regular_price_missing;inferred_price_requires_review,https://caau.syd1.cdn.digitaloceanspaces.com/wp-content/uploads/catalogue/coles/coles-catalogue-november-27-december-3-2024-wa-metro/31.jpg,https://www.catalogueau.com/coles/#catalogue=coles/coles-catalogue-november-27-december-3-2024-wa-metro/,displayed_price,displayed_price;grid_inference,1,review
Coles,WA METRO,"Coles Catalogue November 27 - December 3, 2024 WA METRO",2024-11-27,2024-12-04,31,Morning Sun Muesli 650g,4.5,,,,special,650g,$0.69 per 100g,Morning Sun Muesli | 650g $0.69 per 100g,94.19,False,,https://caau.syd1.cdn.digitaloceanspaces.com/wp-content/uploads/catalogue/coles/coles-catalogue-november-27-december-3-2024-wa-metro/31.jpg,https://www.catalogueau.com/coles/#catalogue=coles/coles-catalogue-november-27-december-3-2024-wa-metro/,displayed_price,displayed_price;unit_price,2,verified
Coles,WA METRO,"Coles Catalogue November 27 - December 3, 2024 WA METRO",2024-11-27,2024-12-04,31,Fibre One Choc Fudge Brownie 10 Pack 240g,9.5,,,,special,10 Pack; 240g,$3.96 per 100g,Fibre One Choc Fudge | Brownie 10 Pack 240g | $3.96 per 100g,96.6,False,,https://caau.syd1.cdn.digitaloceanspaces.com/wp-content/uploads/catalogue/coles/coles-catalogue-november-27-december-3-2024-wa-metro/31.jpg,https://www.catalogueau.com/coles/#catalogue=coles/coles-catalogue-november-27-december-3-2024-wa-metro/,displayed_price,displayed_price;unit_price,2,verified
Coles,WA METRO,"Coles Catalogue November 27 - December 3, 2024 WA METRO",2024-11-27,2024-12-04,31,Cucina Matese Tipo 00 Flour 1kg,3.5,,,,special,1kg,$3.50 per kg,Cucina Matese Tipo 00 Flour 1kg | $3.50 per kg | eee) | % |,91.18,False,,https://caau.syd1.cdn.digitaloceanspaces.com/wp-content/uploads/catalogue/coles/coles-catalogue-november-27-december-3-2024-wa-metro/31.jpg,https://www.catalogueau.com/coles/#catalogue=coles/coles-catalogue-november-27-december-3-2024-wa-metro/,displayed_price,displayed_price;unit_price,2,verified
Coles,WA METRO,"Coles Catalogue November 27 - December 3, 2024 WA METRO",2024-11-27,2024-12-04,31,White Wings Plain or Self Raising Flour 2kg,4.95,,,,special,2kg,$2.48 per kg,White Wings Plain or Self Raising Flour 2kg | $2.48 per kg,95.73,False,,https://caau.syd1.cdn.digitaloceanspaces.com/wp-content/uploads/catalogue/coles/coles-catalogue-november-27-december-3-2024-wa-metro/31.jpg,https://www.catalogueau.com/coles/#catalogue=coles/coles-catalogue-november-27-december-3-2024-wa-metro/,displayed_price,displayed_price;unit_price,2,verified
Coles,WA METRO,"Coles Catalogue November 27 - December 3, 2024 WA METRO",2024-11-27,2024-12-04,32,Kewpie Mayonnaise 500g,6.4,8.0,1.6,20.0,save_amount,500g,$1.28 per 100g,WASS8 | WASS8 | Kewpie Mayonnaise 500g | $1.28 per 100g. 2nd week on sale,94.64,True,single_price_evidence,https://caau.syd1.cdn.digitaloceanspaces.com/wp-content/uploads/catalogue/coles/coles-catalogue-november-27-december-3-2024-wa-metro/32.jpg,https://www.catalogueau.com/coles/#catalogue=coles/coles-catalogue-november-27-december-3-2024-wa-metro/,unit_price,unit_price,1,review
Coles,WA METRO,"Coles Catalogue November 27 - December 3, 2024 WA METRO",2024-11-27,2024-12-04,32,Sirena Tuna 185g,3.7,4.7,1.0,21.28,save_amount,185g,$20.00 per kg,WAS$4.70 | WAS$4.70 | Sirena Tuna 185g | $20.00 per kg | ——— | |,94.7,True,single_price_evidence,https://caau.syd1.cdn.digitaloceanspaces.com/wp-content/uploads/catalogue/coles/coles-catalogue-november-27-december-3-2024-wa-metro/32.jpg,https://www.catalogueau.com/coles/#catalogue=coles/coles-catalogue-november-27-december-3-2024-wa-metro/,unit_price,unit_price,1,review
Coles,WA METRO,"Coles Catalogue November 27 - December 3, 2024 WA METRO",2024-11-27,2024-12-04,32,Aeroplane Jelly Sourz 85g,1.5,2.0,0.5,25.0,save_amount,85g,$1.76 per 100g,Wass2 | Wass2 | Aeroplane Jelly Sourz 85g | $1.76 per 100g,94.78,False,,https://caau.syd1.cdn.digitaloceanspaces.com/wp-content/uploads/catalogue/coles/coles-catalogue-november-27-december-3-2024-wa-metro/32.jpg,https://www.catalogueau.com/coles/#catalogue=coles/coles-catalogue-november-27-december-3-2024-wa-metro/,displayed_price,displayed_price;unit_price,2,verified
Coles,WA METRO,"Coles Catalogue November 27 - December 3, 2024 WA METRO",2024-11-27,2024-12-04,32,Campbell's Real Stock 500mL,2.0,2.75,0.75,27.27,save_amount,500mL,$0.40 per 100mL,WASS2.75 | WASS2.75 | Campbell's Real Stock 500mL | $0.40 per 100mL | > | ~,94.42,False,,https://caau.syd1.cdn.digitaloceanspaces.com/wp-content/uploads/catalogue/coles/coles-catalogue-november-27-december-3-2024-wa-metro/32.jpg,https://www.catalogueau.com/coles/#catalogue=coles/coles-catalogue-november-27-december-3-2024-wa-metro/,displayed_price,displayed_price;unit_price,2,verified
Coles,WA METRO,"Coles Catalogue November 27 - December 3, 2024 WA METRO",2024-11-27,2024-12-04,32,Heinz Ketchup 500mL,3.5,5.0,1.5,30.0,save_amount,500mL,$0.70 per 100mL,WASS5 | WASS5 | Heinz Ketchup 500mL | $0.70 per 100mL | | Sard,93.08,True,single_price_evidence,https://caau.syd1.cdn.digitaloceanspaces.com/wp-content/uploads/catalogue/coles/coles-catalogue-november-27-december-3-2024-wa-metro/32.jpg,https://www.catalogueau.com/coles/#catalogue=coles/coles-catalogue-november-27-december-3-2024-wa-metro/,unit_price,unit_price,1,review
Coles,WA METRO,"Coles Catalogue November 27 - December 3, 2024 WA METRO",2024-11-27,2024-12-04,32,John West Oysters 85g mW,2.85,3.6,0.75,20.83,save_amount,85g,$33.53 per kg,WAS$3.60 | WAS$3.60 | John West Oysters 85g | mW $33.53 per kgs | — | On sale for 2 weeks | > | i,87.12,True,single_price_evidence,https://caau.syd1.cdn.digitaloceanspaces.com/wp-content/uploads/catalogue/coles/coles-catalogue-november-27-december-3-2024-wa-metro/32.jpg,https://www.catalogueau.com/coles/#catalogue=coles/coles-catalogue-november-27-december-3-2024-wa-metro/,unit_price,unit_price,1,review
Coles,WA METRO,"Coles Catalogue November 27 - December 3, 2024 WA METRO",2024-11-27,2024-12-04,32,John West Mackerel 125g <,3.3,4.2,0.9,21.43,save_amount,125g,$26.40 per kg,‘WAS$4.20 | ‘WAS$4.20 | John West Mackerel 125g | < | $26.40 per kg | aN On sale for 2 weeks | 2,79.0,True,low_name_confidence_strict,https://caau.syd1.cdn.digitaloceanspaces.com/wp-content/uploads/catalogue/coles/coles-catalogue-november-27-december-3-2024-wa-metro/32.jpg,https://www.catalogueau.com/coles/#catalogue=coles/coles-catalogue-november-27-december-3-2024-wa-metro/,displayed_price,displayed_price;unit_price,2,review
Coles,WA METRO,"Coles Catalogue November 27 - December 3, 2024 WA METRO",2024-11-27,2024-12-04,32,Coles Asia Fried Shallots 110g,2.8,,,,special,110g,$2.55 per 100g,Coles Asia Fried Shallots 110g | $2.55 per 100g | wz . | —— | Bee | ntef,95.43,False,,https://caau.syd1.cdn.digitaloceanspaces.com/wp-content/uploads/catalogue/coles/coles-catalogue-november-27-december-3-2024-wa-metro/32.jpg,https://www.catalogueau.com/coles/#catalogue=coles/coles-catalogue-november-27-december-3-2024-wa-metro/,displayed_price,displayed_price;unit_price,2,verified
Coles,WA METRO,"Coles Catalogue November 27 - December 3, 2024 WA METRO",2024-11-27,2024-12-04,32,ADVERTISER PROMOTION a WA-METRO-271 1-24-311760,7.0,,,,special,,,ADVERTISER PROMOTION a | WA-METRO-271 1-24-311760,69.24,True,offer_labels_missing;save_amount_missing;regular_price_missing;low_name_confidence_strict;inferred_price_requires_review,https://caau.syd1.cdn.digitaloceanspaces.com/wp-content/uploads/catalogue/coles/coles-catalogue-november-27-december-3-2024-wa-metro/32.jpg,https://www.catalogueau.com/coles/#catalogue=coles/coles-catalogue-november-27-december-3-2024-wa-metro/,displayed_price,displayed_price;grid_inference,1,review
Coles,WA METRO,"Coles Catalogue November 27 - December 3, 2024 WA METRO",2024-11-27,2024-12-04,33,Sanitarium So Good Unsweetened Almond Milk 1 Litre,2.0,2.9,0.9,31.03,save_amount,1 Litre,$2.00 per litre,WASS2.90 | WASS2.90 | Sanitarium So Good Unsweetened | Almond Milk 1 Litre $2.00 per litre,96.24,False,,https://caau.syd1.cdn.digitaloceanspaces.com/wp-content/uploads/catalogue/coles/coles-catalogue-november-27-december-3-2024-wa-metro/33.jpg,https://www.catalogueau.com/coles/#catalogue=coles/coles-catalogue-november-27-december-3-2024-wa-metro/,displayed_price,displayed_price;unit_price,2,verified
Coles,WA METRO,"Coles Catalogue November 27 - December 3, 2024 WA METRO",2024-11-27,2024-12-04,33,Pic's Peanut Butter 380g,5.0,7.5,2.5,33.33,save_amount,380g,$1.32 per 100g,WASS7.50 | WASS7.50 | Pic's Peanut Butter 380g | $1.32 per 100g | (mio),95.62,False,,https://caau.syd1.cdn.digitaloceanspaces.com/wp-content/uploads/catalogue/coles/coles-catalogue-november-27-december-3-2024-wa-metro/33.jpg,https://www.catalogueau.com/coles/#catalogue=coles/coles-catalogue-november-27-december-3-2024-wa-metro/,displayed_price,displayed_price;unit_price,2,verified
Coles,WA METRO,"Coles Catalogue November 27 - December 3, 2024 WA METRO",2024-11-27,2024-12-04,33,Lotus Biscoff Spread 380g-400g,6.0,750.0,744.0,99.2,save_amount,380g; 400g,,WAS$750 | WAS$750 | Lotus Biscoff Spread 380g-400g,92.34,True,single_price_evidence,https://caau.syd1.cdn.digitaloceanspaces.com/wp-content/uploads/catalogue/coles/coles-catalogue-november-27-december-3-2024-wa-metro/33.jpg,https://www.catalogueau.com/coles/#catalogue=coles/coles-catalogue-november-27-december-3-2024-wa-metro/,displayed_price,displayed_price,1,review
Coles,WA METRO,"Coles Catalogue November 27 - December 3, 2024 WA METRO",2024-11-27,2024-12-04,33,Nestlé Milo 395g-460g Awaken your senses,7.0,9.8,2.8,28.57,save_amount,395g; 460g,,WASS$9.80 | WASS$9.80 | Nestlé Milo 395g-460g | Awaken your senses,92.64,True,single_price_evidence,https://caau.syd1.cdn.digitaloceanspaces.com/wp-content/uploads/catalogue/coles/coles-catalogue-november-27-december-3-2024-wa-metro/33.jpg,https://www.catalogueau.com/coles/#catalogue=coles/coles-catalogue-november-27-december-3-2024-wa-metro/,displayed_price,displayed_price,1,review
Coles,WA METRO,"Coles Catalogue November 27 - December 3, 2024 WA METRO",2024-11-27,2024-12-04,33,Red Tractor Black Chia Seeds 600g,10.0,12.5,2.5,20.0,save_amount,600g,$1.67 per 100g,WASS12.50 | WASS12.50 | Red Tractor Black Chia Seeds | 600g $1.67 per 100g,96.46,False,,https://caau.syd1.cdn.digitaloceanspaces.com/wp-content/uploads/catalogue/coles/coles-catalogue-november-27-december-3-2024-wa-metro/33.jpg,https://www.catalogueau.com/coles/#catalogue=coles/coles-catalogue-november-27-december-3-2024-wa-metro/,displayed_price,displayed_price;unit_price,2,verified
Coles,WA METRO,"Coles Catalogue November 27 - December 3, 2024 WA METRO",2024-11-27,2024-12-04,33,L'or Nespresso Compatible Coffee,0.5,750.0,749.5,99.93,save_amount,,$0.55 per each,WASS750 | WASS750 | L'or Nespresso | Compatible Coffee | RE: | (— | Capsules 10 Pack | $0.55 per each,79.0,True,low_name_confidence_strict;single_price_evidence,https://caau.syd1.cdn.digitaloceanspaces.com/wp-content/uploads/catalogue/coles/coles-catalogue-november-27-december-3-2024-wa-metro/33.jpg,https://www.catalogueau.com/coles/#catalogue=coles/coles-catalogue-november-27-december-3-2024-wa-metro/,unit_price,unit_price,1,review
Coles,WA METRO,"Coles Catalogue November 27 - December 3, 2024 WA METRO",2024-11-27,2024-12-04,33,*TRADEMARK OF A THIRD PARTY NOT RELATED TO A. JACOBS DOUWE EGBERTS COMPANY,13.0,26.0,13.0,50.0,half_price,,,WAS§26 | WAS§26 | *TRADEMARK OF A THIRD PARTY NOT RELATED TO A. | JACOBS DOUWE EGBERTS COMPANY,92.78,True,single_price_evidence,https://caau.syd1.cdn.digitaloceanspaces.com/wp-content/uploads/catalogue/coles/coles-catalogue-november-27-december-3-2024-wa-metro/33.jpg,https://www.catalogueau.com/coles/#catalogue=coles/coles-catalogue-november-27-december-3-2024-wa-metro/,displayed_price,displayed_price,1,review
Coles,WA METRO,"Coles Catalogue November 27 - December 3, 2024 WA METRO",2024-11-27,2024-12-04,33,INDULGENTLY FROTHY COFFEE BLENDS,4.0,,,,special,,,ee | INDULGENTLY FROTHY | COFFEE BLENDS | ADVERTISER PROMOTION,94.41,True,offer_labels_missing;save_amount_missing;regular_price_missing;single_price_evidence,https://caau.syd1.cdn.digitaloceanspaces.com/wp-content/uploads/catalogue/coles/coles-catalogue-november-27-december-3-2024-wa-metro/33.jpg,https://www.catalogueau.com/coles/#catalogue=coles/coles-catalogue-november-27-december-3-2024-wa-metro/,displayed_price,displayed_price,1,review
Coles,WA METRO,"Coles Catalogue November 27 - December 3, 2024 WA METRO",2024-11-27,2024-12-04,34,Primo Middle Bacon,13.0,,,,special,,,Primo Middle Bacon | On sale for 2 weeks. | Selected stores only*,96.58,True,offer_labels_missing;save_amount_missing;regular_price_missing;single_price_evidence,https://caau.syd1.cdn.digitaloceanspaces.com/wp-content/uploads/catalogue/coles/coles-catalogue-november-27-december-3-2024-wa-metro/34.jpg,https://www.catalogueau.com/coles/#catalogue=coles/coles-catalogue-november-27-december-3-2024-wa-metro/,displayed_price,displayed_price,1,review
Coles,WA METRO,"Coles Catalogue November 27 - December 3, 2024 WA METRO",2024-11-27,2024-12-04,34,Primo Stackers 45g-50g,3.0,,,,special,45g; 50g,,Primo Stackers 45g-50g | On sale for 2 weeks. | *See page 36 forT&Cs,93.62,True,offer_labels_missing;save_amount_missing;regular_price_missing;single_price_evidence,https://caau.syd1.cdn.digitaloceanspaces.com/wp-content/uploads/catalogue/coles/coles-catalogue-november-27-december-3-2024-wa-metro/34.jpg,https://www.catalogueau.com/coles/#catalogue=coles/coles-catalogue-november-27-december-3-2024-wa-metro/,displayed_price,displayed_price,1,review
Coles,WA METRO,"Coles Catalogue November 27 - December 3, 2024 WA METRO",2024-11-27,2024-12-04,34,Primo Sliced Meat 80g-10,3.0,,,,special,80g,,Primo Sliced Meat | 80g-10 | *See page 36 forT&Cs,79.0,True,offer_labels_missing;save_amount_missing;regular_price_missing;low_name_confidence_strict;single_price_evidence,https://caau.syd1.cdn.digitaloceanspaces.com/wp-content/uploads/catalogue/coles/coles-catalogue-november-27-december-3-2024-wa-metro/34.jpg,https://www.catalogueau.com/coles/#catalogue=coles/coles-catalogue-november-27-december-3-2024-wa-metro/,displayed_price,displayed_price,1,review
Coles,WA METRO,"Coles Catalogue November 27 - December 3, 2024 WA METRO",2024-11-27,2024-12-04,35,Mainland Buttersoft 375g,7.5,8.0,0.5,6.25,save_amount,375g,$2.00 per 100g,WASS$8 | WASS$8 | OCT 2024 | Mainland Buttersoft 375g | $2.00 per 100g,93.23,False,,https://caau.syd1.cdn.digitaloceanspaces.com/wp-content/uploads/catalogue/coles/coles-catalogue-november-27-december-3-2024-wa-metro/35.jpg,https://www.catalogueau.com/coles/#catalogue=coles/coles-catalogue-november-27-december-3-2024-wa-metro/,displayed_price,displayed_price;unit_price,2,verified
Coles,WA METRO,"Coles Catalogue November 27 - December 3, 2024 WA METRO",2024-11-27,2024-12-04,35,Dare Flavoured Milk 500mL,2.9,,,,special,500mL,$5.80 per litre,Dare Flavoured Milk 500mL | $5.80 per litre,94.29,False,,https://caau.syd1.cdn.digitaloceanspaces.com/wp-content/uploads/catalogue/coles/coles-catalogue-november-27-december-3-2024-wa-metro/35.jpg,https://www.catalogueau.com/coles/#catalogue=coles/coles-catalogue-november-27-december-3-2024-wa-metro/,displayed_price,displayed_price;unit_price,2,verified
Coles,WA METRO,"Coles Catalogue November 27 - December 3, 2024 WA METRO",2024-11-27,2024-12-04,36,Tamar Valley Dairy The Creamery Greek Style Yoghurt 170g,1.45,2.9,1.45,50.0,half_price,170g,$0.85 per 100g,SAVE51.45 | WAS$2.90 | Tamar Valley Dairy The Creamery Greek Style | Yoghurt 170g $0.85 per 100g | —— | Scrat —— |,96.55,True,single_price_evidence,https://caau.syd1.cdn.digitaloceanspaces.com/wp-content/uploads/catalogue/coles/coles-catalogue-november-27-december-3-2024-wa-metro/36.jpg,https://www.catalogueau.com/coles/#catalogue=coles/coles-catalogue-november-27-december-3-2024-wa-metro/,unit_price,unit_price,1,review
Coles,WA METRO,"Coles Catalogue November 27 - December 3, 2024 WA METRO",2024-11-27,2024-12-04,36,Pasta Italia Pasta 400;,350.5,354.0,3.5,0.99,save_amount,,$0.88 per 100g,SAVE°3.50 | WAS | Pasta Italia Pasta 400; | $0.88 per 100g | ve,91.21,True,single_price_evidence,https://caau.syd1.cdn.digitaloceanspaces.com/wp-content/uploads/catalogue/coles/coles-catalogue-november-27-december-3-2024-wa-metro/36.jpg,https://www.catalogueau.com/coles/#catalogue=coles/coles-catalogue-november-27-december-3-2024-wa-metro/,displayed_price,displayed_price,1,review
Coles,WA METRO,"Coles Catalogue November 27 - December 3, 2024 WA METRO",2024-11-27,2024-12-04,36,Chobani Greek Yogurt 907g,6.3,7.9,1.6,20.25,save_amount,907g,$0.69 per 100g,SAVE 1.60 | WASS$7.90 | Chobani Greek Yogurt | 907g $0.69 per 100g | Beis,95.84,False,,https://caau.syd1.cdn.digitaloceanspaces.com/wp-content/uploads/catalogue/coles/coles-catalogue-november-27-december-3-2024-wa-metro/36.jpg,https://www.catalogueau.com/coles/#catalogue=coles/coles-catalogue-november-27-december-3-2024-wa-metro/,save_was_arithmetic,save_was_arithmetic;unit_price,2,verified
Coles,WA METRO,"Coles Catalogue November 27 - December 3, 2024 WA METRO",2024-11-27,2024-12-04,36,Gippsland Dairy Twist Yogurt 700,562.3,790.0,227.7,28.82,save_amount,,$0.90 per 100g,SAVE*1.60 | ‘was$790 | Gippsland Dairy Twist | Yogurt 700 | $0.90 per 100g,96.08,True,single_price_evidence,https://caau.syd1.cdn.digitaloceanspaces.com/wp-content/uploads/catalogue/coles/coles-catalogue-november-27-december-3-2024-wa-metro/36.jpg,https://www.catalogueau.com/coles/#catalogue=coles/coles-catalogue-november-27-december-3-2024-wa-metro/,displayed_price,displayed_price,1,review
Coles,WA METRO,"Coles Catalogue November 27 - December 3, 2024 WA METRO",2024-11-27,2024-12-04,36,Yoplait Petit Miam Yoghurt Pouch 70g,0.85,25.85,25.0,96.71,save_amount,70g,$1.21 per 100g,SAVE25¢ | WASSII0 | Yoplait Petit Miam | Yoghurt Pouch 70g | $1.21 per 100g | ay,94.29,True,single_price_evidence,https://caau.syd1.cdn.digitaloceanspaces.com/wp-content/uploads/catalogue/coles/coles-catalogue-november-27-december-3-2024-wa-metro/36.jpg,https://www.catalogueau.com/coles/#catalogue=coles/coles-catalogue-november-27-december-3-2024-wa-metro/,unit_price,unit_price,1,review
Coles,WA METRO,"Coles Catalogue November 27 - December 3, 2024 WA METRO",2024-11-27,2024-12-04,36,Chobani Flip Yogurt 140g,10.0,14.0,4.0,28.57,save_amount,140g,$1.79 per 100g,SAVE%4 | Chobani Flip Yogurt | 140g $1.79 per 100g | ll”,95.2,True,unit_price_conflict;single_price_evidence,https://caau.syd1.cdn.digitaloceanspaces.com/wp-content/uploads/catalogue/coles/coles-catalogue-november-27-december-3-2024-wa-metro/36.jpg,https://www.catalogueau.com/coles/#catalogue=coles/coles-catalogue-november-27-december-3-2024-wa-metro/,displayed_price,displayed_price,1,review
Coles,WA METRO,"Coles Catalogue November 27 - December 3, 2024 WA METRO",2024-11-27,2024-12-04,36,Bega Cheese Slices 500g,10.0,11.0,1.0,9.09,save_amount,500g,$20.00 per kg,SAVE*1 | WASS11 | Bega Cheese Slices 500g | $20.00 per kg | SMEG,96.01,False,,https://caau.syd1.cdn.digitaloceanspaces.com/wp-content/uploads/catalogue/coles/coles-catalogue-november-27-december-3-2024-wa-metro/36.jpg,https://www.catalogueau.com/coles/#catalogue=coles/coles-catalogue-november-27-december-3-2024-wa-metro/,save_was_arithmetic,displayed_price;save_was_arithmetic;unit_price,3,verified
Coles,WA METRO,"Coles Catalogue November 27 - December 3, 2024 WA METRO",2024-11-27,2024-12-04,36,Perfect Italiano Cheese Grated 450g,7.5,9.5,2.0,21.05,save_amount,450g,$16.67 per kg,SAVES2 | WASS$9.50 | Perfect Italiano Cheese | Grated 450g | $16.67 per kg | when you also,95.97,False,,https://caau.syd1.cdn.digitaloceanspaces.com/wp-content/uploads/catalogue/coles/coles-catalogue-november-27-december-3-2024-wa-metro/36.jpg,https://www.catalogueau.com/coles/#catalogue=coles/coles-catalogue-november-27-december-3-2024-wa-metro/,save_was_arithmetic,displayed_price;save_was_arithmetic;unit_price,3,verified
Coles,WA METRO,"Coles Catalogue November 27 - December 3, 2024 WA METRO",2024-11-27,2024-12-04,36,Great Ocean Road Cheese Block 500g,9.0,10.3,1.3,12.62,save_amount,500g,$18.00 per kg,"SAVE 51.30 | WASS10.30 | Great Ocean Road | Cheese Block 500g | $18.00 per kg | Spend $20 in one transaction, scan your Flybuys and receive one Bonus Kitchen Knife credit | rchase a selected product from a participating brand or product range. Limit",96.35,False,,https://caau.syd1.cdn.digitaloceanspaces.com/wp-content/uploads/catalogue/coles/coles-catalogue-november-27-december-3-2024-wa-metro/36.jpg,https://www.catalogueau.com/coles/#catalogue=coles/coles-catalogue-november-27-december-3-2024-wa-metro/,save_was_arithmetic,displayed_price;save_was_arithmetic;unit_price,3,verified
Coles,WA METRO,"Coles Catalogue November 27 - December 3, 2024 WA METRO",2024-11-27,2024-12-04,36,Dairy Farmers Thick & Creamy Yoghurt 550g-600g,3.85,5.5,1.65,30.0,save_amount,550g; 600g,,SAVES1.65 | WASS5.50 | Dairy Farmers | Thick & Creamy Yoghurt | 550g-600g | rchase a selected product from a participating brand or product range. Limit | oduct range. Limit,94.58,False,,https://caau.syd1.cdn.digitaloceanspaces.com/wp-content/uploads/catalogue/coles/coles-catalogue-november-27-december-3-2024-wa-metro/36.jpg,https://www.catalogueau.com/coles/#catalogue=coles/coles-catalogue-november-27-december-3-2024-wa-metro/,save_was_arithmetic,displayed_price;save_was_arithmetic,2,verified
Coles,WA METRO,"Coles Catalogue November 27 - December 3, 2024 WA METRO",2024-11-27,2024-12-04,37,KB's Squid Chips or Battered Bites 1kg,13.75,27.5,13.75,50.0,half_price,1kg,$13.75 per kg,SAVE513.75 | ‘WAS$2750 | KB's Squid Chips or Battered Bites 1kg | $13.75 per kg | SS | Kisterante,95.19,True,single_price_evidence,https://caau.syd1.cdn.digitaloceanspaces.com/wp-content/uploads/catalogue/coles/coles-catalogue-november-27-december-3-2024-wa-metro/37.jpg,https://www.catalogueau.com/coles/#catalogue=coles/coles-catalogue-november-27-december-3-2024-wa-metro/,unit_price,unit_price,1,review
Coles,WA METRO,"Coles Catalogue November 27 - December 3, 2024 WA METRO",2024-11-27,2024-12-04,37,Four'N Twenty Traveller Classic Beef Pie 160g,2.0,4.0,2.0,50.0,half_price,160g,$1.25 per 100g,SAVE‘S2 | WASS4 | Four'N Twenty Traveller Classic Beef Pie 160g | $1.25 per 100g. On sale for 2 weeks | rs | TERY | |,95.94,False,,https://caau.syd1.cdn.digitaloceanspaces.com/wp-content/uploads/catalogue/coles/coles-catalogue-november-27-december-3-2024-wa-metro/37.jpg,https://www.catalogueau.com/coles/#catalogue=coles/coles-catalogue-november-27-december-3-2024-wa-metro/,save_was_arithmetic,displayed_price;save_was_arithmetic;unit_price,3,verified
Coles,WA METRO,"Coles Catalogue November 27 - December 3, 2024 WA METRO",2024-11-27,2024-12-04,37,Four'N Twenty Traditional Pies 4 Pack 700g,6.9,9.0,2.1,23.33,save_amount,4 Pack; 700g,$0.99 per 100g,SAVES2.10 | WASS9 | Four'N Twenty | Traditional Pies 4 Pack | 700g $0.99 per 100g | — | — | g,95.27,False,,https://caau.syd1.cdn.digitaloceanspaces.com/wp-content/uploads/catalogue/coles/coles-catalogue-november-27-december-3-2024-wa-metro/37.jpg,https://www.catalogueau.com/coles/#catalogue=coles/coles-catalogue-november-27-december-3-2024-wa-metro/,save_was_arithmetic,save_was_arithmetic;unit_price,2,verified
Coles,WA METRO,"Coles Catalogue November 27 - December 3, 2024 WA METRO",2024-11-27,2024-12-04,37,McCain Pub Size Meal 480g 480g-500g,15.0,19.0,4.0,21.05,save_amount,480g; 500g,,"SAVE 54 | McCain Pub Size Meal | 480g | 480g-500g | b, | ENTREE",79.0,True,low_name_confidence_strict;single_price_evidence,https://caau.syd1.cdn.digitaloceanspaces.com/wp-content/uploads/catalogue/coles/coles-catalogue-november-27-december-3-2024-wa-metro/37.jpg,https://www.catalogueau.com/coles/#catalogue=coles/coles-catalogue-november-27-december-3-2024-wa-metro/,displayed_price,displayed_price,1,review
Coles,WA METRO,"Coles Catalogue November 27 - December 3, 2024 WA METRO",2024-11-27,2024-12-04,37,On The Menu Entrée Meal 260g,2.7,4.5,1.8,40.0,save_amount,260g,$1.04 per 100g,SAVES1.80 | WAS$4.50 | On The Menu Entrée | Meal 260g | Meal | $1.04 per 100g. | On sale for 2 weeks,79.0,True,low_name_confidence_strict,https://caau.syd1.cdn.digitaloceanspaces.com/wp-content/uploads/catalogue/coles/coles-catalogue-november-27-december-3-2024-wa-metro/37.jpg,https://www.catalogueau.com/coles/#catalogue=coles/coles-catalogue-november-27-december-3-2024-wa-metro/,save_was_arithmetic,displayed_price;save_was_arithmetic;unit_price,3,review
Coles,WA METRO,"Coles Catalogue November 27 - December 3, 2024 WA METRO",2024-11-27,2024-12-04,37,Steggles Frozen Turkey Breast Roast 1kg,15.5,16.0,0.5,3.12,save_amount,1kg,$15.50 per kg,WAS $16 | WAS $16 | NOV 2024 | Steggles Frozen Turkey | Breast Roast 1kg | $15.50 per kg,79.0,True,low_name_confidence_strict;single_price_evidence,https://caau.syd1.cdn.digitaloceanspaces.com/wp-content/uploads/catalogue/coles/coles-catalogue-november-27-december-3-2024-wa-metro/37.jpg,https://www.catalogueau.com/coles/#catalogue=coles/coles-catalogue-november-27-december-3-2024-wa-metro/,unit_price,unit_price,1,review
Coles,WA METRO,"Coles Catalogue November 27 - December 3, 2024 WA METRO",2024-11-27,2024-12-04,37,Mersey Valley Cheese 235g 235g,6.9,9.9,3.0,30.3,save_amount,235g,$29.36 per kg,SAVES3 | WASS9.90 | Mersey Valley Cheese | 235g | 235g $29.36 per kg | SMEG,79.0,True,low_name_confidence_strict,https://caau.syd1.cdn.digitaloceanspaces.com/wp-content/uploads/catalogue/coles/coles-catalogue-november-27-december-3-2024-wa-metro/37.jpg,https://www.catalogueau.com/coles/#catalogue=coles/coles-catalogue-november-27-december-3-2024-wa-metro/,save_was_arithmetic,displayed_price;save_was_arithmetic,2,review
Coles,WA METRO,"Coles Catalogue November 27 - December 3, 2024 WA METRO",2024-11-27,2024-12-04,37,McCain Rustica Pizza 335g-450g,8.8,11.0,2.2,20.0,save_amount,335g; 450g,,SAVES2.20 | WASS11 | McCain Rustica Pizza | 335g-450g,79.0,True,low_name_confidence_strict,https://caau.syd1.cdn.digitaloceanspaces.com/wp-content/uploads/catalogue/coles/coles-catalogue-november-27-december-3-2024-wa-metro/37.jpg,https://www.catalogueau.com/coles/#catalogue=coles/coles-catalogue-november-27-december-3-2024-wa-metro/,save_was_arithmetic,displayed_price;save_was_arithmetic,2,review
Coles,WA METRO,"Coles Catalogue November 27 - December 3, 2024 WA METRO",2024-11-27,2024-12-04,37,Dr Oetker Ristorante Pizza 310g-390g,6.5,,,,special,310g; 390g,,Dr Oetker Ristorante Pizza | 310g-390g,94.1,True,offer_labels_missing;save_amount_missing;regular_price_missing;single_price_evidence,https://caau.syd1.cdn.digitaloceanspaces.com/wp-content/uploads/catalogue/coles/coles-catalogue-november-27-december-3-2024-wa-metro/37.jpg,https://www.catalogueau.com/coles/#catalogue=coles/coles-catalogue-november-27-december-3-2024-wa-metro/,displayed_price,displayed_price,1,review
Coles,WA METRO,"Coles Catalogue November 27 - December 3, 2024 WA METRO",2024-11-27,2024-12-04,37,Sealord Hoki Fillets 280g-30,6.5,,,,special,280g,,"Sealord Hoki Fillets | 280g-30 | Excludes Gluten Free | & | be RUSTICA | b,",79.0,True,offer_labels_missing;save_amount_missing;regular_price_missing;low_name_confidence_strict;single_price_evidence,https://caau.syd1.cdn.digitaloceanspaces.com/wp-content/uploads/catalogue/coles/coles-catalogue-november-27-december-3-2024-wa-metro/37.jpg,https://www.catalogueau.com/coles/#catalogue=coles/coles-catalogue-november-27-december-3-2024-wa-metro/,displayed_price,displayed_price,1,review
Coles,WA METRO,"Coles Catalogue November 27 - December 3, 2024 WA METRO",2024-11-27,2024-12-04,38,Pampas Puff Pastry Sheets Tkg,5.7,6.5,0.8,12.31,save_amount,,$0.57 per 100g,WAS $6.50 | WAS $6.50 | SEP 2024 | Pampas Puff Pastry Sheets | Tkg $0.57 per 100g,90.15,True,single_price_evidence,https://caau.syd1.cdn.digitaloceanspaces.com/wp-content/uploads/catalogue/coles/coles-catalogue-november-27-december-3-2024-wa-metro/38.jpg,https://www.catalogueau.com/coles/#catalogue=coles/coles-catalogue-november-27-december-3-2024-wa-metro/,displayed_price,displayed_price,1,review
Coles,WA METRO,"Coles Catalogue November 27 - December 3, 2024 WA METRO",2024-11-27,2024-12-04,38,Sara Lee Ice Cream 1 Litre,8.5,12.0,3.5,29.17,save_amount,1 Litre,$0.85 per 100mL,WAS$12 | WAS$12 | OCT 2024 | Sara Lee Ice Cream 1 Litre | $0.85 per 100mL,95.78,True,single_price_evidence,https://caau.syd1.cdn.digitaloceanspaces.com/wp-content/uploads/catalogue/coles/coles-catalogue-november-27-december-3-2024-wa-metro/38.jpg,https://www.catalogueau.com/coles/#catalogue=coles/coles-catalogue-november-27-december-3-2024-wa-metro/,unit_price,unit_price,1,review
Coles,WA METRO,"Coles Catalogue November 27 - December 3, 2024 WA METRO",2024-11-27,2024-12-04,38,Streets Calippo 10 Pack 575mL or Streets Cyclone 8 Pack 688mL,7.0,9.0,2.0,22.22,save_amount,10 Pack; 575mL; 8 Pack; 688mL,,SAVES2 | WASS9 | Streets Calippo 10 Pack 575mL or | Streets Cyclone 8 Pack 688mL,93.89,False,,https://caau.syd1.cdn.digitaloceanspaces.com/wp-content/uploads/catalogue/coles/coles-catalogue-november-27-december-3-2024-wa-metro/38.jpg,https://www.catalogueau.com/coles/#catalogue=coles/coles-catalogue-november-27-december-3-2024-wa-metro/,save_was_arithmetic,displayed_price;save_was_arithmetic,2,verified
Coles,WA METRO,"Coles Catalogue November 27 - December 3, 2024 WA METRO",2024-11-27,2024-12-04,38,HGagen-Dazs Tub 420mL-457mL »,8.1,13.5,5.4,40.0,save_amount,420mL; 457mL,,SAVES5.40 | WASS13.50 | HGagen-Dazs Tub 420mL-457mL | » | » | Se.,34.67,True,low_ocr_confidence;low_name_confidence_strict,https://caau.syd1.cdn.digitaloceanspaces.com/wp-content/uploads/catalogue/coles/coles-catalogue-november-27-december-3-2024-wa-metro/38.jpg,https://www.catalogueau.com/coles/#catalogue=coles/coles-catalogue-november-27-december-3-2024-wa-metro/,save_was_arithmetic,displayed_price;save_was_arithmetic,2,review
Coles,WA METRO,"Coles Catalogue November 27 - December 3, 2024 WA METRO",2024-11-27,2024-12-04,38,Cape Byron 4 Pack 378mL,8.0,50.0,42.0,84.0,save_amount,4 Pack; 378mL,$2.12 per 100mL,SAVE53.50 | WASSTI.50 | Cape Byron 4 Pack 378mL | $2.12 per 100mL,94.27,True,single_price_evidence,https://caau.syd1.cdn.digitaloceanspaces.com/wp-content/uploads/catalogue/coles/coles-catalogue-november-27-december-3-2024-wa-metro/38.jpg,https://www.catalogueau.com/coles/#catalogue=coles/coles-catalogue-november-27-december-3-2024-wa-metro/,unit_price,unit_price,1,review
Coles,WA METRO,"Coles Catalogue November 27 - December 3, 2024 WA METRO",2024-11-27,2024-12-04,38,Yo-chi Frozen Yogurt 500mL,5.7,9.5,3.8,40.0,save_amount,500mL,$1.14 per 100mL,SAVE53.80 | WASS9.50 | Yo-chi Frozen Yogurt 500mL | $1.14 per 100mL | Shop online for even,93.73,True,single_price_evidence,https://caau.syd1.cdn.digitaloceanspaces.com/wp-content/uploads/catalogue/coles/coles-catalogue-november-27-december-3-2024-wa-metro/38.jpg,https://www.catalogueau.com/coles/#catalogue=coles/coles-catalogue-november-27-december-3-2024-wa-metro/,unit_price,unit_price,1,review
Coles,WA METRO,"Coles Catalogue November 27 - December 3, 2024 WA METRO",2024-11-27,2024-12-04,38,Peters Frosty Fruit 6 Pack-8 Pack 420m 420mL-600mL,6.0,9.0,3.0,33.33,save_amount,6 Pack; 8 Pack; 420mL; 600mL,,SAVES3 | WASS9 | Peters Frosty Fruit 6 Pack-8 Pack | 420m | 420mL-600mL | Shop online for even,73.39,True,low_name_confidence_strict,https://caau.syd1.cdn.digitaloceanspaces.com/wp-content/uploads/catalogue/coles/coles-catalogue-november-27-december-3-2024-wa-metro/38.jpg,https://www.catalogueau.com/coles/#catalogue=coles/coles-catalogue-november-27-december-3-2024-wa-metro/,save_was_arithmetic,displayed_price;save_was_arithmetic,2,review
Coles,WA METRO,"Coles Catalogue November 27 - December 3, 2024 WA METRO",2024-11-27,2024-12-04,40,Huggies Ultra Dry Jumbo Nappies 60 Pack-108 Pack,30.0,39.0,9.0,23.08,save_amount,60 Pack; 108 Pack,,WAS$39 | WAS$39 | Huggies Ultra Dry Jumbo | Nappies 60 Pack-108 Pack,95.54,True,single_price_evidence,https://caau.syd1.cdn.digitaloceanspaces.com/wp-content/uploads/catalogue/coles/coles-catalogue-november-27-december-3-2024-wa-metro/40.jpg,https://www.catalogueau.com/coles/#catalogue=coles/coles-catalogue-november-27-december-3-2024-wa-metro/,displayed_price,displayed_price,1,review
Coles,WA METRO,"Coles Catalogue November 27 - December 3, 2024 WA METRO",2024-11-27,2024-12-04,40,mers 2 Pack,10.0,17.0,7.0,41.18,save_amount,2 Pack,,WASS17 | WASS17 | ok) | mers | 2 Pack | a4 | i,79.0,True,low_name_confidence_strict;single_price_evidence,https://caau.syd1.cdn.digitaloceanspaces.com/wp-content/uploads/catalogue/coles/coles-catalogue-november-27-december-3-2024-wa-metro/40.jpg,https://www.catalogueau.com/coles/#catalogue=coles/coles-catalogue-november-27-december-3-2024-wa-metro/,displayed_price,displayed_price,1,review
Coles,WA METRO,"Coles Catalogue November 27 - December 3, 2024 WA METRO",2024-11-27,2024-12-04,41,Rafferty's Garden 12+ Months Yoghurt Buttons 28g,5.0,,,,special,28g,$17.86 per 100g,Rafferty's Garden 12+ Months | Yoghurt Buttons 28g | $17.86 per 100g. 2nd week on sale | = | = | ian,95.31,False,,https://caau.syd1.cdn.digitaloceanspaces.com/wp-content/uploads/catalogue/coles/coles-catalogue-november-27-december-3-2024-wa-metro/41.jpg,https://www.catalogueau.com/coles/#catalogue=coles/coles-catalogue-november-27-december-3-2024-wa-metro/,displayed_price,displayed_price;unit_price,2,verified
Coles,WA METRO,"Coles Catalogue November 27 - December 3, 2024 WA METRO",2024-11-27,2024-12-04,41,B.Box Insulated Drink Bottle 350mL 1 Each,26.4,,,,special,350mL,,B.Box Insulated Drink Bottle | 350mL 1 Each,95.01,True,offer_labels_missing;save_amount_missing;regular_price_missing;single_price_evidence,https://caau.syd1.cdn.digitaloceanspaces.com/wp-content/uploads/catalogue/coles/coles-catalogue-november-27-december-3-2024-wa-metro/41.jpg,https://www.catalogueau.com/coles/#catalogue=coles/coles-catalogue-november-27-december-3-2024-wa-metro/,displayed_price,displayed_price,1,review
Coles,WA METRO,"Coles Catalogue November 27 - December 3, 2024 WA METRO",2024-11-27,2024-12-04,41,Gaia Natural Baby Hair & Body Wash or Sleeptime Bath 500mL,13.5,,,,special,500mL,$2.70 per 100mL,Gaia Natural Baby Hair & Body | Wash or Sleeptime Bath 500mL | $2.70 per 100mL,93.95,False,,https://caau.syd1.cdn.digitaloceanspaces.com/wp-content/uploads/catalogue/coles/coles-catalogue-november-27-december-3-2024-wa-metro/41.jpg,https://www.catalogueau.com/coles/#catalogue=coles/coles-catalogue-november-27-december-3-2024-wa-metro/,displayed_price,displayed_price;unit_price,2,verified
Coles,WA METRO,"Coles Catalogue November 27 - December 3, 2024 WA METRO",2024-11-27,2024-12-04,41,Tena Insta Dry Lon: Insta,4.4,,,,special,,,Tena Insta Dry Lon: | Insta. | Length | Incontinence | tin: | a7,72.42,True,offer_labels_missing;save_amount_missing;regular_price_missing;low_name_confidence_strict;single_price_evidence,https://caau.syd1.cdn.digitaloceanspaces.com/wp-content/uploads/catalogue/coles/coles-catalogue-november-27-december-3-2024-wa-metro/41.jpg,https://www.catalogueau.com/coles/#catalogue=coles/coles-catalogue-november-27-december-3-2024-wa-metro/,displayed_price,displayed_price,1,review
Coles,WA METRO,"Coles Catalogue November 27 - December 3, 2024 WA METRO",2024-11-27,2024-12-04,41,1a Incontinence Pads 4b Extra Value 24 Pack,10.0,,,,special,24 Pack,,Ay | s | 1a Incontinence Pads | 4b | Extra Value 24 Pack | ae,73.39,True,offer_labels_missing;save_amount_missing;regular_price_missing;low_name_confidence_strict;single_price_evidence,https://caau.syd1.cdn.digitaloceanspaces.com/wp-content/uploads/catalogue/coles/coles-catalogue-november-27-december-3-2024-wa-metro/41.jpg,https://www.catalogueau.com/coles/#catalogue=coles/coles-catalogue-november-27-december-3-2024-wa-metro/,displayed_price,displayed_price,1,review
Coles,WA METRO,"Coles Catalogue November 27 - December 3, 2024 WA METRO",2024-11-27,2024-12-04,42,Dettol Foam Hand Wash Refill 900mL,8.45,10.5,2.05,19.52,save_amount,900mL,$0.94 per 100mL,WAS $10.50 | WAS $10.50 | SEP 2024 | Dettol Foam Hand Wash Refill | 900mL $0.94 per 100mL,93.01,True,single_price_evidence,https://caau.syd1.cdn.digitaloceanspaces.com/wp-content/uploads/catalogue/coles/coles-catalogue-november-27-december-3-2024-wa-metro/42.jpg,https://www.catalogueau.com/coles/#catalogue=coles/coles-catalogue-november-27-december-3-2024-wa-metro/,unit_price,unit_price,1,review
Coles,WA METRO,"Coles Catalogue November 27 - December 3, 2024 WA METRO",2024-11-27,2024-12-04,42,Banana Boat Moisturising Sunscreen SPF50+ 400g,14.0,,,,down_down,400g,$3.50 per 100g,Banana Boat Moisturising | Sunscreen SPF50+ 400g | $3.50 per 100g,94.82,False,,https://caau.syd1.cdn.digitaloceanspaces.com/wp-content/uploads/catalogue/coles/coles-catalogue-november-27-december-3-2024-wa-metro/42.jpg,https://www.catalogueau.com/coles/#catalogue=coles/coles-catalogue-november-27-december-3-2024-wa-metro/,displayed_price,displayed_price;unit_price,2,verified
Coles,WA METRO,"Coles Catalogue November 27 - December 3, 2024 WA METRO",2024-11-27,2024-12-04,44,Fussy Cat Cat Food Pouch 12x80g,8.1,13.5,5.4,40.0,save_amount,12x80g,$0.84 per 100g,WASS$13.50 | WASS$13.50 | Fussy Cat Cat Food Pouch 12x80g | $0.84 per 100g,94.82,False,,https://caau.syd1.cdn.digitaloceanspaces.com/wp-content/uploads/catalogue/coles/coles-catalogue-november-27-december-3-2024-wa-metro/44.jpg,https://www.catalogueau.com/coles/#catalogue=coles/coles-catalogue-november-27-december-3-2024-wa-metro/,displayed_price,displayed_price;unit_price,2,verified
Coles,WA METRO,"Coles Catalogue November 27 - December 3, 2024 WA METRO",2024-11-27,2024-12-04,44,Fussy Cat Grainfree Dry Cat Food 2.5kg,15.5,26.5,11.0,41.51,save_amount,2.5kg,$0.62 per 100g,WAS$26.50 | WAS$26.50 | Fussy Cat Grainfree Dry Cat Food | 2.5kg $0.62 per 100g,94.56,True,single_price_evidence,https://caau.syd1.cdn.digitaloceanspaces.com/wp-content/uploads/catalogue/coles/coles-catalogue-november-27-december-3-2024-wa-metro/44.jpg,https://www.catalogueau.com/coles/#catalogue=coles/coles-catalogue-november-27-december-3-2024-wa-metro/,unknown,,0,review
Coles,WA METRO,"Coles Catalogue November 27 - December 3, 2024 WA METRO",2024-11-27,2024-12-04,44,Dine Daily Cat Food 85g,1.1,1.6,0.5,31.25,save_amount,85g,$1.29 per 100g,WASS1.60 | WASS1.60 | Dine Daily Cat Food 85g | $1.29 per 100g | pie,96.36,False,,https://caau.syd1.cdn.digitaloceanspaces.com/wp-content/uploads/catalogue/coles/coles-catalogue-november-27-december-3-2024-wa-metro/44.jpg,https://www.catalogueau.com/coles/#catalogue=coles/coles-catalogue-november-27-december-3-2024-wa-metro/,displayed_price,displayed_price;unit_price,2,verified
Coles,WA METRO,"Coles Catalogue November 27 - December 3, 2024 WA METRO",2024-11-27,2024-12-04,44,Applaws Tin Cat Food 8x70g,12.0,15.0,3.0,20.0,save_amount,8x70g,$2.14 per 100g,WASS15 | WASS15 | Applaws Tin Cat Food 8x70g | $2.14 per 100g | 30%,93.07,False,,https://caau.syd1.cdn.digitaloceanspaces.com/wp-content/uploads/catalogue/coles/coles-catalogue-november-27-december-3-2024-wa-metro/44.jpg,https://www.catalogueau.com/coles/#catalogue=coles/coles-catalogue-november-27-december-3-2024-wa-metro/,displayed_price,displayed_price;unit_price,2,verified
Coles,WA METRO,"Coles Catalogue November 27 - December 3, 2024 WA METRO",2024-11-27,2024-12-04,44,Nature's Gift Dog Food 700g,2.0,3.5,1.5,42.86,save_amount,700g,$0.29 per 100g,WASS3.50 | WASS3.50 | Nature's Gift Dog Food 700g | $0.29 per 100g | —— | 30% | GC,96.35,False,,https://caau.syd1.cdn.digitaloceanspaces.com/wp-content/uploads/catalogue/coles/coles-catalogue-november-27-december-3-2024-wa-metro/44.jpg,https://www.catalogueau.com/coles/#catalogue=coles/coles-catalogue-november-27-december-3-2024-wa-metro/,displayed_price,displayed_price;unit_price,2,verified
Coles,WA METRO,"Coles Catalogue November 27 - December 3, 2024 WA METRO",2024-11-27,2024-12-04,44,Dine Creamy Treats Cat Food 4x12g,2.5,4.0,1.5,37.5,save_amount,4x12g,$5.21 per 100g,WASS4 | WASS4 | Dine Creamy Treats Cat Food | 4x12g $5.21 per 100g | 2nd week on sale,95.71,False,,https://caau.syd1.cdn.digitaloceanspaces.com/wp-content/uploads/catalogue/coles/coles-catalogue-november-27-december-3-2024-wa-metro/44.jpg,https://www.catalogueau.com/coles/#catalogue=coles/coles-catalogue-november-27-december-3-2024-wa-metro/,displayed_price,displayed_price;unit_price,2,verified
Coles,WA METRO,"Coles Catalogue November 27 - December 3, 2024 WA METRO",2024-11-27,2024-12-04,44,Stick Dog Treat 1 Pack,6.0,9.0,3.0,33.33,save_amount,1 Pack,$6.00 per each,Stick Dog Treat 1 Pack | $6.00 per each | ‘tt Excludes clearance items,96.03,False,,https://caau.syd1.cdn.digitaloceanspaces.com/wp-content/uploads/catalogue/coles/coles-catalogue-november-27-december-3-2024-wa-metro/44.jpg,https://www.catalogueau.com/coles/#catalogue=coles/coles-catalogue-november-27-december-3-2024-wa-metro/,displayed_price,displayed_price;unit_price,2,verified
Coles,WA METRO,"Coles Catalogue November 27 - December 3, 2024 WA METRO",2024-11-27,2024-12-04,44,Farmers Market Dry Dog Food 6.5kg-6.8kg,24.0,40.0,16.0,40.0,save_amount,6.5kg; 6.8kg,,WASS40 | WASS40 | Farmers Market Dry Dog Food | 6.5kg-6.8kg,93.33,True,single_price_evidence,https://caau.syd1.cdn.digitaloceanspaces.com/wp-content/uploads/catalogue/coles/coles-catalogue-november-27-december-3-2024-wa-metro/44.jpg,https://www.catalogueau.com/coles/#catalogue=coles/coles-catalogue-november-27-december-3-2024-wa-metro/,displayed_price,displayed_price,1,review
Coles,WA METRO,"Coles Catalogue November 27 - December 3, 2024 WA METRO",2024-11-27,2024-12-04,44,Dine Classic Collections Cat Food Pouch 24x85g,25.9,,,,special,24x85g,$1.27 per 100g,Dine Classic Collections | Cat Food Pouch 24x85g | $1.27 per 100g,94.56,True,offer_labels_missing;save_amount_missing;regular_price_missing;single_price_evidence,https://caau.syd1.cdn.digitaloceanspaces.com/wp-content/uploads/catalogue/coles/coles-catalogue-november-27-december-3-2024-wa-metro/44.jpg,https://www.catalogueau.com/coles/#catalogue=coles/coles-catalogue-november-27-december-3-2024-wa-metro/,unknown,,0,review
Coles,WA METRO,"Coles Catalogue November 27 - December 3, 2024 WA METRO",2024-11-27,2024-12-04,46,"Optus X Sight 3 + 5"" display",69.0,99.0,30.0,30.3,save_amount,,,"SAVE‘30 | WAS$99 | Optus X Sight 3 | + 5"" display | + SMP camera | PIA26 | 4!",93.45,False,,https://caau.syd1.cdn.digitaloceanspaces.com/wp-content/uploads/catalogue/coles/coles-catalogue-november-27-december-3-2024-wa-metro/46.jpg,https://www.catalogueau.com/coles/#catalogue=coles/coles-catalogue-november-27-december-3-2024-wa-metro/,save_was_arithmetic,displayed_price;save_was_arithmetic,2,verified
Coles,WA METRO,"Coles Catalogue November 27 - December 3, 2024 WA METRO",2024-11-27,2024-12-04,46,"Telstra T-Inspire + 6"" LCD display",59.0,99.0,40.0,40.4,save_amount,,,"SAVE540 | WASS99 | Telstra T-Inspire | + 6"" LCD display | + 8MP camera",75.22,True,low_name_confidence_strict;single_price_evidence,https://caau.syd1.cdn.digitaloceanspaces.com/wp-content/uploads/catalogue/coles/coles-catalogue-november-27-december-3-2024-wa-metro/46.jpg,https://www.catalogueau.com/coles/#catalogue=coles/coles-catalogue-november-27-december-3-2024-wa-metro/,displayed_price,displayed_price,1,review
Coles,WA METRO,"Coles Catalogue November 27 - December 3, 2024 WA METRO",2024-11-27,2024-12-04,46,Duracell Coppertop Batteries AA or AAA 26 Pack,21.5,31.0,9.5,30.65,save_amount,26 Pack,$0.83 per each,SAVE°9.50 | WASS31 | Duracell Coppertop Batteries AA | or AAA 26 Pack $0.83 per each,95.26,False,,https://caau.syd1.cdn.digitaloceanspaces.com/wp-content/uploads/catalogue/coles/coles-catalogue-november-27-december-3-2024-wa-metro/46.jpg,https://www.catalogueau.com/coles/#catalogue=coles/coles-catalogue-november-27-december-3-2024-wa-metro/,save_was_arithmetic,displayed_price;save_was_arithmetic,2,verified
Coles,WA METRO,"Coles Catalogue November 27 - December 3, 2024 WA METRO",2024-11-27,2024-12-04,46,Handee Ultra Paper Towel 4 Pack,4.0,6.0,2.0,33.33,save_amount,4 Pack,$1.67 per 100,"SAVE*2 | WASS6 | Handee Ultra Paper | Towel 4 Pack | $1.67 per 100 sheets | fees may apply. Starter Pack offers are included in device packaging. | \vation, For use in AU and new services only. Ongoing recharges revert fo",95.56,False,,https://caau.syd1.cdn.digitaloceanspaces.com/wp-content/uploads/catalogue/coles/coles-catalogue-november-27-december-3-2024-wa-metro/46.jpg,https://www.catalogueau.com/coles/#catalogue=coles/coles-catalogue-november-27-december-3-2024-wa-metro/,save_was_arithmetic,displayed_price;save_was_arithmetic,2,verified
Coles,WA METRO,"Coles Catalogue November 27 - December 3, 2024 WA METRO",2024-11-27,2024-12-04,46,Hot Wheels Basic Car 1 Each,3.0,3.75,0.75,20.0,save_amount,,,SAVE75¢ | WASS3.75 | Hot Wheels Basic Car | 1 Each | Telco Devices: All are Network Locked. Unlockin | Telco SIMs: includes first recharge applied on a,95.76,True,single_price_evidence,https://caau.syd1.cdn.digitaloceanspaces.com/wp-content/uploads/catalogue/coles/coles-catalogue-november-27-december-3-2024-wa-metro/46.jpg,https://www.catalogueau.com/coles/#catalogue=coles/coles-catalogue-november-27-december-3-2024-wa-metro/,displayed_price,displayed_price,1,review
Coles,WA METRO,"Coles Catalogue November 27 - December 3, 2024 WA METRO",2024-11-27,2024-12-04,46,Pyrex Simply Store Container 946mL,8.0,14.0,6.0,42.86,save_amount,946mL,$8.00 per each,WASS14 | WASS14 | Pyrex Simply Store | Container 946mL | $8.00 per each | Telco Devices: All are Network Locked. Unlockin | sh | Telco SIMs: includes first recharge applied on a,94.41,False,,https://caau.syd1.cdn.digitaloceanspaces.com/wp-content/uploads/catalogue/coles/coles-catalogue-november-27-december-3-2024-wa-metro/46.jpg,https://www.catalogueau.com/coles/#catalogue=coles/coles-catalogue-november-27-december-3-2024-wa-metro/,displayed_price,displayed_price;unit_price,2,verified
Coles,WA METRO,"Coles Catalogue November 27 - December 3, 2024 WA METRO",2024-11-27,2024-12-04,46,"Telstra Oppo A38 * 6.56"" HD LCD display",179.0,,,,special,,,"Telstra Oppo A38 | * 6.56"" HD LCD display | + SOMP camera",94.17,True,offer_labels_missing;save_amount_missing;regular_price_missing;inferred_price_requires_review,https://caau.syd1.cdn.digitaloceanspaces.com/wp-content/uploads/catalogue/coles/coles-catalogue-november-27-december-3-2024-wa-metro/46.jpg,https://www.catalogueau.com/coles/#catalogue=coles/coles-catalogue-november-27-december-3-2024-wa-metro/,displayed_price,displayed_price;grid_inference,1,review
Coles,WA METRO,"Coles Catalogue November 27 - December 3, 2024 WA METRO",2024-11-27,2024-12-04,46,week,18.0,,,,special,,$0.43 per 100,"$0.43 per 100 sheets. 2nd | week on sale. While stocks | last. No rainchecks | fees may apply. Starter Pack offers are included in device packaging. | \vation, For use in AU and new services only. Ongoing recharges revert fo",96.11,True,offer_labels_missing;save_amount_missing;regular_price_missing;inferred_price_requires_review,https://caau.syd1.cdn.digitaloceanspaces.com/wp-content/uploads/catalogue/coles/coles-catalogue-november-27-december-3-2024-wa-metro/46.jpg,https://www.catalogueau.com/coles/#catalogue=coles/coles-catalogue-november-27-december-3-2024-wa-metro/,displayed_price,displayed_price;grid_inference,1,review
Coles,WA METRO,"Coles Catalogue November 27 - December 3, 2024 WA METRO",2024-11-27,2024-12-04,46,Every weekend. Until 16/3/25. When you stay,45.0,,,,special,,,Every weekend. | Until 16/3/25. When you stay | connected with Auto! | harge.,79.0,True,offer_labels_missing;save_amount_missing;regular_price_missing;low_name_confidence_strict;single_price_evidence,https://caau.syd1.cdn.digitaloceanspaces.com/wp-content/uploads/catalogue/coles/coles-catalogue-november-27-december-3-2024-wa-metro/46.jpg,https://www.catalogueau.com/coles/#catalogue=coles/coles-catalogue-november-27-december-3-2024-wa-metro/,displayed_price,displayed_price,1,review
Coles,WA METRO,"Coles Catalogue November 27 - December 3, 2024 WA METRO",2024-11-27,2024-12-04,46,Quilton 4-Ply Softness Gold Toilet Tissue 30 Pack,18.0,,,,special,30 Pack,$0.43 per 100,Quilton 4-Ply Softness | Gold Toilet Tissue 30 Pack | $0.43 per 100 sheets. 2nd | week on sale. While stocks | last. No rainchecks,94.12,True,offer_labels_missing;save_amount_missing;regular_price_missing;single_price_evidence,https://caau.syd1.cdn.digitaloceanspaces.com/wp-content/uploads/catalogue/coles/coles-catalogue-november-27-december-3-2024-wa-metro/46.jpg,https://www.catalogueau.com/coles/#catalogue=coles/coles-catalogue-november-27-december-3-2024-wa-metro/,displayed_price,displayed_price,1,review
Coles,WA METRO,"Coles Catalogue November 27 - December 3, 2024 WA METRO",2024-11-27,2024-12-04,47,HMD Pulse+ y,149.0,199.0,50.0,25.13,save_amount,,,"SAVE‘50 | WASS199 | yi | HMD Pulse+ | y | °6.56"" HD+ | HID 90Hz display | *Dual rear camera",45.58,True,low_ocr_confidence;low_name_confidence_strict,https://caau.syd1.cdn.digitaloceanspaces.com/wp-content/uploads/catalogue/coles/coles-catalogue-november-27-december-3-2024-wa-metro/47.jpg,https://www.catalogueau.com/coles/#catalogue=coles/coles-catalogue-november-27-december-3-2024-wa-metro/,save_was_arithmetic,displayed_price;save_was_arithmetic,2,review
Coles,WA METRO,"Coles Catalogue November 27 - December 3, 2024 WA METRO",2024-11-27,2024-12-04,47,Nokia C22 *6.5° HD+,129.0,179.0,50.0,27.93,save_amount,,,SAVE‘50 | WASS179 | 6 | Nokia C22 | *6.5° HD+ | LCD display | *Dual rear camera | (13MP + 2MP) +,83.6,False,,https://caau.syd1.cdn.digitaloceanspaces.com/wp-content/uploads/catalogue/coles/coles-catalogue-november-27-december-3-2024-wa-metro/47.jpg,https://www.catalogueau.com/coles/#catalogue=coles/coles-catalogue-november-27-december-3-2024-wa-metro/,save_was_arithmetic,displayed_price;save_was_arithmetic,2,verified
Coles,WA METRO,"Coles Catalogue November 27 - December 3, 2024 WA METRO",2024-11-27,2024-12-04,47,Samsung Galaxy A15,199.0,279.0,80.0,28.67,save_amount,,,SAVE‘80 | WASS$279 | Samsung | Galaxy A15 | * 6.5° Super. | AMOLED display | * Rear camera | (OMP with flash) +,91.73,False,,https://caau.syd1.cdn.digitaloceanspaces.com/wp-content/uploads/catalogue/coles/coles-catalogue-november-27-december-3-2024-wa-metro/47.jpg,https://www.catalogueau.com/coles/#catalogue=coles/coles-catalogue-november-27-december-3-2024-wa-metro/,save_was_arithmetic,displayed_price;save_was_arithmetic,2,verified
Coles,WA METRO,"Coles Catalogue November 27 - December 3, 2024 WA METRO",2024-11-27,2024-12-04,47,"Telstra 5G now reaches 85% of Australians. THINGS YOU NEED T0 KNOW. Telstra Pre-Paid Handsets: Manufactured by ZTE, Nokia, HMD & Samsung. In non-5G coverage areas, you'll automatically switch to our3G or 4G. Check telstra.com/coverage. Speed capping: 4G and 5G download speeds are capped at 150Mbps on most plans. Your speed cap is the meximum potential download speed for",18.0,49.0,31.0,63.27,save_amount,5G; 4G,,"SAVES31 | WASS49 | Telstra 5G now reaches 85% of Australians. THINGS YOU NEED T0 KNOW. Telstra Pre-Paid Handsets: Manufactured by ZTE, Nokia, HMD & Samsung. In non-5G coverage areas, you'll automatically | switch to our3G or 4G. Check telstra.com/coverage. Speed capping: 4G and 5G download speeds are capped at 150Mbps on most plans. Your speed cap is the meximum potential download speed for | data included in your recharge. Typical speeds will be lower and speeds may vary due to various factors like your location, device and network congestion. An unlocking fee may apply for use with a | non-Telstra SIM card. Limit 1 per customer and/no trade sales. SIM included. The Android Robot is reproduced or modified from work created and shared| by Google and'used according to terms | described/in the Creative Commons 3.0 Attribution License. Unlimited calls/texts exclude satellite and premium numbers (e.g. 19x numbers), operator assisted calls (e.g. most 12xx numbers) and | diverted calls. Blue Tick lets you know which phones are recommended for handheld coverage in rural areas. Belong: For use in Australia. Unlimited calls & texts to standard landline & mobile",90.42,False,,https://caau.syd1.cdn.digitaloceanspaces.com/wp-content/uploads/catalogue/coles/coles-catalogue-november-27-december-3-2024-wa-metro/47.jpg,https://www.catalogueau.com/coles/#catalogue=coles/coles-catalogue-november-27-december-3-2024-wa-metro/,save_was_arithmetic,displayed_price;save_was_arithmetic,2,verified
Coles,WA METRO,"Coles Catalogue November 27 - December 3, 2024 WA METRO",2024-11-27,2024-12-04,47,+20GB bonus data,2.0,,,,special,,,vi | +20GB | bonus data,94.16,True,offer_labels_missing;save_amount_missing;regular_price_missing;product_name_suspicious;single_price_evidence,https://caau.syd1.cdn.digitaloceanspaces.com/wp-content/uploads/catalogue/coles/coles-catalogue-november-27-december-3-2024-wa-metro/47.jpg,https://www.catalogueau.com/coles/#catalogue=coles/coles-catalogue-november-27-december-3-2024-wa-metro/,displayed_price,displayed_price,1,review
Coles,WA METRO,"Coles Catalogue November 27 - December 3, 2024 WA METRO",2024-11-27,2024-12-04,47,Belong,20.0,,,,special,,,Belong $45 | Starter Pack | Mobile SIM | -Activate by | 12.01.2025 for | Trust your network,96.89,True,offer_labels_missing;save_amount_missing;regular_price_missing;single_price_evidence,https://caau.syd1.cdn.digitaloceanspaces.com/wp-content/uploads/catalogue/coles/coles-catalogue-november-27-december-3-2024-wa-metro/47.jpg,https://www.catalogueau.com/coles/#catalogue=coles/coles-catalogue-november-27-december-3-2024-wa-metro/,displayed_price,displayed_price,1,review
Coles,WA METRO,"Coles Catalogue November 27 - December 3, 2024 WA METRO",2024-11-27,2024-12-04,49,CROSER,593.0,,,,special,,,CROSER,92.04,True,offer_labels_missing;save_amount_missing;regular_price_missing;single_price_evidence,https://caau.syd1.cdn.digitaloceanspaces.com/wp-content/uploads/catalogue/coles/coles-catalogue-november-27-december-3-2024-wa-metro/49.jpg,https://www.catalogueau.com/coles/#catalogue=coles/coles-catalogue-november-27-december-3-2024-wa-metro/,displayed_price,displayed_price,1,review
Coles,WA METRO,"Coles Catalogue November 27 - December 3, 2024 WA METRO",2024-11-27,2024-12-04,49,Ovation Brut Cuvee,2.0,,,,special,,,"Ovation | Brut Cuvee | QAT/,",96.75,True,offer_labels_missing;save_amount_missing;regular_price_missing;single_price_evidence,https://caau.syd1.cdn.digitaloceanspaces.com/wp-content/uploads/catalogue/coles/coles-catalogue-november-27-december-3-2024-wa-metro/49.jpg,https://www.catalogueau.com/coles/#catalogue=coles/coles-catalogue-november-27-december-3-2024-wa-metro/,displayed_price,displayed_price,1,review
Coles,WA METRO,"Coles Catalogue November 27 - December 3, 2024 WA METRO",2024-11-27,2024-12-04,49,DOC 18K Gold YLOK,520.0,,,,special,,,DOC 18K Gold | YLOK | or Taylors | Jaraman | Chardonnay,79.0,True,offer_labels_missing;save_amount_missing;regular_price_missing;low_name_confidence_strict;single_price_evidence,https://caau.syd1.cdn.digitaloceanspaces.com/wp-content/uploads/catalogue/coles/coles-catalogue-november-27-december-3-2024-wa-metro/49.jpg,https://www.catalogueau.com/coles/#catalogue=coles/coles-catalogue-november-27-december-3-2024-wa-metro/,displayed_price,displayed_price,1,review
Coles,WA METRO,"Coles Catalogue November 27 - December 3, 2024 WA METRO",2024-11-27,2024-12-04,49,Vodka Pure,56.0,,,,special,,,Vodka | Pure | Origin. | Tesmanian Vook | wy,96.78,True,offer_labels_missing;save_amount_missing;regular_price_missing;single_price_evidence,https://caau.syd1.cdn.digitaloceanspaces.com/wp-content/uploads/catalogue/coles/coles-catalogue-november-27-december-3-2024-wa-metro/49.jpg,https://www.catalogueau.com/coles/#catalogue=coles/coles-catalogue-november-27-december-3-2024-wa-metro/,displayed_price,displayed_price,1,review
Coles,WA METRO,"Coles Catalogue November 27 - December 3, 2024 WA METRO",2024-11-27,2024-12-04,49,Malt Master’s,6.0,,,,special,,,Malt | Master’s | Selection | Whisky | Si | SINGLETON.,94.33,True,offer_labels_missing;save_amount_missing;regular_price_missing;single_price_evidence,https://caau.syd1.cdn.digitaloceanspaces.com/wp-content/uploads/catalogue/coles/coles-catalogue-november-27-december-3-2024-wa-metro/49.jpg,https://www.catalogueau.com/coles/#catalogue=coles/coles-catalogue-november-27-december-3-2024-wa-metro/,displayed_price,displayed_price,1,review
