retailer,region,catalogue_title,catalogue_start_date,catalogue_end_date,page_number,product_name,special_price,regular_price,save_amount,discount_percent,promo_type,pack_size,unit_price_text,offer_text,ocr_confidence,needs_review,review_reason,source_page_image,source_catalogue_url,price_source,price_evidence,evidence_count,verification_status
Coles,VIC METRO,"Coles Catalogue December 4 - 10, 2024 VIC METRO",2024-12-04,2024-12-11,1,Coles Australian Thawed ~ Cooked Extra Large,4.0,36.0,32.0,88.89,save_amount,,,WAS $36kg | WAS $36kg | Coles Australian Thawed | ~ Cooked Extra Large | or | Black Tiger Prawns | Selected stores only* | soe:,94.73,True,single_price_evidence,https://caau.syd1.cdn.digitaloceanspaces.com/wp-content/uploads/catalogue/coles/coles-catalogue-december-4-10-2024-vic-metro/1.jpg,https://www.catalogueau.com/coles/#catalogue=coles/coles-catalogue-december-4-10-2024-vic-metro/,displayed_price,displayed_price,1,review
Coles,VIC METRO,"Coles Catalogue December 4 - 10, 2024 VIC METRO",2024-12-04,2024-12-11,1,Coles Beechwood Smoked Full Leg Ham From the Meat,7.0,,,,special,,,Coles Beechwood Smoked | Full Leg Ham From the Meat | department. While stocks last. | No rainchecks | eo ——r~ | y,96.49,True,offer_labels_missing;save_amount_missing;regular_price_missing;single_price_evidence,https://caau.syd1.cdn.digitaloceanspaces.com/wp-content/uploads/catalogue/coles/coles-catalogue-december-4-10-2024-vic-metro/1.jpg,https://www.catalogueau.com/coles/#catalogue=coles/coles-catalogue-december-4-10-2024-vic-metro/,displayed_price,displayed_price,1,review
Coles,VIC METRO,"Coles Catalogue December 4 - 10, 2024 VIC METRO",2024-12-04,2024-12-11,1,Australian Cherries 300g Punnet,5.5,,,,special,300g,,Australian Cherries 300g | Punnet $18.34 per. kg | eels | yy | — | ————,93.27,True,offer_labels_missing;save_amount_missing;regular_price_missing;single_price_evidence,https://caau.syd1.cdn.digitaloceanspaces.com/wp-content/uploads/catalogue/coles/coles-catalogue-december-4-10-2024-vic-metro/1.jpg,https://www.catalogueau.com/coles/#catalogue=coles/coles-catalogue-december-4-10-2024-vic-metro/,displayed_price,displayed_price,1,review
Coles,VIC METRO,"Coles Catalogue December 4 - 10, 2024 VIC METRO",2024-12-04,2024-12-11,2,Bonds Men's Guyfront Trunk 1 Pack Assorted sizes & colours,12.5,25.0,12.5,50.0,half_price,1 Pack,,WAS$25 | WAS$25 | Bonds Men's Guyfront Trunk | 1 Pack Assorted sizes & colours,94.92,True,inferred_price_requires_review,https://caau.syd1.cdn.digitaloceanspaces.com/wp-content/uploads/catalogue/coles/coles-catalogue-december-4-10-2024-vic-metro/2.jpg,https://www.catalogueau.com/coles/#catalogue=coles/coles-catalogue-december-4-10-2024-vic-metro/,page_discount_inference,page_discount,0,review
Coles,VIC METRO,"Coles Catalogue December 4 - 10, 2024 VIC METRO",2024-12-04,2024-12-11,2,Ferrero Rocher 30 Pack 375g or Collection Chocolate Gift Box 24 Pack 269g,15.0,30.0,15.0,50.0,half_price,30 Pack; 375g; 24 Pack; 269g,,WAS$30 | WAS$30 | Ferrero Rocher 30 Pack 375g | or Collection Chocolate | Gift Box 24 Pack 269g,96.38,True,inferred_price_requires_review,https://caau.syd1.cdn.digitaloceanspaces.com/wp-content/uploads/catalogue/coles/coles-catalogue-december-4-10-2024-vic-metro/2.jpg,https://www.catalogueau.com/coles/#catalogue=coles/coles-catalogue-december-4-10-2024-vic-metro/,displayed_price,displayed_price;page_discount,1,review
Coles,VIC METRO,"Coles Catalogue December 4 - 10, 2024 VIC METRO",2024-12-04,2024-12-11,2,Cadbury Favourites Ultimate Share 820g,16.0,32.0,16.0,50.0,half_price,820g,$1.95 per 100g,WAS$32 | WAS$32 | Cadbury Favourites | Ultimate Share 820g | $1.95 per 100g | _—,95.92,False,,https://caau.syd1.cdn.digitaloceanspaces.com/wp-content/uploads/catalogue/coles/coles-catalogue-december-4-10-2024-vic-metro/2.jpg,https://www.catalogueau.com/coles/#catalogue=coles/coles-catalogue-december-4-10-2024-vic-metro/,displayed_price,displayed_price;page_discount;unit_price,2,verified
Coles,VIC METRO,"Coles Catalogue December 4 - 10, 2024 VIC METRO",2024-12-04,2024-12-11,2,Rexona Advanced 72hr Antiperspirant Aerosol Deodorant 220mL,4.75,9.5,4.75,50.0,half_price,220mL,$2.16 per 100mL,WASS$9.50 | WASS$9.50 | Rexona Advanced 72hr | Antiperspirant Aerosol | Deodorant 220mL | $2.16 per 100mL,92.68,True,inferred_price_requires_review,https://caau.syd1.cdn.digitaloceanspaces.com/wp-content/uploads/catalogue/coles/coles-catalogue-december-4-10-2024-vic-metro/2.jpg,https://www.catalogueau.com/coles/#catalogue=coles/coles-catalogue-december-4-10-2024-vic-metro/,unit_price,page_discount;unit_price,1,review
Coles,VIC METRO,"Coles Catalogue December 4 - 10, 2024 VIC METRO",2024-12-04,2024-12-11,2,Cobram Estate Olive Oil 750mL,12.5,25.0,12.5,50.0,half_price,750mL,$1.67 per 100mL,"WASS25 | WASS25 | Cobram Estate Olive Oil 750mL | $1.67 per 100mL | tExcludes Bonds Babywear & Sanitary Protection & clearance items | Excludes Rexona Aerosol Deodorant 250mL, Every Day & clearance items",93.34,False,,https://caau.syd1.cdn.digitaloceanspaces.com/wp-content/uploads/catalogue/coles/coles-catalogue-december-4-10-2024-vic-metro/2.jpg,https://www.catalogueau.com/coles/#catalogue=coles/coles-catalogue-december-4-10-2024-vic-metro/,displayed_price,displayed_price;page_discount;unit_price,2,verified
Coles,VIC METRO,"Coles Catalogue December 4 - 10, 2024 VIC METRO",2024-12-04,2024-12-11,2,1&J Raw Prawns Tail On or Off 500g,12.0,24.0,12.0,50.0,half_price,500g,$24.00 per kg,WAS$24 | WAS$24 | 1&J Raw Prawns Tail On or Off | 500g $24.00 per kg,95.91,False,,https://caau.syd1.cdn.digitaloceanspaces.com/wp-content/uploads/catalogue/coles/coles-catalogue-december-4-10-2024-vic-metro/2.jpg,https://www.catalogueau.com/coles/#catalogue=coles/coles-catalogue-december-4-10-2024-vic-metro/,displayed_price,displayed_price;page_discount;unit_price,2,verified
Coles,VIC METRO,"Coles Catalogue December 4 - 10, 2024 VIC METRO",2024-12-04,2024-12-11,2,VIC-METRO-041 2-24-31 2065,90.0,,,,special,,,| | a | A | * | VIC-METRO-041 2-24-31 2065,84.77,True,offer_labels_missing;save_amount_missing;regular_price_missing;single_price_evidence,https://caau.syd1.cdn.digitaloceanspaces.com/wp-content/uploads/catalogue/coles/coles-catalogue-december-4-10-2024-vic-metro/2.jpg,https://www.catalogueau.com/coles/#catalogue=coles/coles-catalogue-december-4-10-2024-vic-metro/,displayed_price,displayed_price,1,review
Coles,VIC METRO,"Coles Catalogue December 4 - 10, 2024 VIC METRO",2024-12-04,2024-12-11,4,Rexona Clinical Protection Antiperspirant Aerosol Deodorant 180mL,6.0,12.0,6.0,50.0,half_price,180mL,$3.33 per 100mL,SAVES6 | WASS12 | Rexona Clinical Protection | Antiperspirant Aerosol | Deodorant 180mL | $3.33 per 100mL,93.0,False,,https://caau.syd1.cdn.digitaloceanspaces.com/wp-content/uploads/catalogue/coles/coles-catalogue-december-4-10-2024-vic-metro/4.jpg,https://www.catalogueau.com/coles/#catalogue=coles/coles-catalogue-december-4-10-2024-vic-metro/,save_was_arithmetic,displayed_price;save_was_arithmetic;unit_price,3,verified
Coles,VIC METRO,"Coles Catalogue December 4 - 10, 2024 VIC METRO",2024-12-04,2024-12-11,4,Rexona Advanced Protection Roll On Deodorant 50mL,2.75,5.5,2.75,50.0,half_price,50mL,$5.50 per 100mL,SAVES2.75 | WASS5.50 | Rexona Advanced Protection | Roll On Deodorant 50mL | $5.50 per 100mL,94.18,False,,https://caau.syd1.cdn.digitaloceanspaces.com/wp-content/uploads/catalogue/coles/coles-catalogue-december-4-10-2024-vic-metro/4.jpg,https://www.catalogueau.com/coles/#catalogue=coles/coles-catalogue-december-4-10-2024-vic-metro/,save_was_arithmetic,displayed_price;save_was_arithmetic;unit_price,3,verified
Coles,VIC METRO,"Coles Catalogue December 4 - 10, 2024 VIC METRO",2024-12-04,2024-12-11,4,Lynx Antiperspirant Deodorant or Body Spray 165mL,4.0,8.0,4.0,50.0,half_price,165mL,$2.42 per 100mL,SAVES4 | WASS8 | Lynx Antiperspirant Deodorant | or Body Spray 165mL | $2.42 per 100mL,93.17,False,,https://caau.syd1.cdn.digitaloceanspaces.com/wp-content/uploads/catalogue/coles/coles-catalogue-december-4-10-2024-vic-metro/4.jpg,https://www.catalogueau.com/coles/#catalogue=coles/coles-catalogue-december-4-10-2024-vic-metro/,save_was_arithmetic,displayed_price;save_was_arithmetic;unit_price,3,verified
Coles,VIC METRO,"Coles Catalogue December 4 - 10, 2024 VIC METRO",2024-12-04,2024-12-11,4,Schick Hydro 5 Razor Kit with 2 Refill Blades 1 Pack,8.75,17.5,8.75,50.0,half_price,1 Pack,,SAVE°8.75 | WASS17.50 | Schick Hydro 5 Razor Kit with | 2 Refill Blades 1 Pack,96.56,True,single_price_evidence,https://caau.syd1.cdn.digitaloceanspaces.com/wp-content/uploads/catalogue/coles/coles-catalogue-december-4-10-2024-vic-metro/4.jpg,https://www.catalogueau.com/coles/#catalogue=coles/coles-catalogue-december-4-10-2024-vic-metro/,save_was_arithmetic,save_was_arithmetic,1,review
Coles,VIC METRO,"Coles Catalogue December 4 - 10, 2024 VIC METRO",2024-12-04,2024-12-11,4,Listerine Freshburst or Freshburst Zero Mouthwash 500mL,4.0,8.0,4.0,50.0,half_price,500mL,$0.80 per 100mL,SAVE54 | WASS$8 | Listerine Freshburst or | Freshburst Zero Mouthwash | 500mL $0.80 per 100mL,92.99,True,single_price_evidence,https://caau.syd1.cdn.digitaloceanspaces.com/wp-content/uploads/catalogue/coles/coles-catalogue-december-4-10-2024-vic-metro/4.jpg,https://www.catalogueau.com/coles/#catalogue=coles/coles-catalogue-december-4-10-2024-vic-metro/,unit_price,unit_price,1,review
Coles,VIC METRO,"Coles Catalogue December 4 - 10, 2024 VIC METRO",2024-12-04,2024-12-11,4,Oral B Pro 800 Electric Toothbrush 1 Each,50.0,100.0,50.0,50.0,half_price,,,SAVES5O | WASS100 | Oral B Pro 800 Electric | Toothbrush 1 Each | OLAY,96.13,True,single_price_evidence,https://caau.syd1.cdn.digitaloceanspaces.com/wp-content/uploads/catalogue/coles/coles-catalogue-december-4-10-2024-vic-metro/4.jpg,https://www.catalogueau.com/coles/#catalogue=coles/coles-catalogue-december-4-10-2024-vic-metro/,displayed_price,displayed_price,1,review
Coles,VIC METRO,"Coles Catalogue December 4 - 10, 2024 VIC METRO",2024-12-04,2024-12-11,4,Life Botanics Pure Marine Collagen,20.0,40.0,20.0,50.0,half_price,,,SAVES20 | WASS40 | Life Botanics Pure | Marine Collagen | Powder Unflavoured | or Colla: | or Collagen + Shred | Powder,95.09,False,,https://caau.syd1.cdn.digitaloceanspaces.com/wp-content/uploads/catalogue/coles/coles-catalogue-december-4-10-2024-vic-metro/4.jpg,https://www.catalogueau.com/coles/#catalogue=coles/coles-catalogue-december-4-10-2024-vic-metro/,save_was_arithmetic,displayed_price;save_was_arithmetic,2,verified
Coles,VIC METRO,"Coles Catalogue December 4 - 10, 2024 VIC METRO",2024-12-04,2024-12-11,4,Beach Rd Naturals Body Bar 150:,2.0,4.0,2.0,50.0,half_price,,$1.33 per 100g,SAVES2 | WAS$4 | Beach Rd Naturals | Body Bar 150: | $1.33 per 100g | On sale for 2 weeks,95.7,False,,https://caau.syd1.cdn.digitaloceanspaces.com/wp-content/uploads/catalogue/coles/coles-catalogue-december-4-10-2024-vic-metro/4.jpg,https://www.catalogueau.com/coles/#catalogue=coles/coles-catalogue-december-4-10-2024-vic-metro/,save_was_arithmetic,displayed_price;save_was_arithmetic,2,verified
Coles,VIC METRO,"Coles Catalogue December 4 - 10, 2024 VIC METRO",2024-12-04,2024-12-11,4,Olay Regenerist Retinol24 Ni,30.0,60.0,30.0,50.0,half_price,,$60.00 per 100g,SAVES30 | WASS60 | Olay Regenerist | Retinol24 Ni | ht | Moisturiser 50g | $60.00 per 100g,92.84,False,,https://caau.syd1.cdn.digitaloceanspaces.com/wp-content/uploads/catalogue/coles/coles-catalogue-december-4-10-2024-vic-metro/4.jpg,https://www.catalogueau.com/coles/#catalogue=coles/coles-catalogue-december-4-10-2024-vic-metro/,save_was_arithmetic,displayed_price;save_was_arithmetic,2,verified
Coles,VIC METRO,"Coles Catalogue December 4 - 10, 2024 VIC METRO",2024-12-04,2024-12-11,4,Olay Moisturising Cream,8.0,16.0,8.0,50.0,half_price,,$8.00 per 100g,"SAVES8 | WASS16 | Olay Moisturising | Cream | $8.00 per 100g | TExcludes Rexona Aerosol Deodorant 250mL, Every Day & clearance items",96.51,False,,https://caau.syd1.cdn.digitaloceanspaces.com/wp-content/uploads/catalogue/coles/coles-catalogue-december-4-10-2024-vic-metro/4.jpg,https://www.catalogueau.com/coles/#catalogue=coles/coles-catalogue-december-4-10-2024-vic-metro/,save_was_arithmetic,displayed_price;save_was_arithmetic,2,verified
Coles,VIC METRO,"Coles Catalogue December 4 - 10, 2024 VIC METRO",2024-12-04,2024-12-11,5,Morning Fresh Dishwashin Liquid 350mL,2.75,5.5,2.75,50.0,half_price,350mL,$0.79 per 100mL,SAVES2.75 | WASS5.50 | Morning Fresh Dishwashin | Liquid 350mL $0.79 per 100mL. | 2nd week on sale,92.85,False,,https://caau.syd1.cdn.digitaloceanspaces.com/wp-content/uploads/catalogue/coles/coles-catalogue-december-4-10-2024-vic-metro/5.jpg,https://www.catalogueau.com/coles/#catalogue=coles/coles-catalogue-december-4-10-2024-vic-metro/,save_was_arithmetic,save_was_arithmetic;unit_price,2,verified
Coles,VIC METRO,"Coles Catalogue December 4 - 10, 2024 VIC METRO",2024-12-04,2024-12-11,5,Harpic Fresh Power Liquid 700mL or In The Bowl Fresh Power Toilet Cleaner 39g,3.5,7.0,3.5,50.0,half_price,700mL; 39g,,SAVES3.50 | Harpic Fresh Power Liquid | 700mL or In The Bowl Fresh | Power Toilet Cleaner 39g,94.44,True,single_price_evidence,https://caau.syd1.cdn.digitaloceanspaces.com/wp-content/uploads/catalogue/coles/coles-catalogue-december-4-10-2024-vic-metro/5.jpg,https://www.catalogueau.com/coles/#catalogue=coles/coles-catalogue-december-4-10-2024-vic-metro/,displayed_price,displayed_price,1,review
Coles,VIC METRO,"Coles Catalogue December 4 - 10, 2024 VIC METRO",2024-12-04,2024-12-11,5,Fluffy Concentrated Fabric Conditioner 900mL-1 Litre,4.0,9.0,5.0,55.56,save_amount,900mL; 1 Litre,,WASS9 | WASS9 | Fluffy Concentrated Fabric | Conditioner 900mL-1 Litre,95.01,True,single_price_evidence,https://caau.syd1.cdn.digitaloceanspaces.com/wp-content/uploads/catalogue/coles/coles-catalogue-december-4-10-2024-vic-metro/5.jpg,https://www.catalogueau.com/coles/#catalogue=coles/coles-catalogue-december-4-10-2024-vic-metro/,displayed_price,displayed_price,1,review
Coles,VIC METRO,"Coles Catalogue December 4 - 10, 2024 VIC METRO",2024-12-04,2024-12-11,5,Air Wick Essential Oils Reed Diffuser 30mL,7.0,14.0,7.0,50.0,half_price,30mL,,SAVE‘S7 | WASS14 | Air Wick Essential Oils Reed | Diffuser 30mL $2.33 per 10mL. | *See page 30 forT&Cs,91.96,False,,https://caau.syd1.cdn.digitaloceanspaces.com/wp-content/uploads/catalogue/coles/coles-catalogue-december-4-10-2024-vic-metro/5.jpg,https://www.catalogueau.com/coles/#catalogue=coles/coles-catalogue-december-4-10-2024-vic-metro/,save_was_arithmetic,displayed_price;save_was_arithmetic,2,verified
Coles,VIC METRO,"Coles Catalogue December 4 - 10, 2024 VIC METRO",2024-12-04,2024-12-11,5,Sorbent 3-Ply Silky White Toilet Tissue 16 Pack,7.0,14.0,7.0,50.0,half_price,16 Pack,$0.24 per 100,SAVES7 | WASS14 | Sorbent 3-Ply Silky White | Toilet Tissue 16 Pack | $0.24 per 100 sheets,95.48,False,,https://caau.syd1.cdn.digitaloceanspaces.com/wp-content/uploads/catalogue/coles/coles-catalogue-december-4-10-2024-vic-metro/5.jpg,https://www.catalogueau.com/coles/#catalogue=coles/coles-catalogue-december-4-10-2024-vic-metro/,save_was_arithmetic,displayed_price;save_was_arithmetic,2,verified
Coles,VIC METRO,"Coles Catalogue December 4 - 10, 2024 VIC METRO",2024-12-04,2024-12-11,5,Mirabella 14W GLS LED Li ht Globes 2 Pack,8.25,16.5,8.25,50.0,half_price,2 Pack,,SAVE'8.25 | WASS16.50 | Mirabella 14W GLS LED | Li | ht Globes 2 Pack | $ | 13 per each,79.0,True,low_name_confidence_strict,https://caau.syd1.cdn.digitaloceanspaces.com/wp-content/uploads/catalogue/coles/coles-catalogue-december-4-10-2024-vic-metro/5.jpg,https://www.catalogueau.com/coles/#catalogue=coles/coles-catalogue-december-4-10-2024-vic-metro/,save_was_arithmetic,displayed_price;save_was_arithmetic,2,review
Coles,VIC METRO,"Coles Catalogue December 4 - 10, 2024 VIC METRO",2024-12-04,2024-12-11,5,Mortein PowerGard DIY Professional,20.0,40.0,20.0,50.0,half_price,,$1.00 per 100mL,SAVES20 | WASS40 | Mortein PowerGard | DIY Professional | Surface Spray 2 Litre | $1.00 per 100mL | 64 | *See page 30 for TkCs,94.14,False,,https://caau.syd1.cdn.digitaloceanspaces.com/wp-content/uploads/catalogue/coles/coles-catalogue-december-4-10-2024-vic-metro/5.jpg,https://www.catalogueau.com/coles/#catalogue=coles/coles-catalogue-december-4-10-2024-vic-metro/,save_was_arithmetic,displayed_price;save_was_arithmetic,2,verified
Coles,VIC METRO,"Coles Catalogue December 4 - 10, 2024 VIC METRO",2024-12-04,2024-12-11,5,Finish Ultimate Plus Dishwashing Tablets,0.53,68.0,67.47,99.22,save_amount,,$0.53 per each,SAVE534 | WASS68 | Finish Ultimate Plus | Dishwashing Tablets | 64 | 64 Pack | $0.53 per each,96.22,True,single_price_evidence,https://caau.syd1.cdn.digitaloceanspaces.com/wp-content/uploads/catalogue/coles/coles-catalogue-december-4-10-2024-vic-metro/5.jpg,https://www.catalogueau.com/coles/#catalogue=coles/coles-catalogue-december-4-10-2024-vic-metro/,unit_price,unit_price,1,review
Coles,VIC METRO,"Coles Catalogue December 4 - 10, 2024 VIC METRO",2024-12-04,2024-12-11,5,Omo Laundry Liquid or Scents 2 Litre,14.0,28.0,14.0,50.0,half_price,2 Litre,$7.00 per litre,SAVES14 | WASS$28 | Omo Laundry Liquid | or Scents 2 Litre | $7.00 per litre | VIC-METRO-041 2-24-31 2065,95.68,False,,https://caau.syd1.cdn.digitaloceanspaces.com/wp-content/uploads/catalogue/coles/coles-catalogue-december-4-10-2024-vic-metro/5.jpg,https://www.catalogueau.com/coles/#catalogue=coles/coles-catalogue-december-4-10-2024-vic-metro/,save_was_arithmetic,displayed_price;save_was_arithmetic;unit_price,3,verified
Coles,VIC METRO,"Coles Catalogue December 4 - 10, 2024 VIC METRO",2024-12-04,2024-12-11,5,Dynamo Professional 7 In 1 Laundry Liquid,14.5,29.0,14.5,50.0,half_price,,$7.25 per litre,SAVE°14.50 | WAS$29 | Dynamo Professional | 7 In 1 Laundry Liquid | 2 Litre $7.25 per litre,94.67,False,,https://caau.syd1.cdn.digitaloceanspaces.com/wp-content/uploads/catalogue/coles/coles-catalogue-december-4-10-2024-vic-metro/5.jpg,https://www.catalogueau.com/coles/#catalogue=coles/coles-catalogue-december-4-10-2024-vic-metro/,save_was_arithmetic,displayed_price;save_was_arithmetic,2,verified
Coles,VIC METRO,"Coles Catalogue December 4 - 10, 2024 VIC METRO",2024-12-04,2024-12-11,6,Genki Forest Sparkling Water Lychee 6x330mL,5.5,11.0,5.5,50.0,half_price,6x330mL,$2.78 per litre,SAVE*5.50 | WASS11 | Genki Forest Sparkling Water Lychee 6x330mL | $2.78 per litre | &,95.11,False,,https://caau.syd1.cdn.digitaloceanspaces.com/wp-content/uploads/catalogue/coles/coles-catalogue-december-4-10-2024-vic-metro/6.jpg,https://www.catalogueau.com/coles/#catalogue=coles/coles-catalogue-december-4-10-2024-vic-metro/,save_was_arithmetic,displayed_price;save_was_arithmetic;unit_price,3,verified
Coles,VIC METRO,"Coles Catalogue December 4 - 10, 2024 VIC METRO",2024-12-04,2024-12-11,6,Fantastic Noodle Cup or Bowl 70g-85g en,1.25,2.5,1.25,50.0,half_price,70g; 85g,,SAVE51.25 | WASS$2.50 | Fantastic Noodle Cup or Bowl 70g-85g | en | (= | Allgys,63.0,True,low_name_confidence_strict;single_price_evidence,https://caau.syd1.cdn.digitaloceanspaces.com/wp-content/uploads/catalogue/coles/coles-catalogue-december-4-10-2024-vic-metro/6.jpg,https://www.catalogueau.com/coles/#catalogue=coles/coles-catalogue-december-4-10-2024-vic-metro/,displayed_price,displayed_price,1,review
Coles,VIC METRO,"Coles Catalogue December 4 - 10, 2024 VIC METRO",2024-12-04,2024-12-11,6,Kellogg's Nutri Grain 290g or Coco Pops 375g,50.0,53.5,3.5,6.54,save_amount,290g; 375g,,SAVES3.50 Nae | Kellogg's Nutri Grain 290g | or Coco Pops 375g,96.16,True,single_price_evidence,https://caau.syd1.cdn.digitaloceanspaces.com/wp-content/uploads/catalogue/coles/coles-catalogue-december-4-10-2024-vic-metro/6.jpg,https://www.catalogueau.com/coles/#catalogue=coles/coles-catalogue-december-4-10-2024-vic-metro/,displayed_price,displayed_price,1,review
Coles,VIC METRO,"Coles Catalogue December 4 - 10, 2024 VIC METRO",2024-12-04,2024-12-11,6,Red Tractor Granola or Muesli 700g,4.9,9.8,4.9,50.0,half_price,700g,$0.70 per 100g,SAVE%4.90 | WAS$9.80 | Red Tractor Granola or Muesli | 700g $0.70 per 100g,96.04,False,,https://caau.syd1.cdn.digitaloceanspaces.com/wp-content/uploads/catalogue/coles/coles-catalogue-december-4-10-2024-vic-metro/6.jpg,https://www.catalogueau.com/coles/#catalogue=coles/coles-catalogue-december-4-10-2024-vic-metro/,save_was_arithmetic,displayed_price;save_was_arithmetic;unit_price,3,verified
Coles,VIC METRO,"Coles Catalogue December 4 - 10, 2024 VIC METRO",2024-12-04,2024-12-11,6,Nescafé Coffee Sachets 8 Pack-10 Pack,3.8,760.0,756.2,99.5,save_amount,8 Pack; 10 Pack,,SAVES3.80 | ‘WAS$760 | Nescafé Coffee Sachets | 8 Pack-10 Pack | VIC-METRO-041 2-24-31 2065,94.2,True,single_price_evidence,https://caau.syd1.cdn.digitaloceanspaces.com/wp-content/uploads/catalogue/coles/coles-catalogue-december-4-10-2024-vic-metro/6.jpg,https://www.catalogueau.com/coles/#catalogue=coles/coles-catalogue-december-4-10-2024-vic-metro/,displayed_price,displayed_price,1,review
Coles,VIC METRO,"Coles Catalogue December 4 - 10, 2024 VIC METRO",2024-12-04,2024-12-11,6,Twinings Tea Bags 80 Pack-100 Pack Excludes Green Pure Tea Bags 100 Pack,6.75,13.5,6.75,50.0,half_price,80 Pack; 100 Pack,,Twinings Tea Bags | 80 Pack-100 Pack Excludes | Green Pure Tea Bags 100 Pack,95.85,True,offer_labels_missing;product_name_suspicious;single_price_evidence,https://caau.syd1.cdn.digitaloceanspaces.com/wp-content/uploads/catalogue/coles/coles-catalogue-december-4-10-2024-vic-metro/6.jpg,https://www.catalogueau.com/coles/#catalogue=coles/coles-catalogue-december-4-10-2024-vic-metro/,displayed_price,displayed_price,1,review
Coles,VIC METRO,"Coles Catalogue December 4 - 10, 2024 VIC METRO",2024-12-04,2024-12-11,6,Vittoria Freeze Dried Instant Coffee 400g,18.5,,,,special,400g,$4.63 per 100g,Vittoria Freeze Dried Instant | Coffee 400g $4.63 per 100g,96.5,False,,https://caau.syd1.cdn.digitaloceanspaces.com/wp-content/uploads/catalogue/coles/coles-catalogue-december-4-10-2024-vic-metro/6.jpg,https://www.catalogueau.com/coles/#catalogue=coles/coles-catalogue-december-4-10-2024-vic-metro/,displayed_price,displayed_price;unit_price,2,verified
Coles,VIC METRO,"Coles Catalogue December 4 - 10, 2024 VIC METRO",2024-12-04,2024-12-11,6,White Tiger Basmati Rice 5kg,11.5,,,,special,5kg,$0.23 per 100g,White Tiger Basmati Rice 5kg | $0.23 per 100g,95.33,True,offer_labels_missing;save_amount_missing;regular_price_missing;single_price_evidence,https://caau.syd1.cdn.digitaloceanspaces.com/wp-content/uploads/catalogue/coles/coles-catalogue-december-4-10-2024-vic-metro/6.jpg,https://www.catalogueau.com/coles/#catalogue=coles/coles-catalogue-december-4-10-2024-vic-metro/,displayed_price,displayed_price,1,review
Coles,VIC METRO,"Coles Catalogue December 4 - 10, 2024 VIC METRO",2024-12-04,2024-12-11,7,Mars Chocolate Bar 30g-56g or Violet Crumble Chocolate Bar 50g,6.8,8.0,1.2,15.0,save_amount,30g; 56g; 50g,,SAVE51.20 | WAS8$2.20 | Mars Chocolate Bar 30g-56g | or Violet Crumble Chocolate | Bar 50g,95.52,True,single_price_evidence,https://caau.syd1.cdn.digitaloceanspaces.com/wp-content/uploads/catalogue/coles/coles-catalogue-december-4-10-2024-vic-metro/7.jpg,https://www.catalogueau.com/coles/#catalogue=coles/coles-catalogue-december-4-10-2024-vic-metro/,unknown,,0,review
Coles,VIC METRO,"Coles Catalogue December 4 - 10, 2024 VIC METRO",2024-12-04,2024-12-11,7,Nestlé Chocolate Bar 35g-50g,1.25,2.5,1.25,50.0,half_price,35g; 50g,,SAVES1.25 | WASS$2.50 | Nestlé Chocolate Bar 35g-50g,94.35,True,single_price_evidence,https://caau.syd1.cdn.digitaloceanspaces.com/wp-content/uploads/catalogue/coles/coles-catalogue-december-4-10-2024-vic-metro/7.jpg,https://www.catalogueau.com/coles/#catalogue=coles/coles-catalogue-december-4-10-2024-vic-metro/,save_was_arithmetic,save_was_arithmetic,1,review
Coles,VIC METRO,"Coles Catalogue December 4 - 10, 2024 VIC METRO",2024-12-04,2024-12-11,7,McVitie's Digestives Plain or Chocolate Biscuits 266g-355g,2.75,5.5,2.75,50.0,half_price,266g; 355g,,SAVE‘2.75 | WASS5.50 | McVitie's Digestives Plain or | Chocolate Biscuits 266g-355g | On sale for 2 weeks | ES ees,93.5,False,,https://caau.syd1.cdn.digitaloceanspaces.com/wp-content/uploads/catalogue/coles/coles-catalogue-december-4-10-2024-vic-metro/7.jpg,https://www.catalogueau.com/coles/#catalogue=coles/coles-catalogue-december-4-10-2024-vic-metro/,save_was_arithmetic,displayed_price;save_was_arithmetic,2,verified
Coles,VIC METRO,"Coles Catalogue December 4 - 10, 2024 VIC METRO",2024-12-04,2024-12-11,7,Mars Funsize 132g-192g or Skittles Funsize 180g,3.0,6.0,3.0,50.0,half_price,132g; 192g; 180g,,SAVE%3 | WASS6 | Mars Funsize 132g-192g or | Skittles Funsize 180g | PF edish :,93.44,False,,https://caau.syd1.cdn.digitaloceanspaces.com/wp-content/uploads/catalogue/coles/coles-catalogue-december-4-10-2024-vic-metro/7.jpg,https://www.catalogueau.com/coles/#catalogue=coles/coles-catalogue-december-4-10-2024-vic-metro/,save_was_arithmetic,displayed_price;save_was_arithmetic,2,verified
Coles,VIC METRO,"Coles Catalogue December 4 - 10, 2024 VIC METRO",2024-12-04,2024-12-11,7,Lindt Excellence or Lindor Block Chocolate 80g-100g,3.25,6.5,3.25,50.0,half_price,80g; 100g,,SAVES3.25 | WAS$6.50 | Lindt Excellence or Lindor Block | Chocolate 80g-100g | Saas,93.43,False,,https://caau.syd1.cdn.digitaloceanspaces.com/wp-content/uploads/catalogue/coles/coles-catalogue-december-4-10-2024-vic-metro/7.jpg,https://www.catalogueau.com/coles/#catalogue=coles/coles-catalogue-december-4-10-2024-vic-metro/,save_was_arithmetic,displayed_price;save_was_arithmetic,2,verified
Coles,VIC METRO,"Coles Catalogue December 4 - 10, 2024 VIC METRO",2024-12-04,2024-12-11,7,Violet Crumble Choc Honeycomb 120g-150g,3.0,6.0,3.0,50.0,half_price,120g; 150g,,WASS6 | WASS6 | Violet Crumble Choc | Honeycomb 120g-150g,94.59,True,inferred_price_requires_review,https://caau.syd1.cdn.digitaloceanspaces.com/wp-content/uploads/catalogue/coles/coles-catalogue-december-4-10-2024-vic-metro/7.jpg,https://www.catalogueau.com/coles/#catalogue=coles/coles-catalogue-december-4-10-2024-vic-metro/,displayed_price,displayed_price;page_discount,1,review
Coles,VIC METRO,"Coles Catalogue December 4 - 10, 2024 VIC METRO",2024-12-04,2024-12-11,7,Peckish White Rice Crackers 90g,1.25,2.5,1.25,50.0,half_price,90g,$1.39 per 100g,SAVE 51.25 | WASS$2.50 | Peckish White Rice Crackers | 90g $1.39 per 100g | VIC-METRO-041 2-24-31 2065,96.04,False,,https://caau.syd1.cdn.digitaloceanspaces.com/wp-content/uploads/catalogue/coles/coles-catalogue-december-4-10-2024-vic-metro/7.jpg,https://www.catalogueau.com/coles/#catalogue=coles/coles-catalogue-december-4-10-2024-vic-metro/,save_was_arithmetic,displayed_price;save_was_arithmetic;unit_price,3,verified
Coles,VIC METRO,"Coles Catalogue December 4 - 10, 2024 VIC METRO",2024-12-04,2024-12-11,7,Natural Chip Co. Potato Chips 175g,2.5,5.0,2.5,50.0,half_price,175g,$1.43 per 100g,SAVE 2.50 | Natural Chip Co. Potato Chips | 175g $1.43 per 100g,96.42,True,single_price_evidence,https://caau.syd1.cdn.digitaloceanspaces.com/wp-content/uploads/catalogue/coles/coles-catalogue-december-4-10-2024-vic-metro/7.jpg,https://www.catalogueau.com/coles/#catalogue=coles/coles-catalogue-december-4-10-2024-vic-metro/,unit_price,unit_price,1,review
Coles,VIC METRO,"Coles Catalogue December 4 - 10, 2024 VIC METRO",2024-12-04,2024-12-11,7,Tyrrells Crisps 165g,3.25,6.5,3.25,50.0,half_price,165g,$1.97 per 100g,SAVES3.25 | WASS$6.50 | Tyrrells Crisps 165g | $1.97 per 100g,92.93,False,,https://caau.syd1.cdn.digitaloceanspaces.com/wp-content/uploads/catalogue/coles/coles-catalogue-december-4-10-2024-vic-metro/7.jpg,https://www.catalogueau.com/coles/#catalogue=coles/coles-catalogue-december-4-10-2024-vic-metro/,save_was_arithmetic,displayed_price;save_was_arithmetic;unit_price,3,verified
Coles,VIC METRO,"Coles Catalogue December 4 - 10, 2024 VIC METRO",2024-12-04,2024-12-11,8,Darrell Lea Soft Centres 255g or Rocklea Road 290g,8.0,16.0,8.0,50.0,half_price,255g; 290g,,SAVES8 | WASS16 | Darrell Lea Soft Centres 255g | or Rocklea Road 290g,95.43,False,,https://caau.syd1.cdn.digitaloceanspaces.com/wp-content/uploads/catalogue/coles/coles-catalogue-december-4-10-2024-vic-metro/8.jpg,https://www.catalogueau.com/coles/#catalogue=coles/coles-catalogue-december-4-10-2024-vic-metro/,save_was_arithmetic,displayed_price;save_was_arithmetic,2,verified
Coles,VIC METRO,"Coles Catalogue December 4 - 10, 2024 VIC METRO",2024-12-04,2024-12-11,8,Cadbury Favourites 336g-340g 2nd week,8.0,16.0,8.0,50.0,half_price,336g; 340g,,SAVES8. | WASS16 | Cadbury Favourites 336g-340g | 2nd week on sale | e,94.65,False,,https://caau.syd1.cdn.digitaloceanspaces.com/wp-content/uploads/catalogue/coles/coles-catalogue-december-4-10-2024-vic-metro/8.jpg,https://www.catalogueau.com/coles/#catalogue=coles/coles-catalogue-december-4-10-2024-vic-metro/,save_was_arithmetic,displayed_price;save_was_arithmetic,2,verified
Coles,VIC METRO,"Coles Catalogue December 4 - 10, 2024 VIC METRO",2024-12-04,2024-12-11,8,Toblerone 360g,8.0,116.0,108.0,93.1,save_amount,360g,$2.22 per 100g,SAVES8 | WASSI16 | Toblerone 360g | $2.22 per 100g,96.06,False,,https://caau.syd1.cdn.digitaloceanspaces.com/wp-content/uploads/catalogue/coles/coles-catalogue-december-4-10-2024-vic-metro/8.jpg,https://www.catalogueau.com/coles/#catalogue=coles/coles-catalogue-december-4-10-2024-vic-metro/,displayed_price,displayed_price;unit_price,2,verified
Coles,VIC METRO,"Coles Catalogue December 4 - 10, 2024 VIC METRO",2024-12-04,2024-12-11,8,Cadbury Roses 420g,9.0,18.0,9.0,50.0,half_price,420g,$2.14 per 100g,SAVE'9 | WASS18 | Cadbury Roses 420g | $2.14 per 100g,96.56,False,,https://caau.syd1.cdn.digitaloceanspaces.com/wp-content/uploads/catalogue/coles/coles-catalogue-december-4-10-2024-vic-metro/8.jpg,https://www.catalogueau.com/coles/#catalogue=coles/coles-catalogue-december-4-10-2024-vic-metro/,save_was_arithmetic,displayed_price;save_was_arithmetic;unit_price,3,verified
Coles,VIC METRO,"Coles Catalogue December 4 - 10, 2024 VIC METRO",2024-12-04,2024-12-11,8,Ferrero Raffaello Gift Box 26 Pack 260g,9.0,18.0,9.0,50.0,half_price,26 Pack; 260g,$3.46 per 100g,SAVE‘9 | WASS18 | Ferrero Raffaello Gift Box | 26 Pack 260g $3.46 per 100g,96.37,False,,https://caau.syd1.cdn.digitaloceanspaces.com/wp-content/uploads/catalogue/coles/coles-catalogue-december-4-10-2024-vic-metro/8.jpg,https://www.catalogueau.com/coles/#catalogue=coles/coles-catalogue-december-4-10-2024-vic-metro/,save_was_arithmetic,save_was_arithmetic;unit_price,2,verified
Coles,VIC METRO,"Coles Catalogue December 4 - 10, 2024 VIC METRO",2024-12-04,2024-12-11,8,Guylian Chocolate Seashells 250g,12.0,24.0,12.0,50.0,half_price,250g,$4.80 per 100g,SAVES12 | WASS24 | Guylian Chocolate Seashells | 250g $4.80 per 100g,95.58,False,,https://caau.syd1.cdn.digitaloceanspaces.com/wp-content/uploads/catalogue/coles/coles-catalogue-december-4-10-2024-vic-metro/8.jpg,https://www.catalogueau.com/coles/#catalogue=coles/coles-catalogue-december-4-10-2024-vic-metro/,save_was_arithmetic,displayed_price;save_was_arithmetic;unit_price,3,verified
Coles,VIC METRO,"Coles Catalogue December 4 - 10, 2024 VIC METRO",2024-12-04,2024-12-11,8,Lindt Cornet 327g-333g VIC-METRO-041 2-24-31 2065,13.0,26.0,13.0,50.0,half_price,327g; 333g,,SAVES13 | ‘WAS§26 | Lindt Cornet 327g-333g | VIC-METRO-041 2-24-31 2065,79.0,True,low_name_confidence_strict,https://caau.syd1.cdn.digitaloceanspaces.com/wp-content/uploads/catalogue/coles/coles-catalogue-december-4-10-2024-vic-metro/8.jpg,https://www.catalogueau.com/coles/#catalogue=coles/coles-catalogue-december-4-10-2024-vic-metro/,save_was_arithmetic,displayed_price;save_was_arithmetic,2,review
Coles,VIC METRO,"Coles Catalogue December 4 - 10, 2024 VIC METRO",2024-12-04,2024-12-11,8,Cadbury Roses Tin 600g,17.0,34.0,17.0,50.0,half_price,600g,$2.83 per 100g,SAVES17 | ‘WAS§34 | Cadbury Roses Tin 600g | $2.83 per 100g,96.28,False,,https://caau.syd1.cdn.digitaloceanspaces.com/wp-content/uploads/catalogue/coles/coles-catalogue-december-4-10-2024-vic-metro/8.jpg,https://www.catalogueau.com/coles/#catalogue=coles/coles-catalogue-december-4-10-2024-vic-metro/,save_was_arithmetic,displayed_price;save_was_arithmetic;unit_price,3,verified
Coles,VIC METRO,"Coles Catalogue December 4 - 10, 2024 VIC METRO",2024-12-04,2024-12-11,8,Lindt Lindor Limited Edition Round Tin 396g,19.0,38.0,19.0,50.0,half_price,396g,$4.80 per 100g,SAVES19 | WAS$38 | Lindt Lindor Limited Edition | Round Tin 396g $4.80 per 100g. | While stocks last. No rainchecks,95.67,False,,https://caau.syd1.cdn.digitaloceanspaces.com/wp-content/uploads/catalogue/coles/coles-catalogue-december-4-10-2024-vic-metro/8.jpg,https://www.catalogueau.com/coles/#catalogue=coles/coles-catalogue-december-4-10-2024-vic-metro/,save_was_arithmetic,displayed_price;save_was_arithmetic;unit_price,3,verified
Coles,VIC METRO,"Coles Catalogue December 4 - 10, 2024 VIC METRO",2024-12-04,2024-12-11,9,Jindi Brie or Camembert Cheese 125g,4.0,5.5,1.5,27.27,save_amount,125g,$32.00 per kg,WASS5.50 | WASS5.50 | Jindi Brie or Camembert | Cheese 125g $32.00 per kg | ___—_4,96.04,False,,https://caau.syd1.cdn.digitaloceanspaces.com/wp-content/uploads/catalogue/coles/coles-catalogue-december-4-10-2024-vic-metro/9.jpg,https://www.catalogueau.com/coles/#catalogue=coles/coles-catalogue-december-4-10-2024-vic-metro/,displayed_price,displayed_price;unit_price,2,verified
Coles,VIC METRO,"Coles Catalogue December 4 - 10, 2024 VIC METRO",2024-12-04,2024-12-11,9,Mersey Valley Cheese 235g,6.9,9.9,3.0,30.3,save_amount,235g,$29.36 per kg,WASS9.90 | WASS9.90 | Mersey Valley Cheese 235g | $29.36 per kg | Se x | 10. | PR,96.2,False,,https://caau.syd1.cdn.digitaloceanspaces.com/wp-content/uploads/catalogue/coles/coles-catalogue-december-4-10-2024-vic-metro/9.jpg,https://www.catalogueau.com/coles/#catalogue=coles/coles-catalogue-december-4-10-2024-vic-metro/,displayed_price,displayed_price;unit_price,2,verified
Coles,VIC METRO,"Coles Catalogue December 4 - 10, 2024 VIC METRO",2024-12-04,2024-12-11,9,Castello Creamy Blue 300g,12.0,14.5,2.5,17.24,save_amount,300g,$40.00 per kg,‘WASS14.50 | ‘WASS14.50 | Castello Creamy Blue 300g | $40.00 per kg | Diinest | 10.,95.53,False,,https://caau.syd1.cdn.digitaloceanspaces.com/wp-content/uploads/catalogue/coles/coles-catalogue-december-4-10-2024-vic-metro/9.jpg,https://www.catalogueau.com/coles/#catalogue=coles/coles-catalogue-december-4-10-2024-vic-metro/,displayed_price,displayed_price;unit_price,2,verified
Coles,VIC METRO,"Coles Catalogue December 4 - 10, 2024 VIC METRO",2024-12-04,2024-12-11,9,OB Finest Quince Paste 100;,955.5,,,,special,,$5.50 per 100g,OB Finest Quince Paste 100; | $5.50 per 100g. Selected stores only*,94.86,True,offer_labels_missing;save_amount_missing;regular_price_missing;single_price_evidence,https://caau.syd1.cdn.digitaloceanspaces.com/wp-content/uploads/catalogue/coles/coles-catalogue-december-4-10-2024-vic-metro/9.jpg,https://www.catalogueau.com/coles/#catalogue=coles/coles-catalogue-december-4-10-2024-vic-metro/,displayed_price,displayed_price,1,review
Coles,VIC METRO,"Coles Catalogue December 4 - 10, 2024 VIC METRO",2024-12-04,2024-12-11,9,Primo Sliced Meat 80g-100g VIC-METRO-041 2-24-31 2065,567.0,,,,special,80g; 100g,,Primo Sliced Meat 80g-100g | VIC-METRO-041 2-24-31 2065,88.78,True,offer_labels_missing;save_amount_missing;regular_price_missing;single_price_evidence,https://caau.syd1.cdn.digitaloceanspaces.com/wp-content/uploads/catalogue/coles/coles-catalogue-december-4-10-2024-vic-metro/9.jpg,https://www.catalogueau.com/coles/#catalogue=coles/coles-catalogue-december-4-10-2024-vic-metro/,displayed_price,displayed_price,1,review
Coles,VIC METRO,"Coles Catalogue December 4 - 10, 2024 VIC METRO",2024-12-04,2024-12-11,9,Provedore Prosciutto 100g,13.0,,,,special,100g,$65.00 per kg,Provedore Prosciutto 100g | $65.00 per kg | *For locations of Deli counter stores visit coles.com.au/range-availability,94.14,True,offer_labels_missing;save_amount_missing;regular_price_missing;unit_price_conflict;single_price_evidence,https://caau.syd1.cdn.digitaloceanspaces.com/wp-content/uploads/catalogue/coles/coles-catalogue-december-4-10-2024-vic-metro/9.jpg,https://www.catalogueau.com/coles/#catalogue=coles/coles-catalogue-december-4-10-2024-vic-metro/,displayed_price,displayed_price,1,review
Coles,VIC METRO,"Coles Catalogue December 4 - 10, 2024 VIC METRO",2024-12-04,2024-12-11,10,Always Fresh Grissini or Crustini Crackers 120g-125g,3.5,4.5,1.0,22.22,save_amount,120g; 125g,,WASS4.50 | WASS4.50 | Always Fresh Grissini or Crustini | Crackers 120g-125g | tassal,79.0,True,low_name_confidence_strict;single_price_evidence,https://caau.syd1.cdn.digitaloceanspaces.com/wp-content/uploads/catalogue/coles/coles-catalogue-december-4-10-2024-vic-metro/10.jpg,https://www.catalogueau.com/coles/#catalogue=coles/coles-catalogue-december-4-10-2024-vic-metro/,displayed_price,displayed_price,1,review
Coles,VIC METRO,"Coles Catalogue December 4 - 10, 2024 VIC METRO",2024-12-04,2024-12-11,10,Black Swan Crafted Dip 170g,3.8,4.6,0.8,17.39,save_amount,170g,$2.24 per 100g,WASS4.60 | WASS4.60 | Black Swan Crafted Dip 170g | $2.24 per 100g,96.33,False,,https://caau.syd1.cdn.digitaloceanspaces.com/wp-content/uploads/catalogue/coles/coles-catalogue-december-4-10-2024-vic-metro/10.jpg,https://www.catalogueau.com/coles/#catalogue=coles/coles-catalogue-december-4-10-2024-vic-metro/,displayed_price,displayed_price;unit_price,2,verified
Coles,VIC METRO,"Coles Catalogue December 4 - 10, 2024 VIC METRO",2024-12-04,2024-12-11,10,Tassal Smoked Salmon 250g,16.0,21.0,5.0,23.81,save_amount,250g,$64.00 per kg,WAS$21 | WAS$21 | Tassal Smoked Salmon 250g | $64.00 per kg. On sale for 2 weeks | VIC-METRO-041 2-24-31 2065,95.23,False,,https://caau.syd1.cdn.digitaloceanspaces.com/wp-content/uploads/catalogue/coles/coles-catalogue-december-4-10-2024-vic-metro/10.jpg,https://www.catalogueau.com/coles/#catalogue=coles/coles-catalogue-december-4-10-2024-vic-metro/,displayed_price,displayed_price;unit_price,2,verified
Coles,VIC METRO,"Coles Catalogue December 4 - 10, 2024 VIC METRO",2024-12-04,2024-12-11,10,Coles Seafood Salad Selected stores only*,17.0,20.0,3.0,15.0,save_amount,,,WASS20ia | WASS20ia | Coles Seafood Salad | Selected stores only* | *For locations of Deli counter stores visit coles.com.au/range-availability,95.31,True,single_price_evidence,https://caau.syd1.cdn.digitaloceanspaces.com/wp-content/uploads/catalogue/coles/coles-catalogue-december-4-10-2024-vic-metro/10.jpg,https://www.catalogueau.com/coles/#catalogue=coles/coles-catalogue-december-4-10-2024-vic-metro/,displayed_price,displayed_price,1,review
Coles,VIC METRO,"Coles Catalogue December 4 - 10, 2024 VIC METRO",2024-12-04,2024-12-11,10,Obela Garnished Dip 220g or Red Rock Deli Dip 135g,8.0,,,,special,220g; 135g,,Obela Garnished Dip 220g | or Red Rock Deli Dip 135g | On sale for 2 weeks | =,94.75,True,offer_labels_missing;save_amount_missing;regular_price_missing;inferred_price_requires_review,https://caau.syd1.cdn.digitaloceanspaces.com/wp-content/uploads/catalogue/coles/coles-catalogue-december-4-10-2024-vic-metro/10.jpg,https://www.catalogueau.com/coles/#catalogue=coles/coles-catalogue-december-4-10-2024-vic-metro/,displayed_price,displayed_price;grid_inference,1,review
Coles,VIC METRO,"Coles Catalogue December 4 - 10, 2024 VIC METRO",2024-12-04,2024-12-11,10,Coles Cooked Prawns with Cocktail Sauce 260g,11.0,,,,special,260g,$42.31 per kg,Coles Cooked Prawns with | Cocktail Sauce 260g $42.31 per kg. | From the Meat department,96.11,True,offer_labels_missing;save_amount_missing;regular_price_missing;inferred_price_requires_review,https://caau.syd1.cdn.digitaloceanspaces.com/wp-content/uploads/catalogue/coles/coles-catalogue-december-4-10-2024-vic-metro/10.jpg,https://www.catalogueau.com/coles/#catalogue=coles/coles-catalogue-december-4-10-2024-vic-metro/,unit_price,grid_inference;unit_price,1,review
Coles,VIC METRO,"Coles Catalogue December 4 - 10, 2024 VIC METRO",2024-12-04,2024-12-11,11,Coles Australian No Added Hormones Beef Slow Cook,13.0,16.5,3.5,21.21,save_amount,,,WASS 16.5 | WASS 16.5 | Coles Australian No Added | Hormones Beef Slow Cook | Short Ribs,96.19,True,single_price_evidence,https://caau.syd1.cdn.digitaloceanspaces.com/wp-content/uploads/catalogue/coles/coles-catalogue-december-4-10-2024-vic-metro/11.jpg,https://www.catalogueau.com/coles/#catalogue=coles/coles-catalogue-december-4-10-2024-vic-metro/,displayed_price,displayed_price,1,review
Coles,VIC METRO,"Coles Catalogue December 4 - 10, 2024 VIC METRO",2024-12-04,2024-12-11,11,Coles Australian Pork BBQ Ribs EEF,17.0,20.0,3.0,15.0,save_amount,,,‘WAS§20s5 | ‘WAS§20s5 | Coles Australian Pork BBQ Ribs | EEF,73.96,True,low_name_confidence_strict;single_price_evidence,https://caau.syd1.cdn.digitaloceanspaces.com/wp-content/uploads/catalogue/coles/coles-catalogue-december-4-10-2024-vic-metro/11.jpg,https://www.catalogueau.com/coles/#catalogue=coles/coles-catalogue-december-4-10-2024-vic-metro/,displayed_price,displayed_price,1,review
Coles,VIC METRO,"Coles Catalogue December 4 - 10, 2024 VIC METRO",2024-12-04,2024-12-11,11,Coles RSPCA Approved Chicken Portions with BBQ Rub,7.0,,,,special,,,Coles RSPCA Approved Chicken | Portions with BBQ Rub,79.0,True,offer_labels_missing;save_amount_missing;regular_price_missing;low_name_confidence_strict;inferred_price_requires_review,https://caau.syd1.cdn.digitaloceanspaces.com/wp-content/uploads/catalogue/coles/coles-catalogue-december-4-10-2024-vic-metro/11.jpg,https://www.catalogueau.com/coles/#catalogue=coles/coles-catalogue-december-4-10-2024-vic-metro/,displayed_price,displayed_price;grid_inference,1,review
Coles,VIC METRO,"Coles Catalogue December 4 - 10, 2024 VIC METRO",2024-12-04,2024-12-11,11,SLOW COOK SHORT RIBS,7.0,,,,special,,,— | rs | SLOW COOK | SHORT RIBS | 7,79.0,True,offer_labels_missing;save_amount_missing;regular_price_missing;low_name_confidence_strict;single_price_evidence,https://caau.syd1.cdn.digitaloceanspaces.com/wp-content/uploads/catalogue/coles/coles-catalogue-december-4-10-2024-vic-metro/11.jpg,https://www.catalogueau.com/coles/#catalogue=coles/coles-catalogue-december-4-10-2024-vic-metro/,displayed_price,displayed_price,1,review
Coles,VIC METRO,"Coles Catalogue December 4 - 10, 2024 VIC METRO",2024-12-04,2024-12-11,11,Coles RSPCA Approved Chicken Kebabs Honey & Soy 375g,7.0,,,,special,375g,$18.67 per kg,Coles RSPCA Approved Chicken | Kebabs Honey & Soy 375g | $18.67 per kg,96.09,False,,https://caau.syd1.cdn.digitaloceanspaces.com/wp-content/uploads/catalogue/coles/coles-catalogue-december-4-10-2024-vic-metro/11.jpg,https://www.catalogueau.com/coles/#catalogue=coles/coles-catalogue-december-4-10-2024-vic-metro/,displayed_price,displayed_price;unit_price,2,verified
Coles,VIC METRO,"Coles Catalogue December 4 - 10, 2024 VIC METRO",2024-12-04,2024-12-11,11,Coles Classic Burgers 400g-500g 2nd week,15.0,,,,special,400g; 500g,,Coles Classic Burgers 400g-500g | 2nd week on sale | VIC-METRO-041 2-24-31 2065,95.37,True,offer_labels_missing;save_amount_missing;regular_price_missing;single_price_evidence,https://caau.syd1.cdn.digitaloceanspaces.com/wp-content/uploads/catalogue/coles/coles-catalogue-december-4-10-2024-vic-metro/11.jpg,https://www.catalogueau.com/coles/#catalogue=coles/coles-catalogue-december-4-10-2024-vic-metro/,displayed_price,displayed_price,1,review
Coles,VIC METRO,"Coles Catalogue December 4 - 10, 2024 VIC METRO",2024-12-04,2024-12-11,11,Coles Sausages 550g,10.0,,,,special,550g,$9.09 per kg,Coles Sausages 550g | $9.09 per kg,96.51,True,offer_labels_missing;save_amount_missing;regular_price_missing;unit_price_conflict;single_price_evidence,https://caau.syd1.cdn.digitaloceanspaces.com/wp-content/uploads/catalogue/coles/coles-catalogue-december-4-10-2024-vic-metro/11.jpg,https://www.catalogueau.com/coles/#catalogue=coles/coles-catalogue-december-4-10-2024-vic-metro/,displayed_price,displayed_price,1,review
Coles,VIC METRO,"Coles Catalogue December 4 - 10, 2024 VIC METRO",2024-12-04,2024-12-11,13,Lilydale Free Range Whole Chicken,7.0,50.0,43.0,86.0,save_amount,,,"WASSE.50i5, | WASSE.50i5, | Lilydale Free Range Whole Chicken",96.4,True,single_price_evidence,https://caau.syd1.cdn.digitaloceanspaces.com/wp-content/uploads/catalogue/coles/coles-catalogue-december-4-10-2024-vic-metro/13.jpg,https://www.catalogueau.com/coles/#catalogue=coles/coles-catalogue-december-4-10-2024-vic-metro/,displayed_price,displayed_price,1,review
Coles,VIC METRO,"Coles Catalogue December 4 - 10, 2024 VIC METRO",2024-12-04,2024-12-11,13,Tibaldi Ham off the Bone 500g,13.0,14.5,1.5,10.34,save_amount,500g,$26.00 per kg,WASS14.50 | WASS14.50 | Tibaldi Ham off the Bone 500g | $26.00 per kg. While stocks last. | No rainchecks | VIC-METRO-041 2-24-31 2065,95.38,False,,https://caau.syd1.cdn.digitaloceanspaces.com/wp-content/uploads/catalogue/coles/coles-catalogue-december-4-10-2024-vic-metro/13.jpg,https://www.catalogueau.com/coles/#catalogue=coles/coles-catalogue-december-4-10-2024-vic-metro/,displayed_price,displayed_price;unit_price,2,verified
Coles,VIC METRO,"Coles Catalogue December 4 - 10, 2024 VIC METRO",2024-12-04,2024-12-11,13,Coles Beechwood Smoked Half Leg Ham From the Meat department,3.0,,,,special,,,Coles Beechwood Smoked Half Leg | Ham From the Meat department. | While stocks last. No rainchecks,96.08,True,offer_labels_missing;save_amount_missing;regular_price_missing;single_price_evidence,https://caau.syd1.cdn.digitaloceanspaces.com/wp-content/uploads/catalogue/coles/coles-catalogue-december-4-10-2024-vic-metro/13.jpg,https://www.catalogueau.com/coles/#catalogue=coles/coles-catalogue-december-4-10-2024-vic-metro/,displayed_price,displayed_price,1,review
Coles,VIC METRO,"Coles Catalogue December 4 - 10, 2024 VIC METRO",2024-12-04,2024-12-11,13,Bertocchi Brothers Half Leg Ham From the Meat department,13.0,,,,special,,,Bertocchi Brothers Half Leg Ham | From the Meat department. | While stocks last. No rainchecks,95.61,True,offer_labels_missing;save_amount_missing;regular_price_missing;single_price_evidence,https://caau.syd1.cdn.digitaloceanspaces.com/wp-content/uploads/catalogue/coles/coles-catalogue-december-4-10-2024-vic-metro/13.jpg,https://www.catalogueau.com/coles/#catalogue=coles/coles-catalogue-december-4-10-2024-vic-metro/,displayed_price,displayed_price,1,review
Coles,VIC METRO,"Coles Catalogue December 4 - 10, 2024 VIC METRO",2024-12-04,2024-12-11,13,Gravox Liquid Gravy or Finishing Sauce 165g,5.0,,,,special,165g,$1.52 per 100g,Gravox Liquid Gravy or | Finishing Sauce 165g | $1.52 per 100g | $1.52,95.85,True,offer_labels_missing;save_amount_missing;regular_price_missing;unit_price_conflict;single_price_evidence,https://caau.syd1.cdn.digitaloceanspaces.com/wp-content/uploads/catalogue/coles/coles-catalogue-december-4-10-2024-vic-metro/13.jpg,https://www.catalogueau.com/coles/#catalogue=coles/coles-catalogue-december-4-10-2024-vic-metro/,displayed_price,displayed_price,1,review
Coles,VIC METRO,"Coles Catalogue December 4 - 10, 2024 VIC METRO",2024-12-04,2024-12-11,14,Coles Tasmanian Fresh Salmon Portions Skin On Selected stores only*. 2nd week,34.0,42.0,8.0,19.05,save_amount,,,"WASS42, | WASS42, | Coles Tasmanian Fresh Salmon Portions Skin On | Selected stores only*. 2nd week on sale. | Product sold uncooked | So",95.62,True,single_price_evidence,https://caau.syd1.cdn.digitaloceanspaces.com/wp-content/uploads/catalogue/coles/coles-catalogue-december-4-10-2024-vic-metro/14.jpg,https://www.catalogueau.com/coles/#catalogue=coles/coles-catalogue-december-4-10-2024-vic-metro/,displayed_price,displayed_price,1,review
Coles,VIC METRO,"Coles Catalogue December 4 - 10, 2024 VIC METRO",2024-12-04,2024-12-11,14,Coles Thawed Cooked Prawn Cutlets Selected stores only*,29.0,34.0,5.0,14.71,save_amount,,,"WAS$34, | WAS$34, | Coles Thawed Cooked Prawn Cutlets | Selected stores only* | ATTN Ph, | ane",94.7,True,single_price_evidence,https://caau.syd1.cdn.digitaloceanspaces.com/wp-content/uploads/catalogue/coles/coles-catalogue-december-4-10-2024-vic-metro/14.jpg,https://www.catalogueau.com/coles/#catalogue=coles/coles-catalogue-december-4-10-2024-vic-metro/,displayed_price,displayed_price,1,review
Coles,VIC METRO,"Coles Catalogue December 4 - 10, 2024 VIC METRO",2024-12-04,2024-12-11,14,Seabounty Fresh Blue Mussels 1kg,8.0,11.0,3.0,27.27,save_amount,1kg,$8.00 per kg,WASS11 | WASS11 | Seabounty Fresh Blue Mussels 1kg | $8.00 per kg. Selected stores only* | VIC-METRO-041 2-24-31 2065,93.9,False,,https://caau.syd1.cdn.digitaloceanspaces.com/wp-content/uploads/catalogue/coles/coles-catalogue-december-4-10-2024-vic-metro/14.jpg,https://www.catalogueau.com/coles/#catalogue=coles/coles-catalogue-december-4-10-2024-vic-metro/,displayed_price,displayed_price;unit_price,2,verified
Coles,VIC METRO,"Coles Catalogue December 4 - 10, 2024 VIC METRO",2024-12-04,2024-12-11,14,Coles Thawed Raw Half Shell Scallop Selected stores only*,1.25,2.0,0.75,37.5,save_amount,,,Coles Thawed Raw Half Shell | Scallop Selected stores only*. | On sale for 2 weeks | *For locations of Deli counter stores visit coles.com.au/range-availability,93.82,True,offer_labels_missing;single_price_evidence,https://caau.syd1.cdn.digitaloceanspaces.com/wp-content/uploads/catalogue/coles/coles-catalogue-december-4-10-2024-vic-metro/14.jpg,https://www.catalogueau.com/coles/#catalogue=coles/coles-catalogue-december-4-10-2024-vic-metro/,unknown,,0,review
Coles,VIC METRO,"Coles Catalogue December 4 - 10, 2024 VIC METRO",2024-12-04,2024-12-11,14,Ocean Blue Double Smoked Salmon 100g,7.0,9.0,2.0,22.22,save_amount,100g,$70.00 per kg,WASS9 | WASS9 | Ocean Blue Double Smoked | Salmon 100g $70.00 per kg,96.07,False,,https://caau.syd1.cdn.digitaloceanspaces.com/wp-content/uploads/catalogue/coles/coles-catalogue-december-4-10-2024-vic-metro/14.jpg,https://www.catalogueau.com/coles/#catalogue=coles/coles-catalogue-december-4-10-2024-vic-metro/,displayed_price,displayed_price;unit_price,2,verified
Coles,VIC METRO,"Coles Catalogue December 4 - 10, 2024 VIC METRO",2024-12-04,2024-12-11,15,Coles Made Easy Slow Cooked Pork Shoulder 480g,11.0,12.0,1.0,8.33,save_amount,480g,$22.92 per kg,WASS12 | WASS12 | Coles Made Easy Slow Cooked | Pork Shoulder 480g $22.92 per kg | easy,96.37,False,,https://caau.syd1.cdn.digitaloceanspaces.com/wp-content/uploads/catalogue/coles/coles-catalogue-december-4-10-2024-vic-metro/15.jpg,https://www.catalogueau.com/coles/#catalogue=coles/coles-catalogue-december-4-10-2024-vic-metro/,displayed_price,displayed_price;unit_price,2,verified
Coles,VIC METRO,"Coles Catalogue December 4 - 10, 2024 VIC METRO",2024-12-04,2024-12-11,15,Coles Made Easy Slow Cooked Pork Belly Bites in BBQ Honey 500g,12.0,14.0,2.0,14.29,save_amount,500g,$24.00 per kg,WASS14 | WASS14 | Coles Made Easy Slow Cooked | Pork Belly Bites in BBQ Honey | 500g $24.00 per kg | asy”,96.44,False,,https://caau.syd1.cdn.digitaloceanspaces.com/wp-content/uploads/catalogue/coles/coles-catalogue-december-4-10-2024-vic-metro/15.jpg,https://www.catalogueau.com/coles/#catalogue=coles/coles-catalogue-december-4-10-2024-vic-metro/,displayed_price,displayed_price;unit_price,2,verified
Coles,VIC METRO,"Coles Catalogue December 4 - 10, 2024 VIC METRO",2024-12-04,2024-12-11,15,Coles Made Easy Slow Cooked Pork Ribs in BBQ Sauce 650g,12.5,14.0,1.5,10.71,save_amount,650g,$19.23 per kg,WASS14 | WASS14 | Coles Made Easy Slow Cooked | Pork Ribs in BBQ Sauce 650g | $19.23 per kg | cotttore,96.28,True,single_price_evidence,https://caau.syd1.cdn.digitaloceanspaces.com/wp-content/uploads/catalogue/coles/coles-catalogue-december-4-10-2024-vic-metro/15.jpg,https://www.catalogueau.com/coles/#catalogue=coles/coles-catalogue-december-4-10-2024-vic-metro/,unit_price,unit_price,1,review
Coles,VIC METRO,"Coles Catalogue December 4 - 10, 2024 VIC METRO",2024-12-04,2024-12-11,15,Coles Made Easy Slow Cooked Beef Crusted in Garlic 700g,14.0,16.0,2.0,12.5,save_amount,700g,$20.00 per kg,WASS16 | WASS16 | Coles Made Easy Slow Cooked | Beef Crusted in Garlic 700g | $20.00 per kg,96.54,False,,https://caau.syd1.cdn.digitaloceanspaces.com/wp-content/uploads/catalogue/coles/coles-catalogue-december-4-10-2024-vic-metro/15.jpg,https://www.catalogueau.com/coles/#catalogue=coles/coles-catalogue-december-4-10-2024-vic-metro/,displayed_price,displayed_price;unit_price,2,verified
Coles,VIC METRO,"Coles Catalogue December 4 - 10, 2024 VIC METRO",2024-12-04,2024-12-11,15,easy” asy,4.0,,,,special,,,we | Ps | easy” | asy,77.24,True,offer_labels_missing;save_amount_missing;regular_price_missing;low_name_confidence_strict;single_price_evidence,https://caau.syd1.cdn.digitaloceanspaces.com/wp-content/uploads/catalogue/coles/coles-catalogue-december-4-10-2024-vic-metro/15.jpg,https://www.catalogueau.com/coles/#catalogue=coles/coles-catalogue-december-4-10-2024-vic-metro/,displayed_price,displayed_price,1,review
Coles,VIC METRO,"Coles Catalogue December 4 - 10, 2024 VIC METRO",2024-12-04,2024-12-11,15,Coles Made Easy Slow Cooked Lamb Shoulder 550g,12.0,,,,special,550g,$21.82 per kg,Coles Made Easy Slow Cooked | Lamb Shoulder 550g $21.82 per kg | VIC-METRO-041 2-24-31 2065,96.26,False,,https://caau.syd1.cdn.digitaloceanspaces.com/wp-content/uploads/catalogue/coles/coles-catalogue-december-4-10-2024-vic-metro/15.jpg,https://www.catalogueau.com/coles/#catalogue=coles/coles-catalogue-december-4-10-2024-vic-metro/,displayed_price,displayed_price;unit_price,2,verified
Coles,VIC METRO,"Coles Catalogue December 4 - 10, 2024 VIC METRO",2024-12-04,2024-12-11,15,Coles Made Easy Pork Sausage Rolls with Caramelised Onion 550g,15.0,,,,special,550g,$13.64 per kg,Coles Made Easy Pork Sausage | Rolls with Caramelised Onion | 550g $13.64 per kg,95.53,True,offer_labels_missing;save_amount_missing;regular_price_missing;unit_price_conflict;single_price_evidence,https://caau.syd1.cdn.digitaloceanspaces.com/wp-content/uploads/catalogue/coles/coles-catalogue-december-4-10-2024-vic-metro/15.jpg,https://www.catalogueau.com/coles/#catalogue=coles/coles-catalogue-december-4-10-2024-vic-metro/,displayed_price,displayed_price,1,review
Coles,VIC METRO,"Coles Catalogue December 4 - 10, 2024 VIC METRO",2024-12-04,2024-12-11,16,"Coles Finest Lime, Berry & Coconut Layered Sorbet Tree 345g",20.01,,,,special,345g,$5.80 per 100g,"Coles Finest Lime, Berry & Coconut Layered | Sorbet Tree 345g $5.80 per 100g | VIC-METRO-041 2-24-31 2065",79.0,True,low_name_confidence_strict;single_price_evidence,https://caau.syd1.cdn.digitaloceanspaces.com/wp-content/uploads/catalogue/coles/coles-catalogue-december-4-10-2024-vic-metro/16.jpg,https://www.catalogueau.com/coles/#catalogue=coles/coles-catalogue-december-4-10-2024-vic-metro/,unit_price,unit_price,1,review
Coles,VIC METRO,"Coles Catalogue December 4 - 10, 2024 VIC METRO",2024-12-04,2024-12-11,17,Coles Christmas Reindeer Bao Buns 240g,7.0,,,,special,240g,$2.92 per 100g,Coles Christmas Reindeer Bao | Buns 240g $2.92 per 100g | Ff | e,96.38,False,,https://caau.syd1.cdn.digitaloceanspaces.com/wp-content/uploads/catalogue/coles/coles-catalogue-december-4-10-2024-vic-metro/17.jpg,https://www.catalogueau.com/coles/#catalogue=coles/coles-catalogue-december-4-10-2024-vic-metro/,displayed_price,displayed_price;unit_price,2,verified
Coles,VIC METRO,"Coles Catalogue December 4 - 10, 2024 VIC METRO",2024-12-04,2024-12-11,17,Coles Christmas Tree Pops Vanilla 4 Pack 360mL,6.0,,,,special,4 Pack; 360mL,$1.67 per 100mL,Coles Christmas Tree Pops Vanilla | 4 Pack 360mL $1.67 per 100mL,94.14,False,,https://caau.syd1.cdn.digitaloceanspaces.com/wp-content/uploads/catalogue/coles/coles-catalogue-december-4-10-2024-vic-metro/17.jpg,https://www.catalogueau.com/coles/#catalogue=coles/coles-catalogue-december-4-10-2024-vic-metro/,displayed_price,displayed_price;unit_price,2,verified
Coles,VIC METRO,"Coles Catalogue December 4 - 10, 2024 VIC METRO",2024-12-04,2024-12-11,17,Coles Finest Rosemary Parmentier Potatoes 500g,4.5,,,,special,500g,$9.00 per kg,Coles Finest Rosemary Parmentier | Potatoes 500g $9.00 per kg | VIC-METRO-041 2-24-31 2065,96.07,False,,https://caau.syd1.cdn.digitaloceanspaces.com/wp-content/uploads/catalogue/coles/coles-catalogue-december-4-10-2024-vic-metro/17.jpg,https://www.catalogueau.com/coles/#catalogue=coles/coles-catalogue-december-4-10-2024-vic-metro/,displayed_price,displayed_price;unit_price,2,verified
Coles,VIC METRO,"Coles Catalogue December 4 - 10, 2024 VIC METRO",2024-12-04,2024-12-11,17,Steggles Frozen Whole Turkey 3.4kg,40.0,,,,special,3.4kg,$11.76 per kg,Steggles Frozen Whole Turkey | 3.4kg $11.76 per kg,94.36,False,,https://caau.syd1.cdn.digitaloceanspaces.com/wp-content/uploads/catalogue/coles/coles-catalogue-december-4-10-2024-vic-metro/17.jpg,https://www.catalogueau.com/coles/#catalogue=coles/coles-catalogue-december-4-10-2024-vic-metro/,displayed_price,displayed_price;unit_price,2,verified
Coles,VIC METRO,"Coles Catalogue December 4 - 10, 2024 VIC METRO",2024-12-04,2024-12-11,18,Coles Christmas Lattice Fruit Mince Pies 6 Pack 360g,4.5,,,,special,6 Pack; 360g,$1.25 per 100g,Coles Christmas Lattice Fruit | Mince Pies 6 Pack 360g | <] | $1.25 per 100g | . | Bye,79.0,True,low_name_confidence_strict;single_price_evidence,https://caau.syd1.cdn.digitaloceanspaces.com/wp-content/uploads/catalogue/coles/coles-catalogue-december-4-10-2024-vic-metro/18.jpg,https://www.catalogueau.com/coles/#catalogue=coles/coles-catalogue-december-4-10-2024-vic-metro/,unit_price,unit_price,1,review
Coles,VIC METRO,"Coles Catalogue December 4 - 10, 2024 VIC METRO",2024-12-04,2024-12-11,18,"Coles Christmas Toffee, Date & Ginger Pudding 500g",7.8,,,,special,500g,$1.56 per 100g,"Coles Christmas Toffee, Date | & Ginger Pudding 500g | $1.56 per 100g",96.11,True,single_price_evidence,https://caau.syd1.cdn.digitaloceanspaces.com/wp-content/uploads/catalogue/coles/coles-catalogue-december-4-10-2024-vic-metro/18.jpg,https://www.catalogueau.com/coles/#catalogue=coles/coles-catalogue-december-4-10-2024-vic-metro/,unit_price,unit_price,1,review
Coles,VIC METRO,"Coles Catalogue December 4 - 10, 2024 VIC METRO",2024-12-04,2024-12-11,18,Coles Christmas Mini Fruit Mince Pies 9 Pack 243g,8.5,,,,special,9 Pack; 243g,$3.50 per 100g,Coles Christmas Mini Fruit Mince | Pies 9 Pack 243g $3.50 per 100g,96.31,False,,https://caau.syd1.cdn.digitaloceanspaces.com/wp-content/uploads/catalogue/coles/coles-catalogue-december-4-10-2024-vic-metro/18.jpg,https://www.catalogueau.com/coles/#catalogue=coles/coles-catalogue-december-4-10-2024-vic-metro/,displayed_price,displayed_price;unit_price,2,verified
Coles,VIC METRO,"Coles Catalogue December 4 - 10, 2024 VIC METRO",2024-12-04,2024-12-11,18,Coles Christmas Candy Cane Flavoured Christmas Tree Meringues 4 Pack,9.0,,,,special,4 Pack,$2.25 per each,Coles Christmas Candy Cane | Flavoured Christmas Tree | Meringues 4 Pack | $2.25 per each | VIC-METRO-041 2-24-31 2065,95.36,False,,https://caau.syd1.cdn.digitaloceanspaces.com/wp-content/uploads/catalogue/coles/coles-catalogue-december-4-10-2024-vic-metro/18.jpg,https://www.catalogueau.com/coles/#catalogue=coles/coles-catalogue-december-4-10-2024-vic-metro/,displayed_price,displayed_price;unit_price,2,verified
Coles,VIC METRO,"Coles Catalogue December 4 - 10, 2024 VIC METRO",2024-12-04,2024-12-11,18,Baroni Fruit Panettone 900g,13.5,,,,special,900g,$1.50 per 100g,Baroni Fruit Panettone 900g | $1.50 per 100g,94.01,True,single_price_evidence,https://caau.syd1.cdn.digitaloceanspaces.com/wp-content/uploads/catalogue/coles/coles-catalogue-december-4-10-2024-vic-metro/18.jpg,https://www.catalogueau.com/coles/#catalogue=coles/coles-catalogue-december-4-10-2024-vic-metro/,unit_price,unit_price,1,review
Coles,VIC METRO,"Coles Catalogue December 4 - 10, 2024 VIC METRO",2024-12-04,2024-12-11,18,Coles Finest Sicilian Lemon Sponge Pudding 600g,16.5,,,,special,600g,,Coles Finest Sicilian Lemon | Sponge Pudding 600g $2.75 per | 100g. *See page 30 forT&Cs,96.37,True,offer_labels_missing;save_amount_missing;regular_price_missing;single_price_evidence,https://caau.syd1.cdn.digitaloceanspaces.com/wp-content/uploads/catalogue/coles/coles-catalogue-december-4-10-2024-vic-metro/18.jpg,https://www.catalogueau.com/coles/#catalogue=coles/coles-catalogue-december-4-10-2024-vic-metro/,displayed_price,displayed_price,1,review
Coles,VIC METRO,"Coles Catalogue December 4 - 10, 2024 VIC METRO",2024-12-04,2024-12-11,19,Fruit Medley Anga,1.85,9.0,7.15,79.44,save_amount,,$19.20 per kg,Fruit Medley | Anga | $19.20 per kg | 350g Sunbeam Australian Almond Meal,79.0,True,offer_labels_missing;low_name_confidence_strict;single_price_evidence,https://caau.syd1.cdn.digitaloceanspaces.com/wp-content/uploads/catalogue/coles/coles-catalogue-december-4-10-2024-vic-metro/19.jpg,https://www.catalogueau.com/coles/#catalogue=coles/coles-catalogue-december-4-10-2024-vic-metro/,unknown,,0,review
Coles,VIC METRO,"Coles Catalogue December 4 - 10, 2024 VIC METRO",2024-12-04,2024-12-11,19,Sunbeam Flaked Almonds 300g,8.5,12.0,3.5,29.17,save_amount,300g,$28.33 per kg,WASS12 | WASS12 | Sunbeam Flaked Almonds 300g | $28.33 per kg,96.52,True,single_price_evidence,https://caau.syd1.cdn.digitaloceanspaces.com/wp-content/uploads/catalogue/coles/coles-catalogue-december-4-10-2024-vic-metro/19.jpg,https://www.catalogueau.com/coles/#catalogue=coles/coles-catalogue-december-4-10-2024-vic-metro/,unit_price,unit_price,1,review
Coles,VIC METRO,"Coles Catalogue December 4 - 10, 2024 VIC METRO",2024-12-04,2024-12-11,19,"Nestlé Bakin: Chocolate Bits, Melts or Block 180g-290g",4.8,6.0,1.2,20.0,save_amount,180g; 290g,,"WASS6 | WASS6 | Nestlé Bakin: | Chocolate Bits, | Melts or Block 180g-290g | ) fi | { Orikiic ) | UNSALTED",79.0,True,low_name_confidence_strict;single_price_evidence,https://caau.syd1.cdn.digitaloceanspaces.com/wp-content/uploads/catalogue/coles/coles-catalogue-december-4-10-2024-vic-metro/19.jpg,https://www.catalogueau.com/coles/#catalogue=coles/coles-catalogue-december-4-10-2024-vic-metro/,displayed_price,displayed_price,1,review
Coles,VIC METRO,"Coles Catalogue December 4 - 10, 2024 VIC METRO",2024-12-04,2024-12-11,19,Queen Organic Vanilla Extract 100mL,5.5,7.0,1.5,21.43,save_amount,100mL,,WASS7 | WASS7 | Queen Organic Vanilla Extract | 100mL $0.55 per 10mL | On sale for 2 weeks | VIC-METRO-041 2-24-31 2065,93.05,True,single_price_evidence,https://caau.syd1.cdn.digitaloceanspaces.com/wp-content/uploads/catalogue/coles/coles-catalogue-december-4-10-2024-vic-metro/19.jpg,https://www.catalogueau.com/coles/#catalogue=coles/coles-catalogue-december-4-10-2024-vic-metro/,displayed_price,displayed_price,1,review
Coles,VIC METRO,"Coles Catalogue December 4 - 10, 2024 VIC METRO",2024-12-04,2024-12-11,19,Coles Organic Butter 250g,4.85,,,,special,250g,$1.94 per 100g,Coles Organic Butter 250g | $1.94 per 100g,94.47,True,offer_labels_missing;save_amount_missing;regular_price_missing;inferred_price_requires_review,https://caau.syd1.cdn.digitaloceanspaces.com/wp-content/uploads/catalogue/coles/coles-catalogue-december-4-10-2024-vic-metro/19.jpg,https://www.catalogueau.com/coles/#catalogue=coles/coles-catalogue-december-4-10-2024-vic-metro/,unit_price,grid_inference;unit_price,1,review
Coles,VIC METRO,"Coles Catalogue December 4 - 10, 2024 VIC METRO",2024-12-04,2024-12-11,20,Bonds Men's Logo Low Cut Socks 3 Pack,58.0,116.0,58.0,50.0,half_price,3 Pack,,WASSI16 | WASSI16 | Bonds Men's Logo | Low Cut Socks 3 Pack | Assorted sizes & colours,96.43,True,inferred_price_requires_review,https://caau.syd1.cdn.digitaloceanspaces.com/wp-content/uploads/catalogue/coles/coles-catalogue-december-4-10-2024-vic-metro/20.jpg,https://www.catalogueau.com/coles/#catalogue=coles/coles-catalogue-december-4-10-2024-vic-metro/,page_discount_inference,page_discount,0,review
Coles,VIC METRO,"Coles Catalogue December 4 - 10, 2024 VIC METRO",2024-12-04,2024-12-11,20,Bonds Women's Hipster Bikini Brief 2 Pack,12.0,24.0,12.0,50.0,half_price,2 Pack,,WAS§24 | WAS§24 | Bonds Women's Hipster | Bikini Brief 2 Pack | Assorted sizes & colours,96.39,True,inferred_price_requires_review,https://caau.syd1.cdn.digitaloceanspaces.com/wp-content/uploads/catalogue/coles/coles-catalogue-december-4-10-2024-vic-metro/20.jpg,https://www.catalogueau.com/coles/#catalogue=coles/coles-catalogue-december-4-10-2024-vic-metro/,displayed_price,displayed_price;page_discount,1,review
Coles,VIC METRO,"Coles Catalogue December 4 - 10, 2024 VIC METRO",2024-12-04,2024-12-11,20,Hot Wheels Basic Car 1 Each i,1.88,3.75,1.87,49.87,half_price,,,WASS3.75 | WASS3.75 | Hot Wheels Basic Car 1 Each | i,79.0,True,low_name_confidence_strict;inferred_price_requires_review,https://caau.syd1.cdn.digitaloceanspaces.com/wp-content/uploads/catalogue/coles/coles-catalogue-december-4-10-2024-vic-metro/20.jpg,https://www.catalogueau.com/coles/#catalogue=coles/coles-catalogue-december-4-10-2024-vic-metro/,page_discount_inference,page_discount,0,review
Coles,VIC METRO,"Coles Catalogue December 4 - 10, 2024 VIC METRO",2024-12-04,2024-12-11,20,Décor Adventurer Stainless Steel Bottle 1.2 Litre,16.75,33.5,16.75,50.0,half_price,1.2 Litre,$16.75 per each,WAS$33.50 | WAS$33.50 | Décor Adventurer Stainless Steel | Bottle 1.2 Litre $16.75 per each | FASO,96.37,True,inferred_price_requires_review,https://caau.syd1.cdn.digitaloceanspaces.com/wp-content/uploads/catalogue/coles/coles-catalogue-december-4-10-2024-vic-metro/20.jpg,https://www.catalogueau.com/coles/#catalogue=coles/coles-catalogue-december-4-10-2024-vic-metro/,unit_price,page_discount;unit_price,1,review
Coles,VIC METRO,"Coles Catalogue December 4 - 10, 2024 VIC METRO",2024-12-04,2024-12-11,20,Licensed Disney Mug or Novelty Socks,6.0,,,,special,,,Licensed Disney Mug | or Novelty Socks | While stocks last. No rainchecks | g,96.27,True,offer_labels_missing;save_amount_missing;regular_price_missing;inferred_price_requires_review,https://caau.syd1.cdn.digitaloceanspaces.com/wp-content/uploads/catalogue/coles/coles-catalogue-december-4-10-2024-vic-metro/20.jpg,https://www.catalogueau.com/coles/#catalogue=coles/coles-catalogue-december-4-10-2024-vic-metro/,displayed_price,displayed_price;grid_inference,1,review
Coles,VIC METRO,"Coles Catalogue December 4 - 10, 2024 VIC METRO",2024-12-04,2024-12-11,20,Christmas Ramekins 2 Pack,7.0,,,,special,2 Pack,,Christmas Ramekins 2 Pack | 20 | 30 | Tregrens tee | resets | exnytieg:,93.4,True,offer_labels_missing;save_amount_missing;regular_price_missing;single_price_evidence,https://caau.syd1.cdn.digitaloceanspaces.com/wp-content/uploads/catalogue/coles/coles-catalogue-december-4-10-2024-vic-metro/20.jpg,https://www.catalogueau.com/coles/#catalogue=coles/coles-catalogue-december-4-10-2024-vic-metro/,displayed_price,displayed_price,1,review
Coles,VIC METRO,"Coles Catalogue December 4 - 10, 2024 VIC METRO",2024-12-04,2024-12-11,20,Christmas Festive Crackers 12 Pack,12.0,,,,special,12 Pack,,Christmas Festive Crackers 12 Pack,96.18,True,offer_labels_missing;save_amount_missing;regular_price_missing;single_price_evidence,https://caau.syd1.cdn.digitaloceanspaces.com/wp-content/uploads/catalogue/coles/coles-catalogue-december-4-10-2024-vic-metro/20.jpg,https://www.catalogueau.com/coles/#catalogue=coles/coles-catalogue-december-4-10-2024-vic-metro/,displayed_price,displayed_price,1,review
Coles,VIC METRO,"Coles Catalogue December 4 - 10, 2024 VIC METRO",2024-12-04,2024-12-11,21,Mr Kipling Cakes 155g-165g Ce,3.0,6.0,3.0,50.0,half_price,155g; 165g,,SAVE*3 | WASS6 | Mr Kipling Cakes 155g-165g | Ce,61.61,True,low_name_confidence_strict,https://caau.syd1.cdn.digitaloceanspaces.com/wp-content/uploads/catalogue/coles/coles-catalogue-december-4-10-2024-vic-metro/21.jpg,https://www.catalogueau.com/coles/#catalogue=coles/coles-catalogue-december-4-10-2024-vic-metro/,save_was_arithmetic,displayed_price;save_was_arithmetic,2,review
Coles,VIC METRO,"Coles Catalogue December 4 - 10, 2024 VIC METRO",2024-12-04,2024-12-11,21,Golden Crumpet Rounds 6 Pack 300g,2.3,4.6,2.3,50.0,half_price,6 Pack; 300g,$0.77 per 100g,SAVE2.30 | WAS$4.60 | Golden Crumpet Rounds 6 Pack | 300g $0.77 per 100g | = | al | mi,96.64,False,,https://caau.syd1.cdn.digitaloceanspaces.com/wp-content/uploads/catalogue/coles/coles-catalogue-december-4-10-2024-vic-metro/21.jpg,https://www.catalogueau.com/coles/#catalogue=coles/coles-catalogue-december-4-10-2024-vic-metro/,save_was_arithmetic,displayed_price;save_was_arithmetic;unit_price,3,verified
Coles,VIC METRO,"Coles Catalogue December 4 - 10, 2024 VIC METRO",2024-12-04,2024-12-11,21,Coles Croissants 12 Pack 900g,11.0,12.0,1.0,8.33,save_amount,12 Pack; 900g,$1.22 per 100g,"SAVE ""1 | WASS12 | Coles Croissants 12 Pack 900g | $1.22 per 100g. Selected stores only | Bonus | 7%, | Ae",96.36,False,,https://caau.syd1.cdn.digitaloceanspaces.com/wp-content/uploads/catalogue/coles/coles-catalogue-december-4-10-2024-vic-metro/21.jpg,https://www.catalogueau.com/coles/#catalogue=coles/coles-catalogue-december-4-10-2024-vic-metro/,save_was_arithmetic,displayed_price;save_was_arithmetic;unit_price,3,verified
Coles,VIC METRO,"Coles Catalogue December 4 - 10, 2024 VIC METRO",2024-12-04,2024-12-11,21,Helga's Wraps 445g-508g,4.0,5.5,1.5,27.27,save_amount,445g; 508g,,SAVE51.50 | WASS5.50 | Helga's Wraps 445g-508g,87.25,True,single_price_evidence,https://caau.syd1.cdn.digitaloceanspaces.com/wp-content/uploads/catalogue/coles/coles-catalogue-december-4-10-2024-vic-metro/21.jpg,https://www.catalogueau.com/coles/#catalogue=coles/coles-catalogue-december-4-10-2024-vic-metro/,displayed_price,displayed_price,1,review
Coles,VIC METRO,"Coles Catalogue December 4 - 10, 2024 VIC METRO",2024-12-04,2024-12-11,21,Coles Bakery Danish 2 Pack,3.0,3.5,0.5,14.29,save_amount,2 Pack,$1.50 per each,SAVE50¢ | WAS$3.50 | Coles Bakery Danish 2 Pack | $1.50 per each. Selected stores only | & | €,96.33,False,,https://caau.syd1.cdn.digitaloceanspaces.com/wp-content/uploads/catalogue/coles/coles-catalogue-december-4-10-2024-vic-metro/21.jpg,https://www.catalogueau.com/coles/#catalogue=coles/coles-catalogue-december-4-10-2024-vic-metro/,displayed_price,displayed_price;unit_price,2,verified
Coles,VIC METRO,"Coles Catalogue December 4 - 10, 2024 VIC METRO",2024-12-04,2024-12-11,21,MEB Greek Pita 375g,3.6,,,,special,375g,$0.96 per 100g,MEB Greek Pita 375g | $0.96 per 100g,95.98,True,single_price_evidence,https://caau.syd1.cdn.digitaloceanspaces.com/wp-content/uploads/catalogue/coles/coles-catalogue-december-4-10-2024-vic-metro/21.jpg,https://www.catalogueau.com/coles/#catalogue=coles/coles-catalogue-december-4-10-2024-vic-metro/,unit_price,unit_price,1,review
Coles,VIC METRO,"Coles Catalogue December 4 - 10, 2024 VIC METRO",2024-12-04,2024-12-11,21,Coles Bakery French Stick or Baguette Selected stores only,12.0,,,,special,,,Coles Bakery French Stick or | Baguette Selected stores only,96.57,True,offer_labels_missing;save_amount_missing;regular_price_missing;single_price_evidence,https://caau.syd1.cdn.digitaloceanspaces.com/wp-content/uploads/catalogue/coles/coles-catalogue-december-4-10-2024-vic-metro/21.jpg,https://www.catalogueau.com/coles/#catalogue=coles/coles-catalogue-december-4-10-2024-vic-metro/,displayed_price,displayed_price,1,review
Coles,VIC METRO,"Coles Catalogue December 4 - 10, 2024 VIC METRO",2024-12-04,2024-12-11,22,Coles Californian Natural Walnuts 400g Pack,8.0,10.0,2.0,20.0,save_amount,400g,$20.00 per kg,"WASS10 | WASS10 | Coles Californian Natural Walnuts | 400g Pack $20.00 per kg | aye, | iat",96.35,False,,https://caau.syd1.cdn.digitaloceanspaces.com/wp-content/uploads/catalogue/coles/coles-catalogue-december-4-10-2024-vic-metro/22.jpg,https://www.catalogueau.com/coles/#catalogue=coles/coles-catalogue-december-4-10-2024-vic-metro/,displayed_price,displayed_price;unit_price,2,verified
Coles,VIC METRO,"Coles Catalogue December 4 - 10, 2024 VIC METRO",2024-12-04,2024-12-11,22,Coles Australian Cherry Tomatoes 250g Pack,4.0,,,,special,250g,,Coles Australian Cherry | Tomatoes 250g Pack | Single sell for $2.50. | $2.00 per pack when you buy 2,96.44,True,offer_labels_missing;save_amount_missing;regular_price_missing;single_price_evidence,https://caau.syd1.cdn.digitaloceanspaces.com/wp-content/uploads/catalogue/coles/coles-catalogue-december-4-10-2024-vic-metro/22.jpg,https://www.catalogueau.com/coles/#catalogue=coles/coles-catalogue-december-4-10-2024-vic-metro/,displayed_price,displayed_price,1,review
Coles,VIC METRO,"Coles Catalogue December 4 - 10, 2024 VIC METRO",2024-12-04,2024-12-11,22,Coles Australian Green Asparagus Bunch,1.4,,,,special,,,Coles Australian Green | Asparagus Bunch,96.4,True,offer_labels_missing;save_amount_missing;regular_price_missing;single_price_evidence,https://caau.syd1.cdn.digitaloceanspaces.com/wp-content/uploads/catalogue/coles/coles-catalogue-december-4-10-2024-vic-metro/22.jpg,https://www.catalogueau.com/coles/#catalogue=coles/coles-catalogue-december-4-10-2024-vic-metro/,displayed_price,displayed_price,1,review
Coles,VIC METRO,"Coles Catalogue December 4 - 10, 2024 VIC METRO",2024-12-04,2024-12-11,22,Australian Raspberries 125g Punnet,3.5,,,,special,125g,$28.00 per kg,Australian Raspberries | 125g Punnet $28.00 per kg,95.38,False,,https://caau.syd1.cdn.digitaloceanspaces.com/wp-content/uploads/catalogue/coles/coles-catalogue-december-4-10-2024-vic-metro/22.jpg,https://www.catalogueau.com/coles/#catalogue=coles/coles-catalogue-december-4-10-2024-vic-metro/,displayed_price,displayed_price;unit_price,2,verified
Coles,VIC METRO,"Coles Catalogue December 4 - 10, 2024 VIC METRO",2024-12-04,2024-12-11,22,Australian Yellow or White Nectarines,3.9,,,,special,,,Australian Yellow or White | Nectarines,94.48,True,offer_labels_missing;save_amount_missing;regular_price_missing;single_price_evidence,https://caau.syd1.cdn.digitaloceanspaces.com/wp-content/uploads/catalogue/coles/coles-catalogue-december-4-10-2024-vic-metro/22.jpg,https://www.catalogueau.com/coles/#catalogue=coles/coles-catalogue-december-4-10-2024-vic-metro/,displayed_price,displayed_price,1,review
Coles,VIC METRO,"Coles Catalogue December 4 - 10, 2024 VIC METRO",2024-12-04,2024-12-11,22,Smith St Christmas Tree Grow Kit,10.0,,,,special,,,Smith St Christmas | Tree Grow Kit | VIC-METRO-041 2-24-31 2065,96.4,True,offer_labels_missing;save_amount_missing;regular_price_missing;single_price_evidence,https://caau.syd1.cdn.digitaloceanspaces.com/wp-content/uploads/catalogue/coles/coles-catalogue-december-4-10-2024-vic-metro/22.jpg,https://www.catalogueau.com/coles/#catalogue=coles/coles-catalogue-december-4-10-2024-vic-metro/,displayed_price,displayed_price,1,review
Coles,VIC METRO,"Coles Catalogue December 4 - 10, 2024 VIC METRO",2024-12-04,2024-12-11,22,Potted Ceramic Santa Boots,35.0,,,,special,,,Potted Ceramic | Santa Boots,96.34,True,offer_labels_missing;save_amount_missing;regular_price_missing;single_price_evidence,https://caau.syd1.cdn.digitaloceanspaces.com/wp-content/uploads/catalogue/coles/coles-catalogue-december-4-10-2024-vic-metro/22.jpg,https://www.catalogueau.com/coles/#catalogue=coles/coles-catalogue-december-4-10-2024-vic-metro/,displayed_price,displayed_price,1,review
Coles,VIC METRO,"Coles Catalogue December 4 - 10, 2024 VIC METRO",2024-12-04,2024-12-11,23,Coles RSPCA Approved Big Chicken 3.2kg,15.0,18.0,3.0,16.67,save_amount,3.2kg,$4.69 per kg,WASS18 | WASS18 | Coles RSPCA Approved | Big Chicken 3.2kg | $4.69 per kg. Per serve based on | a 3.2kg chicken sold for $15ea | serving 9 edible portions. | Product sold uncooked,95.25,False,,https://caau.syd1.cdn.digitaloceanspaces.com/wp-content/uploads/catalogue/coles/coles-catalogue-december-4-10-2024-vic-metro/23.jpg,https://www.catalogueau.com/coles/#catalogue=coles/coles-catalogue-december-4-10-2024-vic-metro/,displayed_price,displayed_price;unit_price,2,verified
Coles,VIC METRO,"Coles Catalogue December 4 - 10, 2024 VIC METRO",2024-12-04,2024-12-11,23,Coles Australian Lamb Cutlets 2nd week,35.0,43.0,8.0,18.6,save_amount,,,WAS $43iq | WAS $43iq | Coles Australian Lamb Cutlets | 2nd week on sale,95.8,True,single_price_evidence,https://caau.syd1.cdn.digitaloceanspaces.com/wp-content/uploads/catalogue/coles/coles-catalogue-december-4-10-2024-vic-metro/23.jpg,https://www.catalogueau.com/coles/#catalogue=coles/coles-catalogue-december-4-10-2024-vic-metro/,displayed_price,displayed_price,1,review
Coles,VIC METRO,"Coles Catalogue December 4 - 10, 2024 VIC METRO",2024-12-04,2024-12-11,23,Coles Australian Lamb Forequarter Chops,16.0,19.0,3.0,15.79,save_amount,,,WASS19ig | WASS19ig | Coles Australian Lamb | Forequarter Chops,94.76,True,single_price_evidence,https://caau.syd1.cdn.digitaloceanspaces.com/wp-content/uploads/catalogue/coles/coles-catalogue-december-4-10-2024-vic-metro/23.jpg,https://www.catalogueau.com/coles/#catalogue=coles/coles-catalogue-december-4-10-2024-vic-metro/,displayed_price,displayed_price,1,review
Coles,VIC METRO,"Coles Catalogue December 4 - 10, 2024 VIC METRO",2024-12-04,2024-12-11,23,Coles Australian Lamb Butterflied Leg With Rosemary Garlic,18.0,821.0,803.0,97.81,save_amount,,,WAS 821g | WAS 821g | Coles Australian Lamb Butterflied | Leg With Rosemary Garlic | Marinade,94.86,True,single_price_evidence,https://caau.syd1.cdn.digitaloceanspaces.com/wp-content/uploads/catalogue/coles/coles-catalogue-december-4-10-2024-vic-metro/23.jpg,https://www.catalogueau.com/coles/#catalogue=coles/coles-catalogue-december-4-10-2024-vic-metro/,displayed_price,displayed_price,1,review
Coles,VIC METRO,"Coles Catalogue December 4 - 10, 2024 VIC METRO",2024-12-04,2024-12-11,23,Coles Australian Pork Loin Chops Large Pack,16.0,19.0,3.0,15.79,save_amount,,,WASS19i | WASS19i | Coles Australian Pork Loin Chops | Large Pack,96.52,True,single_price_evidence,https://caau.syd1.cdn.digitaloceanspaces.com/wp-content/uploads/catalogue/coles/coles-catalogue-december-4-10-2024-vic-metro/23.jpg,https://www.catalogueau.com/coles/#catalogue=coles/coles-catalogue-december-4-10-2024-vic-metro/,displayed_price,displayed_price,1,review
Coles,VIC METRO,"Coles Catalogue December 4 - 10, 2024 VIC METRO",2024-12-04,2024-12-11,23,Coles Australian No Added Hormones Beef Eye Fillet Steak 450g,21.0,23.5,2.5,10.64,save_amount,450g,$46.67 per kg,WASS23.50 | WASS23.50 | Coles Australian No Added | Hormones Beef Eye Fillet | Steak 450g $46.67 per kg. | Product sold uncooked | VIC-METRO-041 2-24-31 2065,96.45,False,,https://caau.syd1.cdn.digitaloceanspaces.com/wp-content/uploads/catalogue/coles/coles-catalogue-december-4-10-2024-vic-metro/23.jpg,https://www.catalogueau.com/coles/#catalogue=coles/coles-catalogue-december-4-10-2024-vic-metro/,displayed_price,displayed_price;unit_price,2,verified
Coles,VIC METRO,"Coles Catalogue December 4 - 10, 2024 VIC METRO",2024-12-04,2024-12-11,23,Coles RSPCA Approved Chicken Breast Kyiv Garlic Butter 700g,8.5,,,,special,700g,$12.14 per kg,Coles RSPCA Approved Chicken | Breast Kyiv Garlic Butter 700g | $12.14 per kg,96.34,False,,https://caau.syd1.cdn.digitaloceanspaces.com/wp-content/uploads/catalogue/coles/coles-catalogue-december-4-10-2024-vic-metro/23.jpg,https://www.catalogueau.com/coles/#catalogue=coles/coles-catalogue-december-4-10-2024-vic-metro/,displayed_price,displayed_price;unit_price,2,verified
Coles,VIC METRO,"Coles Catalogue December 4 - 10, 2024 VIC METRO",2024-12-04,2024-12-11,23,Coles Free Range RSPCA Approved Chicken Breast Fillet,13.0,,,,special,,,Coles Free Range RSPCA | Approved Chicken Breast Fillet | Large Pack | | | =,96.63,True,offer_labels_missing;save_amount_missing;regular_price_missing;single_price_evidence,https://caau.syd1.cdn.digitaloceanspaces.com/wp-content/uploads/catalogue/coles/coles-catalogue-december-4-10-2024-vic-metro/23.jpg,https://www.catalogueau.com/coles/#catalogue=coles/coles-catalogue-december-4-10-2024-vic-metro/,displayed_price,displayed_price,1,review
Coles,VIC METRO,"Coles Catalogue December 4 - 10, 2024 VIC METRO",2024-12-04,2024-12-11,24,Coles Tasmanian Salmon Portions Skin On 4 Pack 460g,17.5,19.5,2.0,10.26,save_amount,4 Pack; 460g,$38.04 per kg,WAS $19.50 | WAS $19.50 | NOV 2024 | Coles Tasmanian Salmon | Portions Skin On 4 Pack 460g | $38.04 per kg. From the | Meat department,96.42,True,single_price_evidence,https://caau.syd1.cdn.digitaloceanspaces.com/wp-content/uploads/catalogue/coles/coles-catalogue-december-4-10-2024-vic-metro/24.jpg,https://www.catalogueau.com/coles/#catalogue=coles/coles-catalogue-december-4-10-2024-vic-metro/,unit_price,unit_price,1,review
Coles,VIC METRO,"Coles Catalogue December 4 - 10, 2024 VIC METRO",2024-12-04,2024-12-11,24,Ocean Blue Mini Blinis 168g,4.9,5.8,0.9,15.52,save_amount,168g,$2.92 per 100g,WAS $5.80 | WAS $5.80 | OCT 2024 | Ocean Blue Mini Blinis 168g | $2.92 per 100g,94.7,False,,https://caau.syd1.cdn.digitaloceanspaces.com/wp-content/uploads/catalogue/coles/coles-catalogue-december-4-10-2024-vic-metro/24.jpg,https://www.catalogueau.com/coles/#catalogue=coles/coles-catalogue-december-4-10-2024-vic-metro/,displayed_price,displayed_price;unit_price,2,verified
Coles,VIC METRO,"Coles Catalogue December 4 - 10, 2024 VIC METRO",2024-12-04,2024-12-11,24,Coles Thawed Raw Peeled Prawn Meat Selected stores only*,26.0,30.0,4.0,13.33,save_amount,,,"WASS30."" | WASS30."" | Coles Thawed Raw Peeled Prawn | Meat Selected stores only*. | 2nd week on sale",95.13,True,single_price_evidence,https://caau.syd1.cdn.digitaloceanspaces.com/wp-content/uploads/catalogue/coles/coles-catalogue-december-4-10-2024-vic-metro/24.jpg,https://www.catalogueau.com/coles/#catalogue=coles/coles-catalogue-december-4-10-2024-vic-metro/,displayed_price,displayed_price,1,review
Coles,VIC METRO,"Coles Catalogue December 4 - 10, 2024 VIC METRO",2024-12-04,2024-12-11,24,pk FARA,4.0,,,,down_down,,,"pk | FARA | RAZ, | DOWN DOWN | CAF OO | NOV 2024",76.89,True,save_amount_missing;regular_price_missing;low_name_confidence_strict;single_price_evidence,https://caau.syd1.cdn.digitaloceanspaces.com/wp-content/uploads/catalogue/coles/coles-catalogue-december-4-10-2024-vic-metro/24.jpg,https://www.catalogueau.com/coles/#catalogue=coles/coles-catalogue-december-4-10-2024-vic-metro/,displayed_price,displayed_price,1,review
Coles,VIC METRO,"Coles Catalogue December 4 - 10, 2024 VIC METRO",2024-12-04,2024-12-11,24,Coles Cooked & Peeled Prawns Tail On or Tail Off 350g,12.0,,,,down_down,350g,$34.29 per kg,Coles Cooked & Peeled Prawns Tail On or | Tail Off 350g $34.29 per kg,95.98,False,,https://caau.syd1.cdn.digitaloceanspaces.com/wp-content/uploads/catalogue/coles/coles-catalogue-december-4-10-2024-vic-metro/24.jpg,https://www.catalogueau.com/coles/#catalogue=coles/coles-catalogue-december-4-10-2024-vic-metro/,displayed_price,displayed_price;unit_price,2,verified
Coles,VIC METRO,"Coles Catalogue December 4 - 10, 2024 VIC METRO",2024-12-04,2024-12-11,24,Coles Seafood Marinara Mix 1kg,18.5,,,,down_down,1kg,$18.50 per kg,Coles Seafood Marinara Mix 1kg | $18.50 per kg,93.62,False,,https://caau.syd1.cdn.digitaloceanspaces.com/wp-content/uploads/catalogue/coles/coles-catalogue-december-4-10-2024-vic-metro/24.jpg,https://www.catalogueau.com/coles/#catalogue=coles/coles-catalogue-december-4-10-2024-vic-metro/,displayed_price,displayed_price;unit_price,2,verified
Coles,VIC METRO,"Coles Catalogue December 4 - 10, 2024 VIC METRO",2024-12-04,2024-12-11,24,KB's Marinara Mix Selected stores only*,4.0,,,,down_down,,,KB's Marinara Mix | Selected stores only* | VIC-METRO-041 2-24-31 2065,95.48,True,save_amount_missing;regular_price_missing;single_price_evidence,https://caau.syd1.cdn.digitaloceanspaces.com/wp-content/uploads/catalogue/coles/coles-catalogue-december-4-10-2024-vic-metro/24.jpg,https://www.catalogueau.com/coles/#catalogue=coles/coles-catalogue-december-4-10-2024-vic-metro/,displayed_price,displayed_price,1,review
Coles,VIC METRO,"Coles Catalogue December 4 - 10, 2024 VIC METRO",2024-12-04,2024-12-11,24,Coles Australian MSC Thawed Raw Peeled Banana Prawn Meat,36.0,,,,down_down,,,Coles Australian MSC Thawed | Raw Peeled Banana Prawn Meat | Selected stores only* | *For locations of Deli counter stores visit coles.com.au/range-availability | 24,96.22,True,save_amount_missing;regular_price_missing;single_price_evidence,https://caau.syd1.cdn.digitaloceanspaces.com/wp-content/uploads/catalogue/coles/coles-catalogue-december-4-10-2024-vic-metro/24.jpg,https://www.catalogueau.com/coles/#catalogue=coles/coles-catalogue-december-4-10-2024-vic-metro/,displayed_price,displayed_price,1,review
Coles,VIC METRO,"Coles Catalogue December 4 - 10, 2024 VIC METRO",2024-12-04,2024-12-11,25,Jarlsberg Cheese Block 250g,9.45,10.5,1.05,10.0,save_amount,250g,$37.80 per kg,WAS $10.50 | WAS $10.50 | SEP 2024 | Jarlsberg Cheese Block 250g | $37.80 per kg,94.55,True,single_price_evidence,https://caau.syd1.cdn.digitaloceanspaces.com/wp-content/uploads/catalogue/coles/coles-catalogue-december-4-10-2024-vic-metro/25.jpg,https://www.catalogueau.com/coles/#catalogue=coles/coles-catalogue-december-4-10-2024-vic-metro/,unit_price,unit_price,1,review
Coles,VIC METRO,"Coles Catalogue December 4 - 10, 2024 VIC METRO",2024-12-04,2024-12-11,25,Jarlsberg Swiss Cheese Sliced Selected stores only*,26.0,34.0,8.0,23.53,save_amount,,,WAS $34kg | WAS $34kg | Jarlsberg Swiss Cheese | Sliced Selected stores only*,94.52,True,single_price_evidence,https://caau.syd1.cdn.digitaloceanspaces.com/wp-content/uploads/catalogue/coles/coles-catalogue-december-4-10-2024-vic-metro/25.jpg,https://www.catalogueau.com/coles/#catalogue=coles/coles-catalogue-december-4-10-2024-vic-metro/,displayed_price,displayed_price,1,review
Coles,VIC METRO,"Coles Catalogue December 4 - 10, 2024 VIC METRO",2024-12-04,2024-12-11,25,Primo Rindless Short Cut Bacon 750g,12.5,16.8,4.3,25.6,save_amount,750g,$16.67 per kg,WAS $16.80 | WAS $16.80 | NOV 2024 | Primo Rindless Short Cut Bacon | 750g $16.67 per kg | *See page 30 for T&Cs,94.24,False,,https://caau.syd1.cdn.digitaloceanspaces.com/wp-content/uploads/catalogue/coles/coles-catalogue-december-4-10-2024-vic-metro/25.jpg,https://www.catalogueau.com/coles/#catalogue=coles/coles-catalogue-december-4-10-2024-vic-metro/,displayed_price,displayed_price;unit_price,2,verified
Coles,VIC METRO,"Coles Catalogue December 4 - 10, 2024 VIC METRO",2024-12-04,2024-12-11,25,Primo Red Gum Honey Ham Selected stores only*,28.0,324.0,296.0,91.36,save_amount,,,SAVE S4kg | WAS $324 | Primo Red Gum Honey Ham | Selected stores only*. | 2nd week on sale,93.85,True,single_price_evidence,https://caau.syd1.cdn.digitaloceanspaces.com/wp-content/uploads/catalogue/coles/coles-catalogue-december-4-10-2024-vic-metro/25.jpg,https://www.catalogueau.com/coles/#catalogue=coles/coles-catalogue-december-4-10-2024-vic-metro/,displayed_price,displayed_price,1,review
Coles,VIC METRO,"Coles Catalogue December 4 - 10, 2024 VIC METRO",2024-12-04,2024-12-11,25,Elco Dodoni Feta Selected stores only*,28.0,47.5,19.5,41.05,save_amount,,,"SAVE <19,5 .O0kg | Elco Dodoni Feta | Selected stores only*",93.72,True,single_price_evidence,https://caau.syd1.cdn.digitaloceanspaces.com/wp-content/uploads/catalogue/coles/coles-catalogue-december-4-10-2024-vic-metro/25.jpg,https://www.catalogueau.com/coles/#catalogue=coles/coles-catalogue-december-4-10-2024-vic-metro/,displayed_price,displayed_price,1,review
Coles,VIC METRO,"Coles Catalogue December 4 - 10, 2024 VIC METRO",2024-12-04,2024-12-11,25,Primo Middle Bacon Selected stores only*,1.3,9.0,7.7,85.56,save_amount,,,Primo Middle Bacon | Selected stores only* | 2nd week on sale,94.36,True,single_price_evidence,https://caau.syd1.cdn.digitaloceanspaces.com/wp-content/uploads/catalogue/coles/coles-catalogue-december-4-10-2024-vic-metro/25.jpg,https://www.catalogueau.com/coles/#catalogue=coles/coles-catalogue-december-4-10-2024-vic-metro/,unknown,,0,review
Coles,VIC METRO,"Coles Catalogue December 4 - 10, 2024 VIC METRO",2024-12-04,2024-12-11,25,Don Kabana Selected stores only*,2.9,4.5,1.6,35.56,save_amount,,,SAVE‘1.60 | WAS$4.50 | Don Kabana | Selected stores only* | VIC-METRO-041 2-24-31 2065,92.15,True,single_price_evidence,https://caau.syd1.cdn.digitaloceanspaces.com/wp-content/uploads/catalogue/coles/coles-catalogue-december-4-10-2024-vic-metro/25.jpg,https://www.catalogueau.com/coles/#catalogue=coles/coles-catalogue-december-4-10-2024-vic-metro/,save_was_arithmetic,save_was_arithmetic,1,review
Coles,VIC METRO,"Coles Catalogue December 4 - 10, 2024 VIC METRO",2024-12-04,2024-12-11,25,Hans Twiggy Sticks 500g,11.0,15.5,4.5,29.03,save_amount,500g,$22.00 per kg,SAVE%4.50 | WASS15.50 | Hans Twiggy Sticks 500g | $22.00 per kg. Selected stores only#,95.66,False,,https://caau.syd1.cdn.digitaloceanspaces.com/wp-content/uploads/catalogue/coles/coles-catalogue-december-4-10-2024-vic-metro/25.jpg,https://www.catalogueau.com/coles/#catalogue=coles/coles-catalogue-december-4-10-2024-vic-metro/,save_was_arithmetic,save_was_arithmetic;unit_price,2,verified
Coles,VIC METRO,"Coles Catalogue December 4 - 10, 2024 VIC METRO",2024-12-04,2024-12-11,25,La Famiglia Garlic Bread 400g,5.0,,,,down_down,400g,$1.25 per 100g,La Famiglia Garlic Bread 400g | $1.25 per 100g | *For locations of Deli counter stores visit coles.com.au/range-availability | 25,96.13,False,,https://caau.syd1.cdn.digitaloceanspaces.com/wp-content/uploads/catalogue/coles/coles-catalogue-december-4-10-2024-vic-metro/25.jpg,https://www.catalogueau.com/coles/#catalogue=coles/coles-catalogue-december-4-10-2024-vic-metro/,displayed_price,displayed_price;unit_price,2,verified
Coles,VIC METRO,"Coles Catalogue December 4 - 10, 2024 VIC METRO",2024-12-04,2024-12-11,26,Gatorade Sports Drink or G Active Water 600mL,2.0,4.0,2.0,50.0,half_price,600mL,$3.33 per litre,SAVE‘2. | WASS4 | Gatorade Sports Drink or G Active Water | 600mL $3.33 per litre | A,95.0,False,,https://caau.syd1.cdn.digitaloceanspaces.com/wp-content/uploads/catalogue/coles/coles-catalogue-december-4-10-2024-vic-metro/26.jpg,https://www.catalogueau.com/coles/#catalogue=coles/coles-catalogue-december-4-10-2024-vic-metro/,save_was_arithmetic,displayed_price;save_was_arithmetic;unit_price,3,verified
Coles,VIC METRO,"Coles Catalogue December 4 - 10, 2024 VIC METRO",2024-12-04,2024-12-11,26,Raw C Coconut Water 1 Litre,2.75,5.5,2.75,50.0,half_price,1 Litre,$2.75 per litre,SAVE'2.75 | WASS5.50 | Raw C Coconut Water 1 Litre | $2.75 per litre | @,95.81,False,,https://caau.syd1.cdn.digitaloceanspaces.com/wp-content/uploads/catalogue/coles/coles-catalogue-december-4-10-2024-vic-metro/26.jpg,https://www.catalogueau.com/coles/#catalogue=coles/coles-catalogue-december-4-10-2024-vic-metro/,save_was_arithmetic,save_was_arithmetic;unit_price,2,verified
Coles,VIC METRO,"Coles Catalogue December 4 - 10, 2024 VIC METRO",2024-12-04,2024-12-11,26,Coca-Cola Soft Drink or Mt Franklin Sparkling Water,25.0,38.0,13.0,34.21,save_amount,,$3.33 per litre,SAVE 513 | Coca-Cola Soft Drink or | Mt Franklin Sparkling Water | 10x375mL $3.33 per litre. | 2nd week on sale | *See page 30 for T&Cs,95.83,True,single_price_evidence,https://caau.syd1.cdn.digitaloceanspaces.com/wp-content/uploads/catalogue/coles/coles-catalogue-december-4-10-2024-vic-metro/26.jpg,https://www.catalogueau.com/coles/#catalogue=coles/coles-catalogue-december-4-10-2024-vic-metro/,displayed_price,displayed_price,1,review
Coles,VIC METRO,"Coles Catalogue December 4 - 10, 2024 VIC METRO",2024-12-04,2024-12-11,26,Coca-Cola Soft Drink 30x375mL,28.3,47.2,18.9,40.04,save_amount,30x375mL,$2.52 per litre,SAVE*18.90 | WAS$47.20 | Coca-Cola Soft Drink 30x375mL | $2.52 per litre | ——,92.88,True,single_price_evidence,https://caau.syd1.cdn.digitaloceanspaces.com/wp-content/uploads/catalogue/coles/coles-catalogue-december-4-10-2024-vic-metro/26.jpg,https://www.catalogueau.com/coles/#catalogue=coles/coles-catalogue-december-4-10-2024-vic-metro/,save_was_arithmetic,save_was_arithmetic,1,review
Coles,VIC METRO,"Coles Catalogue December 4 - 10, 2024 VIC METRO",2024-12-04,2024-12-11,26,Coca-Cola Soft Drink 1.25 Litre,2.5,5.2,2.7,51.92,save_amount,1.25 Litre,$2.00 per litre,SAVE‘2.70 | Coca-Cola Soft Drink 1.25 Litre | $2.00 per litre. 2nd week on sale,96.14,True,single_price_evidence,https://caau.syd1.cdn.digitaloceanspaces.com/wp-content/uploads/catalogue/coles/coles-catalogue-december-4-10-2024-vic-metro/26.jpg,https://www.catalogueau.com/coles/#catalogue=coles/coles-catalogue-december-4-10-2024-vic-metro/,unit_price,unit_price,1,review
Coles,VIC METRO,"Coles Catalogue December 4 - 10, 2024 VIC METRO",2024-12-04,2024-12-11,26,Cheezels 110g-125g VIC-METRO-041 2-24-31 2065,2.5,3.5,1.0,28.57,save_amount,110g; 125g,,SAVES1 | WASS$3.50. | Cheezels 110g-125g | VIC-METRO-041 2-24-31 2065,87.47,False,,https://caau.syd1.cdn.digitaloceanspaces.com/wp-content/uploads/catalogue/coles/coles-catalogue-december-4-10-2024-vic-metro/26.jpg,https://www.catalogueau.com/coles/#catalogue=coles/coles-catalogue-december-4-10-2024-vic-metro/,save_was_arithmetic,displayed_price;save_was_arithmetic,2,verified
Coles,VIC METRO,"Coles Catalogue December 4 - 10, 2024 VIC METRO",2024-12-04,2024-12-11,26,Bhuja Mix 140g-160g,3.0,4.5,1.5,33.33,save_amount,140g; 160g,,SAVES1.50 | WASS4.50 | Bhuja Mix 140g-160g | On sale for 2 weeks | 26,91.45,False,,https://caau.syd1.cdn.digitaloceanspaces.com/wp-content/uploads/catalogue/coles/coles-catalogue-december-4-10-2024-vic-metro/26.jpg,https://www.catalogueau.com/coles/#catalogue=coles/coles-catalogue-december-4-10-2024-vic-metro/,save_was_arithmetic,displayed_price;save_was_arithmetic,2,verified
Coles,VIC METRO,"Coles Catalogue December 4 - 10, 2024 VIC METRO",2024-12-04,2024-12-11,26,CC's Corn Chips 175g or Cornados 110g,7.0,10.0,3.0,30.0,save_amount,175g; 110g,,SAVE $3 | CC's Corn Chips 175g | or Cornados 110g | 26,94.87,True,single_price_evidence,https://caau.syd1.cdn.digitaloceanspaces.com/wp-content/uploads/catalogue/coles/coles-catalogue-december-4-10-2024-vic-metro/26.jpg,https://www.catalogueau.com/coles/#catalogue=coles/coles-catalogue-december-4-10-2024-vic-metro/,displayed_price,displayed_price,1,review
Coles,VIC METRO,"Coles Catalogue December 4 - 10, 2024 VIC METRO",2024-12-04,2024-12-11,26,Kettle Potato Chips or Crafted Collection 150g-165g,9.0,13.0,4.0,30.77,save_amount,150g; 165g,,SAVES4 | Kettle Potato Chips | or Crafted Collection | 150g-165g,94.43,True,single_price_evidence,https://caau.syd1.cdn.digitaloceanspaces.com/wp-content/uploads/catalogue/coles/coles-catalogue-december-4-10-2024-vic-metro/26.jpg,https://www.catalogueau.com/coles/#catalogue=coles/coles-catalogue-december-4-10-2024-vic-metro/,displayed_price,displayed_price,1,review
Coles,VIC METRO,"Coles Catalogue December 4 - 10, 2024 VIC METRO",2024-12-04,2024-12-11,27,Golden Circle Tetra Fruit Drink 6x250mL,3.5,5.1,1.6,31.37,save_amount,6x250mL,$2.33 per litre,SAVES1.60 | WASS5.10 | Golden Circle Tetra Fruit | Drink 6x250mL $2.33 per litre. | 2nd week on sale | ; | il,94.61,False,,https://caau.syd1.cdn.digitaloceanspaces.com/wp-content/uploads/catalogue/coles/coles-catalogue-december-4-10-2024-vic-metro/27.jpg,https://www.catalogueau.com/coles/#catalogue=coles/coles-catalogue-december-4-10-2024-vic-metro/,save_was_arithmetic,displayed_price;save_was_arithmetic;unit_price,3,verified
Coles,VIC METRO,"Coles Catalogue December 4 - 10, 2024 VIC METRO",2024-12-04,2024-12-11,27,Golden Circle Pineapple Juice 1 Litre,1.9,2.6,0.7,26.92,save_amount,1 Litre,$1.90 per litre,SAVE7O* | WASS2.60 | Golden Circle Pineapple Juice | 1 Litre $1.90 per litre. | On sale for 2 weeks | a | =,96.03,True,single_price_evidence,https://caau.syd1.cdn.digitaloceanspaces.com/wp-content/uploads/catalogue/coles/coles-catalogue-december-4-10-2024-vic-metro/27.jpg,https://www.catalogueau.com/coles/#catalogue=coles/coles-catalogue-december-4-10-2024-vic-metro/,unit_price,unit_price,1,review
Coles,VIC METRO,"Coles Catalogue December 4 - 10, 2024 VIC METRO",2024-12-04,2024-12-11,27,"Schweppes Mixers, Soft Drink or Mineral Water 4x300mL",8.0,14.8,6.8,45.95,save_amount,4x300mL,$3.33 per litre,"SAVE%6.80 | Schweppes Mixers, Soft Drink | or Mineral Water 4x300mL | $3.33 per litre | 14 | ;",95.09,True,unit_price_conflict;single_price_evidence,https://caau.syd1.cdn.digitaloceanspaces.com/wp-content/uploads/catalogue/coles/coles-catalogue-december-4-10-2024-vic-metro/27.jpg,https://www.catalogueau.com/coles/#catalogue=coles/coles-catalogue-december-4-10-2024-vic-metro/,displayed_price,displayed_price,1,review
Coles,VIC METRO,"Coles Catalogue December 4 - 10, 2024 VIC METRO",2024-12-04,2024-12-11,27,Pepsi or Solo Soft Drink 1.25 Litre,1.8,3.3,1.5,45.45,save_amount,1.25 Litre,$1.44 per litre,SAVE51.50 | WAS$3.30 | Pepsi or Solo Soft Drink | 1.25 Litre $1.44 per litre | We | Coles Group,96.29,False,,https://caau.syd1.cdn.digitaloceanspaces.com/wp-content/uploads/catalogue/coles/coles-catalogue-december-4-10-2024-vic-metro/27.jpg,https://www.catalogueau.com/coles/#catalogue=coles/coles-catalogue-december-4-10-2024-vic-metro/,displayed_price,displayed_price;unit_price,2,verified
Coles,VIC METRO,"Coles Catalogue December 4 - 10, 2024 VIC METRO",2024-12-04,2024-12-11,27,Monster Energy Drink 4x500mL,9.1,15.2,6.1,40.13,save_amount,4x500mL,$4.55 per litre,"SAVE°6.10 | WASS15.20 | Monster Energy Drink | 4x500mL $4.55 per litre | Coles Group acknowledges the Traditional Custodians of Country throughout Australia | We recognise their strength and pay our respect to Elders past, present and emerging | Coles Group extends that respect to all Aboriginal and Torres Strait Islanders people,",94.28,False,,https://caau.syd1.cdn.digitaloceanspaces.com/wp-content/uploads/catalogue/coles/coles-catalogue-december-4-10-2024-vic-metro/27.jpg,https://www.catalogueau.com/coles/#catalogue=coles/coles-catalogue-december-4-10-2024-vic-metro/,save_was_arithmetic,displayed_price;save_was_arithmetic;unit_price,3,verified
Coles,VIC METRO,"Coles Catalogue December 4 - 10, 2024 VIC METRO",2024-12-04,2024-12-11,27,V Energy Drink 4x250mL,17.0,22.0,5.0,22.73,save_amount,4x250mL,$8.50 per litre,SAVE$5 | V Energy Drink 4x250mL | $8.50 per litre,93.48,True,unit_price_conflict;single_price_evidence,https://caau.syd1.cdn.digitaloceanspaces.com/wp-content/uploads/catalogue/coles/coles-catalogue-december-4-10-2024-vic-metro/27.jpg,https://www.catalogueau.com/coles/#catalogue=coles/coles-catalogue-december-4-10-2024-vic-metro/,displayed_price,displayed_price,1,review
Coles,VIC METRO,"Coles Catalogue December 4 - 10, 2024 VIC METRO",2024-12-04,2024-12-11,27,Remedy Sodaly 4x250mL,10.0,16.0,6.0,37.5,save_amount,4x250mL,$5.00 per litre,SAVE‘6 | Remedy Sodaly 4x250mL | $5.00 per litre | ©:,91.95,True,unit_price_conflict;single_price_evidence,https://caau.syd1.cdn.digitaloceanspaces.com/wp-content/uploads/catalogue/coles/coles-catalogue-december-4-10-2024-vic-metro/27.jpg,https://www.catalogueau.com/coles/#catalogue=coles/coles-catalogue-december-4-10-2024-vic-metro/,displayed_price,displayed_price,1,review
Coles,VIC METRO,"Coles Catalogue December 4 - 10, 2024 VIC METRO",2024-12-04,2024-12-11,28,Mars or Twix Biscuits 132g,3.0,5.5,2.5,45.45,save_amount,132g,$2.27 per 100g,WASS$5.50 | WASS$5.50 | Mars or Twix Biscuits 132g | $2.27 per 100g,96.07,False,,https://caau.syd1.cdn.digitaloceanspaces.com/wp-content/uploads/catalogue/coles/coles-catalogue-december-4-10-2024-vic-metro/28.jpg,https://www.catalogueau.com/coles/#catalogue=coles/coles-catalogue-december-4-10-2024-vic-metro/,displayed_price,displayed_price;unit_price,2,verified
Coles,VIC METRO,"Coles Catalogue December 4 - 10, 2024 VIC METRO",2024-12-04,2024-12-11,28,Pringles Potato Crisps 118g-134g,4.0,5.5,1.5,27.27,save_amount,118g; 134g,,WASS5.50 | WASS5.50 | Pringles Potato Crisps | 118g-134g,79.0,True,low_name_confidence_strict;single_price_evidence,https://caau.syd1.cdn.digitaloceanspaces.com/wp-content/uploads/catalogue/coles/coles-catalogue-december-4-10-2024-vic-metro/28.jpg,https://www.catalogueau.com/coles/#catalogue=coles/coles-catalogue-december-4-10-2024-vic-metro/,displayed_price,displayed_price,1,review
Coles,VIC METRO,"Coles Catalogue December 4 - 10, 2024 VIC METRO",2024-12-04,2024-12-11,28,Coles Finest All Butter Pinwheel Crackers,3.5,,,,everyday,,$3.89 per 100g,"Coles Finest All Butter Pinwheel | Crackers | $3.89 per 100g. From the Biscuit | aisle. *See page 30 for T&Cs | 11S) | ARNOTIS,",96.17,True,single_price_evidence,https://caau.syd1.cdn.digitaloceanspaces.com/wp-content/uploads/catalogue/coles/coles-catalogue-december-4-10-2024-vic-metro/28.jpg,https://www.catalogueau.com/coles/#catalogue=coles/coles-catalogue-december-4-10-2024-vic-metro/,displayed_price,displayed_price,1,review
Coles,VIC METRO,"Coles Catalogue December 4 - 10, 2024 VIC METRO",2024-12-04,2024-12-11,28,Coles Finest Mini Cheese Twists 75g,2.5,,,,everyday,75g,$3.33 per 100g,Coles Finest Mini Cheese | Twists 75g $3.33 per 100g. | From the Biscuit aisle. | *See page 30 for T&Cs,96.15,False,,https://caau.syd1.cdn.digitaloceanspaces.com/wp-content/uploads/catalogue/coles/coles-catalogue-december-4-10-2024-vic-metro/28.jpg,https://www.catalogueau.com/coles/#catalogue=coles/coles-catalogue-december-4-10-2024-vic-metro/,displayed_price,displayed_price;unit_price,2,verified
Coles,VIC METRO,"Coles Catalogue December 4 - 10, 2024 VIC METRO",2024-12-04,2024-12-11,28,"Burger Rings, Twisties, Cheetos or Toobs Snack Party Size Bag 150g-270g",4.0,,,,everyday,150g; 270g,,"Burger Rings, Twisties, | Cheetos or Toobs Snack | Party Size Bag 150g-270g | OTTS py | — | ARNO",94.27,True,single_price_evidence,https://caau.syd1.cdn.digitaloceanspaces.com/wp-content/uploads/catalogue/coles/coles-catalogue-december-4-10-2024-vic-metro/28.jpg,https://www.catalogueau.com/coles/#catalogue=coles/coles-catalogue-december-4-10-2024-vic-metro/,displayed_price,displayed_price,1,review
Coles,VIC METRO,"Coles Catalogue December 4 - 10, 2024 VIC METRO",2024-12-04,2024-12-11,28,Arnott's Butternut Snap or Scotch Finger Biscuits 250g,5.0,,,,everyday,250g,$1.00 per 100g,Arnott's Butternut Snap or Scotch | Finger Biscuits 250g | $1.00 per 100g. 2nd week on sale | i | on | Comme,95.76,True,unit_price_conflict;single_price_evidence,https://caau.syd1.cdn.digitaloceanspaces.com/wp-content/uploads/catalogue/coles/coles-catalogue-december-4-10-2024-vic-metro/28.jpg,https://www.catalogueau.com/coles/#catalogue=coles/coles-catalogue-december-4-10-2024-vic-metro/,displayed_price,displayed_price,1,review
Coles,VIC METRO,"Coles Catalogue December 4 - 10, 2024 VIC METRO",2024-12-04,2024-12-11,28,Arnott's Monte Carlo or Tina Wafer Biscuits 200g-250g,6.0,,,,everyday,200g; 250g,,Arnott's Monte Carlo or Tina Wafer | Biscuits 200g-250g | ant,93.49,True,single_price_evidence,https://caau.syd1.cdn.digitaloceanspaces.com/wp-content/uploads/catalogue/coles/coles-catalogue-december-4-10-2024-vic-metro/28.jpg,https://www.catalogueau.com/coles/#catalogue=coles/coles-catalogue-december-4-10-2024-vic-metro/,displayed_price,displayed_price,1,review
Coles,VIC METRO,"Coles Catalogue December 4 - 10, 2024 VIC METRO",2024-12-04,2024-12-11,28,Arnott's Shapes Crackers 130g-190g,6.0,,,,everyday,130g; 190g,,Arnott's Shapes Crackers | 130g-190g,92.22,True,single_price_evidence,https://caau.syd1.cdn.digitaloceanspaces.com/wp-content/uploads/catalogue/coles/coles-catalogue-december-4-10-2024-vic-metro/28.jpg,https://www.catalogueau.com/coles/#catalogue=coles/coles-catalogue-december-4-10-2024-vic-metro/,displayed_price,displayed_price,1,review
Coles,VIC METRO,"Coles Catalogue December 4 - 10, 2024 VIC METRO",2024-12-04,2024-12-11,28,Parkers Pretzels 6 Pack or Jumpys 5 Pack,7.0,,,,everyday,6 Pack; 5 Pack,,Parkers Pretzels 6 Pack | or Jumpys 5 Pack | ONLINE,95.53,True,single_price_evidence,https://caau.syd1.cdn.digitaloceanspaces.com/wp-content/uploads/catalogue/coles/coles-catalogue-december-4-10-2024-vic-metro/28.jpg,https://www.catalogueau.com/coles/#catalogue=coles/coles-catalogue-december-4-10-2024-vic-metro/,displayed_price,displayed_price,1,review
Coles,VIC METRO,"Coles Catalogue December 4 - 10, 2024 VIC METRO",2024-12-04,2024-12-11,29,Eclipse Mints 40g,3.2,4.0,0.8,20.0,save_amount,40g,$8.00 per 100g,‘WASS4 | ‘WASS4 | Eclipse Mints 40g | $8.00 per 100g | ee | > aes,96.33,False,,https://caau.syd1.cdn.digitaloceanspaces.com/wp-content/uploads/catalogue/coles/coles-catalogue-december-4-10-2024-vic-metro/29.jpg,https://www.catalogueau.com/coles/#catalogue=coles/coles-catalogue-december-4-10-2024-vic-metro/,displayed_price,displayed_price;unit_price,2,verified
Coles,VIC METRO,"Coles Catalogue December 4 - 10, 2024 VIC METRO",2024-12-04,2024-12-11,29,Whittaker's Block Chocolate 200g-250g 00g-:,6.8,8.5,1.7,20.0,save_amount,200g; 250g; 00g,,WASS8.50 | WASS8.50 | Whittaker's Block Chocolate | 200g-250g | 00g-: | Ww; | © 1% | buy,61.76,True,low_name_confidence_strict;single_price_evidence,https://caau.syd1.cdn.digitaloceanspaces.com/wp-content/uploads/catalogue/coles/coles-catalogue-december-4-10-2024-vic-metro/29.jpg,https://www.catalogueau.com/coles/#catalogue=coles/coles-catalogue-december-4-10-2024-vic-metro/,displayed_price,displayed_price,1,review
Coles,VIC METRO,"Coles Catalogue December 4 - 10, 2024 VIC METRO",2024-12-04,2024-12-11,29,Cadbury Favourites Ultimate Share 820g,16.0,32.0,16.0,50.0,half_price,820g,$1.95 per 100g,WAS$32 | WAS$32 | Cadbury Favourites | Ultimate Share 820g | $1.95 per 100g | Cadbury | Ud ss SS | 9.,96.41,False,,https://caau.syd1.cdn.digitaloceanspaces.com/wp-content/uploads/catalogue/coles/coles-catalogue-december-4-10-2024-vic-metro/29.jpg,https://www.catalogueau.com/coles/#catalogue=coles/coles-catalogue-december-4-10-2024-vic-metro/,displayed_price,displayed_price;unit_price,2,verified
Coles,VIC METRO,"Coles Catalogue December 4 - 10, 2024 VIC METRO",2024-12-04,2024-12-11,29,Cadbury Roses 420g,9.0,18.0,9.0,50.0,half_price,420g,$2.14 per 100g,WASS18 | WASS18 | Cadbury Roses 420g | $2.14 per 100g | Ud ss SS | * | *17.,96.23,False,,https://caau.syd1.cdn.digitaloceanspaces.com/wp-content/uploads/catalogue/coles/coles-catalogue-december-4-10-2024-vic-metro/29.jpg,https://www.catalogueau.com/coles/#catalogue=coles/coles-catalogue-december-4-10-2024-vic-metro/,displayed_price,displayed_price;unit_price,2,verified
Coles,VIC METRO,"Coles Catalogue December 4 - 10, 2024 VIC METRO",2024-12-04,2024-12-11,29,Cadbury Christmas Tree Gift Box 522g,11.0,22.0,11.0,50.0,half_price,522g,$2.11 per 100g,WAS$22 | WAS$22 | Cadbury Christmas | Tree Gift Box 522g | * | $2.11 per 100g. | While stocks last. | No rainchecks,96.28,False,,https://caau.syd1.cdn.digitaloceanspaces.com/wp-content/uploads/catalogue/coles/coles-catalogue-december-4-10-2024-vic-metro/29.jpg,https://www.catalogueau.com/coles/#catalogue=coles/coles-catalogue-december-4-10-2024-vic-metro/,displayed_price,displayed_price;unit_price,2,verified
Coles,VIC METRO,"Coles Catalogue December 4 - 10, 2024 VIC METRO",2024-12-04,2024-12-11,29,Cadbury Christmas Classics Pack 415g,9.0,18.0,9.0,50.0,half_price,415g,$2.17 per 100g,WASS18 | WASS18 | Cadbury Christmas Classics | Pack 415g $2.17 per 100g. | While stocks last. No rainchecks | fa | Rar | i,96.39,False,,https://caau.syd1.cdn.digitaloceanspaces.com/wp-content/uploads/catalogue/coles/coles-catalogue-december-4-10-2024-vic-metro/29.jpg,https://www.catalogueau.com/coles/#catalogue=coles/coles-catalogue-december-4-10-2024-vic-metro/,displayed_price,displayed_price;unit_price,2,verified
Coles,VIC METRO,"Coles Catalogue December 4 - 10, 2024 VIC METRO",2024-12-04,2024-12-11,29,Cadbury Roses Tin 600g,17.0,34.0,17.0,50.0,half_price,600g,$2.83 per 100g,WASS34 | WASS34 | Cadbury Roses Tin | 600g $2.83 per 100g | x | Scan and donate to | Secénd | to help,96.42,False,,https://caau.syd1.cdn.digitaloceanspaces.com/wp-content/uploads/catalogue/coles/coles-catalogue-december-4-10-2024-vic-metro/29.jpg,https://www.catalogueau.com/coles/#catalogue=coles/coles-catalogue-december-4-10-2024-vic-metro/,displayed_price,displayed_price;unit_price,2,verified
Coles,VIC METRO,"Coles Catalogue December 4 - 10, 2024 VIC METRO",2024-12-04,2024-12-11,29,Ocean Spray Fruit Drink 1.5 Litre,4.09,,,,special,1.5 Litre,$2.73 per litre,Ocean Spray Fruit Drink | 1.5 Litre $2.73 per litre | re,95.83,True,single_price_evidence,https://caau.syd1.cdn.digitaloceanspaces.com/wp-content/uploads/catalogue/coles/coles-catalogue-december-4-10-2024-vic-metro/29.jpg,https://www.catalogueau.com/coles/#catalogue=coles/coles-catalogue-december-4-10-2024-vic-metro/,unit_price,unit_price,1,review
Coles,VIC METRO,"Coles Catalogue December 4 - 10, 2024 VIC METRO",2024-12-04,2024-12-11,29,The Natural Confectionery Co. 130g-230g or Sour Patch 190g,5.0,,,,special,130g; 230g; 190g,,The Natural Confectionery Co. | 130g-230g or Sour Patch 190g,95.56,True,offer_labels_missing;save_amount_missing;regular_price_missing;single_price_evidence,https://caau.syd1.cdn.digitaloceanspaces.com/wp-content/uploads/catalogue/coles/coles-catalogue-december-4-10-2024-vic-metro/29.jpg,https://www.catalogueau.com/coles/#catalogue=coles/coles-catalogue-december-4-10-2024-vic-metro/,displayed_price,displayed_price,1,review
Coles,VIC METRO,"Coles Catalogue December 4 - 10, 2024 VIC METRO",2024-12-04,2024-12-11,29,Cadbury Dairy Milk Block Chocolate 150g-190g,9.0,,,,special,150g; 190g,,Cadbury Dairy Milk Block | Chocolate 150g-190g | 2nd week on sale,94.34,True,offer_labels_missing;save_amount_missing;regular_price_missing;single_price_evidence,https://caau.syd1.cdn.digitaloceanspaces.com/wp-content/uploads/catalogue/coles/coles-catalogue-december-4-10-2024-vic-metro/29.jpg,https://www.catalogueau.com/coles/#catalogue=coles/coles-catalogue-december-4-10-2024-vic-metro/,displayed_price,displayed_price,1,review
Coles,VIC METRO,"Coles Catalogue December 4 - 10, 2024 VIC METRO",2024-12-04,2024-12-11,30,OCT Heinz Rigatoni or Tortellini Meal 350g,3.5,5.3,1.8,33.96,save_amount,350g,$1.00 per 100g,WAS $5.30 | WAS $5.30 | OCT | Heinz Rigatoni or Tortellini | Meal 350g $1.00 per 100g,79.0,True,low_name_confidence_strict;single_price_evidence,https://caau.syd1.cdn.digitaloceanspaces.com/wp-content/uploads/catalogue/coles/coles-catalogue-december-4-10-2024-vic-metro/30.jpg,https://www.catalogueau.com/coles/#catalogue=coles/coles-catalogue-december-4-10-2024-vic-metro/,unit_price,unit_price,1,review
Coles,VIC METRO,"Coles Catalogue December 4 - 10, 2024 VIC METRO",2024-12-04,2024-12-11,30,Edgell Beans 400g,1.7,2.2,0.5,22.73,save_amount,400g,$4.25 per kg,SAVE 50‘ | WASS2.20 | Edgell Beans 400g | $4.25 per kg. Excludes Organics,96.4,False,,https://caau.syd1.cdn.digitaloceanspaces.com/wp-content/uploads/catalogue/coles/coles-catalogue-december-4-10-2024-vic-metro/30.jpg,https://www.catalogueau.com/coles/#catalogue=coles/coles-catalogue-december-4-10-2024-vic-metro/,displayed_price,displayed_price;unit_price,2,verified
Coles,VIC METRO,"Coles Catalogue December 4 - 10, 2024 VIC METRO",2024-12-04,2024-12-11,30,San Remo Gluten Free Pasta 200g-350g,3.5,4.5,1.0,22.22,save_amount,200g; 350g,,WASS4.50 | WASS4.50 | San Remo Gluten Free Pasta | 200g-350g | UNCLE | 3 | Garm,79.0,True,low_name_confidence_strict;single_price_evidence,https://caau.syd1.cdn.digitaloceanspaces.com/wp-content/uploads/catalogue/coles/coles-catalogue-december-4-10-2024-vic-metro/30.jpg,https://www.catalogueau.com/coles/#catalogue=coles/coles-catalogue-december-4-10-2024-vic-metro/,displayed_price,displayed_price,1,review
Coles,VIC METRO,"Coles Catalogue December 4 - 10, 2024 VIC METRO",2024-12-04,2024-12-11,30,BSc Bodyscience Protein Water 355mL,4.0,5.0,1.0,20.0,save_amount,355mL,$11.27 per litre,SAVE*1 | WASS5 | BSc Bodyscience Protein | Water 355mL | $11.27 per litre | SMEG,92.66,False,,https://caau.syd1.cdn.digitaloceanspaces.com/wp-content/uploads/catalogue/coles/coles-catalogue-december-4-10-2024-vic-metro/30.jpg,https://www.catalogueau.com/coles/#catalogue=coles/coles-catalogue-december-4-10-2024-vic-metro/,save_was_arithmetic,displayed_price;save_was_arithmetic;unit_price,3,verified
Coles,VIC METRO,"Coles Catalogue December 4 - 10, 2024 VIC METRO",2024-12-04,2024-12-11,30,Carman's Protein Bars 150g-200g,5.5,750.0,744.5,99.27,save_amount,150g; 200g,,"SAVES2 | ‘WAS$750 | Carman's Protein Bars | 150g-200g | Spend $20 in one transaction, scan your Flybuys and receive one Bonus Kitchen Knife credit | when you also purchase a selected product from a participating brand or product range. Limit",90.69,True,single_price_evidence,https://caau.syd1.cdn.digitaloceanspaces.com/wp-content/uploads/catalogue/coles/coles-catalogue-december-4-10-2024-vic-metro/30.jpg,https://www.catalogueau.com/coles/#catalogue=coles/coles-catalogue-december-4-10-2024-vic-metro/,displayed_price,displayed_price,1,review
Coles,VIC METRO,"Coles Catalogue December 4 - 10, 2024 VIC METRO",2024-12-04,2024-12-11,30,Uncle Tobys Plus Cereal 620g-705g,7.0,8.8,1.8,20.45,save_amount,620g; 705g,,SAVE ‘1.80 | WASS8.80 | Uncle Tobys Plus Cereal | 620g-705g,93.86,False,,https://caau.syd1.cdn.digitaloceanspaces.com/wp-content/uploads/catalogue/coles/coles-catalogue-december-4-10-2024-vic-metro/30.jpg,https://www.catalogueau.com/coles/#catalogue=coles/coles-catalogue-december-4-10-2024-vic-metro/,save_was_arithmetic,displayed_price;save_was_arithmetic,2,verified
Coles,VIC METRO,"Coles Catalogue December 4 - 10, 2024 VIC METRO",2024-12-04,2024-12-11,30,Dolmio Extra Pasta Sauce 490g-500g,90.0,,,,special,490g; 500g,,Dolmio Extra Pasta Sauce | 490g-500g | | Gluten Free@,79.0,True,offer_labels_missing;save_amount_missing;regular_price_missing;low_name_confidence_strict;inferred_price_requires_review,https://caau.syd1.cdn.digitaloceanspaces.com/wp-content/uploads/catalogue/coles/coles-catalogue-december-4-10-2024-vic-metro/30.jpg,https://www.catalogueau.com/coles/#catalogue=coles/coles-catalogue-december-4-10-2024-vic-metro/,displayed_price,displayed_price;grid_inference,1,review
Coles,VIC METRO,"Coles Catalogue December 4 - 10, 2024 VIC METRO",2024-12-04,2024-12-11,30,OCT 20; Foster Clark's Liquid Custard 1 Litre,5.0,,,,down_down,1 Litre,$0.50 per 100mL,OCT 20; | Foster Clark's Liquid Custard | 1 Litre $0.50 per 100mL,79.0,True,low_name_confidence_strict,https://caau.syd1.cdn.digitaloceanspaces.com/wp-content/uploads/catalogue/coles/coles-catalogue-december-4-10-2024-vic-metro/30.jpg,https://www.catalogueau.com/coles/#catalogue=coles/coles-catalogue-december-4-10-2024-vic-metro/,displayed_price,displayed_price;unit_price,2,review
Coles,VIC METRO,"Coles Catalogue December 4 - 10, 2024 VIC METRO",2024-12-04,2024-12-11,31,Nice & Natural Nut Bars 180g-1,3.3,5.5,2.2,40.0,save_amount,180g,,WASS5.50 | WASS5.50 | Nice & Natural Nut Bars | 180g-1,79.0,True,low_name_confidence_strict;single_price_evidence,https://caau.syd1.cdn.digitaloceanspaces.com/wp-content/uploads/catalogue/coles/coles-catalogue-december-4-10-2024-vic-metro/31.jpg,https://www.catalogueau.com/coles/#catalogue=coles/coles-catalogue-december-4-10-2024-vic-metro/,displayed_price,displayed_price,1,review
Coles,VIC METRO,"Coles Catalogue December 4 - 10, 2024 VIC METRO",2024-12-04,2024-12-11,31,Jordans Granola or Oat Clusters 500g-750g or Dorset Granola or Muesli 450g,5.4,9.0,3.6,40.0,save_amount,500g; 750g; 450g,,WASS9 | WASS9 | Jordans Granola or Oat Clusters 500g-750g or | Dorset Granola or Muesli 450g | iv ae,95.48,True,single_price_evidence,https://caau.syd1.cdn.digitaloceanspaces.com/wp-content/uploads/catalogue/coles/coles-catalogue-december-4-10-2024-vic-metro/31.jpg,https://www.catalogueau.com/coles/#catalogue=coles/coles-catalogue-december-4-10-2024-vic-metro/,displayed_price,displayed_price,1,review
Coles,VIC METRO,"Coles Catalogue December 4 - 10, 2024 VIC METRO",2024-12-04,2024-12-11,31,Nutella Hazelnut Chocolate Spread 750g,8.75,11.0,2.25,20.45,save_amount,750g,$1.17 per 100g,"WASS11 | WASS11 | Nutella Hazelnut Chocolate | Spread 750g $1.17 per 100g | = | a | ce) | PRO,",96.19,True,single_price_evidence,https://caau.syd1.cdn.digitaloceanspaces.com/wp-content/uploads/catalogue/coles/coles-catalogue-december-4-10-2024-vic-metro/31.jpg,https://www.catalogueau.com/coles/#catalogue=coles/coles-catalogue-december-4-10-2024-vic-metro/,unit_price,unit_price,1,review
Coles,VIC METRO,"Coles Catalogue December 4 - 10, 2024 VIC METRO",2024-12-04,2024-12-11,31,Barker's New Zealand Jam 455g,5.0,6.3,1.3,20.63,save_amount,455g,$1.10 per 100g,WASS6.30 | WASS6.30 | Barker's New Zealand Jam 455g | $1.10 per 100g,96.48,False,,https://caau.syd1.cdn.digitaloceanspaces.com/wp-content/uploads/catalogue/coles/coles-catalogue-december-4-10-2024-vic-metro/31.jpg,https://www.catalogueau.com/coles/#catalogue=coles/coles-catalogue-december-4-10-2024-vic-metro/,displayed_price,displayed_price;unit_price,2,verified
Coles,VIC METRO,"Coles Catalogue December 4 - 10, 2024 VIC METRO",2024-12-04,2024-12-11,31,Lotus Biscoff Spread 700g-720g —>,9.6,12.0,2.4,20.0,save_amount,700g; 720g,,"WaSSi2, | WaSSi2, | Lotus Biscoff Spread 700g-720g | —> | Se | PRO,",77.23,True,low_name_confidence_strict;single_price_evidence,https://caau.syd1.cdn.digitaloceanspaces.com/wp-content/uploads/catalogue/coles/coles-catalogue-december-4-10-2024-vic-metro/31.jpg,https://www.catalogueau.com/coles/#catalogue=coles/coles-catalogue-december-4-10-2024-vic-metro/,displayed_price,displayed_price,1,review
Coles,VIC METRO,"Coles Catalogue December 4 - 10, 2024 VIC METRO",2024-12-04,2024-12-11,31,Plantwell Cholesterol Lowering Oat Milk 1 Litre,3.5,4.5,1.0,22.22,save_amount,1 Litre,$3.50 per litre,WASS4.50 | WASS4.50 | Plantwell Cholesterol | Lowering Oat Milk 1 Litre | $3.50 per litre | SMEG,95.47,True,single_price_evidence,https://caau.syd1.cdn.digitaloceanspaces.com/wp-content/uploads/catalogue/coles/coles-catalogue-december-4-10-2024-vic-metro/31.jpg,https://www.catalogueau.com/coles/#catalogue=coles/coles-catalogue-december-4-10-2024-vic-metro/,unit_price,unit_price,1,review
Coles,VIC METRO,"Coles Catalogue December 4 - 10, 2024 VIC METRO",2024-12-04,2024-12-11,31,Robert Timms Coffee Bags 24 Pack-28 Pack,9.5,13.5,4.0,29.63,save_amount,24 Pack; 28 Pack,,WASS13.50 | WASS13.50 | Robert Timms Coffee | Bags 24 Pack-28 Pack,95.5,True,single_price_evidence,https://caau.syd1.cdn.digitaloceanspaces.com/wp-content/uploads/catalogue/coles/coles-catalogue-december-4-10-2024-vic-metro/31.jpg,https://www.catalogueau.com/coles/#catalogue=coles/coles-catalogue-december-4-10-2024-vic-metro/,displayed_price,displayed_price,1,review
Coles,VIC METRO,"Coles Catalogue December 4 - 10, 2024 VIC METRO",2024-12-04,2024-12-11,31,Moccona Freeze Dried Instant Coffee 200g,13.6,19.5,5.9,30.26,save_amount,200g,$6.80 per 100g,WASS19.50 | WASS19.50 | Moccona Freeze Dried | Instant Coffee 200g | $6.80 per 100g,95.63,False,,https://caau.syd1.cdn.digitaloceanspaces.com/wp-content/uploads/catalogue/coles/coles-catalogue-december-4-10-2024-vic-metro/31.jpg,https://www.catalogueau.com/coles/#catalogue=coles/coles-catalogue-december-4-10-2024-vic-metro/,displayed_price,displayed_price;unit_price,2,verified
Coles,VIC METRO,"Coles Catalogue December 4 - 10, 2024 VIC METRO",2024-12-04,2024-12-11,31,Nestlé Milo 1kg or Milo Pro 700g,12.5,16.0,3.5,21.88,save_amount,1kg; 700g,,WASS16 | WASS16 | Nestlé Milo 1kg or | Milo Pro 700g | Spend $20 in one transaction in-store or online at Coles (after savings and discounts have,94.16,True,single_price_evidence,https://caau.syd1.cdn.digitaloceanspaces.com/wp-content/uploads/catalogue/coles/coles-catalogue-december-4-10-2024-vic-metro/31.jpg,https://www.catalogueau.com/coles/#catalogue=coles/coles-catalogue-december-4-10-2024-vic-metro/,displayed_price,displayed_price,1,review
Coles,VIC METRO,"Coles Catalogue December 4 - 10, 2024 VIC METRO",2024-12-04,2024-12-11,32,Sirena Tuna 95g,2.3,2.95,0.65,22.03,save_amount,95g,$24.21 per kg,WASS$2.95 | WASS$2.95 | Sirena Tuna 95g | $24.21 per kg,94.55,True,single_price_evidence,https://caau.syd1.cdn.digitaloceanspaces.com/wp-content/uploads/catalogue/coles/coles-catalogue-december-4-10-2024-vic-metro/32.jpg,https://www.catalogueau.com/coles/#catalogue=coles/coles-catalogue-december-4-10-2024-vic-metro/,unit_price,unit_price,1,review
Coles,VIC METRO,"Coles Catalogue December 4 - 10, 2024 VIC METRO",2024-12-04,2024-12-11,32,MasterFoods Squeeze Tomato or Barbecue Sauce 475mL-500mL,2.8,3.8,1.0,26.32,save_amount,475mL; 500mL,,WASS3.80 | WASS3.80 | MasterFoods Squeeze Tomato or | Barbecue Sauce 475mL-500mL | *See page 30 for T&Cs | = | ————— i — | —,93.93,True,single_price_evidence,https://caau.syd1.cdn.digitaloceanspaces.com/wp-content/uploads/catalogue/coles/coles-catalogue-december-4-10-2024-vic-metro/32.jpg,https://www.catalogueau.com/coles/#catalogue=coles/coles-catalogue-december-4-10-2024-vic-metro/,displayed_price,displayed_price,1,review
Coles,VIC METRO,"Coles Catalogue December 4 - 10, 2024 VIC METRO",2024-12-04,2024-12-11,32,Old El Paso Taco Sauce 200g,3.6,4.5,0.9,20.0,save_amount,200g,$1.80 per 100g,WASS4.50 | WASS4.50 | Old El Paso Taco Sauce 200g | $1.80 per 100g,96.13,False,,https://caau.syd1.cdn.digitaloceanspaces.com/wp-content/uploads/catalogue/coles/coles-catalogue-december-4-10-2024-vic-metro/32.jpg,https://www.catalogueau.com/coles/#catalogue=coles/coles-catalogue-december-4-10-2024-vic-metro/,displayed_price,displayed_price;unit_price,2,verified
Coles,VIC METRO,"Coles Catalogue December 4 - 10, 2024 VIC METRO",2024-12-04,2024-12-11,32,Green's Pancake Shake 300g-375g,2.8,3.5,0.7,20.0,save_amount,300g; 375g,,WAS$3.50 | WAS$3.50 | Green's Pancake Shake | 300g-375g,94.63,True,single_price_evidence,https://caau.syd1.cdn.digitaloceanspaces.com/wp-content/uploads/catalogue/coles/coles-catalogue-december-4-10-2024-vic-metro/32.jpg,https://www.catalogueau.com/coles/#catalogue=coles/coles-catalogue-december-4-10-2024-vic-metro/,displayed_price,displayed_price,1,review
Coles,VIC METRO,"Coles Catalogue December 4 - 10, 2024 VIC METRO",2024-12-04,2024-12-11,32,Barilla Pasta Sauce 400,3.5,4.9,1.4,28.57,save_amount,,$0.88 per 100g,WASS$4.90 | WASS$4.90 | Barilla Pasta | Sauce 400 | $0.88 per 100g | >,93.26,True,single_price_evidence,https://caau.syd1.cdn.digitaloceanspaces.com/wp-content/uploads/catalogue/coles/coles-catalogue-december-4-10-2024-vic-metro/32.jpg,https://www.catalogueau.com/coles/#catalogue=coles/coles-catalogue-december-4-10-2024-vic-metro/,displayed_price,displayed_price,1,review
Coles,VIC METRO,"Coles Catalogue December 4 - 10, 2024 VIC METRO",2024-12-04,2024-12-11,32,Gravox Gravy Canister 120g-140g,8.0,,,,special,120g; 140g,,Gravox Gravy Canister | 120g-140g,93.47,True,offer_labels_missing;save_amount_missing;regular_price_missing;single_price_evidence,https://caau.syd1.cdn.digitaloceanspaces.com/wp-content/uploads/catalogue/coles/coles-catalogue-december-4-10-2024-vic-metro/32.jpg,https://www.catalogueau.com/coles/#catalogue=coles/coles-catalogue-december-4-10-2024-vic-metro/,displayed_price,displayed_price,1,review
Coles,VIC METRO,"Coles Catalogue December 4 - 10, 2024 VIC METRO",2024-12-04,2024-12-11,32,Coles Canola Oil 4 Litre,13.6,,,,special,4 Litre,$0.34 per 100mL,Coles Canola Oil 4 Litre | $0.34 per 100mL,96.48,True,offer_labels_missing;save_amount_missing;regular_price_missing;single_price_evidence,https://caau.syd1.cdn.digitaloceanspaces.com/wp-content/uploads/catalogue/coles/coles-catalogue-december-4-10-2024-vic-metro/32.jpg,https://www.catalogueau.com/coles/#catalogue=coles/coles-catalogue-december-4-10-2024-vic-metro/,unknown,,0,review
Coles,VIC METRO,"Coles Catalogue December 4 - 10, 2024 VIC METRO",2024-12-04,2024-12-11,33,Bulla Creamy Classic Ice Cream 2 Litre,5.5,11.0,5.5,50.0,half_price,2 Litre,$0.28 per 100mL,SAVE *5.50 | WASS11 | Bulla Creamy Classic Ice | Cream 2 Litre $0.28 per 100mL,95.1,False,,https://caau.syd1.cdn.digitaloceanspaces.com/wp-content/uploads/catalogue/coles/coles-catalogue-december-4-10-2024-vic-metro/33.jpg,https://www.catalogueau.com/coles/#catalogue=coles/coles-catalogue-december-4-10-2024-vic-metro/,save_was_arithmetic,displayed_price;save_was_arithmetic,2,verified
Coles,VIC METRO,"Coles Catalogue December 4 - 10, 2024 VIC METRO",2024-12-04,2024-12-11,33,Bulla Creamy Classic Cones 4 Pack 520mL,5.0,10.0,5.0,50.0,half_price,4 Pack; 520mL,$0.96 per 100mL,SAVES | WASS10 | Bulla Creamy Classic Cones | 4 Pack 520mL $0.96 per 100mL | a | ¢ | past,94.21,False,,https://caau.syd1.cdn.digitaloceanspaces.com/wp-content/uploads/catalogue/coles/coles-catalogue-december-4-10-2024-vic-metro/33.jpg,https://www.catalogueau.com/coles/#catalogue=coles/coles-catalogue-december-4-10-2024-vic-metro/,displayed_price,displayed_price;unit_price,2,verified
Coles,VIC METRO,"Coles Catalogue December 4 - 10, 2024 VIC METRO",2024-12-04,2024-12-11,33,Hershey's or Reese's Tub 1 Litre,5.0,10.0,5.0,50.0,half_price,1 Litre,$0.50 per 100mL,SAVESS | WASS10 | Hershey's or Reese's Tub 1 Litre | $0.50 per 100mL | ¢ | ae,96.3,False,,https://caau.syd1.cdn.digitaloceanspaces.com/wp-content/uploads/catalogue/coles/coles-catalogue-december-4-10-2024-vic-metro/33.jpg,https://www.catalogueau.com/coles/#catalogue=coles/coles-catalogue-december-4-10-2024-vic-metro/,displayed_price,displayed_price;unit_price,2,verified
Coles,VIC METRO,"Coles Catalogue December 4 - 10, 2024 VIC METRO",2024-12-04,2024-12-11,33,Peters Original Twin Pole 8 Pack 544mL-590mL,4.0,8.0,4.0,50.0,half_price,8 Pack; 544mL; 590mL,,SAVES4 | WASS8 | Peters Original Twin Pole | 8 Pack 544mL-590mL,94.4,True,single_price_evidence,https://caau.syd1.cdn.digitaloceanspaces.com/wp-content/uploads/catalogue/coles/coles-catalogue-december-4-10-2024-vic-metro/33.jpg,https://www.catalogueau.com/coles/#catalogue=coles/coles-catalogue-december-4-10-2024-vic-metro/,save_was_arithmetic,save_was_arithmetic,1,review
Coles,VIC METRO,"Coles Catalogue December 4 - 10, 2024 VIC METRO",2024-12-04,2024-12-11,33,Hong Kong Dim Sim Kitchen Pork & Chive Dumplings 300g,4.25,8.5,4.25,50.0,half_price,300g,$1.42 per 100g,SAVE%4.25 | WASS$8.50 | Hong Kong Dim Sim Kitchen | Pork & Chive Dumplings 300g | $1.42 per 100g,96.26,False,,https://caau.syd1.cdn.digitaloceanspaces.com/wp-content/uploads/catalogue/coles/coles-catalogue-december-4-10-2024-vic-metro/33.jpg,https://www.catalogueau.com/coles/#catalogue=coles/coles-catalogue-december-4-10-2024-vic-metro/,save_was_arithmetic,save_was_arithmetic;unit_price,2,verified
Coles,VIC METRO,"Coles Catalogue December 4 - 10, 2024 VIC METRO",2024-12-04,2024-12-11,33,Birds Eye Oven Bake Fish Fillets 425g,6.0,12.0,6.0,50.0,half_price,425g,$14.12 per kg,SAVE*6 | WASS12 | Birds Eye Oven Bake Fish Fillets | 425g $14.12 per kg,95.84,False,,https://caau.syd1.cdn.digitaloceanspaces.com/wp-content/uploads/catalogue/coles/coles-catalogue-december-4-10-2024-vic-metro/33.jpg,https://www.catalogueau.com/coles/#catalogue=coles/coles-catalogue-december-4-10-2024-vic-metro/,save_was_arithmetic,displayed_price;save_was_arithmetic;unit_price,3,verified
Coles,VIC METRO,"Coles Catalogue December 4 - 10, 2024 VIC METRO",2024-12-04,2024-12-11,33,KB's Gyoza 750g,14.4,18.0,3.6,20.0,save_amount,750g,$1.92 per 100g,SAVES3.60 | KB's Gyoza 750g | $1.92 per 100g | VIC-METRO-041 2-24-31 2065,92.51,True,single_price_evidence,https://caau.syd1.cdn.digitaloceanspaces.com/wp-content/uploads/catalogue/coles/coles-catalogue-december-4-10-2024-vic-metro/33.jpg,https://www.catalogueau.com/coles/#catalogue=coles/coles-catalogue-december-4-10-2024-vic-metro/,unit_price,unit_price,1,review
Coles,VIC METRO,"Coles Catalogue December 4 - 10, 2024 VIC METRO",2024-12-04,2024-12-11,33,Four'N Twenty Angus Beef Pies 4 Pack 700g,8.9,12.0,3.1,25.83,save_amount,4 Pack; 700g,$1.27 per 100g,"SAVE53.10 | WASS12 | Four'N Twenty Angus Beef Pies | 4 Pack 700g $1.27 per 100g | 33,",94.9,False,,https://caau.syd1.cdn.digitaloceanspaces.com/wp-content/uploads/catalogue/coles/coles-catalogue-december-4-10-2024-vic-metro/33.jpg,https://www.catalogueau.com/coles/#catalogue=coles/coles-catalogue-december-4-10-2024-vic-metro/,displayed_price,displayed_price;unit_price,2,verified
Coles,VIC METRO,"Coles Catalogue December 4 - 10, 2024 VIC METRO",2024-12-04,2024-12-11,33,McCain Pizza Slices 2 Pack 600g,7.0,9.0,2.0,22.22,save_amount,2 Pack; 600g,$1.17 per 100g,SAVES2 | WASS9 | McCain Pizza Slices 2 Pack 600g | $1.17 per 100g,96.28,False,,https://caau.syd1.cdn.digitaloceanspaces.com/wp-content/uploads/catalogue/coles/coles-catalogue-december-4-10-2024-vic-metro/33.jpg,https://www.catalogueau.com/coles/#catalogue=coles/coles-catalogue-december-4-10-2024-vic-metro/,save_was_arithmetic,displayed_price;save_was_arithmetic;unit_price,3,verified
Coles,VIC METRO,"Coles Catalogue December 4 - 10, 2024 VIC METRO",2024-12-04,2024-12-11,34,Sara Lee Cheesecake 360g-410g SS,4.25,8.5,4.25,50.0,half_price,360g; 410g,,SAVES $4.25 | Sara Lee Cheesecake 360g-410g | SS | _ | ea,78.29,True,low_name_confidence_strict;single_price_evidence,https://caau.syd1.cdn.digitaloceanspaces.com/wp-content/uploads/catalogue/coles/coles-catalogue-december-4-10-2024-vic-metro/34.jpg,https://www.catalogueau.com/coles/#catalogue=coles/coles-catalogue-december-4-10-2024-vic-metro/,displayed_price,displayed_price,1,review
Coles,VIC METRO,"Coles Catalogue December 4 - 10, 2024 VIC METRO",2024-12-04,2024-12-11,34,Weis Bars 4 Pack-6 Pack 264mL-280mL,5.7,9.5,3.8,40.0,save_amount,4 Pack; 6 Pack; 264mL; 280mL,,SAVES3.80 | WASS9.50 | Weis Bars 4 Pack-6 Pack | 264mL-280mL | = | —= | CONNOISSEU | ui,92.18,True,single_price_evidence,https://caau.syd1.cdn.digitaloceanspaces.com/wp-content/uploads/catalogue/coles/coles-catalogue-december-4-10-2024-vic-metro/34.jpg,https://www.catalogueau.com/coles/#catalogue=coles/coles-catalogue-december-4-10-2024-vic-metro/,save_was_arithmetic,save_was_arithmetic,1,review
Coles,VIC METRO,"Coles Catalogue December 4 - 10, 2024 VIC METRO",2024-12-04,2024-12-11,34,Cadbury Dairy Milk Sticks 4 Pack 360mL,8.5,12.0,3.5,29.17,save_amount,4 Pack; 360mL,$2.36 per 100mL,SAVES3.50 | WASS12 | Cadbury Dairy Milk Sticks 4 Pack | 360mL $2.36 per 100mL | Pélers,93.91,False,,https://caau.syd1.cdn.digitaloceanspaces.com/wp-content/uploads/catalogue/coles/coles-catalogue-december-4-10-2024-vic-metro/34.jpg,https://www.catalogueau.com/coles/#catalogue=coles/coles-catalogue-december-4-10-2024-vic-metro/,save_was_arithmetic,displayed_price;save_was_arithmetic;unit_price,3,verified
Coles,VIC METRO,"Coles Catalogue December 4 - 10, 2024 VIC METRO",2024-12-04,2024-12-11,34,Kinder Bueno Frozen Dessert Cones 4 Pack 2,9.0,12.0,3.0,25.0,save_amount,4 Pack,$3.54 per 100g,SAVE*3 | WASS12 | Kinder Bueno Frozen Dessert | Cones 4 Pack 2 | $3.54 per 100g | = | — | BEER,96.38,False,,https://caau.syd1.cdn.digitaloceanspaces.com/wp-content/uploads/catalogue/coles/coles-catalogue-december-4-10-2024-vic-metro/34.jpg,https://www.catalogueau.com/coles/#catalogue=coles/coles-catalogue-december-4-10-2024-vic-metro/,save_was_arithmetic,displayed_price;save_was_arithmetic,2,verified
Coles,VIC METRO,"Coles Catalogue December 4 - 10, 2024 VIC METRO",2024-12-04,2024-12-11,34,Connoisseur 4 Pack-6 Pack 360mL-400mL,8.5,12.0,3.5,29.17,save_amount,4 Pack; 6 Pack; 360mL; 400mL,,"SAVES3.50 | WASS | Connoisseur | 4 Pack-6 Pack 360mL-400mL | *See page 30 for T&Cs | — | OR,",92.61,True,single_price_evidence,https://caau.syd1.cdn.digitaloceanspaces.com/wp-content/uploads/catalogue/coles/coles-catalogue-december-4-10-2024-vic-metro/34.jpg,https://www.catalogueau.com/coles/#catalogue=coles/coles-catalogue-december-4-10-2024-vic-metro/,displayed_price,displayed_price,1,review
Coles,VIC METRO,"Coles Catalogue December 4 - 10, 2024 VIC METRO",2024-12-04,2024-12-11,34,Peters Original 4 Litre,8.7,10.9,2.2,20.18,save_amount,4 Litre,$0.22 per 100mL,SAVE$2.20 | WASS10.90 | Peters Original 4 Litre | $0.22 per 100mL. On sale for 2 weeks,96.36,True,single_price_evidence,https://caau.syd1.cdn.digitaloceanspaces.com/wp-content/uploads/catalogue/coles/coles-catalogue-december-4-10-2024-vic-metro/34.jpg,https://www.catalogueau.com/coles/#catalogue=coles/coles-catalogue-december-4-10-2024-vic-metro/,save_was_arithmetic,save_was_arithmetic,1,review
Coles,VIC METRO,"Coles Catalogue December 4 - 10, 2024 VIC METRO",2024-12-04,2024-12-11,34,1&J Fish Fillets 425g,5.5,7.0,1.5,21.43,save_amount,425g,$12.94 per kg,"SAVES1.50 | WASS | 1&J Fish Fillets 425g | $12.94 per kg | Catalogue on sale Wed 4th Dec until Tue 10th Dec 2024 or until Tue 17th Dec where indicated.Selected specials | commenced Wed 27th Nov. Promotional prices commence 7am Wednesday and may commence or extend beyond the | advertised date. Promotional products and prices are not available on DoorDash, UberEats or at Coles Express, and may not | be available at Coles online, Coles Local, Coles Melboume Central, Albury, Deniliquin and Lavington. Deli promotions are not",94.63,True,single_price_evidence,https://caau.syd1.cdn.digitaloceanspaces.com/wp-content/uploads/catalogue/coles/coles-catalogue-december-4-10-2024-vic-metro/34.jpg,https://www.catalogueau.com/coles/#catalogue=coles/coles-catalogue-december-4-10-2024-vic-metro/,unit_price,unit_price,1,review
Coles,VIC METRO,"Coles Catalogue December 4 - 10, 2024 VIC METRO",2024-12-04,2024-12-11,34,Patties Party Pack 30 Pack 1.25kg,10.8,18.0,7.2,40.0,save_amount,30 Pack; 1.25kg,$0.86 per 100g,SAVES7.20 | WASS18 | Patties Party Pack 30 Pack | 1.25kg $0.86 per 100g,95.72,True,single_price_evidence,https://caau.syd1.cdn.digitaloceanspaces.com/wp-content/uploads/catalogue/coles/coles-catalogue-december-4-10-2024-vic-metro/34.jpg,https://www.catalogueau.com/coles/#catalogue=coles/coles-catalogue-december-4-10-2024-vic-metro/,save_was_arithmetic,save_was_arithmetic,1,review
Coles,VIC METRO,"Coles Catalogue December 4 - 10, 2024 VIC METRO",2024-12-04,2024-12-11,35,1&J Raw Prawns Tail On or Off 500g,12.0,24.0,12.0,50.0,half_price,500g,$24.00 per kg,"WAS$24 | WAS$24 | 1&J Raw | Prawns Tail On | or Off 500g | $24.00 per kg | ae, | |",79.0,True,low_name_confidence_strict,https://caau.syd1.cdn.digitaloceanspaces.com/wp-content/uploads/catalogue/coles/coles-catalogue-december-4-10-2024-vic-metro/35.jpg,https://www.catalogueau.com/coles/#catalogue=coles/coles-catalogue-december-4-10-2024-vic-metro/,displayed_price,displayed_price;unit_price,2,review
Coles,VIC METRO,"Coles Catalogue December 4 - 10, 2024 VIC METRO",2024-12-04,2024-12-11,35,1&J Southern Blue Whiting Fillets 500g,9.0,11.0,2.0,18.18,save_amount,500g,$18.00 per kg,WASS11 | WASS11 | 1&J Southern | Blue Whiting | Fillets 500g | $18.00 per kg | ‘>,79.0,True,low_name_confidence_strict,https://caau.syd1.cdn.digitaloceanspaces.com/wp-content/uploads/catalogue/coles/coles-catalogue-december-4-10-2024-vic-metro/35.jpg,https://www.catalogueau.com/coles/#catalogue=coles/coles-catalogue-december-4-10-2024-vic-metro/,displayed_price,displayed_price;unit_price,2,review
Coles,VIC METRO,"Coles Catalogue December 4 - 10, 2024 VIC METRO",2024-12-04,2024-12-11,36,Latina Filled Pasta 625g,8.0,11.0,3.0,27.27,save_amount,625g,$1.28 per 100g,SAVE 53 | WASS11 | Latina Filled Pasta 625g | $1.28 per 100g | Lt | cokes | mw Ki,96.11,False,,https://caau.syd1.cdn.digitaloceanspaces.com/wp-content/uploads/catalogue/coles/coles-catalogue-december-4-10-2024-vic-metro/36.jpg,https://www.catalogueau.com/coles/#catalogue=coles/coles-catalogue-december-4-10-2024-vic-metro/,save_was_arithmetic,displayed_price;save_was_arithmetic;unit_price,3,verified
Coles,VIC METRO,"Coles Catalogue December 4 - 10, 2024 VIC METRO",2024-12-04,2024-12-11,36,Rana Filled Pasta 325g,5.5,8.0,2.5,31.25,save_amount,325g,$1.69 per 100g,SAVES2.50 | Rana Filled Pasta 325g | $1.69 per 100g | Qe | HEALSEATES,96.28,False,,https://caau.syd1.cdn.digitaloceanspaces.com/wp-content/uploads/catalogue/coles/coles-catalogue-december-4-10-2024-vic-metro/36.jpg,https://www.catalogueau.com/coles/#catalogue=coles/coles-catalogue-december-4-10-2024-vic-metro/,displayed_price,displayed_price;unit_price,2,verified
Coles,VIC METRO,"Coles Catalogue December 4 - 10, 2024 VIC METRO",2024-12-04,2024-12-11,36,Yumi's Dip 200g,6.0,9.0,3.0,33.33,save_amount,200g,$1.50 per 100g,SAVE *3 | Yumi's Dip 200g | $1.50 per 100g | Kit | ae,94.48,True,unit_price_conflict;single_price_evidence,https://caau.syd1.cdn.digitaloceanspaces.com/wp-content/uploads/catalogue/coles/coles-catalogue-december-4-10-2024-vic-metro/36.jpg,https://www.catalogueau.com/coles/#catalogue=coles/coles-catalogue-december-4-10-2024-vic-metro/,displayed_price,displayed_price,1,review
Coles,VIC METRO,"Coles Catalogue December 4 - 10, 2024 VIC METRO",2024-12-04,2024-12-11,36,Coles Kitchen Family Tray Bake 1.4kg,22.0,25.0,3.0,12.0,save_amount,1.4kg,$1.57 per 100g,WAS $25 | WAS $25 | NOV 2024 | Coles Kitchen Family Tray Bake | 1.4kg $1.57 per 100g,95.47,True,single_price_evidence,https://caau.syd1.cdn.digitaloceanspaces.com/wp-content/uploads/catalogue/coles/coles-catalogue-december-4-10-2024-vic-metro/36.jpg,https://www.catalogueau.com/coles/#catalogue=coles/coles-catalogue-december-4-10-2024-vic-metro/,displayed_price,displayed_price,1,review
Coles,VIC METRO,"Coles Catalogue December 4 - 10, 2024 VIC METRO",2024-12-04,2024-12-11,36,Coles Kitchen Meal 310g-350g,15.0,16.0,1.0,6.25,save_amount,310g; 350g,,SAVE*1 | Coles Kitchen Meal 310g-350g,93.49,True,single_price_evidence,https://caau.syd1.cdn.digitaloceanspaces.com/wp-content/uploads/catalogue/coles/coles-catalogue-december-4-10-2024-vic-metro/36.jpg,https://www.catalogueau.com/coles/#catalogue=coles/coles-catalogue-december-4-10-2024-vic-metro/,displayed_price,displayed_price,1,review
Coles,VIC METRO,"Coles Catalogue December 4 - 10, 2024 VIC METRO",2024-12-04,2024-12-11,36,Western Star Butter 500g,7.0,8.0,1.0,12.5,save_amount,500g,,SAVES1 | WASS8 | Western Star Butter 500g | $1.40 per 1 | O per 100g | 36,96.45,False,,https://caau.syd1.cdn.digitaloceanspaces.com/wp-content/uploads/catalogue/coles/coles-catalogue-december-4-10-2024-vic-metro/36.jpg,https://www.catalogueau.com/coles/#catalogue=coles/coles-catalogue-december-4-10-2024-vic-metro/,save_was_arithmetic,displayed_price;save_was_arithmetic,2,verified
Coles,VIC METRO,"Coles Catalogue December 4 - 10, 2024 VIC METRO",2024-12-04,2024-12-11,36,Coles Beef Lasagne 1.8kg,12.5,,,,down_down,1.8kg,$0.69 per 100g,Coles Beef Lasagne 1.8kg | $0.69 per 100g,93.69,True,save_amount_missing;regular_price_missing;single_price_evidence,https://caau.syd1.cdn.digitaloceanspaces.com/wp-content/uploads/catalogue/coles/coles-catalogue-december-4-10-2024-vic-metro/36.jpg,https://www.catalogueau.com/coles/#catalogue=coles/coles-catalogue-december-4-10-2024-vic-metro/,displayed_price,displayed_price,1,review
Coles,VIC METRO,"Coles Catalogue December 4 - 10, 2024 VIC METRO",2024-12-04,2024-12-11,37,Gippsland Dairy Mix-ins 140g,1.92,3.85,1.93,50.13,half_price,140g,$1.37 per 100g,SAVE‘1.93 | WASS3.85 | Gippsland Dairy Mix-ins 140g | $1.37 per 100g,94.17,False,,https://caau.syd1.cdn.digitaloceanspaces.com/wp-content/uploads/catalogue/coles/coles-catalogue-december-4-10-2024-vic-metro/37.jpg,https://www.catalogueau.com/coles/#catalogue=coles/coles-catalogue-december-4-10-2024-vic-metro/,save_was_arithmetic,displayed_price;save_was_arithmetic;unit_price,3,verified
Coles,VIC METRO,"Coles Catalogue December 4 - 10, 2024 VIC METRO",2024-12-04,2024-12-11,37,Vaalia Probiotics Kids Yo hurt Pouch 140g,1.9,2.4,0.5,20.83,save_amount,140g,$1.36 per 100g,SAVE50‘ | WAS$2.40 | Vaalia Probiotics Kids Yo | hurt | Pouch 140g $1.36 per 100g | 100g,79.0,True,low_name_confidence_strict;single_price_evidence,https://caau.syd1.cdn.digitaloceanspaces.com/wp-content/uploads/catalogue/coles/coles-catalogue-december-4-10-2024-vic-metro/37.jpg,https://www.catalogueau.com/coles/#catalogue=coles/coles-catalogue-december-4-10-2024-vic-metro/,unit_price,unit_price,1,review
Coles,VIC METRO,"Coles Catalogue December 4 - 10, 2024 VIC METRO",2024-12-04,2024-12-11,37,Jaina Greek Yoghurt 1kg,6.5,8.3,1.8,21.69,save_amount,1kg,$0.65 per 100g,SAVE51.80 | WAS$8.30 | Jaina Greek Yoghurt Ikg | $0.65 per 100g | = | = | =,85.4,False,,https://caau.syd1.cdn.digitaloceanspaces.com/wp-content/uploads/catalogue/coles/coles-catalogue-december-4-10-2024-vic-metro/37.jpg,https://www.catalogueau.com/coles/#catalogue=coles/coles-catalogue-december-4-10-2024-vic-metro/,displayed_price,displayed_price;unit_price,2,verified
Coles,VIC METRO,"Coles Catalogue December 4 - 10, 2024 VIC METRO",2024-12-04,2024-12-11,37,Nuttelex Spread 500g,4.7,5.2,0.5,9.62,save_amount,500g,$0.94 per 100g,SAVE50° | WASS5.20 | Nuttelex Spread 500g | $0.94 per 100g | it,94.7,False,,https://caau.syd1.cdn.digitaloceanspaces.com/wp-content/uploads/catalogue/coles/coles-catalogue-december-4-10-2024-vic-metro/37.jpg,https://www.catalogueau.com/coles/#catalogue=coles/coles-catalogue-december-4-10-2024-vic-metro/,displayed_price,displayed_price;unit_price,2,verified
Coles,VIC METRO,"Coles Catalogue December 4 - 10, 2024 VIC METRO",2024-12-04,2024-12-11,37,Philadelphia Cream Cheese Block Twin Pack 2x250,8.0,10.0,2.0,20.0,save_amount,,$16.00 per kg,WASS10 | WASS10 | Philadelphia Cream Cheese | Block Twin Pack 2x250 | $16.00 per kg. On sale for 2 weeks,79.0,True,low_name_confidence_strict;single_price_evidence,https://caau.syd1.cdn.digitaloceanspaces.com/wp-content/uploads/catalogue/coles/coles-catalogue-december-4-10-2024-vic-metro/37.jpg,https://www.catalogueau.com/coles/#catalogue=coles/coles-catalogue-december-4-10-2024-vic-metro/,displayed_price,displayed_price,1,review
Coles,VIC METRO,"Coles Catalogue December 4 - 10, 2024 VIC METRO",2024-12-04,2024-12-11,37,Big M Flavoured Milk 750mL,3.9,73.9,70.0,94.72,save_amount,750mL,$5.20 per litre,SAVE 70° | Big M Flavoured Milk | 750mL $5.20 per litre | 37,95.27,True,single_price_evidence,https://caau.syd1.cdn.digitaloceanspaces.com/wp-content/uploads/catalogue/coles/coles-catalogue-december-4-10-2024-vic-metro/37.jpg,https://www.catalogueau.com/coles/#catalogue=coles/coles-catalogue-december-4-10-2024-vic-metro/,unit_price,unit_price,1,review
Coles,VIC METRO,"Coles Catalogue December 4 - 10, 2024 VIC METRO",2024-12-04,2024-12-11,37,Dare Flavoured Milk 750mL,4.2,5.25,1.05,20.0,save_amount,750mL,$5.60 per litre,SAVES1.05 | WASS5.25 | Dare Flavoured Milk | 750mL $5.60 per litre | VIC-METRO-041 2-24-31 2065,95.62,False,,https://caau.syd1.cdn.digitaloceanspaces.com/wp-content/uploads/catalogue/coles/coles-catalogue-december-4-10-2024-vic-metro/37.jpg,https://www.catalogueau.com/coles/#catalogue=coles/coles-catalogue-december-4-10-2024-vic-metro/,save_was_arithmetic,save_was_arithmetic;unit_price,2,verified
Coles,VIC METRO,"Coles Catalogue December 4 - 10, 2024 VIC METRO",2024-12-04,2024-12-11,37,Nudie Pulp or Pulp Free Orange Juice 2 Litre,8.5,9.5,1.0,10.53,save_amount,2 Litre,$4.25 per litre,SAVES1 | WASS$9.50 | Nudie Pulp or Pulp Free | Orange Juice 2 Litre | $4.25 per litre,95.93,False,,https://caau.syd1.cdn.digitaloceanspaces.com/wp-content/uploads/catalogue/coles/coles-catalogue-december-4-10-2024-vic-metro/37.jpg,https://www.catalogueau.com/coles/#catalogue=coles/coles-catalogue-december-4-10-2024-vic-metro/,save_was_arithmetic,displayed_price;save_was_arithmetic;unit_price,3,verified
Coles,VIC METRO,"Coles Catalogue December 4 - 10, 2024 VIC METRO",2024-12-04,2024-12-11,37,Ice Break Flavoured Milk 500mL,6.0,7.9,1.9,24.05,save_amount,500mL,$6.00 per litre,SAVE‘1.90 | Ice Break Flavoured | Milk 500mL | $6.00 per litre | 37,93.99,True,unit_price_conflict;single_price_evidence,https://caau.syd1.cdn.digitaloceanspaces.com/wp-content/uploads/catalogue/coles/coles-catalogue-december-4-10-2024-vic-metro/37.jpg,https://www.catalogueau.com/coles/#catalogue=coles/coles-catalogue-december-4-10-2024-vic-metro/,displayed_price,displayed_price,1,review
Coles,VIC METRO,"Coles Catalogue December 4 - 10, 2024 VIC METRO",2024-12-04,2024-12-11,38,"Only Organic 4+ Months, 6+ Months or 8+ Months Baby Food Pouch 120g",2.0,,,,special,120g,$1.67 per 100g,"| SAVESO' — | Only Organic 4+ Months, | 6+ Months or 8+ Months | Baby Food Pouch 120g | $1.67 per 100g | 38",96.54,True,save_amount_missing;regular_price_missing;single_price_evidence,https://caau.syd1.cdn.digitaloceanspaces.com/wp-content/uploads/catalogue/coles/coles-catalogue-december-4-10-2024-vic-metro/38.jpg,https://www.catalogueau.com/coles/#catalogue=coles/coles-catalogue-december-4-10-2024-vic-metro/,unit_price,unit_price,1,review
Coles,VIC METRO,"Coles Catalogue December 4 - 10, 2024 VIC METRO",2024-12-04,2024-12-11,38,Huggies Bulk Nappy Pants 24 Pack-36 Pack,13.0,,,,special,24 Pack; 36 Pack,,Huggies Bulk Nappy Pants 24 Pack-36 Pack,95.57,True,offer_labels_missing;save_amount_missing;regular_price_missing;single_price_evidence,https://caau.syd1.cdn.digitaloceanspaces.com/wp-content/uploads/catalogue/coles/coles-catalogue-december-4-10-2024-vic-metro/38.jpg,https://www.catalogueau.com/coles/#catalogue=coles/coles-catalogue-december-4-10-2024-vic-metro/,displayed_price,displayed_price,1,review
Coles,VIC METRO,"Coles Catalogue December 4 - 10, 2024 VIC METRO",2024-12-04,2024-12-11,38,Curash Fragrance Free Baby Wipes 80 Pack,3.85,,,,special,80 Pack,$4.81 per 100 each,Curash Fragrance Free | Baby Wipes 80 Pack | $4.81 per 100 each,95.79,False,,https://caau.syd1.cdn.digitaloceanspaces.com/wp-content/uploads/catalogue/coles/coles-catalogue-december-4-10-2024-vic-metro/38.jpg,https://www.catalogueau.com/coles/#catalogue=coles/coles-catalogue-december-4-10-2024-vic-metro/,displayed_price,displayed_price;unit_price,2,verified
Coles,VIC METRO,"Coles Catalogue December 4 - 10, 2024 VIC METRO",2024-12-04,2024-12-11,38,Huggies DryNites Night Time Pants 8 Pack-10 Pack,10.0,,,,special,8 Pack; 10 Pack,,Huggies DryNites | Night Time Pants | 8 Pack-10 Pack | 2nd week on sale,79.0,True,offer_labels_missing;save_amount_missing;regular_price_missing;low_name_confidence_strict;single_price_evidence,https://caau.syd1.cdn.digitaloceanspaces.com/wp-content/uploads/catalogue/coles/coles-catalogue-december-4-10-2024-vic-metro/38.jpg,https://www.catalogueau.com/coles/#catalogue=coles/coles-catalogue-december-4-10-2024-vic-metro/,displayed_price,displayed_price,1,review
Coles,VIC METRO,"Coles Catalogue December 4 - 10, 2024 VIC METRO",2024-12-04,2024-12-11,38,QV Baby Gentle Wash 500g,14.0,,,,special,500g,$2.80 per 100g,QV Baby Gentle Wash | 500g $2.80 per 100g | ———,95.73,False,,https://caau.syd1.cdn.digitaloceanspaces.com/wp-content/uploads/catalogue/coles/coles-catalogue-december-4-10-2024-vic-metro/38.jpg,https://www.catalogueau.com/coles/#catalogue=coles/coles-catalogue-december-4-10-2024-vic-metro/,displayed_price,displayed_price;unit_price,2,verified
Coles,VIC METRO,"Coles Catalogue December 4 - 10, 2024 VIC METRO",2024-12-04,2024-12-11,38,Rascals Premium Nappies 26 Pack-54 Pack,15.5,,,,special,26 Pack; 54 Pack,,Rascals Premium Nappies | 26 Pack-54 Pack | Ses,95.29,True,offer_labels_missing;save_amount_missing;regular_price_missing;single_price_evidence,https://caau.syd1.cdn.digitaloceanspaces.com/wp-content/uploads/catalogue/coles/coles-catalogue-december-4-10-2024-vic-metro/38.jpg,https://www.catalogueau.com/coles/#catalogue=coles/coles-catalogue-december-4-10-2024-vic-metro/,displayed_price,displayed_price,1,review
Coles,VIC METRO,"Coles Catalogue December 4 - 10, 2024 VIC METRO",2024-12-04,2024-12-11,38,Little Bellies Softcorn 8g,1.85,,,,special,8g,$23.13 per 100g,Little Bellies Softcorn 8g | $23.13 per 100g | VIC-METRO-041 2-24-31 2065,93.31,False,,https://caau.syd1.cdn.digitaloceanspaces.com/wp-content/uploads/catalogue/coles/coles-catalogue-december-4-10-2024-vic-metro/38.jpg,https://www.catalogueau.com/coles/#catalogue=coles/coles-catalogue-december-4-10-2024-vic-metro/,displayed_price,displayed_price;unit_price,2,verified
Coles,VIC METRO,"Coles Catalogue December 4 - 10, 2024 VIC METRO",2024-12-04,2024-12-11,38,Nestlé NAN SupremePro Stage 3 or 4 Milk Drink 800g,24.0,,,,special,800g,$3.00 per 100g,Nestlé NAN SupremePro | Stage 3 or 4 Milk Drink | 800g $3.00 per 100g | 38,93.47,False,,https://caau.syd1.cdn.digitaloceanspaces.com/wp-content/uploads/catalogue/coles/coles-catalogue-december-4-10-2024-vic-metro/38.jpg,https://www.catalogueau.com/coles/#catalogue=coles/coles-catalogue-december-4-10-2024-vic-metro/,displayed_price,displayed_price;unit_price,2,verified
Coles,VIC METRO,"Coles Catalogue December 4 - 10, 2024 VIC METRO",2024-12-04,2024-12-11,38,BabyLove Cosifit Jumbo Nappies 54 Pack-84 Pack,24.0,,,,special,54 Pack; 84 Pack,,BabyLove Cosifit | Jumbo Nappies | 54 Pack-84 Pack,92.83,True,offer_labels_missing;save_amount_missing;regular_price_missing;single_price_evidence,https://caau.syd1.cdn.digitaloceanspaces.com/wp-content/uploads/catalogue/coles/coles-catalogue-december-4-10-2024-vic-metro/38.jpg,https://www.catalogueau.com/coles/#catalogue=coles/coles-catalogue-december-4-10-2024-vic-metro/,displayed_price,displayed_price,1,review
Coles,VIC METRO,"Coles Catalogue December 4 - 10, 2024 VIC METRO",2024-12-04,2024-12-11,39,U by Kotex Designer Series Liners or Sport Liners 30 Pack,2.1,4.2,2.1,50.0,half_price,30 Pack,$0.07 per each,WASS4.20 | WASS4.20 | U by Kotex Designer Series | Liners or Sport Liners 30 Pack | $0.07 per each | | | |,96.41,True,inferred_price_requires_review,https://caau.syd1.cdn.digitaloceanspaces.com/wp-content/uploads/catalogue/coles/coles-catalogue-december-4-10-2024-vic-metro/39.jpg,https://www.catalogueau.com/coles/#catalogue=coles/coles-catalogue-december-4-10-2024-vic-metro/,displayed_price,displayed_price;page_discount,1,review
Coles,VIC METRO,"Coles Catalogue December 4 - 10, 2024 VIC METRO",2024-12-04,2024-12-11,39,U By Kotex Teen Ultra Thin Pads With Wings Regular 14 Pack or Super 12 Pack,2.5,5.0,2.5,50.0,half_price,14 Pack; 12 Pack,,WASS5 | WASS5 | U By Kotex Teen Ultra Thin Pads | With Wings Regular 14 Pack or | Super 12 Pack,79.0,True,low_name_confidence_strict;inferred_price_requires_review,https://caau.syd1.cdn.digitaloceanspaces.com/wp-content/uploads/catalogue/coles/coles-catalogue-december-4-10-2024-vic-metro/39.jpg,https://www.catalogueau.com/coles/#catalogue=coles/coles-catalogue-december-4-10-2024-vic-metro/,displayed_price,displayed_price;page_discount,1,review
Coles,VIC METRO,"Coles Catalogue December 4 - 10, 2024 VIC METRO",2024-12-04,2024-12-11,39,U By Kotex Tampons Regular or Super 16 Pack,2.5,5.0,2.5,50.0,half_price,16 Pack,$0.16 per each,WASS5 | WASS5 | U By Kotex Tampons Regular | or Super 16 Pack | $0.16 per each,96.25,True,inferred_price_requires_review,https://caau.syd1.cdn.digitaloceanspaces.com/wp-content/uploads/catalogue/coles/coles-catalogue-december-4-10-2024-vic-metro/39.jpg,https://www.catalogueau.com/coles/#catalogue=coles/coles-catalogue-december-4-10-2024-vic-metro/,displayed_price,displayed_price;page_discount,1,review
Coles,VIC METRO,"Coles Catalogue December 4 - 10, 2024 VIC METRO",2024-12-04,2024-12-11,39,U by Kotex Overnight Extra Pads with Wings 10 Pack,2.5,5.0,2.5,50.0,half_price,10 Pack,$0.25 per each,WASS5 | WASS5 | U by Kotex Overnight Extra | Pads with Wings 10 Pack | $0.25 per each,96.57,False,,https://caau.syd1.cdn.digitaloceanspaces.com/wp-content/uploads/catalogue/coles/coles-catalogue-december-4-10-2024-vic-metro/39.jpg,https://www.catalogueau.com/coles/#catalogue=coles/coles-catalogue-december-4-10-2024-vic-metro/,displayed_price,displayed_price;page_discount;unit_price,2,verified
Coles,VIC METRO,"Coles Catalogue December 4 - 10, 2024 VIC METRO",2024-12-04,2024-12-11,39,U by Kotex Maternity Pads No Wings 10 Pack,2.5,5.0,2.5,50.0,half_price,10 Pack,$0.25 per each,WASS5 | WASS5 | U by Kotex Maternity Pads | No Wings 10 Pack | $0.25 per each,96.1,False,,https://caau.syd1.cdn.digitaloceanspaces.com/wp-content/uploads/catalogue/coles/coles-catalogue-december-4-10-2024-vic-metro/39.jpg,https://www.catalogueau.com/coles/#catalogue=coles/coles-catalogue-december-4-10-2024-vic-metro/,displayed_price,displayed_price;page_discount;unit_price,2,verified
Coles,VIC METRO,"Coles Catalogue December 4 - 10, 2024 VIC METRO",2024-12-04,2024-12-11,39,U By Kotex Ultra Thin Sport Pads With Wings Regular 12 Pack or Super 10 Pack,2.8,5.6,2.8,50.0,half_price,12 Pack; 10 Pack,,WASS5.60 | WASS5.60 | U By Kotex Ultra Thin Sport | Pads With Wings Regular | 12 Pack or Super 10 Pack | VIC-METRO-041 2-24-31 2065,95.75,True,inferred_price_requires_review,https://caau.syd1.cdn.digitaloceanspaces.com/wp-content/uploads/catalogue/coles/coles-catalogue-december-4-10-2024-vic-metro/39.jpg,https://www.catalogueau.com/coles/#catalogue=coles/coles-catalogue-december-4-10-2024-vic-metro/,displayed_price,displayed_price;page_discount,1,review
Coles,VIC METRO,"Coles Catalogue December 4 - 10, 2024 VIC METRO",2024-12-04,2024-12-11,39,U by Kotex Sport Tampons 16 Pack,2.95,5.9,2.95,50.0,half_price,16 Pack,$0.18 per each,‘WAS$5.90 | ‘WAS$5.90 | U by Kotex Sport Tampons | 16 Pack $0.18 per each,96.27,True,inferred_price_requires_review,https://caau.syd1.cdn.digitaloceanspaces.com/wp-content/uploads/catalogue/coles/coles-catalogue-december-4-10-2024-vic-metro/39.jpg,https://www.catalogueau.com/coles/#catalogue=coles/coles-catalogue-december-4-10-2024-vic-metro/,displayed_price,displayed_price;page_discount,1,review
Coles,VIC METRO,"Coles Catalogue December 4 - 10, 2024 VIC METRO",2024-12-04,2024-12-11,39,U By Kotex Designer Ultra Thin Regular Pads With Wings 22 Pack,4.2,8.4,4.2,50.0,half_price,22 Pack,$0.19 per each,WASS8.40 | WASS8.40 | U By Kotex Designer Ultra | Thin Regular Pads With Wings | 22 Pack $0.19 per each,96.54,True,inferred_price_requires_review,https://caau.syd1.cdn.digitaloceanspaces.com/wp-content/uploads/catalogue/coles/coles-catalogue-december-4-10-2024-vic-metro/39.jpg,https://www.catalogueau.com/coles/#catalogue=coles/coles-catalogue-december-4-10-2024-vic-metro/,page_discount_inference,page_discount,0,review
Coles,VIC METRO,"Coles Catalogue December 4 - 10, 2024 VIC METRO",2024-12-04,2024-12-11,40,Berocca Energy Effervescents 45 Pack,13.0,,,,special,45 Pack,$28.89 per 100 each,Berocca Energy | Effervescents 45 Pack | $28.89 per 100 each,93.47,True,single_price_evidence,https://caau.syd1.cdn.digitaloceanspaces.com/wp-content/uploads/catalogue/coles/coles-catalogue-december-4-10-2024-vic-metro/40.jpg,https://www.catalogueau.com/coles/#catalogue=coles/coles-catalogue-december-4-10-2024-vic-metro/,unit_price,unit_price,1,review
Coles,VIC METRO,"Coles Catalogue December 4 - 10, 2024 VIC METRO",2024-12-04,2024-12-11,42,Colgate Advanced Whitening & Tartar or Max Fresh Toothpaste 115g,4.5,6.5,2.0,30.77,save_amount,115g,$3.91 per 100g,WASS$6.50 | WASS$6.50 | Colgate Advanced Whitening | & Tartar or Max Fresh Toothpaste | 115g $3.91 per 100g | *See page 30 forT&Cs | | Ce,96.27,True,single_price_evidence,https://caau.syd1.cdn.digitaloceanspaces.com/wp-content/uploads/catalogue/coles/coles-catalogue-december-4-10-2024-vic-metro/42.jpg,https://www.catalogueau.com/coles/#catalogue=coles/coles-catalogue-december-4-10-2024-vic-metro/,unit_price,unit_price,1,review
Coles,VIC METRO,"Coles Catalogue December 4 - 10, 2024 VIC METRO",2024-12-04,2024-12-11,42,Sensodyne Repair & Protect Toothpaste 100g*,7.0,12.3,5.3,43.09,save_amount,100g,$7.00 per 100g,WASS12.30 | WASS12.30 | Sensodyne Repair & Protect | Toothpaste 100g* $7.00 per 100g | zz | a] | 1,93.11,False,,https://caau.syd1.cdn.digitaloceanspaces.com/wp-content/uploads/catalogue/coles/coles-catalogue-december-4-10-2024-vic-metro/42.jpg,https://www.catalogueau.com/coles/#catalogue=coles/coles-catalogue-december-4-10-2024-vic-metro/,displayed_price,displayed_price;unit_price,2,verified
Coles,VIC METRO,"Coles Catalogue December 4 - 10, 2024 VIC METRO",2024-12-04,2024-12-11,42,Oral B Precision Clean Electric Toothbrush Refill Heads 3 Pack,13.5,23.0,9.5,41.3,save_amount,3 Pack,$4.50 per each,WAS$23 | WAS$23 | Oral B Precision Clean Electric | Toothbrush Refill Heads 3 Pack | $4.50 per each | ———,96.22,True,single_price_evidence,https://caau.syd1.cdn.digitaloceanspaces.com/wp-content/uploads/catalogue/coles/coles-catalogue-december-4-10-2024-vic-metro/42.jpg,https://www.catalogueau.com/coles/#catalogue=coles/coles-catalogue-december-4-10-2024-vic-metro/,unit_price,unit_price,1,review
Coles,VIC METRO,"Coles Catalogue December 4 - 10, 2024 VIC METRO",2024-12-04,2024-12-11,42,Tena Men Active Fit Plus Navy Incontinence Pants Size L/XL 8 Pack,10.0,14.3,4.3,30.07,save_amount,8 Pack,$1.25 per each,‘WAS$14.30 | ‘WAS$14.30 | Tena Men Active Fit Plus Navy | Incontinence Pants Size L/XL | 8 Pack $1.25 per each | 2nd week on sale,96.6,False,,https://caau.syd1.cdn.digitaloceanspaces.com/wp-content/uploads/catalogue/coles/coles-catalogue-december-4-10-2024-vic-metro/42.jpg,https://www.catalogueau.com/coles/#catalogue=coles/coles-catalogue-december-4-10-2024-vic-metro/,displayed_price,displayed_price;unit_price,2,verified
Coles,VIC METRO,"Coles Catalogue December 4 - 10, 2024 VIC METRO",2024-12-04,2024-12-11,42,Dettol Pro Fresh Shower Gel 950mL,6.0,12.0,6.0,50.0,half_price,950mL,$0.63 per 100mL,WASS12 | WASS12 | Dettol Pro Fresh Shower Gel 950mL | $0.63 per 100mL,93.59,False,,https://caau.syd1.cdn.digitaloceanspaces.com/wp-content/uploads/catalogue/coles/coles-catalogue-december-4-10-2024-vic-metro/42.jpg,https://www.catalogueau.com/coles/#catalogue=coles/coles-catalogue-december-4-10-2024-vic-metro/,displayed_price,displayed_price;unit_price,2,verified
Coles,VIC METRO,"Coles Catalogue December 4 - 10, 2024 VIC METRO",2024-12-04,2024-12-11,42,Tena Incontinence Liners Extra Long 24 Pack,3.85,5.5,1.65,30.0,save_amount,24 Pack,$0.16 per each,WASS5.50 | WASS5.50 | Tena Incontinence Liners Extra | Long 24 Pack $0.16 per each | 2nd week on sale | TExcludes Every Day & clearance items | “This product may not be right for you. Read the label before purchase. Follow the directions for use.,96.49,True,single_price_evidence,https://caau.syd1.cdn.digitaloceanspaces.com/wp-content/uploads/catalogue/coles/coles-catalogue-december-4-10-2024-vic-metro/42.jpg,https://www.catalogueau.com/coles/#catalogue=coles/coles-catalogue-december-4-10-2024-vic-metro/,displayed_price,displayed_price,1,review
Coles,VIC METRO,"Coles Catalogue December 4 - 10, 2024 VIC METRO",2024-12-04,2024-12-11,42,Palmolive Naturals Shampoo or Nour! Conditioner 700mL,4.5,9.0,4.5,50.0,half_price,700mL,$0.64 per 100mL,WASS9 | WASS9 | Palmolive Naturals | Shampoo or | Nour! | Conditioner 700mL | Sars | $0.64 per 100mL,79.0,True,low_name_confidence_strict,https://caau.syd1.cdn.digitaloceanspaces.com/wp-content/uploads/catalogue/coles/coles-catalogue-december-4-10-2024-vic-metro/42.jpg,https://www.catalogueau.com/coles/#catalogue=coles/coles-catalogue-december-4-10-2024-vic-metro/,displayed_price,displayed_price;unit_price,2,review
Coles,VIC METRO,"Coles Catalogue December 4 - 10, 2024 VIC METRO",2024-12-04,2024-12-11,43,Nature's Way Adult Vita Gummies Multivitamins 100 Pack*,12.0,24.0,12.0,50.0,half_price,100 Pack,$12.00 per 100 each,WASS24 | WASS24 | Nature's Way Adult Vita Gummies | Multivitamins 100 Pack* | $12.00 per 100 each,94.76,False,,https://caau.syd1.cdn.digitaloceanspaces.com/wp-content/uploads/catalogue/coles/coles-catalogue-december-4-10-2024-vic-metro/43.jpg,https://www.catalogueau.com/coles/#catalogue=coles/coles-catalogue-december-4-10-2024-vic-metro/,displayed_price,displayed_price;page_discount;unit_price,2,verified
Coles,VIC METRO,"Coles Catalogue December 4 - 10, 2024 VIC METRO",2024-12-04,2024-12-11,43,Nature's Way Adult Vita Gummies Probiotic + Prebiotic 65 Pack*,12.5,25.0,12.5,50.0,half_price,65 Pack,$19.23 per 100 each,WASS$25 | WASS$25 | Nature's Way Adult Vita | Gummies Probiotic + Prebiotic | 65 Pack* $19.23 per 100 each,91.31,True,inferred_price_requires_review,https://caau.syd1.cdn.digitaloceanspaces.com/wp-content/uploads/catalogue/coles/coles-catalogue-december-4-10-2024-vic-metro/43.jpg,https://www.catalogueau.com/coles/#catalogue=coles/coles-catalogue-december-4-10-2024-vic-metro/,unit_price,page_discount;unit_price,1,review
Coles,VIC METRO,"Coles Catalogue December 4 - 10, 2024 VIC METRO",2024-12-04,2024-12-11,43,Nature's Way Extra Strength Magnesium Gummies 60 Pack*,15.0,30.0,15.0,50.0,half_price,60 Pack,$25.00 per 100 each,WAS$30 | WAS$30 | Nature's Way Extra Strength | Magnesium Gummies 60 Pack* | $25.00 per 100 each,94.51,False,,https://caau.syd1.cdn.digitaloceanspaces.com/wp-content/uploads/catalogue/coles/coles-catalogue-december-4-10-2024-vic-metro/43.jpg,https://www.catalogueau.com/coles/#catalogue=coles/coles-catalogue-december-4-10-2024-vic-metro/,displayed_price,displayed_price;page_discount;unit_price,2,verified
Coles,VIC METRO,"Coles Catalogue December 4 - 10, 2024 VIC METRO",2024-12-04,2024-12-11,43,Caltrate Bone & Muscle Health or Bone & Muscle Health 50+ Tablets 100 Pack*,10.5,21.0,10.5,50.0,half_price,100 Pack,$10.50 per 100 each,WASS21 | WASS21 | Caltrate Bone & Muscle Health | or Bone & Muscle Health 50+ | Tablets 100 Pack* | $10.50 per 100 each,94.72,True,inferred_price_requires_review,https://caau.syd1.cdn.digitaloceanspaces.com/wp-content/uploads/catalogue/coles/coles-catalogue-december-4-10-2024-vic-metro/43.jpg,https://www.catalogueau.com/coles/#catalogue=coles/coles-catalogue-december-4-10-2024-vic-metro/,unit_price,page_discount;unit_price,1,review
Coles,VIC METRO,"Coles Catalogue December 4 - 10, 2024 VIC METRO",2024-12-04,2024-12-11,43,Nature's Way Kids Smart Vita Gummies Vitamin C + Zinc or Multi-Vitamin Plus 120 Pack*,15.0,30.0,15.0,50.0,half_price,120 Pack,$12.50 per 100 each,WAS$30 | WAS$30 | Nature's Way Kids Smart Vita | Gummies Vitamin C + Zinc or | Multi-Vitamin Plus 120 Pack* | $12.50 per 100 each,93.23,False,,https://caau.syd1.cdn.digitaloceanspaces.com/wp-content/uploads/catalogue/coles/coles-catalogue-december-4-10-2024-vic-metro/43.jpg,https://www.catalogueau.com/coles/#catalogue=coles/coles-catalogue-december-4-10-2024-vic-metro/,displayed_price,displayed_price;page_discount;unit_price,2,verified
Coles,VIC METRO,"Coles Catalogue December 4 - 10, 2024 VIC METRO",2024-12-04,2024-12-11,43,Centrum Multivitamins 50+ Tablets 60 Pack*,11.0,22.0,11.0,50.0,half_price,60 Pack,$18.33 per 100 each,WAS$22 | WAS$22 | Centrum Multivitamins 50+ | Tablets 60 Pack* | $18.33 per 100 each | “This medicine may not be right for you. Read the label before purchase. Follow the directions for use. If symptoms,94.03,False,,https://caau.syd1.cdn.digitaloceanspaces.com/wp-content/uploads/catalogue/coles/coles-catalogue-december-4-10-2024-vic-metro/43.jpg,https://www.catalogueau.com/coles/#catalogue=coles/coles-catalogue-december-4-10-2024-vic-metro/,displayed_price,displayed_price;page_discount;unit_price,2,verified
Coles,VIC METRO,"Coles Catalogue December 4 - 10, 2024 VIC METRO",2024-12-04,2024-12-11,44,Fancy Feast Classic or Creamy Delights Cat Food 85g,1.0,1.6,0.6,37.5,save_amount,85g,$1.18 per 100g,WASS1.60 | WASS1.60 | Fancy Feast Classic or Creamy | Delights Cat Food 85g | $1.18 per 100g | —,95.88,False,,https://caau.syd1.cdn.digitaloceanspaces.com/wp-content/uploads/catalogue/coles/coles-catalogue-december-4-10-2024-vic-metro/44.jpg,https://www.catalogueau.com/coles/#catalogue=coles/coles-catalogue-december-4-10-2024-vic-metro/,displayed_price,displayed_price;unit_price,2,verified
Coles,VIC METRO,"Coles Catalogue December 4 - 10, 2024 VIC METRO",2024-12-04,2024-12-11,44,Felix Cat Food 12x85g,9.5,14.5,5.0,34.48,save_amount,12x85g,$0.93 per 100g,WASS14.50 | WASS14.50 | Felix Cat Food 12x85g | $0.93 per 100g,94.23,False,,https://caau.syd1.cdn.digitaloceanspaces.com/wp-content/uploads/catalogue/coles/coles-catalogue-december-4-10-2024-vic-metro/44.jpg,https://www.catalogueau.com/coles/#catalogue=coles/coles-catalogue-december-4-10-2024-vic-metro/,displayed_price,displayed_price;unit_price,2,verified
Coles,VIC METRO,"Coles Catalogue December 4 - 10, 2024 VIC METRO",2024-12-04,2024-12-11,44,My Dog Dog Food 6x100g,7.0,10.0,3.0,30.0,save_amount,6x100g,$1.17 per 100g,WASS10 | WASS10 | My Dog Dog Food 6x100g | $1.17 per 100g | 1,94.11,False,,https://caau.syd1.cdn.digitaloceanspaces.com/wp-content/uploads/catalogue/coles/coles-catalogue-december-4-10-2024-vic-metro/44.jpg,https://www.catalogueau.com/coles/#catalogue=coles/coles-catalogue-december-4-10-2024-vic-metro/,displayed_price,displayed_price;unit_price,2,verified
Coles,VIC METRO,"Coles Catalogue December 4 - 10, 2024 VIC METRO",2024-12-04,2024-12-11,44,Pedigree Dentastix 28 Pack,17.0,24.0,7.0,29.17,save_amount,28 Pack,$0.61 per each,WASS24 | WASS24 | Pedigree Dentastix 28 Pack | $0.61 per each,93.91,True,single_price_evidence,https://caau.syd1.cdn.digitaloceanspaces.com/wp-content/uploads/catalogue/coles/coles-catalogue-december-4-10-2024-vic-metro/44.jpg,https://www.catalogueau.com/coles/#catalogue=coles/coles-catalogue-december-4-10-2024-vic-metro/,displayed_price,displayed_price,1,review
Coles,VIC METRO,"Coles Catalogue December 4 - 10, 2024 VIC METRO",2024-12-04,2024-12-11,44,Supercoat Dry Dog Food 2.6kg-2.8kg,1.5,18.0,16.5,91.67,save_amount,2.6kg; 2.8kg,,WASS18 | WASS18 | Supercoat Dry Dog Food | 2.6kg-2.8kg,79.0,True,low_name_confidence_strict;single_price_evidence,https://caau.syd1.cdn.digitaloceanspaces.com/wp-content/uploads/catalogue/coles/coles-catalogue-december-4-10-2024-vic-metro/44.jpg,https://www.catalogueau.com/coles/#catalogue=coles/coles-catalogue-december-4-10-2024-vic-metro/,displayed_price,displayed_price,1,review
Coles,VIC METRO,"Coles Catalogue December 4 - 10, 2024 VIC METRO",2024-12-04,2024-12-11,44,Optimum Dry Dog Food 7kg,22.4,45.0,22.6,50.22,half_price,7kg,$0.32 per 100g,WASS45 | WASS45 | Optimum Dry Dog Food 7kg | $0.32 per 100g,94.87,True,single_price_evidence,https://caau.syd1.cdn.digitaloceanspaces.com/wp-content/uploads/catalogue/coles/coles-catalogue-december-4-10-2024-vic-metro/44.jpg,https://www.catalogueau.com/coles/#catalogue=coles/coles-catalogue-december-4-10-2024-vic-metro/,unknown,,0,review
Coles,VIC METRO,"Coles Catalogue December 4 - 10, 2024 VIC METRO",2024-12-04,2024-12-11,44,Duracell Coppertop Batteries AA 16 Pack or AAA 14 Pack,13.7,27.5,13.8,50.18,half_price,16 Pack; 14 Pack,,Duracell Coppertop Batteries | AA 16 Pack or AAA 14 Pack,95.14,True,offer_labels_missing;single_price_evidence,https://caau.syd1.cdn.digitaloceanspaces.com/wp-content/uploads/catalogue/coles/coles-catalogue-december-4-10-2024-vic-metro/44.jpg,https://www.catalogueau.com/coles/#catalogue=coles/coles-catalogue-december-4-10-2024-vic-metro/,unknown,,0,review
Coles,VIC METRO,"Coles Catalogue December 4 - 10, 2024 VIC METRO",2024-12-04,2024-12-11,45,Purina Lucky Dog Original Dog Treats 800g,8.0,,,,special,800g,$1.00 per 100g,Purina Lucky Dog Original Dog | Treats 800g $1.00 per 100g | [it | sa,96.32,False,,https://caau.syd1.cdn.digitaloceanspaces.com/wp-content/uploads/catalogue/coles/coles-catalogue-december-4-10-2024-vic-metro/45.jpg,https://www.catalogueau.com/coles/#catalogue=coles/coles-catalogue-december-4-10-2024-vic-metro/,displayed_price,displayed_price;unit_price,2,verified
Coles,VIC METRO,"Coles Catalogue December 4 - 10, 2024 VIC METRO",2024-12-04,2024-12-11,45,My Dog Dog Food 680g,3.65,,,,special,680g,$0.54 per 100g,My Dog Dog Food 680g | $0.54 per 100g | IRV,96.54,True,single_price_evidence,https://caau.syd1.cdn.digitaloceanspaces.com/wp-content/uploads/catalogue/coles/coles-catalogue-december-4-10-2024-vic-metro/45.jpg,https://www.catalogueau.com/coles/#catalogue=coles/coles-catalogue-december-4-10-2024-vic-metro/,unit_price,unit_price,1,review
Coles,VIC METRO,"Coles Catalogue December 4 - 10, 2024 VIC METRO",2024-12-04,2024-12-11,45,Coles Dry Dog Food 3kg,8.4,,,,special,3kg,$0.28 per 100g,Coles Dry Dog Food 3kg | $0.28 per 100g | a | Eee | — | te,95.03,True,offer_labels_missing;save_amount_missing;regular_price_missing;single_price_evidence,https://caau.syd1.cdn.digitaloceanspaces.com/wp-content/uploads/catalogue/coles/coles-catalogue-december-4-10-2024-vic-metro/45.jpg,https://www.catalogueau.com/coles/#catalogue=coles/coles-catalogue-december-4-10-2024-vic-metro/,unknown,,0,review
Coles,VIC METRO,"Coles Catalogue December 4 - 10, 2024 VIC METRO",2024-12-04,2024-12-11,45,Dine Daily Cat Food 14x85g,15.95,,,,special,14x85g,$1.34 per 100g,Dine Daily Cat Food 14x85g | $1.34 per 100g,94.42,True,offer_labels_missing;save_amount_missing;regular_price_missing;single_price_evidence,https://caau.syd1.cdn.digitaloceanspaces.com/wp-content/uploads/catalogue/coles/coles-catalogue-december-4-10-2024-vic-metro/45.jpg,https://www.catalogueau.com/coles/#catalogue=coles/coles-catalogue-december-4-10-2024-vic-metro/,unknown,,0,review
Coles,VIC METRO,"Coles Catalogue December 4 - 10, 2024 VIC METRO",2024-12-04,2024-12-11,46,METRES X 30cm WIDE,10.0,,,,special,,,10 | sy | METRES X | 30cm WIDE,79.0,True,offer_labels_missing;save_amount_missing;regular_price_missing;low_name_confidence_strict;single_price_evidence,https://caau.syd1.cdn.digitaloceanspaces.com/wp-content/uploads/catalogue/coles/coles-catalogue-december-4-10-2024-vic-metro/46.jpg,https://www.catalogueau.com/coles/#catalogue=coles/coles-catalogue-december-4-10-2024-vic-metro/,displayed_price,displayed_price,1,review
Coles,VIC METRO,"Coles Catalogue December 4 - 10, 2024 VIC METRO",2024-12-04,2024-12-11,47,"Telstra T-Lite +177"" display",39.0,59.0,20.0,33.9,save_amount,,,"SAVE‘20 | WAS$59 | Telstra T-Lite | +177"" display | - Rear camera | - | > 128MB internal | ¢",84.98,False,,https://caau.syd1.cdn.digitaloceanspaces.com/wp-content/uploads/catalogue/coles/coles-catalogue-december-4-10-2024-vic-metro/47.jpg,https://www.catalogueau.com/coles/#catalogue=coles/coles-catalogue-december-4-10-2024-vic-metro/,save_was_arithmetic,displayed_price;save_was_arithmetic,2,verified
Coles,VIC METRO,"Coles Catalogue December 4 - 10, 2024 VIC METRO",2024-12-04,2024-12-11,47,"Telstra T-Pro > 6.52"" IPS HD+",79.0,129.0,50.0,38.76,save_amount,,,"SAVE‘SO | WASS129 | Telstra T-Pro | > 6.52"" IPS HD+ | display | + Triple rear camera | (13MP+2MP+2MP) | +5MP front camera",86.48,True,single_price_evidence,https://caau.syd1.cdn.digitaloceanspaces.com/wp-content/uploads/catalogue/coles/coles-catalogue-december-4-10-2024-vic-metro/47.jpg,https://www.catalogueau.com/coles/#catalogue=coles/coles-catalogue-december-4-10-2024-vic-metro/,displayed_price,displayed_price,1,review
Coles,VIC METRO,"Coles Catalogue December 4 - 10, 2024 VIC METRO",2024-12-04,2024-12-11,47,"Motorola G04 6.6"" 90Hz LCD",99.0,149.0,50.0,33.56,save_amount,,,"SAVE*50 | ‘WASS149 | Motorola G04 | 6.6"" 90Hz LCD | display | » Rear camera | (6MP with flash) + | SMP front camera",79.0,True,low_name_confidence_strict,https://caau.syd1.cdn.digitaloceanspaces.com/wp-content/uploads/catalogue/coles/coles-catalogue-december-4-10-2024-vic-metro/47.jpg,https://www.catalogueau.com/coles/#catalogue=coles/coles-catalogue-december-4-10-2024-vic-metro/,save_was_arithmetic,displayed_price;save_was_arithmetic,2,review
Coles,VIC METRO,"Coles Catalogue December 4 - 10, 2024 VIC METRO",2024-12-04,2024-12-11,47,Samsung Galaxy A15,199.0,279.0,80.0,28.67,save_amount,,,"WASS$279 | WASS$279 | Samsung | Galaxy A15 | + 6.5"" Super | AMOLED display | - Rear camera | (SOMP with flash) +",94.11,True,single_price_evidence,https://caau.syd1.cdn.digitaloceanspaces.com/wp-content/uploads/catalogue/coles/coles-catalogue-december-4-10-2024-vic-metro/47.jpg,https://www.catalogueau.com/coles/#catalogue=coles/coles-catalogue-december-4-10-2024-vic-metro/,displayed_price,displayed_price,1,review
Coles,VIC METRO,"Coles Catalogue December 4 - 10, 2024 VIC METRO",2024-12-04,2024-12-11,47,"Motorola G34 5G + 6.5"" 120Hz HD",179.0,229.0,50.0,21.83,save_amount,5G,,"WAS$229 | WAS$229 | Motorola G34 5G | + 6.5"" 120Hz HD | LCD display | ¢ Dual rear camera | SOMP + 2MP) + | 16MP front camera",86.74,True,single_price_evidence,https://caau.syd1.cdn.digitaloceanspaces.com/wp-content/uploads/catalogue/coles/coles-catalogue-december-4-10-2024-vic-metro/47.jpg,https://www.catalogueau.com/coles/#catalogue=coles/coles-catalogue-december-4-10-2024-vic-metro/,displayed_price,displayed_price,1,review
Coles,VIC METRO,"Coles Catalogue December 4 - 10, 2024 VIC METRO",2024-12-04,2024-12-11,47,Belong,20.0,,,,special,,,Belong $45 | Starter Pack | - Activate by 12.01.2025 | for 100GB + 20GB | bonus data every | month for 12 months.,96.69,True,offer_labels_missing;save_amount_missing;regular_price_missing;single_price_evidence,https://caau.syd1.cdn.digitaloceanspaces.com/wp-content/uploads/catalogue/coles/coles-catalogue-december-4-10-2024-vic-metro/47.jpg,https://www.catalogueau.com/coles/#catalogue=coles/coles-catalogue-december-4-10-2024-vic-metro/,displayed_price,displayed_price,1,review
Coles,VIC METRO,"Coles Catalogue December 4 - 10, 2024 VIC METRO",2024-12-04,2024-12-11,47,"Telstra 5G now reaches 85% of Australians. THINGS YOU NEED TO KNOW. Telstra Pre-Paid Handsets: Manufactured by TCL, ZTE, Motorola & Samsung. In non-5G coverage areas, you'll automatically switch to our 36 or 4G: Check telstra.com/coverege. Speed capping: 4G and 5G download speeds are capped at 150Mbps on most plans. Your speed cap is the maximum potential download speed for data included in your",608.0,,,,special,5G; 4G,,"Telstra 5G now reaches 85% of Australians. THINGS YOU NEED TO KNOW. Telstra Pre-Paid Handsets: Manufactured by TCL, ZTE, Motorola & Samsung. In non-5G coverage areas, you'll automatically switch to our | 36 or 4G: Check telstra.com/coverege. Speed capping: 4G and 5G download speeds are capped at 150Mbps on most plans. Your speed cap is the maximum potential download speed for data included in your | recharge. Typical speeds will be lower and speeds may vary due to various factors like your location, device and network congestion. An unlocking fee may apply for use with a non<Telstra SIM card. Limit! per | customer and no trade sales. SIM included. The Android Robot is reproduced or modified from work created and shared by Google and used according to terms described in the Creative Commons 3.0 Attribution | License. Unlimited calls/texts exclude satellite end premium numbers (e.g. 19x numbers), operator assisted calls (e.g. most 12x numbers) and diverted calls. Blue Tick lets you know which phones are | recommended for handheld coverage in rural areas. Belong: For use in Australia. Unlimited Calls and texts to\standard landline and mobile numbers. Limit: Total of 3 Belong SIMs per customer. 4G and 5G",79.0,True,offer_labels_missing;save_amount_missing;regular_price_missing;low_name_confidence_strict;single_price_evidence,https://caau.syd1.cdn.digitaloceanspaces.com/wp-content/uploads/catalogue/coles/coles-catalogue-december-4-10-2024-vic-metro/47.jpg,https://www.catalogueau.com/coles/#catalogue=coles/coles-catalogue-december-4-10-2024-vic-metro/,displayed_price,displayed_price,1,review
