retailer,region,catalogue_title,catalogue_start_date,catalogue_end_date,page_number,product_name,special_price,regular_price,save_amount,discount_percent,promo_type,pack_size,unit_price_text,offer_text,ocr_confidence,needs_review,review_reason,source_page_image,source_catalogue_url,price_source,price_evidence,evidence_count,verification_status
Coles,NSW METRO,"Coles Catalogue October 8 - 15, 2024 NSW METRO",2024-10-08,2024-10-15,1,Nestlé Milo Cereal 620g or Uncle Tobys Plus Cereal 565g-705g,4.4,8.8,4.4,50.0,half_price,620g; 565g; 705g,,WASS8.80 | WASS8.80 | Nestlé Milo Cereal 620g | or Uncle Tobys Plus Cereal | 565g-705g | peer,93.75,True,inferred_price_requires_review,https://caau.syd1.cdn.digitaloceanspaces.com/wp-content/uploads/catalogue/coles/coles-catalogue-october-8-15-2024-nsw-metro/1.jpg,https://www.catalogueau.com/coles/#catalogue=coles/coles-catalogue-october-8-15-2024-nsw-metro/,page_discount_inference,page_discount,0,review
Coles,NSW METRO,"Coles Catalogue October 8 - 15, 2024 NSW METRO",2024-10-08,2024-10-15,1,Cadbury Dairy Milk Block Chocolate 150g-190g,3.0,6.0,3.0,50.0,half_price,150g; 190g,,WASS6 | WASS6 | Cadbury Dairy Milk Block | Chocolate 150g-190g,94.44,True,inferred_price_requires_review,https://caau.syd1.cdn.digitaloceanspaces.com/wp-content/uploads/catalogue/coles/coles-catalogue-october-8-15-2024-nsw-metro/1.jpg,https://www.catalogueau.com/coles/#catalogue=coles/coles-catalogue-october-8-15-2024-nsw-metro/,displayed_price,displayed_price;page_discount,1,review
Coles,NSW METRO,"Coles Catalogue October 8 - 15, 2024 NSW METRO",2024-10-08,2024-10-15,1,Primo Rindless Short Cut Bacon 1kg,11.0,22.0,11.0,50.0,half_price,1kg,$11.00 per kg,WAS$22 | WAS$22 | Primo Rindless Short Cut Bacon 1kg | $11.00 per kg. *See page 22 for T&Cs,91.34,True,inferred_price_requires_review,https://caau.syd1.cdn.digitaloceanspaces.com/wp-content/uploads/catalogue/coles/coles-catalogue-october-8-15-2024-nsw-metro/1.jpg,https://www.catalogueau.com/coles/#catalogue=coles/coles-catalogue-october-8-15-2024-nsw-metro/,unit_price,page_discount;unit_price,1,review
Coles,NSW METRO,"Coles Catalogue October 8 - 15, 2024 NSW METRO",2024-10-08,2024-10-15,1,Pringles Potato Crisps 118g-134g,2.75,5.5,2.75,50.0,half_price,118g; 134g,,WASS$5.50 | WASS$5.50 | Pringles Potato Crisps | 118g-134g | See page 30 | (ana,79.0,True,low_name_confidence_strict;inferred_price_requires_review,https://caau.syd1.cdn.digitaloceanspaces.com/wp-content/uploads/catalogue/coles/coles-catalogue-october-8-15-2024-nsw-metro/1.jpg,https://www.catalogueau.com/coles/#catalogue=coles/coles-catalogue-october-8-15-2024-nsw-metro/,displayed_price,displayed_price;page_discount,1,review
Coles,NSW METRO,"Coles Catalogue October 8 - 15, 2024 NSW METRO",2024-10-08,2024-10-15,1,Coles Australian No Added Hormones Beef Scotch Fillet Steak 2 Pack 480g,17.0,20.0,3.0,15.0,save_amount,2 Pack; 480g,$35.42 per kg,WASS$20 | WASS$20 | Coles Australian No Added Hormones Beef | Scotch Fillet Steak 2 Pack 480g $35.42 per kg. | Product sold uncooked | FP-NSW-METRO-091 0-24-285076,96.14,False,,https://caau.syd1.cdn.digitaloceanspaces.com/wp-content/uploads/catalogue/coles/coles-catalogue-october-8-15-2024-nsw-metro/1.jpg,https://www.catalogueau.com/coles/#catalogue=coles/coles-catalogue-october-8-15-2024-nsw-metro/,displayed_price,displayed_price;unit_price,2,verified
Coles,NSW METRO,"Coles Catalogue October 8 - 15, 2024 NSW METRO",2024-10-08,2024-10-15,2,\ Coles Hot Roast RSPCA,6.0,12.0,6.0,50.0,half_price,,,WASS12 | WASS12 | \ | Coles Hot Roast RSPCA | Approved Chicken Selected | stores only*. 2nd week on sale | ”,79.0,True,low_name_confidence_strict;inferred_price_requires_review,https://caau.syd1.cdn.digitaloceanspaces.com/wp-content/uploads/catalogue/coles/coles-catalogue-october-8-15-2024-nsw-metro/2.jpg,https://www.catalogueau.com/coles/#catalogue=coles/coles-catalogue-october-8-15-2024-nsw-metro/,page_discount_inference,page_discount,0,review
Coles,NSW METRO,"Coles Catalogue October 8 - 15, 2024 NSW METRO",2024-10-08,2024-10-15,2,Colgate Total Advanced Whitening & Tartar or Max Fresh Toothpaste 200g,5.0,10.0,5.0,50.0,half_price,200g,$2.50 per 100g,WASS10 | WASS10 | Colgate Total Advanced | Whitening & Tartar or | Max Fresh Toothpaste | 200g $2.50 per 100g. | *See page 22 forT&Cs,95.98,False,,https://caau.syd1.cdn.digitaloceanspaces.com/wp-content/uploads/catalogue/coles/coles-catalogue-october-8-15-2024-nsw-metro/2.jpg,https://www.catalogueau.com/coles/#catalogue=coles/coles-catalogue-october-8-15-2024-nsw-metro/,displayed_price,displayed_price;page_discount;unit_price,2,verified
Coles,NSW METRO,"Coles Catalogue October 8 - 15, 2024 NSW METRO",2024-10-08,2024-10-15,2,Gatorade Sports Drink or G Active Water 600mL,2.0,4.0,2.0,50.0,half_price,600mL,$3.33 per litre,WASS4 | WASS4 | Gatorade Sports Drink | or G Active Water | 600mL $3.33 per litre,95.17,False,,https://caau.syd1.cdn.digitaloceanspaces.com/wp-content/uploads/catalogue/coles/coles-catalogue-october-8-15-2024-nsw-metro/2.jpg,https://www.catalogueau.com/coles/#catalogue=coles/coles-catalogue-october-8-15-2024-nsw-metro/,displayed_price,displayed_price;page_discount;unit_price,2,verified
Coles,NSW METRO,"Coles Catalogue October 8 - 15, 2024 NSW METRO",2024-10-08,2024-10-15,2,Mars Chocolate Fun Size 132g-192g,3.0,6.0,3.0,50.0,half_price,132g; 192g,,WASS6 | WASS6 | Mars Chocolate Fun Size | 132g-192g | Oo ips | — | —,79.0,True,low_name_confidence_strict;inferred_price_requires_review,https://caau.syd1.cdn.digitaloceanspaces.com/wp-content/uploads/catalogue/coles/coles-catalogue-october-8-15-2024-nsw-metro/2.jpg,https://www.catalogueau.com/coles/#catalogue=coles/coles-catalogue-october-8-15-2024-nsw-metro/,displayed_price,displayed_price;page_discount,1,review
Coles,NSW METRO,"Coles Catalogue October 8 - 15, 2024 NSW METRO",2024-10-08,2024-10-15,2,Nescafé Coffee Sachets 8 Pack-10 Pack,3.8,7.6,3.8,50.0,half_price,8 Pack; 10 Pack,,WAS$7.60 | WAS$7.60 | Nescafé Coffee Sachets | 8 Pack-10 Pack,94.35,True,inferred_price_requires_review,https://caau.syd1.cdn.digitaloceanspaces.com/wp-content/uploads/catalogue/coles/coles-catalogue-october-8-15-2024-nsw-metro/2.jpg,https://www.catalogueau.com/coles/#catalogue=coles/coles-catalogue-october-8-15-2024-nsw-metro/,page_discount_inference,page_discount,0,review
Coles,NSW METRO,"Coles Catalogue October 8 - 15, 2024 NSW METRO",2024-10-08,2024-10-15,2,2nd week,19.5,39.0,19.5,50.0,half_price,,,WASS$39 | WASS$39 | 2nd week on sale | *For locations of Deli counter stores visit coles.com.au/range-availability,95.83,True,inferred_price_requires_review,https://caau.syd1.cdn.digitaloceanspaces.com/wp-content/uploads/catalogue/coles/coles-catalogue-october-8-15-2024-nsw-metro/2.jpg,https://www.catalogueau.com/coles/#catalogue=coles/coles-catalogue-october-8-15-2024-nsw-metro/,page_discount_inference,page_discount,0,review
Coles,NSW METRO,"Coles Catalogue October 8 - 15, 2024 NSW METRO",2024-10-08,2024-10-15,2,sorted,68.0,,,,special,,,sorted | See page 36 for more baby offers | NSW-METRO-0910-24-285076,79.0,True,offer_labels_missing;save_amount_missing;regular_price_missing;low_name_confidence_strict;single_price_evidence,https://caau.syd1.cdn.digitaloceanspaces.com/wp-content/uploads/catalogue/coles/coles-catalogue-october-8-15-2024-nsw-metro/2.jpg,https://www.catalogueau.com/coles/#catalogue=coles/coles-catalogue-october-8-15-2024-nsw-metro/,displayed_price,displayed_price,1,review
Coles,NSW METRO,"Coles Catalogue October 8 - 15, 2024 NSW METRO",2024-10-08,2024-10-15,3,Downy Concentrate Fabric Conditioner 800mL,6.5,13.0,6.5,50.0,half_price,800mL,$8.13 per litre,SAVES6.50 | WASS$13 | Downy Concentrate Fabric | Conditioner 800mL $8.13 per litre. | On sale for 2 weeks. *See page 22 | for T&Cs,94.85,False,,https://caau.syd1.cdn.digitaloceanspaces.com/wp-content/uploads/catalogue/coles/coles-catalogue-october-8-15-2024-nsw-metro/3.jpg,https://www.catalogueau.com/coles/#catalogue=coles/coles-catalogue-october-8-15-2024-nsw-metro/,save_was_arithmetic,displayed_price;save_was_arithmetic;unit_price,3,verified
Coles,NSW METRO,"Coles Catalogue October 8 - 15, 2024 NSW METRO",2024-10-08,2024-10-15,3,Morning Fresh Dishwashing Liquid 900mL,4.75,9.5,4.75,50.0,half_price,900mL,$0.53 per 100mL,SAVE%4.75 | WASS$9.50 | Morning Fresh Dishwashing | Liquid 900mL $0.53 per 100mL,94.53,False,,https://caau.syd1.cdn.digitaloceanspaces.com/wp-content/uploads/catalogue/coles/coles-catalogue-october-8-15-2024-nsw-metro/3.jpg,https://www.catalogueau.com/coles/#catalogue=coles/coles-catalogue-october-8-15-2024-nsw-metro/,save_was_arithmetic,save_was_arithmetic;unit_price,2,verified
Coles,NSW METRO,"Coles Catalogue October 8 - 15, 2024 NSW METRO",2024-10-08,2024-10-15,3,Glen 20 Scentsations 375mL,5.75,11.5,5.75,50.0,half_price,375mL,$1.53 per 100g,SAVE*5.75 | WASS11.50 | Glen 20 Scentsations 375mL | $1.53 per 100g | «,92.2,True,single_price_evidence,https://caau.syd1.cdn.digitaloceanspaces.com/wp-content/uploads/catalogue/coles/coles-catalogue-october-8-15-2024-nsw-metro/3.jpg,https://www.catalogueau.com/coles/#catalogue=coles/coles-catalogue-october-8-15-2024-nsw-metro/,save_was_arithmetic,save_was_arithmetic,1,review
Coles,NSW METRO,"Coles Catalogue October 8 - 15, 2024 NSW METRO",2024-10-08,2024-10-15,3,Radiant Laundry Liquid 1.8 Litre,10.0,20.0,10.0,50.0,half_price,1.8 Litre,$5.56 per litre,SAVES10 | WAS$20 | Radiant Laundry Liquid | 1.8 Litre $5.56 per litre | sor | 100+ TOUGH STAI,95.79,False,,https://caau.syd1.cdn.digitaloceanspaces.com/wp-content/uploads/catalogue/coles/coles-catalogue-october-8-15-2024-nsw-metro/3.jpg,https://www.catalogueau.com/coles/#catalogue=coles/coles-catalogue-october-8-15-2024-nsw-metro/,save_was_arithmetic,displayed_price;save_was_arithmetic;unit_price,3,verified
Coles,NSW METRO,"Coles Catalogue October 8 - 15, 2024 NSW METRO",2024-10-08,2024-10-15,3,Pine O Cleen Anti-Bacterial Laundry Sanitiser 2 Litre,11.25,22.5,11.25,50.0,half_price,2 Litre,$5.63 per litre,SAVE $11.25 | WAS$22.50 | Pine O Cleen Anti-Bacterial | Laundry Sanitiser 2 Litre | $5.63 per litre,93.95,False,,https://caau.syd1.cdn.digitaloceanspaces.com/wp-content/uploads/catalogue/coles/coles-catalogue-october-8-15-2024-nsw-metro/3.jpg,https://www.catalogueau.com/coles/#catalogue=coles/coles-catalogue-october-8-15-2024-nsw-metro/,save_was_arithmetic,displayed_price;save_was_arithmetic;unit_price,3,verified
Coles,NSW METRO,"Coles Catalogue October 8 - 15, 2024 NSW METRO",2024-10-08,2024-10-15,3,Cold Power Laundry Liquid 2 Litre or Powder 2kg,12.0,24.0,12.0,50.0,half_price,2 Litre; 2kg,,SAVES12 | WAS$24 | Cold Power Laundry Liquid | 2 Litre or Powder 2kg | Bonus,95.5,False,,https://caau.syd1.cdn.digitaloceanspaces.com/wp-content/uploads/catalogue/coles/coles-catalogue-october-8-15-2024-nsw-metro/3.jpg,https://www.catalogueau.com/coles/#catalogue=coles/coles-catalogue-october-8-15-2024-nsw-metro/,save_was_arithmetic,displayed_price;save_was_arithmetic,2,verified
Coles,NSW METRO,"Coles Catalogue October 8 - 15, 2024 NSW METRO",2024-10-08,2024-10-15,3,One Laundry Liquid 2 Litre or Capsules 28 Pack,13.0,26.0,13.0,50.0,half_price,2 Litre; 28 Pack,,SAVES13 | WAS$26 | One Laundry Liquid 2 Litre | or Capsules 28 Pack | NSW-METRO-0910-24-285076,94.39,True,single_price_evidence,https://caau.syd1.cdn.digitaloceanspaces.com/wp-content/uploads/catalogue/coles/coles-catalogue-october-8-15-2024-nsw-metro/3.jpg,https://www.catalogueau.com/coles/#catalogue=coles/coles-catalogue-october-8-15-2024-nsw-metro/,save_was_arithmetic,save_was_arithmetic,1,review
Coles,NSW METRO,"Coles Catalogue October 8 - 15, 2024 NSW METRO",2024-10-08,2024-10-15,3,Vanish Napisan Gold Pro Stain Remover 2kg,18.0,36.0,18.0,50.0,half_price,2kg,$9.00 per kg,SAVES18 | WAS$36 | Vanish Napisan Gold Pro Stain | Remover 2kg $9.00 per kg,94.49,False,,https://caau.syd1.cdn.digitaloceanspaces.com/wp-content/uploads/catalogue/coles/coles-catalogue-october-8-15-2024-nsw-metro/3.jpg,https://www.catalogueau.com/coles/#catalogue=coles/coles-catalogue-october-8-15-2024-nsw-metro/,save_was_arithmetic,displayed_price;save_was_arithmetic;unit_price,3,verified
Coles,NSW METRO,"Coles Catalogue October 8 - 15, 2024 NSW METRO",2024-10-08,2024-10-15,3,Fairy Platinum Dishwashing Tablets 52 Pack or Platinum Plus 42 Pack,23.42,46.84,23.42,50.0,half_price,52 Pack; 42 Pack,,Fairy Platinum Dishwashing | Tablets 52 Pack or Platinum Plus | 42 Pack *See page 22 forT&Cs,95.55,True,offer_labels_missing;regular_and_save_inferred_from_half_price;inferred_price_requires_review,https://caau.syd1.cdn.digitaloceanspaces.com/wp-content/uploads/catalogue/coles/coles-catalogue-october-8-15-2024-nsw-metro/3.jpg,https://www.catalogueau.com/coles/#catalogue=coles/coles-catalogue-october-8-15-2024-nsw-metro/,displayed_price,displayed_price;grid_inference,1,review
Coles,NSW METRO,"Coles Catalogue October 8 - 15, 2024 NSW METRO",2024-10-08,2024-10-15,4,Revion ColourStay Pressed Powder 8.4g,9.0,,,,special,8.4g,,Revion ColourStay Pressed | Powder 8.4g $23.21 per 10g,93.67,True,offer_labels_missing;save_amount_missing;regular_price_missing;single_price_evidence,https://caau.syd1.cdn.digitaloceanspaces.com/wp-content/uploads/catalogue/coles/coles-catalogue-october-8-15-2024-nsw-metro/4.jpg,https://www.catalogueau.com/coles/#catalogue=coles/coles-catalogue-october-8-15-2024-nsw-metro/,displayed_price,displayed_price,1,review
Coles,NSW METRO,"Coles Catalogue October 8 - 15, 2024 NSW METRO",2024-10-08,2024-10-15,4,L'Oréal Paris Panorama Mascara 9.9mL,6.0,,,,special,9.9mL,,L'Oréal Paris Panorama | Mascara 9.9mL $16.67 per 10mL | TExcludes Every Day & clearance items,93.29,True,offer_labels_missing;save_amount_missing;regular_price_missing;single_price_evidence,https://caau.syd1.cdn.digitaloceanspaces.com/wp-content/uploads/catalogue/coles/coles-catalogue-october-8-15-2024-nsw-metro/4.jpg,https://www.catalogueau.com/coles/#catalogue=coles/coles-catalogue-october-8-15-2024-nsw-metro/,displayed_price,displayed_price,1,review
Coles,NSW METRO,"Coles Catalogue October 8 - 15, 2024 NSW METRO",2024-10-08,2024-10-15,5,Nivea Antiperspirant Roll On Deodorant 50mL,2.5,5.0,2.5,50.0,half_price,50mL,$5.00 per 100mL,SAVES2.50 | Nivea Antiperspirant | Roll On Deodorant 50mL | $5.00 per 100mL,93.1,False,,https://caau.syd1.cdn.digitaloceanspaces.com/wp-content/uploads/catalogue/coles/coles-catalogue-october-8-15-2024-nsw-metro/5.jpg,https://www.catalogueau.com/coles/#catalogue=coles/coles-catalogue-october-8-15-2024-nsw-metro/,displayed_price,displayed_price;unit_price,2,verified
Coles,NSW METRO,"Coles Catalogue October 8 - 15, 2024 NSW METRO",2024-10-08,2024-10-15,5,Nivea Express Hydration or Rich Nourishing Body Lotion 400mL,4.75,9.5,4.75,50.0,half_price,400mL,$1.19 per 100mL,SAVES4.75 | WASS$9.50 | Nivea Express Hydration or | Rich Nourishing Body Lotion | 400mL $1.19 per 100mL,95.02,False,,https://caau.syd1.cdn.digitaloceanspaces.com/wp-content/uploads/catalogue/coles/coles-catalogue-october-8-15-2024-nsw-metro/5.jpg,https://www.catalogueau.com/coles/#catalogue=coles/coles-catalogue-october-8-15-2024-nsw-metro/,save_was_arithmetic,displayed_price;save_was_arithmetic;unit_price,3,verified
Coles,NSW METRO,"Coles Catalogue October 8 - 15, 2024 NSW METRO",2024-10-08,2024-10-15,5,Nivea Q10 Anti-Wrinkle Firming Day Cream Moisturiser SPF30 50mL,14.0,28.0,14.0,50.0,half_price,50mL,$28.00 per 100mL,SAVES14 | WASS28 | Nivea Q10 Anti-Wrinkle Firming | Day Cream Moisturiser SPF30 | 50mL $28.00 per 100mL,94.07,False,,https://caau.syd1.cdn.digitaloceanspaces.com/wp-content/uploads/catalogue/coles/coles-catalogue-october-8-15-2024-nsw-metro/5.jpg,https://www.catalogueau.com/coles/#catalogue=coles/coles-catalogue-october-8-15-2024-nsw-metro/,save_was_arithmetic,displayed_price;save_was_arithmetic;unit_price,3,verified
Coles,NSW METRO,"Coles Catalogue October 8 - 15, 2024 NSW METRO",2024-10-08,2024-10-15,5,Caltrate Bone & Muscle Health or Bone &,10.5,21.0,10.5,50.0,half_price,,$10.50 per 100 each,SAVE*10.50 | WASS21 | Caltrate Bone & Muscle | Health or Bone & | Muscle Health 50+ | 100 Pack* | $10.50 per 100 each,93.95,False,,https://caau.syd1.cdn.digitaloceanspaces.com/wp-content/uploads/catalogue/coles/coles-catalogue-october-8-15-2024-nsw-metro/5.jpg,https://www.catalogueau.com/coles/#catalogue=coles/coles-catalogue-october-8-15-2024-nsw-metro/,save_was_arithmetic,displayed_price;save_was_arithmetic,2,verified
Coles,NSW METRO,"Coles Catalogue October 8 - 15, 2024 NSW METRO",2024-10-08,2024-10-15,5,Blackmores Probiotics+ Daily Health Capsules 30 Pack’,17.5,35.0,17.5,50.0,half_price,30 Pack,$58.33 per 100 each,SAVES17.50 | Blackmores Probiotics+ | Daily Health Capsules | 30 Pack’ | $58.33 per 100 each,93.71,True,single_price_evidence,https://caau.syd1.cdn.digitaloceanspaces.com/wp-content/uploads/catalogue/coles/coles-catalogue-october-8-15-2024-nsw-metro/5.jpg,https://www.catalogueau.com/coles/#catalogue=coles/coles-catalogue-october-8-15-2024-nsw-metro/,unit_price,unit_price,1,review
Coles,NSW METRO,"Coles Catalogue October 8 - 15, 2024 NSW METRO",2024-10-08,2024-10-15,5,Blackmores Super Magnesium+ Tablets 180 Pack*,22.5,45.0,22.5,50.0,half_price,180 Pack,$12.50 per 100 each,SAVES22.50 | Blackmores Super | Magnesium+ Tablets | 180 Pack* | $12.50 per 100 each,92.56,False,,https://caau.syd1.cdn.digitaloceanspaces.com/wp-content/uploads/catalogue/coles/coles-catalogue-october-8-15-2024-nsw-metro/5.jpg,https://www.catalogueau.com/coles/#catalogue=coles/coles-catalogue-october-8-15-2024-nsw-metro/,displayed_price,displayed_price;unit_price,2,verified
Coles,NSW METRO,"Coles Catalogue October 8 - 15, 2024 NSW METRO",2024-10-08,2024-10-15,5,Blackmores Odourless Fish Oil Capsules 400 Pack*,32.0,64.0,32.0,50.0,half_price,400 Pack,$8.00 per 100 each,SAVE%32 | WAS $64 | Blackmores Odourless | Fish Oil Capsules | 400 Pack* | Pacl | $8.00 per 100 each,79.0,True,low_name_confidence_strict,https://caau.syd1.cdn.digitaloceanspaces.com/wp-content/uploads/catalogue/coles/coles-catalogue-october-8-15-2024-nsw-metro/5.jpg,https://www.catalogueau.com/coles/#catalogue=coles/coles-catalogue-october-8-15-2024-nsw-metro/,save_was_arithmetic,displayed_price;save_was_arithmetic;unit_price,3,review
Coles,NSW METRO,"Coles Catalogue October 8 - 15, 2024 NSW METRO",2024-10-08,2024-10-15,5,Palmolive Liquid Hand Wash Refill 1 Litre,3.8,750.0,746.2,99.49,save_amount,1 Litre,$0.38 per 100mL,"SAVES3.75 | ‘WAS$750 | Palmolive Liquid Hand | Wash Refill 1 Litre | $0.38 per 100mL | *See page 22 for T&Cs | TExcludes Every Day, Down Down & clearance items",96.46,True,single_price_evidence,https://caau.syd1.cdn.digitaloceanspaces.com/wp-content/uploads/catalogue/coles/coles-catalogue-october-8-15-2024-nsw-metro/5.jpg,https://www.catalogueau.com/coles/#catalogue=coles/coles-catalogue-october-8-15-2024-nsw-metro/,unit_price,unit_price,1,review
Coles,NSW METRO,"Coles Catalogue October 8 - 15, 2024 NSW METRO",2024-10-08,2024-10-15,5,QV Baby Gentle Wash 500g,10.0,20.0,10.0,50.0,half_price,500g,$2.00 per 100g,"SAVE*°10 | WAS$20 | QV Baby Gentle Wash | 500g $2.00 per 100g | TExcludes Every Day, Down Down & clearance items",95.85,False,,https://caau.syd1.cdn.digitaloceanspaces.com/wp-content/uploads/catalogue/coles/coles-catalogue-october-8-15-2024-nsw-metro/5.jpg,https://www.catalogueau.com/coles/#catalogue=coles/coles-catalogue-october-8-15-2024-nsw-metro/,save_was_arithmetic,displayed_price;save_was_arithmetic;unit_price,3,verified
Coles,NSW METRO,"Coles Catalogue October 8 - 15, 2024 NSW METRO",2024-10-08,2024-10-15,5,Oral B Pro 100 Electric Toothbrush 1 Pack,40.0,80.0,40.0,50.0,half_price,1 Pack,,SAVE540 | WASS$80 | Oral B Pro 100 Electric | Toothbrush 1 Pack,95.8,True,single_price_evidence,https://caau.syd1.cdn.digitaloceanspaces.com/wp-content/uploads/catalogue/coles/coles-catalogue-october-8-15-2024-nsw-metro/5.jpg,https://www.catalogueau.com/coles/#catalogue=coles/coles-catalogue-october-8-15-2024-nsw-metro/,displayed_price,displayed_price,1,review
Coles,NSW METRO,"Coles Catalogue October 8 - 15, 2024 NSW METRO",2024-10-08,2024-10-15,5,Stayfree Ultra Thin Pads with Wings Regular 14 Pack or Super 12 Pack,3.0,6.0,3.0,50.0,half_price,14 Pack; 12 Pack,,WASS6 | WASS6 | Stayfree Ultra Thin Pads | with Wings Regular 14 | Pack or Super 12 Pack,95.81,True,inferred_price_requires_review,https://caau.syd1.cdn.digitaloceanspaces.com/wp-content/uploads/catalogue/coles/coles-catalogue-october-8-15-2024-nsw-metro/5.jpg,https://www.catalogueau.com/coles/#catalogue=coles/coles-catalogue-october-8-15-2024-nsw-metro/,displayed_price,displayed_price;page_discount,1,review
Coles,NSW METRO,"Coles Catalogue October 8 - 15, 2024 NSW METRO",2024-10-08,2024-10-15,6,McVitie's Digestives Tops Biscuits 100g,1.0,2.0,1.0,50.0,half_price,100g,$1.00 per 100g,SAVES1 | WASS$2 | McVitie's Digestives Tops Biscuits | 100g $1.00 per 100g,94.88,False,,https://caau.syd1.cdn.digitaloceanspaces.com/wp-content/uploads/catalogue/coles/coles-catalogue-october-8-15-2024-nsw-metro/6.jpg,https://www.catalogueau.com/coles/#catalogue=coles/coles-catalogue-october-8-15-2024-nsw-metro/,save_was_arithmetic,displayed_price;save_was_arithmetic;unit_price,3,verified
Coles,NSW METRO,"Coles Catalogue October 8 - 15, 2024 NSW METRO",2024-10-08,2024-10-15,6,Mars Chocolate Bar 35g-56g a),1.0,2.2,1.2,54.55,save_amount,35g; 56g,,WASS$2.20 | WASS$2.20 | Mars Chocolate Bar 35g-56g | a),75.26,True,low_name_confidence_strict;single_price_evidence,https://caau.syd1.cdn.digitaloceanspaces.com/wp-content/uploads/catalogue/coles/coles-catalogue-october-8-15-2024-nsw-metro/6.jpg,https://www.catalogueau.com/coles/#catalogue=coles/coles-catalogue-october-8-15-2024-nsw-metro/,displayed_price,displayed_price,1,review
Coles,NSW METRO,"Coles Catalogue October 8 - 15, 2024 NSW METRO",2024-10-08,2024-10-15,6,Nestlé Chocolate Bar 35g-50g or Violet Crumble Chocolate Bar 50g,0.45,2.5,2.05,82.0,save_amount,35g; 50g,,Nestlé Chocolate Bar 35g-50g | or Violet Crumble Chocolate | Bar 50g,95.46,True,offer_labels_missing;single_price_evidence,https://caau.syd1.cdn.digitaloceanspaces.com/wp-content/uploads/catalogue/coles/coles-catalogue-october-8-15-2024-nsw-metro/6.jpg,https://www.catalogueau.com/coles/#catalogue=coles/coles-catalogue-october-8-15-2024-nsw-metro/,unknown,,0,review
Coles,NSW METRO,"Coles Catalogue October 8 - 15, 2024 NSW METRO",2024-10-08,2024-10-15,6,"Darrell Lea Bullets, Twists, BBs or Liquorice 168g-280g",2.75,5.5,2.75,50.0,half_price,168g; 280g,,"SAVE‘2.75 | WASS5.50 | Darrell Lea Bullets, Twists, BBs | or Liquorice 168g-280g | ©",94.66,True,single_price_evidence,https://caau.syd1.cdn.digitaloceanspaces.com/wp-content/uploads/catalogue/coles/coles-catalogue-october-8-15-2024-nsw-metro/6.jpg,https://www.catalogueau.com/coles/#catalogue=coles/coles-catalogue-october-8-15-2024-nsw-metro/,save_was_arithmetic,save_was_arithmetic,1,review
Coles,NSW METRO,"Coles Catalogue October 8 - 15, 2024 NSW METRO",2024-10-08,2024-10-15,6,Mars Chocolate Fun Size 132g-192g or Skittles Fun Size 180g,3.0,6.0,3.0,50.0,half_price,132g; 192g; 180g,,SAVES3 | Mars Chocolate Fun Size | 132g-192g or Skittles Fun Size 180g,95.58,True,single_price_evidence,https://caau.syd1.cdn.digitaloceanspaces.com/wp-content/uploads/catalogue/coles/coles-catalogue-october-8-15-2024-nsw-metro/6.jpg,https://www.catalogueau.com/coles/#catalogue=coles/coles-catalogue-october-8-15-2024-nsw-metro/,displayed_price,displayed_price,1,review
Coles,NSW METRO,"Coles Catalogue October 8 - 15, 2024 NSW METRO",2024-10-08,2024-10-15,6,Cadbury Favourites 336g-340g ~,8.0,16.0,8.0,50.0,half_price,336g; 340g,,SAVES8 | WASS16 | Cadbury Favourites 336g-340g | ~ | €:,45.38,True,low_ocr_confidence;low_name_confidence_strict,https://caau.syd1.cdn.digitaloceanspaces.com/wp-content/uploads/catalogue/coles/coles-catalogue-october-8-15-2024-nsw-metro/6.jpg,https://www.catalogueau.com/coles/#catalogue=coles/coles-catalogue-october-8-15-2024-nsw-metro/,save_was_arithmetic,displayed_price;save_was_arithmetic,2,review
Coles,NSW METRO,"Coles Catalogue October 8 - 15, 2024 NSW METRO",2024-10-08,2024-10-15,6,Ferrero Raffaello 26 Pack Gift Box 260g,9.0,18.0,9.0,50.0,half_price,26 Pack; 260g,$3.46 per 100g,SAVES9 | WASS18 | Ferrero Raffaello 26 Pack Gift | Box 260g $3.46 per 100g | 2nd week on sale | NSW-METRO-0910-24-285076,96.41,False,,https://caau.syd1.cdn.digitaloceanspaces.com/wp-content/uploads/catalogue/coles/coles-catalogue-october-8-15-2024-nsw-metro/6.jpg,https://www.catalogueau.com/coles/#catalogue=coles/coles-catalogue-october-8-15-2024-nsw-metro/,save_was_arithmetic,displayed_price;save_was_arithmetic;unit_price,3,verified
Coles,NSW METRO,"Coles Catalogue October 8 - 15, 2024 NSW METRO",2024-10-08,2024-10-15,6,Ferrero Rocher 30 Pack 375g or Collection Chocolate Gift Box 24 Pack 269g,15.0,30.0,15.0,50.0,half_price,30 Pack; 375g; 24 Pack; 269g,,SAVES15 | WAS$30 | Ferrero Rocher 30 Pack 375g | or Collection Chocolate Gift Box | 24 Pack 269g,96.24,False,,https://caau.syd1.cdn.digitaloceanspaces.com/wp-content/uploads/catalogue/coles/coles-catalogue-october-8-15-2024-nsw-metro/6.jpg,https://www.catalogueau.com/coles/#catalogue=coles/coles-catalogue-october-8-15-2024-nsw-metro/,save_was_arithmetic,displayed_price;save_was_arithmetic,2,verified
Coles,NSW METRO,"Coles Catalogue October 8 - 15, 2024 NSW METRO",2024-10-08,2024-10-15,6,Lindt Lindor Limited Edition Round Tin 396g,19.0,38.0,19.0,50.0,half_price,396g,$4.80 per 100g,SAVES19 | WAS $38 | Lindt Lindor Limited Edition | Round Tin 396g $4.80 per 100g,95.41,False,,https://caau.syd1.cdn.digitaloceanspaces.com/wp-content/uploads/catalogue/coles/coles-catalogue-october-8-15-2024-nsw-metro/6.jpg,https://www.catalogueau.com/coles/#catalogue=coles/coles-catalogue-october-8-15-2024-nsw-metro/,save_was_arithmetic,displayed_price;save_was_arithmetic;unit_price,3,verified
Coles,NSW METRO,"Coles Catalogue October 8 - 15, 2024 NSW METRO",2024-10-08,2024-10-15,7,Aunt Betty's Puddings 2 Pack 190g-220g,2.45,4.9,2.45,50.0,half_price,2 Pack; 190g; 220g,,SAVES2.45 | WAS$4.90 | Aunt Betty's Puddings 2 Pack | 190g-220g | UNCLE | TORYS,94.35,True,single_price_evidence,https://caau.syd1.cdn.digitaloceanspaces.com/wp-content/uploads/catalogue/coles/coles-catalogue-october-8-15-2024-nsw-metro/7.jpg,https://www.catalogueau.com/coles/#catalogue=coles/coles-catalogue-october-8-15-2024-nsw-metro/,save_was_arithmetic,save_was_arithmetic,1,review
Coles,NSW METRO,"Coles Catalogue October 8 - 15, 2024 NSW METRO",2024-10-08,2024-10-15,7,Maggi 2 Minute Noodles 5 Pack 325g-380g,2.5,5.0,2.5,50.0,half_price,5 Pack; 325g; 380g,,SAVES2.50 | WASS5 | Maggi 2 Minute Noodles 5 Pack | 325g-380g,79.0,True,low_name_confidence_strict,https://caau.syd1.cdn.digitaloceanspaces.com/wp-content/uploads/catalogue/coles/coles-catalogue-october-8-15-2024-nsw-metro/7.jpg,https://www.catalogueau.com/coles/#catalogue=coles/coles-catalogue-october-8-15-2024-nsw-metro/,save_was_arithmetic,displayed_price;save_was_arithmetic,2,review
Coles,NSW METRO,"Coles Catalogue October 8 - 15, 2024 NSW METRO",2024-10-08,2024-10-15,7,Sharwood's Simmer Sauce 420g,2.5,5.0,2.5,50.0,half_price,420g,$0.60 per 100g,SAVE$2.50 | WASS5 | Sharwood's Simmer Sauce 420g | $0.60 per 100g,94.68,False,,https://caau.syd1.cdn.digitaloceanspaces.com/wp-content/uploads/catalogue/coles/coles-catalogue-october-8-15-2024-nsw-metro/7.jpg,https://www.catalogueau.com/coles/#catalogue=coles/coles-catalogue-october-8-15-2024-nsw-metro/,save_was_arithmetic,displayed_price;save_was_arithmetic;unit_price,3,verified
Coles,NSW METRO,"Coles Catalogue October 8 - 15, 2024 NSW METRO",2024-10-08,2024-10-15,7,Uncle Tobys Muesli Bar 185g or Roll Ups 94g,2.75,5.5,2.75,50.0,half_price,185g; 94g,,SAVE $2.75 | WASS$5.50 | Uncle Tobys Muesli Bar 185g | or Roll Ups 94g,95.41,True,single_price_evidence,https://caau.syd1.cdn.digitaloceanspaces.com/wp-content/uploads/catalogue/coles/coles-catalogue-october-8-15-2024-nsw-metro/7.jpg,https://www.catalogueau.com/coles/#catalogue=coles/coles-catalogue-october-8-15-2024-nsw-metro/,save_was_arithmetic,save_was_arithmetic,1,review
Coles,NSW METRO,"Coles Catalogue October 8 - 15, 2024 NSW METRO",2024-10-08,2024-10-15,7,Uncle Tobys Cheerios 450g-560g,3.75,7.5,3.75,50.0,half_price,450g; 560g,,SAVE*3.75 | WAS$7.50 | Uncle Tobys Cheerios | 450g-560g | NSW-METRO-0910-24-285076,92.95,True,single_price_evidence,https://caau.syd1.cdn.digitaloceanspaces.com/wp-content/uploads/catalogue/coles/coles-catalogue-october-8-15-2024-nsw-metro/7.jpg,https://www.catalogueau.com/coles/#catalogue=coles/coles-catalogue-october-8-15-2024-nsw-metro/,save_was_arithmetic,save_was_arithmetic,1,review
Coles,NSW METRO,"Coles Catalogue October 8 - 15, 2024 NSW METRO",2024-10-08,2024-10-15,7,Sunrice Medium Grain Rice 5kg,9.5,19.0,9.5,50.0,half_price,5kg,$0.19 per 100g,SAVE9.50 | WASS19 | Sunrice Medium Grain Rice 5kg | $0.19 per 100g,93.84,False,,https://caau.syd1.cdn.digitaloceanspaces.com/wp-content/uploads/catalogue/coles/coles-catalogue-october-8-15-2024-nsw-metro/7.jpg,https://www.catalogueau.com/coles/#catalogue=coles/coles-catalogue-october-8-15-2024-nsw-metro/,save_was_arithmetic,displayed_price;save_was_arithmetic,2,verified
Coles,NSW METRO,"Coles Catalogue October 8 - 15, 2024 NSW METRO",2024-10-08,2024-10-15,7,Gold Sunset Canola or Vegetable Oil 4 Litre,15.0,30.0,15.0,50.0,half_price,4 Litre,$0.38 per 100mL,Gold Sunset Canola or Vegetable | Oil 4 Litre $0.38 per 100mL. | 2nd week on sale,95.24,True,offer_labels_missing;regular_and_save_inferred_from_half_price;inferred_price_requires_review,https://caau.syd1.cdn.digitaloceanspaces.com/wp-content/uploads/catalogue/coles/coles-catalogue-october-8-15-2024-nsw-metro/7.jpg,https://www.catalogueau.com/coles/#catalogue=coles/coles-catalogue-october-8-15-2024-nsw-metro/,displayed_price,displayed_price;grid_inference,1,review
Coles,NSW METRO,"Coles Catalogue October 8 - 15, 2024 NSW METRO",2024-10-08,2024-10-15,7,Wild Tides Tuna 95g,1.25,,,,special,95g,$13.16 per kg,Wild Tides Tuna 95g | $13.16 per kg | —<_,96.32,True,single_price_evidence,https://caau.syd1.cdn.digitaloceanspaces.com/wp-content/uploads/catalogue/coles/coles-catalogue-october-8-15-2024-nsw-metro/7.jpg,https://www.catalogueau.com/coles/#catalogue=coles/coles-catalogue-october-8-15-2024-nsw-metro/,unit_price,unit_price,1,review
Coles,NSW METRO,"Coles Catalogue October 8 - 15, 2024 NSW METRO",2024-10-08,2024-10-15,8,Kellogg's Nutri Grain or LCMs 5 Pack 100g-110g,2.25,4.5,2.25,50.0,half_price,5 Pack; 100g; 110g,,"SAVE52.25 | WASS4.50 | Kellogg's Nutri Grain or | LCMs 5 Pack 100g-110g | BOB | pay,",93.99,True,single_price_evidence,https://caau.syd1.cdn.digitaloceanspaces.com/wp-content/uploads/catalogue/coles/coles-catalogue-october-8-15-2024-nsw-metro/8.jpg,https://www.catalogueau.com/coles/#catalogue=coles/coles-catalogue-october-8-15-2024-nsw-metro/,displayed_price,displayed_price,1,review
Coles,NSW METRO,"Coles Catalogue October 8 - 15, 2024 NSW METRO",2024-10-08,2024-10-15,8,Kellogg's K-Time Bars 165g-185g,2.75,5.5,2.75,50.0,half_price,165g; 185g,,SAVES2.75 | WAS$5.50_ | Kellogg's K-Time Bars | 165g-185g,88.86,False,,https://caau.syd1.cdn.digitaloceanspaces.com/wp-content/uploads/catalogue/coles/coles-catalogue-october-8-15-2024-nsw-metro/8.jpg,https://www.catalogueau.com/coles/#catalogue=coles/coles-catalogue-october-8-15-2024-nsw-metro/,save_was_arithmetic,displayed_price;save_was_arithmetic,2,verified
Coles,NSW METRO,"Coles Catalogue October 8 - 15, 2024 NSW METRO",2024-10-08,2024-10-15,8,Bob Snail Fruit Roll or Jellies 54g-60g,2.25,4.5,2.25,50.0,half_price,54g; 60g,,SAVES2.25 | WAS$4.50 | Bob Snail Fruit Roll or Jellies | 54g-60g,92.52,False,,https://caau.syd1.cdn.digitaloceanspaces.com/wp-content/uploads/catalogue/coles/coles-catalogue-october-8-15-2024-nsw-metro/8.jpg,https://www.catalogueau.com/coles/#catalogue=coles/coles-catalogue-october-8-15-2024-nsw-metro/,save_was_arithmetic,displayed_price;save_was_arithmetic,2,verified
Coles,NSW METRO,"Coles Catalogue October 8 - 15, 2024 NSW METRO",2024-10-08,2024-10-15,8,Uncle Tobys Le Snak 132g or Le Snak Mini Crackers 119g,2.75,5.5,2.75,50.0,half_price,132g; 119g,,SAVES2.75 | WAS$5.50 | Uncle Tobys Le Snak 132g or | Le Snak Mini Crackers 119g,94.36,False,,https://caau.syd1.cdn.digitaloceanspaces.com/wp-content/uploads/catalogue/coles/coles-catalogue-october-8-15-2024-nsw-metro/8.jpg,https://www.catalogueau.com/coles/#catalogue=coles/coles-catalogue-october-8-15-2024-nsw-metro/,save_was_arithmetic,displayed_price;save_was_arithmetic,2,verified
Coles,NSW METRO,"Coles Catalogue October 8 - 15, 2024 NSW METRO",2024-10-08,2024-10-15,8,Sistema To Go Mini Bites 3 Pack,3.66,735.0,731.34,99.5,save_amount,3 Pack,$1.22 per each,SAVE$3.70 | WAS$735 | Sistema To Go Mini Bites | 3 Pack $1.22 per each,96.1,True,single_price_evidence,https://caau.syd1.cdn.digitaloceanspaces.com/wp-content/uploads/catalogue/coles/coles-catalogue-october-8-15-2024-nsw-metro/8.jpg,https://www.catalogueau.com/coles/#catalogue=coles/coles-catalogue-october-8-15-2024-nsw-metro/,unit_price,unit_price,1,review
Coles,NSW METRO,"Coles Catalogue October 8 - 15, 2024 NSW METRO",2024-10-08,2024-10-15,8,Sistema To Go Ribbon Lunch Box 1.1 Litre,5.5,6.0,0.5,8.33,save_amount,1.1 Litre,$5.50 per each,SAVE*5.50 | WASST1 | Sistema To Go Ribbon Lunch Box | 1.1 Litre $5.50 per each | NSW-METRO-0910-24-285076,96.36,True,single_price_evidence,https://caau.syd1.cdn.digitaloceanspaces.com/wp-content/uploads/catalogue/coles/coles-catalogue-october-8-15-2024-nsw-metro/8.jpg,https://www.catalogueau.com/coles/#catalogue=coles/coles-catalogue-october-8-15-2024-nsw-metro/,unit_price,unit_price,1,review
Coles,NSW METRO,"Coles Catalogue October 8 - 15, 2024 NSW METRO",2024-10-08,2024-10-15,8,Sistema To Go Maxi Fold Up Lunch Cooler,6.0,12.1,6.1,50.41,half_price,,$6.00 per each,SAVE%6.10 | ‘WASSI210 | Sistema To Go Maxi Fold Up | Lunch Cooler $6.00 per each | 8,96.22,False,,https://caau.syd1.cdn.digitaloceanspaces.com/wp-content/uploads/catalogue/coles/coles-catalogue-october-8-15-2024-nsw-metro/8.jpg,https://www.catalogueau.com/coles/#catalogue=coles/coles-catalogue-october-8-15-2024-nsw-metro/,save_was_arithmetic,displayed_price;save_was_arithmetic;unit_price,3,verified
Coles,NSW METRO,"Coles Catalogue October 8 - 15, 2024 NSW METRO",2024-10-08,2024-10-15,8,Sistema Hydrate Tritan Quick Flip Bottle 800mL,6.6,13.25,6.65,50.19,half_price,800mL,$6.60 per each,"SAVE%6.65 | WASS13.25, | Sistema Hydrate Tritan Quick Flip | Bottle 800mL $6.60 per each",94.51,False,,https://caau.syd1.cdn.digitaloceanspaces.com/wp-content/uploads/catalogue/coles/coles-catalogue-october-8-15-2024-nsw-metro/8.jpg,https://www.catalogueau.com/coles/#catalogue=coles/coles-catalogue-october-8-15-2024-nsw-metro/,save_was_arithmetic,save_was_arithmetic;unit_price,2,verified
Coles,NSW METRO,"Coles Catalogue October 8 - 15, 2024 NSW METRO",2024-10-08,2024-10-15,8,"Kellogg's Nutri Grain 290g, Coco Pops 375g or Crunchy Nut Corn Flakes 380g",3.5,,,,special,290g; 375g; 380g,,"Kellogg's Nutri Grain 290g, | Coco Pops 375g or Crunchy Nut | Corn Flakes 380g",95.3,True,offer_labels_missing;save_amount_missing;regular_price_missing;inferred_price_requires_review,https://caau.syd1.cdn.digitaloceanspaces.com/wp-content/uploads/catalogue/coles/coles-catalogue-october-8-15-2024-nsw-metro/8.jpg,https://www.catalogueau.com/coles/#catalogue=coles/coles-catalogue-october-8-15-2024-nsw-metro/,displayed_price,displayed_price;grid_inference,1,review
Coles,NSW METRO,"Coles Catalogue October 8 - 15, 2024 NSW METRO",2024-10-08,2024-10-15,9,Coles Australian Long Life Milk 1 Litre,1.6,,,,special,1 Litre,$1.60 per litre,Coles Australian Long Life Milk | 1 Litre $1.60 per litre,95.79,True,single_price_evidence,https://caau.syd1.cdn.digitaloceanspaces.com/wp-content/uploads/catalogue/coles/coles-catalogue-october-8-15-2024-nsw-metro/9.jpg,https://www.catalogueau.com/coles/#catalogue=coles/coles-catalogue-october-8-15-2024-nsw-metro/,unit_price,unit_price,1,review
Coles,NSW METRO,"Coles Catalogue October 8 - 15, 2024 NSW METRO",2024-10-08,2024-10-15,9,John West Tuna 425g,5.5,,,,special,425g,$12.94 per kg,John West Tuna 425g | $12.94 per kg,96.05,True,single_price_evidence,https://caau.syd1.cdn.digitaloceanspaces.com/wp-content/uploads/catalogue/coles/coles-catalogue-october-8-15-2024-nsw-metro/9.jpg,https://www.catalogueau.com/coles/#catalogue=coles/coles-catalogue-october-8-15-2024-nsw-metro/,unit_price,unit_price,1,review
Coles,NSW METRO,"Coles Catalogue October 8 - 15, 2024 NSW METRO",2024-10-08,2024-10-15,9,Kialla Organic Pancake Mix kg,8.5,,,,special,,$0.85 per 100g,Kialla Organic Pancake Mix kg | $0.85 per 100g | Ea | 0 BAR VALUE PACK | i,91.64,True,offer_labels_missing;save_amount_missing;regular_price_missing;single_price_evidence,https://caau.syd1.cdn.digitaloceanspaces.com/wp-content/uploads/catalogue/coles/coles-catalogue-october-8-15-2024-nsw-metro/9.jpg,https://www.catalogueau.com/coles/#catalogue=coles/coles-catalogue-october-8-15-2024-nsw-metro/,displayed_price,displayed_price,1,review
Coles,NSW METRO,"Coles Catalogue October 8 - 15, 2024 NSW METRO",2024-10-08,2024-10-15,9,Nestlé Milo Softpack 650g,9.5,,,,special,650g,$1.46 per 100g,Nestlé Milo Softpack 650g | $1.46 per 100g | es | a | | &,93.39,False,,https://caau.syd1.cdn.digitaloceanspaces.com/wp-content/uploads/catalogue/coles/coles-catalogue-october-8-15-2024-nsw-metro/9.jpg,https://www.catalogueau.com/coles/#catalogue=coles/coles-catalogue-october-8-15-2024-nsw-metro/,displayed_price,displayed_price;unit_price,2,verified
Coles,NSW METRO,"Coles Catalogue October 8 - 15, 2024 NSW METRO",2024-10-08,2024-10-15,9,Maggi 2 Minute Noodles 12 Pack 828g-888g,10.0,,,,special,12 Pack; 828g; 888g,,Maggi 2 Minute Noodles | 12 Pack 828g-888g | wee | ‘,92.46,True,offer_labels_missing;save_amount_missing;regular_price_missing;single_price_evidence,https://caau.syd1.cdn.digitaloceanspaces.com/wp-content/uploads/catalogue/coles/coles-catalogue-october-8-15-2024-nsw-metro/9.jpg,https://www.catalogueau.com/coles/#catalogue=coles/coles-catalogue-october-8-15-2024-nsw-metro/,displayed_price,displayed_price,1,review
Coles,NSW METRO,"Coles Catalogue October 8 - 15, 2024 NSW METRO",2024-10-08,2024-10-15,9,Carman's Bars Value Pack 320g-540g,10.8,,,,special,320g; 540g,,Carman's Bars Value Pack | 320g-540g | NSW-METRO-0910-24-285076,91.39,True,offer_labels_missing;save_amount_missing;regular_price_missing;single_price_evidence,https://caau.syd1.cdn.digitaloceanspaces.com/wp-content/uploads/catalogue/coles/coles-catalogue-october-8-15-2024-nsw-metro/9.jpg,https://www.catalogueau.com/coles/#catalogue=coles/coles-catalogue-october-8-15-2024-nsw-metro/,displayed_price,displayed_price,1,review
Coles,NSW METRO,"Coles Catalogue October 8 - 15, 2024 NSW METRO",2024-10-08,2024-10-15,9,Golden Circle Tetra Fruit Drink 24x250mL,14.9,,,,special,24x250mL,$2.48 per litre,Golden Circle Tetra Fruit Drink | 24x250mL $2.48 per litre | 9,95.02,True,single_price_evidence,https://caau.syd1.cdn.digitaloceanspaces.com/wp-content/uploads/catalogue/coles/coles-catalogue-october-8-15-2024-nsw-metro/9.jpg,https://www.catalogueau.com/coles/#catalogue=coles/coles-catalogue-october-8-15-2024-nsw-metro/,unit_price,unit_price,1,review
Coles,NSW METRO,"Coles Catalogue October 8 - 15, 2024 NSW METRO",2024-10-08,2024-10-15,9,Sanitarium Up & Go Liquid Breakfast 12x250mL,17.5,,,,special,12x250mL,$5.83 per litre,Sanitarium Up & Go Liquid | Breakfast 12x250mL | $5.83 per litre,94.24,True,single_price_evidence,https://caau.syd1.cdn.digitaloceanspaces.com/wp-content/uploads/catalogue/coles/coles-catalogue-october-8-15-2024-nsw-metro/9.jpg,https://www.catalogueau.com/coles/#catalogue=coles/coles-catalogue-october-8-15-2024-nsw-metro/,unit_price,unit_price,1,review
Coles,NSW METRO,"Coles Catalogue October 8 - 15, 2024 NSW METRO",2024-10-08,2024-10-15,10,Mix Women's No Show Sport Socks 5 Pack,7.0,,,,everyday,5 Pack,,| EVERY DAY DAY | | Mix Women's No Show Sport | Socks 5 Pack | arg | ake. | \,96.03,True,single_price_evidence,https://caau.syd1.cdn.digitaloceanspaces.com/wp-content/uploads/catalogue/coles/coles-catalogue-october-8-15-2024-nsw-metro/10.jpg,https://www.catalogueau.com/coles/#catalogue=coles/coles-catalogue-october-8-15-2024-nsw-metro/,displayed_price,displayed_price,1,review
Coles,NSW METRO,"Coles Catalogue October 8 - 15, 2024 NSW METRO",2024-10-08,2024-10-15,10,Spirax A4 Notebook 120 Pages 2nd week,3.0,,,,special,,,Spirax A4 Notebook 120 Pages | 2nd week on sale | © @,95.64,True,offer_labels_missing;save_amount_missing;regular_price_missing;single_price_evidence,https://caau.syd1.cdn.digitaloceanspaces.com/wp-content/uploads/catalogue/coles/coles-catalogue-october-8-15-2024-nsw-metro/10.jpg,https://www.catalogueau.com/coles/#catalogue=coles/coles-catalogue-october-8-15-2024-nsw-metro/,displayed_price,displayed_price,1,review
Coles,NSW METRO,"Coles Catalogue October 8 - 15, 2024 NSW METRO",2024-10-08,2024-10-15,10,Pilot Frixion Ball Erasable Pen 2 Pack 2nd week,5.5,,,,special,2 Pack,,Pilot Frixion Ball Erasable Pen | 2 Pack 2nd week on sale,95.24,True,offer_labels_missing;save_amount_missing;regular_price_missing;single_price_evidence,https://caau.syd1.cdn.digitaloceanspaces.com/wp-content/uploads/catalogue/coles/coles-catalogue-october-8-15-2024-nsw-metro/10.jpg,https://www.catalogueau.com/coles/#catalogue=coles/coles-catalogue-october-8-15-2024-nsw-metro/,displayed_price,displayed_price,1,review
Coles,NSW METRO,"Coles Catalogue October 8 - 15, 2024 NSW METRO",2024-10-08,2024-10-15,10,Coles A5 Spiral Notebook 200 Pages,5.0,,,,everyday,,,Coles A5 Spiral Notebook | 200 Pages | Or,94.97,True,single_price_evidence,https://caau.syd1.cdn.digitaloceanspaces.com/wp-content/uploads/catalogue/coles/coles-catalogue-october-8-15-2024-nsw-metro/10.jpg,https://www.catalogueau.com/coles/#catalogue=coles/coles-catalogue-october-8-15-2024-nsw-metro/,displayed_price,displayed_price,1,review
Coles,NSW METRO,"Coles Catalogue October 8 - 15, 2024 NSW METRO",2024-10-08,2024-10-15,10,NRG USB A to USB C Cable Black 1.2m 1 Each,7.0,,,,everyday,,,NRG USB A to USB C Cable | Black 1.2m 1 Each | Flybuys,95.24,True,single_price_evidence,https://caau.syd1.cdn.digitaloceanspaces.com/wp-content/uploads/catalogue/coles/coles-catalogue-october-8-15-2024-nsw-metro/10.jpg,https://www.catalogueau.com/coles/#catalogue=coles/coles-catalogue-october-8-15-2024-nsw-metro/,displayed_price,displayed_price,1,review
Coles,NSW METRO,"Coles Catalogue October 8 - 15, 2024 NSW METRO",2024-10-08,2024-10-15,10,Dynabook USB 2.0 16GB 2nd week,11.0,,,,everyday,,,Dynabook USB 2.0 16GB | 2nd week on sale | = | -,94.93,True,single_price_evidence,https://caau.syd1.cdn.digitaloceanspaces.com/wp-content/uploads/catalogue/coles/coles-catalogue-october-8-15-2024-nsw-metro/10.jpg,https://www.catalogueau.com/coles/#catalogue=coles/coles-catalogue-october-8-15-2024-nsw-metro/,displayed_price,displayed_price,1,review
Coles,NSW METRO,"Coles Catalogue October 8 - 15, 2024 NSW METRO",2024-10-08,2024-10-15,11,Danone YoPro Perform Yoghurt Pouch 175g,1.85,3.7,1.85,50.0,half_price,175g,$1.06 per 100g,SAVE‘1.85 | WASS3.70 | Danone YoPro Perform Yoghurt Pouch | 175g $1.06 per 100g | a,95.5,False,,https://caau.syd1.cdn.digitaloceanspaces.com/wp-content/uploads/catalogue/coles/coles-catalogue-october-8-15-2024-nsw-metro/11.jpg,https://www.catalogueau.com/coles/#catalogue=coles/coles-catalogue-october-8-15-2024-nsw-metro/,save_was_arithmetic,displayed_price;save_was_arithmetic;unit_price,3,verified
Coles,NSW METRO,"Coles Catalogue October 8 - 15, 2024 NSW METRO",2024-10-08,2024-10-15,11,Chobani Fit High Protein Greek Yogurt 160g,2.2,2.8,0.6,21.43,save_amount,160g,$1.38 per 100g,WASS2.80 | WASS2.80 | Chobani Fit High Protein Greek | Yogurt 160g $1.38 per 100g | YoPRO,95.8,True,single_price_evidence,https://caau.syd1.cdn.digitaloceanspaces.com/wp-content/uploads/catalogue/coles/coles-catalogue-october-8-15-2024-nsw-metro/11.jpg,https://www.catalogueau.com/coles/#catalogue=coles/coles-catalogue-october-8-15-2024-nsw-metro/,unit_price,unit_price,1,review
Coles,NSW METRO,"Coles Catalogue October 8 - 15, 2024 NSW METRO",2024-10-08,2024-10-15,11,Danone Ultimate Yoghurt 4x115g,4.0,5.75,1.75,30.43,save_amount,4x115g,$0.87 per 100g,SAVES1.75 | WASS5.75 | Danone Ultimate | Yoghurt 4x115g | $0.87 per 100g,94.49,False,,https://caau.syd1.cdn.digitaloceanspaces.com/wp-content/uploads/catalogue/coles/coles-catalogue-october-8-15-2024-nsw-metro/11.jpg,https://www.catalogueau.com/coles/#catalogue=coles/coles-catalogue-october-8-15-2024-nsw-metro/,save_was_arithmetic,displayed_price;save_was_arithmetic;unit_price,3,verified
Coles,NSW METRO,"Coles Catalogue October 8 - 15, 2024 NSW METRO",2024-10-08,2024-10-15,11,Jalna Greek Yoghurt Tkg,6.5,8.3,1.8,21.69,save_amount,,$0.65 per 100g,SAVE51.80 | WASS8.30 | Jalna Greek Yoghurt | Tkg $0.65 per 100g,92.45,True,single_price_evidence,https://caau.syd1.cdn.digitaloceanspaces.com/wp-content/uploads/catalogue/coles/coles-catalogue-october-8-15-2024-nsw-metro/11.jpg,https://www.catalogueau.com/coles/#catalogue=coles/coles-catalogue-october-8-15-2024-nsw-metro/,displayed_price,displayed_price,1,review
Coles,NSW METRO,"Coles Catalogue October 8 - 15, 2024 NSW METRO",2024-10-08,2024-10-15,11,Dairy Farmers Thick & Creamy Yoghurt 140g-150g,260.0,262.6,2.6,0.99,save_amount,140g; 150g,,SAVE ‘2.60 | Dairy Farmers Thick | & Creamy Yoghurt | 140g-150g,94.45,True,single_price_evidence,https://caau.syd1.cdn.digitaloceanspaces.com/wp-content/uploads/catalogue/coles/coles-catalogue-october-8-15-2024-nsw-metro/11.jpg,https://www.catalogueau.com/coles/#catalogue=coles/coles-catalogue-october-8-15-2024-nsw-metro/,displayed_price,displayed_price,1,review
Coles,NSW METRO,"Coles Catalogue October 8 - 15, 2024 NSW METRO",2024-10-08,2024-10-15,11,Babybel Mini Cheese 5 Pack 100g,4.25,6.25,2.0,32.0,save_amount,5 Pack; 100g,$42.50 per kg,WASS6.25 | WASS6.25 | Babybel Mini Cheese | 5 Pack 100g | $42.50 per kg. | On sale for 2 weeks | 1],95.13,True,single_price_evidence,https://caau.syd1.cdn.digitaloceanspaces.com/wp-content/uploads/catalogue/coles/coles-catalogue-october-8-15-2024-nsw-metro/11.jpg,https://www.catalogueau.com/coles/#catalogue=coles/coles-catalogue-october-8-15-2024-nsw-metro/,unit_price,unit_price,1,review
Coles,NSW METRO,"Coles Catalogue October 8 - 15, 2024 NSW METRO",2024-10-08,2024-10-15,11,Western Star Spreadable Blend 375g,4.8,6.0,1.2,20.0,save_amount,375g,$1.28 per 100g,SAVE*1.20 | WASS6 | Western Star | Spreadable Blend | 375g $1.28 per 100g | 1],95.59,False,,https://caau.syd1.cdn.digitaloceanspaces.com/wp-content/uploads/catalogue/coles/coles-catalogue-october-8-15-2024-nsw-metro/11.jpg,https://www.catalogueau.com/coles/#catalogue=coles/coles-catalogue-october-8-15-2024-nsw-metro/,save_was_arithmetic,displayed_price;save_was_arithmetic;unit_price,3,verified
Coles,NSW METRO,"Coles Catalogue October 8 - 15, 2024 NSW METRO",2024-10-08,2024-10-15,11,Western Star Butter 500g,7.0,8.0,1.0,12.5,save_amount,500g,$1.40 per 100g,SAVE*1 | WASS8 | Western Star Butter | 500g $1.40 per 100g,96.47,False,,https://caau.syd1.cdn.digitaloceanspaces.com/wp-content/uploads/catalogue/coles/coles-catalogue-october-8-15-2024-nsw-metro/11.jpg,https://www.catalogueau.com/coles/#catalogue=coles/coles-catalogue-october-8-15-2024-nsw-metro/,save_was_arithmetic,displayed_price;save_was_arithmetic;unit_price,3,verified
Coles,NSW METRO,"Coles Catalogue October 8 - 15, 2024 NSW METRO",2024-10-08,2024-10-15,11,Pauls Custard Pouch 70g,1.5,1.9,0.4,21.05,save_amount,70g,$2.14 per 100g,WASS1.90 | WASS1.90 | Pauls Custard Pouch | 70g $2.14 per 100g | NSW-METRO-0910-24-285076,96.2,True,single_price_evidence,https://caau.syd1.cdn.digitaloceanspaces.com/wp-content/uploads/catalogue/coles/coles-catalogue-october-8-15-2024-nsw-metro/11.jpg,https://www.catalogueau.com/coles/#catalogue=coles/coles-catalogue-october-8-15-2024-nsw-metro/,unit_price,unit_price,1,review
Coles,NSW METRO,"Coles Catalogue October 8 - 15, 2024 NSW METRO",2024-10-08,2024-10-15,11,Danone YoPro Yoghurt 700g,7.5,,,,special,700g,$1.07 per 100g,Danone YoPro Yoghurt | 700g $1.07 per 100g | =,95.18,False,,https://caau.syd1.cdn.digitaloceanspaces.com/wp-content/uploads/catalogue/coles/coles-catalogue-october-8-15-2024-nsw-metro/11.jpg,https://www.catalogueau.com/coles/#catalogue=coles/coles-catalogue-october-8-15-2024-nsw-metro/,displayed_price,displayed_price;unit_price,2,verified
Coles,NSW METRO,"Coles Catalogue October 8 - 15, 2024 NSW METRO",2024-10-08,2024-10-15,11,Chobani it,4.0,,,,special,,,"Chobani | it | 15: | tei | ein, | g",79.0,True,offer_labels_missing;save_amount_missing;regular_price_missing;low_name_confidence_strict;single_price_evidence,https://caau.syd1.cdn.digitaloceanspaces.com/wp-content/uploads/catalogue/coles/coles-catalogue-october-8-15-2024-nsw-metro/11.jpg,https://www.catalogueau.com/coles/#catalogue=coles/coles-catalogue-october-8-15-2024-nsw-metro/,displayed_price,displayed_price,1,review
Coles,NSW METRO,"Coles Catalogue October 8 - 15, 2024 NSW METRO",2024-10-08,2024-10-15,12,Green Kiwifruit Single sell for,4.0,,,,special,,,Green Kiwifruit | Single sell for | 80 per kiwifruit when you buy 5 | 12,79.0,True,offer_labels_missing;save_amount_missing;regular_price_missing;low_name_confidence_strict;single_price_evidence,https://caau.syd1.cdn.digitaloceanspaces.com/wp-content/uploads/catalogue/coles/coles-catalogue-october-8-15-2024-nsw-metro/12.jpg,https://www.catalogueau.com/coles/#catalogue=coles/coles-catalogue-october-8-15-2024-nsw-metro/,displayed_price,displayed_price,1,review
Coles,NSW METRO,"Coles Catalogue October 8 - 15, 2024 NSW METRO",2024-10-08,2024-10-15,13,Coles Australian Dry Roasted or Natural Almonds 750g Pack,10.0,13.0,3.0,23.08,save_amount,750g,$13.33 per kg,WASS13 | WASS13 | Coles Australian Dry Roasted or Natural Almonds | 750g Pack $13.33 per kg,96.01,False,,https://caau.syd1.cdn.digitaloceanspaces.com/wp-content/uploads/catalogue/coles/coles-catalogue-october-8-15-2024-nsw-metro/13.jpg,https://www.catalogueau.com/coles/#catalogue=coles/coles-catalogue-october-8-15-2024-nsw-metro/,displayed_price,displayed_price;unit_price,2,verified
Coles,NSW METRO,"Coles Catalogue October 8 - 15, 2024 NSW METRO",2024-10-08,2024-10-15,13,Australian Blackberries 170g Punnet,4.5,,,,special,170g,$26.47 per kg,Australian Blackberries 170g Punnet | $26.47 per kg | — | Nal | NATURAL | RA,95.28,False,,https://caau.syd1.cdn.digitaloceanspaces.com/wp-content/uploads/catalogue/coles/coles-catalogue-october-8-15-2024-nsw-metro/13.jpg,https://www.catalogueau.com/coles/#catalogue=coles/coles-catalogue-october-8-15-2024-nsw-metro/,displayed_price,displayed_price;unit_price,2,verified
Coles,NSW METRO,"Coles Catalogue October 8 - 15, 2024 NSW METRO",2024-10-08,2024-10-15,13,Coles Australian Sweet Corn 3 Pack,3.9,,,,special,3 Pack,,Coles Australian Sweet Corn 3 Pack | $1.30 per cob,95.92,True,offer_labels_missing;save_amount_missing;regular_price_missing;single_price_evidence,https://caau.syd1.cdn.digitaloceanspaces.com/wp-content/uploads/catalogue/coles/coles-catalogue-october-8-15-2024-nsw-metro/13.jpg,https://www.catalogueau.com/coles/#catalogue=coles/coles-catalogue-october-8-15-2024-nsw-metro/,displayed_price,displayed_price,1,review
Coles,NSW METRO,"Coles Catalogue October 8 - 15, 2024 NSW METRO",2024-10-08,2024-10-15,14,Coles Australian Lamb Whole or Half Leg Roast,12.0,15.0,3.0,20.0,save_amount,,,WASS15kq | WASS15kq | Coles Australian Lamb Whole | or Half Leg Roast | NSW-METRO-0910-24-285076,96.11,True,single_price_evidence,https://caau.syd1.cdn.digitaloceanspaces.com/wp-content/uploads/catalogue/coles/coles-catalogue-october-8-15-2024-nsw-metro/14.jpg,https://www.catalogueau.com/coles/#catalogue=coles/coles-catalogue-october-8-15-2024-nsw-metro/,displayed_price,displayed_price,1,review
Coles,NSW METRO,"Coles Catalogue October 8 - 15, 2024 NSW METRO",2024-10-08,2024-10-15,14,Coles Australian Lamb Cutlets,32.0,434.0,402.0,92.63,save_amount,,,WASS434y | WASS434y | Coles Australian Lamb Cutlets,95.84,True,single_price_evidence,https://caau.syd1.cdn.digitaloceanspaces.com/wp-content/uploads/catalogue/coles/coles-catalogue-october-8-15-2024-nsw-metro/14.jpg,https://www.catalogueau.com/coles/#catalogue=coles/coles-catalogue-october-8-15-2024-nsw-metro/,displayed_price,displayed_price,1,review
Coles,NSW METRO,"Coles Catalogue October 8 - 15, 2024 NSW METRO",2024-10-08,2024-10-15,14,Coles Australian Lamb Forequarter Chops,16.0,19.0,3.0,15.79,save_amount,,,WASS19s5 | WASS19s5 | Coles Australian Lamb | Forequarter Chops,95.21,True,single_price_evidence,https://caau.syd1.cdn.digitaloceanspaces.com/wp-content/uploads/catalogue/coles/coles-catalogue-october-8-15-2024-nsw-metro/14.jpg,https://www.catalogueau.com/coles/#catalogue=coles/coles-catalogue-october-8-15-2024-nsw-metro/,displayed_price,displayed_price,1,review
Coles,NSW METRO,"Coles Catalogue October 8 - 15, 2024 NSW METRO",2024-10-08,2024-10-15,15,Coles Australian No Added Hormones Beef Roast Topside,16.0,18.0,2.0,11.11,save_amount,,,WASS18ig | WASS18ig | Coles Australian No Added | Hormones Beef Roast Topside | a | fii,96.24,True,single_price_evidence,https://caau.syd1.cdn.digitaloceanspaces.com/wp-content/uploads/catalogue/coles/coles-catalogue-october-8-15-2024-nsw-metro/15.jpg,https://www.catalogueau.com/coles/#catalogue=coles/coles-catalogue-october-8-15-2024-nsw-metro/,displayed_price,displayed_price,1,review
Coles,NSW METRO,"Coles Catalogue October 8 - 15, 2024 NSW METRO",2024-10-08,2024-10-15,15,Coles Made Easy Chicken Breasts Filled with Garlic & Herb Butter 500g,11.5,13.0,1.5,11.54,save_amount,500g,$23.00 per kg,WASS13 | WASS13 | Coles Made Easy Chicken | Breasts Filled with Garlic & Herb | Butter 500g $23.00 per kg. | On sale for 2 weeks | i> | ers,96.06,False,,https://caau.syd1.cdn.digitaloceanspaces.com/wp-content/uploads/catalogue/coles/coles-catalogue-october-8-15-2024-nsw-metro/15.jpg,https://www.catalogueau.com/coles/#catalogue=coles/coles-catalogue-october-8-15-2024-nsw-metro/,displayed_price,displayed_price;unit_price,2,verified
Coles,NSW METRO,"Coles Catalogue October 8 - 15, 2024 NSW METRO",2024-10-08,2024-10-15,15,Coles RSPCA Approved Chicken Thigh Cutlets,3.0,9.5,6.5,68.42,save_amount,,,WAS$9.50i | WAS$9.50i | Coles RSPCA Approved Chicken | Thigh Cutlets | a | rv | 4 tag Y « | oS,96.16,True,single_price_evidence,https://caau.syd1.cdn.digitaloceanspaces.com/wp-content/uploads/catalogue/coles/coles-catalogue-october-8-15-2024-nsw-metro/15.jpg,https://www.catalogueau.com/coles/#catalogue=coles/coles-catalogue-october-8-15-2024-nsw-metro/,displayed_price,displayed_price,1,review
Coles,NSW METRO,"Coles Catalogue October 8 - 15, 2024 NSW METRO",2024-10-08,2024-10-15,15,Coles RSPCA Chicken Kebabs Honey & Soy 750g,10.5,11.5,1.0,8.7,save_amount,750g,$14.00 per kg,"WASS11.50 | WASS11.50 | Coles RSPCA Chicken Kebabs | Honey & Soy 750g $14.00 per kg. | On sale for 2 weeks | a | ares, | fe",95.95,True,single_price_evidence,https://caau.syd1.cdn.digitaloceanspaces.com/wp-content/uploads/catalogue/coles/coles-catalogue-october-8-15-2024-nsw-metro/15.jpg,https://www.catalogueau.com/coles/#catalogue=coles/coles-catalogue-october-8-15-2024-nsw-metro/,unit_price,unit_price,1,review
Coles,NSW METRO,"Coles Catalogue October 8 - 15, 2024 NSW METRO",2024-10-08,2024-10-15,15,NSW-METRO-0910-24-285076,16.0,19.0,3.0,15.79,save_amount,,,WAS $19ig | WAS $19ig | NSW-METRO-0910-24-285076,87.15,True,single_price_evidence,https://caau.syd1.cdn.digitaloceanspaces.com/wp-content/uploads/catalogue/coles/coles-catalogue-october-8-15-2024-nsw-metro/15.jpg,https://www.catalogueau.com/coles/#catalogue=coles/coles-catalogue-october-8-15-2024-nsw-metro/,displayed_price,displayed_price,1,review
Coles,NSW METRO,"Coles Catalogue October 8 - 15, 2024 NSW METRO",2024-10-08,2024-10-15,15,Coles Sausages 550g,5.0,,,,special,550g,$9.09 per kg,Coles Sausages 550g | $9.09 per kg | Eases. h | *a,96.81,True,offer_labels_missing;save_amount_missing;regular_price_missing;inferred_price_requires_review,https://caau.syd1.cdn.digitaloceanspaces.com/wp-content/uploads/catalogue/coles/coles-catalogue-october-8-15-2024-nsw-metro/15.jpg,https://www.catalogueau.com/coles/#catalogue=coles/coles-catalogue-october-8-15-2024-nsw-metro/,unit_price,grid_inference;unit_price,1,review
Coles,NSW METRO,"Coles Catalogue October 8 - 15, 2024 NSW METRO",2024-10-08,2024-10-15,15,Coles Australian Pork 3 Star Regular Mince 500g,4.7,,,,down_down,500g,$9.40 per kg,Coles Australian Pork 3 Star | Regular Mince 500g | $9.40 per kg,96.46,False,,https://caau.syd1.cdn.digitaloceanspaces.com/wp-content/uploads/catalogue/coles/coles-catalogue-october-8-15-2024-nsw-metro/15.jpg,https://www.catalogueau.com/coles/#catalogue=coles/coles-catalogue-october-8-15-2024-nsw-metro/,displayed_price,displayed_price;unit_price,2,verified
Coles,NSW METRO,"Coles Catalogue October 8 - 15, 2024 NSW METRO",2024-10-08,2024-10-15,15,Coles RSPCA Approved Chicken Boneless Herb & Garlic 1kg,11.0,,,,down_down,1kg,$11.00 per kg,Coles RSPCA Approved | Chicken Boneless Herb & | Garlic 1kg $11.00 per kg,95.29,False,,https://caau.syd1.cdn.digitaloceanspaces.com/wp-content/uploads/catalogue/coles/coles-catalogue-october-8-15-2024-nsw-metro/15.jpg,https://www.catalogueau.com/coles/#catalogue=coles/coles-catalogue-october-8-15-2024-nsw-metro/,displayed_price,displayed_price;unit_price,2,verified
Coles,NSW METRO,"Coles Catalogue October 8 - 15, 2024 NSW METRO",2024-10-08,2024-10-15,15,Coles Free Range RSPCA Approved Chicken Breast,14.0,,,,down_down,,,Coles Free Range RSPCA | Approved Chicken Breast | Large Pack,96.33,True,save_amount_missing;regular_price_missing;single_price_evidence,https://caau.syd1.cdn.digitaloceanspaces.com/wp-content/uploads/catalogue/coles/coles-catalogue-october-8-15-2024-nsw-metro/15.jpg,https://www.catalogueau.com/coles/#catalogue=coles/coles-catalogue-october-8-15-2024-nsw-metro/,displayed_price,displayed_price,1,review
Coles,NSW METRO,"Coles Catalogue October 8 - 15, 2024 NSW METRO",2024-10-08,2024-10-15,16,Don Honey Ham Selected stores only* Pe,22.0,26.0,4.0,15.38,save_amount,,,WAS $26 | WAS $26 | (i | Don Honey Ham | Selected stores only* Pe,79.0,True,low_name_confidence_strict;single_price_evidence,https://caau.syd1.cdn.digitaloceanspaces.com/wp-content/uploads/catalogue/coles/coles-catalogue-october-8-15-2024-nsw-metro/16.jpg,https://www.catalogueau.com/coles/#catalogue=coles/coles-catalogue-october-8-15-2024-nsw-metro/,displayed_price,displayed_price,1,review
Coles,NSW METRO,"Coles Catalogue October 8 - 15, 2024 NSW METRO",2024-10-08,2024-10-15,16,Primo Rindless Short Cut Bacon Selected stores only*,17.0,21.0,4.0,19.05,save_amount,,,WASS21ig | WASS21ig | Primo Rindless Short Cut Bacon | Selected stores only* | $240,94.25,True,single_price_evidence,https://caau.syd1.cdn.digitaloceanspaces.com/wp-content/uploads/catalogue/coles/coles-catalogue-october-8-15-2024-nsw-metro/16.jpg,https://www.catalogueau.com/coles/#catalogue=coles/coles-catalogue-october-8-15-2024-nsw-metro/,displayed_price,displayed_price,1,review
Coles,NSW METRO,"Coles Catalogue October 8 - 15, 2024 NSW METRO",2024-10-08,2024-10-15,16,Primo Sliced Meat 80g-100g,3.0,3.95,0.95,24.05,save_amount,80g; 100g,,WASS3.95 | WASS3.95 | Primo Sliced Meat 80g-100g | *See page 22 forT&Cs | a,93.13,True,single_price_evidence,https://caau.syd1.cdn.digitaloceanspaces.com/wp-content/uploads/catalogue/coles/coles-catalogue-october-8-15-2024-nsw-metro/16.jpg,https://www.catalogueau.com/coles/#catalogue=coles/coles-catalogue-october-8-15-2024-nsw-metro/,displayed_price,displayed_price,1,review
Coles,NSW METRO,"Coles Catalogue October 8 - 15, 2024 NSW METRO",2024-10-08,2024-10-15,16,Primo Seasoned Roast Pork Selected stores only*,25.0,28.5,3.5,12.28,save_amount,,,WASS$28.50ig | WASS$28.50ig | Primo Seasoned Roast Pork | Selected stores only* | a | =~,95.32,True,single_price_evidence,https://caau.syd1.cdn.digitaloceanspaces.com/wp-content/uploads/catalogue/coles/coles-catalogue-october-8-15-2024-nsw-metro/16.jpg,https://www.catalogueau.com/coles/#catalogue=coles/coles-catalogue-october-8-15-2024-nsw-metro/,displayed_price,displayed_price,1,review
Coles,NSW METRO,"Coles Catalogue October 8 - 15, 2024 NSW METRO",2024-10-08,2024-10-15,16,Coles Australian MSC Thawed Raw Banana Prawns,17.0,20.0,3.0,15.0,save_amount,,,WASS20i5 | WASS20i5 | Coles Australian MSC Thawed | Raw Banana Prawns | Selected stores only*,96.36,True,single_price_evidence,https://caau.syd1.cdn.digitaloceanspaces.com/wp-content/uploads/catalogue/coles/coles-catalogue-october-8-15-2024-nsw-metro/16.jpg,https://www.catalogueau.com/coles/#catalogue=coles/coles-catalogue-october-8-15-2024-nsw-metro/,displayed_price,displayed_price,1,review
Coles,NSW METRO,"Coles Catalogue October 8 - 15, 2024 NSW METRO",2024-10-08,2024-10-15,16,NSW-METRO-0910-24-285076,36.0,42.0,6.0,14.29,save_amount,,,WAS $42kg | WAS $42kg | 2S | — | NSW-METRO-0910-24-285076,87.5,True,single_price_evidence,https://caau.syd1.cdn.digitaloceanspaces.com/wp-content/uploads/catalogue/coles/coles-catalogue-october-8-15-2024-nsw-metro/16.jpg,https://www.catalogueau.com/coles/#catalogue=coles/coles-catalogue-october-8-15-2024-nsw-metro/,displayed_price,displayed_price,1,review
Coles,NSW METRO,"Coles Catalogue October 8 - 15, 2024 NSW METRO",2024-10-08,2024-10-15,16,Coles Tasmanian Hot Smoked Salmon Natural or Pepper 150g,8.0,,,,special,150g,$53.33 per kg,Coles Tasmanian Hot Smoked | Salmon Natural or Pepper 150g | $53.33 per kg,96.21,False,,https://caau.syd1.cdn.digitaloceanspaces.com/wp-content/uploads/catalogue/coles/coles-catalogue-october-8-15-2024-nsw-metro/16.jpg,https://www.catalogueau.com/coles/#catalogue=coles/coles-catalogue-october-8-15-2024-nsw-metro/,displayed_price,displayed_price;unit_price,2,verified
Coles,NSW METRO,"Coles Catalogue October 8 - 15, 2024 NSW METRO",2024-10-08,2024-10-15,16,Hans Twiggy Sticks ly Sticks,24.0,,,,special,,,Hans Twiggy Sticks | ly Sticks | fO | Selected sfores only | Selected s | ores only*,79.0,True,offer_labels_missing;save_amount_missing;regular_price_missing;low_name_confidence_strict;single_price_evidence,https://caau.syd1.cdn.digitaloceanspaces.com/wp-content/uploads/catalogue/coles/coles-catalogue-october-8-15-2024-nsw-metro/16.jpg,https://www.catalogueau.com/coles/#catalogue=coles/coles-catalogue-october-8-15-2024-nsw-metro/,displayed_price,displayed_price,1,review
Coles,NSW METRO,"Coles Catalogue October 8 - 15, 2024 NSW METRO",2024-10-08,2024-10-15,17,Coles Bakery Iced Donuts 6 Pack,3.25,3.8,0.55,14.47,save_amount,6 Pack,$0.54 per each,WAS$3.80 | WAS$3.80 | Coles Bakery Iced Donuts 6 Pack | $0.54 per each. Selected stores only,95.98,True,single_price_evidence,https://caau.syd1.cdn.digitaloceanspaces.com/wp-content/uploads/catalogue/coles/coles-catalogue-october-8-15-2024-nsw-metro/17.jpg,https://www.catalogueau.com/coles/#catalogue=coles/coles-catalogue-october-8-15-2024-nsw-metro/,unit_price,unit_price,1,review
Coles,NSW METRO,"Coles Catalogue October 8 - 15, 2024 NSW METRO",2024-10-08,2024-10-15,17,Golden Crumpet Rounds 6 Pack 300g,2.2,4.4,2.2,50.0,half_price,6 Pack; 300g,$0.73 per 100g,WASS4.40_ | WASS4.40_ | Golden Crumpet Rounds 6 Pack | 300g $0.73 per 100g | Ws,96.32,False,,https://caau.syd1.cdn.digitaloceanspaces.com/wp-content/uploads/catalogue/coles/coles-catalogue-october-8-15-2024-nsw-metro/17.jpg,https://www.catalogueau.com/coles/#catalogue=coles/coles-catalogue-october-8-15-2024-nsw-metro/,displayed_price,displayed_price;unit_price,2,verified
Coles,NSW METRO,"Coles Catalogue October 8 - 15, 2024 NSW METRO",2024-10-08,2024-10-15,17,Helga's Wraps 445g-508g,3.5,5.5,2.0,36.36,save_amount,445g; 508g,,WAS$5.50 | WAS$5.50 | Helga's Wraps 445g-508g,90.59,True,single_price_evidence,https://caau.syd1.cdn.digitaloceanspaces.com/wp-content/uploads/catalogue/coles/coles-catalogue-october-8-15-2024-nsw-metro/17.jpg,https://www.catalogueau.com/coles/#catalogue=coles/coles-catalogue-october-8-15-2024-nsw-metro/,displayed_price,displayed_price,1,review
Coles,NSW METRO,"Coles Catalogue October 8 - 15, 2024 NSW METRO",2024-10-08,2024-10-15,17,Coles Café Style Muffins 2 Pack 280g,4.0,4.7,0.7,14.89,save_amount,2 Pack; 280g,$1.43 per 100g,WASS$4.70 | WASS$4.70 | Coles Café Style Muffins 2 Pack | 280g $1.43 per 100g | wo | ‘aa,96.51,False,,https://caau.syd1.cdn.digitaloceanspaces.com/wp-content/uploads/catalogue/coles/coles-catalogue-october-8-15-2024-nsw-metro/17.jpg,https://www.catalogueau.com/coles/#catalogue=coles/coles-catalogue-october-8-15-2024-nsw-metro/,displayed_price,displayed_price;unit_price,2,verified
Coles,NSW METRO,"Coles Catalogue October 8 - 15, 2024 NSW METRO",2024-10-08,2024-10-15,17,Coles Finest Chocolate Hazelnut Cake 1.3kg,30.0,35.0,5.0,14.29,save_amount,1.3kg,$2.31 per 100g,WASS35 | WASS35 | Coles Finest Chocolate Hazelnut | Cake 1.3kg $2.31 per 100g. | *See page 22 for T&Cs | > | & | <N,95.25,True,single_price_evidence,https://caau.syd1.cdn.digitaloceanspaces.com/wp-content/uploads/catalogue/coles/coles-catalogue-october-8-15-2024-nsw-metro/17.jpg,https://www.catalogueau.com/coles/#catalogue=coles/coles-catalogue-october-8-15-2024-nsw-metro/,displayed_price,displayed_price,1,review
Coles,NSW METRO,"Coles Catalogue October 8 - 15, 2024 NSW METRO",2024-10-08,2024-10-15,17,NSW-METRO-0910-24-285076,3.05,4.15,1.1,26.51,save_amount,,,NSW-METRO-0910-24-285076,88.01,True,offer_labels_missing;single_price_evidence,https://caau.syd1.cdn.digitaloceanspaces.com/wp-content/uploads/catalogue/coles/coles-catalogue-october-8-15-2024-nsw-metro/17.jpg,https://www.catalogueau.com/coles/#catalogue=coles/coles-catalogue-october-8-15-2024-nsw-metro/,unknown,,0,review
Coles,NSW METRO,"Coles Catalogue October 8 - 15, 2024 NSW METRO",2024-10-08,2024-10-15,17,Coles Bakery Rolls 6 Pack,2.88,,,,special,6 Pack,$0.48 per each,Coles Bakery Rolls 6 Pack | $0.48 per each. Selected stores only,96.54,True,offer_labels_missing;save_amount_missing;regular_price_missing;inferred_price_requires_review,https://caau.syd1.cdn.digitaloceanspaces.com/wp-content/uploads/catalogue/coles/coles-catalogue-october-8-15-2024-nsw-metro/17.jpg,https://www.catalogueau.com/coles/#catalogue=coles/coles-catalogue-october-8-15-2024-nsw-metro/,unit_price,grid_inference;unit_price,1,review
Coles,NSW METRO,"Coles Catalogue October 8 - 15, 2024 NSW METRO",2024-10-08,2024-10-15,18,Coles Simply Thin BBQ Sausages 24 Pack 1.8kg,11.0,12.0,1.0,8.33,save_amount,24 Pack; 1.8kg,$6.11 per kg,WASS12 | WASS12 | AUG 2024 | Coles Simply Thin BBQ Sausages | 24 Pack 1.8kg $6.11 per kg,94.73,True,single_price_evidence,https://caau.syd1.cdn.digitaloceanspaces.com/wp-content/uploads/catalogue/coles/coles-catalogue-october-8-15-2024-nsw-metro/18.jpg,https://www.catalogueau.com/coles/#catalogue=coles/coles-catalogue-october-8-15-2024-nsw-metro/,unit_price,unit_price,1,review
Coles,NSW METRO,"Coles Catalogue October 8 - 15, 2024 NSW METRO",2024-10-08,2024-10-15,18,Coles Simply Hamburger Rolls 6 Pack 540g or Hot Dog Rolls 6 Pack 450g,2.3,2.5,0.2,8.0,save_amount,6 Pack; 540g; 450g,,WAS $2.50 | WAS $2.50 | SEP 2024 | Coles Simply Hamburger Rolls | 6 Pack 540g or Hot Dog Rolls | 6 Pack 450g | NSW-METRO-0910-24-285076,96.0,True,single_price_evidence,https://caau.syd1.cdn.digitaloceanspaces.com/wp-content/uploads/catalogue/coles/coles-catalogue-october-8-15-2024-nsw-metro/18.jpg,https://www.catalogueau.com/coles/#catalogue=coles/coles-catalogue-october-8-15-2024-nsw-metro/,displayed_price,displayed_price,1,review
Coles,NSW METRO,"Coles Catalogue October 8 - 15, 2024 NSW METRO",2024-10-08,2024-10-15,18,Coles Simply BBQ Beef Burgers 10 Pack 1kg,10.5,11.0,0.5,4.55,save_amount,10 Pack; 1kg,$10.50 per kg,WASS11 | WASS11 | AUG 2024 | Coles Simply BBQ Beef Burgers | 10 Pack 1kg $10.50 per kg,93.12,True,single_price_evidence,https://caau.syd1.cdn.digitaloceanspaces.com/wp-content/uploads/catalogue/coles/coles-catalogue-october-8-15-2024-nsw-metro/18.jpg,https://www.catalogueau.com/coles/#catalogue=coles/coles-catalogue-october-8-15-2024-nsw-metro/,unit_price,unit_price,1,review
Coles,NSW METRO,"Coles Catalogue October 8 - 15, 2024 NSW METRO",2024-10-08,2024-10-15,18,Mee Dog,4.0,,,,special,,,N | k= | Mee | Dog | =~ | flor,70.99,True,offer_labels_missing;save_amount_missing;regular_price_missing;low_name_confidence_strict;single_price_evidence,https://caau.syd1.cdn.digitaloceanspaces.com/wp-content/uploads/catalogue/coles/coles-catalogue-october-8-15-2024-nsw-metro/18.jpg,https://www.catalogueau.com/coles/#catalogue=coles/coles-catalogue-october-8-15-2024-nsw-metro/,displayed_price,displayed_price,1,review
Coles,NSW METRO,"Coles Catalogue October 8 - 15, 2024 NSW METRO",2024-10-08,2024-10-15,18,Coles Simply Breadcrumbs 500g,2.0,,,,special,500g,$0.40 per 100g,Coles Simply Breadcrumbs 500g | $0.40 per 100g,96.44,False,,https://caau.syd1.cdn.digitaloceanspaces.com/wp-content/uploads/catalogue/coles/coles-catalogue-october-8-15-2024-nsw-metro/18.jpg,https://www.catalogueau.com/coles/#catalogue=coles/coles-catalogue-october-8-15-2024-nsw-metro/,displayed_price,displayed_price;unit_price,2,verified
Coles,NSW METRO,"Coles Catalogue October 8 - 15, 2024 NSW METRO",2024-10-08,2024-10-15,18,Coles Simply Regular Spread Tkg,2.0,,,,special,,$0.28 per 100g,Coles Simply Regular Spread | Tkg $0.28 per 100g,95.52,True,offer_labels_missing;save_amount_missing;regular_price_missing;single_price_evidence,https://caau.syd1.cdn.digitaloceanspaces.com/wp-content/uploads/catalogue/coles/coles-catalogue-october-8-15-2024-nsw-metro/18.jpg,https://www.catalogueau.com/coles/#catalogue=coles/coles-catalogue-october-8-15-2024-nsw-metro/,displayed_price,displayed_price,1,review
Coles,NSW METRO,"Coles Catalogue October 8 - 15, 2024 NSW METRO",2024-10-08,2024-10-15,18,Coles Simply Food Containers 950mL 4 Pack,3.5,,,,down_down,950mL; 4 Pack,$0.88 per each,Coles Simply Food Containers | 950mL 4 Pack $0.88 per each | 18,95.4,True,single_price_evidence,https://caau.syd1.cdn.digitaloceanspaces.com/wp-content/uploads/catalogue/coles/coles-catalogue-october-8-15-2024-nsw-metro/18.jpg,https://www.catalogueau.com/coles/#catalogue=coles/coles-catalogue-october-8-15-2024-nsw-metro/,unit_price,unit_price,1,review
Coles,NSW METRO,"Coles Catalogue October 8 - 15, 2024 NSW METRO",2024-10-08,2024-10-15,19,"Red Rock Deli Style, Gourmet or Crostini Crackers 115g-135g",2.5,5.0,2.5,50.0,half_price,115g; 135g,,"‘WASS5 | ‘WASS5 | Red Rock Deli Style, | Gourmet or Crostini | Crackers 115g-135g | *See page 22 forT&Cs",94.82,True,inferred_price_requires_review,https://caau.syd1.cdn.digitaloceanspaces.com/wp-content/uploads/catalogue/coles/coles-catalogue-october-8-15-2024-nsw-metro/19.jpg,https://www.catalogueau.com/coles/#catalogue=coles/coles-catalogue-october-8-15-2024-nsw-metro/,displayed_price,displayed_price;page_discount,1,review
Coles,NSW METRO,"Coles Catalogue October 8 - 15, 2024 NSW METRO",2024-10-08,2024-10-15,19,McVitie's Go Ahead Biscuits 174g,2.2,4.4,2.2,50.0,half_price,174g,$1.26 per 100g,WASS$4.40 | WASS$4.40 | McVitie's Go | Ahead Biscuits 174g | $1.26 per 100g,93.22,False,,https://caau.syd1.cdn.digitaloceanspaces.com/wp-content/uploads/catalogue/coles/coles-catalogue-october-8-15-2024-nsw-metro/19.jpg,https://www.catalogueau.com/coles/#catalogue=coles/coles-catalogue-october-8-15-2024-nsw-metro/,displayed_price,displayed_price;page_discount;unit_price,2,verified
Coles,NSW METRO,"Coles Catalogue October 8 - 15, 2024 NSW METRO",2024-10-08,2024-10-15,19,Arnott's Treatles Biscuit Bites 90g,3.0,6.0,3.0,50.0,half_price,90g,$3.33 per 100g,WASS6 | WASS6 | Arnott's Treatles Biscuit Bites 90g | $3.33 per 100g | 7S,93.4,True,inferred_price_requires_review,https://caau.syd1.cdn.digitaloceanspaces.com/wp-content/uploads/catalogue/coles/coles-catalogue-october-8-15-2024-nsw-metro/19.jpg,https://www.catalogueau.com/coles/#catalogue=coles/coles-catalogue-october-8-15-2024-nsw-metro/,unit_price,page_discount;unit_price,1,review
Coles,NSW METRO,"Coles Catalogue October 8 - 15, 2024 NSW METRO",2024-10-08,2024-10-15,19,Toblerone 360g,8.0,16.0,8.0,50.0,half_price,360g,$2.22 per 100g,WASS16 | WASS16 | Toblerone 360g | $2.22 per 100g | SS | 1 | | Nat | q,96.45,False,,https://caau.syd1.cdn.digitaloceanspaces.com/wp-content/uploads/catalogue/coles/coles-catalogue-october-8-15-2024-nsw-metro/19.jpg,https://www.catalogueau.com/coles/#catalogue=coles/coles-catalogue-october-8-15-2024-nsw-metro/,displayed_price,displayed_price;page_discount;unit_price,2,verified
Coles,NSW METRO,"Coles Catalogue October 8 - 15, 2024 NSW METRO",2024-10-08,2024-10-15,19,Natural Chip Co. Potato Chips 175g,3.5,5.0,1.5,30.0,save_amount,175g,$2.00 per 100g,"WASS5 | WASS5 | Natural Chip Co. Potato Chips | 175g $2.00 per 100g | 6 | 6""",96.42,False,,https://caau.syd1.cdn.digitaloceanspaces.com/wp-content/uploads/catalogue/coles/coles-catalogue-october-8-15-2024-nsw-metro/19.jpg,https://www.catalogueau.com/coles/#catalogue=coles/coles-catalogue-october-8-15-2024-nsw-metro/,displayed_price,displayed_price;unit_price,2,verified
Coles,NSW METRO,"Coles Catalogue October 8 - 15, 2024 NSW METRO",2024-10-08,2024-10-15,19,Doritos Corn Chips 150g-170g or XXL 150g,2.4,4.8,2.4,50.0,half_price,150g; 170g,,"WASS4.80. | WASS4.80. | Doritos Corn Chips 150g-170g | or XXL 150g | I = fy | TS, | aan! BAG",93.27,True,inferred_price_requires_review,https://caau.syd1.cdn.digitaloceanspaces.com/wp-content/uploads/catalogue/coles/coles-catalogue-october-8-15-2024-nsw-metro/19.jpg,https://www.catalogueau.com/coles/#catalogue=coles/coles-catalogue-october-8-15-2024-nsw-metro/,page_discount_inference,page_discount,0,review
Coles,NSW METRO,"Coles Catalogue October 8 - 15, 2024 NSW METRO",2024-10-08,2024-10-15,19,Smith's Thinly Cut Potato Chips 175g,3.0,,,,special,175g,$1.71 per 100g,Smith's Thinly Cut Potato Chips | 175g $1.71 per 100g | ant BG | ea,95.15,False,,https://caau.syd1.cdn.digitaloceanspaces.com/wp-content/uploads/catalogue/coles/coles-catalogue-october-8-15-2024-nsw-metro/19.jpg,https://www.catalogueau.com/coles/#catalogue=coles/coles-catalogue-october-8-15-2024-nsw-metro/,displayed_price,displayed_price;unit_price,2,verified
Coles,NSW METRO,"Coles Catalogue October 8 - 15, 2024 NSW METRO",2024-10-08,2024-10-15,19,"Burger Rings, Twisties, Cheetos or Toobs Snack Party Size Bag 150g-270g",4.0,,,,special,150g; 270g,,"Burger Rings, Twisties, Cheetos | or Toobs Snack Party Size Bag | 150g-270g | iCkNO\ | s Grou | recognise their strength a",93.41,True,offer_labels_missing;save_amount_missing;regular_price_missing;single_price_evidence,https://caau.syd1.cdn.digitaloceanspaces.com/wp-content/uploads/catalogue/coles/coles-catalogue-october-8-15-2024-nsw-metro/19.jpg,https://www.catalogueau.com/coles/#catalogue=coles/coles-catalogue-october-8-15-2024-nsw-metro/,displayed_price,displayed_price,1,review
Coles,NSW METRO,"Coles Catalogue October 8 - 15, 2024 NSW METRO",2024-10-08,2024-10-15,19,Arnott's Cream or Tina Wafer Biscuits 200g-250g,6.0,,,,special,200g; 250g,,"Arnott's Cream or Tina Wafer | Biscuits 200g-250g | Coles Group acknowledges the Traditional Custodians of Country throughout Australia. | Tradition | Custodians of Country throt | We recognise their strength and pay our respect to Elders past, present and emerging.",92.81,True,offer_labels_missing;save_amount_missing;regular_price_missing;single_price_evidence,https://caau.syd1.cdn.digitaloceanspaces.com/wp-content/uploads/catalogue/coles/coles-catalogue-october-8-15-2024-nsw-metro/19.jpg,https://www.catalogueau.com/coles/#catalogue=coles/coles-catalogue-october-8-15-2024-nsw-metro/,displayed_price,displayed_price,1,review
Coles,NSW METRO,"Coles Catalogue October 8 - 15, 2024 NSW METRO",2024-10-08,2024-10-15,19,Cheezels or Parkers Pretzels 6 Pack or Sunbites Grain Waves 5 Pack,7.0,,,,special,6 Pack; 5 Pack,,Cheezels or Parkers Pretzels 6 Pack | or Sunbites Grain Waves 5 Pack | hi | ut Austr | if and | Ny,94.81,True,offer_labels_missing;save_amount_missing;regular_price_missing;single_price_evidence,https://caau.syd1.cdn.digitaloceanspaces.com/wp-content/uploads/catalogue/coles/coles-catalogue-october-8-15-2024-nsw-metro/19.jpg,https://www.catalogueau.com/coles/#catalogue=coles/coles-catalogue-october-8-15-2024-nsw-metro/,displayed_price,displayed_price,1,review
Coles,NSW METRO,"Coles Catalogue October 8 - 15, 2024 NSW METRO",2024-10-08,2024-10-15,20,Thins Potato Chips 150g-175g,3.25,5.0,1.75,35.0,save_amount,150g; 175g,,Thins Potato Chips 150g-175g,94.29,True,offer_labels_missing;single_price_evidence,https://caau.syd1.cdn.digitaloceanspaces.com/wp-content/uploads/catalogue/coles/coles-catalogue-october-8-15-2024-nsw-metro/20.jpg,https://www.catalogueau.com/coles/#catalogue=coles/coles-catalogue-october-8-15-2024-nsw-metro/,unknown,,0,review
Coles,NSW METRO,"Coles Catalogue October 8 - 15, 2024 NSW METRO",2024-10-08,2024-10-15,20,Lindt Excellence or Lindor Block Chocolate 80g-100g,5.0,6.5,1.5,23.08,save_amount,80g; 100g,,WASS6.50 | WASS6.50 | Lindt Excellence or Lindor Block | Chocolate 80g-100g | BIOSHARE BAG,93.95,True,single_price_evidence,https://caau.syd1.cdn.digitaloceanspaces.com/wp-content/uploads/catalogue/coles/coles-catalogue-october-8-15-2024-nsw-metro/20.jpg,https://www.catalogueau.com/coles/#catalogue=coles/coles-catalogue-october-8-15-2024-nsw-metro/,displayed_price,displayed_price,1,review
Coles,NSW METRO,"Coles Catalogue October 8 - 15, 2024 NSW METRO",2024-10-08,2024-10-15,20,Red Rock Deli Potato Chips 150g-165g,4.2,6.0,1.8,30.0,save_amount,150g; 165g,,WASS$6 | WASS$6 | Red Rock Deli Potato Chips | 150g-165g | ADVERTISER PROMOTION | NSW-METRO-0910-24-285076,79.0,True,low_name_confidence_strict;single_price_evidence,https://caau.syd1.cdn.digitaloceanspaces.com/wp-content/uploads/catalogue/coles/coles-catalogue-october-8-15-2024-nsw-metro/20.jpg,https://www.catalogueau.com/coles/#catalogue=coles/coles-catalogue-october-8-15-2024-nsw-metro/,displayed_price,displayed_price,1,review
Coles,NSW METRO,"Coles Catalogue October 8 - 15, 2024 NSW METRO",2024-10-08,2024-10-15,20,"Mars M&M's, Maltesers or Pods 120g-180g",8.0,,,,special,120g; 180g,,"Mars M&M's, Maltesers | or Pods 120g-180g | sites | Grain | in",93.01,True,offer_labels_missing;save_amount_missing;regular_price_missing;inferred_price_requires_review,https://caau.syd1.cdn.digitaloceanspaces.com/wp-content/uploads/catalogue/coles/coles-catalogue-october-8-15-2024-nsw-metro/20.jpg,https://www.catalogueau.com/coles/#catalogue=coles/coles-catalogue-october-8-15-2024-nsw-metro/,displayed_price,displayed_price;grid_inference,1,review
Coles,NSW METRO,"Coles Catalogue October 8 - 15, 2024 NSW METRO",2024-10-08,2024-10-15,20,Calbee Harvest Snaps Big Share Bag 230g,6.0,,,,special,230g,$2.61 per 100g,Calbee Harvest Snaps Big Share | Bag 230g $2.61 per 100g,95.63,False,,https://caau.syd1.cdn.digitaloceanspaces.com/wp-content/uploads/catalogue/coles/coles-catalogue-october-8-15-2024-nsw-metro/20.jpg,https://www.catalogueau.com/coles/#catalogue=coles/coles-catalogue-october-8-15-2024-nsw-metro/,displayed_price,displayed_price;unit_price,2,verified
Coles,NSW METRO,"Coles Catalogue October 8 - 15, 2024 NSW METRO",2024-10-08,2024-10-15,20,Sunbites Grain Waves 170g,3.5,,,,special,170g,$2.06 per 100g,Sunbites Grain Waves 170g | $2.06 per 100g,94.8,False,,https://caau.syd1.cdn.digitaloceanspaces.com/wp-content/uploads/catalogue/coles/coles-catalogue-october-8-15-2024-nsw-metro/20.jpg,https://www.catalogueau.com/coles/#catalogue=coles/coles-catalogue-october-8-15-2024-nsw-metro/,displayed_price,displayed_price;unit_price,2,verified
Coles,NSW METRO,"Coles Catalogue October 8 - 15, 2024 NSW METRO",2024-10-08,2024-10-15,21,Arnott's Tim Tam Biscuits 165g-200g,4.5,6.0,1.5,25.0,save_amount,165g; 200g,,WASS6 | WASS6 | Arnott's Tim Tam Biscuits | 165g-200g | ——— | ve,92.2,True,single_price_evidence,https://caau.syd1.cdn.digitaloceanspaces.com/wp-content/uploads/catalogue/coles/coles-catalogue-october-8-15-2024-nsw-metro/21.jpg,https://www.catalogueau.com/coles/#catalogue=coles/coles-catalogue-october-8-15-2024-nsw-metro/,displayed_price,displayed_price,1,review
Coles,NSW METRO,"Coles Catalogue October 8 - 15, 2024 NSW METRO",2024-10-08,2024-10-15,21,Cadbury or Europe Bites 120g-160g,4.2,6.0,1.8,30.0,save_amount,120g; 160g,,Cadbury or Europe Bites | 120g-160g | =,79.0,True,offer_labels_missing;low_name_confidence_strict;single_price_evidence,https://caau.syd1.cdn.digitaloceanspaces.com/wp-content/uploads/catalogue/coles/coles-catalogue-october-8-15-2024-nsw-metro/21.jpg,https://www.catalogueau.com/coles/#catalogue=coles/coles-catalogue-october-8-15-2024-nsw-metro/,unknown,,0,review
Coles,NSW METRO,"Coles Catalogue October 8 - 15, 2024 NSW METRO",2024-10-08,2024-10-15,21,Cadbury Chocolate Coated Fruit & Nut Jar 280g-340g,6.0,12.0,6.0,50.0,half_price,280g; 340g,,WASS12 | WASS12 | Cadbury Chocolate Coated | Fruit & Nut Jar 280g-340g,94.69,True,single_price_evidence,https://caau.syd1.cdn.digitaloceanspaces.com/wp-content/uploads/catalogue/coles/coles-catalogue-october-8-15-2024-nsw-metro/21.jpg,https://www.catalogueau.com/coles/#catalogue=coles/coles-catalogue-october-8-15-2024-nsw-metro/,displayed_price,displayed_price,1,review
Coles,NSW METRO,"Coles Catalogue October 8 - 15, 2024 NSW METRO",2024-10-08,2024-10-15,21,The Natural Confectionery Co. 130g-230g or Sour Patch 190g,7.0,,,,special,130g; 230g; 190g,,"The Natural Confectionery Co. | 130g-230g or Sour Patch 190g | qwuir,",94.96,True,offer_labels_missing;save_amount_missing;regular_price_missing;inferred_price_requires_review,https://caau.syd1.cdn.digitaloceanspaces.com/wp-content/uploads/catalogue/coles/coles-catalogue-october-8-15-2024-nsw-metro/21.jpg,https://www.catalogueau.com/coles/#catalogue=coles/coles-catalogue-october-8-15-2024-nsw-metro/,displayed_price,displayed_price;grid_inference,1,review
Coles,NSW METRO,"Coles Catalogue October 8 - 15, 2024 NSW METRO",2024-10-08,2024-10-15,21,Cadbury Sharepacks 120g-180g,9.0,,,,special,120g; 180g,,Cadbury Sharepacks 120g-180g,91.76,True,offer_labels_missing;save_amount_missing;regular_price_missing;single_price_evidence,https://caau.syd1.cdn.digitaloceanspaces.com/wp-content/uploads/catalogue/coles/coles-catalogue-october-8-15-2024-nsw-metro/21.jpg,https://www.catalogueau.com/coles/#catalogue=coles/coles-catalogue-october-8-15-2024-nsw-metro/,displayed_price,displayed_price,1,review
Coles,NSW METRO,"Coles Catalogue October 8 - 15, 2024 NSW METRO",2024-10-08,2024-10-15,22,Coca-Cola Soft Drink 1.25 Litre,2.3,3.85,1.55,40.26,save_amount,1.25 Litre,$1.84 per litre,WAS$3.85 | WAS$3.85 | Coca-Cola Soft Drink 1.25 Litre | $1.84 per litre,96.28,True,single_price_evidence,https://caau.syd1.cdn.digitaloceanspaces.com/wp-content/uploads/catalogue/coles/coles-catalogue-october-8-15-2024-nsw-metro/22.jpg,https://www.catalogueau.com/coles/#catalogue=coles/coles-catalogue-october-8-15-2024-nsw-metro/,unit_price,unit_price,1,review
Coles,NSW METRO,"Coles Catalogue October 8 - 15, 2024 NSW METRO",2024-10-08,2024-10-15,22,Coca-Cola Soft Drink 30x375mL,28.0,47.2,19.2,40.68,save_amount,30x375mL,,WASS47.20 | WASS47.20 | Coca-Cola Soft Drink 30x375mL | 2.52 per litre | ll | tom,94.11,True,single_price_evidence,https://caau.syd1.cdn.digitaloceanspaces.com/wp-content/uploads/catalogue/coles/coles-catalogue-october-8-15-2024-nsw-metro/22.jpg,https://www.catalogueau.com/coles/#catalogue=coles/coles-catalogue-october-8-15-2024-nsw-metro/,displayed_price,displayed_price,1,review
Coles,NSW METRO,"Coles Catalogue October 8 - 15, 2024 NSW METRO",2024-10-08,2024-10-15,22,Monster Energy Drink 500mL,2.8,4.05,1.25,30.86,save_amount,500mL,$5.60 per litre,WASS4.05 | WASS4.05 | Monster Energy Drink 500mL | $5.60 per litre. 2nd week on sale | SMEG,93.71,True,single_price_evidence,https://caau.syd1.cdn.digitaloceanspaces.com/wp-content/uploads/catalogue/coles/coles-catalogue-october-8-15-2024-nsw-metro/22.jpg,https://www.catalogueau.com/coles/#catalogue=coles/coles-catalogue-october-8-15-2024-nsw-metro/,unit_price,unit_price,1,review
Coles,NSW METRO,"Coles Catalogue October 8 - 15, 2024 NSW METRO",2024-10-08,2024-10-15,22,Mt Franklin Lightly Sparkling Water 1.25 Litre,2.0,,,,special,1.25 Litre,$1.60 per litre,Mt Franklin Lightly Sparkling | Water 1.25 Litre $1.60 per litre | Oh | A | PZER | =,96.47,False,,https://caau.syd1.cdn.digitaloceanspaces.com/wp-content/uploads/catalogue/coles/coles-catalogue-october-8-15-2024-nsw-metro/22.jpg,https://www.catalogueau.com/coles/#catalogue=coles/coles-catalogue-october-8-15-2024-nsw-metro/,displayed_price,displayed_price;unit_price,2,verified
Coles,NSW METRO,"Coles Catalogue October 8 - 15, 2024 NSW METRO",2024-10-08,2024-10-15,22,V Energy Drink 4x500mL,10.0,,,,special,4x500mL,$5.00 per litre,"V Energy Drink 4x500mL | $5.00 per litre | Spend $20 in one transaction, scan your Flybuys and receive one Bonus Kitchen Knife credit",93.49,False,,https://caau.syd1.cdn.digitaloceanspaces.com/wp-content/uploads/catalogue/coles/coles-catalogue-october-8-15-2024-nsw-metro/22.jpg,https://www.catalogueau.com/coles/#catalogue=coles/coles-catalogue-october-8-15-2024-nsw-metro/,displayed_price,displayed_price;unit_price,2,verified
Coles,NSW METRO,"Coles Catalogue October 8 - 15, 2024 NSW METRO",2024-10-08,2024-10-15,23,Pepsi Max or Solo Soft Drink 24x375mL,20.9,34.85,13.95,40.03,save_amount,24x375mL,$2.32 per litre,SAVES13.95 | WAS $34.85 | Pepsi Max or Solo Soft Drink | 24x375mL $2.32 per litre,95.55,False,,https://caau.syd1.cdn.digitaloceanspaces.com/wp-content/uploads/catalogue/coles/coles-catalogue-october-8-15-2024-nsw-metro/23.jpg,https://www.catalogueau.com/coles/#catalogue=coles/coles-catalogue-october-8-15-2024-nsw-metro/,save_was_arithmetic,save_was_arithmetic;unit_price,2,verified
Coles,NSW METRO,"Coles Catalogue October 8 - 15, 2024 NSW METRO",2024-10-08,2024-10-15,23,V8 Juice 1.25 Litre,4.4,5.5,1.1,20.0,save_amount,1.25 Litre,$3.52 per litre,SAVE*1.10 | WASS$5.50 | V8 Juice 1.25 Litre | $3.52 per litre,95.73,False,,https://caau.syd1.cdn.digitaloceanspaces.com/wp-content/uploads/catalogue/coles/coles-catalogue-october-8-15-2024-nsw-metro/23.jpg,https://www.catalogueau.com/coles/#catalogue=coles/coles-catalogue-october-8-15-2024-nsw-metro/,save_was_arithmetic,save_was_arithmetic;unit_price,2,verified
Coles,NSW METRO,"Coles Catalogue October 8 - 15, 2024 NSW METRO",2024-10-08,2024-10-15,23,Golden Circle Tetra Fruit Drink 6x250mL,3.0,5.0,2.0,40.0,save_amount,6x250mL,$2.00 per litre,SAVE52.10 | ‘WAS$5:10 | Golden Circle Tetra Fruit Drink | 6x250mL $2.00 per litre,94.61,False,,https://caau.syd1.cdn.digitaloceanspaces.com/wp-content/uploads/catalogue/coles/coles-catalogue-october-8-15-2024-nsw-metro/23.jpg,https://www.catalogueau.com/coles/#catalogue=coles/coles-catalogue-october-8-15-2024-nsw-metro/,displayed_price,displayed_price;unit_price,2,verified
Coles,NSW METRO,"Coles Catalogue October 8 - 15, 2024 NSW METRO",2024-10-08,2024-10-15,23,H2 Coco Coconut Water 1 Litre,3.0,4.0,1.0,25.0,save_amount,1 Litre,$3.00 per litre,SAVES1 | WASS4 | H2 Coco Coconut Water 1 Litre | $3.00 per litre | ‘A,96.08,False,,https://caau.syd1.cdn.digitaloceanspaces.com/wp-content/uploads/catalogue/coles/coles-catalogue-october-8-15-2024-nsw-metro/23.jpg,https://www.catalogueau.com/coles/#catalogue=coles/coles-catalogue-october-8-15-2024-nsw-metro/,save_was_arithmetic,displayed_price;save_was_arithmetic;unit_price,3,verified
Coles,NSW METRO,"Coles Catalogue October 8 - 15, 2024 NSW METRO",2024-10-08,2024-10-15,23,V Energy Drink 4x250mL,8.0,11.0,3.0,27.27,save_amount,4x250mL,$8.00 per litre,"SAVES3 | WASS11 | V Energy Drink 4x250mL | $8.00 per litre | Catalogue on sale Wed 9th Oct until Tue 15th Oct 2024 or until Tue 22nd Oct where indicated. Selected | specials commenced Wed 2nd Oct. Promotional prices commence 7am Wednesday and may commence or extend | beyond the advertised date. Promotional products and prices are not available on DoorDash, UberEats or at Coles Express, and",93.55,False,,https://caau.syd1.cdn.digitaloceanspaces.com/wp-content/uploads/catalogue/coles/coles-catalogue-october-8-15-2024-nsw-metro/23.jpg,https://www.catalogueau.com/coles/#catalogue=coles/coles-catalogue-october-8-15-2024-nsw-metro/,save_was_arithmetic,displayed_price;save_was_arithmetic;unit_price,3,verified
Coles,NSW METRO,"Coles Catalogue October 8 - 15, 2024 NSW METRO",2024-10-08,2024-10-15,23,Kirks Soft Drink 1.25 Litre,350.0,351.9,1.9,0.54,save_amount,1.25 Litre,$1.40 per litre,SAVE 51.90 | Kirks Soft Drink 1.25 Litre | $1.40 per litre,95.76,True,unit_price_conflict;single_price_evidence,https://caau.syd1.cdn.digitaloceanspaces.com/wp-content/uploads/catalogue/coles/coles-catalogue-october-8-15-2024-nsw-metro/23.jpg,https://www.catalogueau.com/coles/#catalogue=coles/coles-catalogue-october-8-15-2024-nsw-metro/,displayed_price,displayed_price,1,review
Coles,NSW METRO,"Coles Catalogue October 8 - 15, 2024 NSW METRO",2024-10-08,2024-10-15,23,Bundaberg Brewed Soff Drink 4x375mL,11.0,14.9,3.9,26.17,save_amount,4x375mL,$3.67 per litre,SAVE $3.90 | Bundaberg Brewed Soff Drink | 4x375mL $3.67 per litre,94.47,True,unit_price_conflict;single_price_evidence,https://caau.syd1.cdn.digitaloceanspaces.com/wp-content/uploads/catalogue/coles/coles-catalogue-october-8-15-2024-nsw-metro/23.jpg,https://www.catalogueau.com/coles/#catalogue=coles/coles-catalogue-october-8-15-2024-nsw-metro/,displayed_price,displayed_price,1,review
Coles,NSW METRO,"Coles Catalogue October 8 - 15, 2024 NSW METRO",2024-10-08,2024-10-15,23,"Schweppes Mixers, Soft Drink or Mineral Water 1.1 Litre",1.8,,,,special,1.1 Litre,$1.64 per litre,"Schweppes Mixers, Soft Drink or | Mineral Water 1.1 Litre $1.64 per litre | @,| &, | @ | fi | @p",96.32,True,single_price_evidence,https://caau.syd1.cdn.digitaloceanspaces.com/wp-content/uploads/catalogue/coles/coles-catalogue-october-8-15-2024-nsw-metro/23.jpg,https://www.catalogueau.com/coles/#catalogue=coles/coles-catalogue-october-8-15-2024-nsw-metro/,unit_price,unit_price,1,review
Coles,NSW METRO,"Coles Catalogue October 8 - 15, 2024 NSW METRO",2024-10-08,2024-10-15,24,BE ange,1.0,,,,special,,,BE | ange,79.0,True,offer_labels_missing;save_amount_missing;regular_price_missing;low_name_confidence_strict;single_price_evidence,https://caau.syd1.cdn.digitaloceanspaces.com/wp-content/uploads/catalogue/coles/coles-catalogue-october-8-15-2024-nsw-metro/24.jpg,https://www.catalogueau.com/coles/#catalogue=coles/coles-catalogue-october-8-15-2024-nsw-metro/,displayed_price,displayed_price,1,review
Coles,NSW METRO,"Coles Catalogue October 8 - 15, 2024 NSW METRO",2024-10-08,2024-10-15,25,Continental Cup a Soup 2 Serves 50g-75g,1.2,2.8,1.6,57.14,save_amount,50g; 75g,,Continental Cup a Soup | 2 Serves 50g-75g | ——— | =,79.0,True,offer_labels_missing;low_name_confidence_strict;single_price_evidence,https://caau.syd1.cdn.digitaloceanspaces.com/wp-content/uploads/catalogue/coles/coles-catalogue-october-8-15-2024-nsw-metro/25.jpg,https://www.catalogueau.com/coles/#catalogue=coles/coles-catalogue-october-8-15-2024-nsw-metro/,unknown,,0,review
Coles,NSW METRO,"Coles Catalogue October 8 - 15, 2024 NSW METRO",2024-10-08,2024-10-15,25,Mutti Sugo 400g,2.7,4.5,1.8,40.0,save_amount,400g,$0.68 per 100g,WAS$4.50 | WAS$4.50 | Mutti Sugo 400g | $0.68 per 100g | — | % | ee | TWINING:,90.32,False,,https://caau.syd1.cdn.digitaloceanspaces.com/wp-content/uploads/catalogue/coles/coles-catalogue-october-8-15-2024-nsw-metro/25.jpg,https://www.catalogueau.com/coles/#catalogue=coles/coles-catalogue-october-8-15-2024-nsw-metro/,displayed_price,displayed_price;unit_price,2,verified
Coles,NSW METRO,"Coles Catalogue October 8 - 15, 2024 NSW METRO",2024-10-08,2024-10-15,25,Vittoria Espresso Coffee Beans or Ground 1kg,22.0,37.0,15.0,40.54,save_amount,1kg,$2.20 per 100g,WAS$37 | WAS$37 | Vittoria Espresso Coffee Beans or | Ground 1kg $2.20 per 100g | eng | 7,94.52,False,,https://caau.syd1.cdn.digitaloceanspaces.com/wp-content/uploads/catalogue/coles/coles-catalogue-october-8-15-2024-nsw-metro/25.jpg,https://www.catalogueau.com/coles/#catalogue=coles/coles-catalogue-october-8-15-2024-nsw-metro/,displayed_price,displayed_price;unit_price,2,verified
Coles,NSW METRO,"Coles Catalogue October 8 - 15, 2024 NSW METRO",2024-10-08,2024-10-15,25,"Nestlé Baking Chocolate Bits, Melts or Blocks 180g-290g",3.0,6.0,3.0,50.0,half_price,180g; 290g,,"Nestlé Baking Chocolate Bits, | Melts or Blocks 180g-290g",94.8,True,offer_labels_missing;single_price_evidence,https://caau.syd1.cdn.digitaloceanspaces.com/wp-content/uploads/catalogue/coles/coles-catalogue-october-8-15-2024-nsw-metro/25.jpg,https://www.catalogueau.com/coles/#catalogue=coles/coles-catalogue-october-8-15-2024-nsw-metro/,unknown,,0,review
Coles,NSW METRO,"Coles Catalogue October 8 - 15, 2024 NSW METRO",2024-10-08,2024-10-15,25,Twinings Tea Bags 80 Pack-100 Pack,8.0,13.5,5.5,40.74,save_amount,80 Pack; 100 Pack,,WASS$13.50 | WASS$13.50 | Twinings Tea Bags | 80 Pack-100 Pack | 40%,94.98,True,single_price_evidence,https://caau.syd1.cdn.digitaloceanspaces.com/wp-content/uploads/catalogue/coles/coles-catalogue-october-8-15-2024-nsw-metro/25.jpg,https://www.catalogueau.com/coles/#catalogue=coles/coles-catalogue-october-8-15-2024-nsw-metro/,displayed_price,displayed_price,1,review
Coles,NSW METRO,"Coles Catalogue October 8 - 15, 2024 NSW METRO",2024-10-08,2024-10-15,25,Oxyshred Ultra Energy Drink 355mL,3.6,6.0,2.4,40.0,save_amount,355mL,$10.14 per litre,WASS6 | WASS6 | Oxyshred Ultra Energy Drink | 355mL $10.14 per litre,93.67,True,single_price_evidence,https://caau.syd1.cdn.digitaloceanspaces.com/wp-content/uploads/catalogue/coles/coles-catalogue-october-8-15-2024-nsw-metro/25.jpg,https://www.catalogueau.com/coles/#catalogue=coles/coles-catalogue-october-8-15-2024-nsw-metro/,unit_price,unit_price,1,review
Coles,NSW METRO,"Coles Catalogue October 8 - 15, 2024 NSW METRO",2024-10-08,2024-10-15,25,Pyrex Simply Store Glass Container 946mL,8.0,14.0,6.0,42.86,save_amount,946mL,$8.00 per each,WASS14 | WASS14 | Pyrex Simply Store Glass | Container 946mL $8.00 per each,95.2,False,,https://caau.syd1.cdn.digitaloceanspaces.com/wp-content/uploads/catalogue/coles/coles-catalogue-october-8-15-2024-nsw-metro/25.jpg,https://www.catalogueau.com/coles/#catalogue=coles/coles-catalogue-october-8-15-2024-nsw-metro/,displayed_price,displayed_price;unit_price,2,verified
Coles,NSW METRO,"Coles Catalogue October 8 - 15, 2024 NSW METRO",2024-10-08,2024-10-15,25,Pyrex Measuring Jug 500mL TExcludes clearance items,5.6,11.0,5.4,49.09,save_amount,500mL,,Pyrex Measuring Jug 500mL | TExcludes clearance items,94.78,True,offer_labels_missing;single_price_evidence,https://caau.syd1.cdn.digitaloceanspaces.com/wp-content/uploads/catalogue/coles/coles-catalogue-october-8-15-2024-nsw-metro/25.jpg,https://www.catalogueau.com/coles/#catalogue=coles/coles-catalogue-october-8-15-2024-nsw-metro/,unknown,,0,review
Coles,NSW METRO,"Coles Catalogue October 8 - 15, 2024 NSW METRO",2024-10-08,2024-10-15,26,Continental Pasta & Sauce 85g-105g,2.25,3.0,0.75,25.0,save_amount,85g; 105g,,WASS3 | WASS3 | Continental Pasta & Sauce | 85g-105g | 'o,79.0,True,low_name_confidence_strict;single_price_evidence,https://caau.syd1.cdn.digitaloceanspaces.com/wp-content/uploads/catalogue/coles/coles-catalogue-october-8-15-2024-nsw-metro/26.jpg,https://www.catalogueau.com/coles/#catalogue=coles/coles-catalogue-october-8-15-2024-nsw-metro/,displayed_price,displayed_price,1,review
Coles,NSW METRO,"Coles Catalogue October 8 - 15, 2024 NSW METRO",2024-10-08,2024-10-15,26,John West Salmon Tempters 95g,2.6,3.3,0.7,21.21,save_amount,95g,$27.37 per kg,WAS$3.30 | WAS$3.30 | John West Salmon Tempters 95g | $27.37 per kg,93.89,True,single_price_evidence,https://caau.syd1.cdn.digitaloceanspaces.com/wp-content/uploads/catalogue/coles/coles-catalogue-october-8-15-2024-nsw-metro/26.jpg,https://www.catalogueau.com/coles/#catalogue=coles/coles-catalogue-october-8-15-2024-nsw-metro/,unit_price,unit_price,1,review
Coles,NSW METRO,"Coles Catalogue October 8 - 15, 2024 NSW METRO",2024-10-08,2024-10-15,26,Old El Paso Hard 'N Soft Taco Kit 350g,6.65,9.5,2.85,30.0,save_amount,350g,$1.90 per 100g,WASS$9.50 | WASS$9.50 | Old El Paso Hard 'N Soft | Taco Kit 350g | $1.90 per 100g,95.65,False,,https://caau.syd1.cdn.digitaloceanspaces.com/wp-content/uploads/catalogue/coles/coles-catalogue-october-8-15-2024-nsw-metro/26.jpg,https://www.catalogueau.com/coles/#catalogue=coles/coles-catalogue-october-8-15-2024-nsw-metro/,displayed_price,displayed_price;unit_price,2,verified
Coles,NSW METRO,"Coles Catalogue October 8 - 15, 2024 NSW METRO",2024-10-08,2024-10-15,26,Cobram Ultra Premium Olive Oil 500mL,20.0,25.0,5.0,20.0,save_amount,500mL,$4.00 per 100mL,WAS$25 | WAS$25 | Cobram Ultra Premium | Olive Oil 500mL | $4.00 per 100mL,94.32,False,,https://caau.syd1.cdn.digitaloceanspaces.com/wp-content/uploads/catalogue/coles/coles-catalogue-october-8-15-2024-nsw-metro/26.jpg,https://www.catalogueau.com/coles/#catalogue=coles/coles-catalogue-october-8-15-2024-nsw-metro/,displayed_price,displayed_price;unit_price,2,verified
Coles,NSW METRO,"Coles Catalogue October 8 - 15, 2024 NSW METRO",2024-10-08,2024-10-15,26,Moro Olive Oil 1 Litre,21.0,27.0,6.0,22.22,save_amount,1 Litre,$2.10 per 100mL,‘WASS27 | ‘WASS27 | Moro Olive Oil 1 Litre | $2.10 per 100mL,96.14,False,,https://caau.syd1.cdn.digitaloceanspaces.com/wp-content/uploads/catalogue/coles/coles-catalogue-october-8-15-2024-nsw-metro/26.jpg,https://www.catalogueau.com/coles/#catalogue=coles/coles-catalogue-october-8-15-2024-nsw-metro/,displayed_price,displayed_price;unit_price,2,verified
Coles,NSW METRO,"Coles Catalogue October 8 - 15, 2024 NSW METRO",2024-10-08,2024-10-15,26,Ayam Curry Paste 185g-1,3.2,4.0,0.8,20.0,save_amount,185g,,WASS4 | WASS4 | Ayam Curry Paste | 185g-1,79.0,True,low_name_confidence_strict;single_price_evidence,https://caau.syd1.cdn.digitaloceanspaces.com/wp-content/uploads/catalogue/coles/coles-catalogue-october-8-15-2024-nsw-metro/26.jpg,https://www.catalogueau.com/coles/#catalogue=coles/coles-catalogue-october-8-15-2024-nsw-metro/,displayed_price,displayed_price,1,review
Coles,NSW METRO,"Coles Catalogue October 8 - 15, 2024 NSW METRO",2024-10-08,2024-10-15,26,MasterFoods Squeeze Tomato or Barbecue Sauce 475mL-500mL,6.0,,,,special,475mL; 500mL,,MasterFoods Squeeze Tomato or | Barbecue Sauce 475mL-500mL | *See page 22 for T&Cs,94.24,True,offer_labels_missing;save_amount_missing;regular_price_missing;inferred_price_requires_review,https://caau.syd1.cdn.digitaloceanspaces.com/wp-content/uploads/catalogue/coles/coles-catalogue-october-8-15-2024-nsw-metro/26.jpg,https://www.catalogueau.com/coles/#catalogue=coles/coles-catalogue-october-8-15-2024-nsw-metro/,displayed_price,displayed_price;grid_inference,1,review
Coles,NSW METRO,"Coles Catalogue October 8 - 15, 2024 NSW METRO",2024-10-08,2024-10-15,26,Cucina Matese Pasta 500g,2.6,,,,everyday,500g,$0.52 per 100g,Cucina Matese Pasta 500g | $0.52 per 100g,93.97,False,,https://caau.syd1.cdn.digitaloceanspaces.com/wp-content/uploads/catalogue/coles/coles-catalogue-october-8-15-2024-nsw-metro/26.jpg,https://www.catalogueau.com/coles/#catalogue=coles/coles-catalogue-october-8-15-2024-nsw-metro/,displayed_price,displayed_price;unit_price,2,verified
Coles,NSW METRO,"Coles Catalogue October 8 - 15, 2024 NSW METRO",2024-10-08,2024-10-15,26,Wicked Pickle Baby Cucumbers 500g,3.0,,,,everyday,500g,$6.00 per kg,Wicked Pickle Baby Cucumbers | 500g $6.00 per kg | “JOHN WEST.,95.7,False,,https://caau.syd1.cdn.digitaloceanspaces.com/wp-content/uploads/catalogue/coles/coles-catalogue-october-8-15-2024-nsw-metro/26.jpg,https://www.catalogueau.com/coles/#catalogue=coles/coles-catalogue-october-8-15-2024-nsw-metro/,displayed_price,displayed_price;unit_price,2,verified
Coles,NSW METRO,"Coles Catalogue October 8 - 15, 2024 NSW METRO",2024-10-08,2024-10-15,26,Indomie Instant Noodles 5 Pack 400g-425g,3.0,,,,everyday,5 Pack; 400g; 425g,,Indomie Instant Noodles | 5 Pack 400g-425g | 4a,93.82,True,single_price_evidence,https://caau.syd1.cdn.digitaloceanspaces.com/wp-content/uploads/catalogue/coles/coles-catalogue-october-8-15-2024-nsw-metro/26.jpg,https://www.catalogueau.com/coles/#catalogue=coles/coles-catalogue-october-8-15-2024-nsw-metro/,displayed_price,displayed_price,1,review
Coles,NSW METRO,"Coles Catalogue October 8 - 15, 2024 NSW METRO",2024-10-08,2024-10-15,27,Moccona Freeze Dried Instant Coffee 400g,22.5,32.5,10.0,30.77,save_amount,400g,$5.63 per 100g,SAVE*10 | WAS $32.50 | Moccona Freeze Dried Instant Coffee 400g | $5.63 per 100g | ——,95.6,False,,https://caau.syd1.cdn.digitaloceanspaces.com/wp-content/uploads/catalogue/coles/coles-catalogue-october-8-15-2024-nsw-metro/27.jpg,https://www.catalogueau.com/coles/#catalogue=coles/coles-catalogue-october-8-15-2024-nsw-metro/,save_was_arithmetic,displayed_price;save_was_arithmetic;unit_price,3,verified
Coles,NSW METRO,"Coles Catalogue October 8 - 15, 2024 NSW METRO",2024-10-08,2024-10-15,27,Green's Pancake Shake 300g-375g,2.8,3.5,0.7,20.0,save_amount,300g; 375g,,SAVE70* | WAS$3.50 | Green's Pancake Shake | 300g-375g,93.42,True,single_price_evidence,https://caau.syd1.cdn.digitaloceanspaces.com/wp-content/uploads/catalogue/coles/coles-catalogue-october-8-15-2024-nsw-metro/27.jpg,https://www.catalogueau.com/coles/#catalogue=coles/coles-catalogue-october-8-15-2024-nsw-metro/,displayed_price,displayed_price,1,review
Coles,NSW METRO,"Coles Catalogue October 8 - 15, 2024 NSW METRO",2024-10-08,2024-10-15,27,Starbucks Nespresso Compatible Coffee Capsules 10 Pack,5.5,790.0,784.5,99.3,save_amount,10 Pack,$0.55 per each,SAVES2.40 | WAS$790 | Starbucks Nespresso | Compatible Coffee | Capsules 10 Pack | $0.55 per each,96.32,True,single_price_evidence,https://caau.syd1.cdn.digitaloceanspaces.com/wp-content/uploads/catalogue/coles/coles-catalogue-october-8-15-2024-nsw-metro/27.jpg,https://www.catalogueau.com/coles/#catalogue=coles/coles-catalogue-october-8-15-2024-nsw-metro/,unit_price,unit_price,1,review
Coles,NSW METRO,"Coles Catalogue October 8 - 15, 2024 NSW METRO",2024-10-08,2024-10-15,27,Moccona Freeze Dried Instant Coffee 95g-100g,9.0,11.5,2.5,21.74,save_amount,95g; 100g,,SAVE52.50 | WASS11.50 | Moccona Freeze Dried | Instant Coffee 95g-100g | Gasp,94.35,True,single_price_evidence,https://caau.syd1.cdn.digitaloceanspaces.com/wp-content/uploads/catalogue/coles/coles-catalogue-october-8-15-2024-nsw-metro/27.jpg,https://www.catalogueau.com/coles/#catalogue=coles/coles-catalogue-october-8-15-2024-nsw-metro/,displayed_price,displayed_price,1,review
Coles,NSW METRO,"Coles Catalogue October 8 - 15, 2024 NSW METRO",2024-10-08,2024-10-15,27,Nescafé Blend 43 500g,18.0,26.0,8.0,30.77,save_amount,500g,$3.60 per 100g,SAVES8 | WASS26 | Nescafé Blend 43 500g | $3.60 per 100g,94.95,False,,https://caau.syd1.cdn.digitaloceanspaces.com/wp-content/uploads/catalogue/coles/coles-catalogue-october-8-15-2024-nsw-metro/27.jpg,https://www.catalogueau.com/coles/#catalogue=coles/coles-catalogue-october-8-15-2024-nsw-metro/,save_was_arithmetic,displayed_price;save_was_arithmetic;unit_price,3,verified
Coles,NSW METRO,"Coles Catalogue October 8 - 15, 2024 NSW METRO",2024-10-08,2024-10-15,27,Grinders Coffee Beans Tkg,24.0,34.5,10.5,30.43,save_amount,,$2.45 per 100g,SAVE*10.50 | Grinders Coffee Beans | Tkg $2.45 per 100g,95.56,True,single_price_evidence,https://caau.syd1.cdn.digitaloceanspaces.com/wp-content/uploads/catalogue/coles/coles-catalogue-october-8-15-2024-nsw-metro/27.jpg,https://www.catalogueau.com/coles/#catalogue=coles/coles-catalogue-october-8-15-2024-nsw-metro/,displayed_price,displayed_price,1,review
Coles,NSW METRO,"Coles Catalogue October 8 - 15, 2024 NSW METRO",2024-10-08,2024-10-15,27,Coles Asia Ready To Eat Noodles 4,1.6,1.85,0.25,13.51,save_amount,,$0.40 per 100g,WAS $1.85 | WAS $1.85 | AUG 2024 | Coles Asia Ready To Eat | Noodles 4 | $0.40 per 100g | NSW-METRO-0910-24-285076,96.53,True,single_price_evidence,https://caau.syd1.cdn.digitaloceanspaces.com/wp-content/uploads/catalogue/coles/coles-catalogue-october-8-15-2024-nsw-metro/27.jpg,https://www.catalogueau.com/coles/#catalogue=coles/coles-catalogue-october-8-15-2024-nsw-metro/,displayed_price,displayed_price,1,review
Coles,NSW METRO,"Coles Catalogue October 8 - 15, 2024 NSW METRO",2024-10-08,2024-10-15,27,Campbell's Real Stock 500mL,2.0,2.75,0.75,27.27,save_amount,500mL,$0.40 per 100mL,SAVE75‘ | WAS§2.75 | Campbell's Real Stock | 500mL $0.40 per 100mL | 27,93.7,False,,https://caau.syd1.cdn.digitaloceanspaces.com/wp-content/uploads/catalogue/coles/coles-catalogue-october-8-15-2024-nsw-metro/27.jpg,https://www.catalogueau.com/coles/#catalogue=coles/coles-catalogue-october-8-15-2024-nsw-metro/,displayed_price,displayed_price;unit_price,2,verified
Coles,NSW METRO,"Coles Catalogue October 8 - 15, 2024 NSW METRO",2024-10-08,2024-10-15,27,Heinz Seriously Good Aioli or Mayonnaise 500mL,6.5,58.3,51.8,88.85,save_amount,500mL,$1.30 per 100mL,SAVE51.80 | Heinz Seriously Good | Aioli or Mayonnaise | 500mL $1.30 per 100mL,92.98,False,,https://caau.syd1.cdn.digitaloceanspaces.com/wp-content/uploads/catalogue/coles/coles-catalogue-october-8-15-2024-nsw-metro/27.jpg,https://www.catalogueau.com/coles/#catalogue=coles/coles-catalogue-october-8-15-2024-nsw-metro/,displayed_price,displayed_price;unit_price,2,verified
Coles,NSW METRO,"Coles Catalogue October 8 - 15, 2024 NSW METRO",2024-10-08,2024-10-15,27,Campbell's Country Ladle or Chunky Soup 495g-505g,3.0,4.5,1.5,33.33,save_amount,495g; 505g,,SAVE°1.50 | Campbell's Country | Ladle or Chunky Soup | 495g-505g | 27,89.31,True,single_price_evidence,https://caau.syd1.cdn.digitaloceanspaces.com/wp-content/uploads/catalogue/coles/coles-catalogue-october-8-15-2024-nsw-metro/27.jpg,https://www.catalogueau.com/coles/#catalogue=coles/coles-catalogue-october-8-15-2024-nsw-metro/,displayed_price,displayed_price,1,review
Coles,NSW METRO,"Coles Catalogue October 8 - 15, 2024 NSW METRO",2024-10-08,2024-10-15,28,Fibre One Bars or Snacks 100g-120g or Nature Valley Bars 252g,4.7,6.9,2.2,31.88,save_amount,100g; 120g; 252g,,WASS6.90 | WASS6.90 | Fibre One Bars or Snacks 100g-120g | or Nature Valley Bars 252g | 3 | Garm,95.52,True,single_price_evidence,https://caau.syd1.cdn.digitaloceanspaces.com/wp-content/uploads/catalogue/coles/coles-catalogue-october-8-15-2024-nsw-metro/28.jpg,https://www.catalogueau.com/coles/#catalogue=coles/coles-catalogue-october-8-15-2024-nsw-metro/,displayed_price,displayed_price,1,review
Coles,NSW METRO,"Coles Catalogue October 8 - 15, 2024 NSW METRO",2024-10-08,2024-10-15,28,Weet-Bix Multigrain 575g,4.5,6.0,1.5,25.0,save_amount,575g,$0.78 per 100g,WASS6 | WASS6 | Weet-Bix Multigrain | 575g $0.78 per 100g | ae << | Pay | Aig | at,93.79,True,single_price_evidence,https://caau.syd1.cdn.digitaloceanspaces.com/wp-content/uploads/catalogue/coles/coles-catalogue-october-8-15-2024-nsw-metro/28.jpg,https://www.catalogueau.com/coles/#catalogue=coles/coles-catalogue-october-8-15-2024-nsw-metro/,unit_price,unit_price,1,review
Coles,NSW METRO,"Coles Catalogue October 8 - 15, 2024 NSW METRO",2024-10-08,2024-10-15,28,Carman's Aussie Oat Bars 150g-180g,4.0,5.9,1.9,32.2,save_amount,150g; 180g,,WASS5.90 | WASS5.90 | Carman's Aussie Oat | Bars 150g-180g | HEINZ).,90.46,True,single_price_evidence,https://caau.syd1.cdn.digitaloceanspaces.com/wp-content/uploads/catalogue/coles/coles-catalogue-october-8-15-2024-nsw-metro/28.jpg,https://www.catalogueau.com/coles/#catalogue=coles/coles-catalogue-october-8-15-2024-nsw-metro/,displayed_price,displayed_price,1,review
Coles,NSW METRO,"Coles Catalogue October 8 - 15, 2024 NSW METRO",2024-10-08,2024-10-15,28,Oatly Oat Milk 1 Litre,4.4,5.5,1.1,20.0,save_amount,1 Litre,$4.40 per litre,WASS5.50 | WASS5.50 | Oatly Oat Milk 1 Litre | $4.40 per litre | = | = NEGE *,92.96,True,single_price_evidence,https://caau.syd1.cdn.digitaloceanspaces.com/wp-content/uploads/catalogue/coles/coles-catalogue-october-8-15-2024-nsw-metro/28.jpg,https://www.catalogueau.com/coles/#catalogue=coles/coles-catalogue-october-8-15-2024-nsw-metro/,unit_price,unit_price,1,review
Coles,NSW METRO,"Coles Catalogue October 8 - 15, 2024 NSW METRO",2024-10-08,2024-10-15,28,Kellogg's LCMs Treatz 130g,4.5,6.0,1.5,25.0,save_amount,130g,$3.46 per 100g,WASS6 | WASS6 | Kellogg's LCMs Treatz | 130g $3.46 per 100g,94.39,True,single_price_evidence,https://caau.syd1.cdn.digitaloceanspaces.com/wp-content/uploads/catalogue/coles/coles-catalogue-october-8-15-2024-nsw-metro/28.jpg,https://www.catalogueau.com/coles/#catalogue=coles/coles-catalogue-october-8-15-2024-nsw-metro/,unit_price,unit_price,1,review
Coles,NSW METRO,"Coles Catalogue October 8 - 15, 2024 NSW METRO",2024-10-08,2024-10-15,28,Carman's Granola 425g-450g,6.0,750.0,744.0,99.2,save_amount,425g; 450g,,WAS$750 | WAS$750 | Carman's Granola | 425g-450g | =,77.01,True,low_name_confidence_strict;single_price_evidence,https://caau.syd1.cdn.digitaloceanspaces.com/wp-content/uploads/catalogue/coles/coles-catalogue-october-8-15-2024-nsw-metro/28.jpg,https://www.catalogueau.com/coles/#catalogue=coles/coles-catalogue-october-8-15-2024-nsw-metro/,displayed_price,displayed_price,1,review
Coles,NSW METRO,"Coles Catalogue October 8 - 15, 2024 NSW METRO",2024-10-08,2024-10-15,28,Heinz Baked Beanz or Spaghetti 300g,1.9,2.8,0.9,32.14,save_amount,300g,$0.63 per 100g,WASS2.80 | WASS2.80 | Heinz Baked Beanz or | Spaghetti 300g | $0.63 per 100g | NSW-METRO-0910-24-285076,79.0,True,low_name_confidence_strict;single_price_evidence,https://caau.syd1.cdn.digitaloceanspaces.com/wp-content/uploads/catalogue/coles/coles-catalogue-october-8-15-2024-nsw-metro/28.jpg,https://www.catalogueau.com/coles/#catalogue=coles/coles-catalogue-october-8-15-2024-nsw-metro/,unit_price,unit_price,1,review
Coles,NSW METRO,"Coles Catalogue October 8 - 15, 2024 NSW METRO",2024-10-08,2024-10-15,28,Vegemite 380g,5.8,7.3,1.5,20.55,save_amount,380g,$1.53 per 100g,WASS$7.30 | WASS$7.30 | Vegemite 380g | $1.53 per 100g,95.5,True,single_price_evidence,https://caau.syd1.cdn.digitaloceanspaces.com/wp-content/uploads/catalogue/coles/coles-catalogue-october-8-15-2024-nsw-metro/28.jpg,https://www.catalogueau.com/coles/#catalogue=coles/coles-catalogue-october-8-15-2024-nsw-metro/,unit_price,unit_price,1,review
Coles,NSW METRO,"Coles Catalogue October 8 - 15, 2024 NSW METRO",2024-10-08,2024-10-15,28,Vege Chips 100g or Rice Crackers 75g,3.5,4.9,1.4,28.57,save_amount,100g; 75g,,Vege Chips 100g or | Rice Crackers 75g,96.35,True,offer_labels_missing;single_price_evidence,https://caau.syd1.cdn.digitaloceanspaces.com/wp-content/uploads/catalogue/coles/coles-catalogue-october-8-15-2024-nsw-metro/28.jpg,https://www.catalogueau.com/coles/#catalogue=coles/coles-catalogue-october-8-15-2024-nsw-metro/,unknown,,0,review
Coles,NSW METRO,"Coles Catalogue October 8 - 15, 2024 NSW METRO",2024-10-08,2024-10-15,28,Pic's Peanut Butter 380g,5.0,750.0,745.0,99.33,save_amount,380g,$1.32 per 100g,WAS$750 | WAS$750 | Pic's Peanut Butter 380g | $1.32 per 100g,95.59,False,,https://caau.syd1.cdn.digitaloceanspaces.com/wp-content/uploads/catalogue/coles/coles-catalogue-october-8-15-2024-nsw-metro/28.jpg,https://www.catalogueau.com/coles/#catalogue=coles/coles-catalogue-october-8-15-2024-nsw-metro/,displayed_price,displayed_price;unit_price,2,verified
Coles,NSW METRO,"Coles Catalogue October 8 - 15, 2024 NSW METRO",2024-10-08,2024-10-15,29,Betty Crocker Baking Mix Triple Choc Fudge Brownies 500g or Milk Choc Chunk Cookie 485g,4.5,7.0,2.5,35.71,save_amount,500g; 485g,,SAVE52.50 | WASS$7 | Betty Crocker Baking Mix Triple | Choc Fudge Brownies 500g or | Milk Choc Chunk Cookie 485g | Ps,95.93,True,single_price_evidence,https://caau.syd1.cdn.digitaloceanspaces.com/wp-content/uploads/catalogue/coles/coles-catalogue-october-8-15-2024-nsw-metro/29.jpg,https://www.catalogueau.com/coles/#catalogue=coles/coles-catalogue-october-8-15-2024-nsw-metro/,displayed_price,displayed_price,1,review
Coles,NSW METRO,"Coles Catalogue October 8 - 15, 2024 NSW METRO",2024-10-08,2024-10-15,29,Bega Smooth or Crunchy Peanut Butter 470g,4.8,6.9,2.1,30.43,save_amount,470g,$1.02 per 100g,SAVE52.10 | WASS6.90 | Bega Smooth or Crunchy Peanut | Butter 470g $1.02 per 100g | pens PeTen: | 62 LOW/CARB,96.39,True,single_price_evidence,https://caau.syd1.cdn.digitaloceanspaces.com/wp-content/uploads/catalogue/coles/coles-catalogue-october-8-15-2024-nsw-metro/29.jpg,https://www.catalogueau.com/coles/#catalogue=coles/coles-catalogue-october-8-15-2024-nsw-metro/,unit_price,unit_price,1,review
Coles,NSW METRO,"Coles Catalogue October 8 - 15, 2024 NSW METRO",2024-10-08,2024-10-15,29,Lotus Biscoff Spread 700g-720g,9.6,12.0,2.4,20.0,save_amount,700g; 720g,,SAVES2.40 | WASS12 | Lotus Biscoff Spread 700g-720g,92.32,True,single_price_evidence,https://caau.syd1.cdn.digitaloceanspaces.com/wp-content/uploads/catalogue/coles/coles-catalogue-october-8-15-2024-nsw-metro/29.jpg,https://www.catalogueau.com/coles/#catalogue=coles/coles-catalogue-october-8-15-2024-nsw-metro/,save_was_arithmetic,save_was_arithmetic,1,review
Coles,NSW METRO,"Coles Catalogue October 8 - 15, 2024 NSW METRO",2024-10-08,2024-10-15,29,BSc Bodyscience Pure Creatine 200g,19.6,78.0,58.4,74.87,save_amount,200g,$9.80 per 100g,"SAVE. 58,40 | BSc Bodyscience Pure Creatine | 200g $9.80 per 100g | o -&,",94.96,True,single_price_evidence,https://caau.syd1.cdn.digitaloceanspaces.com/wp-content/uploads/catalogue/coles/coles-catalogue-october-8-15-2024-nsw-metro/29.jpg,https://www.catalogueau.com/coles/#catalogue=coles/coles-catalogue-october-8-15-2024-nsw-metro/,unit_price,unit_price,1,review
Coles,NSW METRO,"Coles Catalogue October 8 - 15, 2024 NSW METRO",2024-10-08,2024-10-15,29,Mayver's Low Carb High Protein Bars 128g,6.6,8.3,1.7,20.48,save_amount,128g,$5.16 per 100g,SAVE51.70 | WASS$8.30 | Mayver's Low Carb High Protein | Bars 128g $5.16 per 100g | 6 | ra @,95.45,True,single_price_evidence,https://caau.syd1.cdn.digitaloceanspaces.com/wp-content/uploads/catalogue/coles/coles-catalogue-october-8-15-2024-nsw-metro/29.jpg,https://www.catalogueau.com/coles/#catalogue=coles/coles-catalogue-october-8-15-2024-nsw-metro/,unit_price,unit_price,1,review
Coles,NSW METRO,"Coles Catalogue October 8 - 15, 2024 NSW METRO",2024-10-08,2024-10-15,29,BSc Bodyscience High Protein Low Carb Bar 60g,3.15,4.5,1.35,30.0,save_amount,60g,$5.25 per 100g,"SAVE51.35 | WASS4.50 | BSc Bodyscience High Protein | Low Carb Bar 60g $5.25 per 100g | e@ | o -&, | @",95.05,False,,https://caau.syd1.cdn.digitaloceanspaces.com/wp-content/uploads/catalogue/coles/coles-catalogue-october-8-15-2024-nsw-metro/29.jpg,https://www.catalogueau.com/coles/#catalogue=coles/coles-catalogue-october-8-15-2024-nsw-metro/,displayed_price,displayed_price;unit_price,2,verified
Coles,NSW METRO,"Coles Catalogue October 8 - 15, 2024 NSW METRO",2024-10-08,2024-10-15,30,Coles Cheese Block 1kg,9.5,13.9,4.4,31.65,save_amount,1kg,$9.50 per kg,WASS$13.90 —= | WASS$13.90 —= | JUL 2024 | Coles Cheese Block 1kg | $9.50 per kg,85.97,False,,https://caau.syd1.cdn.digitaloceanspaces.com/wp-content/uploads/catalogue/coles/coles-catalogue-october-8-15-2024-nsw-metro/30.jpg,https://www.catalogueau.com/coles/#catalogue=coles/coles-catalogue-october-8-15-2024-nsw-metro/,displayed_price,displayed_price;unit_price,2,verified
Coles,NSW METRO,"Coles Catalogue October 8 - 15, 2024 NSW METRO",2024-10-08,2024-10-15,30,Birds Eye Deli Hoki Crispy Light Batter 250g,9.0,10.0,1.0,10.0,save_amount,250g,$36.00 per kg,WAS$10. | WAS$10. | AUG 2024 | Birds Eye Deli Hoki Crispy Light | Batter 250g $36.00 per kg,95.86,False,,https://caau.syd1.cdn.digitaloceanspaces.com/wp-content/uploads/catalogue/coles/coles-catalogue-october-8-15-2024-nsw-metro/30.jpg,https://www.catalogueau.com/coles/#catalogue=coles/coles-catalogue-october-8-15-2024-nsw-metro/,displayed_price,displayed_price;unit_price,2,verified
Coles,NSW METRO,"Coles Catalogue October 8 - 15, 2024 NSW METRO",2024-10-08,2024-10-15,30,Chobani Greek Yogurt 160g,2.15,2.7,0.55,20.37,save_amount,160g,$1.34 per 100g,WAS $2.70 | WAS $2.70 | SEP 2024 | Chobani Greek Yogurt 160g | $1.34 per 100g | ie],95.41,True,single_price_evidence,https://caau.syd1.cdn.digitaloceanspaces.com/wp-content/uploads/catalogue/coles/coles-catalogue-october-8-15-2024-nsw-metro/30.jpg,https://www.catalogueau.com/coles/#catalogue=coles/coles-catalogue-october-8-15-2024-nsw-metro/,unit_price,unit_price,1,review
Coles,NSW METRO,"Coles Catalogue October 8 - 15, 2024 NSW METRO",2024-10-08,2024-10-15,30,Danone Activia Probiotics No Added Sugar Yoghurt 4x125g,4.5,5.75,1.25,21.74,save_amount,4x125g,$0.90 per 100g,WASS$5.75 | WASS$5.75 | SEP 2024 | Danone Activia Probiotics No | Added Sugar Yoghurt 4x125g | $0.90 per 100g,94.81,False,,https://caau.syd1.cdn.digitaloceanspaces.com/wp-content/uploads/catalogue/coles/coles-catalogue-october-8-15-2024-nsw-metro/30.jpg,https://www.catalogueau.com/coles/#catalogue=coles/coles-catalogue-october-8-15-2024-nsw-metro/,displayed_price,displayed_price;unit_price,2,verified
Coles,NSW METRO,"Coles Catalogue October 8 - 15, 2024 NSW METRO",2024-10-08,2024-10-15,30,Yoplait Yoghurt 1kg,4.75,4.9,0.15,3.06,save_amount,1kg,$0.48 per 100g,WAS $4.90 | WAS $4.90 | SEP 2024 | Yoplait Yoghurt 1kg | $0.48 per 100g,92.22,False,,https://caau.syd1.cdn.digitaloceanspaces.com/wp-content/uploads/catalogue/coles/coles-catalogue-october-8-15-2024-nsw-metro/30.jpg,https://www.catalogueau.com/coles/#catalogue=coles/coles-catalogue-october-8-15-2024-nsw-metro/,displayed_price,displayed_price;unit_price,2,verified
Coles,NSW METRO,"Coles Catalogue October 8 - 15, 2024 NSW METRO",2024-10-08,2024-10-15,30,Pampas Sheets Puff Pastry 1kg,5.7,6.5,0.8,12.31,save_amount,1kg,$0.57 per 100g,WAS $6.50 | WAS $6.50 | SEP 2024 | Pampas Sheets Puff Pastry 1kg | $0.57 per 100g,89.89,False,,https://caau.syd1.cdn.digitaloceanspaces.com/wp-content/uploads/catalogue/coles/coles-catalogue-october-8-15-2024-nsw-metro/30.jpg,https://www.catalogueau.com/coles/#catalogue=coles/coles-catalogue-october-8-15-2024-nsw-metro/,displayed_price,displayed_price;unit_price,2,verified
Coles,NSW METRO,"Coles Catalogue October 8 - 15, 2024 NSW METRO",2024-10-08,2024-10-15,30,Sara Lee Ice Cream 1 Litre,8.5,12.0,3.5,29.17,save_amount,1 Litre,$0.85 per 100mL,WAS$12 | WAS$12 | OCT 2024 | yo | Sara Lee Ice Cream 1 Litre | $0.85 per 100mL,96.33,True,single_price_evidence,https://caau.syd1.cdn.digitaloceanspaces.com/wp-content/uploads/catalogue/coles/coles-catalogue-october-8-15-2024-nsw-metro/30.jpg,https://www.catalogueau.com/coles/#catalogue=coles/coles-catalogue-october-8-15-2024-nsw-metro/,unit_price,unit_price,1,review
Coles,NSW METRO,"Coles Catalogue October 8 - 15, 2024 NSW METRO",2024-10-08,2024-10-15,30,Tasmanian Heritage Cheese Wedge 180g,6.5,,,,down_down,180g,$36.11 per kg,Tasmanian Heritage Cheese | Wedge 180g $36.11 per kg,95.16,True,single_price_evidence,https://caau.syd1.cdn.digitaloceanspaces.com/wp-content/uploads/catalogue/coles/coles-catalogue-october-8-15-2024-nsw-metro/30.jpg,https://www.catalogueau.com/coles/#catalogue=coles/coles-catalogue-october-8-15-2024-nsw-metro/,unit_price,unit_price,1,review
Coles,NSW METRO,"Coles Catalogue October 8 - 15, 2024 NSW METRO",2024-10-08,2024-10-15,31,"Bega Cheese Block, Slices or Grated 250g",6.0,7.5,1.5,20.0,save_amount,250g,$24.00 per kg,"SAVE‘1.50 | WASS7.50 | Bega Cheese Block, Slices or Grated 250g | $24.00 per kg. 2nd week on sale",96.26,False,,https://caau.syd1.cdn.digitaloceanspaces.com/wp-content/uploads/catalogue/coles/coles-catalogue-october-8-15-2024-nsw-metro/31.jpg,https://www.catalogueau.com/coles/#catalogue=coles/coles-catalogue-october-8-15-2024-nsw-metro/,save_was_arithmetic,displayed_price;save_was_arithmetic;unit_price,3,verified
Coles,NSW METRO,"Coles Catalogue October 8 - 15, 2024 NSW METRO",2024-10-08,2024-10-15,31,"Little Entertainers Mersey Valley, Tasmanian Heritage or South Cape Cheese 80g",12.0,14.4,2.4,16.67,save_amount,80g,$50.00 per kg,"SAVE‘2.40 | Little Entertainers Mersey Valley, | Tasmanian Heritage or South Cape | Cheese 80g $50.00 per kg | = , | & | oS",96.13,True,unit_price_conflict;single_price_evidence,https://caau.syd1.cdn.digitaloceanspaces.com/wp-content/uploads/catalogue/coles/coles-catalogue-october-8-15-2024-nsw-metro/31.jpg,https://www.catalogueau.com/coles/#catalogue=coles/coles-catalogue-october-8-15-2024-nsw-metro/,displayed_price,displayed_price,1,review
Coles,NSW METRO,"Coles Catalogue October 8 - 15, 2024 NSW METRO",2024-10-08,2024-10-15,31,Bega Cheese Stringers 12 Pack 240:,7.2,9.2,2.0,21.74,save_amount,12 Pack,$30.00 per kg,SAVES2 | WASS9.20 | Bega Cheese Stringers | 12 Pack 240: | ) | $30.00 per kg,79.0,True,low_name_confidence_strict,https://caau.syd1.cdn.digitaloceanspaces.com/wp-content/uploads/catalogue/coles/coles-catalogue-october-8-15-2024-nsw-metro/31.jpg,https://www.catalogueau.com/coles/#catalogue=coles/coles-catalogue-october-8-15-2024-nsw-metro/,save_was_arithmetic,displayed_price;save_was_arithmetic,2,review
Coles,NSW METRO,"Coles Catalogue October 8 - 15, 2024 NSW METRO",2024-10-08,2024-10-15,31,Cheer Cheese Slices 500g,9.0,11.0,2.0,18.18,save_amount,500g,$18.00 per kg,SAVES2 | WASS11 | Cheer Cheese Slices | 500g $18.00 per kg | ot,96.36,False,,https://caau.syd1.cdn.digitaloceanspaces.com/wp-content/uploads/catalogue/coles/coles-catalogue-october-8-15-2024-nsw-metro/31.jpg,https://www.catalogueau.com/coles/#catalogue=coles/coles-catalogue-october-8-15-2024-nsw-metro/,save_was_arithmetic,save_was_arithmetic;unit_price,2,verified
Coles,NSW METRO,"Coles Catalogue October 8 - 15, 2024 NSW METRO",2024-10-08,2024-10-15,31,Yumi's Dip 200g,3.5,4.5,1.0,22.22,save_amount,200g,$1.75 per 100g,SAVES1 | WASS4.50 | Yumi's Dip 200g | $1.75 per 100g | Vf youfoodz,94.37,False,,https://caau.syd1.cdn.digitaloceanspaces.com/wp-content/uploads/catalogue/coles/coles-catalogue-october-8-15-2024-nsw-metro/31.jpg,https://www.catalogueau.com/coles/#catalogue=coles/coles-catalogue-october-8-15-2024-nsw-metro/,save_was_arithmetic,save_was_arithmetic;unit_price,2,verified
Coles,NSW METRO,"Coles Catalogue October 8 - 15, 2024 NSW METRO",2024-10-08,2024-10-15,31,Mil Lel Parmesan Cheese Block 250g,7.85,10.45,2.6,24.88,save_amount,250g,$31.40 per kg,WASS10.45 | WASS10.45 | Mil Lel Parmesan Cheese | Block 250g $31.40 per kg | wan :,95.89,False,,https://caau.syd1.cdn.digitaloceanspaces.com/wp-content/uploads/catalogue/coles/coles-catalogue-october-8-15-2024-nsw-metro/31.jpg,https://www.catalogueau.com/coles/#catalogue=coles/coles-catalogue-october-8-15-2024-nsw-metro/,displayed_price,displayed_price;unit_price,2,verified
Coles,NSW METRO,"Coles Catalogue October 8 - 15, 2024 NSW METRO",2024-10-08,2024-10-15,31,Dari's Soup 550g,5.4,6.8,1.4,20.59,save_amount,550g,$0.98 per 100g,SAVE*1.40 | WAS $6.80 | Dari's Soup 550g | $0.98 per 100g | Excludes Dari's Flavours | of the World Soups 550g | 31,93.3,False,,https://caau.syd1.cdn.digitaloceanspaces.com/wp-content/uploads/catalogue/coles/coles-catalogue-october-8-15-2024-nsw-metro/31.jpg,https://www.catalogueau.com/coles/#catalogue=coles/coles-catalogue-october-8-15-2024-nsw-metro/,save_was_arithmetic,save_was_arithmetic;unit_price,2,verified
Coles,NSW METRO,"Coles Catalogue October 8 - 15, 2024 NSW METRO",2024-10-08,2024-10-15,31,Rana Filled Pasta 325g,6.0,8.0,2.0,25.0,save_amount,325g,$1.85 per 100g,SAVES2 | ‘WASSS_ | Rana Filled Pasta 325g | $1.85 per 100g | 31,95.55,False,,https://caau.syd1.cdn.digitaloceanspaces.com/wp-content/uploads/catalogue/coles/coles-catalogue-october-8-15-2024-nsw-metro/31.jpg,https://www.catalogueau.com/coles/#catalogue=coles/coles-catalogue-october-8-15-2024-nsw-metro/,displayed_price,displayed_price;unit_price,2,verified
Coles,NSW METRO,"Coles Catalogue October 8 - 15, 2024 NSW METRO",2024-10-08,2024-10-15,31,Black Swan Favourites Dip 200g,7.0,8.0,1.0,12.5,save_amount,200g,$1.75 per 100g,SAVE ‘1 | Black Swan Favourites Dip | 200g $1.75 per 100g | NSW-METRO-0910-24-285076,96.24,True,unit_price_conflict;single_price_evidence,https://caau.syd1.cdn.digitaloceanspaces.com/wp-content/uploads/catalogue/coles/coles-catalogue-october-8-15-2024-nsw-metro/31.jpg,https://www.catalogueau.com/coles/#catalogue=coles/coles-catalogue-october-8-15-2024-nsw-metro/,displayed_price,displayed_price,1,review
Coles,NSW METRO,"Coles Catalogue October 8 - 15, 2024 NSW METRO",2024-10-08,2024-10-15,31,Youfoodz Regular Meal 300g-354g,16.0,22.0,6.0,27.27,save_amount,300g; 354g,,SAVE‘6 | Youfoodz Regular Meal | 300g-354g,92.65,True,single_price_evidence,https://caau.syd1.cdn.digitaloceanspaces.com/wp-content/uploads/catalogue/coles/coles-catalogue-october-8-15-2024-nsw-metro/31.jpg,https://www.catalogueau.com/coles/#catalogue=coles/coles-catalogue-october-8-15-2024-nsw-metro/,displayed_price,displayed_price,1,review
Coles,NSW METRO,"Coles Catalogue October 8 - 15, 2024 NSW METRO",2024-10-08,2024-10-15,32,Hong Kong Dim Sim Pork & Chive Dumplings 300g,4.25,8.5,4.25,50.0,half_price,300g,$1.42 per 100g,WASS$8.50 | WASS$8.50 | Hong Kong Dim | Sim Pork & Chive | Dumplings 300g | $1.42 per 100g | eS,79.0,True,low_name_confidence_strict;inferred_price_requires_review,https://caau.syd1.cdn.digitaloceanspaces.com/wp-content/uploads/catalogue/coles/coles-catalogue-october-8-15-2024-nsw-metro/32.jpg,https://www.catalogueau.com/coles/#catalogue=coles/coles-catalogue-october-8-15-2024-nsw-metro/,unit_price,page_discount;unit_price,1,review
Coles,NSW METRO,"Coles Catalogue October 8 - 15, 2024 NSW METRO",2024-10-08,2024-10-15,32,Cadbury Dairy Milk Ice Cream 4 Pack 300mL-360mL,5.25,10.5,5.25,50.0,half_price,4 Pack; 300mL; 360mL,,WASS10.50 | WASS10.50 | Cadbury Dairy Milk | Ice Cream 4 Pack | 300mL-360mL,94.28,True,inferred_price_requires_review,https://caau.syd1.cdn.digitaloceanspaces.com/wp-content/uploads/catalogue/coles/coles-catalogue-october-8-15-2024-nsw-metro/32.jpg,https://www.catalogueau.com/coles/#catalogue=coles/coles-catalogue-october-8-15-2024-nsw-metro/,displayed_price,displayed_price;page_discount,1,review
Coles,NSW METRO,"Coles Catalogue October 8 - 15, 2024 NSW METRO",2024-10-08,2024-10-15,32,Charlotte's Bakery Slow Cooked Pies 2 Pack 400g,5.9,11.8,5.9,50.0,half_price,2 Pack; 400g,$1.48 per 100g,WASS$11.80 | WASS$11.80 | Charlotte's Bakery Slow Cooked Pies | 2 Pack 400g $1.48 per 100g | sostLN | McCain | es,96.32,False,,https://caau.syd1.cdn.digitaloceanspaces.com/wp-content/uploads/catalogue/coles/coles-catalogue-october-8-15-2024-nsw-metro/32.jpg,https://www.catalogueau.com/coles/#catalogue=coles/coles-catalogue-october-8-15-2024-nsw-metro/,displayed_price,displayed_price;page_discount;unit_price,2,verified
Coles,NSW METRO,"Coles Catalogue October 8 - 15, 2024 NSW METRO",2024-10-08,2024-10-15,32,KB's Squid Chips or Battered Bites 1kg,13.75,27.5,13.75,50.0,half_price,1kg,$13.75 per kg,WAS$27.50 | WAS$27.50 | KB's Squid Chips or Battered Bites | 1kg $13.75 per kg,79.0,True,low_name_confidence_strict,https://caau.syd1.cdn.digitaloceanspaces.com/wp-content/uploads/catalogue/coles/coles-catalogue-october-8-15-2024-nsw-metro/32.jpg,https://www.catalogueau.com/coles/#catalogue=coles/coles-catalogue-october-8-15-2024-nsw-metro/,displayed_price,displayed_price;page_discount;unit_price,2,review
Coles,NSW METRO,"Coles Catalogue October 8 - 15, 2024 NSW METRO",2024-10-08,2024-10-15,32,McCain Red Box Plated Meal 320g,6.0,750.0,744.0,99.2,save_amount,320g,$1.88 per 100g,‘WAS$750 | ‘WAS$750 | McCain Red Box Plated Meal 320g | $1.88 per 100g | ij,96.39,False,,https://caau.syd1.cdn.digitaloceanspaces.com/wp-content/uploads/catalogue/coles/coles-catalogue-october-8-15-2024-nsw-metro/32.jpg,https://www.catalogueau.com/coles/#catalogue=coles/coles-catalogue-october-8-15-2024-nsw-metro/,displayed_price,displayed_price;unit_price,2,verified
Coles,NSW METRO,"Coles Catalogue October 8 - 15, 2024 NSW METRO",2024-10-08,2024-10-15,32,Lean Cuisine Dinner Meal 375g,4.2,7.0,2.8,40.0,save_amount,375g,$1.12 per 100g,WASS7 | WASS7 | Lean Cuisine Dinner Meal 375g | $1.12 per 100g | $1.12 | FAMILY ahi | | FAMILY | CHILL,96.33,True,single_price_evidence,https://caau.syd1.cdn.digitaloceanspaces.com/wp-content/uploads/catalogue/coles/coles-catalogue-october-8-15-2024-nsw-metro/32.jpg,https://www.catalogueau.com/coles/#catalogue=coles/coles-catalogue-october-8-15-2024-nsw-metro/,unit_price,unit_price,1,review
Coles,NSW METRO,"Coles Catalogue October 8 - 15, 2024 NSW METRO",2024-10-08,2024-10-15,32,1&J Raw Prawns Tail On or Off 500g,18.0,24.0,6.0,25.0,save_amount,500g,$36.00 per kg,WAS$24 | WAS$24 | 1&J Raw Prawns Tail On or Off | 500g $36.00 per kg | NSW-METRO-0910-24-285076,96.2,False,,https://caau.syd1.cdn.digitaloceanspaces.com/wp-content/uploads/catalogue/coles/coles-catalogue-october-8-15-2024-nsw-metro/32.jpg,https://www.catalogueau.com/coles/#catalogue=coles/coles-catalogue-october-8-15-2024-nsw-metro/,displayed_price,displayed_price;unit_price,2,verified
Coles,NSW METRO,"Coles Catalogue October 8 - 15, 2024 NSW METRO",2024-10-08,2024-10-15,32,Family Faves Chicken Tenders or Chips 1kg,10.4,13.0,2.6,20.0,save_amount,1kg,$10.40 per kg,WASS13 | WASS13 | Family Faves Chicken Tenders | or Chips 1kg $10.40 per kg,94.86,False,,https://caau.syd1.cdn.digitaloceanspaces.com/wp-content/uploads/catalogue/coles/coles-catalogue-october-8-15-2024-nsw-metro/32.jpg,https://www.catalogueau.com/coles/#catalogue=coles/coles-catalogue-october-8-15-2024-nsw-metro/,displayed_price,displayed_price;unit_price,2,verified
Coles,NSW METRO,"Coles Catalogue October 8 - 15, 2024 NSW METRO",2024-10-08,2024-10-15,33,Streets Magnum 4 Pack-6 Pack 330mL-428mL,6.6,11.0,4.4,40.0,save_amount,4 Pack; 6 Pack; 330mL; 428mL,,SAVE%4.40 | WASS11 | Streets Magnum 4 Pack-6 Pack | 330mL-428mL,93.15,False,,https://caau.syd1.cdn.digitaloceanspaces.com/wp-content/uploads/catalogue/coles/coles-catalogue-october-8-15-2024-nsw-metro/33.jpg,https://www.catalogueau.com/coles/#catalogue=coles/coles-catalogue-october-8-15-2024-nsw-metro/,save_was_arithmetic,displayed_price;save_was_arithmetic,2,verified
Coles,NSW METRO,"Coles Catalogue October 8 - 15, 2024 NSW METRO",2024-10-08,2024-10-15,33,Ben & Jerry's Ice Cream Tub 427mL-458mL,8.7,14.5,5.8,40.0,save_amount,427mL; 458mL,,SAVE*5.80 | WASS14.50 | Ben & Jerry's Ice Cream Tub | 427mL-458mL | @ | &,79.0,True,low_name_confidence_strict,https://caau.syd1.cdn.digitaloceanspaces.com/wp-content/uploads/catalogue/coles/coles-catalogue-october-8-15-2024-nsw-metro/33.jpg,https://www.catalogueau.com/coles/#catalogue=coles/coles-catalogue-october-8-15-2024-nsw-metro/,save_was_arithmetic,displayed_price;save_was_arithmetic,2,review
Coles,NSW METRO,"Coles Catalogue October 8 - 15, 2024 NSW METRO",2024-10-08,2024-10-15,33,Weis 1 Litre,8.0,10.0,2.0,20.0,save_amount,1 Litre,$0.80 per 100mL,SAVE‘2 | WASS10 | Weis 1 Litre | $0.80 per 100mL | = | ( | <->,96.39,False,,https://caau.syd1.cdn.digitaloceanspaces.com/wp-content/uploads/catalogue/coles/coles-catalogue-october-8-15-2024-nsw-metro/33.jpg,https://www.catalogueau.com/coles/#catalogue=coles/coles-catalogue-october-8-15-2024-nsw-metro/,save_was_arithmetic,save_was_arithmetic;unit_price,2,verified
Coles,NSW METRO,"Coles Catalogue October 8 - 15, 2024 NSW METRO",2024-10-08,2024-10-15,33,Streets Calippo 10 Pack 575mL or Cyclone 8 Pack 688mL,7.0,9.0,2.0,22.22,save_amount,10 Pack; 575mL; 8 Pack; 688mL,,SAVES2 | WASS9 | Streets Calippo 10 Pack 575mL | or Cyclone 8 Pack 688mL | = | =,93.31,False,,https://caau.syd1.cdn.digitaloceanspaces.com/wp-content/uploads/catalogue/coles/coles-catalogue-october-8-15-2024-nsw-metro/33.jpg,https://www.catalogueau.com/coles/#catalogue=coles/coles-catalogue-october-8-15-2024-nsw-metro/,save_was_arithmetic,displayed_price;save_was_arithmetic,2,verified
Coles,NSW METRO,"Coles Catalogue October 8 - 15, 2024 NSW METRO",2024-10-08,2024-10-15,33,Weis Ice Cream Bars 4 Pack-6 Pack 264mL-280mL,6.5,9.5,3.0,31.58,save_amount,4 Pack; 6 Pack; 264mL; 280mL,,SAVES3 | WASS9.50 | Weis Ice Cream Bars | 4 Pack-6 Pack 264mL-280mL,93.75,True,single_price_evidence,https://caau.syd1.cdn.digitaloceanspaces.com/wp-content/uploads/catalogue/coles/coles-catalogue-october-8-15-2024-nsw-metro/33.jpg,https://www.catalogueau.com/coles/#catalogue=coles/coles-catalogue-october-8-15-2024-nsw-metro/,save_was_arithmetic,save_was_arithmetic,1,review
Coles,NSW METRO,"Coles Catalogue October 8 - 15, 2024 NSW METRO",2024-10-08,2024-10-15,33,Dare Flavoured Milk 750mL,4.25,5.35,1.1,20.56,save_amount,750mL,$5.67 per litre,SAVE*1.10 | WASS5.35 | Dare Flavoured Milk | 750mL $5.67 per litre | 33,94.87,False,,https://caau.syd1.cdn.digitaloceanspaces.com/wp-content/uploads/catalogue/coles/coles-catalogue-october-8-15-2024-nsw-metro/33.jpg,https://www.catalogueau.com/coles/#catalogue=coles/coles-catalogue-october-8-15-2024-nsw-metro/,save_was_arithmetic,displayed_price;save_was_arithmetic;unit_price,3,verified
Coles,NSW METRO,"Coles Catalogue October 8 - 15, 2024 NSW METRO",2024-10-08,2024-10-15,33,Haagen-Dazs Mini Tubs 4 Pack 380mL,10.0,13.5,3.5,25.93,save_amount,4 Pack; 380mL,$2.63 per 100mL,SAVE53.50 | WASS13.50 | Haagen-Dazs Mini Tubs | 4 Pack 380mL | $2.63 per 100mL | NSW-METRO-0910-24-285076,86.05,True,single_price_evidence,https://caau.syd1.cdn.digitaloceanspaces.com/wp-content/uploads/catalogue/coles/coles-catalogue-october-8-15-2024-nsw-metro/33.jpg,https://www.catalogueau.com/coles/#catalogue=coles/coles-catalogue-october-8-15-2024-nsw-metro/,unit_price,unit_price,1,review
Coles,NSW METRO,"Coles Catalogue October 8 - 15, 2024 NSW METRO",2024-10-08,2024-10-15,33,Ice Break Flavoured Milk 500mL,3.0,3.95,0.95,24.05,save_amount,500mL,$6.00 per litre,Ice Break Flavoured | Milk 500mL | $6.00 per litre,94.15,False,,https://caau.syd1.cdn.digitaloceanspaces.com/wp-content/uploads/catalogue/coles/coles-catalogue-october-8-15-2024-nsw-metro/33.jpg,https://www.catalogueau.com/coles/#catalogue=coles/coles-catalogue-october-8-15-2024-nsw-metro/,displayed_price,displayed_price;unit_price,2,verified
Coles,NSW METRO,"Coles Catalogue October 8 - 15, 2024 NSW METRO",2024-10-08,2024-10-15,33,Remedy Kombucha 330mL,2.9,4.3,1.4,32.56,save_amount,330mL,$8.79 per litre,SAVES1.40 | WASS4.30 | Remedy Kombucha | 330mL $8.79 per litre | On sale for 2 weeks,93.81,False,,https://caau.syd1.cdn.digitaloceanspaces.com/wp-content/uploads/catalogue/coles/coles-catalogue-october-8-15-2024-nsw-metro/33.jpg,https://www.catalogueau.com/coles/#catalogue=coles/coles-catalogue-october-8-15-2024-nsw-metro/,save_was_arithmetic,save_was_arithmetic;unit_price,2,verified
Coles,NSW METRO,"Coles Catalogue October 8 - 15, 2024 NSW METRO",2024-10-08,2024-10-15,34,255mL-270mL <a,7.0,10.0,3.0,30.0,save_amount,255mL; 270mL,,WASS10 | WASS10 | 255mL-270mL | <a | Ye | ET 4 | eave | SiN,62.19,True,low_name_confidence_strict;single_price_evidence,https://caau.syd1.cdn.digitaloceanspaces.com/wp-content/uploads/catalogue/coles/coles-catalogue-october-8-15-2024-nsw-metro/34.jpg,https://www.catalogueau.com/coles/#catalogue=coles/coles-catalogue-october-8-15-2024-nsw-metro/,displayed_price,displayed_price,1,review
Coles,NSW METRO,"Coles Catalogue October 8 - 15, 2024 NSW METRO",2024-10-08,2024-10-15,34,Coles Mango Sorbet Sticks 6 Pack 360mL,6.0,,,,special,6 Pack; 360mL,$1.67 per 100mL,Coles Mango Sorbet Sticks | 6 Pack 360mL $1.67 per 100mL | SS,94.32,False,,https://caau.syd1.cdn.digitaloceanspaces.com/wp-content/uploads/catalogue/coles/coles-catalogue-october-8-15-2024-nsw-metro/34.jpg,https://www.catalogueau.com/coles/#catalogue=coles/coles-catalogue-october-8-15-2024-nsw-metro/,displayed_price,displayed_price;unit_price,2,verified
Coles,NSW METRO,"Coles Catalogue October 8 - 15, 2024 NSW METRO",2024-10-08,2024-10-15,34,Coles Irresistible Ice Cream 1 Litre,6.5,,,,special,1 Litre,$0.65 per 100mL,Coles Irresistible Ice Cream | 1 Litre $0.65 per 100mL,93.28,False,,https://caau.syd1.cdn.digitaloceanspaces.com/wp-content/uploads/catalogue/coles/coles-catalogue-october-8-15-2024-nsw-metro/34.jpg,https://www.catalogueau.com/coles/#catalogue=coles/coles-catalogue-october-8-15-2024-nsw-metro/,displayed_price,displayed_price;unit_price,2,verified
Coles,NSW METRO,"Coles Catalogue October 8 - 15, 2024 NSW METRO",2024-10-08,2024-10-15,34,Coles Frozen Bake at Home 6 Pack 360g-420g,6.7,,,,special,6 Pack; 360g; 420g,,Coles Frozen Bake at Home | 6 Pack 360g-420g,79.0,True,offer_labels_missing;save_amount_missing;regular_price_missing;low_name_confidence_strict;single_price_evidence,https://caau.syd1.cdn.digitaloceanspaces.com/wp-content/uploads/catalogue/coles/coles-catalogue-october-8-15-2024-nsw-metro/34.jpg,https://www.catalogueau.com/coles/#catalogue=coles/coles-catalogue-october-8-15-2024-nsw-metro/,displayed_price,displayed_price,1,review
Coles,NSW METRO,"Coles Catalogue October 8 - 15, 2024 NSW METRO",2024-10-08,2024-10-15,34,Coles Frozen Tiramisu 500g,7.0,,,,special,500g,$1.40 per 100g,Coles Frozen Tiramisu 500g | $1.40 per 100g,95.9,False,,https://caau.syd1.cdn.digitaloceanspaces.com/wp-content/uploads/catalogue/coles/coles-catalogue-october-8-15-2024-nsw-metro/34.jpg,https://www.catalogueau.com/coles/#catalogue=coles/coles-catalogue-october-8-15-2024-nsw-metro/,displayed_price,displayed_price;unit_price,2,verified
Coles,NSW METRO,"Coles Catalogue October 8 - 15, 2024 NSW METRO",2024-10-08,2024-10-15,34,Magnum Wonder Golden Toffee or Double Caramel Ego 3 Pack 255mL-270mL,8.0,,,,special,3 Pack; 255mL; 270mL,,Magnum Wonder | Golden Toffee or Double | Caramel Ego 3 Pack | 255mL-270mL | <a | Ye,94.85,True,offer_labels_missing;save_amount_missing;regular_price_missing;single_price_evidence,https://caau.syd1.cdn.digitaloceanspaces.com/wp-content/uploads/catalogue/coles/coles-catalogue-october-8-15-2024-nsw-metro/34.jpg,https://www.catalogueau.com/coles/#catalogue=coles/coles-catalogue-october-8-15-2024-nsw-metro/,displayed_price,displayed_price,1,review
Coles,NSW METRO,"Coles Catalogue October 8 - 15, 2024 NSW METRO",2024-10-08,2024-10-15,35,Four'N Twenty Traditional Beef Pies 4 Pack 700g,7.2,9.0,1.8,20.0,save_amount,4 Pack; 700g,$1.03 per 100g,SAVES1.80 | WASS | Four'N Twenty Traditional Beef Pies 4 Pack 700g | $1.03 per 100g | Cea] | —,95.39,False,,https://caau.syd1.cdn.digitaloceanspaces.com/wp-content/uploads/catalogue/coles/coles-catalogue-october-8-15-2024-nsw-metro/35.jpg,https://www.catalogueau.com/coles/#catalogue=coles/coles-catalogue-october-8-15-2024-nsw-metro/,displayed_price,displayed_price;unit_price,2,verified
Coles,NSW METRO,"Coles Catalogue October 8 - 15, 2024 NSW METRO",2024-10-08,2024-10-15,35,Patties Party Pies 30 Pack 1.25kg,14.4,18.0,3.6,20.0,save_amount,30 Pack; 1.25kg,$1.15 per 100g,SAVE53.60 | WASS18 | Patties Party Pies 30 Pack 1.25kg | $1.15 per 100g | aA | re | ge | S|,94.68,True,single_price_evidence,https://caau.syd1.cdn.digitaloceanspaces.com/wp-content/uploads/catalogue/coles/coles-catalogue-october-8-15-2024-nsw-metro/35.jpg,https://www.catalogueau.com/coles/#catalogue=coles/coles-catalogue-october-8-15-2024-nsw-metro/,displayed_price,displayed_price,1,review
Coles,NSW METRO,"Coles Catalogue October 8 - 15, 2024 NSW METRO",2024-10-08,2024-10-15,35,McCain Family Pizza 490g-500g,5.9,8.5,2.6,30.59,save_amount,490g; 500g,,SAVE52.60 | WAS$8.50 | McCain Family Pizza 490g-500g,93.03,True,single_price_evidence,https://caau.syd1.cdn.digitaloceanspaces.com/wp-content/uploads/catalogue/coles/coles-catalogue-october-8-15-2024-nsw-metro/35.jpg,https://www.catalogueau.com/coles/#catalogue=coles/coles-catalogue-october-8-15-2024-nsw-metro/,displayed_price,displayed_price,1,review
Coles,NSW METRO,"Coles Catalogue October 8 - 15, 2024 NSW METRO",2024-10-08,2024-10-15,35,McCain Pizza Slices 2 Pack 600g,7.0,9.0,2.0,22.22,save_amount,2 Pack; 600g,$1.17 per 100g,SAVE 52 | WASS9 | McCain Pizza Slices 2 Pack 600g | $1.17 | $1.17 per 100g | t | EXPERTISE,96.31,False,,https://caau.syd1.cdn.digitaloceanspaces.com/wp-content/uploads/catalogue/coles/coles-catalogue-october-8-15-2024-nsw-metro/35.jpg,https://www.catalogueau.com/coles/#catalogue=coles/coles-catalogue-october-8-15-2024-nsw-metro/,save_was_arithmetic,displayed_price;save_was_arithmetic;unit_price,3,verified
Coles,NSW METRO,"Coles Catalogue October 8 - 15, 2024 NSW METRO",2024-10-08,2024-10-15,35,1&J Fish Fillets 425g,5.5,55.5,50.0,90.09,save_amount,425g,$12.94 per kg,SAVE °].50 | 1&J Fish Fillets 425g | | | $12.94 per kg,94.73,False,,https://caau.syd1.cdn.digitaloceanspaces.com/wp-content/uploads/catalogue/coles/coles-catalogue-october-8-15-2024-nsw-metro/35.jpg,https://www.catalogueau.com/coles/#catalogue=coles/coles-catalogue-october-8-15-2024-nsw-metro/,displayed_price,displayed_price;unit_price,2,verified
Coles,NSW METRO,"Coles Catalogue October 8 - 15, 2024 NSW METRO",2024-10-08,2024-10-15,35,Sealord Hoki Fillets 280g-300g Excludes gluten free,6.5,,,,special,280g; 300g,,"Sealord Hoki Fillets 280g-300g | Excludes gluten free | ¥, i, | Z",94.0,True,offer_labels_missing;save_amount_missing;regular_price_missing;product_name_suspicious;single_price_evidence,https://caau.syd1.cdn.digitaloceanspaces.com/wp-content/uploads/catalogue/coles/coles-catalogue-october-8-15-2024-nsw-metro/35.jpg,https://www.catalogueau.com/coles/#catalogue=coles/coles-catalogue-october-8-15-2024-nsw-metro/,displayed_price,displayed_price,1,review
Coles,NSW METRO,"Coles Catalogue October 8 - 15, 2024 NSW METRO",2024-10-08,2024-10-15,36,"Rafferty's Garden 4+ Months, 6+ Months or 8+ Months Baby Food Pouch 120g",1.8,2.15,0.35,16.28,save_amount,120g,$1.50 per 100g,"SAVE35¢ | WASS$2.15 | Rafferty's Garden 4+ Months, | 6+ Months or 8+ Months | Baby Food Pouch 120g | $1.50 per 100g",95.89,False,,https://caau.syd1.cdn.digitaloceanspaces.com/wp-content/uploads/catalogue/coles/coles-catalogue-october-8-15-2024-nsw-metro/36.jpg,https://www.catalogueau.com/coles/#catalogue=coles/coles-catalogue-october-8-15-2024-nsw-metro/,displayed_price,displayed_price;unit_price,2,verified
Coles,NSW METRO,"Coles Catalogue October 8 - 15, 2024 NSW METRO",2024-10-08,2024-10-15,36,Curash Baby Sensitive Fragrance Free Wipes 80 Pack,3.3,5.5,2.2,40.0,save_amount,80 Pack,$4.13 per 100 each,SAVES2.20 | WASS5.50 | Curash Baby Sensitive | Fragrance Free Wipes 80 Pack | $4.13 per 100 each | a ES | —— | i (| ee,95.32,False,,https://caau.syd1.cdn.digitaloceanspaces.com/wp-content/uploads/catalogue/coles/coles-catalogue-october-8-15-2024-nsw-metro/36.jpg,https://www.catalogueau.com/coles/#catalogue=coles/coles-catalogue-october-8-15-2024-nsw-metro/,save_was_arithmetic,save_was_arithmetic;unit_price,2,verified
Coles,NSW METRO,"Coles Catalogue October 8 - 15, 2024 NSW METRO",2024-10-08,2024-10-15,36,Gaia Natural Baby Hair & Body Wash or Sleeptime Bath 500mL,10.0,17.0,7.0,41.18,save_amount,500mL,$2.00 per 100mL,SAVES7 | WASS17 | Gaia Natural Baby Hair & Body | Wash or Sleeptime Bath 500mL | $2.00 per 100mL,93.97,False,,https://caau.syd1.cdn.digitaloceanspaces.com/wp-content/uploads/catalogue/coles/coles-catalogue-october-8-15-2024-nsw-metro/36.jpg,https://www.catalogueau.com/coles/#catalogue=coles/coles-catalogue-october-8-15-2024-nsw-metro/,save_was_arithmetic,displayed_price;save_was_arithmetic;unit_price,3,verified
Coles,NSW METRO,"Coles Catalogue October 8 - 15, 2024 NSW METRO",2024-10-08,2024-10-15,36,BabyLove Bulk Nappy Pants 22 Pack-28 Pack,17.0,20.0,3.0,15.0,save_amount,22 Pack; 28 Pack,,SAVES3 | WASS20 | BabyLove Bulk Nappy Pants | 22 Pack-28 Pack,93.96,False,,https://caau.syd1.cdn.digitaloceanspaces.com/wp-content/uploads/catalogue/coles/coles-catalogue-october-8-15-2024-nsw-metro/36.jpg,https://www.catalogueau.com/coles/#catalogue=coles/coles-catalogue-october-8-15-2024-nsw-metro/,save_was_arithmetic,displayed_price;save_was_arithmetic,2,verified
Coles,NSW METRO,"Coles Catalogue October 8 - 15, 2024 NSW METRO",2024-10-08,2024-10-15,36,Rascals Premium Jumbo Nappies 54 Pack-108 Pack,21.5,81.0,59.5,73.46,save_amount,54 Pack; 108 Pack,,SAVE59.50 | Rascals Premium Jumbo | Nappies 54 Pack-108 Pack,95.42,True,single_price_evidence,https://caau.syd1.cdn.digitaloceanspaces.com/wp-content/uploads/catalogue/coles/coles-catalogue-october-8-15-2024-nsw-metro/36.jpg,https://www.catalogueau.com/coles/#catalogue=coles/coles-catalogue-october-8-15-2024-nsw-metro/,displayed_price,displayed_price,1,review
Coles,NSW METRO,"Coles Catalogue October 8 - 15, 2024 NSW METRO",2024-10-08,2024-10-15,36,Olié Goat Milk Stage 2 Follow-on Formula or Stage 3 Toddler Milk Drink 800g,32.0,38.0,6.0,15.79,save_amount,800g,$4.00 per 100g,SAVE%6 | WAS$38 | Olié Goat Milk Stage 2 Follow-on | Formula or Stage 3 Toddler | Milk Drink 800g $4.00 per 100g | drinks WAnacksWA,92.93,False,,https://caau.syd1.cdn.digitaloceanspaces.com/wp-content/uploads/catalogue/coles/coles-catalogue-october-8-15-2024-nsw-metro/36.jpg,https://www.catalogueau.com/coles/#catalogue=coles/coles-catalogue-october-8-15-2024-nsw-metro/,save_was_arithmetic,displayed_price;save_was_arithmetic;unit_price,3,verified
Coles,NSW METRO,"Coles Catalogue October 8 - 15, 2024 NSW METRO",2024-10-08,2024-10-15,36,B.Box Insulated Drink Bottle 350mL 1 Each,162.0,,,,special,350mL,,—— | B.Box Insulated | Drink Bottle | 350mL 1 Each,79.0,True,offer_labels_missing;save_amount_missing;regular_price_missing;low_name_confidence_strict;single_price_evidence,https://caau.syd1.cdn.digitaloceanspaces.com/wp-content/uploads/catalogue/coles/coles-catalogue-october-8-15-2024-nsw-metro/36.jpg,https://www.catalogueau.com/coles/#catalogue=coles/coles-catalogue-october-8-15-2024-nsw-metro/,displayed_price,displayed_price,1,review
Coles,NSW METRO,"Coles Catalogue October 8 - 15, 2024 NSW METRO",2024-10-08,2024-10-15,36,B.Box Sippy Cup For Kids 240mL,8.25,16.5,8.25,50.0,half_price,240mL,,WASS16.50 | WASS16.50 | B.Box Sippy Cup | For Kids 240mL | 1 Each | 1 Each | Sb.box,93.33,True,single_price_evidence,https://caau.syd1.cdn.digitaloceanspaces.com/wp-content/uploads/catalogue/coles/coles-catalogue-october-8-15-2024-nsw-metro/36.jpg,https://www.catalogueau.com/coles/#catalogue=coles/coles-catalogue-october-8-15-2024-nsw-metro/,displayed_price,displayed_price,1,review
Coles,NSW METRO,"Coles Catalogue October 8 - 15, 2024 NSW METRO",2024-10-08,2024-10-15,36,B.Box Snackbox 1 Each,3.0,16.0,13.0,81.25,save_amount,,,WASS16 | WASS16 | B.Box Snackbox | 1 Each | Sb.box | b.bo0,79.0,True,low_name_confidence_strict;single_price_evidence,https://caau.syd1.cdn.digitaloceanspaces.com/wp-content/uploads/catalogue/coles/coles-catalogue-october-8-15-2024-nsw-metro/36.jpg,https://www.catalogueau.com/coles/#catalogue=coles/coles-catalogue-october-8-15-2024-nsw-metro/,displayed_price,displayed_price,1,review
Coles,NSW METRO,"Coles Catalogue October 8 - 15, 2024 NSW METRO",2024-10-08,2024-10-15,37,Nivea Antiperspirant Aerosol Deodorant 250mL,5.0,9.5,4.5,47.37,save_amount,250mL,$2.00 per 100mL,WAS$9.50 | WAS$9.50 | AUG 2024 | Nivea Antiperspirant Aerosol | Deodorant 250mL | $2.00 per 100mL,92.84,False,,https://caau.syd1.cdn.digitaloceanspaces.com/wp-content/uploads/catalogue/coles/coles-catalogue-october-8-15-2024-nsw-metro/37.jpg,https://www.catalogueau.com/coles/#catalogue=coles/coles-catalogue-october-8-15-2024-nsw-metro/,displayed_price,displayed_price;unit_price,2,verified
Coles,NSW METRO,"Coles Catalogue October 8 - 15, 2024 NSW METRO",2024-10-08,2024-10-15,37,U By Kotex Ultra Thin Pads With Wings Regular 14 Pack or Tampons Regular 16 Pack,3.5,,,,special,14 Pack; 16 Pack,,U By Kotex Ultra Thin Pads | With Wings Regular 14 Pack or | Tampons Regular 16 Pack | “2,96.43,True,offer_labels_missing;save_amount_missing;regular_price_missing;single_price_evidence,https://caau.syd1.cdn.digitaloceanspaces.com/wp-content/uploads/catalogue/coles/coles-catalogue-october-8-15-2024-nsw-metro/37.jpg,https://www.catalogueau.com/coles/#catalogue=coles/coles-catalogue-october-8-15-2024-nsw-metro/,displayed_price,displayed_price,1,review
Coles,NSW METRO,"Coles Catalogue October 8 - 15, 2024 NSW METRO",2024-10-08,2024-10-15,37,Gillette Fusion 5 Razor Kit with 2 Refill Blades 1 Pack,15.0,,,,special,1 Pack,,Gillette Fusion 5 Razor Kit with | 2 Refill Blades 1 Pack,96.36,True,offer_labels_missing;save_amount_missing;regular_price_missing;single_price_evidence,https://caau.syd1.cdn.digitaloceanspaces.com/wp-content/uploads/catalogue/coles/coles-catalogue-october-8-15-2024-nsw-metro/37.jpg,https://www.catalogueau.com/coles/#catalogue=coles/coles-catalogue-october-8-15-2024-nsw-metro/,displayed_price,displayed_price,1,review
Coles,NSW METRO,"Coles Catalogue October 8 - 15, 2024 NSW METRO",2024-10-08,2024-10-15,37,Depend Women's Real Fit Incontinence Regular Underwear Medium or Large 8 Pack,11.5,,,,down_down,8 Pack,$1.44 per each,Depend Women's Real Fit | Incontinence Regular Underwear | Medium or Large 8 Pack | $1.44 per each,96.15,False,,https://caau.syd1.cdn.digitaloceanspaces.com/wp-content/uploads/catalogue/coles/coles-catalogue-october-8-15-2024-nsw-metro/37.jpg,https://www.catalogueau.com/coles/#catalogue=coles/coles-catalogue-october-8-15-2024-nsw-metro/,displayed_price,displayed_price;unit_price,2,verified
Coles,NSW METRO,"Coles Catalogue October 8 - 15, 2024 NSW METRO",2024-10-08,2024-10-15,37,Femfresh Intimate Wash Sensitive or Aloe Vera 250mL,6.0,,,,down_down,250mL,$2.40 per 100mL,Femfresh Intimate Wash Sensitive | or Aloe Vera 250mL | $2.40 per 100mL | GARNICR,94.31,False,,https://caau.syd1.cdn.digitaloceanspaces.com/wp-content/uploads/catalogue/coles/coles-catalogue-october-8-15-2024-nsw-metro/37.jpg,https://www.catalogueau.com/coles/#catalogue=coles/coles-catalogue-october-8-15-2024-nsw-metro/,displayed_price,displayed_price;unit_price,2,verified
Coles,NSW METRO,"Coles Catalogue October 8 - 15, 2024 NSW METRO",2024-10-08,2024-10-15,37,"*For each Garnier product sold at Coles Supermarkets and on Coles Online between 25.09.2024 and 05.11.2024, Garnier will support the Great Barrier Reef Foundation in planting 1 coral on the Great Barrier Reef during the November/December 2024 coral spawning season (up to a maximum of 700,000 corals total, based on projected sales",24.0,,,,special,,,"*For each Garnier product sold at Coles Supermarkets and on Coles Online between 25.09.2024 and 05.11.2024, Garnier will support the Great Barrier Reef Foundation in | planting 1 coral on the Great Barrier Reef during the November/December 2024 coral spawning season (up to a maximum of 700,000 corals total, based on projected sales | during the promotional period), via a corresponding dollar donation to the Great Barrier Reef Foundation, Learn more here: https/Amww.garniercom.au/plantacoral | 37",95.02,True,offer_labels_missing;save_amount_missing;regular_price_missing;single_price_evidence,https://caau.syd1.cdn.digitaloceanspaces.com/wp-content/uploads/catalogue/coles/coles-catalogue-october-8-15-2024-nsw-metro/37.jpg,https://www.catalogueau.com/coles/#catalogue=coles/coles-catalogue-october-8-15-2024-nsw-metro/,displayed_price,displayed_price,1,review
Coles,NSW METRO,"Coles Catalogue October 8 - 15, 2024 NSW METRO",2024-10-08,2024-10-15,38,Rexona Advanced Protection 72hr Antiperspirant Aerosol Deodorant 220mL,6.5,9.5,3.0,31.58,save_amount,220mL,$2.95 per 100mL,WASS9.50 | WASS9.50 | Rexona Advanced Protection 72hr | Antiperspirant Aerosol Deodorant | 220mL $2.95 per 100mL | 1,93.4,True,single_price_evidence,https://caau.syd1.cdn.digitaloceanspaces.com/wp-content/uploads/catalogue/coles/coles-catalogue-october-8-15-2024-nsw-metro/38.jpg,https://www.catalogueau.com/coles/#catalogue=coles/coles-catalogue-october-8-15-2024-nsw-metro/,unit_price,unit_price,1,review
Coles,NSW METRO,"Coles Catalogue October 8 - 15, 2024 NSW METRO",2024-10-08,2024-10-15,38,Bosisto's Hand Wash Refill 1 Litre,9.0,15.0,6.0,40.0,save_amount,1 Litre,$0.90 per 100mL,WASS15 | WASS15 | Bosisto's Hand Wash Refill 1 Litre | $0.90 per 100mL | 2 | cg | 2 | Al?,94.57,False,,https://caau.syd1.cdn.digitaloceanspaces.com/wp-content/uploads/catalogue/coles/coles-catalogue-october-8-15-2024-nsw-metro/38.jpg,https://www.catalogueau.com/coles/#catalogue=coles/coles-catalogue-october-8-15-2024-nsw-metro/,displayed_price,displayed_price;unit_price,2,verified
Coles,NSW METRO,"Coles Catalogue October 8 - 15, 2024 NSW METRO",2024-10-08,2024-10-15,38,Listerine Freshburst or Freshburst Zero Mouthwash 500mL,4.5,8.0,3.5,43.75,save_amount,500mL,$0.90 per 100mL,WASS8 | WASS8 | Listerine Freshburst or Freshburst | Zero Mouthwash 500mL | $0.90 per 100mL | ‘ORE Mea] | ORE | &,92.51,True,single_price_evidence,https://caau.syd1.cdn.digitaloceanspaces.com/wp-content/uploads/catalogue/coles/coles-catalogue-october-8-15-2024-nsw-metro/38.jpg,https://www.catalogueau.com/coles/#catalogue=coles/coles-catalogue-october-8-15-2024-nsw-metro/,unit_price,unit_price,1,review
Coles,NSW METRO,"Coles Catalogue October 8 - 15, 2024 NSW METRO",2024-10-08,2024-10-15,38,Hask Shampoo or Conditioner 355mL,8.5,17.0,8.5,50.0,half_price,355mL,$2.39 per 100mL,WASS17 | WASS17 | Hask Shampoo or Conditioner | 355mL $2.39 per 100mL. | On sale for 2 weeks,94.23,False,,https://caau.syd1.cdn.digitaloceanspaces.com/wp-content/uploads/catalogue/coles/coles-catalogue-october-8-15-2024-nsw-metro/38.jpg,https://www.catalogueau.com/coles/#catalogue=coles/coles-catalogue-october-8-15-2024-nsw-metro/,displayed_price,displayed_price;unit_price,2,verified
Coles,NSW METRO,"Coles Catalogue October 8 - 15, 2024 NSW METRO",2024-10-08,2024-10-15,38,L'Oréal Excellence Colourant 1 Pack,13.2,27.0,13.8,51.11,save_amount,1 Pack,,L'Oréal Excellence Colourant | 1 Pack On sale for 2 weeks | VOREAL,94.27,True,offer_labels_missing;single_price_evidence,https://caau.syd1.cdn.digitaloceanspaces.com/wp-content/uploads/catalogue/coles/coles-catalogue-october-8-15-2024-nsw-metro/38.jpg,https://www.catalogueau.com/coles/#catalogue=coles/coles-catalogue-october-8-15-2024-nsw-metro/,unknown,,0,review
Coles,NSW METRO,"Coles Catalogue October 8 - 15, 2024 NSW METRO",2024-10-08,2024-10-15,38,L'Oréal Preference Colourant Level 9 Ultra Platinum 1 Pack,14.0,28.0,14.0,50.0,half_price,1 Pack,,WAS$28 | WAS$28 | L'Oréal Preference | Colourant Level 9 Ultra | Platinum 1 Pack | On sale for 2 weeks | ADVERTISER PROMOTION,92.28,True,single_price_evidence,https://caau.syd1.cdn.digitaloceanspaces.com/wp-content/uploads/catalogue/coles/coles-catalogue-october-8-15-2024-nsw-metro/38.jpg,https://www.catalogueau.com/coles/#catalogue=coles/coles-catalogue-october-8-15-2024-nsw-metro/,displayed_price,displayed_price,1,review
Coles,NSW METRO,"Coles Catalogue October 8 - 15, 2024 NSW METRO",2024-10-08,2024-10-15,38,L'Oréal Elvive Bond Repair Pre-Shampoo 200mL,15.0,30.0,15.0,50.0,half_price,200mL,$7.50 per 100mL,WAS$30 | WAS$30 | L'Oréal Elvive Bond | Repair Pre-Shampoo | 200mL $7.50 per 100mL. | On sale for 2 weeks,89.82,False,,https://caau.syd1.cdn.digitaloceanspaces.com/wp-content/uploads/catalogue/coles/coles-catalogue-october-8-15-2024-nsw-metro/38.jpg,https://www.catalogueau.com/coles/#catalogue=coles/coles-catalogue-october-8-15-2024-nsw-metro/,displayed_price,displayed_price;unit_price,2,verified
Coles,NSW METRO,"Coles Catalogue October 8 - 15, 2024 NSW METRO",2024-10-08,2024-10-15,38,L'Oréal Elvive Bond Repair Shampoo 200mL or Conditioner 150mL,5.0,19.0,14.0,73.68,save_amount,200mL; 150mL,,"L'Oréal Elvive Bond | Repair Shampoo 200mL | or Conditioner 150mL | On sale for 2 weeks | +instrumental test on Pre-Shampoo + Shampoo + Conditioner,",93.22,True,offer_labels_missing;single_price_evidence,https://caau.syd1.cdn.digitaloceanspaces.com/wp-content/uploads/catalogue/coles/coles-catalogue-october-8-15-2024-nsw-metro/38.jpg,https://www.catalogueau.com/coles/#catalogue=coles/coles-catalogue-october-8-15-2024-nsw-metro/,unknown,,0,review
Coles,NSW METRO,"Coles Catalogue October 8 - 15, 2024 NSW METRO",2024-10-08,2024-10-15,38,L'Oréal Elvive Bond Repair Serum 150mL,15.0,30.0,15.0,50.0,half_price,150mL,$10.00 per 100mL,"WAS$30 | WAS$30 | L'Oréal Elvive Bond | Repair Serum 150mL | $10.00 per 100mL. | On sale for 2 weeks | +instrumental test on Pre-Shampoo + Shampoo + Conditioner,",90.98,False,,https://caau.syd1.cdn.digitaloceanspaces.com/wp-content/uploads/catalogue/coles/coles-catalogue-october-8-15-2024-nsw-metro/38.jpg,https://www.catalogueau.com/coles/#catalogue=coles/coles-catalogue-october-8-15-2024-nsw-metro/,displayed_price,displayed_price;unit_price,2,verified
Coles,NSW METRO,"Coles Catalogue October 8 - 15, 2024 NSW METRO",2024-10-08,2024-10-15,39,Sorbent 3-Ply Hypo Allergenic Toilet Tissue 12 Pac,7.0,,,,special,,$0.32 per 100,Sorbent 3-Ply Hypo Allergenic | Toilet Tissue 12 Pac | $0.32 per 100 sheets | an | 4) | Jia,94.25,True,offer_labels_missing;save_amount_missing;regular_price_missing;single_price_evidence,https://caau.syd1.cdn.digitaloceanspaces.com/wp-content/uploads/catalogue/coles/coles-catalogue-october-8-15-2024-nsw-metro/39.jpg,https://www.catalogueau.com/coles/#catalogue=coles/coles-catalogue-october-8-15-2024-nsw-metro/,displayed_price,displayed_price,1,review
Coles,NSW METRO,"Coles Catalogue October 8 - 15, 2024 NSW METRO",2024-10-08,2024-10-15,39,Air Wick Essential Mist Diffuser 20mL,21.0,,,,special,20mL,,Air Wick Essential Mist Diffuser | 20mL $10.50 per 10mL | *See page 22 forT&Cs | Mortein,93.49,True,offer_labels_missing;save_amount_missing;regular_price_missing;single_price_evidence,https://caau.syd1.cdn.digitaloceanspaces.com/wp-content/uploads/catalogue/coles/coles-catalogue-october-8-15-2024-nsw-metro/39.jpg,https://www.catalogueau.com/coles/#catalogue=coles/coles-catalogue-october-8-15-2024-nsw-metro/,displayed_price,displayed_price,1,review
Coles,NSW METRO,"Coles Catalogue October 8 - 15, 2024 NSW METRO",2024-10-08,2024-10-15,39,Handee Ultra Paper Towel 2 Pack,1.92,,,,special,2 Pack,$1.60 per 100,Handee Ultra Paper Towel | 2 Pack $1.60 per 100 sheets,95.29,True,offer_labels_missing;save_amount_missing;regular_price_missing;single_price_evidence,https://caau.syd1.cdn.digitaloceanspaces.com/wp-content/uploads/catalogue/coles/coles-catalogue-october-8-15-2024-nsw-metro/39.jpg,https://www.catalogueau.com/coles/#catalogue=coles/coles-catalogue-october-8-15-2024-nsw-metro/,displayed_price,displayed_price,1,review
Coles,NSW METRO,"Coles Catalogue October 8 - 15, 2024 NSW METRO",2024-10-08,2024-10-15,39,Shower Power Citrus Cleaner 500mL,3.65,,,,special,500mL,$0.73 per 100mL,Shower Power Citrus Cleaner | 500mL $0.73 per 100mL,94.27,False,,https://caau.syd1.cdn.digitaloceanspaces.com/wp-content/uploads/catalogue/coles/coles-catalogue-october-8-15-2024-nsw-metro/39.jpg,https://www.catalogueau.com/coles/#catalogue=coles/coles-catalogue-october-8-15-2024-nsw-metro/,displayed_price,displayed_price;unit_price,2,verified
Coles,NSW METRO,"Coles Catalogue October 8 - 15, 2024 NSW METRO",2024-10-08,2024-10-15,39,Mortein NaturGard Multi Insect Indoor & Outdoor,20.0,,,,special,,,Mortein NaturGard Multi | Insect Indoor & Outdoor | Automatic Spray,94.24,True,offer_labels_missing;save_amount_missing;regular_price_missing;single_price_evidence,https://caau.syd1.cdn.digitaloceanspaces.com/wp-content/uploads/catalogue/coles/coles-catalogue-october-8-15-2024-nsw-metro/39.jpg,https://www.catalogueau.com/coles/#catalogue=coles/coles-catalogue-october-8-15-2024-nsw-metro/,displayed_price,displayed_price,1,review
Coles,NSW METRO,"Coles Catalogue October 8 - 15, 2024 NSW METRO",2024-10-08,2024-10-15,39,Bref In The Bowl Toilet Cleaner Twin Pack 84g or 100g,5.0,,,,special,84g; 100g,,"Bref In The Bowl Toilet Cleaner | Twin Pack 84g or 100g | Markellidge in Australia between Aug 2021 to Aig 2023,",95.96,True,offer_labels_missing;save_amount_missing;regular_price_missing;single_price_evidence,https://caau.syd1.cdn.digitaloceanspaces.com/wp-content/uploads/catalogue/coles/coles-catalogue-october-8-15-2024-nsw-metro/39.jpg,https://www.catalogueau.com/coles/#catalogue=coles/coles-catalogue-october-8-15-2024-nsw-metro/,displayed_price,displayed_price,1,review
Coles,NSW METRO,"Coles Catalogue October 8 - 15, 2024 NSW METRO",2024-10-08,2024-10-15,40,Fussy Cat Cat Food Pouch 12x80g,8.0,13.5,5.5,40.74,save_amount,12x80g,$0.83 per 100g,SAVE%5.50 | WASS13.50 | Fussy Cat Cat Food Pouch | 12x80g $0.83 per 100g | 2,95.72,False,,https://caau.syd1.cdn.digitaloceanspaces.com/wp-content/uploads/catalogue/coles/coles-catalogue-october-8-15-2024-nsw-metro/40.jpg,https://www.catalogueau.com/coles/#catalogue=coles/coles-catalogue-october-8-15-2024-nsw-metro/,save_was_arithmetic,save_was_arithmetic;unit_price,2,verified
Coles,NSW METRO,"Coles Catalogue October 8 - 15, 2024 NSW METRO",2024-10-08,2024-10-15,40,Fussy Cat Grainfree Dry Cat Food 2.5kg,15.5,26.5,11.0,41.51,save_amount,2.5kg,$0.62 per 100g,SAVE $11 | WAS$26.50 | Fussy Cat Grainfree Dry Cat | Food 2.5kg $0.62 per 100g,94.79,False,,https://caau.syd1.cdn.digitaloceanspaces.com/wp-content/uploads/catalogue/coles/coles-catalogue-october-8-15-2024-nsw-metro/40.jpg,https://www.catalogueau.com/coles/#catalogue=coles/coles-catalogue-october-8-15-2024-nsw-metro/,save_was_arithmetic,displayed_price;save_was_arithmetic,2,verified
Coles,NSW METRO,"Coles Catalogue October 8 - 15, 2024 NSW METRO",2024-10-08,2024-10-15,40,Fancy Feast Cat Food 6x85g,6.0,8.5,2.5,29.41,save_amount,6x85g,$1.18 per 100g,SAVES2.50 | WASS8.50 | Fancy Feast Cat Food 6x85g | $1.18 per 100g | $1.18 | —. | —_——= | ey,94.91,False,,https://caau.syd1.cdn.digitaloceanspaces.com/wp-content/uploads/catalogue/coles/coles-catalogue-october-8-15-2024-nsw-metro/40.jpg,https://www.catalogueau.com/coles/#catalogue=coles/coles-catalogue-october-8-15-2024-nsw-metro/,save_was_arithmetic,displayed_price;save_was_arithmetic;unit_price,3,verified
Coles,NSW METRO,"Coles Catalogue October 8 - 15, 2024 NSW METRO",2024-10-08,2024-10-15,40,Dine Daily Cat Food 7x85g,7.0,10.0,3.0,30.0,save_amount,7x85g,$1.18 per 100g,SAVES3 | WASS10 | Dine Daily Cat Food 7x85g | $1.18 per 100g | —. | —_——= | ey | 1],94.58,False,,https://caau.syd1.cdn.digitaloceanspaces.com/wp-content/uploads/catalogue/coles/coles-catalogue-october-8-15-2024-nsw-metro/40.jpg,https://www.catalogueau.com/coles/#catalogue=coles/coles-catalogue-october-8-15-2024-nsw-metro/,save_was_arithmetic,displayed_price;save_was_arithmetic;unit_price,3,verified
Coles,NSW METRO,"Coles Catalogue October 8 - 15, 2024 NSW METRO",2024-10-08,2024-10-15,40,Nature's Gift Meatballs Dog Food 700g,4.2,6.0,1.8,30.0,save_amount,700g,$0.60 per 100g,SAVES1.80 | WASS6 | Nature's Gift Meatballs Dog | Food 700g $0.60 per 100g. | From the chilled pet food fridge,96.33,False,,https://caau.syd1.cdn.digitaloceanspaces.com/wp-content/uploads/catalogue/coles/coles-catalogue-october-8-15-2024-nsw-metro/40.jpg,https://www.catalogueau.com/coles/#catalogue=coles/coles-catalogue-october-8-15-2024-nsw-metro/,save_was_arithmetic,save_was_arithmetic;unit_price,2,verified
Coles,NSW METRO,"Coles Catalogue October 8 - 15, 2024 NSW METRO",2024-10-08,2024-10-15,40,My Dog Dog Food 6x100g,7.0,10.0,3.0,30.0,save_amount,6x100g,$1.17 per 100g,SAVES3 | WASS10 | My Dog Dog Food 6x100g | $1.17 per 100g. | $1.17 | Excludes My Dog Shredded,93.95,False,,https://caau.syd1.cdn.digitaloceanspaces.com/wp-content/uploads/catalogue/coles/coles-catalogue-october-8-15-2024-nsw-metro/40.jpg,https://www.catalogueau.com/coles/#catalogue=coles/coles-catalogue-october-8-15-2024-nsw-metro/,save_was_arithmetic,displayed_price;save_was_arithmetic;unit_price,3,verified
Coles,NSW METRO,"Coles Catalogue October 8 - 15, 2024 NSW METRO",2024-10-08,2024-10-15,40,Schmackos Dog Treats 500g,11.5,17.0,5.5,32.35,save_amount,500g,$2.30 per 100g,SAVE*5.50 | WAS $17 | Schmackos Dog Treats 500g | $2.30 per 100g,93.99,False,,https://caau.syd1.cdn.digitaloceanspaces.com/wp-content/uploads/catalogue/coles/coles-catalogue-october-8-15-2024-nsw-metro/40.jpg,https://www.catalogueau.com/coles/#catalogue=coles/coles-catalogue-october-8-15-2024-nsw-metro/,save_was_arithmetic,displayed_price;save_was_arithmetic;unit_price,3,verified
Coles,NSW METRO,"Coles Catalogue October 8 - 15, 2024 NSW METRO",2024-10-08,2024-10-15,40,Woofin' Good Dog Food 12x100g,13.0,14.0,1.0,7.14,save_amount,12x100g,$1.08 per 100g,WASS14 | WASS14 | SEP 2024 | Woofin' Good Dog Food | 12x100g $1.08 per 100g,94.49,True,single_price_evidence,https://caau.syd1.cdn.digitaloceanspaces.com/wp-content/uploads/catalogue/coles/coles-catalogue-october-8-15-2024-nsw-metro/40.jpg,https://www.catalogueau.com/coles/#catalogue=coles/coles-catalogue-october-8-15-2024-nsw-metro/,displayed_price,displayed_price,1,review
Coles,NSW METRO,"Coles Catalogue October 8 - 15, 2024 NSW METRO",2024-10-08,2024-10-15,40,Woofin' Good Dog Treats Biscuits 800g,9.0,11.0,2.0,18.18,save_amount,800g,$1.13 per 100g,WASS11 | WASS11 | JUL 2024 | Woofin' Good Dog Treats Biscuits | 800g $1.13 per 100g | 40,95.89,False,,https://caau.syd1.cdn.digitaloceanspaces.com/wp-content/uploads/catalogue/coles/coles-catalogue-october-8-15-2024-nsw-metro/40.jpg,https://www.catalogueau.com/coles/#catalogue=coles/coles-catalogue-october-8-15-2024-nsw-metro/,displayed_price,displayed_price;unit_price,2,verified
Coles,NSW METRO,"Coles Catalogue October 8 - 15, 2024 NSW METRO",2024-10-08,2024-10-15,40,ans Pedigree Dry Dog Food 8kg,24.8,,,,special,8kg,$0.31 per 100g,ans | Pedigree Dry Dog Food 8kg | $0.31 per 100g,79.0,True,offer_labels_missing;save_amount_missing;regular_price_missing;low_name_confidence_strict;single_price_evidence,https://caau.syd1.cdn.digitaloceanspaces.com/wp-content/uploads/catalogue/coles/coles-catalogue-october-8-15-2024-nsw-metro/40.jpg,https://www.catalogueau.com/coles/#catalogue=coles/coles-catalogue-october-8-15-2024-nsw-metro/,unknown,,0,review
Coles,NSW METRO,"Coles Catalogue October 8 - 15, 2024 NSW METRO",2024-10-08,2024-10-15,41,Halloween Bubble Wand orTumbler,10.0,,,,special,,,Halloween Bubble Wand | orTumbler | |,93.84,True,offer_labels_missing;save_amount_missing;regular_price_missing;single_price_evidence,https://caau.syd1.cdn.digitaloceanspaces.com/wp-content/uploads/catalogue/coles/coles-catalogue-october-8-15-2024-nsw-metro/41.jpg,https://www.catalogueau.com/coles/#catalogue=coles/coles-catalogue-october-8-15-2024-nsw-metro/,displayed_price,displayed_price,1,review
Coles,NSW METRO,"Coles Catalogue October 8 - 15, 2024 NSW METRO",2024-10-08,2024-10-15,41,Halloween Ceramic Cauldron Mug,10.0,,,,special,,,Halloween Ceramic | Cauldron Mug | th | —— | 2 | g,96.47,True,offer_labels_missing;save_amount_missing;regular_price_missing;single_price_evidence,https://caau.syd1.cdn.digitaloceanspaces.com/wp-content/uploads/catalogue/coles/coles-catalogue-october-8-15-2024-nsw-metro/41.jpg,https://www.catalogueau.com/coles/#catalogue=coles/coles-catalogue-october-8-15-2024-nsw-metro/,displayed_price,displayed_price,1,review
Coles,NSW METRO,"Coles Catalogue October 8 - 15, 2024 NSW METRO",2024-10-08,2024-10-15,41,Coles Halloween Poisoned Apples or Sour Brains 300g,5.0,,,,special,300g,$1.67 per 100g,Coles Halloween Poisoned Apples | or Sour Brains 300g $1.67 per 100g,96.51,False,,https://caau.syd1.cdn.digitaloceanspaces.com/wp-content/uploads/catalogue/coles/coles-catalogue-october-8-15-2024-nsw-metro/41.jpg,https://www.catalogueau.com/coles/#catalogue=coles/coles-catalogue-october-8-15-2024-nsw-metro/,displayed_price,displayed_price;unit_price,2,verified
Coles,NSW METRO,"Coles Catalogue October 8 - 15, 2024 NSW METRO",2024-10-08,2024-10-15,41,Beware Sign or LED Solar Garden Stakes,5.0,,,,special,,,Beware Sign or LED Solar | Garden Stakes,96.77,True,offer_labels_missing;save_amount_missing;regular_price_missing;single_price_evidence,https://caau.syd1.cdn.digitaloceanspaces.com/wp-content/uploads/catalogue/coles/coles-catalogue-october-8-15-2024-nsw-metro/41.jpg,https://www.catalogueau.com/coles/#catalogue=coles/coles-catalogue-october-8-15-2024-nsw-metro/,displayed_price,displayed_price,1,review
Coles,NSW METRO,"Coles Catalogue October 8 - 15, 2024 NSW METRO",2024-10-08,2024-10-15,43,"Telstra T Elite 5G + 6.6"" IPS HD+ display",159.0,179.0,20.0,11.17,save_amount,5G,,"WASS179 | WASS179 | Telstra T Elite 5G | + 6.6"" IPS HD+ display | * SOMP dual camera | BETTER",92.0,True,single_price_evidence,https://caau.syd1.cdn.digitaloceanspaces.com/wp-content/uploads/catalogue/coles/coles-catalogue-october-8-15-2024-nsw-metro/43.jpg,https://www.catalogueau.com/coles/#catalogue=coles/coles-catalogue-october-8-15-2024-nsw-metro/,displayed_price,displayed_price,1,review
Coles,NSW METRO,"Coles Catalogue October 8 - 15, 2024 NSW METRO",2024-10-08,2024-10-15,43,Lebara,9.0,26.9,17.9,66.54,save_amount,,,"WAS$26.90 | WAS$26.90 | Lebara $24.90 Starter Pack | + Activate by 5/11/24 for 35GB data, | 25GB ongoing",95.75,True,single_price_evidence,https://caau.syd1.cdn.digitaloceanspaces.com/wp-content/uploads/catalogue/coles/coles-catalogue-october-8-15-2024-nsw-metro/43.jpg,https://www.catalogueau.com/coles/#catalogue=coles/coles-catalogue-october-8-15-2024-nsw-metro/,displayed_price,displayed_price,1,review
Coles,NSW METRO,"Coles Catalogue October 8 - 15, 2024 NSW METRO",2024-10-08,2024-10-15,43,Telstra Samsung A05s AO5s,199.0,249.0,50.0,20.08,save_amount,,,"WAS$249 | WAS$249 | Telstra Samsung A05s | AO5s | + 6.7"" Full HD+ TI | display | + SOMP camera | =",79.0,True,low_name_confidence_strict;single_price_evidence,https://caau.syd1.cdn.digitaloceanspaces.com/wp-content/uploads/catalogue/coles/coles-catalogue-october-8-15-2024-nsw-metro/43.jpg,https://www.catalogueau.com/coles/#catalogue=coles/coles-catalogue-october-8-15-2024-nsw-metro/,displayed_price,displayed_price,1,review
Coles,NSW METRO,"Coles Catalogue October 8 - 15, 2024 NSW METRO",2024-10-08,2024-10-15,43,amaysim,10.0,30.0,20.0,66.67,save_amount,,,WASS30 | WASS30 | amaysim $30 Starter Pack | + Activate by 31/10/24 for 50GB | data first 3 renewals,94.02,True,single_price_evidence,https://caau.syd1.cdn.digitaloceanspaces.com/wp-content/uploads/catalogue/coles/coles-catalogue-october-8-15-2024-nsw-metro/43.jpg,https://www.catalogueau.com/coles/#catalogue=coles/coles-catalogue-october-8-15-2024-nsw-metro/,displayed_price,displayed_price,1,review
Coles,NSW METRO,"Coles Catalogue October 8 - 15, 2024 NSW METRO",2024-10-08,2024-10-15,43,+ 35GB + 35GB activation bonus,10.0,29.9,19.9,66.56,save_amount,,,WAS$29.90 | WAS$29.90 | $29.90 Starter Pack | + 35GB + 35GB | activation bonus | acti | nk | nus,79.0,True,low_name_confidence_strict;product_name_suspicious;single_price_evidence,https://caau.syd1.cdn.digitaloceanspaces.com/wp-content/uploads/catalogue/coles/coles-catalogue-october-8-15-2024-nsw-metro/43.jpg,https://www.catalogueau.com/coles/#catalogue=coles/coles-catalogue-october-8-15-2024-nsw-metro/,displayed_price,displayed_price,1,review
Coles,NSW METRO,"Coles Catalogue October 8 - 15, 2024 NSW METRO",2024-10-08,2024-10-15,43,Unlimited Felix,20.0,40.0,20.0,50.0,half_price,,,WASS40 | WASS40 | ¥ | Unlimited | Felix $40 Unlimited | Mobile Data Plan | 4 | §,96.4,True,single_price_evidence,https://caau.syd1.cdn.digitaloceanspaces.com/wp-content/uploads/catalogue/coles/coles-catalogue-october-8-15-2024-nsw-metro/43.jpg,https://www.catalogueau.com/coles/#catalogue=coles/coles-catalogue-october-8-15-2024-nsw-metro/,displayed_price,displayed_price,1,review
Coles,NSW METRO,"Coles Catalogue October 8 - 15, 2024 NSW METRO",2024-10-08,2024-10-15,43,"Optus X Delight 2 + 6.52"" IPS HD+ display",99.0,,,,special,,,"Optus X Delight 2 | + 6.52"" IPS HD+ display | + 13MP Al camera | General Devices: Devices are Network Locked. Unlocking fees may apply. All included starter pack offers are included | in device packaging. General SIMs: Include first recharge applied on activation. All for use in AU and new services only, | not for recharge use. All recharges revert to standard plan price. Terms & Fair Go policies apply. Limit 5 per customer.",92.1,True,offer_labels_missing;save_amount_missing;regular_price_missing;single_price_evidence,https://caau.syd1.cdn.digitaloceanspaces.com/wp-content/uploads/catalogue/coles/coles-catalogue-october-8-15-2024-nsw-metro/43.jpg,https://www.catalogueau.com/coles/#catalogue=coles/coles-catalogue-october-8-15-2024-nsw-metro/,displayed_price,displayed_price,1,review
Coles,NSW METRO,"Coles Catalogue October 8 - 15, 2024 NSW METRO",2024-10-08,2024-10-15,44,"Nokia C22 *6.5"" HD+",159.0,179.0,20.0,11.17,save_amount,,,"SAVE‘20 | WASS179 | Nokia C22 | *6.5"" HD+ | LCD display | +Rear camera | (13MP) + 8MP | front camera",79.0,True,low_name_confidence_strict,https://caau.syd1.cdn.digitaloceanspaces.com/wp-content/uploads/catalogue/coles/coles-catalogue-october-8-15-2024-nsw-metro/44.jpg,https://www.catalogueau.com/coles/#catalogue=coles/coles-catalogue-october-8-15-2024-nsw-metro/,save_was_arithmetic,displayed_price;save_was_arithmetic,2,review
Coles,NSW METRO,"Coles Catalogue October 8 - 15, 2024 NSW METRO",2024-10-08,2024-10-15,44,"Motorola G34 5G *6.5"" 120Hz",199.0,229.0,30.0,13.1,save_amount,5G,,"SAVES30 | WAS$229 | 4/7‘ | Motorola G34 5G | *6.5"" 120Hz | HD LCD display | «Rear camera | (OMP) +16MP",83.58,False,,https://caau.syd1.cdn.digitaloceanspaces.com/wp-content/uploads/catalogue/coles/coles-catalogue-october-8-15-2024-nsw-metro/44.jpg,https://www.catalogueau.com/coles/#catalogue=coles/coles-catalogue-october-8-15-2024-nsw-metro/,save_was_arithmetic,displayed_price;save_was_arithmetic,2,verified
Coles,NSW METRO,"Coles Catalogue October 8 - 15, 2024 NSW METRO",2024-10-08,2024-10-15,44,E25 Dey Ein 90GB,20.0,45.0,25.0,55.56,save_amount,,,SAVE‘25 | WASS45 | E25 Dey Ein | 90GB | on activation. | New Customers only.,56.87,True,low_ocr_confidence;low_name_confidence_strict,https://caau.syd1.cdn.digitaloceanspaces.com/wp-content/uploads/catalogue/coles/coles-catalogue-october-8-15-2024-nsw-metro/44.jpg,https://www.catalogueau.com/coles/#catalogue=coles/coles-catalogue-october-8-15-2024-nsw-metro/,save_was_arithmetic,displayed_price;save_was_arithmetic,2,review
Coles,NSW METRO,"Coles Catalogue October 8 - 15, 2024 NSW METRO",2024-10-08,2024-10-15,44,L 25 DayE<n TI5SGB,25.0,55.0,30.0,54.55,save_amount,,,"SAVE‘30 | WASS$55 | L 25 DayE<n | TI5SGB | on activation. | ivation, | on | New Customers only.",26.2,True,low_ocr_confidence;low_name_confidence_strict,https://caau.syd1.cdn.digitaloceanspaces.com/wp-content/uploads/catalogue/coles/coles-catalogue-october-8-15-2024-nsw-metro/44.jpg,https://www.catalogueau.com/coles/#catalogue=coles/coles-catalogue-october-8-15-2024-nsw-metro/,save_was_arithmetic,displayed_price;save_was_arithmetic,2,review
