retailer,region,catalogue_title,catalogue_start_date,catalogue_end_date,page_number,product_name,special_price,regular_price,save_amount,discount_percent,promo_type,pack_size,unit_price_text,offer_text,ocr_confidence,needs_review,review_reason,source_page_image,source_catalogue_url,price_source,price_evidence,evidence_count,verification_status
Coles,NSW METRO,"Coles Catalogue July 2 - 9, 2024 NSW METRO",2024-07-02,2024-07-09,2,Uncle Tobys Le Snak 132g or Le Snak Mini Crackers 119g,2.75,5.5,2.75,50.0,half_price,132g; 119g,,WASS$5.50 | WASS$5.50 | Uncle Tobys Le Snak 132g or | Le Snak Mini Crackers 119g | 7,94.5,True,inferred_price_requires_review,https://caau.syd1.cdn.digitaloceanspaces.com/wp-content/uploads/catalogue/coles/coles-catalogue-july-2-9-2024-nsw-metro/2.jpg,https://www.catalogueau.com/coles/#catalogue=coles/coles-catalogue-july-2-9-2024-nsw-metro/,displayed_price,displayed_price;page_discount,1,review
Coles,NSW METRO,"Coles Catalogue July 2 - 9, 2024 NSW METRO",2024-07-02,2024-07-09,2,"Arnott's Mint Slice, TeeVee or Wagon Wheels Biscuits 175g-200g",2.5,5.0,2.5,50.0,half_price,175g; 200g,,"WASS5 | WASS5 | Arnott's Mint Slice, TeeVee | or Wagon Wheels Biscuits | 175g-200g | — ©) | S | mak",79.0,True,low_name_confidence_strict;inferred_price_requires_review,https://caau.syd1.cdn.digitaloceanspaces.com/wp-content/uploads/catalogue/coles/coles-catalogue-july-2-9-2024-nsw-metro/2.jpg,https://www.catalogueau.com/coles/#catalogue=coles/coles-catalogue-july-2-9-2024-nsw-metro/,page_discount_inference,page_discount,0,review
Coles,NSW METRO,"Coles Catalogue July 2 - 9, 2024 NSW METRO",2024-07-02,2024-07-09,2,Nescafé Coffee Sachets 8 Pack-10 Pack,3.8,7.6,3.8,50.0,half_price,8 Pack; 10 Pack,,WAS$7.60 | WAS$7.60 | Nescafé Coffee Sachets | 8 Pack-10 Pack,94.43,True,inferred_price_requires_review,https://caau.syd1.cdn.digitaloceanspaces.com/wp-content/uploads/catalogue/coles/coles-catalogue-july-2-9-2024-nsw-metro/2.jpg,https://www.catalogueau.com/coles/#catalogue=coles/coles-catalogue-july-2-9-2024-nsw-metro/,displayed_price,displayed_price;page_discount,1,review
Coles,NSW METRO,"Coles Catalogue July 2 - 9, 2024 NSW METRO",2024-07-02,2024-07-09,2,Lindt Excellence or Lindor Block Chocolate 80g-100g,3.25,6.5,3.25,50.0,half_price,80g; 100g,,WASS6.50 | WASS6.50 | Lindt Excellence or Lindor Block | Chocolate 80g-100g,93.97,True,inferred_price_requires_review,https://caau.syd1.cdn.digitaloceanspaces.com/wp-content/uploads/catalogue/coles/coles-catalogue-july-2-9-2024-nsw-metro/2.jpg,https://www.catalogueau.com/coles/#catalogue=coles/coles-catalogue-july-2-9-2024-nsw-metro/,page_discount_inference,page_discount,0,review
Coles,NSW METRO,"Coles Catalogue July 2 - 9, 2024 NSW METRO",2024-07-02,2024-07-09,3,Thins Potato Chips 150g-175g,2.5,5.0,2.5,50.0,half_price,150g; 175g,,WASS5 | WASS5 | Thins Potato Chips | 150g-175g,94.13,True,inferred_price_requires_review,https://caau.syd1.cdn.digitaloceanspaces.com/wp-content/uploads/catalogue/coles/coles-catalogue-july-2-9-2024-nsw-metro/3.jpg,https://www.catalogueau.com/coles/#catalogue=coles/coles-catalogue-july-2-9-2024-nsw-metro/,page_discount_inference,page_discount,0,review
Coles,NSW METRO,"Coles Catalogue July 2 - 9, 2024 NSW METRO",2024-07-02,2024-07-09,3,Continental Cup a Soup 2 Serve 50g-75g,1.4,2.8,1.4,50.0,half_price,50g; 75g,,WASS2.80 | WASS2.80 | Continental Cup a | Soup 2 Serve 50g-75g | [Seepage *See | 24 24 forT&Cs facies | *See page 24 forl&Cs | Jas,94.6,True,inferred_price_requires_review,https://caau.syd1.cdn.digitaloceanspaces.com/wp-content/uploads/catalogue/coles/coles-catalogue-july-2-9-2024-nsw-metro/3.jpg,https://www.catalogueau.com/coles/#catalogue=coles/coles-catalogue-july-2-9-2024-nsw-metro/,page_discount_inference,page_discount,0,review
Coles,NSW METRO,"Coles Catalogue July 2 - 9, 2024 NSW METRO",2024-07-02,2024-07-09,3,Vittoria Freeze Dried Instant Coffee 400g,18.5,37.0,18.5,50.0,half_price,400g,$4.63 per 100g,WAS$37 | WAS$37 | Vittoria Freeze Dried Instant Coffee 400g | $4.63 per 100g | mpant S) | nappy,95.8,True,inferred_price_requires_review,https://caau.syd1.cdn.digitaloceanspaces.com/wp-content/uploads/catalogue/coles/coles-catalogue-july-2-9-2024-nsw-metro/3.jpg,https://www.catalogueau.com/coles/#catalogue=coles/coles-catalogue-july-2-9-2024-nsw-metro/,unit_price,page_discount;unit_price,1,review
Coles,NSW METRO,"Coles Catalogue July 2 - 9, 2024 NSW METRO",2024-07-02,2024-07-09,3,Nature's Way Kids Smart Vita Gummies 120 Pack,15.0,30.0,15.0,50.0,half_price,120 Pack,$12.50 per 100 each,WAS$30 | WAS$30 | Nature's Way Kids Smart Vita Gummies | 120 Pack $12.50 per 100 each,95.83,False,,https://caau.syd1.cdn.digitaloceanspaces.com/wp-content/uploads/catalogue/coles/coles-catalogue-july-2-9-2024-nsw-metro/3.jpg,https://www.catalogueau.com/coles/#catalogue=coles/coles-catalogue-july-2-9-2024-nsw-metro/,displayed_price,displayed_price;page_discount;unit_price,2,verified
Coles,NSW METRO,"Coles Catalogue July 2 - 9, 2024 NSW METRO",2024-07-02,2024-07-09,3,Fairy Platinum Dishwashing Tablets 70 Pack or Platinum Plus 60 Pack,34.5,69.0,34.5,50.0,half_price,70 Pack; 60 Pack,,WAS$69 | WAS$69 | Fairy Platinum Dishwashing Tablets 70 Pack | or Platinum Plus 60 Pack | 100% Aussie | 100%,96.13,True,inferred_price_requires_review,https://caau.syd1.cdn.digitaloceanspaces.com/wp-content/uploads/catalogue/coles/coles-catalogue-july-2-9-2024-nsw-metro/3.jpg,https://www.catalogueau.com/coles/#catalogue=coles/coles-catalogue-july-2-9-2024-nsw-metro/,page_discount_inference,page_discount,0,review
Coles,NSW METRO,"Coles Catalogue July 2 - 9, 2024 NSW METRO",2024-07-02,2024-07-09,3,Huggies Ultra Dry Bulk Nappy Pants 24 Pack-29 Pack,11.0,22.0,11.0,50.0,half_price,24 Pack; 29 Pack,,WAS$22 | WAS$22 | Huggies Ultra Dry Bulk Nappy Pants | 24 Pack-29 Pack | = | ya | #7,94.88,True,inferred_price_requires_review,https://caau.syd1.cdn.digitaloceanspaces.com/wp-content/uploads/catalogue/coles/coles-catalogue-july-2-9-2024-nsw-metro/3.jpg,https://www.catalogueau.com/coles/#catalogue=coles/coles-catalogue-july-2-9-2024-nsw-metro/,page_discount_inference,page_discount,0,review
Coles,NSW METRO,"Coles Catalogue July 2 - 9, 2024 NSW METRO",2024-07-02,2024-07-09,4,Smith's Crinkle Cut Chips 60g,1.35,2.7,1.35,50.0,half_price,60g,$2.25 per 100g,SAVES1.35 | WASS$2.70 | Smith's Crinkle Cut Chips 60g | $2.25 per 100g,96.46,False,,https://caau.syd1.cdn.digitaloceanspaces.com/wp-content/uploads/catalogue/coles/coles-catalogue-july-2-9-2024-nsw-metro/4.jpg,https://www.catalogueau.com/coles/#catalogue=coles/coles-catalogue-july-2-9-2024-nsw-metro/,save_was_arithmetic,save_was_arithmetic;unit_price,2,verified
Coles,NSW METRO,"Coles Catalogue July 2 - 9, 2024 NSW METRO",2024-07-02,2024-07-09,4,Cadbury or Europe Bites 120g-160g,2.5,5.0,2.5,50.0,half_price,120g; 160g,,SAVES2.50 | WASS5 | Cadbury or Europe Bites | 120g-160g | ae | FZ | RS | PS,92.93,True,single_price_evidence,https://caau.syd1.cdn.digitaloceanspaces.com/wp-content/uploads/catalogue/coles/coles-catalogue-july-2-9-2024-nsw-metro/4.jpg,https://www.catalogueau.com/coles/#catalogue=coles/coles-catalogue-july-2-9-2024-nsw-metro/,save_was_arithmetic,save_was_arithmetic,1,review
Coles,NSW METRO,"Coles Catalogue July 2 - 9, 2024 NSW METRO",2024-07-02,2024-07-09,4,Life Savers Candy 150g-200g,2.5,5.0,2.5,50.0,half_price,150g; 200g,,SAVES2.50 | WASS5 | Life Savers Candy 150g-200g,94.02,False,,https://caau.syd1.cdn.digitaloceanspaces.com/wp-content/uploads/catalogue/coles/coles-catalogue-july-2-9-2024-nsw-metro/4.jpg,https://www.catalogueau.com/coles/#catalogue=coles/coles-catalogue-july-2-9-2024-nsw-metro/,save_was_arithmetic,displayed_price;save_was_arithmetic,2,verified
Coles,NSW METRO,"Coles Catalogue July 2 - 9, 2024 NSW METRO",2024-07-02,2024-07-09,4,Tostitos Chips 165g-175g BRING » CHEER-AHALE,2.6,5.2,2.6,50.0,half_price,165g; 175g,,SAVE 52.60 | WASS5.20 | Tostitos Chips 165g-175g | BRING » CHEER-AHALE | as | “,59.16,True,low_ocr_confidence;low_name_confidence_strict,https://caau.syd1.cdn.digitaloceanspaces.com/wp-content/uploads/catalogue/coles/coles-catalogue-july-2-9-2024-nsw-metro/4.jpg,https://www.catalogueau.com/coles/#catalogue=coles/coles-catalogue-july-2-9-2024-nsw-metro/,save_was_arithmetic,displayed_price;save_was_arithmetic,2,review
Coles,NSW METRO,"Coles Catalogue July 2 - 9, 2024 NSW METRO",2024-07-02,2024-07-09,4,Raw C Coconut Water 1 Litre,2.75,5.5,2.75,50.0,half_price,1 Litre,$2.75 per litre,SAVE'2.75 | WASS5.50 | Raw C Coconut Water 1 Litre | $2.75 per litre | a | 2 Je Feed) | tA | J),95.51,False,,https://caau.syd1.cdn.digitaloceanspaces.com/wp-content/uploads/catalogue/coles/coles-catalogue-july-2-9-2024-nsw-metro/4.jpg,https://www.catalogueau.com/coles/#catalogue=coles/coles-catalogue-july-2-9-2024-nsw-metro/,save_was_arithmetic,save_was_arithmetic;unit_price,2,verified
Coles,NSW METRO,"Coles Catalogue July 2 - 9, 2024 NSW METRO",2024-07-02,2024-07-09,4,Schweppes Mixers or Soft Drink 4x300mL,3.7,740.0,736.3,99.5,save_amount,4x300mL,$3.08 per litre,SAVE $3.70 | WAS$740 | Schweppes Mixers or Soft Drink | 4x300mL $3.08 per litre | NSW-METRO-0307-24-252234,95.54,True,single_price_evidence,https://caau.syd1.cdn.digitaloceanspaces.com/wp-content/uploads/catalogue/coles/coles-catalogue-july-2-9-2024-nsw-metro/4.jpg,https://www.catalogueau.com/coles/#catalogue=coles/coles-catalogue-july-2-9-2024-nsw-metro/,unit_price,unit_price,1,review
Coles,NSW METRO,"Coles Catalogue July 2 - 9, 2024 NSW METRO",2024-07-02,2024-07-09,4,Cadbury Favourites 340g,8.0,16.0,8.0,50.0,half_price,340g,$2.35 per 100g,SAVES8 | WASS16 | Cadbury Favourites 340g | $2.35 per 100g,95.76,False,,https://caau.syd1.cdn.digitaloceanspaces.com/wp-content/uploads/catalogue/coles/coles-catalogue-july-2-9-2024-nsw-metro/4.jpg,https://www.catalogueau.com/coles/#catalogue=coles/coles-catalogue-july-2-9-2024-nsw-metro/,save_was_arithmetic,save_was_arithmetic;unit_price,2,verified
Coles,NSW METRO,"Coles Catalogue July 2 - 9, 2024 NSW METRO",2024-07-02,2024-07-09,4,Ferrero Collection 24 Pack Gift Box 269g or Ferrero Rocher 30 Pack Gift Box 375g,14.0,28.0,14.0,50.0,half_price,24 Pack; 269g; 30 Pack; 375g,,SAVE*14 | ‘WAS$28 | Ferrero Collection 24 Pack Gift | Box 269g or Ferrero Rocher | 30 Pack Gift Box 375g,96.61,False,,https://caau.syd1.cdn.digitaloceanspaces.com/wp-content/uploads/catalogue/coles/coles-catalogue-july-2-9-2024-nsw-metro/4.jpg,https://www.catalogueau.com/coles/#catalogue=coles/coles-catalogue-july-2-9-2024-nsw-metro/,save_was_arithmetic,displayed_price;save_was_arithmetic,2,verified
Coles,NSW METRO,"Coles Catalogue July 2 - 9, 2024 NSW METRO",2024-07-02,2024-07-09,4,Pascall Marshmallows 280g,2.5,5.0,2.5,50.0,half_price,280g,$0.89 per 100g,Pascall Marshmallows 280g | $0.89 per 100g | AN | e,94.43,True,offer_labels_missing;regular_and_save_inferred_from_half_price,https://caau.syd1.cdn.digitaloceanspaces.com/wp-content/uploads/catalogue/coles/coles-catalogue-july-2-9-2024-nsw-metro/4.jpg,https://www.catalogueau.com/coles/#catalogue=coles/coles-catalogue-july-2-9-2024-nsw-metro/,displayed_price,displayed_price;grid_inference;unit_price,2,review
Coles,NSW METRO,"Coles Catalogue July 2 - 9, 2024 NSW METRO",2024-07-02,2024-07-09,5,Cheezels 125g,1.75,3.5,1.75,50.0,half_price,125g,$1.40 per 100g,SAVES1.75 | WASS3.50 | Cheezels 125g | $1.40 per 100g | BETTER | 3 | 1 | e 28 +,93.35,False,,https://caau.syd1.cdn.digitaloceanspaces.com/wp-content/uploads/catalogue/coles/coles-catalogue-july-2-9-2024-nsw-metro/5.jpg,https://www.catalogueau.com/coles/#catalogue=coles/coles-catalogue-july-2-9-2024-nsw-metro/,save_was_arithmetic,displayed_price;save_was_arithmetic;unit_price,3,verified
Coles,NSW METRO,"Coles Catalogue July 2 - 9, 2024 NSW METRO",2024-07-02,2024-07-09,5,Popcorners 85g,1.9,3.8,1.9,50.0,half_price,85g,$2.24 per 100g,SAVES1.90 | WAS$3.80 | Popcorners 85g | $2.24 per 100g | Lin,79.0,True,low_name_confidence_strict,https://caau.syd1.cdn.digitaloceanspaces.com/wp-content/uploads/catalogue/coles/coles-catalogue-july-2-9-2024-nsw-metro/5.jpg,https://www.catalogueau.com/coles/#catalogue=coles/coles-catalogue-july-2-9-2024-nsw-metro/,save_was_arithmetic,displayed_price;save_was_arithmetic;unit_price,3,review
Coles,NSW METRO,"Coles Catalogue July 2 - 9, 2024 NSW METRO",2024-07-02,2024-07-09,5,Mars Chocolate Bar 35g-56g,1.1,2.2,1.1,50.0,half_price,35g; 56g,,SAVE 1.10 | ‘WAS§2.20 | Mars Chocolate Bar 35g-56g,93.9,False,,https://caau.syd1.cdn.digitaloceanspaces.com/wp-content/uploads/catalogue/coles/coles-catalogue-july-2-9-2024-nsw-metro/5.jpg,https://www.catalogueau.com/coles/#catalogue=coles/coles-catalogue-july-2-9-2024-nsw-metro/,save_was_arithmetic,displayed_price;save_was_arithmetic,2,verified
Coles,NSW METRO,"Coles Catalogue July 2 - 9, 2024 NSW METRO",2024-07-02,2024-07-09,5,Toblerone 360g,7.0,16.0,9.0,56.25,save_amount,360g,$1.94 per 100g,SAVES9 | WASS16 | Toblerone 360g | $1.94 per 100g | r | ee,96.52,False,,https://caau.syd1.cdn.digitaloceanspaces.com/wp-content/uploads/catalogue/coles/coles-catalogue-july-2-9-2024-nsw-metro/5.jpg,https://www.catalogueau.com/coles/#catalogue=coles/coles-catalogue-july-2-9-2024-nsw-metro/,save_was_arithmetic,displayed_price;save_was_arithmetic;unit_price,3,verified
Coles,NSW METRO,"Coles Catalogue July 2 - 9, 2024 NSW METRO",2024-07-02,2024-07-09,5,Lindt Cornet 327g-333g NEW,13.0,26.0,13.0,50.0,half_price,327g; 333g,,SAVE 13 | WASS26 | Lindt Cornet 327g-333g | NEW | l1]i{/ | 10.,79.0,True,low_name_confidence_strict,https://caau.syd1.cdn.digitaloceanspaces.com/wp-content/uploads/catalogue/coles/coles-catalogue-july-2-9-2024-nsw-metro/5.jpg,https://www.catalogueau.com/coles/#catalogue=coles/coles-catalogue-july-2-9-2024-nsw-metro/,save_was_arithmetic,displayed_price;save_was_arithmetic,2,review
Coles,NSW METRO,"Coles Catalogue July 2 - 9, 2024 NSW METRO",2024-07-02,2024-07-09,5,Arnott's Tim Tam Biscuits 165g-200g,4.0,5.0,1.0,20.0,save_amount,165g; 200g,,SAVE*1 | Arnott's Tim Tam Biscuits | 165g-200g | NSW-METRO-0307-24-252234,79.0,True,low_name_confidence_strict;single_price_evidence,https://caau.syd1.cdn.digitaloceanspaces.com/wp-content/uploads/catalogue/coles/coles-catalogue-july-2-9-2024-nsw-metro/5.jpg,https://www.catalogueau.com/coles/#catalogue=coles/coles-catalogue-july-2-9-2024-nsw-metro/,displayed_price,displayed_price,1,review
Coles,NSW METRO,"Coles Catalogue July 2 - 9, 2024 NSW METRO",2024-07-02,2024-07-09,5,Cadbury Dairy Milk Block Chocolate 160g-190g,4.0,6.0,2.0,33.33,save_amount,160g; 190g,,SAVES2 | Cadbury Dairy Milk Block | Chocolate 160g-190g | 4,94.65,True,single_price_evidence,https://caau.syd1.cdn.digitaloceanspaces.com/wp-content/uploads/catalogue/coles/coles-catalogue-july-2-9-2024-nsw-metro/5.jpg,https://www.catalogueau.com/coles/#catalogue=coles/coles-catalogue-july-2-9-2024-nsw-metro/,displayed_price,displayed_price,1,review
Coles,NSW METRO,"Coles Catalogue July 2 - 9, 2024 NSW METRO",2024-07-02,2024-07-09,5,Peckish Fancies Rice Crackers 90g,1.5,,,,special,90g,$1.67 per 100g,Peckish Fancies Rice Crackers | 90g $1.67 per 100g | a 79 | eS | an.,94.97,True,offer_labels_missing;save_amount_missing;regular_price_missing;inferred_price_requires_review,https://caau.syd1.cdn.digitaloceanspaces.com/wp-content/uploads/catalogue/coles/coles-catalogue-july-2-9-2024-nsw-metro/5.jpg,https://www.catalogueau.com/coles/#catalogue=coles/coles-catalogue-july-2-9-2024-nsw-metro/,unit_price,grid_inference;unit_price,1,review
Coles,NSW METRO,"Coles Catalogue July 2 - 9, 2024 NSW METRO",2024-07-02,2024-07-09,6,Uncle Tobys Big Bowl Oat Sachets 368g,3.25,6.5,3.25,50.0,half_price,368g,$0.88 per 100g,SAVE53.25 | WAS$6.50 | Uncle Tobys Big Bowl Oat Sachets 368g | $0.88 per 100g | FE | | | ~ VEGE 2,94.36,False,,https://caau.syd1.cdn.digitaloceanspaces.com/wp-content/uploads/catalogue/coles/coles-catalogue-july-2-9-2024-nsw-metro/6.jpg,https://www.catalogueau.com/coles/#catalogue=coles/coles-catalogue-july-2-9-2024-nsw-metro/,displayed_price,displayed_price;unit_price,2,verified
Coles,NSW METRO,"Coles Catalogue July 2 - 9, 2024 NSW METRO",2024-07-02,2024-07-09,6,Fibre One Bars 100g-120g or Nature Valley Bars 252g,3.45,6.9,3.45,50.0,half_price,100g; 120g; 252g,,SAVE53.45 | WASS6.90 | Fibre One Bars 100g-120g | or Nature Valley Bars 252g | NEW,95.12,True,single_price_evidence,https://caau.syd1.cdn.digitaloceanspaces.com/wp-content/uploads/catalogue/coles/coles-catalogue-july-2-9-2024-nsw-metro/6.jpg,https://www.catalogueau.com/coles/#catalogue=coles/coles-catalogue-july-2-9-2024-nsw-metro/,unknown,,0,review
Coles,NSW METRO,"Coles Catalogue July 2 - 9, 2024 NSW METRO",2024-07-02,2024-07-09,6,Vege Chips 100g or Rice Crackers 75g,2.45,4.9,2.45,50.0,half_price,100g; 75g,,SAVE52.45 | WAS$4.90 | Vege Chips 100g | or Rice Crackers 75g | SS | ice Se (EY,96.23,True,single_price_evidence,https://caau.syd1.cdn.digitaloceanspaces.com/wp-content/uploads/catalogue/coles/coles-catalogue-july-2-9-2024-nsw-metro/6.jpg,https://www.catalogueau.com/coles/#catalogue=coles/coles-catalogue-july-2-9-2024-nsw-metro/,displayed_price,displayed_price,1,review
Coles,NSW METRO,"Coles Catalogue July 2 - 9, 2024 NSW METRO",2024-07-02,2024-07-09,6,Kellogg's LCM Treatz 130g,3.0,6.0,3.0,50.0,half_price,130g,$2.31 per 100g,SAVES3 | WASS6 | Kellogg's LCM Treatz 130g | $2.31 per 100g | 6,94.36,False,,https://caau.syd1.cdn.digitaloceanspaces.com/wp-content/uploads/catalogue/coles/coles-catalogue-july-2-9-2024-nsw-metro/6.jpg,https://www.catalogueau.com/coles/#catalogue=coles/coles-catalogue-july-2-9-2024-nsw-metro/,save_was_arithmetic,displayed_price;save_was_arithmetic;unit_price,3,verified
Coles,NSW METRO,"Coles Catalogue July 2 - 9, 2024 NSW METRO",2024-07-02,2024-07-09,6,Twinings Tea Bags 80 Pack-100 Pack,6.75,13.5,6.75,50.0,half_price,80 Pack; 100 Pack,,SAVES6.75 | WASS$13.50 | Twinings Tea Bags | 80 Pack-100 Pack,94.55,True,single_price_evidence,https://caau.syd1.cdn.digitaloceanspaces.com/wp-content/uploads/catalogue/coles/coles-catalogue-july-2-9-2024-nsw-metro/6.jpg,https://www.catalogueau.com/coles/#catalogue=coles/coles-catalogue-july-2-9-2024-nsw-metro/,save_was_arithmetic,save_was_arithmetic,1,review
Coles,NSW METRO,"Coles Catalogue July 2 - 9, 2024 NSW METRO",2024-07-02,2024-07-09,6,Nice & Natural Nut Bars 180g-192g or Smoothie Bars 100g,4.2,5.5,1.3,23.64,save_amount,180g; 192g; 100g,,SAVE51.30 | WASS5.50 | Nice & Natural Nut Bars 180g-192g | or Smoothie Bars 100g | NSW-METRO-0307-24-252234,94.9,True,single_price_evidence,https://caau.syd1.cdn.digitaloceanspaces.com/wp-content/uploads/catalogue/coles/coles-catalogue-july-2-9-2024-nsw-metro/6.jpg,https://www.catalogueau.com/coles/#catalogue=coles/coles-catalogue-july-2-9-2024-nsw-metro/,unknown,,0,review
Coles,NSW METRO,"Coles Catalogue July 2 - 9, 2024 NSW METRO",2024-07-02,2024-07-09,6,Carman's Gourmet Clusters 450g,6.0,8.5,2.5,29.41,save_amount,450g,$1.33 per 100g,SAVE52.50 | WASS8.50 | Carman's Gourmet Clusters 450g | $1.33 per 100g | 5,94.62,False,,https://caau.syd1.cdn.digitaloceanspaces.com/wp-content/uploads/catalogue/coles/coles-catalogue-july-2-9-2024-nsw-metro/6.jpg,https://www.catalogueau.com/coles/#catalogue=coles/coles-catalogue-july-2-9-2024-nsw-metro/,displayed_price,displayed_price;unit_price,2,verified
Coles,NSW METRO,"Coles Catalogue July 2 - 9, 2024 NSW METRO",2024-07-02,2024-07-09,6,Bega Smooth or Crunchy Peanut Butter 375g,4.3,14.3,10.0,69.93,save_amount,375g,$1.15 per 100g,SAVE! 10 | Bega Smooth or Crunchy Peanut | Butter 375g $1.15 per 100g,96.41,False,,https://caau.syd1.cdn.digitaloceanspaces.com/wp-content/uploads/catalogue/coles/coles-catalogue-july-2-9-2024-nsw-metro/6.jpg,https://www.catalogueau.com/coles/#catalogue=coles/coles-catalogue-july-2-9-2024-nsw-metro/,displayed_price,displayed_price;unit_price,2,verified
Coles,NSW METRO,"Coles Catalogue July 2 - 9, 2024 NSW METRO",2024-07-02,2024-07-09,8,Coles GRAZE Lamb Half Leg Roast,1.1,4.0,2.9,72.5,save_amount,,,Coles GRAZE Lamb Half Leg Roast,96.43,True,offer_labels_missing;single_price_evidence,https://caau.syd1.cdn.digitaloceanspaces.com/wp-content/uploads/catalogue/coles/coles-catalogue-july-2-9-2024-nsw-metro/8.jpg,https://www.catalogueau.com/coles/#catalogue=coles/coles-catalogue-july-2-9-2024-nsw-metro/,unknown,,0,review
Coles,NSW METRO,"Coles Catalogue July 2 - 9, 2024 NSW METRO",2024-07-02,2024-07-09,8,Coles Australian Pork Thin Cut Loin Steaks 500g,8.0,10.0,2.0,20.0,save_amount,500g,$16.00 per kg,WASS10 | WASS10 | Coles Australian Pork Thin Cut | Loin Steaks 500g $16.00 per kg | —,96.27,True,single_price_evidence,https://caau.syd1.cdn.digitaloceanspaces.com/wp-content/uploads/catalogue/coles/coles-catalogue-july-2-9-2024-nsw-metro/8.jpg,https://www.catalogueau.com/coles/#catalogue=coles/coles-catalogue-july-2-9-2024-nsw-metro/,unit_price,unit_price,1,review
Coles,NSW METRO,"Coles Catalogue July 2 - 9, 2024 NSW METRO",2024-07-02,2024-07-09,8,Coles Australian No Added Hormones Beef Scotch Fillet Steak 2 Pack 480g,16.0,20.0,4.0,20.0,save_amount,2 Pack; 480g,$33.33 per kg,‘WAS$20 | ‘WAS$20 | Coles Australian No Added | Hormones Beef Scotch Fillet | Steak 2 Pack 480g $33.33 per kg,95.97,False,,https://caau.syd1.cdn.digitaloceanspaces.com/wp-content/uploads/catalogue/coles/coles-catalogue-july-2-9-2024-nsw-metro/8.jpg,https://www.catalogueau.com/coles/#catalogue=coles/coles-catalogue-july-2-9-2024-nsw-metro/,displayed_price,displayed_price;unit_price,2,verified
Coles,NSW METRO,"Coles Catalogue July 2 - 9, 2024 NSW METRO",2024-07-02,2024-07-09,8,"Coles Finest Beef, Garlic and Parsley Sausages 500g or Pork Loin Chops Lightly Marinated 450g >",15.0,,,,special,500g; 450g,,"Coles Finest Beef, Garlic and Parsley Sausages | 500g or Pork Loin Chops Lightly Marinated 450g > | Product sold uncooked",95.22,True,offer_labels_missing;save_amount_missing;regular_price_missing;single_price_evidence,https://caau.syd1.cdn.digitaloceanspaces.com/wp-content/uploads/catalogue/coles/coles-catalogue-july-2-9-2024-nsw-metro/8.jpg,https://www.catalogueau.com/coles/#catalogue=coles/coles-catalogue-july-2-9-2024-nsw-metro/,displayed_price,displayed_price,1,review
Coles,NSW METRO,"Coles Catalogue July 2 - 9, 2024 NSW METRO",2024-07-02,2024-07-09,8,Coles RSPCA Approved Chicken Stir Fry 600g,8.5,,,,special,600g,$14.17 per kg,Coles RSPCA Approved Chicken | Stir Fry 600g $14.17 per kg,95.7,True,single_price_evidence,https://caau.syd1.cdn.digitaloceanspaces.com/wp-content/uploads/catalogue/coles/coles-catalogue-july-2-9-2024-nsw-metro/8.jpg,https://www.catalogueau.com/coles/#catalogue=coles/coles-catalogue-july-2-9-2024-nsw-metro/,unit_price,unit_price,1,review
Coles,NSW METRO,"Coles Catalogue July 2 - 9, 2024 NSW METRO",2024-07-02,2024-07-09,8,Coles RSPCA Approved Chicken Mince 500g,5.5,,,,special,500g,$11.00 per kg,Coles RSPCA Approved Chicken | Mince 500g $11.00 per kg,96.42,False,,https://caau.syd1.cdn.digitaloceanspaces.com/wp-content/uploads/catalogue/coles/coles-catalogue-july-2-9-2024-nsw-metro/8.jpg,https://www.catalogueau.com/coles/#catalogue=coles/coles-catalogue-july-2-9-2024-nsw-metro/,displayed_price,displayed_price;unit_price,2,verified
Coles,NSW METRO,"Coles Catalogue July 2 - 9, 2024 NSW METRO",2024-07-02,2024-07-09,8,Coles Australian Pork Belly Roast Boneless,16.0,,,,special,,,Coles Australian Pork Belly | Roast Boneless,96.2,True,offer_labels_missing;save_amount_missing;regular_price_missing;single_price_evidence,https://caau.syd1.cdn.digitaloceanspaces.com/wp-content/uploads/catalogue/coles/coles-catalogue-july-2-9-2024-nsw-metro/8.jpg,https://www.catalogueau.com/coles/#catalogue=coles/coles-catalogue-july-2-9-2024-nsw-metro/,displayed_price,displayed_price,1,review
Coles,NSW METRO,"Coles Catalogue July 2 - 9, 2024 NSW METRO",2024-07-02,2024-07-09,8,Coles Australian No Added Hormones Beef Blade Roast,13.0,,,,special,,,Coles Australian No Added | Hormones Beef Blade Roast,96.3,True,offer_labels_missing;save_amount_missing;regular_price_missing;single_price_evidence,https://caau.syd1.cdn.digitaloceanspaces.com/wp-content/uploads/catalogue/coles/coles-catalogue-july-2-9-2024-nsw-metro/8.jpg,https://www.catalogueau.com/coles/#catalogue=coles/coles-catalogue-july-2-9-2024-nsw-metro/,displayed_price,displayed_price,1,review
Coles,NSW METRO,"Coles Catalogue July 2 - 9, 2024 NSW METRO",2024-07-02,2024-07-09,8,Coles Australian No Added Hormones Beef Chuck Casserole Steak 850g,12.75,,,,special,850g,$15.00 per kg,Coles Australian No Added | Hormones Beef Chuck Casserole | Steak 850g $15.00 per kg | NSW-METRO-0307-24-252234,96.25,False,,https://caau.syd1.cdn.digitaloceanspaces.com/wp-content/uploads/catalogue/coles/coles-catalogue-july-2-9-2024-nsw-metro/8.jpg,https://www.catalogueau.com/coles/#catalogue=coles/coles-catalogue-july-2-9-2024-nsw-metro/,displayed_price,displayed_price;unit_price,2,verified
Coles,NSW METRO,"Coles Catalogue July 2 - 9, 2024 NSW METRO",2024-07-02,2024-07-09,8,Coles Made Easy Slow Cooked Lamb Shoulder with Garlic & Herbs 550g,11.5,,,,special,550g,$20.91 per kg,Coles Made Easy Slow Cooked | Lamb Shoulder with Garlic & Herbs | 550g $20.91 per kg,96.12,False,,https://caau.syd1.cdn.digitaloceanspaces.com/wp-content/uploads/catalogue/coles/coles-catalogue-july-2-9-2024-nsw-metro/8.jpg,https://www.catalogueau.com/coles/#catalogue=coles/coles-catalogue-july-2-9-2024-nsw-metro/,displayed_price,displayed_price;unit_price,2,verified
Coles,NSW METRO,"Coles Catalogue July 2 - 9, 2024 NSW METRO",2024-07-02,2024-07-09,10,Coles Australian Dry Roasted or Natural Almonds 750g Pack,10.0,13.0,3.0,23.08,save_amount,750g,$13.33 per kg,WASS$13 | WASS$13 | Coles Australian Dry Roasted | or Natural Almonds 750g Pack | $13.33 per kg | — | —,96.3,False,,https://caau.syd1.cdn.digitaloceanspaces.com/wp-content/uploads/catalogue/coles/coles-catalogue-july-2-9-2024-nsw-metro/10.jpg,https://www.catalogueau.com/coles/#catalogue=coles/coles-catalogue-july-2-9-2024-nsw-metro/,displayed_price,displayed_price;unit_price,2,verified
Coles,NSW METRO,"Coles Catalogue July 2 - 9, 2024 NSW METRO",2024-07-02,2024-07-09,10,Australian Cara Cara Oranges,2.9,,,,special,,,Australian Cara Cara Oranges,95.95,True,offer_labels_missing;save_amount_missing;regular_price_missing;single_price_evidence,https://caau.syd1.cdn.digitaloceanspaces.com/wp-content/uploads/catalogue/coles/coles-catalogue-july-2-9-2024-nsw-metro/10.jpg,https://www.catalogueau.com/coles/#catalogue=coles/coles-catalogue-july-2-9-2024-nsw-metro/,displayed_price,displayed_price,1,review
Coles,NSW METRO,"Coles Catalogue July 2 - 9, 2024 NSW METRO",2024-07-02,2024-07-09,10,Coles Australian I'm Perfect Pears 1.5kg Bag,3.9,,,,special,1.5kg,$2.60 per kg,Coles Australian I'm Perfect Pears | 1.5kg Bag $2.60 per kg | a,95.67,False,,https://caau.syd1.cdn.digitaloceanspaces.com/wp-content/uploads/catalogue/coles/coles-catalogue-july-2-9-2024-nsw-metro/10.jpg,https://www.catalogueau.com/coles/#catalogue=coles/coles-catalogue-july-2-9-2024-nsw-metro/,displayed_price,displayed_price;unit_price,2,verified
Coles,NSW METRO,"Coles Catalogue July 2 - 9, 2024 NSW METRO",2024-07-02,2024-07-09,10,Coles Australian Baby Broccoli Bunch,2.9,,,,special,,,Coles Australian Baby Broccoli | Bunch,96.31,True,offer_labels_missing;save_amount_missing;regular_price_missing;single_price_evidence,https://caau.syd1.cdn.digitaloceanspaces.com/wp-content/uploads/catalogue/coles/coles-catalogue-july-2-9-2024-nsw-metro/10.jpg,https://www.catalogueau.com/coles/#catalogue=coles/coles-catalogue-july-2-9-2024-nsw-metro/,displayed_price,displayed_price,1,review
Coles,NSW METRO,"Coles Catalogue July 2 - 9, 2024 NSW METRO",2024-07-02,2024-07-09,10,Coles Australian Brussels Sprouts 400g Pack,3.5,,,,special,400g,$8.75 per kg,Coles Australian Brussels | Sprouts 400g Pack | $8.75 per kg,96.47,False,,https://caau.syd1.cdn.digitaloceanspaces.com/wp-content/uploads/catalogue/coles/coles-catalogue-july-2-9-2024-nsw-metro/10.jpg,https://www.catalogueau.com/coles/#catalogue=coles/coles-catalogue-july-2-9-2024-nsw-metro/,displayed_price,displayed_price;unit_price,2,verified
Coles,NSW METRO,"Coles Catalogue July 2 - 9, 2024 NSW METRO",2024-07-02,2024-07-09,12,Golden Crumpet Rounds 6 Pack 300g,2.2,4.4,2.2,50.0,half_price,6 Pack; 300g,$0.73 per 100g,SAVE52.20 | WASS4.40 | Golden Crumpet Rounds 6 Pack | 300g $0.73 per 100g,96.31,True,single_price_evidence,https://caau.syd1.cdn.digitaloceanspaces.com/wp-content/uploads/catalogue/coles/coles-catalogue-july-2-9-2024-nsw-metro/12.jpg,https://www.catalogueau.com/coles/#catalogue=coles/coles-catalogue-july-2-9-2024-nsw-metro/,unit_price,unit_price,1,review
Coles,NSW METRO,"Coles Catalogue July 2 - 9, 2024 NSW METRO",2024-07-02,2024-07-09,12,Coles Bakery Pizza Roll 2 Pack,3.65,415.0,411.35,99.12,save_amount,2 Pack,$1.83 per each,SAVE 50° | WAS$415 | Coles Bakery Pizza Roll 2 Pack | $1.83 per each | Selected stores only,96.15,False,,https://caau.syd1.cdn.digitaloceanspaces.com/wp-content/uploads/catalogue/coles/coles-catalogue-july-2-9-2024-nsw-metro/12.jpg,https://www.catalogueau.com/coles/#catalogue=coles/coles-catalogue-july-2-9-2024-nsw-metro/,displayed_price,displayed_price;unit_price,2,verified
Coles,NSW METRO,"Coles Catalogue July 2 - 9, 2024 NSW METRO",2024-07-02,2024-07-09,12,Coles Madeira Cakes 315g-450g,3.1,3.45,0.35,10.14,save_amount,315g; 450g,,WAS $3.45 | WAS $3.45 | MAY 2024 | Coles Madeira Cakes 315g-450g,93.44,True,single_price_evidence,https://caau.syd1.cdn.digitaloceanspaces.com/wp-content/uploads/catalogue/coles/coles-catalogue-july-2-9-2024-nsw-metro/12.jpg,https://www.catalogueau.com/coles/#catalogue=coles/coles-catalogue-july-2-9-2024-nsw-metro/,displayed_price,displayed_price,1,review
Coles,NSW METRO,"Coles Catalogue July 2 - 9, 2024 NSW METRO",2024-07-02,2024-07-09,12,Coles Bakery Iced Donuts 6 Pack,3.25,3.8,0.55,14.47,save_amount,6 Pack,$0.54 per each,SAVE55¢ | WAS$3.80 | Coles Bakery Iced Donuts | 6 Pack $0.54 per each. | Selected stores only | a,96.23,False,,https://caau.syd1.cdn.digitaloceanspaces.com/wp-content/uploads/catalogue/coles/coles-catalogue-july-2-9-2024-nsw-metro/12.jpg,https://www.catalogueau.com/coles/#catalogue=coles/coles-catalogue-july-2-9-2024-nsw-metro/,displayed_price,displayed_price;unit_price,2,verified
Coles,NSW METRO,"Coles Catalogue July 2 - 9, 2024 NSW METRO",2024-07-02,2024-07-09,12,Coles Bakery Apple or Banoffee Turnover From the Patisserie fridge,0.9,4.5,3.6,80.0,save_amount,,,Coles Bakery Apple or Banoffee | Turnover From the Patisserie fridge | Selected stores only | =,95.15,True,single_price_evidence,https://caau.syd1.cdn.digitaloceanspaces.com/wp-content/uploads/catalogue/coles/coles-catalogue-july-2-9-2024-nsw-metro/12.jpg,https://www.catalogueau.com/coles/#catalogue=coles/coles-catalogue-july-2-9-2024-nsw-metro/,unknown,,0,review
Coles,NSW METRO,"Coles Catalogue July 2 - 9, 2024 NSW METRO",2024-07-02,2024-07-09,12,Tip Top The One 700g,4.4,,,,special,700g,$0.63 per 100g,Tip Top The One 700g | $0.63 per 100g,96.28,False,,https://caau.syd1.cdn.digitaloceanspaces.com/wp-content/uploads/catalogue/coles/coles-catalogue-july-2-9-2024-nsw-metro/12.jpg,https://www.catalogueau.com/coles/#catalogue=coles/coles-catalogue-july-2-9-2024-nsw-metro/,displayed_price,displayed_price;unit_price,2,verified
Coles,NSW METRO,"Coles Catalogue July 2 - 9, 2024 NSW METRO",2024-07-02,2024-07-09,12,Coles Bakery Loaf 680g,2.9,,,,special,680g,$0.43 per 100g,Coles Bakery Loaf 680g | $0.43 per 100g. | 10g | Selected stores only,96.42,True,single_price_evidence,https://caau.syd1.cdn.digitaloceanspaces.com/wp-content/uploads/catalogue/coles/coles-catalogue-july-2-9-2024-nsw-metro/12.jpg,https://www.catalogueau.com/coles/#catalogue=coles/coles-catalogue-july-2-9-2024-nsw-metro/,unit_price,unit_price,1,review
Coles,NSW METRO,"Coles Catalogue July 2 - 9, 2024 NSW METRO",2024-07-02,2024-07-09,12,Coles Bakery Rustic Baguette Selected stores only,2.0,,,,special,,,Coles Bakery Rustic Baguette | Selected stores only | 11,96.36,True,offer_labels_missing;save_amount_missing;regular_price_missing;single_price_evidence,https://caau.syd1.cdn.digitaloceanspaces.com/wp-content/uploads/catalogue/coles/coles-catalogue-july-2-9-2024-nsw-metro/12.jpg,https://www.catalogueau.com/coles/#catalogue=coles/coles-catalogue-july-2-9-2024-nsw-metro/,displayed_price,displayed_price,1,review
Coles,NSW METRO,"Coles Catalogue July 2 - 9, 2024 NSW METRO",2024-07-02,2024-07-09,13,Bertocchi Long Cut or Short Cut Bacon 400g,8.0,,,,special,400g,$20.00 per kg,Bertocchi Long Cut or Short Cut | Bacon 400g $20.00 per kg | $290,95.69,False,,https://caau.syd1.cdn.digitaloceanspaces.com/wp-content/uploads/catalogue/coles/coles-catalogue-july-2-9-2024-nsw-metro/13.jpg,https://www.catalogueau.com/coles/#catalogue=coles/coles-catalogue-july-2-9-2024-nsw-metro/,displayed_price,displayed_price;unit_price,2,verified
Coles,NSW METRO,"Coles Catalogue July 2 - 9, 2024 NSW METRO",2024-07-02,2024-07-09,13,Bertocchi Mortadella Selected stores only*,11.0,,,,special,,,Bertocchi Mortadella | Selected stores only*,93.25,True,offer_labels_missing;save_amount_missing;regular_price_missing;single_price_evidence,https://caau.syd1.cdn.digitaloceanspaces.com/wp-content/uploads/catalogue/coles/coles-catalogue-july-2-9-2024-nsw-metro/13.jpg,https://www.catalogueau.com/coles/#catalogue=coles/coles-catalogue-july-2-9-2024-nsw-metro/,displayed_price,displayed_price,1,review
Coles,NSW METRO,"Coles Catalogue July 2 - 9, 2024 NSW METRO",2024-07-02,2024-07-09,13,Bertocchi Soppressa Selected stores only*,29.0,,,,special,,,Bertocchi Soppressa | Selected stores only*. | On sale for 2 weeks,92.53,True,offer_labels_missing;save_amount_missing;regular_price_missing;single_price_evidence,https://caau.syd1.cdn.digitaloceanspaces.com/wp-content/uploads/catalogue/coles/coles-catalogue-july-2-9-2024-nsw-metro/13.jpg,https://www.catalogueau.com/coles/#catalogue=coles/coles-catalogue-july-2-9-2024-nsw-metro/,displayed_price,displayed_price,1,review
Coles,NSW METRO,"Coles Catalogue July 2 - 9, 2024 NSW METRO",2024-07-02,2024-07-09,13,Bertocchi Triple Smoked Leg Ham Selected stores only*,28.0,,,,special,,,Bertocchi Triple Smoked Leg Ham | Selected stores only* | ae,94.77,True,offer_labels_missing;save_amount_missing;regular_price_missing;single_price_evidence,https://caau.syd1.cdn.digitaloceanspaces.com/wp-content/uploads/catalogue/coles/coles-catalogue-july-2-9-2024-nsw-metro/13.jpg,https://www.catalogueau.com/coles/#catalogue=coles/coles-catalogue-july-2-9-2024-nsw-metro/,displayed_price,displayed_price,1,review
Coles,NSW METRO,"Coles Catalogue July 2 - 9, 2024 NSW METRO",2024-07-02,2024-07-09,14,Coles Australian MSC Thawed Raw Banana Prawns,15.0,20.15,5.15,25.56,save_amount,,,WASS2015 | WASS2015 | Coles Australian MSC | Thawed Raw Banana Prawns | Selected stores only* | | <>. TF Bonus | | A808,95.94,True,single_price_evidence,https://caau.syd1.cdn.digitaloceanspaces.com/wp-content/uploads/catalogue/coles/coles-catalogue-july-2-9-2024-nsw-metro/14.jpg,https://www.catalogueau.com/coles/#catalogue=coles/coles-catalogue-july-2-9-2024-nsw-metro/,displayed_price,displayed_price,1,review
Coles,NSW METRO,"Coles Catalogue July 2 - 9, 2024 NSW METRO",2024-07-02,2024-07-09,14,Coles Tasmanian Fresh Salmon Portions Skin Off 2nd week on,42.0,46.14,4.14,8.97,save_amount,,,WAS $4614 | WAS $4614 | Coles Tasmanian Fresh Salmon | Portions Skin Off 2nd week on | sale. Selected stores only* | Bonus,96.31,True,single_price_evidence,https://caau.syd1.cdn.digitaloceanspaces.com/wp-content/uploads/catalogue/coles/coles-catalogue-july-2-9-2024-nsw-metro/14.jpg,https://www.catalogueau.com/coles/#catalogue=coles/coles-catalogue-july-2-9-2024-nsw-metro/,displayed_price,displayed_price,1,review
Coles,NSW METRO,"Coles Catalogue July 2 - 9, 2024 NSW METRO",2024-07-02,2024-07-09,14,Primo Cabanossi Selected stores only*,2.3,3.0,0.7,23.33,save_amount,,,WAS$3 | WAS$3 | Primo Cabanossi | Selected stores only* | AUSTRALIAN,93.27,True,single_price_evidence,https://caau.syd1.cdn.digitaloceanspaces.com/wp-content/uploads/catalogue/coles/coles-catalogue-july-2-9-2024-nsw-metro/14.jpg,https://www.catalogueau.com/coles/#catalogue=coles/coles-catalogue-july-2-9-2024-nsw-metro/,displayed_price,displayed_price,1,review
Coles,NSW METRO,"Coles Catalogue July 2 - 9, 2024 NSW METRO",2024-07-02,2024-07-09,14,Primo Rindless Short Cut Bacon Tkg,14.0,21.6,7.6,35.19,save_amount,,$14.00 per kg,WASS$21.60 | WASS$21.60 | Primo Rindless Short Cut Bacon | Tkg $14.00 per kg. | *See page 24 forT&Cs,79.0,True,low_name_confidence_strict;single_price_evidence,https://caau.syd1.cdn.digitaloceanspaces.com/wp-content/uploads/catalogue/coles/coles-catalogue-july-2-9-2024-nsw-metro/14.jpg,https://www.catalogueau.com/coles/#catalogue=coles/coles-catalogue-july-2-9-2024-nsw-metro/,displayed_price,displayed_price,1,review
Coles,NSW METRO,"Coles Catalogue July 2 - 9, 2024 NSW METRO",2024-07-02,2024-07-09,14,Tassal Smoked Salmon 100g,8.5,11.5,3.0,26.09,save_amount,100g,$85.00 per kg,WASS$11.50 | WASS$11.50 | Tassal Smoked Salmon 100g | $85.00 per kg | a | —— | $720,95.05,True,single_price_evidence,https://caau.syd1.cdn.digitaloceanspaces.com/wp-content/uploads/catalogue/coles/coles-catalogue-july-2-9-2024-nsw-metro/14.jpg,https://www.catalogueau.com/coles/#catalogue=coles/coles-catalogue-july-2-9-2024-nsw-metro/,unit_price,unit_price,1,review
Coles,NSW METRO,"Coles Catalogue July 2 - 9, 2024 NSW METRO",2024-07-02,2024-07-09,14,Coles Australian Roast Chicken Breast Shredded 150g,5.0,6.0,1.0,16.67,save_amount,150g,$33.33 per kg,WASS6 | WASS6 | Coles Australian Roast Chicken | Breast Shredded 150g $33.33 per kg,95.92,False,,https://caau.syd1.cdn.digitaloceanspaces.com/wp-content/uploads/catalogue/coles/coles-catalogue-july-2-9-2024-nsw-metro/14.jpg,https://www.catalogueau.com/coles/#catalogue=coles/coles-catalogue-july-2-9-2024-nsw-metro/,displayed_price,displayed_price;unit_price,2,verified
Coles,NSW METRO,"Coles Catalogue July 2 - 9, 2024 NSW METRO",2024-07-02,2024-07-09,14,Riverview Farms Australian Hot Roast Pork Selected stores only,20.0,,,,special,,,Riverview Farms Australian Hot Roast Pork | Selected stores only | =,87.7,True,offer_labels_missing;save_amount_missing;regular_price_missing;single_price_evidence,https://caau.syd1.cdn.digitaloceanspaces.com/wp-content/uploads/catalogue/coles/coles-catalogue-july-2-9-2024-nsw-metro/14.jpg,https://www.catalogueau.com/coles/#catalogue=coles/coles-catalogue-july-2-9-2024-nsw-metro/,displayed_price,displayed_price,1,review
Coles,NSW METRO,"Coles Catalogue July 2 - 9, 2024 NSW METRO",2024-07-02,2024-07-09,16,Uncle Tobys Muesli Bar 185g or Roll Ups 94g,2.75,5.5,2.75,50.0,half_price,185g; 94g,,SAVES2.75 | WASS$5.50 | Uncle Tobys Muesli Bar 185g | or Roll Ups 94g | H,95.39,True,single_price_evidence,https://caau.syd1.cdn.digitaloceanspaces.com/wp-content/uploads/catalogue/coles/coles-catalogue-july-2-9-2024-nsw-metro/16.jpg,https://www.catalogueau.com/coles/#catalogue=coles/coles-catalogue-july-2-9-2024-nsw-metro/,save_was_arithmetic,save_was_arithmetic,1,review
Coles,NSW METRO,"Coles Catalogue July 2 - 9, 2024 NSW METRO",2024-07-02,2024-07-09,16,Sistema Klip It Plus Container 400mL,1.85,3.7,1.85,50.0,half_price,400mL,$1.85 per each,SAVE‘1.85 | WASS3.70 | Sistema Klip It Plus Container 400mL | $1.85 per each,94.4,False,,https://caau.syd1.cdn.digitaloceanspaces.com/wp-content/uploads/catalogue/coles/coles-catalogue-july-2-9-2024-nsw-metro/16.jpg,https://www.catalogueau.com/coles/#catalogue=coles/coles-catalogue-july-2-9-2024-nsw-metro/,save_was_arithmetic,save_was_arithmetic;unit_price,2,verified
Coles,NSW METRO,"Coles Catalogue July 2 - 9, 2024 NSW METRO",2024-07-02,2024-07-09,16,Cottee's Cordial 1 Litre,4.7,5.9,1.2,20.34,save_amount,1 Litre,$4.70 per litre,"SAVE*1.20 | WASS5.90 | Cottee's Cordial 1 Litre | $4.70 per litre | { @,| @, | G | ii | @p",94.63,False,,https://caau.syd1.cdn.digitaloceanspaces.com/wp-content/uploads/catalogue/coles/coles-catalogue-july-2-9-2024-nsw-metro/16.jpg,https://www.catalogueau.com/coles/#catalogue=coles/coles-catalogue-july-2-9-2024-nsw-metro/,save_was_arithmetic,displayed_price;save_was_arithmetic;unit_price,3,verified
Coles,NSW METRO,"Coles Catalogue July 2 - 9, 2024 NSW METRO",2024-07-02,2024-07-09,16,Frantelle Spring Water 24x600mL,11.0,18.4,7.4,40.22,save_amount,24x600mL,$0.76 per litre,WASS18.40 | WASS18.40 | Frantelle Spring Water 24x600mL | $0.76 per litre | wm | | ~ | § Gluten Free,92.91,True,single_price_evidence,https://caau.syd1.cdn.digitaloceanspaces.com/wp-content/uploads/catalogue/coles/coles-catalogue-july-2-9-2024-nsw-metro/16.jpg,https://www.catalogueau.com/coles/#catalogue=coles/coles-catalogue-july-2-9-2024-nsw-metro/,displayed_price,displayed_price,1,review
Coles,NSW METRO,"Coles Catalogue July 2 - 9, 2024 NSW METRO",2024-07-02,2024-07-09,16,Golden Circle Tetra Fruit Drink 6x250mL,8.0,10.2,2.2,21.57,save_amount,6x250mL,$2.67 per litre,SAVE 2.20 | Golden Circle Tetra Fruit | Drink 6x250mL | $2.67 per litre. | 2nd week on sale | NSW-METRO-0307-24-252234,94.51,True,unit_price_conflict;single_price_evidence,https://caau.syd1.cdn.digitaloceanspaces.com/wp-content/uploads/catalogue/coles/coles-catalogue-july-2-9-2024-nsw-metro/16.jpg,https://www.catalogueau.com/coles/#catalogue=coles/coles-catalogue-july-2-9-2024-nsw-metro/,displayed_price,displayed_price,1,review
Coles,NSW METRO,"Coles Catalogue July 2 - 9, 2024 NSW METRO",2024-07-02,2024-07-09,16,Carman's Protein Porridge Cups 4 Pack 200g,10.0,12.0,2.0,16.67,save_amount,4 Pack; 200g,$5.00 per 100g,WAS$12 | WAS$12 | APR 2024 | Carman's Protein | Porridge Cups 4 Pack | 200g $5.00 per 100g | 15,95.76,False,,https://caau.syd1.cdn.digitaloceanspaces.com/wp-content/uploads/catalogue/coles/coles-catalogue-july-2-9-2024-nsw-metro/16.jpg,https://www.catalogueau.com/coles/#catalogue=coles/coles-catalogue-july-2-9-2024-nsw-metro/,displayed_price,displayed_price;unit_price,2,verified
Coles,NSW METRO,"Coles Catalogue July 2 - 9, 2024 NSW METRO",2024-07-02,2024-07-09,16,Kellogg's Gluten Free Special K 330g or Coco Pops 390g,6.7,8.4,1.7,20.24,save_amount,330g; 390g,,SAVE*1.70 | WASS8.40 | Kellogg's Gluten Free | Special K 330g or | Coco Pops 390g | 15,95.73,False,,https://caau.syd1.cdn.digitaloceanspaces.com/wp-content/uploads/catalogue/coles/coles-catalogue-july-2-9-2024-nsw-metro/16.jpg,https://www.catalogueau.com/coles/#catalogue=coles/coles-catalogue-july-2-9-2024-nsw-metro/,save_was_arithmetic,displayed_price;save_was_arithmetic,2,verified
Coles,NSW METRO,"Coles Catalogue July 2 - 9, 2024 NSW METRO",2024-07-02,2024-07-09,16,Fantastic Delites Rice Snack Crackers 100g,2.2,2.8,0.6,21.43,save_amount,100g,$2.20 per 100g,SAVE 60‘ | WASS$2.80 | Fantastic Delites Rice | Snack Crackers 100g | $2.20 per 100g,95.23,False,,https://caau.syd1.cdn.digitaloceanspaces.com/wp-content/uploads/catalogue/coles/coles-catalogue-july-2-9-2024-nsw-metro/16.jpg,https://www.catalogueau.com/coles/#catalogue=coles/coles-catalogue-july-2-9-2024-nsw-metro/,displayed_price,displayed_price;unit_price,2,verified
Coles,NSW METRO,"Coles Catalogue July 2 - 9, 2024 NSW METRO",2024-07-02,2024-07-09,16,Smash Fashion Tritan Bottle 700mL,6.3,,,,special,700mL,,Smash Fashion Tritan Bottle | 700mL | Sees | & | rates,93.37,True,offer_labels_missing;save_amount_missing;regular_price_missing;inferred_price_requires_review,https://caau.syd1.cdn.digitaloceanspaces.com/wp-content/uploads/catalogue/coles/coles-catalogue-july-2-9-2024-nsw-metro/16.jpg,https://www.catalogueau.com/coles/#catalogue=coles/coles-catalogue-july-2-9-2024-nsw-metro/,displayed_price,displayed_price;grid_inference,1,review
Coles,NSW METRO,"Coles Catalogue July 2 - 9, 2024 NSW METRO",2024-07-02,2024-07-09,17,Golden Circle Juice 2 Litre,3.5,4.8,1.3,27.08,save_amount,2 Litre,$1.75 per litre,"SAVES1.30 | WAS$4.80 | Golden Circle Juice 2 Litre | $1.75 per litre. Excludes Pineapple, | Grape, Orange and Orange & | Mango. On sale for 2 weeks",96.37,False,,https://caau.syd1.cdn.digitaloceanspaces.com/wp-content/uploads/catalogue/coles/coles-catalogue-july-2-9-2024-nsw-metro/17.jpg,https://www.catalogueau.com/coles/#catalogue=coles/coles-catalogue-july-2-9-2024-nsw-metro/,save_was_arithmetic,displayed_price;save_was_arithmetic;unit_price,3,verified
Coles,NSW METRO,"Coles Catalogue July 2 - 9, 2024 NSW METRO",2024-07-02,2024-07-09,17,Kellogg's LCMs or Nutri Grain Bars 5 Pack 100g-110g,2.25,4.5,2.25,50.0,half_price,5 Pack; 100g; 110g,,SAVES2.25 | WASS4.50 | Kellogg's LCMs or Nutri Grain | Bars 5 Pack 100g-110g,93.56,False,,https://caau.syd1.cdn.digitaloceanspaces.com/wp-content/uploads/catalogue/coles/coles-catalogue-july-2-9-2024-nsw-metro/17.jpg,https://www.catalogueau.com/coles/#catalogue=coles/coles-catalogue-july-2-9-2024-nsw-metro/,save_was_arithmetic,displayed_price;save_was_arithmetic,2,verified
Coles,NSW METRO,"Coles Catalogue July 2 - 9, 2024 NSW METRO",2024-07-02,2024-07-09,17,Arnott's Salada Crispbread 250g,3.0,4.0,1.0,25.0,save_amount,250g,$1.20 per 100g,SAVES1 | WASS4 | Arnott's Salada Crispbread 250g | $1.20 per 100g | Ry | siamese,94.86,False,,https://caau.syd1.cdn.digitaloceanspaces.com/wp-content/uploads/catalogue/coles/coles-catalogue-july-2-9-2024-nsw-metro/17.jpg,https://www.catalogueau.com/coles/#catalogue=coles/coles-catalogue-july-2-9-2024-nsw-metro/,save_was_arithmetic,displayed_price;save_was_arithmetic;unit_price,3,verified
Coles,NSW METRO,"Coles Catalogue July 2 - 9, 2024 NSW METRO",2024-07-02,2024-07-09,17,Arnott's Creams Biscuits 200g-250g,6.0,8.0,2.0,25.0,save_amount,200g; 250g,,SAVES2 | Arnott's Creams Biscuits | 200g-250g | Ga) | atk | 7 | ‘ Wea,93.57,True,single_price_evidence,https://caau.syd1.cdn.digitaloceanspaces.com/wp-content/uploads/catalogue/coles/coles-catalogue-july-2-9-2024-nsw-metro/17.jpg,https://www.catalogueau.com/coles/#catalogue=coles/coles-catalogue-july-2-9-2024-nsw-metro/,displayed_price,displayed_price,1,review
Coles,NSW METRO,"Coles Catalogue July 2 - 9, 2024 NSW METRO",2024-07-02,2024-07-09,17,Amott's Clix or Jatz Crackers 225g-250g,6.0,8.0,2.0,25.0,save_amount,225g; 250g,,SAVES2 | Amott's Clix or Jatz Crackers | 225g-250g | —S_ | siamese,89.87,True,single_price_evidence,https://caau.syd1.cdn.digitaloceanspaces.com/wp-content/uploads/catalogue/coles/coles-catalogue-july-2-9-2024-nsw-metro/17.jpg,https://www.catalogueau.com/coles/#catalogue=coles/coles-catalogue-july-2-9-2024-nsw-metro/,displayed_price,displayed_price,1,review
Coles,NSW METRO,"Coles Catalogue July 2 - 9, 2024 NSW METRO",2024-07-02,2024-07-09,17,Sunbites Snack Crackers 105g-110g,2.5,3.3,0.8,24.24,save_amount,105g; 110g,,WAS $3.30 | WAS $3.30 | MAY 2024 | Sunbites Snack Crackers | 105g-110g | 16,92.74,True,single_price_evidence,https://caau.syd1.cdn.digitaloceanspaces.com/wp-content/uploads/catalogue/coles/coles-catalogue-july-2-9-2024-nsw-metro/17.jpg,https://www.catalogueau.com/coles/#catalogue=coles/coles-catalogue-july-2-9-2024-nsw-metro/,displayed_price,displayed_price,1,review
Coles,NSW METRO,"Coles Catalogue July 2 - 9, 2024 NSW METRO",2024-07-02,2024-07-09,17,Arnott's Lunch To Go Crispbreads 68g-138g,4.8,6.0,1.2,20.0,save_amount,68g; 138g,,SAVE *1.20 | WASS6 | Arnott's Lunch To Go | Crispbreads 68g-138g | NSW-METRO-0307-24-252234,92.44,True,single_price_evidence,https://caau.syd1.cdn.digitaloceanspaces.com/wp-content/uploads/catalogue/coles/coles-catalogue-july-2-9-2024-nsw-metro/17.jpg,https://www.catalogueau.com/coles/#catalogue=coles/coles-catalogue-july-2-9-2024-nsw-metro/,save_was_arithmetic,save_was_arithmetic,1,review
Coles,NSW METRO,"Coles Catalogue July 2 - 9, 2024 NSW METRO",2024-07-02,2024-07-09,17,Nutella Cream Biscuits 193g,4.8,6.0,1.2,20.0,save_amount,193g,$2.49 per 100g,SAVE*1.20 | WASS6 | Nutella Cream Biscuits | 193g $2.49 per 100g | 16,96.65,False,,https://caau.syd1.cdn.digitaloceanspaces.com/wp-content/uploads/catalogue/coles/coles-catalogue-july-2-9-2024-nsw-metro/17.jpg,https://www.catalogueau.com/coles/#catalogue=coles/coles-catalogue-july-2-9-2024-nsw-metro/,save_was_arithmetic,displayed_price;save_was_arithmetic;unit_price,3,verified
Coles,NSW METRO,"Coles Catalogue July 2 - 9, 2024 NSW METRO",2024-07-02,2024-07-09,17,Cheezels or Parkers Pretzels 6 Pack or Grainwaves 5 Pack,7.0,8.0,1.0,12.5,save_amount,6 Pack; 5 Pack,,SAVE‘1 | Cheezels or Parkers | Pretzels 6 Pack or | Grainwaves 5 Pack,79.0,True,low_name_confidence_strict;single_price_evidence,https://caau.syd1.cdn.digitaloceanspaces.com/wp-content/uploads/catalogue/coles/coles-catalogue-july-2-9-2024-nsw-metro/17.jpg,https://www.catalogueau.com/coles/#catalogue=coles/coles-catalogue-july-2-9-2024-nsw-metro/,displayed_price,displayed_price,1,review
Coles,NSW METRO,"Coles Catalogue July 2 - 9, 2024 NSW METRO",2024-07-02,2024-07-09,18,Grainwaves 170g,2.4,4.8,2.4,50.0,half_price,170g,$1.41 per 100g,SAVE 52.40 | WASS4.80 | Grainwaves 170g | $1.41 per 100g,93.64,False,,https://caau.syd1.cdn.digitaloceanspaces.com/wp-content/uploads/catalogue/coles/coles-catalogue-july-2-9-2024-nsw-metro/18.jpg,https://www.catalogueau.com/coles/#catalogue=coles/coles-catalogue-july-2-9-2024-nsw-metro/,save_was_arithmetic,displayed_price;save_was_arithmetic;unit_price,3,verified
Coles,NSW METRO,"Coles Catalogue July 2 - 9, 2024 NSW METRO",2024-07-02,2024-07-09,18,CC's Corn Chips 175g or Cornados 110g,3.5,5.0,1.5,30.0,save_amount,175g; 110g,,SAVES1.50 | CC's Corn Chips 175g | or Cornados 110g,90.92,True,single_price_evidence,https://caau.syd1.cdn.digitaloceanspaces.com/wp-content/uploads/catalogue/coles/coles-catalogue-july-2-9-2024-nsw-metro/18.jpg,https://www.catalogueau.com/coles/#catalogue=coles/coles-catalogue-july-2-9-2024-nsw-metro/,displayed_price,displayed_price,1,review
Coles,NSW METRO,"Coles Catalogue July 2 - 9, 2024 NSW METRO",2024-07-02,2024-07-09,18,FroPro Protein Pizza Slices 2 Pack 360g,9.95,12.95,3.0,23.17,save_amount,2 Pack; 360g,$2.76 per 100g,SAVES3 | WASS12.95 | FroPro Protein Pizza Slices 2 Pack | 360g $2.76 per 100g | — | ) | =,96.11,False,,https://caau.syd1.cdn.digitaloceanspaces.com/wp-content/uploads/catalogue/coles/coles-catalogue-july-2-9-2024-nsw-metro/18.jpg,https://www.catalogueau.com/coles/#catalogue=coles/coles-catalogue-july-2-9-2024-nsw-metro/,save_was_arithmetic,displayed_price;save_was_arithmetic;unit_price,3,verified
Coles,NSW METRO,"Coles Catalogue July 2 - 9, 2024 NSW METRO",2024-07-02,2024-07-09,18,Mrs Mac's Microwave Frozen Beef Pie or Sausage Roll 175g,2.6,3.5,0.9,25.71,save_amount,175g,$1.49 per 100g,SAVE 90‘ | WASS$3.50 | Mrs Mac's Microwave Frozen | Beef Pie or Sausage Roll 175g | $1.49 per 100g,96.16,False,,https://caau.syd1.cdn.digitaloceanspaces.com/wp-content/uploads/catalogue/coles/coles-catalogue-july-2-9-2024-nsw-metro/18.jpg,https://www.catalogueau.com/coles/#catalogue=coles/coles-catalogue-july-2-9-2024-nsw-metro/,displayed_price,displayed_price;unit_price,2,verified
Coles,NSW METRO,"Coles Catalogue July 2 - 9, 2024 NSW METRO",2024-07-02,2024-07-09,18,Yoplait Petit Miam Yoghurt Pouch 70g,0.85,1.1,0.25,22.73,save_amount,70g,$1.21 per 100g,SAVE25¢ | WASS1.10 | Yoplait Petit Miam Yoghurt Pouch | 70g $1.21 per 100g | 0g | ic,79.0,True,low_name_confidence_strict;single_price_evidence,https://caau.syd1.cdn.digitaloceanspaces.com/wp-content/uploads/catalogue/coles/coles-catalogue-july-2-9-2024-nsw-metro/18.jpg,https://www.catalogueau.com/coles/#catalogue=coles/coles-catalogue-july-2-9-2024-nsw-metro/,unit_price,unit_price,1,review
Coles,NSW METRO,"Coles Catalogue July 2 - 9, 2024 NSW METRO",2024-07-02,2024-07-09,18,McCain Pizza Slices 2 Pack 600g,7.0,9.0,2.0,22.22,save_amount,2 Pack; 600g,$1.17 per 100g,SAVES2. | WASS9 | McCain Pizza Slices 2 Pack | 600g $1.17 per 100g | NSW-METRO-0307-24-252234,96.57,False,,https://caau.syd1.cdn.digitaloceanspaces.com/wp-content/uploads/catalogue/coles/coles-catalogue-july-2-9-2024-nsw-metro/18.jpg,https://www.catalogueau.com/coles/#catalogue=coles/coles-catalogue-july-2-9-2024-nsw-metro/,save_was_arithmetic,displayed_price;save_was_arithmetic;unit_price,3,verified
Coles,NSW METRO,"Coles Catalogue July 2 - 9, 2024 NSW METRO",2024-07-02,2024-07-09,18,Patties Party Meat Pies 12 Pack 560g,7.7,9.7,2.0,20.62,save_amount,12 Pack; 560g,$1.38 per 100g,SAVES2. | WASS9.70 | Patties Party Meat Pies 12 Pack | 560g $1.38 per 100g | 7,96.44,False,,https://caau.syd1.cdn.digitaloceanspaces.com/wp-content/uploads/catalogue/coles/coles-catalogue-july-2-9-2024-nsw-metro/18.jpg,https://www.catalogueau.com/coles/#catalogue=coles/coles-catalogue-july-2-9-2024-nsw-metro/,save_was_arithmetic,displayed_price;save_was_arithmetic;unit_price,3,verified
Coles,NSW METRO,"Coles Catalogue July 2 - 9, 2024 NSW METRO",2024-07-02,2024-07-09,18,Chobani No Sugar Added Greek Yogurt 150g,2.15,2.7,0.55,20.37,save_amount,150g,$1.43 per 100g,SAVE55° | WAS $2.70 | Chobani No Sugar Added Greek | Yogurt 150g $1.43 per 100g,95.91,False,,https://caau.syd1.cdn.digitaloceanspaces.com/wp-content/uploads/catalogue/coles/coles-catalogue-july-2-9-2024-nsw-metro/18.jpg,https://www.catalogueau.com/coles/#catalogue=coles/coles-catalogue-july-2-9-2024-nsw-metro/,displayed_price,displayed_price;unit_price,2,verified
Coles,NSW METRO,"Coles Catalogue July 2 - 9, 2024 NSW METRO",2024-07-02,2024-07-09,18,No Sugar = “Added wont,8.0,,,,special,,,e | No Sugar | = “Added wont | a | °2 | Fy,79.0,True,offer_labels_missing;save_amount_missing;regular_price_missing;low_name_confidence_strict;single_price_evidence,https://caau.syd1.cdn.digitaloceanspaces.com/wp-content/uploads/catalogue/coles/coles-catalogue-july-2-9-2024-nsw-metro/18.jpg,https://www.catalogueau.com/coles/#catalogue=coles/coles-catalogue-july-2-9-2024-nsw-metro/,displayed_price,displayed_price,1,review
Coles,NSW METRO,"Coles Catalogue July 2 - 9, 2024 NSW METRO",2024-07-02,2024-07-09,19,Cadbury Favourites Ultimate Share 820g,16.0,,,,special,820g,$1.95 per 100g,Cadbury Favourites | Ultimate Share 820g | $1.95 per 100g,96.47,False,,https://caau.syd1.cdn.digitaloceanspaces.com/wp-content/uploads/catalogue/coles/coles-catalogue-july-2-9-2024-nsw-metro/19.jpg,https://www.catalogueau.com/coles/#catalogue=coles/coles-catalogue-july-2-9-2024-nsw-metro/,displayed_price,displayed_price;unit_price,2,verified
Coles,NSW METRO,"Coles Catalogue July 2 - 9, 2024 NSW METRO",2024-07-02,2024-07-09,19,2nd week,23.0,,,,special,,,2nd week on sale | ADVERTISER PROMOTION,96.33,True,offer_labels_missing;save_amount_missing;regular_price_missing;single_price_evidence,https://caau.syd1.cdn.digitaloceanspaces.com/wp-content/uploads/catalogue/coles/coles-catalogue-july-2-9-2024-nsw-metro/19.jpg,https://www.catalogueau.com/coles/#catalogue=coles/coles-catalogue-july-2-9-2024-nsw-metro/,displayed_price,displayed_price,1,review
Coles,NSW METRO,"Coles Catalogue July 2 - 9, 2024 NSW METRO",2024-07-02,2024-07-09,19,600g WITH GAMES CARD & SPINNER INSIDE,4.0,,,,special,600g,,600g WITH GAMES CARD & SPINNER INSIDE,95.3,True,offer_labels_missing;save_amount_missing;regular_price_missing;single_price_evidence,https://caau.syd1.cdn.digitaloceanspaces.com/wp-content/uploads/catalogue/coles/coles-catalogue-july-2-9-2024-nsw-metro/19.jpg,https://www.catalogueau.com/coles/#catalogue=coles/coles-catalogue-july-2-9-2024-nsw-metro/,displayed_price,displayed_price,1,review
Coles,NSW METRO,"Coles Catalogue July 2 - 9, 2024 NSW METRO",2024-07-02,2024-07-09,20,Griffin's Marvels Biscuits 165g-200g,3.0,5.0,2.0,40.0,save_amount,165g; 200g,,SAVES2 | WASS5 | Griffin's Marvels Biscuits | 165g-200g | Cry | ORD | Gs) | GOLD GOLD,94.15,False,,https://caau.syd1.cdn.digitaloceanspaces.com/wp-content/uploads/catalogue/coles/coles-catalogue-july-2-9-2024-nsw-metro/20.jpg,https://www.catalogueau.com/coles/#catalogue=coles/coles-catalogue-july-2-9-2024-nsw-metro/,save_was_arithmetic,displayed_price;save_was_arithmetic,2,verified
Coles,NSW METRO,"Coles Catalogue July 2 - 9, 2024 NSW METRO",2024-07-02,2024-07-09,20,"The Natural Confectionery Co. 130g-230g, Sour Patch 190 or Pascall Candy 180g-300g",350.0,351.5,1.5,0.43,save_amount,130g; 230g; 180g; 300g,,"SAVES1.50 | The Natural Confectionery Co. | 130g-230g, Sour Patch 190 | or Pascall Candy 180g-300g",94.23,True,single_price_evidence,https://caau.syd1.cdn.digitaloceanspaces.com/wp-content/uploads/catalogue/coles/coles-catalogue-july-2-9-2024-nsw-metro/20.jpg,https://www.catalogueau.com/coles/#catalogue=coles/coles-catalogue-july-2-9-2024-nsw-metro/,displayed_price,displayed_price,1,review
Coles,NSW METRO,"Coles Catalogue July 2 - 9, 2024 NSW METRO",2024-07-02,2024-07-09,20,McVitie's Digestives Tops Biscuits 100g,1.5,2.0,0.5,25.0,save_amount,100g,$1.50 per 100g,SAVE 50‘ | WASS2 | McVitie's Digestives Tops Biscuits | 100g $1.50 per 100g | =>,94.92,True,single_price_evidence,https://caau.syd1.cdn.digitaloceanspaces.com/wp-content/uploads/catalogue/coles/coles-catalogue-july-2-9-2024-nsw-metro/20.jpg,https://www.catalogueau.com/coles/#catalogue=coles/coles-catalogue-july-2-9-2024-nsw-metro/,unit_price,unit_price,1,review
Coles,NSW METRO,"Coles Catalogue July 2 - 9, 2024 NSW METRO",2024-07-02,2024-07-09,20,Urban Cookie Co. Mini Biscuits 150g,2.0,3.5,1.5,42.86,save_amount,150g,$1.33 per 100g,SAVE*1.50 | WAS$3.50 | Urban Cookie Co. Mini Biscuits | 150g $1.33 per 100g | Bonus | Ovenware,96.2,False,,https://caau.syd1.cdn.digitaloceanspaces.com/wp-content/uploads/catalogue/coles/coles-catalogue-july-2-9-2024-nsw-metro/20.jpg,https://www.catalogueau.com/coles/#catalogue=coles/coles-catalogue-july-2-9-2024-nsw-metro/,save_was_arithmetic,displayed_price;save_was_arithmetic;unit_price,3,verified
Coles,NSW METRO,"Coles Catalogue July 2 - 9, 2024 NSW METRO",2024-07-02,2024-07-09,20,Rutherford & Meyer Wafer Crackers 60g,2.8,3.5,0.7,20.0,save_amount,60g,$4.67 per 100g,SAVE 70‘ | WASS3.50 | Rutherford & Meyer Wafer | Crackers 60g $4.67 per 100g,95.66,False,,https://caau.syd1.cdn.digitaloceanspaces.com/wp-content/uploads/catalogue/coles/coles-catalogue-july-2-9-2024-nsw-metro/20.jpg,https://www.catalogueau.com/coles/#catalogue=coles/coles-catalogue-july-2-9-2024-nsw-metro/,displayed_price,displayed_price;unit_price,2,verified
Coles,NSW METRO,"Coles Catalogue July 2 - 9, 2024 NSW METRO",2024-07-02,2024-07-09,20,Olina's Artisan Crackers 100g,3.6,4.5,0.9,20.0,save_amount,100g,$3.60 per 100g,SAVE 90‘ | WASS$4.50 | Olina's Artisan Crackers 100g | $3.60 per 100g | Dontes | Bonus | Do | rt,94.21,False,,https://caau.syd1.cdn.digitaloceanspaces.com/wp-content/uploads/catalogue/coles/coles-catalogue-july-2-9-2024-nsw-metro/20.jpg,https://www.catalogueau.com/coles/#catalogue=coles/coles-catalogue-july-2-9-2024-nsw-metro/,displayed_price,displayed_price;unit_price,2,verified
Coles,NSW METRO,"Coles Catalogue July 2 - 9, 2024 NSW METRO",2024-07-02,2024-07-09,20,Coles Finest Cookies 120g,4.5,5.0,0.5,10.0,save_amount,120g,$3.75 per 100g,WAS$5 | WAS$5 | JUN 2024 | Coles Finest Cookies | 120g $3.75 per 100g | *See page 24 for T&Cs | 19,96.27,False,,https://caau.syd1.cdn.digitaloceanspaces.com/wp-content/uploads/catalogue/coles/coles-catalogue-july-2-9-2024-nsw-metro/20.jpg,https://www.catalogueau.com/coles/#catalogue=coles/coles-catalogue-july-2-9-2024-nsw-metro/,displayed_price,displayed_price;unit_price,2,verified
Coles,NSW METRO,"Coles Catalogue July 2 - 9, 2024 NSW METRO",2024-07-02,2024-07-09,20,Doritos Corn Chips Big Bag Bag 380g or Red Rock Deli Potato Chips 290g,6.0,8.5,2.5,29.41,save_amount,380g; 290g,,WAS$8.50 | WAS$8.50 | MAY 2024 | Doritos Corn Chips Big Bag | Bag | 380g or Red Rock Deli Potato | Chips 290g,79.0,True,low_name_confidence_strict;single_price_evidence,https://caau.syd1.cdn.digitaloceanspaces.com/wp-content/uploads/catalogue/coles/coles-catalogue-july-2-9-2024-nsw-metro/20.jpg,https://www.catalogueau.com/coles/#catalogue=coles/coles-catalogue-july-2-9-2024-nsw-metro/,displayed_price,displayed_price,1,review
Coles,NSW METRO,"Coles Catalogue July 2 - 9, 2024 NSW METRO",2024-07-02,2024-07-09,22,"Coca-Cola, Fanta or Sprite Soft Drink 1.25 Litre",2.3,3.85,1.55,40.26,save_amount,1.25 Litre,$1.84 per litre,"WASS3.85 | WASS3.85 | Coca-Cola, Fanta or Sprite | Soft Drink 1.25 Litre $1.84 per litre | Wer:",96.17,True,single_price_evidence,https://caau.syd1.cdn.digitaloceanspaces.com/wp-content/uploads/catalogue/coles/coles-catalogue-july-2-9-2024-nsw-metro/22.jpg,https://www.catalogueau.com/coles/#catalogue=coles/coles-catalogue-july-2-9-2024-nsw-metro/,unit_price,unit_price,1,review
Coles,NSW METRO,"Coles Catalogue July 2 - 9, 2024 NSW METRO",2024-07-02,2024-07-09,22,Coca-Cola Soft Drink 30x375mL,28.35,47.2,18.85,39.94,save_amount,30x375mL,$2.52 per litre,WASS47.20 | WASS47.20 | Coca-Cola Soft Drink 30x375mL | $2.52 per litre | SSS | ares | Cola,94.19,True,single_price_evidence,https://caau.syd1.cdn.digitaloceanspaces.com/wp-content/uploads/catalogue/coles/coles-catalogue-july-2-9-2024-nsw-metro/22.jpg,https://www.catalogueau.com/coles/#catalogue=coles/coles-catalogue-july-2-9-2024-nsw-metro/,unknown,,0,review
Coles,NSW METRO,"Coles Catalogue July 2 - 9, 2024 NSW METRO",2024-07-02,2024-07-09,22,"Coca-Cola, Fanta or Sprite Soft Drink or Mt Franklin Sparkling Water",11.0,19.0,8.0,42.11,save_amount,,$3.04 per litre,"WASS19 | WASS19 | Coca-Cola, Fanta or Sprite Soft | Drink or Mt Franklin Sparkling Water | 10x375mL $3.04 per litre",95.9,True,single_price_evidence,https://caau.syd1.cdn.digitaloceanspaces.com/wp-content/uploads/catalogue/coles/coles-catalogue-july-2-9-2024-nsw-metro/22.jpg,https://www.catalogueau.com/coles/#catalogue=coles/coles-catalogue-july-2-9-2024-nsw-metro/,displayed_price,displayed_price,1,review
Coles,NSW METRO,"Coles Catalogue July 2 - 9, 2024 NSW METRO",2024-07-02,2024-07-09,22,Remedy Kombucha 4x250mL,6.5,9.5,3.0,31.58,save_amount,4x250mL,$6.50 per litre,WASS9.50 | WASS9.50 | Remedy Kombucha 4x250mL | $6.50 per litre,89.72,True,single_price_evidence,https://caau.syd1.cdn.digitaloceanspaces.com/wp-content/uploads/catalogue/coles/coles-catalogue-july-2-9-2024-nsw-metro/22.jpg,https://www.catalogueau.com/coles/#catalogue=coles/coles-catalogue-july-2-9-2024-nsw-metro/,unit_price,unit_price,1,review
Coles,NSW METRO,"Coles Catalogue July 2 - 9, 2024 NSW METRO",2024-07-02,2024-07-09,22,Red Rock Deli Potato Chips 150g-165g,3.75,6.0,2.25,37.5,save_amount,150g; 165g,,WASS6 | WASS6 | Red Rock Deli Potato Chips | 150g-165g | <<,93.93,True,single_price_evidence,https://caau.syd1.cdn.digitaloceanspaces.com/wp-content/uploads/catalogue/coles/coles-catalogue-july-2-9-2024-nsw-metro/22.jpg,https://www.catalogueau.com/coles/#catalogue=coles/coles-catalogue-july-2-9-2024-nsw-metro/,displayed_price,displayed_price,1,review
Coles,NSW METRO,"Coles Catalogue July 2 - 9, 2024 NSW METRO",2024-07-02,2024-07-09,22,Lays Stax 105g,2.5,4.0,1.5,37.5,save_amount,105g,$2.38 per 100g,WASS4 | WASS4 | Lays Stax 105g | $2.38 per 100g | NSW-METRO-0307-24-252234,96.71,False,,https://caau.syd1.cdn.digitaloceanspaces.com/wp-content/uploads/catalogue/coles/coles-catalogue-july-2-9-2024-nsw-metro/22.jpg,https://www.catalogueau.com/coles/#catalogue=coles/coles-catalogue-july-2-9-2024-nsw-metro/,displayed_price,displayed_price;unit_price,2,verified
Coles,NSW METRO,"Coles Catalogue July 2 - 9, 2024 NSW METRO",2024-07-02,2024-07-09,22,"Darrell Lea Bullets, Twists, BBs & Liquorice 150g-280g",4.0,5.5,1.5,27.27,save_amount,150g; 280g,,"Darrell Lea Bullets, | Twists, BBs & Liquorice | 150g-280g",93.93,True,offer_labels_missing;single_price_evidence,https://caau.syd1.cdn.digitaloceanspaces.com/wp-content/uploads/catalogue/coles/coles-catalogue-july-2-9-2024-nsw-metro/22.jpg,https://www.catalogueau.com/coles/#catalogue=coles/coles-catalogue-july-2-9-2024-nsw-metro/,displayed_price,displayed_price,1,review
Coles,NSW METRO,"Coles Catalogue July 2 - 9, 2024 NSW METRO",2024-07-02,2024-07-09,22,Lindt Lindor Bag 121g-125g,8.0,10.0,2.0,20.0,save_amount,121g; 125g,,WASS10 | WASS10 | Lindt Lindor Bag | 121g-125g,89.09,True,single_price_evidence,https://caau.syd1.cdn.digitaloceanspaces.com/wp-content/uploads/catalogue/coles/coles-catalogue-july-2-9-2024-nsw-metro/22.jpg,https://www.catalogueau.com/coles/#catalogue=coles/coles-catalogue-july-2-9-2024-nsw-metro/,displayed_price,displayed_price,1,review
Coles,NSW METRO,"Coles Catalogue July 2 - 9, 2024 NSW METRO",2024-07-02,2024-07-09,23,Heineken Zero 6x330mL,12.75,15.0,2.25,15.0,save_amount,6x330mL,$6.44 per litre,SAVES2.25 | WASS15 | Heineken Zero 6x330mL | $6.44 per litre. On sale for 2 weeks | eas | P—— 4,92.87,False,,https://caau.syd1.cdn.digitaloceanspaces.com/wp-content/uploads/catalogue/coles/coles-catalogue-july-2-9-2024-nsw-metro/23.jpg,https://www.catalogueau.com/coles/#catalogue=coles/coles-catalogue-july-2-9-2024-nsw-metro/,save_was_arithmetic,save_was_arithmetic;unit_price,2,verified
Coles,NSW METRO,"Coles Catalogue July 2 - 9, 2024 NSW METRO",2024-07-02,2024-07-09,23,Edenvale Non Alcoholic 750mL,16.0,21.0,5.0,23.81,save_amount,750mL,$10.67 per litre,SAVE 55 | Edenvale Non Alcoholic 750mL | $10.67 per litre | 24,93.93,True,unit_price_conflict;single_price_evidence,https://caau.syd1.cdn.digitaloceanspaces.com/wp-content/uploads/catalogue/coles/coles-catalogue-july-2-9-2024-nsw-metro/23.jpg,https://www.catalogueau.com/coles/#catalogue=coles/coles-catalogue-july-2-9-2024-nsw-metro/,displayed_price,displayed_price,1,review
Coles,NSW METRO,"Coles Catalogue July 2 - 9, 2024 NSW METRO",2024-07-02,2024-07-09,23,Bickford's Cordial 750mL,4.0,5.0,1.0,20.0,save_amount,750mL,$5.33 per litre,SAVES1 | WASS5 | Bickford's Cordial 750mL | $5.33 per litre,92.36,False,,https://caau.syd1.cdn.digitaloceanspaces.com/wp-content/uploads/catalogue/coles/coles-catalogue-july-2-9-2024-nsw-metro/23.jpg,https://www.catalogueau.com/coles/#catalogue=coles/coles-catalogue-july-2-9-2024-nsw-metro/,save_was_arithmetic,displayed_price;save_was_arithmetic;unit_price,3,verified
Coles,NSW METRO,"Coles Catalogue July 2 - 9, 2024 NSW METRO",2024-07-02,2024-07-09,23,"Schweppes Soft Drink, Mixers or Mineral Water 1.1 Litre",1.8,3.0,1.2,40.0,save_amount,1.1 Litre,$1.64 per litre,"SAVE*1.20 | Schweppes Soft Drink, Mixers | or Mineral Water 1.1 Litre | $1.64 per litre",95.6,True,single_price_evidence,https://caau.syd1.cdn.digitaloceanspaces.com/wp-content/uploads/catalogue/coles/coles-catalogue-july-2-9-2024-nsw-metro/23.jpg,https://www.catalogueau.com/coles/#catalogue=coles/coles-catalogue-july-2-9-2024-nsw-metro/,unit_price,unit_price,1,review
Coles,NSW METRO,"Coles Catalogue July 2 - 9, 2024 NSW METRO",2024-07-02,2024-07-09,23,"Pepsi, Schweppes or Solo Soft Drinks 24x375mL",19.9,34.85,14.95,42.9,save_amount,24x375mL,$2.21 per litre,"SAVE514.95 | WASS34.85 | Pepsi, Schweppes or | Solo Soft Drinks 24x375mL | $2.21 per litre",95.07,False,,https://caau.syd1.cdn.digitaloceanspaces.com/wp-content/uploads/catalogue/coles/coles-catalogue-july-2-9-2024-nsw-metro/23.jpg,https://www.catalogueau.com/coles/#catalogue=coles/coles-catalogue-july-2-9-2024-nsw-metro/,displayed_price,displayed_price;unit_price,2,verified
Coles,NSW METRO,"Coles Catalogue July 2 - 9, 2024 NSW METRO",2024-07-02,2024-07-09,23,Gatorade Sports Drink or G Active 600mL,2.4,4.0,1.6,40.0,save_amount,600mL,$4.00 per litre,SAVE*1.60 | Gatorade Sports Drink or | G Active 600mL $4.00 per litre | NSW-METRO-0307-24-252234,95.49,True,single_price_evidence,https://caau.syd1.cdn.digitaloceanspaces.com/wp-content/uploads/catalogue/coles/coles-catalogue-july-2-9-2024-nsw-metro/23.jpg,https://www.catalogueau.com/coles/#catalogue=coles/coles-catalogue-july-2-9-2024-nsw-metro/,unit_price,unit_price,1,review
Coles,NSW METRO,"Coles Catalogue July 2 - 9, 2024 NSW METRO",2024-07-02,2024-07-09,23,Red Bull Energy Drink 4x250mL,8.4,12.0,3.6,30.0,save_amount,4x250mL,$8.40 per litre,SAVES3.60 | WASS12 | Red Bull Energy Drink 4x250mL | $8.40 per litre | 22,94.31,False,,https://caau.syd1.cdn.digitaloceanspaces.com/wp-content/uploads/catalogue/coles/coles-catalogue-july-2-9-2024-nsw-metro/23.jpg,https://www.catalogueau.com/coles/#catalogue=coles/coles-catalogue-july-2-9-2024-nsw-metro/,save_was_arithmetic,displayed_price;save_was_arithmetic;unit_price,3,verified
Coles,NSW METRO,"Coles Catalogue July 2 - 9, 2024 NSW METRO",2024-07-02,2024-07-09,23,Monster Energy Drink 4x500mL,9.1,15.2,6.1,40.13,save_amount,4x500mL,$4.55 per litre,SAVE%6.10 | ‘WAS$15.20 | Monster Energy Drink 4x500mL | $4.55 per litre,94.09,False,,https://caau.syd1.cdn.digitaloceanspaces.com/wp-content/uploads/catalogue/coles/coles-catalogue-july-2-9-2024-nsw-metro/23.jpg,https://www.catalogueau.com/coles/#catalogue=coles/coles-catalogue-july-2-9-2024-nsw-metro/,save_was_arithmetic,displayed_price;save_was_arithmetic;unit_price,3,verified
Coles,NSW METRO,"Coles Catalogue July 2 - 9, 2024 NSW METRO",2024-07-02,2024-07-09,24,Gold Sunset Canola Oil 2 Litre,8.5,17.0,8.5,50.0,half_price,2 Litre,$0.43 per 100mL,WASS17 | WASS17 | Gold Sunset | Canola Oil 2 Litre | $0.43 per 100mL,96.38,True,inferred_price_requires_review,https://caau.syd1.cdn.digitaloceanspaces.com/wp-content/uploads/catalogue/coles/coles-catalogue-july-2-9-2024-nsw-metro/24.jpg,https://www.catalogueau.com/coles/#catalogue=coles/coles-catalogue-july-2-9-2024-nsw-metro/,page_discount_inference,page_discount,0,review
Coles,NSW METRO,"Coles Catalogue July 2 - 9, 2024 NSW METRO",2024-07-02,2024-07-09,24,Wild Tides Tuna 95g,1.25,2.5,1.25,50.0,half_price,95g,$13.16 per kg,WASS2.50 | WASS2.50 | Wild Tides Tuna 95g | $13.16 per kg | Bonus | Ovenware,96.2,True,inferred_price_requires_review,https://caau.syd1.cdn.digitaloceanspaces.com/wp-content/uploads/catalogue/coles/coles-catalogue-july-2-9-2024-nsw-metro/24.jpg,https://www.catalogueau.com/coles/#catalogue=coles/coles-catalogue-july-2-9-2024-nsw-metro/,unit_price,page_discount;unit_price,1,review
Coles,NSW METRO,"Coles Catalogue July 2 - 9, 2024 NSW METRO",2024-07-02,2024-07-09,24,Continental Pasta & Sauce 85g-105g,1.5,3.0,1.5,50.0,half_price,85g; 105g,,WASS3 | WASS3 | Continental Pasta & Sauce 85g-105g | *See page 24 forT&Cs | JOHN WEST.,94.26,True,inferred_price_requires_review,https://caau.syd1.cdn.digitaloceanspaces.com/wp-content/uploads/catalogue/coles/coles-catalogue-july-2-9-2024-nsw-metro/24.jpg,https://www.catalogueau.com/coles/#catalogue=coles/coles-catalogue-july-2-9-2024-nsw-metro/,displayed_price,displayed_price;page_discount,1,review
Coles,NSW METRO,"Coles Catalogue July 2 - 9, 2024 NSW METRO",2024-07-02,2024-07-09,24,Plumrose Leg Ham 450g,7.0,14.0,7.0,50.0,half_price,450g,$15.56 per kg,WASS14 | WASS14 | Plumrose Leg Ham 450g | $15.56 per kg | i,79.0,True,low_name_confidence_strict,https://caau.syd1.cdn.digitaloceanspaces.com/wp-content/uploads/catalogue/coles/coles-catalogue-july-2-9-2024-nsw-metro/24.jpg,https://www.catalogueau.com/coles/#catalogue=coles/coles-catalogue-july-2-9-2024-nsw-metro/,displayed_price,displayed_price;page_discount;unit_price,2,review
Coles,NSW METRO,"Coles Catalogue July 2 - 9, 2024 NSW METRO",2024-07-02,2024-07-09,24,John West Salmon Tempters 95g,2.6,3.3,0.7,21.21,save_amount,95g,$27.37 per kg,"WASS3.30 | WASS3.30 | John West Salmon Tempters 95g | $27.37 per kg | ey, | Peaches | $330",94.29,False,,https://caau.syd1.cdn.digitaloceanspaces.com/wp-content/uploads/catalogue/coles/coles-catalogue-july-2-9-2024-nsw-metro/24.jpg,https://www.catalogueau.com/coles/#catalogue=coles/coles-catalogue-july-2-9-2024-nsw-metro/,displayed_price,displayed_price;unit_price,2,verified
Coles,NSW METRO,"Coles Catalogue July 2 - 9, 2024 NSW METRO",2024-07-02,2024-07-09,24,Sirena Ready To Eat Meal with Tuna 170g,3.3,4.3,1.0,23.26,save_amount,170g,$1.94 per 100g,WASS4.30 | WASS4.30 | Sirena Ready To Eat Meal with | Tuna 170g $1.94 per 100g,95.8,True,single_price_evidence,https://caau.syd1.cdn.digitaloceanspaces.com/wp-content/uploads/catalogue/coles/coles-catalogue-july-2-9-2024-nsw-metro/24.jpg,https://www.catalogueau.com/coles/#catalogue=coles/coles-catalogue-july-2-9-2024-nsw-metro/,unit_price,unit_price,1,review
Coles,NSW METRO,"Coles Catalogue July 2 - 9, 2024 NSW METRO",2024-07-02,2024-07-09,24,Cobram Estate Ultra Premium Olive Oil 500mL,20.0,25.0,5.0,20.0,save_amount,500mL,$4.00 per 100mL,WAS$25 | WAS$25 | Cobram Estate Ultra Premium | Olive Oil 500mL $4.00 per 100mL | = | 2 | Pinas | 95 B=,94.31,False,,https://caau.syd1.cdn.digitaloceanspaces.com/wp-content/uploads/catalogue/coles/coles-catalogue-july-2-9-2024-nsw-metro/24.jpg,https://www.catalogueau.com/coles/#catalogue=coles/coles-catalogue-july-2-9-2024-nsw-metro/,displayed_price,displayed_price;unit_price,2,verified
Coles,NSW METRO,"Coles Catalogue July 2 - 9, 2024 NSW METRO",2024-07-02,2024-07-09,24,SPC Fruit Snack Cup 4x120g,3.3,4.7,1.4,29.79,save_amount,4x120g,$6.88 per kg,WASS$4.70 | WASS$4.70 | SPC Fruit Snack Cup | 4x120g $6.88 per kg,95.19,True,single_price_evidence,https://caau.syd1.cdn.digitaloceanspaces.com/wp-content/uploads/catalogue/coles/coles-catalogue-july-2-9-2024-nsw-metro/24.jpg,https://www.catalogueau.com/coles/#catalogue=coles/coles-catalogue-july-2-9-2024-nsw-metro/,unit_price,unit_price,1,review
Coles,NSW METRO,"Coles Catalogue July 2 - 9, 2024 NSW METRO",2024-07-02,2024-07-09,24,Indomie Instant Noodles 5 Pack 400g: 400g-425g,95.0,,,,special,5 Pack; 400g; 425g,,Indomie Instant Noodles 5 Pack | 400g: | 400g-425g,79.0,True,offer_labels_missing;save_amount_missing;regular_price_missing;low_name_confidence_strict;single_price_evidence,https://caau.syd1.cdn.digitaloceanspaces.com/wp-content/uploads/catalogue/coles/coles-catalogue-july-2-9-2024-nsw-metro/24.jpg,https://www.catalogueau.com/coles/#catalogue=coles/coles-catalogue-july-2-9-2024-nsw-metro/,displayed_price,displayed_price,1,review
Coles,NSW METRO,"Coles Catalogue July 2 - 9, 2024 NSW METRO",2024-07-02,2024-07-09,24,Coles Asia Thin or Thick Egg Noodles 340g,2.15,,,,special,340g,$0.63 per 100g,Coles Asia Thin or Thick Egg | Noodles 340g $0.63 per 100g,95.6,True,single_price_evidence,https://caau.syd1.cdn.digitaloceanspaces.com/wp-content/uploads/catalogue/coles/coles-catalogue-july-2-9-2024-nsw-metro/24.jpg,https://www.catalogueau.com/coles/#catalogue=coles/coles-catalogue-july-2-9-2024-nsw-metro/,unit_price,unit_price,1,review
Coles,NSW METRO,"Coles Catalogue July 2 - 9, 2024 NSW METRO",2024-07-02,2024-07-09,25,Street Kitchen Indian Curry Kit 255g,2.95,5.9,2.95,50.0,half_price,255g,$1.16 per 100g,WASS5.90 | WASS5.90 | Street Kitchen Indian Curry Kit 255g | $1.16 per 100g | x. 0,95.76,True,inferred_price_requires_review,https://caau.syd1.cdn.digitaloceanspaces.com/wp-content/uploads/catalogue/coles/coles-catalogue-july-2-9-2024-nsw-metro/25.jpg,https://www.catalogueau.com/coles/#catalogue=coles/coles-catalogue-july-2-9-2024-nsw-metro/,unit_price,page_discount;unit_price,1,review
Coles,NSW METRO,"Coles Catalogue July 2 - 9, 2024 NSW METRO",2024-07-02,2024-07-09,25,Sharwood's Simmer Sauce 420g,2.5,5.0,2.5,50.0,half_price,420g,$0.60 per 100g,‘WASS5 | ‘WASS5 | Sharwood's Simmer Sauce 420g | $0.60 per 100g | aa | PPR ErAS | tas | QLDELPasg,94.2,False,,https://caau.syd1.cdn.digitaloceanspaces.com/wp-content/uploads/catalogue/coles/coles-catalogue-july-2-9-2024-nsw-metro/25.jpg,https://www.catalogueau.com/coles/#catalogue=coles/coles-catalogue-july-2-9-2024-nsw-metro/,displayed_price,displayed_price;page_discount;unit_price,2,verified
Coles,NSW METRO,"Coles Catalogue July 2 - 9, 2024 NSW METRO",2024-07-02,2024-07-09,25,Old El Paso Hard 'N Soft Taco Kit 350g,6.65,9.5,2.85,30.0,save_amount,350g,$1.90 per 100g,"WASS$9.50 | WASS$9.50 | Old El Paso Hard 'N Soft Taco Kit | per 100g | 350g $1.90 | 350g $1.90 per 100g | WEINZ,",79.0,True,low_name_confidence_strict,https://caau.syd1.cdn.digitaloceanspaces.com/wp-content/uploads/catalogue/coles/coles-catalogue-july-2-9-2024-nsw-metro/25.jpg,https://www.catalogueau.com/coles/#catalogue=coles/coles-catalogue-july-2-9-2024-nsw-metro/,displayed_price,displayed_price;unit_price,2,review
Coles,NSW METRO,"Coles Catalogue July 2 - 9, 2024 NSW METRO",2024-07-02,2024-07-09,25,Old El Paso Taco Sauce 200g,3.6,4.5,0.9,20.0,save_amount,200g,$1.80 per 100g,WASS4.50 | WASS4.50 | Old El Paso Taco Sauce 200g | $1.80 per 100g | :/,95.88,False,,https://caau.syd1.cdn.digitaloceanspaces.com/wp-content/uploads/catalogue/coles/coles-catalogue-july-2-9-2024-nsw-metro/25.jpg,https://www.catalogueau.com/coles/#catalogue=coles/coles-catalogue-july-2-9-2024-nsw-metro/,displayed_price,displayed_price;unit_price,2,verified
Coles,NSW METRO,"Coles Catalogue July 2 - 9, 2024 NSW METRO",2024-07-02,2024-07-09,25,Heinz Ketchup 500mL,4.0,5.0,1.0,20.0,save_amount,500mL,$0.80 per 100mL,WASS5 | WASS5 | Heinz Ketchup 500mL | $0.80 per 100mL,93.48,False,,https://caau.syd1.cdn.digitaloceanspaces.com/wp-content/uploads/catalogue/coles/coles-catalogue-july-2-9-2024-nsw-metro/25.jpg,https://www.catalogueau.com/coles/#catalogue=coles/coles-catalogue-july-2-9-2024-nsw-metro/,displayed_price,displayed_price;unit_price,2,verified
Coles,NSW METRO,"Coles Catalogue July 2 - 9, 2024 NSW METRO",2024-07-02,2024-07-09,25,Sirena Tuna 95g,2.3,2.95,0.65,22.03,save_amount,95g,$24.21 per kg,WASS2.95 | WASS2.95 | Sirena Tuna 95g | $24.21 per kg | We | fan,79.0,True,low_name_confidence_strict;single_price_evidence,https://caau.syd1.cdn.digitaloceanspaces.com/wp-content/uploads/catalogue/coles/coles-catalogue-july-2-9-2024-nsw-metro/25.jpg,https://www.catalogueau.com/coles/#catalogue=coles/coles-catalogue-july-2-9-2024-nsw-metro/,unit_price,unit_price,1,review
Coles,NSW METRO,"Coles Catalogue July 2 - 9, 2024 NSW METRO",2024-07-02,2024-07-09,25,Heinz Soup of The Day 430g,2.7,4.5,1.8,40.0,save_amount,430g,$0.63 per 100g,"WASS4.50 | WASS4.50 | Heinz Soup of The Day 430g | $0.63 per 100g | *Spend $20 in one transaction, scan your Flybuys and receive one Bonus Ovenware credit | when you also purchase a selected product from a participating brand or product | range. Limit of one Bonus Ovenware credit applies per brand, per transaction. $20 spend | excludes the purchase of Coles Insurance products, Coles Express, Coles Best Buys",96.24,False,,https://caau.syd1.cdn.digitaloceanspaces.com/wp-content/uploads/catalogue/coles/coles-catalogue-july-2-9-2024-nsw-metro/25.jpg,https://www.catalogueau.com/coles/#catalogue=coles/coles-catalogue-july-2-9-2024-nsw-metro/,displayed_price,displayed_price;unit_price,2,verified
Coles,NSW METRO,"Coles Catalogue July 2 - 9, 2024 NSW METRO",2024-07-02,2024-07-09,25,Campbell's Real Stock 1 Litre,3.5,,,,special,1 Litre,$0.35 per 100mL,"Campbell's Real Stock 1 Litre | $0.35 per 100mL | “INZ as | HEINZ, | \ | yp",96.33,True,offer_labels_missing;save_amount_missing;regular_price_missing;inferred_price_requires_review,https://caau.syd1.cdn.digitaloceanspaces.com/wp-content/uploads/catalogue/coles/coles-catalogue-july-2-9-2024-nsw-metro/25.jpg,https://www.catalogueau.com/coles/#catalogue=coles/coles-catalogue-july-2-9-2024-nsw-metro/,unit_price,grid_inference;unit_price,1,review
Coles,NSW METRO,"Coles Catalogue July 2 - 9, 2024 NSW METRO",2024-07-02,2024-07-09,26,Coco Earth Curry 500g,3.75,7.5,3.75,50.0,half_price,500g,$0.75 per 100g,WAS$7.50 | WAS$7.50 | Coco Earth Curry 500g | $0.75 per 100g | INZ | Hi | a,96.18,True,inferred_price_requires_review,https://caau.syd1.cdn.digitaloceanspaces.com/wp-content/uploads/catalogue/coles/coles-catalogue-july-2-9-2024-nsw-metro/26.jpg,https://www.catalogueau.com/coles/#catalogue=coles/coles-catalogue-july-2-9-2024-nsw-metro/,unit_price,page_discount;unit_price,1,review
Coles,NSW METRO,"Coles Catalogue July 2 - 9, 2024 NSW METRO",2024-07-02,2024-07-09,26,Maharajah's Choice Basmati Rice 5kg,11.5,23.0,11.5,50.0,half_price,5kg,$0.23 per 100g,"WASS23, | WASS23, | Maharajah's Choice Basmati Rice 5kg | $0.23 per 100g | —~",93.69,True,inferred_price_requires_review,https://caau.syd1.cdn.digitaloceanspaces.com/wp-content/uploads/catalogue/coles/coles-catalogue-july-2-9-2024-nsw-metro/26.jpg,https://www.catalogueau.com/coles/#catalogue=coles/coles-catalogue-july-2-9-2024-nsw-metro/,displayed_price,displayed_price;page_discount,1,review
Coles,NSW METRO,"Coles Catalogue July 2 - 9, 2024 NSW METRO",2024-07-02,2024-07-09,26,Leggo's Chunky Pasta Sauce 490g-500g,2.15,4.3,2.15,50.0,half_price,490g; 500g,,‘WAS $4.30 | ‘WAS $4.30 | Leggo's Chunky Pasta Sauce | 490g-500g | GEA | re | Ader,89.62,True,inferred_price_requires_review,https://caau.syd1.cdn.digitaloceanspaces.com/wp-content/uploads/catalogue/coles/coles-catalogue-july-2-9-2024-nsw-metro/26.jpg,https://www.catalogueau.com/coles/#catalogue=coles/coles-catalogue-july-2-9-2024-nsw-metro/,page_discount_inference,page_discount,0,review
Coles,NSW METRO,"Coles Catalogue July 2 - 9, 2024 NSW METRO",2024-07-02,2024-07-09,26,Cucina Matese Pasta Sauce 550g,3.5,4.4,0.9,20.45,save_amount,550g,$0.64 per 100g,WASS4.40 | WASS4.40 | Cucina Matese Pasta Sauce | 550g $0.64 per 100g | — | 7 | 7 | we,95.19,False,,https://caau.syd1.cdn.digitaloceanspaces.com/wp-content/uploads/catalogue/coles/coles-catalogue-july-2-9-2024-nsw-metro/26.jpg,https://www.catalogueau.com/coles/#catalogue=coles/coles-catalogue-july-2-9-2024-nsw-metro/,displayed_price,displayed_price;unit_price,2,verified
Coles,NSW METRO,"Coles Catalogue July 2 - 9, 2024 NSW METRO",2024-07-02,2024-07-09,26,Heinz Baked Beanz or Spaghetti 535g-555g,1.75,3.5,1.75,50.0,half_price,535g; 555g,,WAS$3.50 | WAS$3.50 | Heinz Baked Beanz or Spaghetti | 535g-555g | —— — | — | w=,93.58,True,inferred_price_requires_review,https://caau.syd1.cdn.digitaloceanspaces.com/wp-content/uploads/catalogue/coles/coles-catalogue-july-2-9-2024-nsw-metro/26.jpg,https://www.catalogueau.com/coles/#catalogue=coles/coles-catalogue-july-2-9-2024-nsw-metro/,page_discount_inference,page_discount,0,review
Coles,NSW METRO,"Coles Catalogue July 2 - 9, 2024 NSW METRO",2024-07-02,2024-07-09,26,"Cadbury Baking Chocolate Blocks, Chips or Melts 180g-225g",2.5,5.0,2.5,50.0,half_price,180g; 225g,,"WASS5 | WASS5 | Cadbury Baking Chocolate Blocks, | Chips or Melts 180g-225g",94.95,True,inferred_price_requires_review,https://caau.syd1.cdn.digitaloceanspaces.com/wp-content/uploads/catalogue/coles/coles-catalogue-july-2-9-2024-nsw-metro/26.jpg,https://www.catalogueau.com/coles/#catalogue=coles/coles-catalogue-july-2-9-2024-nsw-metro/,page_discount_inference,page_discount,0,review
Coles,NSW METRO,"Coles Catalogue July 2 - 9, 2024 NSW METRO",2024-07-02,2024-07-09,26,Nestlé Milo 395g-460g *Spend,4.7,9.4,4.7,50.0,half_price,395g; 460g,,WASS$9.40 | WASS$9.40 | Nestlé Milo 395g-460g | *Spend $20 in one transaction in-store or online at Coles (after savings and discounts | have been applied) and scan your Flybuys to receive one Ovenware credit.Eam credits | until 16/07/2024 and redeem credits (excludes Coles app) by 23/07/2024 or while,94.27,True,inferred_price_requires_review,https://caau.syd1.cdn.digitaloceanspaces.com/wp-content/uploads/catalogue/coles/coles-catalogue-july-2-9-2024-nsw-metro/26.jpg,https://www.catalogueau.com/coles/#catalogue=coles/coles-catalogue-july-2-9-2024-nsw-metro/,page_discount_inference,page_discount,0,review
Coles,NSW METRO,"Coles Catalogue July 2 - 9, 2024 NSW METRO",2024-07-02,2024-07-09,26,Coles Italian Tomatoes 400g,1.1,,,,special,400g,$2.75 per kg,Coles Italian Tomatoes 400g | $2.75 per kg,95.23,True,offer_labels_missing;save_amount_missing;regular_price_missing;inferred_price_requires_review,https://caau.syd1.cdn.digitaloceanspaces.com/wp-content/uploads/catalogue/coles/coles-catalogue-july-2-9-2024-nsw-metro/26.jpg,https://www.catalogueau.com/coles/#catalogue=coles/coles-catalogue-july-2-9-2024-nsw-metro/,unit_price,grid_inference;unit_price,1,review
Coles,NSW METRO,"Coles Catalogue July 2 - 9, 2024 NSW METRO",2024-07-02,2024-07-09,27,Primo Air Dried Salami Sticks 90g,3.9,6.5,2.6,40.0,save_amount,90g,$4.33 per 100g,SAVE52.60 | ‘WAS$6.50 | Primo Air Dried Salami Sticks 90g | $4.33 per 100g,96.42,False,,https://caau.syd1.cdn.digitaloceanspaces.com/wp-content/uploads/catalogue/coles/coles-catalogue-july-2-9-2024-nsw-metro/27.jpg,https://www.catalogueau.com/coles/#catalogue=coles/coles-catalogue-july-2-9-2024-nsw-metro/,displayed_price,displayed_price;unit_price,2,verified
Coles,NSW METRO,"Coles Catalogue July 2 - 9, 2024 NSW METRO",2024-07-02,2024-07-09,27,Sustagen 3x250mL,5.3,6.7,1.4,20.9,save_amount,3x250mL,$7.07 per litre,"SAVES1.40 | WAS$6.70 | Sustagen 3x250mL | $7.07 per litre | —"" | —— | cs | —__—__?",91.36,False,,https://caau.syd1.cdn.digitaloceanspaces.com/wp-content/uploads/catalogue/coles/coles-catalogue-july-2-9-2024-nsw-metro/27.jpg,https://www.catalogueau.com/coles/#catalogue=coles/coles-catalogue-july-2-9-2024-nsw-metro/,save_was_arithmetic,displayed_price;save_was_arithmetic;unit_price,3,verified
Coles,NSW METRO,"Coles Catalogue July 2 - 9, 2024 NSW METRO",2024-07-02,2024-07-09,27,Moccona Freeze Dried Instant Coffee 200g,12.5,16.0,3.5,21.88,save_amount,200g,$6.25 per 100g,SAVES3.50 | WASS16 | Moccona Freeze Dried Instant Coffee 200g | $6.25 per 100g,95.91,False,,https://caau.syd1.cdn.digitaloceanspaces.com/wp-content/uploads/catalogue/coles/coles-catalogue-july-2-9-2024-nsw-metro/27.jpg,https://www.catalogueau.com/coles/#catalogue=coles/coles-catalogue-july-2-9-2024-nsw-metro/,save_was_arithmetic,displayed_price;save_was_arithmetic;unit_price,3,verified
Coles,NSW METRO,"Coles Catalogue July 2 - 9, 2024 NSW METRO",2024-07-02,2024-07-09,27,Mayver's Protein Plus Peanut Butter 375g,5.2,6.5,1.3,20.0,save_amount,375g,$1.39 per 100g,SAVE°1.30 | WAS$6.50 | Mayver's Protein Plus Peanut Butter | 375g $1.39 per 100g | NSW-METRO-0307-24-252234,95.87,False,,https://caau.syd1.cdn.digitaloceanspaces.com/wp-content/uploads/catalogue/coles/coles-catalogue-july-2-9-2024-nsw-metro/27.jpg,https://www.catalogueau.com/coles/#catalogue=coles/coles-catalogue-july-2-9-2024-nsw-metro/,save_was_arithmetic,save_was_arithmetic;unit_price,2,verified
Coles,NSW METRO,"Coles Catalogue July 2 - 9, 2024 NSW METRO",2024-07-02,2024-07-09,27,Grinders Coffee Beans 1kg,24.5,35.0,10.5,30.0,save_amount,1kg,$2.45 per 100g,SAVE‘10.50 | WASS35 | Grinders Coffee Beans 1kg | $2.45 per 100g | <] | 26,94.3,False,,https://caau.syd1.cdn.digitaloceanspaces.com/wp-content/uploads/catalogue/coles/coles-catalogue-july-2-9-2024-nsw-metro/27.jpg,https://www.catalogueau.com/coles/#catalogue=coles/coles-catalogue-july-2-9-2024-nsw-metro/,save_was_arithmetic,save_was_arithmetic;unit_price,2,verified
Coles,NSW METRO,"Coles Catalogue July 2 - 9, 2024 NSW METRO",2024-07-02,2024-07-09,27,Coles Fruit Filled Mini Bars Strawberry 370g,5.5,,,,everyday,370g,$1.49 per 100g,[EVERY DAY | | Coles Fruit Filled Mini Bars | Strawberry 370g $1.49 per 100g,96.33,False,,https://caau.syd1.cdn.digitaloceanspaces.com/wp-content/uploads/catalogue/coles/coles-catalogue-july-2-9-2024-nsw-metro/27.jpg,https://www.catalogueau.com/coles/#catalogue=coles/coles-catalogue-july-2-9-2024-nsw-metro/,displayed_price,displayed_price;unit_price,2,verified
Coles,NSW METRO,"Coles Catalogue July 2 - 9, 2024 NSW METRO",2024-07-02,2024-07-09,27,Nescafé Farmers Origin Nespresso Compatible,2.0,,,,special,,,Nescafé Farmers Origin Nespresso Compatible,95.37,True,offer_labels_missing;save_amount_missing;regular_price_missing;single_price_evidence,https://caau.syd1.cdn.digitaloceanspaces.com/wp-content/uploads/catalogue/coles/coles-catalogue-july-2-9-2024-nsw-metro/27.jpg,https://www.catalogueau.com/coles/#catalogue=coles/coles-catalogue-july-2-9-2024-nsw-metro/,displayed_price,displayed_price,1,review
Coles,NSW METRO,"Coles Catalogue July 2 - 9, 2024 NSW METRO",2024-07-02,2024-07-09,28,Coles Simply Vanilla Frozen Dessert 4 Litre,7.0,,,,everyday,4 Litre,$0.18 per 100mL,EVERY DAY | | Coles Simply Vanilla Frozen Dessert 4 Litre | $0.18 per 100mL,96.19,True,single_price_evidence,https://caau.syd1.cdn.digitaloceanspaces.com/wp-content/uploads/catalogue/coles/coles-catalogue-july-2-9-2024-nsw-metro/28.jpg,https://www.catalogueau.com/coles/#catalogue=coles/coles-catalogue-july-2-9-2024-nsw-metro/,displayed_price,displayed_price,1,review
Coles,NSW METRO,"Coles Catalogue July 2 - 9, 2024 NSW METRO",2024-07-02,2024-07-09,28,Coles Simply Food Containers 750mL 5 Pack,3.5,,,,everyday,750mL; 5 Pack,$0.70 per each,"EVERY DAY | | "" | Coles Simply Food Containers 750mL 5 Pack | $0.70 per each",94.39,True,single_price_evidence,https://caau.syd1.cdn.digitaloceanspaces.com/wp-content/uploads/catalogue/coles/coles-catalogue-july-2-9-2024-nsw-metro/28.jpg,https://www.catalogueau.com/coles/#catalogue=coles/coles-catalogue-july-2-9-2024-nsw-metro/,unit_price,unit_price,1,review
Coles,NSW METRO,"Coles Catalogue July 2 - 9, 2024 NSW METRO",2024-07-02,2024-07-09,28,Coles Simply Pasta Sauce 510g,2.1,,,,everyday,510g,$0.41 per 100g,EVERY DAY & | Coles Simply Pasta Sauce 510g | $0.41 per 100g | 27,96.35,False,,https://caau.syd1.cdn.digitaloceanspaces.com/wp-content/uploads/catalogue/coles/coles-catalogue-july-2-9-2024-nsw-metro/28.jpg,https://www.catalogueau.com/coles/#catalogue=coles/coles-catalogue-july-2-9-2024-nsw-metro/,displayed_price,displayed_price;unit_price,2,verified
Coles,NSW METRO,"Coles Catalogue July 2 - 9, 2024 NSW METRO",2024-07-02,2024-07-09,28,Coles Simply Garlic Bread Twin Pack 450g,2.3,,,,everyday,450g,$0.51 per 100g,Coles Simply Garlic Bread | Twin Pack 450g $0.51 per 100g | NSW-METRO-0307-24-252234,96.37,False,,https://caau.syd1.cdn.digitaloceanspaces.com/wp-content/uploads/catalogue/coles/coles-catalogue-july-2-9-2024-nsw-metro/28.jpg,https://www.catalogueau.com/coles/#catalogue=coles/coles-catalogue-july-2-9-2024-nsw-metro/,displayed_price,displayed_price;unit_price,2,verified
Coles,NSW METRO,"Coles Catalogue July 2 - 9, 2024 NSW METRO",2024-07-02,2024-07-09,29,SHARING,3.0,,,,special,,,SHARING,96.82,True,offer_labels_missing;save_amount_missing;regular_price_missing;single_price_evidence,https://caau.syd1.cdn.digitaloceanspaces.com/wp-content/uploads/catalogue/coles/coles-catalogue-july-2-9-2024-nsw-metro/29.jpg,https://www.catalogueau.com/coles/#catalogue=coles/coles-catalogue-july-2-9-2024-nsw-metro/,displayed_price,displayed_price,1,review
Coles,NSW METRO,"Coles Catalogue July 2 - 9, 2024 NSW METRO",2024-07-02,2024-07-09,29,FIND US IN st,6.0,,,,special,,,FIND US IN | st,79.0,True,offer_labels_missing;save_amount_missing;regular_price_missing;low_name_confidence_strict;single_price_evidence,https://caau.syd1.cdn.digitaloceanspaces.com/wp-content/uploads/catalogue/coles/coles-catalogue-july-2-9-2024-nsw-metro/29.jpg,https://www.catalogueau.com/coles/#catalogue=coles/coles-catalogue-july-2-9-2024-nsw-metro/,displayed_price,displayed_price,1,review
Coles,NSW METRO,"Coles Catalogue July 2 - 9, 2024 NSW METRO",2024-07-02,2024-07-09,30,Atkins Low Carb Hazelnut Crisp Bars 5 Pack 185g,7.0,14.0,7.0,50.0,half_price,5 Pack; 185g,$3.78 per 100g,SAVES7 | WASS14 | Atkins Low Carb Hazelnut Crisp Bars | 5 Pack 185g $3.78 per 100g | vy,95.59,False,,https://caau.syd1.cdn.digitaloceanspaces.com/wp-content/uploads/catalogue/coles/coles-catalogue-july-2-9-2024-nsw-metro/30.jpg,https://www.catalogueau.com/coles/#catalogue=coles/coles-catalogue-july-2-9-2024-nsw-metro/,save_was_arithmetic,displayed_price;save_was_arithmetic;unit_price,3,verified
Coles,NSW METRO,"Coles Catalogue July 2 - 9, 2024 NSW METRO",2024-07-02,2024-07-09,30,Twinings Live Well Tea Bags 18 Pack-22 Pack,5.95,8.5,2.55,30.0,save_amount,18 Pack; 22 Pack,,"SAVE52.55 | WASS$8.50 | Twinings Live Well Tea Bags | 18 Pack-22 Pack | — | nN"" | Ce} | Abkiaggs",79.0,True,low_name_confidence_strict;single_price_evidence,https://caau.syd1.cdn.digitaloceanspaces.com/wp-content/uploads/catalogue/coles/coles-catalogue-july-2-9-2024-nsw-metro/30.jpg,https://www.catalogueau.com/coles/#catalogue=coles/coles-catalogue-july-2-9-2024-nsw-metro/,displayed_price,displayed_price,1,review
Coles,NSW METRO,"Coles Catalogue July 2 - 9, 2024 NSW METRO",2024-07-02,2024-07-09,30,ATP Science Collagen Marshmallow or Jelly Bar 50g-60g,3.0,5.0,2.0,40.0,save_amount,50g; 60g,,SAVE$S2 | WASS5 | ATP Science Collagen | Marshmallow or Jelly Bar 50g-60g | eeu | | Vitasey |,95.56,False,,https://caau.syd1.cdn.digitaloceanspaces.com/wp-content/uploads/catalogue/coles/coles-catalogue-july-2-9-2024-nsw-metro/30.jpg,https://www.catalogueau.com/coles/#catalogue=coles/coles-catalogue-july-2-9-2024-nsw-metro/,save_was_arithmetic,displayed_price;save_was_arithmetic,2,verified
Coles,NSW METRO,"Coles Catalogue July 2 - 9, 2024 NSW METRO",2024-07-02,2024-07-09,30,Pureharvest Unsweetened Almond Milk 1 Litre,2.1,3.4,1.3,38.24,save_amount,1 Litre,$2.10 per litre,SAVES1.30 | WAS$3.40 | Pureharvest Unsweetened | Almond Milk 1 Litre $2.10 per litre,95.17,False,,https://caau.syd1.cdn.digitaloceanspaces.com/wp-content/uploads/catalogue/coles/coles-catalogue-july-2-9-2024-nsw-metro/30.jpg,https://www.catalogueau.com/coles/#catalogue=coles/coles-catalogue-july-2-9-2024-nsw-metro/,save_was_arithmetic,save_was_arithmetic;unit_price,2,verified
Coles,NSW METRO,"Coles Catalogue July 2 - 9, 2024 NSW METRO",2024-07-02,2024-07-09,30,"Kellogg's Coco Pops 650g, Crunchy Nut Cornflakes 640g or Just Right 740g",8.0,10.0,2.0,20.0,save_amount,650g; 640g; 740g,,"SAVES2 | WASS10 | Kellogg's Coco Pops 650g, | Crunchy Nut Cornflakes 640g | or Just Right 740g | STDALFOUR",94.83,False,,https://caau.syd1.cdn.digitaloceanspaces.com/wp-content/uploads/catalogue/coles/coles-catalogue-july-2-9-2024-nsw-metro/30.jpg,https://www.catalogueau.com/coles/#catalogue=coles/coles-catalogue-july-2-9-2024-nsw-metro/,save_was_arithmetic,displayed_price;save_was_arithmetic,2,verified
Coles,NSW METRO,"Coles Catalogue July 2 - 9, 2024 NSW METRO",2024-07-02,2024-07-09,30,Capilano 100% Pure Australian Honey 340g,6.0,6.6,0.6,9.09,save_amount,340g,$1.76 per 100g,WAS $6.60 | WAS $6.60 | MAY 2024 | Capilano 100% Pure Australian | Honey 340g $1.76 per 100g | 29,96.37,False,,https://caau.syd1.cdn.digitaloceanspaces.com/wp-content/uploads/catalogue/coles/coles-catalogue-july-2-9-2024-nsw-metro/30.jpg,https://www.catalogueau.com/coles/#catalogue=coles/coles-catalogue-july-2-9-2024-nsw-metro/,displayed_price,displayed_price;unit_price,2,verified
Coles,NSW METRO,"Coles Catalogue July 2 - 9, 2024 NSW METRO",2024-07-02,2024-07-09,30,Vitasoy Oat Milky 1 Litre,2.2,3.0,0.8,26.67,save_amount,1 Litre,$2.20 per litre,SAVE 80° | WASS3 | Vitasoy Oat Milky 1 Litre | $2.20 per litre | NSW-METRO-0307-24-252234,95.25,False,,https://caau.syd1.cdn.digitaloceanspaces.com/wp-content/uploads/catalogue/coles/coles-catalogue-july-2-9-2024-nsw-metro/30.jpg,https://www.catalogueau.com/coles/#catalogue=coles/coles-catalogue-july-2-9-2024-nsw-metro/,displayed_price,displayed_price;unit_price,2,verified
Coles,NSW METRO,"Coles Catalogue July 2 - 9, 2024 NSW METRO",2024-07-02,2024-07-09,30,St. Dalfour Fruit Spread 284g,4.5,5.7,1.2,21.05,save_amount,284g,$1.58 per 100g,SAVES1.20 | WAS$5.70 | St. Dalfour Fruit Spread 284g | $1.58 per 100g | g,94.85,False,,https://caau.syd1.cdn.digitaloceanspaces.com/wp-content/uploads/catalogue/coles/coles-catalogue-july-2-9-2024-nsw-metro/30.jpg,https://www.catalogueau.com/coles/#catalogue=coles/coles-catalogue-july-2-9-2024-nsw-metro/,save_was_arithmetic,save_was_arithmetic;unit_price,2,verified
Coles,NSW METRO,"Coles Catalogue July 2 - 9, 2024 NSW METRO",2024-07-02,2024-07-09,32,"AVAILABLE IN CAPPUCCINO, smo",6.25,12.5,6.25,50.0,half_price,,,"SAVE%6.25 | WASS$12.50 | 6 | AVAILABLE IN CAPPUCCINO, | smo. | LATTE AND MOCHA",79.0,True,low_name_confidence_strict,https://caau.syd1.cdn.digitaloceanspaces.com/wp-content/uploads/catalogue/coles/coles-catalogue-july-2-9-2024-nsw-metro/32.jpg,https://www.catalogueau.com/coles/#catalogue=coles/coles-catalogue-july-2-9-2024-nsw-metro/,save_was_arithmetic,displayed_price;save_was_arithmetic,2,review
Coles,NSW METRO,"Coles Catalogue July 2 - 9, 2024 NSW METRO",2024-07-02,2024-07-09,32,L'or Coffee Beans 500g,13.0,26.0,13.0,50.0,half_price,500g,$2.60 per 100g,SAVE $13 | WASS26 | L'or Coffee | Beans 500g | $2.60 per 100g | CL,94.76,False,,https://caau.syd1.cdn.digitaloceanspaces.com/wp-content/uploads/catalogue/coles/coles-catalogue-july-2-9-2024-nsw-metro/32.jpg,https://www.catalogueau.com/coles/#catalogue=coles/coles-catalogue-july-2-9-2024-nsw-metro/,save_was_arithmetic,save_was_arithmetic;unit_price,2,verified
Coles,NSW METRO,"Coles Catalogue July 2 - 9, 2024 NSW METRO",2024-07-02,2024-07-09,33,Bega Cheese Slices 500g,9.5,10.5,1.0,9.52,save_amount,500g,$19.00 per kg,SAVE 1. 50 | Bega Cheese Slices 500g | $19.00 per kg. 2nd week on sale,96.5,False,,https://caau.syd1.cdn.digitaloceanspaces.com/wp-content/uploads/catalogue/coles/coles-catalogue-july-2-9-2024-nsw-metro/33.jpg,https://www.catalogueau.com/coles/#catalogue=coles/coles-catalogue-july-2-9-2024-nsw-metro/,displayed_price,displayed_price;unit_price,2,verified
Coles,NSW METRO,"Coles Catalogue July 2 - 9, 2024 NSW METRO",2024-07-02,2024-07-09,33,Cheer Cheese Block 400g,6.9,59.0,52.1,88.31,save_amount,400g,$17.25 per kg,SAVE52.10 | Cheer Cheese Block 400g | $17.25 per kg,96.26,False,,https://caau.syd1.cdn.digitaloceanspaces.com/wp-content/uploads/catalogue/coles/coles-catalogue-july-2-9-2024-nsw-metro/33.jpg,https://www.catalogueau.com/coles/#catalogue=coles/coles-catalogue-july-2-9-2024-nsw-metro/,displayed_price,displayed_price;unit_price,2,verified
Coles,NSW METRO,"Coles Catalogue July 2 - 9, 2024 NSW METRO",2024-07-02,2024-07-09,33,Perfect Italiano Cheese Grated 250g,5.5,6.5,1.0,15.38,save_amount,250g,,SAVES1 | ‘WAS$6.50_ | Perfect Italiano | Cheese Grated 250g | $22.00 per k | 2nd week on sale | a,94.99,False,,https://caau.syd1.cdn.digitaloceanspaces.com/wp-content/uploads/catalogue/coles/coles-catalogue-july-2-9-2024-nsw-metro/33.jpg,https://www.catalogueau.com/coles/#catalogue=coles/coles-catalogue-july-2-9-2024-nsw-metro/,save_was_arithmetic,displayed_price;save_was_arithmetic,2,verified
Coles,NSW METRO,"Coles Catalogue July 2 - 9, 2024 NSW METRO",2024-07-02,2024-07-09,33,Mainland On The Go Cheese & Crackers 36g-38g,5.0,6.0,1.0,16.67,save_amount,36g; 38g,,SAVES1 | Mainland On The Go | Cheese & Crackers | 36g-38g | YA | a,82.41,True,single_price_evidence,https://caau.syd1.cdn.digitaloceanspaces.com/wp-content/uploads/catalogue/coles/coles-catalogue-july-2-9-2024-nsw-metro/33.jpg,https://www.catalogueau.com/coles/#catalogue=coles/coles-catalogue-july-2-9-2024-nsw-metro/,displayed_price,displayed_price,1,review
Coles,NSW METRO,"Coles Catalogue July 2 - 9, 2024 NSW METRO",2024-07-02,2024-07-09,33,Perfect Italiano Cheese Parmesan Block 200g,6.5,7.5,1.0,13.33,save_amount,200g,$32.50 per kg,WASS$7.50 | WASS$7.50 | Perfect Italiano Cheese | Parmesan Block 200g | $32.50 per kg | Lie,95.86,False,,https://caau.syd1.cdn.digitaloceanspaces.com/wp-content/uploads/catalogue/coles/coles-catalogue-july-2-9-2024-nsw-metro/33.jpg,https://www.catalogueau.com/coles/#catalogue=coles/coles-catalogue-july-2-9-2024-nsw-metro/,displayed_price,displayed_price;unit_price,2,verified
Coles,NSW METRO,"Coles Catalogue July 2 - 9, 2024 NSW METRO",2024-07-02,2024-07-09,33,Primo Duos Cabanossi & Tasty Cheese 50g,3.75,4.25,0.5,11.76,save_amount,50g,$7.50 per 100g,WAS $4.25 | WAS $4.25 | MAY 2024 | Primo Duos Cabanossi | & Tasty Cheese 50g | $7.50 per 100g | *See page 24 forT&Cs | NSW-METRO-0307-24-252234,94.59,False,,https://caau.syd1.cdn.digitaloceanspaces.com/wp-content/uploads/catalogue/coles/coles-catalogue-july-2-9-2024-nsw-metro/33.jpg,https://www.catalogueau.com/coles/#catalogue=coles/coles-catalogue-july-2-9-2024-nsw-metro/,displayed_price,displayed_price;unit_price,2,verified
Coles,NSW METRO,"Coles Catalogue July 2 - 9, 2024 NSW METRO",2024-07-02,2024-07-09,33,La Famiglia Garlic Bread Slices 270g,4.0,6.5,2.5,38.46,save_amount,270g,$1.48 per 100g,SAVE‘2.50 | WASS$6.50 | La Famiglia Garlic | Bread Slices 270g | $1.48 per 100g | 32,96.23,False,,https://caau.syd1.cdn.digitaloceanspaces.com/wp-content/uploads/catalogue/coles/coles-catalogue-july-2-9-2024-nsw-metro/33.jpg,https://www.catalogueau.com/coles/#catalogue=coles/coles-catalogue-july-2-9-2024-nsw-metro/,save_was_arithmetic,displayed_price;save_was_arithmetic;unit_price,3,verified
Coles,NSW METRO,"Coles Catalogue July 2 - 9, 2024 NSW METRO",2024-07-02,2024-07-09,33,Latina Filled Pasta 625g,8.0,11.0,3.0,27.27,save_amount,625g,$1.28 per 100g,SAVES3 | WASS11 | Latina Filled Pasta 625g | $1.28 per 100g,96.36,False,,https://caau.syd1.cdn.digitaloceanspaces.com/wp-content/uploads/catalogue/coles/coles-catalogue-july-2-9-2024-nsw-metro/33.jpg,https://www.catalogueau.com/coles/#catalogue=coles/coles-catalogue-july-2-9-2024-nsw-metro/,save_was_arithmetic,displayed_price;save_was_arithmetic;unit_price,3,verified
Coles,NSW METRO,"Coles Catalogue July 2 - 9, 2024 NSW METRO",2024-07-02,2024-07-09,33,Coles Kitchen Meals 330g-350g,14.0,15.0,1.0,6.67,save_amount,330g; 350g,,SAVE ‘1 | Coles Kitchen Meals | 330g-350g | 32,94.17,True,single_price_evidence,https://caau.syd1.cdn.digitaloceanspaces.com/wp-content/uploads/catalogue/coles/coles-catalogue-july-2-9-2024-nsw-metro/33.jpg,https://www.catalogueau.com/coles/#catalogue=coles/coles-catalogue-july-2-9-2024-nsw-metro/,displayed_price,displayed_price,1,review
Coles,NSW METRO,"Coles Catalogue July 2 - 9, 2024 NSW METRO",2024-07-02,2024-07-09,33,Coles Simply Sandwich Cheese Slices 500g,4.75,,,,special,500g,$9.50 per kg,Coles Simply Sandwich | Cheese Slices 500g | $9.50 per kg | Bonus,96.43,False,,https://caau.syd1.cdn.digitaloceanspaces.com/wp-content/uploads/catalogue/coles/coles-catalogue-july-2-9-2024-nsw-metro/33.jpg,https://www.catalogueau.com/coles/#catalogue=coles/coles-catalogue-july-2-9-2024-nsw-metro/,displayed_price,displayed_price;unit_price,2,verified
Coles,NSW METRO,"Coles Catalogue July 2 - 9, 2024 NSW METRO",2024-07-02,2024-07-09,34,Tamar Valley Dairy The Creamery Yoghurt 170g,1.45,2.9,1.45,50.0,half_price,170g,$0.85 per 100g,SAVE51.45 | WASS2.90 | Tamar Valley Dairy The Creamery | Yoghurt 170g $0.85 per 100g | LE | < | ay,96.24,False,,https://caau.syd1.cdn.digitaloceanspaces.com/wp-content/uploads/catalogue/coles/coles-catalogue-july-2-9-2024-nsw-metro/34.jpg,https://www.catalogueau.com/coles/#catalogue=coles/coles-catalogue-july-2-9-2024-nsw-metro/,displayed_price,displayed_price;unit_price,2,verified
Coles,NSW METRO,"Coles Catalogue July 2 - 9, 2024 NSW METRO",2024-07-02,2024-07-09,34,Danone Ulitmate Yoghurt 4x115g,4.5,5.75,1.25,21.74,save_amount,4x115g,$0.98 per 100g,WAS$5.75 | WAS$5.75 | MAY 2024 | Danone Ulitmate Yoghurt 4x115g | $0.98 per 100g | AN,92.4,False,,https://caau.syd1.cdn.digitaloceanspaces.com/wp-content/uploads/catalogue/coles/coles-catalogue-july-2-9-2024-nsw-metro/34.jpg,https://www.catalogueau.com/coles/#catalogue=coles/coles-catalogue-july-2-9-2024-nsw-metro/,displayed_price,displayed_price;unit_price,2,verified
Coles,NSW METRO,"Coles Catalogue July 2 - 9, 2024 NSW METRO",2024-07-02,2024-07-09,34,Chobani Greek Yogurt 160g,2.15,2.7,0.55,20.37,save_amount,160g,$1.34 per 100g,SAVES5S‘ | WASS$2.70 | Chobani Greek Yogurt 160g | $1.34 per 100g | = | 25 | WAL,95.07,True,single_price_evidence,https://caau.syd1.cdn.digitaloceanspaces.com/wp-content/uploads/catalogue/coles/coles-catalogue-july-2-9-2024-nsw-metro/34.jpg,https://www.catalogueau.com/coles/#catalogue=coles/coles-catalogue-july-2-9-2024-nsw-metro/,unit_price,unit_price,1,review
Coles,NSW METRO,"Coles Catalogue July 2 - 9, 2024 NSW METRO",2024-07-02,2024-07-09,34,Danone YoPro Perform Protein Yoghurt 175g,2.8,3.7,0.9,24.32,save_amount,175g,$1.60 per 100g,‘WAS$3.70 | ‘WAS$3.70 | Danone YoPro Perform Protein | Yoghurt 175g $1.60 per 100g | a,95.09,True,single_price_evidence,https://caau.syd1.cdn.digitaloceanspaces.com/wp-content/uploads/catalogue/coles/coles-catalogue-july-2-9-2024-nsw-metro/34.jpg,https://www.catalogueau.com/coles/#catalogue=coles/coles-catalogue-july-2-9-2024-nsw-metro/,unit_price,unit_price,1,review
Coles,NSW METRO,"Coles Catalogue July 2 - 9, 2024 NSW METRO",2024-07-02,2024-07-09,34,Chobani Flip Yogurt 140g,2.5,3.5,1.0,28.57,save_amount,140g,$1.79 per 100g,WAS$3.50 | WAS$3.50 | Chobani Flip Yogurt 140g | $1.79 per 100g,94.93,True,single_price_evidence,https://caau.syd1.cdn.digitaloceanspaces.com/wp-content/uploads/catalogue/coles/coles-catalogue-july-2-9-2024-nsw-metro/34.jpg,https://www.catalogueau.com/coles/#catalogue=coles/coles-catalogue-july-2-9-2024-nsw-metro/,unit_price,unit_price,1,review
Coles,NSW METRO,"Coles Catalogue July 2 - 9, 2024 NSW METRO",2024-07-02,2024-07-09,34,Dairy Farmers Thick & Creamy Yoghurt 550g-600g,4.4,5.5,1.1,20.0,save_amount,550g; 600g,,SAVE‘1.10 | WASS5.50 | Dairy Farmers Thick & Creamy | Yoghurt 550g-600g,94.2,False,,https://caau.syd1.cdn.digitaloceanspaces.com/wp-content/uploads/catalogue/coles/coles-catalogue-july-2-9-2024-nsw-metro/34.jpg,https://www.catalogueau.com/coles/#catalogue=coles/coles-catalogue-july-2-9-2024-nsw-metro/,save_was_arithmetic,displayed_price;save_was_arithmetic,2,verified
Coles,NSW METRO,"Coles Catalogue July 2 - 9, 2024 NSW METRO",2024-07-02,2024-07-09,34,Western Star Butter 250g,4.0,5.2,1.2,23.08,save_amount,250g,$1.60 per 100g,"SAVE51.20 | WASS$5.20 | Western Star Butter 250g | $1.60 | $1.60 per 100g | Catalogue on sale Wed 3rd Jul until Tue 9th Jul 2024 or until Tue 16th Jul where indicated. Selected specials | commenced Wed 26th Jun. Promotional prices commence 7am Wednesday and may commence or extend beyond the | advertised date. Promotional products and prices are not available on DoorDash, UberEats or at Coles Express, and may not be",95.95,False,,https://caau.syd1.cdn.digitaloceanspaces.com/wp-content/uploads/catalogue/coles/coles-catalogue-july-2-9-2024-nsw-metro/34.jpg,https://www.catalogueau.com/coles/#catalogue=coles/coles-catalogue-july-2-9-2024-nsw-metro/,displayed_price,displayed_price;unit_price,2,verified
Coles,NSW METRO,"Coles Catalogue July 2 - 9, 2024 NSW METRO",2024-07-02,2024-07-09,34,Flora ProActiv Margarine 500g,7.5,,,,special,500g,$1.50 per 100g,Flora ProActiv Margarine 500g | $1.50 | $1.50 per 100g,94.22,True,offer_labels_missing;save_amount_missing;regular_price_missing;inferred_price_requires_review,https://caau.syd1.cdn.digitaloceanspaces.com/wp-content/uploads/catalogue/coles/coles-catalogue-july-2-9-2024-nsw-metro/34.jpg,https://www.catalogueau.com/coles/#catalogue=coles/coles-catalogue-july-2-9-2024-nsw-metro/,unit_price,grid_inference;unit_price,1,review
Coles,NSW METRO,"Coles Catalogue July 2 - 9, 2024 NSW METRO",2024-07-02,2024-07-09,34,SAVE51.45 Tamar Valley Dairy The Creamery,45.0,,,,special,,$0.85 per 100g,SAVE51.45 | Tamar Valley Dairy The Creamery | Yoghurt 170g $0.85 per 100g,78.32,True,offer_labels_missing;save_amount_missing;regular_price_missing;low_name_confidence_strict;single_price_evidence,https://caau.syd1.cdn.digitaloceanspaces.com/wp-content/uploads/catalogue/coles/coles-catalogue-july-2-9-2024-nsw-metro/34.jpg,https://www.catalogueau.com/coles/#catalogue=coles/coles-catalogue-july-2-9-2024-nsw-metro/,displayed_price,displayed_price,1,review
Coles,NSW METRO,"Coles Catalogue July 2 - 9, 2024 NSW METRO",2024-07-02,2024-07-09,35,Rokeby Farm Protein Smoothies 425mL,3.1,4.65,1.55,33.33,save_amount,425mL,$7.29 per litre,WASS4.65 | WASS4.65 | Rokeby Farm Protein Smoothies | 425mL $7.29 per litre. | 2nd week on Sale,95.67,False,,https://caau.syd1.cdn.digitaloceanspaces.com/wp-content/uploads/catalogue/coles/coles-catalogue-july-2-9-2024-nsw-metro/35.jpg,https://www.catalogueau.com/coles/#catalogue=coles/coles-catalogue-july-2-9-2024-nsw-metro/,displayed_price,displayed_price;unit_price,2,verified
Coles,NSW METRO,"Coles Catalogue July 2 - 9, 2024 NSW METRO",2024-07-02,2024-07-09,35,Ice Break Flavoured Milk 500mL,2.9,3.8,0.9,23.68,save_amount,500mL,$5.80 per litre,WAS $3.80 | WAS $3.80 | Ice Break Flavoured Milk 500mL | $5.80 per litre,94.84,False,,https://caau.syd1.cdn.digitaloceanspaces.com/wp-content/uploads/catalogue/coles/coles-catalogue-july-2-9-2024-nsw-metro/35.jpg,https://www.catalogueau.com/coles/#catalogue=coles/coles-catalogue-july-2-9-2024-nsw-metro/,displayed_price,displayed_price;unit_price,2,verified
Coles,NSW METRO,"Coles Catalogue July 2 - 9, 2024 NSW METRO",2024-07-02,2024-07-09,35,Dare Flavoured Milk 750mL,4.25,5.35,1.1,20.56,save_amount,750mL,$5.67 per litre,WASS5.35 | WASS5.35 | Dare Flavoured Milk 750mL | $5.67 per litre,94.17,True,single_price_evidence,https://caau.syd1.cdn.digitaloceanspaces.com/wp-content/uploads/catalogue/coles/coles-catalogue-july-2-9-2024-nsw-metro/35.jpg,https://www.catalogueau.com/coles/#catalogue=coles/coles-catalogue-july-2-9-2024-nsw-metro/,unit_price,unit_price,1,review
Coles,NSW METRO,"Coles Catalogue July 2 - 9, 2024 NSW METRO",2024-07-02,2024-07-09,35,Oak Flavoured Milk 600mL,3.0,3.9,0.9,23.08,save_amount,600mL,$5.00 per litre,WAS$3.90 | WAS$3.90 | Oak Flavoured Milk 600mL | $5.00 per litre | $5.00 | litre | ADVERTISER PRON,94.7,False,,https://caau.syd1.cdn.digitaloceanspaces.com/wp-content/uploads/catalogue/coles/coles-catalogue-july-2-9-2024-nsw-metro/35.jpg,https://www.catalogueau.com/coles/#catalogue=coles/coles-catalogue-july-2-9-2024-nsw-metro/,displayed_price,displayed_price;unit_price,2,verified
Coles,NSW METRO,"Coles Catalogue July 2 - 9, 2024 NSW METRO",2024-07-02,2024-07-09,35,Unicorn Classic Camembert or Brie 125g,5.0,,,,special,125g,$40.00 per kg,Unicorn Classic Camembert | or Brie 125g $40.00 per kg,96.15,False,,https://caau.syd1.cdn.digitaloceanspaces.com/wp-content/uploads/catalogue/coles/coles-catalogue-july-2-9-2024-nsw-metro/35.jpg,https://www.catalogueau.com/coles/#catalogue=coles/coles-catalogue-july-2-9-2024-nsw-metro/,displayed_price,displayed_price;unit_price,2,verified
Coles,NSW METRO,"Coles Catalogue July 2 - 9, 2024 NSW METRO",2024-07-02,2024-07-09,35,Daily Juice Breakfast Burst Juice 2 Litre,5.9,,,,special,2 Litre,$2.95 per litre,Daily Juice Breakfast Burst Juice | 2 Litre $2.95 per litre,95.99,False,,https://caau.syd1.cdn.digitaloceanspaces.com/wp-content/uploads/catalogue/coles/coles-catalogue-july-2-9-2024-nsw-metro/35.jpg,https://www.catalogueau.com/coles/#catalogue=coles/coles-catalogue-july-2-9-2024-nsw-metro/,displayed_price,displayed_price;unit_price,2,verified
Coles,NSW METRO,"Coles Catalogue July 2 - 9, 2024 NSW METRO",2024-07-02,2024-07-09,35,Tasmanian Heritage Cheese Wedge Trilogy 140g,6.5,,,,special,140g,$46.43 per kg,Tasmanian Heritage Cheese | Wedge Trilogy 140g $46.43 per kg | ———— | -,96.55,True,single_price_evidence,https://caau.syd1.cdn.digitaloceanspaces.com/wp-content/uploads/catalogue/coles/coles-catalogue-july-2-9-2024-nsw-metro/35.jpg,https://www.catalogueau.com/coles/#catalogue=coles/coles-catalogue-july-2-9-2024-nsw-metro/,unit_price,unit_price,1,review
Coles,NSW METRO,"Coles Catalogue July 2 - 9, 2024 NSW METRO",2024-07-02,2024-07-09,36,Birds Eye Oven Bake Fish Fillets 425g,6.0,12.0,6.0,50.0,half_price,425g,$14.12 per kg,SAVE*6 | WASS12 | Birds Eye Oven Bake Fish Fillets | 425g $14.12 per kg,96.15,False,,https://caau.syd1.cdn.digitaloceanspaces.com/wp-content/uploads/catalogue/coles/coles-catalogue-july-2-9-2024-nsw-metro/36.jpg,https://www.catalogueau.com/coles/#catalogue=coles/coles-catalogue-july-2-9-2024-nsw-metro/,save_was_arithmetic,displayed_price;save_was_arithmetic;unit_price,3,verified
Coles,NSW METRO,"Coles Catalogue July 2 - 9, 2024 NSW METRO",2024-07-02,2024-07-09,36,Hong Kong Dim Sim Kitchen Pork & Chive Dumplings or BBQ Pork Buns 300g,4.25,8.5,4.25,50.0,half_price,300g,$1.42 per 100g,SAVES4.25 | WASS8.50 | Hong Kong Dim Sim Kitchen Pork & Chive | Dumplings or BBQ Pork Buns 300g | $1.42 per 100g. On sale for 2 weeks,96.12,False,,https://caau.syd1.cdn.digitaloceanspaces.com/wp-content/uploads/catalogue/coles/coles-catalogue-july-2-9-2024-nsw-metro/36.jpg,https://www.catalogueau.com/coles/#catalogue=coles/coles-catalogue-july-2-9-2024-nsw-metro/,save_was_arithmetic,save_was_arithmetic;unit_price,2,verified
Coles,NSW METRO,"Coles Catalogue July 2 - 9, 2024 NSW METRO",2024-07-02,2024-07-09,36,Dr Oetker Ristorante Pizza 310g-390g,6.5,9.0,2.5,27.78,save_amount,310g; 390g,,SAVES2.50 | Dr Oetker Ristorante Pizza | 310g-390g,94.38,True,single_price_evidence,https://caau.syd1.cdn.digitaloceanspaces.com/wp-content/uploads/catalogue/coles/coles-catalogue-july-2-9-2024-nsw-metro/36.jpg,https://www.catalogueau.com/coles/#catalogue=coles/coles-catalogue-july-2-9-2024-nsw-metro/,displayed_price,displayed_price,1,review
Coles,NSW METRO,"Coles Catalogue July 2 - 9, 2024 NSW METRO",2024-07-02,2024-07-09,36,Herbert Adams Slow Cooked Beef Pies 2 Pack 400g-420g,6.9,9.5,2.6,27.37,save_amount,2 Pack; 400g; 420g,,SAVE$2.60 | WASS9.50 | Herbert Adams Slow Cooked Beef Pies | 2 Pack 400g-420g | PUB FAVES (jjouu,94.21,True,single_price_evidence,https://caau.syd1.cdn.digitaloceanspaces.com/wp-content/uploads/catalogue/coles/coles-catalogue-july-2-9-2024-nsw-metro/36.jpg,https://www.catalogueau.com/coles/#catalogue=coles/coles-catalogue-july-2-9-2024-nsw-metro/,save_was_arithmetic,save_was_arithmetic,1,review
Coles,NSW METRO,"Coles Catalogue July 2 - 9, 2024 NSW METRO",2024-07-02,2024-07-09,36,On The Menu Entrée Meal 260g,3.0,4.5,1.5,33.33,save_amount,260g,$1.15 per 100g,"SAVE51,50 | WASS4.50 | On The Menu Entrée Meal 260g | $1.15 per 100g. On sale for 2 weeks | NSW-METRO-0307-24-252234",94.33,False,,https://caau.syd1.cdn.digitaloceanspaces.com/wp-content/uploads/catalogue/coles/coles-catalogue-july-2-9-2024-nsw-metro/36.jpg,https://www.catalogueau.com/coles/#catalogue=coles/coles-catalogue-july-2-9-2024-nsw-metro/,displayed_price,displayed_price;unit_price,2,verified
Coles,NSW METRO,"Coles Catalogue July 2 - 9, 2024 NSW METRO",2024-07-02,2024-07-09,36,On The Menu Plated Meal 320g,5.6,7.0,1.4,20.0,save_amount,320g,$1.75 per 100g,SAVE 51.40 | WASS7 | On The Menu Plated Meal 320g | $1.75 per 100g | 35,96.04,False,,https://caau.syd1.cdn.digitaloceanspaces.com/wp-content/uploads/catalogue/coles/coles-catalogue-july-2-9-2024-nsw-metro/36.jpg,https://www.catalogueau.com/coles/#catalogue=coles/coles-catalogue-july-2-9-2024-nsw-metro/,save_was_arithmetic,save_was_arithmetic;unit_price,2,verified
Coles,NSW METRO,"Coles Catalogue July 2 - 9, 2024 NSW METRO",2024-07-02,2024-07-09,36,The Sweetporium Co Ice Cream 1 Litre,8.0,10.0,2.0,20.0,save_amount,1 Litre,$0.80 per 100mL,SAVES2 | WASS10 | The Sweetporium Co Ice Cream | 1 Litre $0.80 per 100mL,94.44,False,,https://caau.syd1.cdn.digitaloceanspaces.com/wp-content/uploads/catalogue/coles/coles-catalogue-july-2-9-2024-nsw-metro/36.jpg,https://www.catalogueau.com/coles/#catalogue=coles/coles-catalogue-july-2-9-2024-nsw-metro/,save_was_arithmetic,displayed_price;save_was_arithmetic;unit_price,3,verified
Coles,NSW METRO,"Coles Catalogue July 2 - 9, 2024 NSW METRO",2024-07-02,2024-07-09,37,Bulla Murray Street 1 Litre,6.0,12.0,6.0,50.0,half_price,1 Litre,$0.60 per 100mL,WASS12 | WASS12 | Bulla Murray Street 1 Litre | $0.60 per 100mL. On sale for 2 weeks | — | _ | s,96.23,False,,https://caau.syd1.cdn.digitaloceanspaces.com/wp-content/uploads/catalogue/coles/coles-catalogue-july-2-9-2024-nsw-metro/37.jpg,https://www.catalogueau.com/coles/#catalogue=coles/coles-catalogue-july-2-9-2024-nsw-metro/,displayed_price,displayed_price;page_discount;unit_price,2,verified
Coles,NSW METRO,"Coles Catalogue July 2 - 9, 2024 NSW METRO",2024-07-02,2024-07-09,37,Bulla Murray Street Sticks 400mL,5.25,10.5,5.25,50.0,half_price,400mL,$1.31 per 100mL,WASS10.50 | WASS10.50 | Bulla Murray Street Sticks 400mL | $1.31 per 100mL | (M) f,95.1,False,,https://caau.syd1.cdn.digitaloceanspaces.com/wp-content/uploads/catalogue/coles/coles-catalogue-july-2-9-2024-nsw-metro/37.jpg,https://www.catalogueau.com/coles/#catalogue=coles/coles-catalogue-july-2-9-2024-nsw-metro/,displayed_price,displayed_price;page_discount;unit_price,2,verified
Coles,NSW METRO,"Coles Catalogue July 2 - 9, 2024 NSW METRO",2024-07-02,2024-07-09,37,Bulla Multi Packs 8 Pack-14 Pack 400mL-750mL,4.25,8.5,4.25,50.0,half_price,8 Pack; 14 Pack; 400mL; 750mL,,WASS$8.50 | WASS$8.50 | Bulla Multi Packs | 8 Pack-14 Pack | 400mL-750mL,93.57,True,inferred_price_requires_review,https://caau.syd1.cdn.digitaloceanspaces.com/wp-content/uploads/catalogue/coles/coles-catalogue-july-2-9-2024-nsw-metro/37.jpg,https://www.catalogueau.com/coles/#catalogue=coles/coles-catalogue-july-2-9-2024-nsw-metro/,page_discount_inference,page_discount,0,review
Coles,NSW METRO,"Coles Catalogue July 2 - 9, 2024 NSW METRO",2024-07-02,2024-07-09,37,Streets Golden Gaytime or Rainbow Paddlepop 1 Litre,7.5,10.0,2.5,25.0,save_amount,1 Litre,$0.75 per 100mL,WASS10 | WASS10 | Streets Golden Gaytime | or Rainbow Paddlepop | 1 Litre $0.75 per 100mL | ——,92.66,True,single_price_evidence,https://caau.syd1.cdn.digitaloceanspaces.com/wp-content/uploads/catalogue/coles/coles-catalogue-july-2-9-2024-nsw-metro/37.jpg,https://www.catalogueau.com/coles/#catalogue=coles/coles-catalogue-july-2-9-2024-nsw-metro/,unit_price,unit_price,1,review
Coles,NSW METRO,"Coles Catalogue July 2 - 9, 2024 NSW METRO",2024-07-02,2024-07-09,37,Streets Paddle Pop 544mL,7.0,9.0,2.0,22.22,save_amount,544mL,$1.29 per 100mL,WASS9 | WASS9 | Streets Paddle Pop | 544mL $1.29 per 100mL | =,88.49,False,,https://caau.syd1.cdn.digitaloceanspaces.com/wp-content/uploads/catalogue/coles/coles-catalogue-july-2-9-2024-nsw-metro/37.jpg,https://www.catalogueau.com/coles/#catalogue=coles/coles-catalogue-july-2-9-2024-nsw-metro/,displayed_price,displayed_price;unit_price,2,verified
Coles,NSW METRO,"Coles Catalogue July 2 - 9, 2024 NSW METRO",2024-07-02,2024-07-09,37,Magnum Sticks 340mL,8.0,11.5,3.5,30.43,save_amount,340mL,$2.35 per 100mL,WASS11.50 | WASS11.50 | Magnum Sticks 340mL | $2.35 per 100mL | 2nd week on sale,93.57,False,,https://caau.syd1.cdn.digitaloceanspaces.com/wp-content/uploads/catalogue/coles/coles-catalogue-july-2-9-2024-nsw-metro/37.jpg,https://www.catalogueau.com/coles/#catalogue=coles/coles-catalogue-july-2-9-2024-nsw-metro/,displayed_price,displayed_price;unit_price,2,verified
Coles,NSW METRO,"Coles Catalogue July 2 - 9, 2024 NSW METRO",2024-07-02,2024-07-09,37,Peters Maxibon 560mL,7.5,10.5,3.0,28.57,save_amount,560mL,$1.34 per 100mL,WASS10.50 | WASS10.50 | Peters Maxibon 560mL | $1.34 per 100mL,91.72,False,,https://caau.syd1.cdn.digitaloceanspaces.com/wp-content/uploads/catalogue/coles/coles-catalogue-july-2-9-2024-nsw-metro/37.jpg,https://www.catalogueau.com/coles/#catalogue=coles/coles-catalogue-july-2-9-2024-nsw-metro/,displayed_price,displayed_price;unit_price,2,verified
Coles,NSW METRO,"Coles Catalogue July 2 - 9, 2024 NSW METRO",2024-07-02,2024-07-09,37,McCain Quick Cook Chips 750g,4.6,5.8,1.2,20.69,save_amount,750g,$6.13 per kg,WASS5.80 | WASS5.80 | McCain Quick Cook | Chips 750g $6.13 per kg,96.37,True,single_price_evidence,https://caau.syd1.cdn.digitaloceanspaces.com/wp-content/uploads/catalogue/coles/coles-catalogue-july-2-9-2024-nsw-metro/37.jpg,https://www.catalogueau.com/coles/#catalogue=coles/coles-catalogue-july-2-9-2024-nsw-metro/,unit_price,unit_price,1,review
Coles,NSW METRO,"Coles Catalogue July 2 - 9, 2024 NSW METRO",2024-07-02,2024-07-09,37,Haagen-Dazs Mini Tub 4 Pack 380mL,10.0,13.5,3.5,25.93,save_amount,4 Pack; 380mL,$2.63 per 100mL,WASS13.50 | WASS13.50 | Haagen-Dazs Mini Tub | 4 Pack 380mL | $2.63 per 100mL | NSW-METRO-0307-24-252234,81.3,False,,https://caau.syd1.cdn.digitaloceanspaces.com/wp-content/uploads/catalogue/coles/coles-catalogue-july-2-9-2024-nsw-metro/37.jpg,https://www.catalogueau.com/coles/#catalogue=coles/coles-catalogue-july-2-9-2024-nsw-metro/,displayed_price,displayed_price;unit_price,2,verified
Coles,NSW METRO,"Coles Catalogue July 2 - 9, 2024 NSW METRO",2024-07-02,2024-07-09,37,Coles Sweet Potato Waffle Fries 500g,6.0,,,,special,500g,$12.00 per kg,Coles Sweet Potato | Waffle Fries 500g | $12.00 per kg,95.93,False,,https://caau.syd1.cdn.digitaloceanspaces.com/wp-content/uploads/catalogue/coles/coles-catalogue-july-2-9-2024-nsw-metro/37.jpg,https://www.catalogueau.com/coles/#catalogue=coles/coles-catalogue-july-2-9-2024-nsw-metro/,displayed_price,displayed_price;unit_price,2,verified
Coles,NSW METRO,"Coles Catalogue July 2 - 9, 2024 NSW METRO",2024-07-02,2024-07-09,38,Nature's Way Adult Vita Gummies Multivitamins or Vitamin C 120 Pack*,12.0,24.0,12.0,50.0,half_price,120 Pack,$10.00 per 100 each,SAVES12 | WASS$24 | Nature's Way Adult Vita | Gummies Multivitamins | or Vitamin C 120 Pack* | $10.00 per 100 each,94.06,False,,https://caau.syd1.cdn.digitaloceanspaces.com/wp-content/uploads/catalogue/coles/coles-catalogue-july-2-9-2024-nsw-metro/38.jpg,https://www.catalogueau.com/coles/#catalogue=coles/coles-catalogue-july-2-9-2024-nsw-metro/,save_was_arithmetic,displayed_price;save_was_arithmetic;unit_price,3,verified
Coles,NSW METRO,"Coles Catalogue July 2 - 9, 2024 NSW METRO",2024-07-02,2024-07-09,38,Nature's Way Adult Vita Gummies Hair Skin Nails 150 Pack*,20.0,40.0,20.0,50.0,half_price,150 Pack,$13.33 per 100 each,SAVE°20 | WAS$40 | Nature's Way Adult Vita Gummies | Hair Skin Nails 150 Pack* | $13.33 per 100 each | — —,94.1,False,,https://caau.syd1.cdn.digitaloceanspaces.com/wp-content/uploads/catalogue/coles/coles-catalogue-july-2-9-2024-nsw-metro/38.jpg,https://www.catalogueau.com/coles/#catalogue=coles/coles-catalogue-july-2-9-2024-nsw-metro/,save_was_arithmetic,displayed_price;save_was_arithmetic;unit_price,3,verified
Coles,NSW METRO,"Coles Catalogue July 2 - 9, 2024 NSW METRO",2024-07-02,2024-07-09,38,Swisse Ultivite Multivitamins 60 Pack*,19.75,39.5,19.75,50.0,half_price,60 Pack,$32.92 per 100 each,SAVE519.75 | WAS$39.50 | Swisse Ultivite Multivitamins | 60 Pack* $32.92 per 100 each: | On sale for 2 weeks | — —,93.22,True,single_price_evidence,https://caau.syd1.cdn.digitaloceanspaces.com/wp-content/uploads/catalogue/coles/coles-catalogue-july-2-9-2024-nsw-metro/38.jpg,https://www.catalogueau.com/coles/#catalogue=coles/coles-catalogue-july-2-9-2024-nsw-metro/,unit_price,unit_price,1,review
Coles,NSW METRO,"Coles Catalogue July 2 - 9, 2024 NSW METRO",2024-07-02,2024-07-09,38,Blackmores Probiotics+ Immune Defence 30 Pack*,17.5,35.0,17.5,50.0,half_price,30 Pack,$58.33 per 100 each,SAVES17.50 | Blackmores Probiotics+ | Immune Defence 30 Pack* | $58.33 per 100 each,93.57,True,single_price_evidence,https://caau.syd1.cdn.digitaloceanspaces.com/wp-content/uploads/catalogue/coles/coles-catalogue-july-2-9-2024-nsw-metro/38.jpg,https://www.catalogueau.com/coles/#catalogue=coles/coles-catalogue-july-2-9-2024-nsw-metro/,unit_price,unit_price,1,review
Coles,NSW METRO,"Coles Catalogue July 2 - 9, 2024 NSW METRO",2024-07-02,2024-07-09,38,Blackmores Omega Triple Strength Fish Oil 60 Pack*,20.0,40.0,20.0,50.0,half_price,60 Pack,$33.33 per 100 each,SAVE520 | WASS$40 | Blackmores Omega Triple | Strength Fish Oil 60 Pack* | $33.33 per 100 each,94.36,False,,https://caau.syd1.cdn.digitaloceanspaces.com/wp-content/uploads/catalogue/coles/coles-catalogue-july-2-9-2024-nsw-metro/38.jpg,https://www.catalogueau.com/coles/#catalogue=coles/coles-catalogue-july-2-9-2024-nsw-metro/,displayed_price,displayed_price;unit_price,2,verified
Coles,NSW METRO,"Coles Catalogue July 2 - 9, 2024 NSW METRO",2024-07-02,2024-07-09,38,Blackmores Bio C 1000mg Tablets 150 Pack*,24.5,49.0,24.5,50.0,half_price,150 Pack,$16.33 per 100 each,SAVES24.50 | Blackmores Bio C 1000mg | Tablets 150 Pack* | $16.33 per 100 each,94.31,True,single_price_evidence,https://caau.syd1.cdn.digitaloceanspaces.com/wp-content/uploads/catalogue/coles/coles-catalogue-july-2-9-2024-nsw-metro/38.jpg,https://www.catalogueau.com/coles/#catalogue=coles/coles-catalogue-july-2-9-2024-nsw-metro/,unit_price,unit_price,1,review
Coles,NSW METRO,"Coles Catalogue July 2 - 9, 2024 NSW METRO",2024-07-02,2024-07-09,38,Gillette Venus Comfortglide,2.5,10.0,7.5,75.0,save_amount,,$2.50 per each,SAVES5 | WASS10 | Gillette Venus | Comfortglide | Disposable Razors | 2 Pack $2.50 per each,91.86,True,single_price_evidence,https://caau.syd1.cdn.digitaloceanspaces.com/wp-content/uploads/catalogue/coles/coles-catalogue-july-2-9-2024-nsw-metro/38.jpg,https://www.catalogueau.com/coles/#catalogue=coles/coles-catalogue-july-2-9-2024-nsw-metro/,unit_price,unit_price,1,review
Coles,NSW METRO,"Coles Catalogue July 2 - 9, 2024 NSW METRO",2024-07-02,2024-07-09,38,Twenty4 Body Mist 200mL,6.0,12.0,6.0,50.0,half_price,200mL,$3.00 per 100mL,SAVE*6 | WASS12 | Twenty4 Body Mist | 200mL $3.00 per 100mL. | 2nd week on sale | “This medicine may not be right for you. Read the label before purchase. Follow the directions for use. If symptoms,92.36,False,,https://caau.syd1.cdn.digitaloceanspaces.com/wp-content/uploads/catalogue/coles/coles-catalogue-july-2-9-2024-nsw-metro/38.jpg,https://www.catalogueau.com/coles/#catalogue=coles/coles-catalogue-july-2-9-2024-nsw-metro/,save_was_arithmetic,displayed_price;save_was_arithmetic;unit_price,3,verified
Coles,NSW METRO,"Coles Catalogue July 2 - 9, 2024 NSW METRO",2024-07-02,2024-07-09,38,Rimmel BB Cream 30mL,8.5,17.0,8.5,50.0,half_price,30mL,,SAVES8.50 | WASS17 | Rimmel BB Cream 30mL | $2.83 per 10mL | “This medicine may not be right for you. Read the label before purchase. Follow the directions for use. If symptoms,94.07,False,,https://caau.syd1.cdn.digitaloceanspaces.com/wp-content/uploads/catalogue/coles/coles-catalogue-july-2-9-2024-nsw-metro/38.jpg,https://www.catalogueau.com/coles/#catalogue=coles/coles-catalogue-july-2-9-2024-nsw-metro/,save_was_arithmetic,displayed_price;save_was_arithmetic,2,verified
Coles,NSW METRO,"Coles Catalogue July 2 - 9, 2024 NSW METRO",2024-07-02,2024-07-09,38,Olay Eyes Collagen Peptide 24 Eye Cream 15mL,30.0,60.0,30.0,50.0,half_price,15mL,$200.00 per 100mL,SAVE‘30 | WAS$60 | Olay Eyes Collagen | Peptide 24 Eye Cream | 15mL $200.00 per 100mL,95.35,False,,https://caau.syd1.cdn.digitaloceanspaces.com/wp-content/uploads/catalogue/coles/coles-catalogue-july-2-9-2024-nsw-metro/38.jpg,https://www.catalogueau.com/coles/#catalogue=coles/coles-catalogue-july-2-9-2024-nsw-metro/,save_was_arithmetic,displayed_price;save_was_arithmetic;unit_price,3,verified
Coles,NSW METRO,"Coles Catalogue July 2 - 9, 2024 NSW METRO",2024-07-02,2024-07-09,39,Pantene Shampoo or Conditioner 900mL,10.0,20.0,10.0,50.0,half_price,900mL,$1.11 per 100mL,SAVES10 | WASS$20 | Pantene Shampoo or Conditioner | 900mL $1.11 per 100mL | &,92.7,False,,https://caau.syd1.cdn.digitaloceanspaces.com/wp-content/uploads/catalogue/coles/coles-catalogue-july-2-9-2024-nsw-metro/39.jpg,https://www.catalogueau.com/coles/#catalogue=coles/coles-catalogue-july-2-9-2024-nsw-metro/,save_was_arithmetic,displayed_price;save_was_arithmetic;unit_price,3,verified
Coles,NSW METRO,"Coles Catalogue July 2 - 9, 2024 NSW METRO",2024-07-02,2024-07-09,39,Herbal Essences Classic Shampoo or Conditioner 400mL,5.25,10.5,5.25,50.0,half_price,400mL,$1.31 per 100mL,SAVE%5.25 | WASS10.50 | Herbal Essences Classic Shampoo | or Conditioner 400mL $1.31 per 100mL | ———o | ~,94.1,False,,https://caau.syd1.cdn.digitaloceanspaces.com/wp-content/uploads/catalogue/coles/coles-catalogue-july-2-9-2024-nsw-metro/39.jpg,https://www.catalogueau.com/coles/#catalogue=coles/coles-catalogue-july-2-9-2024-nsw-metro/,save_was_arithmetic,displayed_price;save_was_arithmetic;unit_price,3,verified
Coles,NSW METRO,"Coles Catalogue July 2 - 9, 2024 NSW METRO",2024-07-02,2024-07-09,39,Dove Advanced Care Antiperspirant Aerosol Deodorant 250mL,8.0,11.5,3.5,30.43,save_amount,250mL,$3.20 per 100mL,SAVE53.50 | WASS$11.50 | Dove Advanced Care | Antiperspirant Aerosol | Deodorant 250mL | $3.20 per 100mL,93.27,False,,https://caau.syd1.cdn.digitaloceanspaces.com/wp-content/uploads/catalogue/coles/coles-catalogue-july-2-9-2024-nsw-metro/39.jpg,https://www.catalogueau.com/coles/#catalogue=coles/coles-catalogue-july-2-9-2024-nsw-metro/,displayed_price,displayed_price;unit_price,2,verified
Coles,NSW METRO,"Coles Catalogue July 2 - 9, 2024 NSW METRO",2024-07-02,2024-07-09,39,Essano Vitamin C Super Glow Facial Oil 20mL,15.0,30.0,15.0,50.0,half_price,20mL,$75.00 per 100mL,SAVE*15 | WAS$30 | Essano Vitamin C Super | Glow Facial Oil 20mL | $75.00 per 100mL | —— | SS,93.24,False,,https://caau.syd1.cdn.digitaloceanspaces.com/wp-content/uploads/catalogue/coles/coles-catalogue-july-2-9-2024-nsw-metro/39.jpg,https://www.catalogueau.com/coles/#catalogue=coles/coles-catalogue-july-2-9-2024-nsw-metro/,save_was_arithmetic,displayed_price;save_was_arithmetic;unit_price,3,verified
Coles,NSW METRO,"Coles Catalogue July 2 - 9, 2024 NSW METRO",2024-07-02,2024-07-09,39,Lynx Antiperspirant Aerosol Deodorant 150mL,7.0,10.0,3.0,30.0,save_amount,150mL,$4.67 per 100mL,SAVES3 | WASS10 | Lynx Antiperspirant | Aerosol Deodorant | 150mL $4.67 per 100mL | Strepsils,93.49,False,,https://caau.syd1.cdn.digitaloceanspaces.com/wp-content/uploads/catalogue/coles/coles-catalogue-july-2-9-2024-nsw-metro/39.jpg,https://www.catalogueau.com/coles/#catalogue=coles/coles-catalogue-july-2-9-2024-nsw-metro/,save_was_arithmetic,displayed_price;save_was_arithmetic;unit_price,3,verified
Coles,NSW METRO,"Coles Catalogue July 2 - 9, 2024 NSW METRO",2024-07-02,2024-07-09,39,Dove Body Wash 1 Litre,11.9,17.0,5.1,30.0,save_amount,1 Litre,$1.19 per 100mL,SAVE*5.10 | WASS17 | Dove Body Wash 1 Litre | $1.19 per 100mL. | 2nd week on sale | SAMRusnr | Sambucol,96.34,False,,https://caau.syd1.cdn.digitaloceanspaces.com/wp-content/uploads/catalogue/coles/coles-catalogue-july-2-9-2024-nsw-metro/39.jpg,https://www.catalogueau.com/coles/#catalogue=coles/coles-catalogue-july-2-9-2024-nsw-metro/,save_was_arithmetic,save_was_arithmetic;unit_price,2,verified
Coles,NSW METRO,"Coles Catalogue July 2 - 9, 2024 NSW METRO",2024-07-02,2024-07-09,39,Codral Cold & Flu Tablets 20 Pack*,14.4,16.0,1.6,10.0,save_amount,20 Pack,$0.72 per each,WASS16 | WASS16 | MAY 2024 | Codral Cold & Flu Tablets | 20 Pack* $0.72 per each,92.9,True,single_price_evidence,https://caau.syd1.cdn.digitaloceanspaces.com/wp-content/uploads/catalogue/coles/coles-catalogue-july-2-9-2024-nsw-metro/39.jpg,https://www.catalogueau.com/coles/#catalogue=coles/coles-catalogue-july-2-9-2024-nsw-metro/,unknown,,0,review
Coles,NSW METRO,"Coles Catalogue July 2 - 9, 2024 NSW METRO",2024-07-02,2024-07-09,39,"Ease a Cold Capsules Cough, Cold & Flu",0.53,18.3,17.77,97.1,save_amount,,$0.53 per each,"SAVE‘5.50 | WASS18.30 | Ease a Cold Capsules | Cough, Cold & Flu | Pack* $0.53 per each | ‘This medicine may not be right for you. Read the label before purchase. Follow the directions for use. | Incorrect use could be harmful. If symptoms persist, talk to your healthcare professional.",95.6,True,single_price_evidence,https://caau.syd1.cdn.digitaloceanspaces.com/wp-content/uploads/catalogue/coles/coles-catalogue-july-2-9-2024-nsw-metro/39.jpg,https://www.catalogueau.com/coles/#catalogue=coles/coles-catalogue-july-2-9-2024-nsw-metro/,unit_price,unit_price,1,review
Coles,NSW METRO,"Coles Catalogue July 2 - 9, 2024 NSW METRO",2024-07-02,2024-07-09,39,Sambucol Cold & Flu Liquid 120mL*,13.3,19.0,5.7,30.0,save_amount,120mL,$11.08 per 100mL,SAVE*5.70 | WASS19 | Sambucol Cold & Flu | Liquid 120mL* | $11.08 | $11.08 per 100mL,93.27,False,,https://caau.syd1.cdn.digitaloceanspaces.com/wp-content/uploads/catalogue/coles/coles-catalogue-july-2-9-2024-nsw-metro/39.jpg,https://www.catalogueau.com/coles/#catalogue=coles/coles-catalogue-july-2-9-2024-nsw-metro/,save_was_arithmetic,save_was_arithmetic;unit_price,2,verified
Coles,NSW METRO,"Coles Catalogue July 2 - 9, 2024 NSW METRO",2024-07-02,2024-07-09,39,Strepsils Lozenges 36 Pack”,10.45,12.5,2.05,16.4,save_amount,36 Pack,$0.29 per each,"WASS$12.50 | WASS$12.50 | Strepsils Lozenges | 36 Pack” $0.29 per each | ‘This medicine may not be right for you. Read the label before purchase. Follow the directions for use. | Incorrect use could be harmful. If symptoms persist, talk to your healthcare professional.",89.49,True,single_price_evidence,https://caau.syd1.cdn.digitaloceanspaces.com/wp-content/uploads/catalogue/coles/coles-catalogue-july-2-9-2024-nsw-metro/39.jpg,https://www.catalogueau.com/coles/#catalogue=coles/coles-catalogue-july-2-9-2024-nsw-metro/,unknown,,0,review
Coles,NSW METRO,"Coles Catalogue July 2 - 9, 2024 NSW METRO",2024-07-02,2024-07-09,40,Tommee Tippee Training Sippee Cup or Weighted Straw Toddler Cup 300mL 1 Pack,6.0,12.0,6.0,50.0,half_price,300mL; 1 Pack,,WASS12 | WASS12 | Tommee Tippee Training Sippee | Cup or Weighted Straw Toddler | Cup 300mL 1 Pack | 2nd week on sale,94.31,True,inferred_price_requires_review,https://caau.syd1.cdn.digitaloceanspaces.com/wp-content/uploads/catalogue/coles/coles-catalogue-july-2-9-2024-nsw-metro/40.jpg,https://www.catalogueau.com/coles/#catalogue=coles/coles-catalogue-july-2-9-2024-nsw-metro/,page_discount_inference,page_discount,0,review
Coles,NSW METRO,"Coles Catalogue July 2 - 9, 2024 NSW METRO",2024-07-02,2024-07-09,40,"Rafferty's Garden 4+ Months, 6+ Months or 8+ Months Baby Pouch 120g",1.7,215.0,213.3,99.21,save_amount,120g,$1.42 per 100g,"WASS215 | WASS215 | Rafferty's Garden 4+ Months, | 6+ Months or 8+ Months Baby | Pouch 120g $1.42 per 100g | ——",95.74,True,single_price_evidence,https://caau.syd1.cdn.digitaloceanspaces.com/wp-content/uploads/catalogue/coles/coles-catalogue-july-2-9-2024-nsw-metro/40.jpg,https://www.catalogueau.com/coles/#catalogue=coles/coles-catalogue-july-2-9-2024-nsw-metro/,unit_price,unit_price,1,review
Coles,NSW METRO,"Coles Catalogue July 2 - 9, 2024 NSW METRO",2024-07-02,2024-07-09,40,BabyLove Cosifit Bulk Nappies 26 Pack-48 Pack,9.0,18.0,9.0,50.0,half_price,26 Pack; 48 Pack,,WASS18 | WASS18 | BabyLove Cosifit Bulk Nappies | 26 Pack-48 Pack | Ad,93.51,True,inferred_price_requires_review,https://caau.syd1.cdn.digitaloceanspaces.com/wp-content/uploads/catalogue/coles/coles-catalogue-july-2-9-2024-nsw-metro/40.jpg,https://www.catalogueau.com/coles/#catalogue=coles/coles-catalogue-july-2-9-2024-nsw-metro/,page_discount_inference,page_discount,0,review
Coles,NSW METRO,"Coles Catalogue July 2 - 9, 2024 NSW METRO",2024-07-02,2024-07-09,40,Rascal + Friends Baby H20 Wipes 72 Pack or Sensitive Wipes 80 Pack,2.5,5.0,2.5,50.0,half_price,72 Pack; 80 Pack,,WASS5 | WASS5 | Rascal + Friends Baby H20 Wipes | 72 Pack or Sensitive Wipes 80 Pack,95.9,True,inferred_price_requires_review,https://caau.syd1.cdn.digitaloceanspaces.com/wp-content/uploads/catalogue/coles/coles-catalogue-july-2-9-2024-nsw-metro/40.jpg,https://www.catalogueau.com/coles/#catalogue=coles/coles-catalogue-july-2-9-2024-nsw-metro/,page_discount_inference,page_discount,0,review
Coles,NSW METRO,"Coles Catalogue July 2 - 9, 2024 NSW METRO",2024-07-02,2024-07-09,40,Cetaphil Baby Wash & Shampoo or Daily Moisturing Lotion 400mL,9.0,15.8,6.8,43.04,save_amount,400mL,$2.25 per 100mL,WASS15.80 | WASS15.80 | Cetaphil Baby Wash & Shampoo | or Daily Moisturing Lotion 400mL | $2.25 per 100mL,93.73,False,,https://caau.syd1.cdn.digitaloceanspaces.com/wp-content/uploads/catalogue/coles/coles-catalogue-july-2-9-2024-nsw-metro/40.jpg,https://www.catalogueau.com/coles/#catalogue=coles/coles-catalogue-july-2-9-2024-nsw-metro/,displayed_price,displayed_price;unit_price,2,verified
Coles,NSW METRO,"Coles Catalogue July 2 - 9, 2024 NSW METRO",2024-07-02,2024-07-09,40,Nestlé Nan SupremePro Stage 3 or 4 Milk Drink 800g,24.0,30.0,6.0,20.0,save_amount,800g,$3.00 per 100g,WASS$30 | WASS$30 | Nestlé Nan SupremePro | Stage 3 or 4 Milk Drink 800g | $3.00 per 100g | (LL Af,95.04,False,,https://caau.syd1.cdn.digitaloceanspaces.com/wp-content/uploads/catalogue/coles/coles-catalogue-july-2-9-2024-nsw-metro/40.jpg,https://www.catalogueau.com/coles/#catalogue=coles/coles-catalogue-july-2-9-2024-nsw-metro/,displayed_price,displayed_price;unit_price,2,verified
Coles,NSW METRO,"Coles Catalogue July 2 - 9, 2024 NSW METRO",2024-07-02,2024-07-09,40,Rexona 72Hr Advanced Protection Antiperspirant Aerosol Deodorant,4.75,9.5,4.75,50.0,half_price,,$2.16 per 100mL,WASS9.50 | WASS9.50 | Rexona 72Hr Advanced Protection | Antiperspirant Aerosol Deodorant | Climate Control or Melon Aloe | 220mL $2.16 per 100mL,94.61,True,inferred_price_requires_review,https://caau.syd1.cdn.digitaloceanspaces.com/wp-content/uploads/catalogue/coles/coles-catalogue-july-2-9-2024-nsw-metro/40.jpg,https://www.catalogueau.com/coles/#catalogue=coles/coles-catalogue-july-2-9-2024-nsw-metro/,page_discount_inference,page_discount,0,review
Coles,NSW METRO,"Coles Catalogue July 2 - 9, 2024 NSW METRO",2024-07-02,2024-07-09,41,Head & Shoulders Shampoo or Conditioner 660mL,12.5,,,,special,660mL,$1.89 per 100mL,Head & Shoulders Shampoo or | Conditioner 660mL $1.89 per 100mL,94.14,False,,https://caau.syd1.cdn.digitaloceanspaces.com/wp-content/uploads/catalogue/coles/coles-catalogue-july-2-9-2024-nsw-metro/41.jpg,https://www.catalogueau.com/coles/#catalogue=coles/coles-catalogue-july-2-9-2024-nsw-metro/,displayed_price,displayed_price;unit_price,2,verified
Coles,NSW METRO,"Coles Catalogue July 2 - 9, 2024 NSW METRO",2024-07-02,2024-07-09,41,Slick Stick Anti Flyaway Hair Wand 1 Pack or Wax Stick 50g,72.0,,,,special,1 Pack; 50g,,Slick Stick Anti Flyaway Hair | Wand 1 Pack or Wax Stick 50g | Colgate | \\,95.46,True,offer_labels_missing;save_amount_missing;regular_price_missing;single_price_evidence,https://caau.syd1.cdn.digitaloceanspaces.com/wp-content/uploads/catalogue/coles/coles-catalogue-july-2-9-2024-nsw-metro/41.jpg,https://www.catalogueau.com/coles/#catalogue=coles/coles-catalogue-july-2-9-2024-nsw-metro/,displayed_price,displayed_price,1,review
Coles,NSW METRO,"Coles Catalogue July 2 - 9, 2024 NSW METRO",2024-07-02,2024-07-09,41,Redwin Sorbolene Daily Moisturiser 1.1 Litre,5.5,,,,special,1.1 Litre,$0.50 per 100mL,Redwin Sorbolene Daily Moisturiser | 1.1 Litre $0.50 per 100mL,94.43,True,single_price_evidence,https://caau.syd1.cdn.digitaloceanspaces.com/wp-content/uploads/catalogue/coles/coles-catalogue-july-2-9-2024-nsw-metro/41.jpg,https://www.catalogueau.com/coles/#catalogue=coles/coles-catalogue-july-2-9-2024-nsw-metro/,unit_price,unit_price,1,review
Coles,NSW METRO,"Coles Catalogue July 2 - 9, 2024 NSW METRO",2024-07-02,2024-07-09,41,Vaseline Body Lotion 750mL,11.2,,,,special,750mL,$1.49 per 100mL,Vaseline Body Lotion 750mL | $1.49 per 100mL,94.82,True,single_price_evidence,https://caau.syd1.cdn.digitaloceanspaces.com/wp-content/uploads/catalogue/coles/coles-catalogue-july-2-9-2024-nsw-metro/41.jpg,https://www.catalogueau.com/coles/#catalogue=coles/coles-catalogue-july-2-9-2024-nsw-metro/,unit_price,unit_price,1,review
Coles,NSW METRO,"Coles Catalogue July 2 - 9, 2024 NSW METRO",2024-07-02,2024-07-09,41,Pantene Collagen Repair & Shine Hair Mask 250mL,7.5,,,,special,250mL,$3.00 per 100mL,Pantene Collagen Repair | & Shine Hair Mask 250mL | $3.00 per 100mL,95.3,False,,https://caau.syd1.cdn.digitaloceanspaces.com/wp-content/uploads/catalogue/coles/coles-catalogue-july-2-9-2024-nsw-metro/41.jpg,https://www.catalogueau.com/coles/#catalogue=coles/coles-catalogue-july-2-9-2024-nsw-metro/,displayed_price,displayed_price;unit_price,2,verified
Coles,NSW METRO,"Coles Catalogue July 2 - 9, 2024 NSW METRO",2024-07-02,2024-07-09,42,Palmolive Liquid Hand Wash Refill Litre,5.25,7.5,2.25,30.0,save_amount,,$0.53 per 100mL,Palmolive Liquid Hand Wash Refill | Litre $0.53 per 100mL | aaa | BONDS,85.45,True,offer_labels_missing;single_price_evidence,https://caau.syd1.cdn.digitaloceanspaces.com/wp-content/uploads/catalogue/coles/coles-catalogue-july-2-9-2024-nsw-metro/42.jpg,https://www.catalogueau.com/coles/#catalogue=coles/coles-catalogue-july-2-9-2024-nsw-metro/,unknown,,0,review
Coles,NSW METRO,"Coles Catalogue July 2 - 9, 2024 NSW METRO",2024-07-02,2024-07-09,42,Beach Rd Naturals Body Bar 150g,2.4,4.0,1.6,40.0,save_amount,150g,$1.60 per 100g,WASS4 | WASS4 | Beach Rd Naturals Body Bar 150g | $1.60 per 100g. 2nd week on sale | 1/2 | Rand,96.54,True,single_price_evidence,https://caau.syd1.cdn.digitaloceanspaces.com/wp-content/uploads/catalogue/coles/coles-catalogue-july-2-9-2024-nsw-metro/42.jpg,https://www.catalogueau.com/coles/#catalogue=coles/coles-catalogue-july-2-9-2024-nsw-metro/,unit_price,unit_price,1,review
Coles,NSW METRO,"Coles Catalogue July 2 - 9, 2024 NSW METRO",2024-07-02,2024-07-09,42,U By Kotex Ultra Thin Pads with Wings Regular 14 Pack or Super 12 Pack,3.5,5.0,1.5,30.0,save_amount,14 Pack; 12 Pack,,WASS5 | WASS5 | U By Kotex Ultra Thin Pads with | Wings Regular 14 Pack or Super | 12 Pack | cl | Thi | 14,79.0,True,low_name_confidence_strict;single_price_evidence,https://caau.syd1.cdn.digitaloceanspaces.com/wp-content/uploads/catalogue/coles/coles-catalogue-july-2-9-2024-nsw-metro/42.jpg,https://www.catalogueau.com/coles/#catalogue=coles/coles-catalogue-july-2-9-2024-nsw-metro/,displayed_price,displayed_price,1,review
Coles,NSW METRO,"Coles Catalogue July 2 - 9, 2024 NSW METRO",2024-07-02,2024-07-09,42,Bonds Bloody Comfy Period Bikini Brief 1 Pack,16.0,22.0,6.0,27.27,save_amount,1 Pack,,WAS$22 | WAS$22 | Bonds Bloody Comfy Period | Bikini Brief 1 Pack,96.28,True,single_price_evidence,https://caau.syd1.cdn.digitaloceanspaces.com/wp-content/uploads/catalogue/coles/coles-catalogue-july-2-9-2024-nsw-metro/42.jpg,https://www.catalogueau.com/coles/#catalogue=coles/coles-catalogue-july-2-9-2024-nsw-metro/,displayed_price,displayed_price,1,review
Coles,NSW METRO,"Coles Catalogue July 2 - 9, 2024 NSW METRO",2024-07-02,2024-07-09,42,Tampax Pearl Compak Tampons with Applicator Regular or Super 18 Pack,5.0,10.0,5.0,50.0,half_price,18 Pack,$0.28 per each,WASS10 | WASS10 | Tampax Pearl Compak Tampons | with Applicator Regular or Super | 18 Pack $0.28 per each | z,95.76,True,single_price_evidence,https://caau.syd1.cdn.digitaloceanspaces.com/wp-content/uploads/catalogue/coles/coles-catalogue-july-2-9-2024-nsw-metro/42.jpg,https://www.catalogueau.com/coles/#catalogue=coles/coles-catalogue-july-2-9-2024-nsw-metro/,displayed_price,displayed_price,1,review
Coles,NSW METRO,"Coles Catalogue July 2 - 9, 2024 NSW METRO",2024-07-02,2024-07-09,42,U By Kotex Reusable Period Undies Heavy Black 1 Pack,4.75,25.0,20.25,81.0,save_amount,1 Pack,,U By Kotex Reusable Period | Undies Heavy Black 1 Pack,96.15,True,offer_labels_missing;single_price_evidence,https://caau.syd1.cdn.digitaloceanspaces.com/wp-content/uploads/catalogue/coles/coles-catalogue-july-2-9-2024-nsw-metro/42.jpg,https://www.catalogueau.com/coles/#catalogue=coles/coles-catalogue-july-2-9-2024-nsw-metro/,unknown,,0,review
Coles,NSW METRO,"Coles Catalogue July 2 - 9, 2024 NSW METRO",2024-07-02,2024-07-09,43,Coles Paper Dinner Plates or Bowls 20 Pack,1.5,,,,special,20 Pack,$0.08 per each,Coles Paper Dinner Plates or | Bowls 20 Pack $0.08 per each | a | enon,96.59,True,offer_labels_missing;save_amount_missing;regular_price_missing;single_price_evidence,https://caau.syd1.cdn.digitaloceanspaces.com/wp-content/uploads/catalogue/coles/coles-catalogue-july-2-9-2024-nsw-metro/43.jpg,https://www.catalogueau.com/coles/#catalogue=coles/coles-catalogue-july-2-9-2024-nsw-metro/,unknown,,0,review
Coles,NSW METRO,"Coles Catalogue July 2 - 9, 2024 NSW METRO",2024-07-02,2024-07-09,43,"Coles Timber Knives, Forks or Spoons 20 Pack",2.6,,,,special,20 Pack,$0.13 per each,"Coles Timber Knives, Forks or | Spoons 20 Pack $0.13 per each",96.49,True,offer_labels_missing;save_amount_missing;regular_price_missing;single_price_evidence,https://caau.syd1.cdn.digitaloceanspaces.com/wp-content/uploads/catalogue/coles/coles-catalogue-july-2-9-2024-nsw-metro/43.jpg,https://www.catalogueau.com/coles/#catalogue=coles/coles-catalogue-july-2-9-2024-nsw-metro/,unknown,,0,review
Coles,NSW METRO,"Coles Catalogue July 2 - 9, 2024 NSW METRO",2024-07-02,2024-07-09,43,Coles Biodegradable Sensitive Facial Wipes 30 Pack,1.8,,,,special,30 Pack,$0.06 per each,Coles Biodegradable Sensitive | Facial Wipes 30 Pack | $0.06 per each | cyelé,95.9,True,offer_labels_missing;save_amount_missing;regular_price_missing;single_price_evidence,https://caau.syd1.cdn.digitaloceanspaces.com/wp-content/uploads/catalogue/coles/coles-catalogue-july-2-9-2024-nsw-metro/43.jpg,https://www.catalogueau.com/coles/#catalogue=coles/coles-catalogue-july-2-9-2024-nsw-metro/,displayed_price,displayed_price,1,review
Coles,NSW METRO,"Coles Catalogue July 2 - 9, 2024 NSW METRO",2024-07-02,2024-07-09,43,CUB Biodegradable Baby Wipes Lightly Scented or Fragrance Free 80 Pack,2.0,,,,special,80 Pack,$2.50 per 100 each,CUB Biodegradable Baby Wipes | Lightly Scented or Fragrance | Free 80 Pack $2.50 per 100 each | NSW-METRO-0307-24-252234,96.32,False,,https://caau.syd1.cdn.digitaloceanspaces.com/wp-content/uploads/catalogue/coles/coles-catalogue-july-2-9-2024-nsw-metro/43.jpg,https://www.catalogueau.com/coles/#catalogue=coles/coles-catalogue-july-2-9-2024-nsw-metro/,displayed_price,displayed_price;unit_price,2,verified
Coles,NSW METRO,"Coles Catalogue July 2 - 9, 2024 NSW METRO",2024-07-02,2024-07-09,43,Cycle By Coles Ultra Thin Pads with Wings Super 14 Pack or Night 12 Pack,2.0,,,,special,14 Pack; 12 Pack,,Cycle By Coles Ultra Thin | Pads with Wings Super | 14 Pack or Night 12 Pack,95.77,True,offer_labels_missing;save_amount_missing;regular_price_missing;single_price_evidence,https://caau.syd1.cdn.digitaloceanspaces.com/wp-content/uploads/catalogue/coles/coles-catalogue-july-2-9-2024-nsw-metro/43.jpg,https://www.catalogueau.com/coles/#catalogue=coles/coles-catalogue-july-2-9-2024-nsw-metro/,displayed_price,displayed_price,1,review
Coles,NSW METRO,"Coles Catalogue July 2 - 9, 2024 NSW METRO",2024-07-02,2024-07-09,43,CUB Unisex Bulk Nappies 30 Pack-56 Pack,11.5,,,,special,30 Pack; 56 Pack,,CUB Unisex Bulk Nappies | 30 Pack-56 Pack,79.0,True,offer_labels_missing;save_amount_missing;regular_price_missing;low_name_confidence_strict;single_price_evidence,https://caau.syd1.cdn.digitaloceanspaces.com/wp-content/uploads/catalogue/coles/coles-catalogue-july-2-9-2024-nsw-metro/43.jpg,https://www.catalogueau.com/coles/#catalogue=coles/coles-catalogue-july-2-9-2024-nsw-metro/,displayed_price,displayed_price,1,review
Coles,NSW METRO,"Coles Catalogue July 2 - 9, 2024 NSW METRO",2024-07-02,2024-07-09,44,Bonds Men's Logo Lowcut 3 Pack Assorted colours & sizes,8.0,116.0,108.0,93.1,save_amount,3 Pack,,SAVES8 | WASSI16 | Bonds Men's Logo Lowcut | 3 Pack Assorted colours & sizes. | On sale for 2 weeks | ins,94.9,True,single_price_evidence,https://caau.syd1.cdn.digitaloceanspaces.com/wp-content/uploads/catalogue/coles/coles-catalogue-july-2-9-2024-nsw-metro/44.jpg,https://www.catalogueau.com/coles/#catalogue=coles/coles-catalogue-july-2-9-2024-nsw-metro/,displayed_price,displayed_price,1,review
Coles,NSW METRO,"Coles Catalogue July 2 - 9, 2024 NSW METRO",2024-07-02,2024-07-09,44,Bonds Women's Seamless Full Brief 2 Pack Assorted colours & sizes,13.0,26.0,13.0,50.0,half_price,2 Pack,,SAVE 513 | WASS26 | Bonds Women's Seamless Full Brief | 2 Pack Assorted colours & sizes. | On sale for 2 weeks,95.65,False,,https://caau.syd1.cdn.digitaloceanspaces.com/wp-content/uploads/catalogue/coles/coles-catalogue-july-2-9-2024-nsw-metro/44.jpg,https://www.catalogueau.com/coles/#catalogue=coles/coles-catalogue-july-2-9-2024-nsw-metro/,save_was_arithmetic,displayed_price;save_was_arithmetic,2,verified
Coles,NSW METRO,"Coles Catalogue July 2 - 9, 2024 NSW METRO",2024-07-02,2024-07-09,44,Décor Microsafe Easy Heat Containers 900mL,2.75,16.5,13.75,83.33,save_amount,900mL,$2.75 per each,SAVES8.25 | WASS16.50 | Décor Microsafe Easy Heat | Containers 900mL $2.75 per each,93.93,True,single_price_evidence,https://caau.syd1.cdn.digitaloceanspaces.com/wp-content/uploads/catalogue/coles/coles-catalogue-july-2-9-2024-nsw-metro/44.jpg,https://www.catalogueau.com/coles/#catalogue=coles/coles-catalogue-july-2-9-2024-nsw-metro/,unit_price,unit_price,1,review
Coles,NSW METRO,"Coles Catalogue July 2 - 9, 2024 NSW METRO",2024-07-02,2024-07-09,44,Sistema Klip It Plus Containers 1 Litre 3 Pack,7.5,15.0,7.5,50.0,half_price,1 Litre; 3 Pack,$2.50 per each,SAVES7.50 | WASS15 | Sistema Klip It Plus Containers | 1 Litre 3 Pack $2.50 per each | s | THAN | oe,96.28,False,,https://caau.syd1.cdn.digitaloceanspaces.com/wp-content/uploads/catalogue/coles/coles-catalogue-july-2-9-2024-nsw-metro/44.jpg,https://www.catalogueau.com/coles/#catalogue=coles/coles-catalogue-july-2-9-2024-nsw-metro/,save_was_arithmetic,save_was_arithmetic;unit_price,2,verified
Coles,NSW METRO,"Coles Catalogue July 2 - 9, 2024 NSW METRO",2024-07-02,2024-07-09,44,Duracell Optimum Batteries AA or AAA 4 Pack,7.7,11.0,3.3,30.0,save_amount,4 Pack,$1.93 per each,SAVES3.30 | WASS11 | Duracell Optimum Batteries AA | or AAA 4 Pack $1.93 per each | THAN | 65c,96.5,False,,https://caau.syd1.cdn.digitaloceanspaces.com/wp-content/uploads/catalogue/coles/coles-catalogue-july-2-9-2024-nsw-metro/44.jpg,https://www.catalogueau.com/coles/#catalogue=coles/coles-catalogue-july-2-9-2024-nsw-metro/,save_was_arithmetic,displayed_price;save_was_arithmetic;unit_price,3,verified
Coles,NSW METRO,"Coles Catalogue July 2 - 9, 2024 NSW METRO",2024-07-02,2024-07-09,44,Elmer's School Glue 225mL,90.0,,,,special,225mL,,Elmer's School Glue 225mL,94.4,True,offer_labels_missing;save_amount_missing;regular_price_missing;inferred_price_requires_review,https://caau.syd1.cdn.digitaloceanspaces.com/wp-content/uploads/catalogue/coles/coles-catalogue-july-2-9-2024-nsw-metro/44.jpg,https://www.catalogueau.com/coles/#catalogue=coles/coles-catalogue-july-2-9-2024-nsw-metro/,displayed_price,displayed_price;grid_inference,1,review
Coles,NSW METRO,"Coles Catalogue July 2 - 9, 2024 NSW METRO",2024-07-02,2024-07-09,44,"maximum of 50,000 points can be col $i",20.0,,,,special,,,"maximum of 50,000 points can be col | $i | $100 = 2,000 Flybuys Points; $200 = 4,",79.0,True,offer_labels_missing;save_amount_missing;regular_price_missing;low_name_confidence_strict;single_price_evidence,https://caau.syd1.cdn.digitaloceanspaces.com/wp-content/uploads/catalogue/coles/coles-catalogue-july-2-9-2024-nsw-metro/44.jpg,https://www.catalogueau.com/coles/#catalogue=coles/coles-catalogue-july-2-9-2024-nsw-metro/,displayed_price,displayed_price,1,review
Coles,NSW METRO,"Coles Catalogue July 2 - 9, 2024 NSW METRO",2024-07-02,2024-07-09,45,Pedigree Dentastix 7 Pack,5.6,,,,special,7 Pack,$0.80 per each,"Pedigree Dentastix 7 Pack | $0.80 per each | oe | , fa",93.67,False,,https://caau.syd1.cdn.digitaloceanspaces.com/wp-content/uploads/catalogue/coles/coles-catalogue-july-2-9-2024-nsw-metro/45.jpg,https://www.catalogueau.com/coles/#catalogue=coles/coles-catalogue-july-2-9-2024-nsw-metro/,displayed_price,displayed_price;unit_price,2,verified
Coles,NSW METRO,"Coles Catalogue July 2 - 9, 2024 NSW METRO",2024-07-02,2024-07-09,45,Schmackos Dog Treats 500g,11.9,,,,special,500g,$2.38 per 100g,Schmackos Dog Treats 500g | $2.38 per 100g,94.7,False,,https://caau.syd1.cdn.digitaloceanspaces.com/wp-content/uploads/catalogue/coles/coles-catalogue-july-2-9-2024-nsw-metro/45.jpg,https://www.catalogueau.com/coles/#catalogue=coles/coles-catalogue-july-2-9-2024-nsw-metro/,displayed_price,displayed_price;unit_price,2,verified
Coles,NSW METRO,"Coles Catalogue July 2 - 9, 2024 NSW METRO",2024-07-02,2024-07-09,45,Natures Goodness Dog Food 400g,1.8,,,,special,400g,$0.45 per 100g,Natures Goodness Dog Food | 400g $0.45 per 100g,79.0,True,low_name_confidence_strict,https://caau.syd1.cdn.digitaloceanspaces.com/wp-content/uploads/catalogue/coles/coles-catalogue-july-2-9-2024-nsw-metro/45.jpg,https://www.catalogueau.com/coles/#catalogue=coles/coles-catalogue-july-2-9-2024-nsw-metro/,displayed_price,displayed_price;unit_price,2,review
Coles,NSW METRO,"Coles Catalogue July 2 - 9, 2024 NSW METRO",2024-07-02,2024-07-09,45,Purina One Adult Dry Cat Food 1.4kg-1.5kg,16.0,,,,special,1.4kg; 1.5kg,,Purina One Adult Dry Cat Food | 1.4kg-1.5kg,79.0,True,offer_labels_missing;save_amount_missing;regular_price_missing;low_name_confidence_strict;single_price_evidence,https://caau.syd1.cdn.digitaloceanspaces.com/wp-content/uploads/catalogue/coles/coles-catalogue-july-2-9-2024-nsw-metro/45.jpg,https://www.catalogueau.com/coles/#catalogue=coles/coles-catalogue-july-2-9-2024-nsw-metro/,displayed_price,displayed_price,1,review
Coles,NSW METRO,"Coles Catalogue July 2 - 9, 2024 NSW METRO",2024-07-02,2024-07-09,45,Farmers Market Dry Dog Food 6.5kg-6.8kg,24.0,,,,special,6.5kg; 6.8kg,,Farmers Market Dry Dog Food | 6.5kg-6.8kg,94.53,True,offer_labels_missing;save_amount_missing;regular_price_missing;single_price_evidence,https://caau.syd1.cdn.digitaloceanspaces.com/wp-content/uploads/catalogue/coles/coles-catalogue-july-2-9-2024-nsw-metro/45.jpg,https://www.catalogueau.com/coles/#catalogue=coles/coles-catalogue-july-2-9-2024-nsw-metro/,displayed_price,displayed_price,1,review
Coles,NSW METRO,"Coles Catalogue July 2 - 9, 2024 NSW METRO",2024-07-02,2024-07-09,45,Sol id Po,12.0,,,,special,,,Sol | id Po | undry | ili | rv | nsitiv,79.0,True,offer_labels_missing;save_amount_missing;regular_price_missing;low_name_confidence_strict;single_price_evidence,https://caau.syd1.cdn.digitaloceanspaces.com/wp-content/uploads/catalogue/coles/coles-catalogue-july-2-9-2024-nsw-metro/45.jpg,https://www.catalogueau.com/coles/#catalogue=coles/coles-catalogue-july-2-9-2024-nsw-metro/,displayed_price,displayed_price,1,review
Coles,NSW METRO,"Coles Catalogue July 2 - 9, 2024 NSW METRO",2024-07-02,2024-07-09,46,Sorbent 3-Ply Silky White Toilet Tissue 16 Pac,7.0,14.0,7.0,50.0,half_price,,$0.24 per 100,SAVE‘S7 | WASS14 | Sorbent 3-Ply Silky White Toilet | Tissue 16 Pac | $0.24 per 100 sheets,79.0,True,low_name_confidence_strict,https://caau.syd1.cdn.digitaloceanspaces.com/wp-content/uploads/catalogue/coles/coles-catalogue-july-2-9-2024-nsw-metro/46.jpg,https://www.catalogueau.com/coles/#catalogue=coles/coles-catalogue-july-2-9-2024-nsw-metro/,save_was_arithmetic,displayed_price;save_was_arithmetic,2,review
Coles,NSW METRO,"Coles Catalogue July 2 - 9, 2024 NSW METRO",2024-07-02,2024-07-09,46,Harpic Fresh Power In the Bowl Toilet Cleaner 39g,3.5,7.0,3.5,50.0,half_price,39g,$8.97 per 100g,SAVES3.50 | Harpic Fresh Power In the Bowl | Toilet Cleaner 39g $8.97 per 100g,96.1,False,,https://caau.syd1.cdn.digitaloceanspaces.com/wp-content/uploads/catalogue/coles/coles-catalogue-july-2-9-2024-nsw-metro/46.jpg,https://www.catalogueau.com/coles/#catalogue=coles/coles-catalogue-july-2-9-2024-nsw-metro/,displayed_price,displayed_price;unit_price,2,verified
Coles,NSW METRO,"Coles Catalogue July 2 - 9, 2024 NSW METRO",2024-07-02,2024-07-09,46,Palmolive Dishwashing Liquid 950mL,4.25,8.5,4.25,50.0,half_price,950mL,$0.45 per 100mL,SAVE%4.25 | ‘WAS$8.50_ | Palmolive Dishwashing Liquid | 950mL $0.45 per 100mL | Sa | =o | * | Se,94.36,False,,https://caau.syd1.cdn.digitaloceanspaces.com/wp-content/uploads/catalogue/coles/coles-catalogue-july-2-9-2024-nsw-metro/46.jpg,https://www.catalogueau.com/coles/#catalogue=coles/coles-catalogue-july-2-9-2024-nsw-metro/,save_was_arithmetic,save_was_arithmetic;unit_price,2,verified
Coles,NSW METRO,"Coles Catalogue July 2 - 9, 2024 NSW METRO",2024-07-02,2024-07-09,46,Biozet Attack Plus Laundry Liquid 2 Litre or Powder 2kg,13.0,26.0,13.0,50.0,half_price,2 Litre; 2kg,,SAVES13 | Biozet Attack Plus Laundry Liquid | 2 Litre or Powder 2kg,94.78,True,single_price_evidence,https://caau.syd1.cdn.digitaloceanspaces.com/wp-content/uploads/catalogue/coles/coles-catalogue-july-2-9-2024-nsw-metro/46.jpg,https://www.catalogueau.com/coles/#catalogue=coles/coles-catalogue-july-2-9-2024-nsw-metro/,displayed_price,displayed_price,1,review
Coles,NSW METRO,"Coles Catalogue July 2 - 9, 2024 NSW METRO",2024-07-02,2024-07-09,46,Vanish NapiSan Oxi Action Gold Multi Power Laundry Booster Powder 2kg,16.0,32.0,16.0,50.0,half_price,2kg,$8.00 per kg,SAVE%16 | WAS$32 | Vanish NapiSan Oxi Action Gold | Multi Power Laundry Booster | Powder 2kg $8.00 per kg | = | Bonus,95.05,False,,https://caau.syd1.cdn.digitaloceanspaces.com/wp-content/uploads/catalogue/coles/coles-catalogue-july-2-9-2024-nsw-metro/46.jpg,https://www.catalogueau.com/coles/#catalogue=coles/coles-catalogue-july-2-9-2024-nsw-metro/,save_was_arithmetic,displayed_price;save_was_arithmetic;unit_price,3,verified
Coles,NSW METRO,"Coles Catalogue July 2 - 9, 2024 NSW METRO",2024-07-02,2024-07-09,46,Ziploc Sandwich Bags 40 Pack or Snack Bags 40 Pack,2.2,4.4,2.2,50.0,half_price,40 Pack,$0.06 per each,SAVE2.20 | WAS$4.40 | Ziploc Sandwich Bags 40 Pack | or Snack Bags 40 Pack | $0.06 per each | a | = | =,96.37,True,single_price_evidence,https://caau.syd1.cdn.digitaloceanspaces.com/wp-content/uploads/catalogue/coles/coles-catalogue-july-2-9-2024-nsw-metro/46.jpg,https://www.catalogueau.com/coles/#catalogue=coles/coles-catalogue-july-2-9-2024-nsw-metro/,save_was_arithmetic,save_was_arithmetic,1,review
Coles,NSW METRO,"Coles Catalogue July 2 - 9, 2024 NSW METRO",2024-07-02,2024-07-09,46,Pine O Cleen Pomegranate,7.0,10.0,3.0,30.0,save_amount,,$0.47 per 100mL,SAVES3 | WASS10 | Pine O Cleen | Pomegranate | Disinfectant | Floor Cleaner 1.5 Litre | $0.47 per 100mL | *See page 24 for T&Cs,94.31,False,,https://caau.syd1.cdn.digitaloceanspaces.com/wp-content/uploads/catalogue/coles/coles-catalogue-july-2-9-2024-nsw-metro/46.jpg,https://www.catalogueau.com/coles/#catalogue=coles/coles-catalogue-july-2-9-2024-nsw-metro/,save_was_arithmetic,displayed_price;save_was_arithmetic,2,verified
Coles,NSW METRO,"Coles Catalogue July 2 - 9, 2024 NSW METRO",2024-07-02,2024-07-09,46,Pine O Cleen Disinfectant Liquid,80.0,83.2,3.2,3.85,save_amount,,$0.38 per 100mL,SAVES3.20 | Pine O Cleen | Disinfectant Liquid | 1.25 Litre | $0.38 per 100mL | *See page 24 for T&Cs,94.46,True,single_price_evidence,https://caau.syd1.cdn.digitaloceanspaces.com/wp-content/uploads/catalogue/coles/coles-catalogue-july-2-9-2024-nsw-metro/46.jpg,https://www.catalogueau.com/coles/#catalogue=coles/coles-catalogue-july-2-9-2024-nsw-metro/,displayed_price,displayed_price,1,review
Coles,NSW METRO,"Coles Catalogue July 2 - 9, 2024 NSW METRO",2024-07-02,2024-07-09,46,Handee Ultra Paper Towel 2 Pack,2.3,3.85,1.55,40.26,save_amount,2 Pack,$1.92 per 100,SAVES1.55 | WAS$3.85 | Handee Ultra | Paper Towel 2 Pack | $1.92 per 100 sheets,94.93,False,,https://caau.syd1.cdn.digitaloceanspaces.com/wp-content/uploads/catalogue/coles/coles-catalogue-july-2-9-2024-nsw-metro/46.jpg,https://www.catalogueau.com/coles/#catalogue=coles/coles-catalogue-july-2-9-2024-nsw-metro/,save_was_arithmetic,displayed_price;save_was_arithmetic,2,verified
Coles,NSW METRO,"Coles Catalogue July 2 - 9, 2024 NSW METRO",2024-07-02,2024-07-09,46,Glen 20 Scentsations Disinfectant Spray 375g or Pine O Cleen,5.75,11.5,5.75,50.0,half_price,375g,,SAVE'S.75 | WASS11.50 | Glen 20 Scentsations | Disinfectant Spray | 375g or Pine O Cleen | Scentsations Disinfectant | Wipes 100 Pack | NSW-METRO-0307-24-252234,94.4,True,single_price_evidence,https://caau.syd1.cdn.digitaloceanspaces.com/wp-content/uploads/catalogue/coles/coles-catalogue-july-2-9-2024-nsw-metro/46.jpg,https://www.catalogueau.com/coles/#catalogue=coles/coles-catalogue-july-2-9-2024-nsw-metro/,displayed_price,displayed_price,1,review
Coles,NSW METRO,"Coles Catalogue July 2 - 9, 2024 NSW METRO",2024-07-02,2024-07-09,47,12 Month Warranty with 30 day guarantee,7.0,,,,special,,,12 Month Warranty | with 30 day guarantee | iPhones are unlocked. Colour | availability varies per store,95.58,True,offer_labels_missing;save_amount_missing;regular_price_missing;single_price_evidence,https://caau.syd1.cdn.digitaloceanspaces.com/wp-content/uploads/catalogue/coles/coles-catalogue-july-2-9-2024-nsw-metro/47.jpg,https://www.catalogueau.com/coles/#catalogue=coles/coles-catalogue-july-2-9-2024-nsw-metro/,displayed_price,displayed_price,1,review
Coles,NSW METRO,"Coles Catalogue July 2 - 9, 2024 NSW METRO",2024-07-02,2024-07-09,50,"Levede 3 Tier Storage Trolley Sturdy and durable. Removable, independent baskets. Adjust the",69.0,,,,special,,,"Levede 3 Tier Storage Trolley | Sturdy and durable. Removable, independent baskets. Adjust the | shelves to fully upright or flat. Smooth, mobile castors with brakes.",95.59,True,offer_labels_missing;save_amount_missing;regular_price_missing;single_price_evidence,https://caau.syd1.cdn.digitaloceanspaces.com/wp-content/uploads/catalogue/coles/coles-catalogue-july-2-9-2024-nsw-metro/50.jpg,https://www.catalogueau.com/coles/#catalogue=coles/coles-catalogue-july-2-9-2024-nsw-metro/,displayed_price,displayed_price,1,review
Coles,NSW METRO,"Coles Catalogue July 2 - 9, 2024 NSW METRO",2024-07-02,2024-07-09,50,"Levede Chest of Drawers rigid fabric drawers. Strong, rustproof steel frame",2.0,,,,special,,,"Levede Chest of Drawers | rigid fabric drawers. Strong, rustproof steel frame. | On sale Monday 01/07/24 to Sunday 14/07/24. Offers only available through bestbuys.coles.com.au. Free delivery is available in selected | postcodes and limited product quantities apply. For full participating postcodes and terms of use please see bestbuys.coles.com.au.",95.99,True,offer_labels_missing;save_amount_missing;regular_price_missing;single_price_evidence,https://caau.syd1.cdn.digitaloceanspaces.com/wp-content/uploads/catalogue/coles/coles-catalogue-july-2-9-2024-nsw-metro/50.jpg,https://www.catalogueau.com/coles/#catalogue=coles/coles-catalogue-july-2-9-2024-nsw-metro/,displayed_price,displayed_price,1,review
