retailer,region,catalogue_title,catalogue_start_date,catalogue_end_date,page_number,product_name,special_price,regular_price,save_amount,discount_percent,promo_type,pack_size,unit_price_text,offer_text,ocr_confidence,needs_review,review_reason,source_page_image,source_catalogue_url,price_source,price_evidence,evidence_count,verification_status
Coles,NSW METRO,"Coles Catalogue August 20 - 27, 2024 NSW METRO",2024-08-20,2024-08-27,1,Allen's Lollies 140g-200g SS,2.5,5.0,2.5,50.0,half_price,140g; 200g,,WASS5 | WASS5 | Allen's Lollies 140g-200g | SS | RueK?,56.85,True,low_ocr_confidence;low_name_confidence_strict;inferred_price_requires_review,https://caau.syd1.cdn.digitaloceanspaces.com/wp-content/uploads/catalogue/coles/coles-catalogue-august-20-27-2024-nsw-metro/1.jpg,https://www.catalogueau.com/coles/#catalogue=coles/coles-catalogue-august-20-27-2024-nsw-metro/,displayed_price,displayed_price;page_discount,1,review
Coles,NSW METRO,"Coles Catalogue August 20 - 27, 2024 NSW METRO",2024-08-20,2024-08-27,1,Red Rock Deli Potato Chips 150g-165g,3.0,6.0,3.0,50.0,half_price,150g; 165g,,WASS6 | WASS6 | Red Rock Deli Potato | Chips 150g-165g | ra,94.16,True,inferred_price_requires_review,https://caau.syd1.cdn.digitaloceanspaces.com/wp-content/uploads/catalogue/coles/coles-catalogue-august-20-27-2024-nsw-metro/1.jpg,https://www.catalogueau.com/coles/#catalogue=coles/coles-catalogue-august-20-27-2024-nsw-metro/,displayed_price,displayed_price;page_discount,1,review
Coles,NSW METRO,"Coles Catalogue August 20 - 27, 2024 NSW METRO",2024-08-20,2024-08-27,1,John West Tuna Tempters 95g,1.35,2.7,1.35,50.0,half_price,95g,,WASS2.70 | WASS2.70 | John West Tuna Tempters 95g | 14.21 per kg | ‘UN | Xe,93.81,True,inferred_price_requires_review,https://caau.syd1.cdn.digitaloceanspaces.com/wp-content/uploads/catalogue/coles/coles-catalogue-august-20-27-2024-nsw-metro/1.jpg,https://www.catalogueau.com/coles/#catalogue=coles/coles-catalogue-august-20-27-2024-nsw-metro/,displayed_price,displayed_price;page_discount,1,review
Coles,NSW METRO,"Coles Catalogue August 20 - 27, 2024 NSW METRO",2024-08-20,2024-08-27,1,Nescafé Coffee Sachets 8 Pack-10 Pack,3.8,7.6,3.8,50.0,half_price,8 Pack; 10 Pack,,WAS$7.60 | WAS$7.60 | Nescafé Coffee Sachets 8 Pack-10 Pack | On sale for 2 weeks. *See page 36 for T&Cs | as | + | he) | “¢,94.28,True,inferred_price_requires_review,https://caau.syd1.cdn.digitaloceanspaces.com/wp-content/uploads/catalogue/coles/coles-catalogue-august-20-27-2024-nsw-metro/1.jpg,https://www.catalogueau.com/coles/#catalogue=coles/coles-catalogue-august-20-27-2024-nsw-metro/,page_discount_inference,page_discount,0,review
Coles,NSW METRO,"Coles Catalogue August 20 - 27, 2024 NSW METRO",2024-08-20,2024-08-27,1,ed,7.5,15.0,7.5,50.0,half_price,,,WASS15 | WASS15 | ey | ed,79.0,True,product_name_uncertain;low_name_confidence_strict;inferred_price_requires_review,https://caau.syd1.cdn.digitaloceanspaces.com/wp-content/uploads/catalogue/coles/coles-catalogue-august-20-27-2024-nsw-metro/1.jpg,https://www.catalogueau.com/coles/#catalogue=coles/coles-catalogue-august-20-27-2024-nsw-metro/,page_discount_inference,page_discount,0,review
Coles,NSW METRO,"Coles Catalogue August 20 - 27, 2024 NSW METRO",2024-08-20,2024-08-27,2,Bulla Creamy Classic 2 Litre,5.5,11.0,5.5,50.0,half_price,2 Litre,$0.28 per 100mL,WASS11 | WASS11 | Bulla Creamy Classic 2 Litre | $0.28 per 100mL,96.5,True,inferred_price_requires_review,https://caau.syd1.cdn.digitaloceanspaces.com/wp-content/uploads/catalogue/coles/coles-catalogue-august-20-27-2024-nsw-metro/2.jpg,https://www.catalogueau.com/coles/#catalogue=coles/coles-catalogue-august-20-27-2024-nsw-metro/,displayed_price,displayed_price;page_discount,1,review
Coles,NSW METRO,"Coles Catalogue August 20 - 27, 2024 NSW METRO",2024-08-20,2024-08-27,2,Amott's Tim Tam Biscuits 165g-200g,2.5,5.0,2.5,50.0,half_price,165g; 200g,,"WASS5 | WASS5 | Amott's Tim Tam Biscuits | 165g-200g | L'OREAL, GARNIER | 1 | & MAYBELLINE",79.0,True,low_name_confidence_strict;inferred_price_requires_review,https://caau.syd1.cdn.digitaloceanspaces.com/wp-content/uploads/catalogue/coles/coles-catalogue-august-20-27-2024-nsw-metro/2.jpg,https://www.catalogueau.com/coles/#catalogue=coles/coles-catalogue-august-20-27-2024-nsw-metro/,page_discount_inference,page_discount,0,review
Coles,NSW METRO,"Coles Catalogue August 20 - 27, 2024 NSW METRO",2024-08-20,2024-08-27,2,Vittoria Freeze Dried Instant Coffee 400g,18.5,37.0,18.5,50.0,half_price,400g,$4.63 per 100g,WAS$37 | WAS$37 | Vittoria Freeze Dried Instant | Coffee 400g $4.63 per 100g | 7: Y | THEPLAMET | mo =,96.29,False,,https://caau.syd1.cdn.digitaloceanspaces.com/wp-content/uploads/catalogue/coles/coles-catalogue-august-20-27-2024-nsw-metro/2.jpg,https://www.catalogueau.com/coles/#catalogue=coles/coles-catalogue-august-20-27-2024-nsw-metro/,displayed_price,displayed_price;page_discount;unit_price,2,verified
Coles,NSW METRO,"Coles Catalogue August 20 - 27, 2024 NSW METRO",2024-08-20,2024-08-27,2,L'Oréal Elvive Shampoo or Conditioner 300mL,4.25,8.5,4.25,50.0,half_price,300mL,$1.42 per 100mL,WASS$8.50 | WASS$8.50 | L'Oréal Elvive Shampoo | or Conditioner 300mL | $1.42 per 100mL,92.83,False,,https://caau.syd1.cdn.digitaloceanspaces.com/wp-content/uploads/catalogue/coles/coles-catalogue-august-20-27-2024-nsw-metro/2.jpg,https://www.catalogueau.com/coles/#catalogue=coles/coles-catalogue-august-20-27-2024-nsw-metro/,displayed_price,displayed_price;page_discount;unit_price,2,verified
Coles,NSW METRO,"Coles Catalogue August 20 - 27, 2024 NSW METRO",2024-08-20,2024-08-27,2,Colgate Total Advanced Toothpaste 200g,5.0,10.0,5.0,50.0,half_price,200g,$2.50 per 100g,"WASS10 | WASS10 | Colgate Total Advanced | Toothpaste 200g $2.50 per 100g | +See page 36 for T&Cs | TExcludes Every Day, Down Down & clearance items",96.43,False,,https://caau.syd1.cdn.digitaloceanspaces.com/wp-content/uploads/catalogue/coles/coles-catalogue-august-20-27-2024-nsw-metro/2.jpg,https://www.catalogueau.com/coles/#catalogue=coles/coles-catalogue-august-20-27-2024-nsw-metro/,displayed_price,displayed_price;page_discount;unit_price,2,verified
Coles,NSW METRO,"Coles Catalogue August 20 - 27, 2024 NSW METRO",2024-08-20,2024-08-27,2,Omo Laundry Liquid 2 Litre or Powder 2kg,14.0,28.0,14.0,50.0,half_price,2 Litre; 2kg,,WASS$28 | WASS$28 | Omo Laundry Liquid 2 Litre | or Powder 2kg | ‘g,79.0,True,low_name_confidence_strict;inferred_price_requires_review,https://caau.syd1.cdn.digitaloceanspaces.com/wp-content/uploads/catalogue/coles/coles-catalogue-august-20-27-2024-nsw-metro/2.jpg,https://www.catalogueau.com/coles/#catalogue=coles/coles-catalogue-august-20-27-2024-nsw-metro/,displayed_price,displayed_price;page_discount,1,review
Coles,NSW METRO,"Coles Catalogue August 20 - 27, 2024 NSW METRO",2024-08-20,2024-08-27,3,Cadbury Chocolate Bar 30g-55g,1.0,2.5,1.5,60.0,save_amount,30g; 55g,,SAVE‘1.50 | WASS2.50 | Cadbury Chocolate Bar | 30g-55g | em | (QLlbu Uy,93.15,False,,https://caau.syd1.cdn.digitaloceanspaces.com/wp-content/uploads/catalogue/coles/coles-catalogue-august-20-27-2024-nsw-metro/3.jpg,https://www.catalogueau.com/coles/#catalogue=coles/coles-catalogue-august-20-27-2024-nsw-metro/,save_was_arithmetic,displayed_price;save_was_arithmetic,2,verified
Coles,NSW METRO,"Coles Catalogue August 20 - 27, 2024 NSW METRO",2024-08-20,2024-08-27,3,Peckish Fancies Rice Crackers 90g,1.5,3.0,1.5,50.0,half_price,90g,$1.67 per 100g,SAVE*1.50 | Peckish Fancies Rice Crackers | 90g $1.67 per 100g | Vary 7 | iy Bette® | 1922. c=),95.04,False,,https://caau.syd1.cdn.digitaloceanspaces.com/wp-content/uploads/catalogue/coles/coles-catalogue-august-20-27-2024-nsw-metro/3.jpg,https://www.catalogueau.com/coles/#catalogue=coles/coles-catalogue-august-20-27-2024-nsw-metro/,displayed_price,displayed_price;unit_price,2,verified
Coles,NSW METRO,"Coles Catalogue August 20 - 27, 2024 NSW METRO",2024-08-20,2024-08-27,3,Darrell Lea Block Chocolate 160g-180g,3.0,6.0,3.0,50.0,half_price,160g; 180g,,"SAVES3 | Darrell Lea Block Chocolate | 160g-180g *See page 36 for T&Cs | SRS | CONN ee | Ye | a, ¥",88.77,True,single_price_evidence,https://caau.syd1.cdn.digitaloceanspaces.com/wp-content/uploads/catalogue/coles/coles-catalogue-august-20-27-2024-nsw-metro/3.jpg,https://www.catalogueau.com/coles/#catalogue=coles/coles-catalogue-august-20-27-2024-nsw-metro/,displayed_price,displayed_price,1,review
Coles,NSW METRO,"Coles Catalogue August 20 - 27, 2024 NSW METRO",2024-08-20,2024-08-27,3,Cadbury Sharepack 120g-180g,3.0,6.0,3.0,50.0,half_price,120g; 180g,,WASS6 | WASS6 | Cadbury Sharepack | 120g-180g | od,92.77,True,single_price_evidence,https://caau.syd1.cdn.digitaloceanspaces.com/wp-content/uploads/catalogue/coles/coles-catalogue-august-20-27-2024-nsw-metro/3.jpg,https://www.catalogueau.com/coles/#catalogue=coles/coles-catalogue-august-20-27-2024-nsw-metro/,displayed_price,displayed_price,1,review
Coles,NSW METRO,"Coles Catalogue August 20 - 27, 2024 NSW METRO",2024-08-20,2024-08-27,3,Cadbury Old Gold Block Chocolate 170g-180g,3.0,6.0,3.0,50.0,half_price,170g; 180g,,WASS6 | WASS6 | Cadbury Old Gold Block | Chocolate 170g-180g | a,94.12,True,single_price_evidence,https://caau.syd1.cdn.digitaloceanspaces.com/wp-content/uploads/catalogue/coles/coles-catalogue-august-20-27-2024-nsw-metro/3.jpg,https://www.catalogueau.com/coles/#catalogue=coles/coles-catalogue-august-20-27-2024-nsw-metro/,displayed_price,displayed_price,1,review
Coles,NSW METRO,"Coles Catalogue August 20 - 27, 2024 NSW METRO",2024-08-20,2024-08-27,3,Gift Box 172g or Ferrero Rocher 16 Pack Gift Box 200g,7.0,18.0,11.0,61.11,save_amount,172g; 16 Pack; 200g,,Gift Box 172g or Ferrero Rocher | 16 Pack Gift Box 200g | 2nd week on sale | 3,96.28,True,offer_labels_missing;single_price_evidence,https://caau.syd1.cdn.digitaloceanspaces.com/wp-content/uploads/catalogue/coles/coles-catalogue-august-20-27-2024-nsw-metro/3.jpg,https://www.catalogueau.com/coles/#catalogue=coles/coles-catalogue-august-20-27-2024-nsw-metro/,displayed_price,displayed_price,1,review
Coles,NSW METRO,"Coles Catalogue August 20 - 27, 2024 NSW METRO",2024-08-20,2024-08-27,3,Mars Maltesers Gift Box 400g,7.75,15.5,7.75,50.0,half_price,400g,$1.94 per 100,SAVES7.75 | WASS$15.50 | Mars Maltesers Gift Box 400g | $1.94 per 100 | 9. | On sale for 2 weeks | NSW-METRO-2108-24-277600,92.43,False,,https://caau.syd1.cdn.digitaloceanspaces.com/wp-content/uploads/catalogue/coles/coles-catalogue-august-20-27-2024-nsw-metro/3.jpg,https://www.catalogueau.com/coles/#catalogue=coles/coles-catalogue-august-20-27-2024-nsw-metro/,save_was_arithmetic,displayed_price;save_was_arithmetic;unit_price,3,verified
Coles,NSW METRO,"Coles Catalogue August 20 - 27, 2024 NSW METRO",2024-08-20,2024-08-27,3,Cadbury Favourites 520g or Lindt Lindor Gift Box 232g-235g,11.0,22.0,11.0,50.0,half_price,520g; 232g; 235g,,SAVE°11 | WAS$22 | Cadbury Favourites 520g or | Lindt Lindor Gift Box 232g-235g,94.61,False,,https://caau.syd1.cdn.digitaloceanspaces.com/wp-content/uploads/catalogue/coles/coles-catalogue-august-20-27-2024-nsw-metro/3.jpg,https://www.catalogueau.com/coles/#catalogue=coles/coles-catalogue-august-20-27-2024-nsw-metro/,save_was_arithmetic,displayed_price;save_was_arithmetic,2,verified
Coles,NSW METRO,"Coles Catalogue August 20 - 27, 2024 NSW METRO",2024-08-20,2024-08-27,4,Morning Fresh Dishwashing Liquid 400mL,2.75,5.5,2.75,50.0,half_price,400mL,$0.69 per 100mL,SAVES2.75 | WASS$5.50 | Morning Fresh Dishwashing | Liquid 400mL $0.69 per 100mL,91.87,False,,https://caau.syd1.cdn.digitaloceanspaces.com/wp-content/uploads/catalogue/coles/coles-catalogue-august-20-27-2024-nsw-metro/4.jpg,https://www.catalogueau.com/coles/#catalogue=coles/coles-catalogue-august-20-27-2024-nsw-metro/,save_was_arithmetic,displayed_price;save_was_arithmetic;unit_price,3,verified
Coles,NSW METRO,"Coles Catalogue August 20 - 27, 2024 NSW METRO",2024-08-20,2024-08-27,4,Harpic Fresh Power Liquid 700mL or In The Bowl Toilet Cleaner 39g,3.5,7.0,3.5,50.0,half_price,700mL; 39g,,SAVES3.50 | Harpic Fresh Power Liquid 700mL | or In The Bowl Toilet Cleaner 39g,94.64,True,single_price_evidence,https://caau.syd1.cdn.digitaloceanspaces.com/wp-content/uploads/catalogue/coles/coles-catalogue-august-20-27-2024-nsw-metro/4.jpg,https://www.catalogueau.com/coles/#catalogue=coles/coles-catalogue-august-20-27-2024-nsw-metro/,displayed_price,displayed_price,1,review
Coles,NSW METRO,"Coles Catalogue August 20 - 27, 2024 NSW METRO",2024-08-20,2024-08-27,4,Comfort Fabric Conditioner 900mL,5.5,6.0,0.5,8.33,save_amount,900mL,$6.11 per litre,SAVES5.50 | WASST1 | Comfort Fabric Conditioner | 900mL $6.11 per litre,94.64,True,single_price_evidence,https://caau.syd1.cdn.digitaloceanspaces.com/wp-content/uploads/catalogue/coles/coles-catalogue-august-20-27-2024-nsw-metro/4.jpg,https://www.catalogueau.com/coles/#catalogue=coles/coles-catalogue-august-20-27-2024-nsw-metro/,unit_price,unit_price,1,review
Coles,NSW METRO,"Coles Catalogue August 20 - 27, 2024 NSW METRO",2024-08-20,2024-08-27,4,Glen 20 Scentsations Disinfectant Spray 375g,5.75,11.5,5.75,50.0,half_price,375g,$1.53 per 100g,WASS11.50 | WASS11.50 | Glen 20 Scentsations | Disinfectant Spray 375g | $1.53 per 100g,94.5,False,,https://caau.syd1.cdn.digitaloceanspaces.com/wp-content/uploads/catalogue/coles/coles-catalogue-august-20-27-2024-nsw-metro/4.jpg,https://www.catalogueau.com/coles/#catalogue=coles/coles-catalogue-august-20-27-2024-nsw-metro/,displayed_price,displayed_price;unit_price,2,verified
Coles,NSW METRO,"Coles Catalogue August 20 - 27, 2024 NSW METRO",2024-08-20,2024-08-27,4,Duck Extra Power Liquid 500mL,3.0,6.0,3.0,50.0,half_price,500mL,$0.60 per 100mL,SAVES3 | WASS6 | Duck Extra Power Liquid 500mL | $0.60 per 100mL | NSW-METRO-2108-24-277600,94.24,False,,https://caau.syd1.cdn.digitaloceanspaces.com/wp-content/uploads/catalogue/coles/coles-catalogue-august-20-27-2024-nsw-metro/4.jpg,https://www.catalogueau.com/coles/#catalogue=coles/coles-catalogue-august-20-27-2024-nsw-metro/,save_was_arithmetic,displayed_price;save_was_arithmetic;unit_price,3,verified
Coles,NSW METRO,"Coles Catalogue August 20 - 27, 2024 NSW METRO",2024-08-20,2024-08-27,4,Fairy Platinum Dishwashing Tablets 52 Pack,23.0,46.0,23.0,50.0,half_price,52 Pack,$0.44 per each,SAVE‘23 | Fairy Platinum Dishwashing | Tablets 52 Pack $0.44 per each,96.56,True,single_price_evidence,https://caau.syd1.cdn.digitaloceanspaces.com/wp-content/uploads/catalogue/coles/coles-catalogue-august-20-27-2024-nsw-metro/4.jpg,https://www.catalogueau.com/coles/#catalogue=coles/coles-catalogue-august-20-27-2024-nsw-metro/,displayed_price,displayed_price,1,review
Coles,NSW METRO,"Coles Catalogue August 20 - 27, 2024 NSW METRO",2024-08-20,2024-08-27,4,Scentory Soy Blend Candle 1 Eac,12.0,24.0,12.0,50.0,half_price,,,Scentory Soy Blend Candle | 1 Eac | acl,79.0,True,offer_labels_missing;regular_and_save_inferred_from_half_price;low_name_confidence_strict;inferred_price_requires_review,https://caau.syd1.cdn.digitaloceanspaces.com/wp-content/uploads/catalogue/coles/coles-catalogue-august-20-27-2024-nsw-metro/4.jpg,https://www.catalogueau.com/coles/#catalogue=coles/coles-catalogue-august-20-27-2024-nsw-metro/,displayed_price,displayed_price;grid_inference,1,review
Coles,NSW METRO,"Coles Catalogue August 20 - 27, 2024 NSW METRO",2024-08-20,2024-08-27,5,Domestos Disinfectant 1.25 Litre,3.3,6.6,3.3,50.0,half_price,1.25 Litre,$0.26 per 100,SAVE53.30 | WAS$6.60 | Domestos Disinfectant 1.25 Litre | $0.26 per 100m,94.8,True,single_price_evidence,https://caau.syd1.cdn.digitaloceanspaces.com/wp-content/uploads/catalogue/coles/coles-catalogue-august-20-27-2024-nsw-metro/5.jpg,https://www.catalogueau.com/coles/#catalogue=coles/coles-catalogue-august-20-27-2024-nsw-metro/,unknown,,0,review
Coles,NSW METRO,"Coles Catalogue August 20 - 27, 2024 NSW METRO",2024-08-20,2024-08-27,5,Pine O Cleen Scentsations Disinfectant Wipes 100 Pack,5.75,50.0,44.25,88.5,save_amount,100 Pack,$5.75 per 100 each,SAVES5.75 | WASSTI.50 | Pine O Cleen Scentsations | Disinfectant Wipes 100 Pack | $5.75 per 100 each. | *See page 36 forl&Cs,94.16,True,single_price_evidence,https://caau.syd1.cdn.digitaloceanspaces.com/wp-content/uploads/catalogue/coles/coles-catalogue-august-20-27-2024-nsw-metro/5.jpg,https://www.catalogueau.com/coles/#catalogue=coles/coles-catalogue-august-20-27-2024-nsw-metro/,unit_price,unit_price,1,review
Coles,NSW METRO,"Coles Catalogue August 20 - 27, 2024 NSW METRO",2024-08-20,2024-08-27,5,Cove By Earth Choice Surface Cleaner 475mL,5.0,10.0,5.0,50.0,half_price,475mL,$1.05 per 100mL,SAVES | WASS10 | Cove By Earth Choice | Surface Cleaner 475mL | $1.05 per 100mL,95.16,False,,https://caau.syd1.cdn.digitaloceanspaces.com/wp-content/uploads/catalogue/coles/coles-catalogue-august-20-27-2024-nsw-metro/5.jpg,https://www.catalogueau.com/coles/#catalogue=coles/coles-catalogue-august-20-27-2024-nsw-metro/,displayed_price,displayed_price;unit_price,2,verified
Coles,NSW METRO,"Coles Catalogue August 20 - 27, 2024 NSW METRO",2024-08-20,2024-08-27,5,Fluffy Concentrated Fabric Conditioner 2 Litre,7.5,15.0,7.5,50.0,half_price,2 Litre,$3.75 per litre,SAVE*7.50 | WASS15 | Fluffy Concentrated Fabric | Conditioner 2 Litre | $3.75 per litre | NSW-METRO-2108-24-277600,96.52,False,,https://caau.syd1.cdn.digitaloceanspaces.com/wp-content/uploads/catalogue/coles/coles-catalogue-august-20-27-2024-nsw-metro/5.jpg,https://www.catalogueau.com/coles/#catalogue=coles/coles-catalogue-august-20-27-2024-nsw-metro/,save_was_arithmetic,displayed_price;save_was_arithmetic;unit_price,3,verified
Coles,NSW METRO,"Coles Catalogue August 20 - 27, 2024 NSW METRO",2024-08-20,2024-08-27,5,Fluffy In-Wash Scent Booster Beads 250g,8.0,16.0,8.0,50.0,half_price,250g,$32.00 per kg,SAVES8 | WASS16 | Fluffy In-Wash Scent Booster | Beads 250g $32.00 per kg,95.58,False,,https://caau.syd1.cdn.digitaloceanspaces.com/wp-content/uploads/catalogue/coles/coles-catalogue-august-20-27-2024-nsw-metro/5.jpg,https://www.catalogueau.com/coles/#catalogue=coles/coles-catalogue-august-20-27-2024-nsw-metro/,save_was_arithmetic,displayed_price;save_was_arithmetic;unit_price,3,verified
Coles,NSW METRO,"Coles Catalogue August 20 - 27, 2024 NSW METRO",2024-08-20,2024-08-27,5,Pine O Cleen Anti-Bacterial Laundry Sanitiser 2 Litre,11.26,22.52,11.26,50.0,half_price,2 Litre,$5.63 per litre,Pine O Cleen Anti-Bacterial | Laundry Sanitiser 2 Litre | $5.63 per litre. | *See page 36 forl&Cs,94.26,True,offer_labels_missing;regular_and_save_inferred_from_half_price;inferred_price_requires_review,https://caau.syd1.cdn.digitaloceanspaces.com/wp-content/uploads/catalogue/coles/coles-catalogue-august-20-27-2024-nsw-metro/5.jpg,https://www.catalogueau.com/coles/#catalogue=coles/coles-catalogue-august-20-27-2024-nsw-metro/,unit_price,grid_inference;unit_price,1,review
Coles,NSW METRO,"Coles Catalogue August 20 - 27, 2024 NSW METRO",2024-08-20,2024-08-27,5,Domestos Power Foam Cleaner Spray 450mL,3.45,,,,special,450mL,$0.77 per 100mL,Domestos Power Foam Cleaner | Spray 450mL $0.77 per 100mL | Daily | Prize Draw,93.11,True,single_price_evidence,https://caau.syd1.cdn.digitaloceanspaces.com/wp-content/uploads/catalogue/coles/coles-catalogue-august-20-27-2024-nsw-metro/5.jpg,https://www.catalogueau.com/coles/#catalogue=coles/coles-catalogue-august-20-27-2024-nsw-metro/,unit_price,unit_price,1,review
Coles,NSW METRO,"Coles Catalogue August 20 - 27, 2024 NSW METRO",2024-08-20,2024-08-27,6,Multix Strong & Reliable 56 Litre Garbage Bags 50 Pack,7.2,9.0,1.8,20.0,save_amount,56 Litre; 50 Pack,$0.14 per each,WASS9 | WASS9 | Multix Strong & Reliable 56 Litre Garbage Bags | 50 Pack $0.14 per each. 2nd week on sale | pa | _,94.42,True,single_price_evidence,https://caau.syd1.cdn.digitaloceanspaces.com/wp-content/uploads/catalogue/coles/coles-catalogue-august-20-27-2024-nsw-metro/6.jpg,https://www.catalogueau.com/coles/#catalogue=coles/coles-catalogue-august-20-27-2024-nsw-metro/,displayed_price,displayed_price,1,review
Coles,NSW METRO,"Coles Catalogue August 20 - 27, 2024 NSW METRO",2024-08-20,2024-08-27,6,Morning Fresh Dishwashing Liquid 350mL,3.0,5.5,2.5,45.45,save_amount,350mL,$0.86 per 100mL,WASS5.50 | WASS5.50 | Morning Fresh Dishwashing | Liquid 350mL $0.86 per 100mL | |,94.77,False,,https://caau.syd1.cdn.digitaloceanspaces.com/wp-content/uploads/catalogue/coles/coles-catalogue-august-20-27-2024-nsw-metro/6.jpg,https://www.catalogueau.com/coles/#catalogue=coles/coles-catalogue-august-20-27-2024-nsw-metro/,displayed_price,displayed_price;unit_price,2,verified
Coles,NSW METRO,"Coles Catalogue August 20 - 27, 2024 NSW METRO",2024-08-20,2024-08-27,6,No Vac Garden Breeze Carpet Sanitiser & Deodoriser 290g,3.6,6.0,2.4,40.0,save_amount,290g,$1.24 per 100g,WASS6 | WASS6 | No Vac Garden Breeze Carpet | Sanitiser & Deodoriser 290g | $1.24 per 100g,94.1,True,single_price_evidence,https://caau.syd1.cdn.digitaloceanspaces.com/wp-content/uploads/catalogue/coles/coles-catalogue-august-20-27-2024-nsw-metro/6.jpg,https://www.catalogueau.com/coles/#catalogue=coles/coles-catalogue-august-20-27-2024-nsw-metro/,unit_price,unit_price,1,review
Coles,NSW METRO,"Coles Catalogue August 20 - 27, 2024 NSW METRO",2024-08-20,2024-08-27,6,Hercules TwinZip Resealable Large Storage Bags 15 Pack,3.15,3.5,0.35,10.0,save_amount,15 Pack,$0.21 per each,WASS3.50 | WASS3.50 | Hercules TwinZip Resealable | Large Storage Bags 15 Pack | $0.21 per each,95.27,True,single_price_evidence,https://caau.syd1.cdn.digitaloceanspaces.com/wp-content/uploads/catalogue/coles/coles-catalogue-august-20-27-2024-nsw-metro/6.jpg,https://www.catalogueau.com/coles/#catalogue=coles/coles-catalogue-august-20-27-2024-nsw-metro/,unknown,,0,review
Coles,NSW METRO,"Coles Catalogue August 20 - 27, 2024 NSW METRO",2024-08-20,2024-08-27,6,BRIGHTENS WHITES —,13.0,26.0,13.0,50.0,half_price,,,WAS$26 | WAS$26 | ae | BRIGHTENS WHITES | —,77.54,True,low_name_confidence_strict;single_price_evidence,https://caau.syd1.cdn.digitaloceanspaces.com/wp-content/uploads/catalogue/coles/coles-catalogue-august-20-27-2024-nsw-metro/6.jpg,https://www.catalogueau.com/coles/#catalogue=coles/coles-catalogue-august-20-27-2024-nsw-metro/,displayed_price,displayed_price,1,review
Coles,NSW METRO,"Coles Catalogue August 20 - 27, 2024 NSW METRO",2024-08-20,2024-08-27,6,(+ +,16.0,32.0,16.0,50.0,half_price,,,WAS$32 | WAS$32 | (+ | + | LASTING FRESHNESS,79.0,True,low_name_confidence_strict;single_price_evidence,https://caau.syd1.cdn.digitaloceanspaces.com/wp-content/uploads/catalogue/coles/coles-catalogue-august-20-27-2024-nsw-metro/6.jpg,https://www.catalogueau.com/coles/#catalogue=coles/coles-catalogue-august-20-27-2024-nsw-metro/,displayed_price,displayed_price,1,review
Coles,NSW METRO,"Coles Catalogue August 20 - 27, 2024 NSW METRO",2024-08-20,2024-08-27,6,Coles 2-Ply Facial Tissues 224 Pack,1.7,,,,special,224 Pack,$0.76 per 100 each,Coles 2-Ply Facial Tissues | 224 Pack $0.76 per 100 each | iON,95.51,True,offer_labels_missing;save_amount_missing;regular_price_missing;inferred_price_requires_review,https://caau.syd1.cdn.digitaloceanspaces.com/wp-content/uploads/catalogue/coles/coles-catalogue-august-20-27-2024-nsw-metro/6.jpg,https://www.catalogueau.com/coles/#catalogue=coles/coles-catalogue-august-20-27-2024-nsw-metro/,unit_price,grid_inference;unit_price,1,review
Coles,NSW METRO,"Coles Catalogue August 20 - 27, 2024 NSW METRO",2024-08-20,2024-08-27,7,Glad Wavetop Tie Kitchen Tidy Bags Medium 40 Pack or Large 30 Pack,3.3,4.25,0.95,22.35,save_amount,40 Pack; 30 Pack,,MAY 2024 | Glad Wavetop Tie Kitchen Tidy | Bags Medium 40 Pack or Large | 30 Pack,95.16,True,single_price_evidence,https://caau.syd1.cdn.digitaloceanspaces.com/wp-content/uploads/catalogue/coles/coles-catalogue-august-20-27-2024-nsw-metro/7.jpg,https://www.catalogueau.com/coles/#catalogue=coles/coles-catalogue-august-20-27-2024-nsw-metro/,unknown,,0,review
Coles,NSW METRO,"Coles Catalogue August 20 - 27, 2024 NSW METRO",2024-08-20,2024-08-27,7,Vanish NapiSan Oxi Action Stain Remover 2kg,16.0,19.0,3.0,15.79,save_amount,2kg,$8.00 per kg,WASS19 | WASS19 | MAY 2024 | Vanish NapiSan Oxi Action Stain | Remover 2kg $8.00 per kg | NSW-METRO-2108-24-277600,94.68,False,,https://caau.syd1.cdn.digitaloceanspaces.com/wp-content/uploads/catalogue/coles/coles-catalogue-august-20-27-2024-nsw-metro/7.jpg,https://www.catalogueau.com/coles/#catalogue=coles/coles-catalogue-august-20-27-2024-nsw-metro/,displayed_price,displayed_price;unit_price,2,verified
Coles,NSW METRO,"Coles Catalogue August 20 - 27, 2024 NSW METRO",2024-08-20,2024-08-27,7,Finish Rinse and Shine Aid 800mL,7.5,15.0,7.5,50.0,half_price,800mL,$0.94 per 100mL,WAS $15 | WAS $15 | AUG 2024 | Finish Rinse and Shine Aid | 800mL $0.94 per 100mL | *See page 36 forT&Cs | 7,94.46,True,single_price_evidence,https://caau.syd1.cdn.digitaloceanspaces.com/wp-content/uploads/catalogue/coles/coles-catalogue-august-20-27-2024-nsw-metro/7.jpg,https://www.catalogueau.com/coles/#catalogue=coles/coles-catalogue-august-20-27-2024-nsw-metro/,unit_price,unit_price,1,review
Coles,NSW METRO,"Coles Catalogue August 20 - 27, 2024 NSW METRO",2024-08-20,2024-08-27,7,Finish Ultimate Dishwashing Tablets 80 Pack,38.0,76.0,38.0,50.0,half_price,80 Pack,$0.48 per each,WASS$76 | WASS$76 | AUG 2024 | Finish Ultimate Dishwashing | Tablets 80 Pack $0.48 per each,96.39,True,single_price_evidence,https://caau.syd1.cdn.digitaloceanspaces.com/wp-content/uploads/catalogue/coles/coles-catalogue-august-20-27-2024-nsw-metro/7.jpg,https://www.catalogueau.com/coles/#catalogue=coles/coles-catalogue-august-20-27-2024-nsw-metro/,displayed_price,displayed_price,1,review
Coles,NSW METRO,"Coles Catalogue August 20 - 27, 2024 NSW METRO",2024-08-20,2024-08-27,7,Dettol Multipurpose Spray 750mL,4.5,,,,down_down,750mL,$0.60 per 100mL,Dettol Multipurpose Spray 750mL | $0.60 per 100mL,93.13,False,,https://caau.syd1.cdn.digitaloceanspaces.com/wp-content/uploads/catalogue/coles/coles-catalogue-august-20-27-2024-nsw-metro/7.jpg,https://www.catalogueau.com/coles/#catalogue=coles/coles-catalogue-august-20-27-2024-nsw-metro/,displayed_price,displayed_price;unit_price,2,verified
Coles,NSW METRO,"Coles Catalogue August 20 - 27, 2024 NSW METRO",2024-08-20,2024-08-27,7,Handee Ultra Double Length Paper Towel 2 Pack,5.0,,,,down_down,2 Pack,$2.08 per 100,Handee Ultra Double Length | Paper Towel 2 Pack | $2.08 per 100 sheets,95.99,True,save_amount_missing;regular_price_missing;single_price_evidence,https://caau.syd1.cdn.digitaloceanspaces.com/wp-content/uploads/catalogue/coles/coles-catalogue-august-20-27-2024-nsw-metro/7.jpg,https://www.catalogueau.com/coles/#catalogue=coles/coles-catalogue-august-20-27-2024-nsw-metro/,displayed_price,displayed_price,1,review
Coles,NSW METRO,"Coles Catalogue August 20 - 27, 2024 NSW METRO",2024-08-20,2024-08-27,7,Spring cleanin,7.0,,,,special,,,Spring | cleanin,96.35,True,offer_labels_missing;save_amount_missing;regular_price_missing;single_price_evidence,https://caau.syd1.cdn.digitaloceanspaces.com/wp-content/uploads/catalogue/coles/coles-catalogue-august-20-27-2024-nsw-metro/7.jpg,https://www.catalogueau.com/coles/#catalogue=coles/coles-catalogue-august-20-27-2024-nsw-metro/,displayed_price,displayed_price,1,review
Coles,NSW METRO,"Coles Catalogue August 20 - 27, 2024 NSW METRO",2024-08-20,2024-08-27,7,Omo 3 In 1 Laundry Capsules 50 Pack,30.0,,,,down_down,50 Pack,$0.60 per each,Omo 3 In 1 Laundry Capsules | 50 Pack $0.60 per each,95.71,True,save_amount_missing;regular_price_missing;single_price_evidence,https://caau.syd1.cdn.digitaloceanspaces.com/wp-content/uploads/catalogue/coles/coles-catalogue-august-20-27-2024-nsw-metro/7.jpg,https://www.catalogueau.com/coles/#catalogue=coles/coles-catalogue-august-20-27-2024-nsw-metro/,displayed_price,displayed_price,1,review
Coles,NSW METRO,"Coles Catalogue August 20 - 27, 2024 NSW METRO",2024-08-20,2024-08-27,8,Garnier Olia Hair Colourant 1 Pack,11.0,22.0,11.0,50.0,half_price,1 Pack,,SAVE 511 | WAS$22 | Garnier Olia Hair Colourant | 1 Pack | -,94.26,False,,https://caau.syd1.cdn.digitaloceanspaces.com/wp-content/uploads/catalogue/coles/coles-catalogue-august-20-27-2024-nsw-metro/8.jpg,https://www.catalogueau.com/coles/#catalogue=coles/coles-catalogue-august-20-27-2024-nsw-metro/,save_was_arithmetic,displayed_price;save_was_arithmetic,2,verified
Coles,NSW METRO,"Coles Catalogue August 20 - 27, 2024 NSW METRO",2024-08-20,2024-08-27,8,Garnier Fructis Shampoo or Conditioner 850mL,8.5,17.0,8.5,50.0,half_price,850mL,$1.00 per 100mL,SAVES8.50 | WASS17 | Garnier Fructis Shampoo or Conditioner | 850mL $1.00 per 100mL | BS Sa,91.7,False,,https://caau.syd1.cdn.digitaloceanspaces.com/wp-content/uploads/catalogue/coles/coles-catalogue-august-20-27-2024-nsw-metro/8.jpg,https://www.catalogueau.com/coles/#catalogue=coles/coles-catalogue-august-20-27-2024-nsw-metro/,save_was_arithmetic,save_was_arithmetic;unit_price,2,verified
Coles,NSW METRO,"Coles Catalogue August 20 - 27, 2024 NSW METRO",2024-08-20,2024-08-27,8,Maybelline Sky High Mascara 7.2mL,13.0,26.0,13.0,50.0,half_price,7.2mL,,SAVES13 | ‘WAS§26 | Maybelline Sky High Mascara | 7.2mL $18.06 per 10mL | — | | |,79.0,True,low_name_confidence_strict,https://caau.syd1.cdn.digitaloceanspaces.com/wp-content/uploads/catalogue/coles/coles-catalogue-august-20-27-2024-nsw-metro/8.jpg,https://www.catalogueau.com/coles/#catalogue=coles/coles-catalogue-august-20-27-2024-nsw-metro/,save_was_arithmetic,displayed_price;save_was_arithmetic,2,review
Coles,NSW METRO,"Coles Catalogue August 20 - 27, 2024 NSW METRO",2024-08-20,2024-08-27,8,Brut 48hr or Original Antiperspirant Aerosol Deodorant 130g,3.75,7.5,3.75,50.0,half_price,130g,$2.88 per 100g,SAVE°3.75 | WAS$7.50 | Brut 48hr or Original | Antiperspirant Aerosol | Deodorant 130g | $2.88 per 100g,95.09,False,,https://caau.syd1.cdn.digitaloceanspaces.com/wp-content/uploads/catalogue/coles/coles-catalogue-august-20-27-2024-nsw-metro/8.jpg,https://www.catalogueau.com/coles/#catalogue=coles/coles-catalogue-august-20-27-2024-nsw-metro/,save_was_arithmetic,save_was_arithmetic;unit_price,2,verified
Coles,NSW METRO,"Coles Catalogue August 20 - 27, 2024 NSW METRO",2024-08-20,2024-08-27,8,Bosisto's Hand Wash Refill 1 Litre,7.5,15.0,7.5,50.0,half_price,1 Litre,$0.75 per 100mL,"WASS15 | WASS15 | Bosisto's Hand Wash | Refill 1 Litre | $0.75 per 100mL | TExcludes Every Day, Down Down & clearance items | 8",95.65,False,,https://caau.syd1.cdn.digitaloceanspaces.com/wp-content/uploads/catalogue/coles/coles-catalogue-august-20-27-2024-nsw-metro/8.jpg,https://www.catalogueau.com/coles/#catalogue=coles/coles-catalogue-august-20-27-2024-nsw-metro/,displayed_price,displayed_price;page_discount;unit_price,2,verified
Coles,NSW METRO,"Coles Catalogue August 20 - 27, 2024 NSW METRO",2024-08-20,2024-08-27,8,Schick 6 Mens Razor Kit with 3 Refill Blades 1 Pack,18.0,36.0,18.0,50.0,half_price,1 Pack,,SAVESI8 | Schick 6 Mens Razor Kit | with 3 Refill Blades | 1 Pack,95.9,True,single_price_evidence,https://caau.syd1.cdn.digitaloceanspaces.com/wp-content/uploads/catalogue/coles/coles-catalogue-august-20-27-2024-nsw-metro/8.jpg,https://www.catalogueau.com/coles/#catalogue=coles/coles-catalogue-august-20-27-2024-nsw-metro/,displayed_price,displayed_price,1,review
Coles,NSW METRO,"Coles Catalogue August 20 - 27, 2024 NSW METRO",2024-08-20,2024-08-27,8,Nivea Men Shaving Gel 200mL,3.75,7.5,3.75,50.0,half_price,200mL,$1.88 per 100mL,"SAVE%3.75 | WASS7.50 | Nivea Men Shaving Gel | 200mL $1.88 per 100mL | TExcludes Every Day, Down Down & clearance items | 8",93.97,False,,https://caau.syd1.cdn.digitaloceanspaces.com/wp-content/uploads/catalogue/coles/coles-catalogue-august-20-27-2024-nsw-metro/8.jpg,https://www.catalogueau.com/coles/#catalogue=coles/coles-catalogue-august-20-27-2024-nsw-metro/,save_was_arithmetic,save_was_arithmetic;unit_price,2,verified
Coles,NSW METRO,"Coles Catalogue August 20 - 27, 2024 NSW METRO",2024-08-20,2024-08-27,8,FRUCTIS FRUCTIS,6.0,,,,special,,,FRUCTIS | FRUCTIS | roof | NOR | 00 | SONI aed,79.0,True,offer_labels_missing;save_amount_missing;regular_price_missing;low_name_confidence_strict;single_price_evidence,https://caau.syd1.cdn.digitaloceanspaces.com/wp-content/uploads/catalogue/coles/coles-catalogue-august-20-27-2024-nsw-metro/8.jpg,https://www.catalogueau.com/coles/#catalogue=coles/coles-catalogue-august-20-27-2024-nsw-metro/,displayed_price,displayed_price,1,review
Coles,NSW METRO,"Coles Catalogue August 20 - 27, 2024 NSW METRO",2024-08-20,2024-08-27,8,Garnier Skin Active Vitamin C or Lavender Sheet Mask 28g,3.5,,,,special,28g,$12.50 per 100g,Garnier Skin Active Vitamin C | or Lavender Sheet Mask 28g | $12.50 per 100g,95.7,False,,https://caau.syd1.cdn.digitaloceanspaces.com/wp-content/uploads/catalogue/coles/coles-catalogue-august-20-27-2024-nsw-metro/8.jpg,https://www.catalogueau.com/coles/#catalogue=coles/coles-catalogue-august-20-27-2024-nsw-metro/,displayed_price,displayed_price;unit_price,2,verified
Coles,NSW METRO,"Coles Catalogue August 20 - 27, 2024 NSW METRO",2024-08-20,2024-08-27,8,Maybelline SuperStay Vinyl Ink Lipstick 4.2mL,132.0,,,,special,4.2mL,,Maybelline SuperStay Vinyl Ink | Lipstick 4.2mL $32.14 per 10mL | AL | AA,91.49,True,offer_labels_missing;save_amount_missing;regular_price_missing;single_price_evidence,https://caau.syd1.cdn.digitaloceanspaces.com/wp-content/uploads/catalogue/coles/coles-catalogue-august-20-27-2024-nsw-metro/8.jpg,https://www.catalogueau.com/coles/#catalogue=coles/coles-catalogue-august-20-27-2024-nsw-metro/,displayed_price,displayed_price,1,review
Coles,NSW METRO,"Coles Catalogue August 20 - 27, 2024 NSW METRO",2024-08-20,2024-08-27,9,Colgate Plax Mouthwash 1 Litre,6.0,12.0,6.0,50.0,half_price,1 Litre,$0.60 per 100mL,SAVE*6 | WASS12 | Colgate Plax Mouthwash 1 Litre | $0.60 per 100mL. | *See page 36 for TkCs | rN,96.11,False,,https://caau.syd1.cdn.digitaloceanspaces.com/wp-content/uploads/catalogue/coles/coles-catalogue-august-20-27-2024-nsw-metro/9.jpg,https://www.catalogueau.com/coles/#catalogue=coles/coles-catalogue-august-20-27-2024-nsw-metro/,save_was_arithmetic,displayed_price;save_was_arithmetic;unit_price,3,verified
Coles,NSW METRO,"Coles Catalogue August 20 - 27, 2024 NSW METRO",2024-08-20,2024-08-27,9,Sunsilk Shampoo or Conditioner 700mL,6.0,12.0,6.0,50.0,half_price,700mL,$0.86 per 100mL,SAVES6 | WASS12 | Sunsilk Shampoo or Conditioner | 700mL $0.86 per 100mL,94.66,False,,https://caau.syd1.cdn.digitaloceanspaces.com/wp-content/uploads/catalogue/coles/coles-catalogue-august-20-27-2024-nsw-metro/9.jpg,https://www.catalogueau.com/coles/#catalogue=coles/coles-catalogue-august-20-27-2024-nsw-metro/,save_was_arithmetic,displayed_price;save_was_arithmetic;unit_price,3,verified
Coles,NSW METRO,"Coles Catalogue August 20 - 27, 2024 NSW METRO",2024-08-20,2024-08-27,9,People Shampoo or Conditioner 350mL,8.0,16.0,8.0,50.0,half_price,350mL,$2.29 per 100mL,SAVE‘8. | WASS16 | People Shampoo or Conditioner | 350mL $2.29 per 100mL,93.61,False,,https://caau.syd1.cdn.digitaloceanspaces.com/wp-content/uploads/catalogue/coles/coles-catalogue-august-20-27-2024-nsw-metro/9.jpg,https://www.catalogueau.com/coles/#catalogue=coles/coles-catalogue-august-20-27-2024-nsw-metro/,save_was_arithmetic,displayed_price;save_was_arithmetic;unit_price,3,verified
Coles,NSW METRO,"Coles Catalogue August 20 - 27, 2024 NSW METRO",2024-08-20,2024-08-27,9,UltraLife Effervescent Tablets 60 Pack*,15.0,30.0,15.0,50.0,half_price,60 Pack,$25.00 per 100 each,SAVE15 | WAS$30 | UltraLife Effervescent Tablets | 60 Pack* $25.00 per 100 each | 2nd week on sale | | | Daily | a,92.65,False,,https://caau.syd1.cdn.digitaloceanspaces.com/wp-content/uploads/catalogue/coles/coles-catalogue-august-20-27-2024-nsw-metro/9.jpg,https://www.catalogueau.com/coles/#catalogue=coles/coles-catalogue-august-20-27-2024-nsw-metro/,save_was_arithmetic,displayed_price;save_was_arithmetic;unit_price,3,verified
Coles,NSW METRO,"Coles Catalogue August 20 - 27, 2024 NSW METRO",2024-08-20,2024-08-27,9,Oral B Pro 800 Electric Toothbrush 1 Pack,50.0,100.0,50.0,50.0,half_price,1 Pack,,SAVE*50 | WASS100 | Oral B Pro 800 Electric | Toothbrush 1 Pack | | | Daily | 1),95.84,False,,https://caau.syd1.cdn.digitaloceanspaces.com/wp-content/uploads/catalogue/coles/coles-catalogue-august-20-27-2024-nsw-metro/9.jpg,https://www.catalogueau.com/coles/#catalogue=coles/coles-catalogue-august-20-27-2024-nsw-metro/,save_was_arithmetic,displayed_price;save_was_arithmetic,2,verified
Coles,NSW METRO,"Coles Catalogue August 20 - 27, 2024 NSW METRO",2024-08-20,2024-08-27,9,Ogx Argan Oil of Morocco Shampoo or Conditioner 385mL,11.5,23.0,11.5,50.0,half_price,385mL,$2.99 per 100mL,SAVES11.50 | Ogx Argan Oil of Morocco | Shampoo or Conditioner 385mL | $2.99 per 100mL,94.33,True,single_price_evidence,https://caau.syd1.cdn.digitaloceanspaces.com/wp-content/uploads/catalogue/coles/coles-catalogue-august-20-27-2024-nsw-metro/9.jpg,https://www.catalogueau.com/coles/#catalogue=coles/coles-catalogue-august-20-27-2024-nsw-metro/,unit_price,unit_price,1,review
Coles,NSW METRO,"Coles Catalogue August 20 - 27, 2024 NSW METRO",2024-08-20,2024-08-27,9,Swisse Ultiboost Iron Tablets 30 Pack”,7.5,15.0,7.5,50.0,half_price,30 Pack,$25.00 per 100 each,SAVES7.50 | WASS15 | Swisse Ultiboost Iron Tablets | 30 Pack” $25.00 per 100 each. | 2nd week on sale,87.63,False,,https://caau.syd1.cdn.digitaloceanspaces.com/wp-content/uploads/catalogue/coles/coles-catalogue-august-20-27-2024-nsw-metro/9.jpg,https://www.catalogueau.com/coles/#catalogue=coles/coles-catalogue-august-20-27-2024-nsw-metro/,save_was_arithmetic,save_was_arithmetic;unit_price,2,verified
Coles,NSW METRO,"Coles Catalogue August 20 - 27, 2024 NSW METRO",2024-08-20,2024-08-27,9,Swisse Ultiboost Magnesium Tablets 200 Pack*,24.75,49.5,24.75,50.0,half_price,200 Pack,,SAVE $24.75 | WASS49.50 | Swisse Ultiboost Magnesium | Tablets 200 Pack* $12.38 per | 100 each. 2nd week on sale | *See page 36 for T&Cs,92.45,False,,https://caau.syd1.cdn.digitaloceanspaces.com/wp-content/uploads/catalogue/coles/coles-catalogue-august-20-27-2024-nsw-metro/9.jpg,https://www.catalogueau.com/coles/#catalogue=coles/coles-catalogue-august-20-27-2024-nsw-metro/,save_was_arithmetic,displayed_price;save_was_arithmetic,2,verified
Coles,NSW METRO,"Coles Catalogue August 20 - 27, 2024 NSW METRO",2024-08-20,2024-08-27,9,Swisse Ultivite 50+ Multivitamins Tablets 60 Pack”,22.5,45.0,22.5,50.0,half_price,60 Pack,,Swisse Ultivite 50+ Multivitamins | Tablets 60 Pack” $37.50 per | 100 each. 2nd week on sale,95.07,True,offer_labels_missing;regular_and_save_inferred_from_half_price;inferred_price_requires_review,https://caau.syd1.cdn.digitaloceanspaces.com/wp-content/uploads/catalogue/coles/coles-catalogue-august-20-27-2024-nsw-metro/9.jpg,https://www.catalogueau.com/coles/#catalogue=coles/coles-catalogue-august-20-27-2024-nsw-metro/,displayed_price,displayed_price;grid_inference,1,review
Coles,NSW METRO,"Coles Catalogue August 20 - 27, 2024 NSW METRO",2024-08-20,2024-08-27,10,L'Oréal Elvive Extraordinary Oil or Extraordinary Extra Rich Oil 100mL,11.0,22.0,11.0,50.0,half_price,100mL,$11.00 per 100mL,"WAS§22, | WAS§22, | L'Oréal Elvive Extraordinary Oil | or Extraordinary Extra Rich Oil | 100mL $11.00 per 100mL | | ‘2 | |",94.24,False,,https://caau.syd1.cdn.digitaloceanspaces.com/wp-content/uploads/catalogue/coles/coles-catalogue-august-20-27-2024-nsw-metro/10.jpg,https://www.catalogueau.com/coles/#catalogue=coles/coles-catalogue-august-20-27-2024-nsw-metro/,displayed_price,displayed_price;page_discount;unit_price,2,verified
Coles,NSW METRO,"Coles Catalogue August 20 - 27, 2024 NSW METRO",2024-08-20,2024-08-27,10,L'Oréal Excellence Colourant 1 Pack,13.5,27.0,13.5,50.0,half_price,1 Pack,,"WAS$27 | WAS$27 | L'Oréal Excellence Colourant | 1 | 1 Pack | cl | LOREAL,",79.0,True,low_name_confidence_strict;inferred_price_requires_review,https://caau.syd1.cdn.digitaloceanspaces.com/wp-content/uploads/catalogue/coles/coles-catalogue-august-20-27-2024-nsw-metro/10.jpg,https://www.catalogueau.com/coles/#catalogue=coles/coles-catalogue-august-20-27-2024-nsw-metro/,displayed_price,displayed_price;page_discount,1,review
Coles,NSW METRO,"Coles Catalogue August 20 - 27, 2024 NSW METRO",2024-08-20,2024-08-27,10,L'Oréal True Match Liquid Foundation 30mL,17.0,34.0,17.0,50.0,half_price,30mL,,WAS$34 | WAS$34 | L'Oréal True Match Liquid | Foundation 30mL | $5.67 per 10mL,93.17,True,inferred_price_requires_review,https://caau.syd1.cdn.digitaloceanspaces.com/wp-content/uploads/catalogue/coles/coles-catalogue-august-20-27-2024-nsw-metro/10.jpg,https://www.catalogueau.com/coles/#catalogue=coles/coles-catalogue-august-20-27-2024-nsw-metro/,displayed_price,displayed_price;page_discount,1,review
Coles,NSW METRO,"Coles Catalogue August 20 - 27, 2024 NSW METRO",2024-08-20,2024-08-27,10,L'Oréal Revitalift Filler Plumping or Vitamin C Brightening Serum 30mL,30.0,60.0,30.0,50.0,half_price,30mL,$100.00 per 100mL,‘WASS60 | ‘WASS60 | L'Oréal Revitalift Filler Plumping | or Vitamin C Brightening Serum | 30mL $100.00 per 100mL,93.57,True,inferred_price_requires_review,https://caau.syd1.cdn.digitaloceanspaces.com/wp-content/uploads/catalogue/coles/coles-catalogue-august-20-27-2024-nsw-metro/10.jpg,https://www.catalogueau.com/coles/#catalogue=coles/coles-catalogue-august-20-27-2024-nsw-metro/,unit_price,page_discount;unit_price,1,review
Coles,NSW METRO,"Coles Catalogue August 20 - 27, 2024 NSW METRO",2024-08-20,2024-08-27,10,L'Oréal Revitalift Anti Wrinkle Day Cream 50mL,20.0,40.0,20.0,50.0,half_price,50mL,$40.00 per 100mL,"WASS$40 | WASS$40 | L'Oréal Revitalift Anti Wrinkle | Day Cream 50mL | $40.00 per 100mL | TExcludes Every Day, Down Down & clearance items",93.06,False,,https://caau.syd1.cdn.digitaloceanspaces.com/wp-content/uploads/catalogue/coles/coles-catalogue-august-20-27-2024-nsw-metro/10.jpg,https://www.catalogueau.com/coles/#catalogue=coles/coles-catalogue-august-20-27-2024-nsw-metro/,displayed_price,displayed_price;page_discount;unit_price,2,verified
Coles,NSW METRO,"Coles Catalogue August 20 - 27, 2024 NSW METRO",2024-08-20,2024-08-27,10,Maybelline Lash Sensation Firework Mascara 28g,14.5,29.0,14.5,50.0,half_price,28g,,WAS$29 | WAS$29 | Maybelline Lash | Sensation Firework | Mascara 28g | $5.18 per 10g,96.06,True,inferred_price_requires_review,https://caau.syd1.cdn.digitaloceanspaces.com/wp-content/uploads/catalogue/coles/coles-catalogue-august-20-27-2024-nsw-metro/10.jpg,https://www.catalogueau.com/coles/#catalogue=coles/coles-catalogue-august-20-27-2024-nsw-metro/,page_discount_inference,page_discount,0,review
Coles,NSW METRO,"Coles Catalogue August 20 - 27, 2024 NSW METRO",2024-08-20,2024-08-27,10,L'Oréal Paris Bright Reveal Serum 30mL,30.0,60.0,30.0,50.0,half_price,30mL,$100.00 per 100mL,WASS$60 | WASS$60 | L'Oréal Paris Bright | Reveal Serum 30mL | $100.00 per 100mL | PURCHASE 2 PRODUCTS OR MORE FROM,92.87,False,,https://caau.syd1.cdn.digitaloceanspaces.com/wp-content/uploads/catalogue/coles/coles-catalogue-august-20-27-2024-nsw-metro/10.jpg,https://www.catalogueau.com/coles/#catalogue=coles/coles-catalogue-august-20-27-2024-nsw-metro/,displayed_price,displayed_price;page_discount;unit_price,2,verified
Coles,NSW METRO,"Coles Catalogue August 20 - 27, 2024 NSW METRO",2024-08-20,2024-08-27,10,L'Oréal Elvive Glycolic Gloss Shampoo 200mL or Conditioner 150mL,9.5,19.0,9.5,50.0,half_price,200mL; 150mL,,WASS19 | WASS19 | L'Oréal Elvive Glycolic | Gloss Shampoo 200mL | or Conditioner 150mL | PURCHASE 2 PRODUCTS OR MORE FROM | PARTICIPATING BRANDS FOR A CHANCE TO WIN,93.12,True,inferred_price_requires_review,https://caau.syd1.cdn.digitaloceanspaces.com/wp-content/uploads/catalogue/coles/coles-catalogue-august-20-27-2024-nsw-metro/10.jpg,https://www.catalogueau.com/coles/#catalogue=coles/coles-catalogue-august-20-27-2024-nsw-metro/,page_discount_inference,page_discount,0,review
Coles,NSW METRO,"Coles Catalogue August 20 - 27, 2024 NSW METRO",2024-08-20,2024-08-27,10,Garnier Micellar Cleansing Water 400mL,8.5,17.0,8.5,50.0,half_price,400mL,$2.13 per 100mL,WASS17 | WASS17 | Garnier Micellar | Cleansing Water 400mL | $2.13 per 100mL | SCAN,94.7,True,inferred_price_requires_review,https://caau.syd1.cdn.digitaloceanspaces.com/wp-content/uploads/catalogue/coles/coles-catalogue-august-20-27-2024-nsw-metro/10.jpg,https://www.catalogueau.com/coles/#catalogue=coles/coles-catalogue-august-20-27-2024-nsw-metro/,unit_price,page_discount;unit_price,1,review
Coles,NSW METRO,"Coles Catalogue August 20 - 27, 2024 NSW METRO",2024-08-20,2024-08-27,10,L'Oréal Excellence Colourant LOREAL,3.0,27.0,24.0,88.89,save_amount,,,"L'Oréal Excellence Colourant | LOREAL, | a | a",87.17,True,offer_labels_missing;single_price_evidence,https://caau.syd1.cdn.digitaloceanspaces.com/wp-content/uploads/catalogue/coles/coles-catalogue-august-20-27-2024-nsw-metro/10.jpg,https://www.catalogueau.com/coles/#catalogue=coles/coles-catalogue-august-20-27-2024-nsw-metro/,displayed_price,displayed_price,1,review
Coles,NSW METRO,"Coles Catalogue August 20 - 27, 2024 NSW METRO",2024-08-20,2024-08-27,11,Sistema Stainless Steel Double Wall Bottle 650mL,15.0,30.0,15.0,50.0,half_price,650mL,$15.00 per each,SAVE*15 | WAS$30 | Sistema Stainless Steel | Double Wall Bottle 650mL | $15.00 per each,94.62,False,,https://caau.syd1.cdn.digitaloceanspaces.com/wp-content/uploads/catalogue/coles/coles-catalogue-august-20-27-2024-nsw-metro/11.jpg,https://www.catalogueau.com/coles/#catalogue=coles/coles-catalogue-august-20-27-2024-nsw-metro/,save_was_arithmetic,displayed_price;save_was_arithmetic;unit_price,3,verified
Coles,NSW METRO,"Coles Catalogue August 20 - 27, 2024 NSW METRO",2024-08-20,2024-08-27,11,Sistema To Go Maxi Fold Up Lunch Cooler,6.0,12.1,6.1,50.41,half_price,,$6.00 per each,SAVE%6.10 | WASS12.10 | Sistema To Go Maxi Fold Up | Lunch Cooler | $6.00 per each,96.1,False,,https://caau.syd1.cdn.digitaloceanspaces.com/wp-content/uploads/catalogue/coles/coles-catalogue-august-20-27-2024-nsw-metro/11.jpg,https://www.catalogueau.com/coles/#catalogue=coles/coles-catalogue-august-20-27-2024-nsw-metro/,save_was_arithmetic,displayed_price;save_was_arithmetic;unit_price,3,verified
Coles,NSW METRO,"Coles Catalogue August 20 - 27, 2024 NSW METRO",2024-08-20,2024-08-27,11,Sistema To Go Ribbon Lunch Box 1.1 Litre,5.5,11.0,5.5,50.0,half_price,1.1 Litre,$5.50 per each,SAVE%5.50 | WASS11 | Sistema To Go Ribbon | Lunch Box 1.1 Litre | $5.50 per each | NN,95.44,False,,https://caau.syd1.cdn.digitaloceanspaces.com/wp-content/uploads/catalogue/coles/coles-catalogue-august-20-27-2024-nsw-metro/11.jpg,https://www.catalogueau.com/coles/#catalogue=coles/coles-catalogue-august-20-27-2024-nsw-metro/,save_was_arithmetic,displayed_price;save_was_arithmetic;unit_price,3,verified
Coles,NSW METRO,"Coles Catalogue August 20 - 27, 2024 NSW METRO",2024-08-20,2024-08-27,11,Décor Microsafe Easy Heat Containers 900mL 3 Pack,8.25,16.5,8.25,50.0,half_price,900mL; 3 Pack,$2.75 per each,SAVES8.25 | WASS16.50 | Décor Microsafe Easy Heat | Containers 900mL 3 Pack | $2.75 per each. 2nd week on sale | AAI6 a | AA,93.89,False,,https://caau.syd1.cdn.digitaloceanspaces.com/wp-content/uploads/catalogue/coles/coles-catalogue-august-20-27-2024-nsw-metro/11.jpg,https://www.catalogueau.com/coles/#catalogue=coles/coles-catalogue-august-20-27-2024-nsw-metro/,save_was_arithmetic,save_was_arithmetic;unit_price,2,verified
Coles,NSW METRO,"Coles Catalogue August 20 - 27, 2024 NSW METRO",2024-08-20,2024-08-27,11,Seymours Double Walled Insulated Cup 850mL,15.0,30.0,15.0,50.0,half_price,850mL,$15.00 per each,SAVES15 | WASS$30 | Seymours Double Walled | Insulated Cup 850mL | $15.00 per each,95.13,False,,https://caau.syd1.cdn.digitaloceanspaces.com/wp-content/uploads/catalogue/coles/coles-catalogue-august-20-27-2024-nsw-metro/11.jpg,https://www.catalogueau.com/coles/#catalogue=coles/coles-catalogue-august-20-27-2024-nsw-metro/,save_was_arithmetic,displayed_price;save_was_arithmetic;unit_price,3,verified
Coles,NSW METRO,"Coles Catalogue August 20 - 27, 2024 NSW METRO",2024-08-20,2024-08-27,11,Mirabella 14W GLS LED Light Globes 2 Pack,8.25,16.5,8.25,50.0,half_price,2 Pack,$4.13 per each,SAVES8.25 | WASS16.50 | Mirabella 14W GLS LED Light | Globes 2 Pack $4.13 per each,95.1,False,,https://caau.syd1.cdn.digitaloceanspaces.com/wp-content/uploads/catalogue/coles/coles-catalogue-august-20-27-2024-nsw-metro/11.jpg,https://www.catalogueau.com/coles/#catalogue=coles/coles-catalogue-august-20-27-2024-nsw-metro/,save_was_arithmetic,displayed_price;save_was_arithmetic;unit_price,3,verified
Coles,NSW METRO,"Coles Catalogue August 20 - 27, 2024 NSW METRO",2024-08-20,2024-08-27,11,Duracell Coppertop Batteries AA 16 Pack or AAA 14 Pack,13.75,27.5,13.75,50.0,half_price,16 Pack; 14 Pack,,SAVE513.75 | WAS$27.50 | Duracell Coppertop Batteries AA | 16 Pack or AAA 14 Pack | NSW-METRO-2108-24-277600,94.54,True,single_price_evidence,https://caau.syd1.cdn.digitaloceanspaces.com/wp-content/uploads/catalogue/coles/coles-catalogue-august-20-27-2024-nsw-metro/11.jpg,https://www.catalogueau.com/coles/#catalogue=coles/coles-catalogue-august-20-27-2024-nsw-metro/,unknown,,0,review
Coles,NSW METRO,"Coles Catalogue August 20 - 27, 2024 NSW METRO",2024-08-20,2024-08-27,11,Sharpie Permanent Markers Fine Tip 2 Pack 2nd week,2.8,5.6,2.8,50.0,half_price,2 Pack,,SAVE2.80 | WASS$5.60 | Sharpie Permanent Markers Fine | Tip 2 Pack 2nd week on sale | TExcludes clearance items | 1],96.34,True,single_price_evidence,https://caau.syd1.cdn.digitaloceanspaces.com/wp-content/uploads/catalogue/coles/coles-catalogue-august-20-27-2024-nsw-metro/11.jpg,https://www.catalogueau.com/coles/#catalogue=coles/coles-catalogue-august-20-27-2024-nsw-metro/,save_was_arithmetic,save_was_arithmetic,1,review
Coles,NSW METRO,"Coles Catalogue August 20 - 27, 2024 NSW METRO",2024-08-20,2024-08-27,11,Elmer's Gue Strawberry Donut 2nd week,6.0,12.0,6.0,50.0,half_price,,,SAVE°6 | WASS12 | Elmer's Gue Strawberry Donut | 2nd week on sale,90.01,False,,https://caau.syd1.cdn.digitaloceanspaces.com/wp-content/uploads/catalogue/coles/coles-catalogue-august-20-27-2024-nsw-metro/11.jpg,https://www.catalogueau.com/coles/#catalogue=coles/coles-catalogue-august-20-27-2024-nsw-metro/,save_was_arithmetic,displayed_price;save_was_arithmetic,2,verified
Coles,NSW METRO,"Coles Catalogue August 20 - 27, 2024 NSW METRO",2024-08-20,2024-08-27,12,Nescafé Coffee Sachets 8 Pack-10 Pack,32.8,760.0,727.2,95.68,save_amount,8 Pack; 10 Pack,,SAVE3.80 | ‘WAS$760 | Nescafé Coffee Sachets 8 Pack-10 Pack | On sale for 2 weeks. *See page 36 for T&Cs | — | 1 sis,94.08,True,single_price_evidence,https://caau.syd1.cdn.digitaloceanspaces.com/wp-content/uploads/catalogue/coles/coles-catalogue-august-20-27-2024-nsw-metro/12.jpg,https://www.catalogueau.com/coles/#catalogue=coles/coles-catalogue-august-20-27-2024-nsw-metro/,displayed_price,displayed_price,1,review
Coles,NSW METRO,"Coles Catalogue August 20 - 27, 2024 NSW METRO",2024-08-20,2024-08-27,12,Kellogg's K-Time Bar 165g-185g,2.75,5.5,2.75,50.0,half_price,165g; 185g,,SAVE'2.75 | ‘WAS$5.50 | Kellogg's K-Time Bar 165g-185g,92.58,True,single_price_evidence,https://caau.syd1.cdn.digitaloceanspaces.com/wp-content/uploads/catalogue/coles/coles-catalogue-august-20-27-2024-nsw-metro/12.jpg,https://www.catalogueau.com/coles/#catalogue=coles/coles-catalogue-august-20-27-2024-nsw-metro/,save_was_arithmetic,save_was_arithmetic,1,review
Coles,NSW METRO,"Coles Catalogue August 20 - 27, 2024 NSW METRO",2024-08-20,2024-08-27,12,Uncle Tobys Rolled Oats Quick Sachets 320g-350g,3.15,6.3,3.15,50.0,half_price,320g; 350g,,SAVE%3.15 | WASS6.30 | Uncle Tobys Rolled Oats Quick | Sachets 320g-350g | |,93.93,True,single_price_evidence,https://caau.syd1.cdn.digitaloceanspaces.com/wp-content/uploads/catalogue/coles/coles-catalogue-august-20-27-2024-nsw-metro/12.jpg,https://www.catalogueau.com/coles/#catalogue=coles/coles-catalogue-august-20-27-2024-nsw-metro/,save_was_arithmetic,save_was_arithmetic,1,review
Coles,NSW METRO,"Coles Catalogue August 20 - 27, 2024 NSW METRO",2024-08-20,2024-08-27,12,Gold Sunset Canola Oil 2 Litre,8.5,17.0,8.5,50.0,half_price,2 Litre,$0.43 per 100mL,SAVE°8.50 | WASS17 | Gold Sunset Canola Oil | 2 Litre $0.43 per 100mL. | 2nd week on sale,95.61,True,single_price_evidence,https://caau.syd1.cdn.digitaloceanspaces.com/wp-content/uploads/catalogue/coles/coles-catalogue-august-20-27-2024-nsw-metro/12.jpg,https://www.catalogueau.com/coles/#catalogue=coles/coles-catalogue-august-20-27-2024-nsw-metro/,save_was_arithmetic,save_was_arithmetic,1,review
Coles,NSW METRO,"Coles Catalogue August 20 - 27, 2024 NSW METRO",2024-08-20,2024-08-27,12,Lavazza Espresso Barista Coffee Beans 1kg,25.0,350.0,325.0,92.86,save_amount,1kg,$2.50 per 100g,SAVE. 325 | Lavazza Espresso Barista Coffee | Beans 1kg $2.50 per 100g,93.41,False,,https://caau.syd1.cdn.digitaloceanspaces.com/wp-content/uploads/catalogue/coles/coles-catalogue-august-20-27-2024-nsw-metro/12.jpg,https://www.catalogueau.com/coles/#catalogue=coles/coles-catalogue-august-20-27-2024-nsw-metro/,displayed_price,displayed_price;unit_price,2,verified
Coles,NSW METRO,"Coles Catalogue August 20 - 27, 2024 NSW METRO",2024-08-20,2024-08-27,12,Queen Victoria Tea Bags 100 Pack,0.5,1.0,0.5,50.0,half_price,100 Pack,$0.06 per each,SAVE°5.50 | WASST1 | Queen Victoria Tea Bags | 100 Pack $0.06 per each | NSW-METRO-2108-24-277600,96.09,True,single_price_evidence,https://caau.syd1.cdn.digitaloceanspaces.com/wp-content/uploads/catalogue/coles/coles-catalogue-august-20-27-2024-nsw-metro/12.jpg,https://www.catalogueau.com/coles/#catalogue=coles/coles-catalogue-august-20-27-2024-nsw-metro/,unknown,,0,review
Coles,NSW METRO,"Coles Catalogue August 20 - 27, 2024 NSW METRO",2024-08-20,2024-08-27,12,Lavazza Qualita Oro Coffee Beans or Ground 1kg,24.0,48.0,24.0,50.0,half_price,1kg,$2.40 per 100g,SAVE‘S24 | WASS48 | Lavazza Qualita Oro Coffee Beans | or Ground 1kg $2.40 per 100g | 12,93.8,False,,https://caau.syd1.cdn.digitaloceanspaces.com/wp-content/uploads/catalogue/coles/coles-catalogue-august-20-27-2024-nsw-metro/12.jpg,https://www.catalogueau.com/coles/#catalogue=coles/coles-catalogue-august-20-27-2024-nsw-metro/,save_was_arithmetic,displayed_price;save_was_arithmetic;unit_price,3,verified
Coles,NSW METRO,"Coles Catalogue August 20 - 27, 2024 NSW METRO",2024-08-20,2024-08-27,12,Sunrice Jasmine Rice 5kg,12.0,,,,special,5kg,$0.24 per 100g,Sunrice Jasmine Rice 5kg | $0.24 per 100g | ——,94.02,True,offer_labels_missing;save_amount_missing;regular_price_missing;single_price_evidence,https://caau.syd1.cdn.digitaloceanspaces.com/wp-content/uploads/catalogue/coles/coles-catalogue-august-20-27-2024-nsw-metro/12.jpg,https://www.catalogueau.com/coles/#catalogue=coles/coles-catalogue-august-20-27-2024-nsw-metro/,displayed_price,displayed_price,1,review
Coles,NSW METRO,"Coles Catalogue August 20 - 27, 2024 NSW METRO",2024-08-20,2024-08-27,13,Streets Gaytime Multi Pack 400mL,5.0,10.0,5.0,50.0,half_price,400mL,$1.25 per 100mL,SAVES5 | WASS10 | Streets Gaytime Multi Pack | 400mL $1.25 per 100mL,93.03,False,,https://caau.syd1.cdn.digitaloceanspaces.com/wp-content/uploads/catalogue/coles/coles-catalogue-august-20-27-2024-nsw-metro/13.jpg,https://www.catalogueau.com/coles/#catalogue=coles/coles-catalogue-august-20-27-2024-nsw-metro/,save_was_arithmetic,displayed_price;save_was_arithmetic;unit_price,3,verified
Coles,NSW METRO,"Coles Catalogue August 20 - 27, 2024 NSW METRO",2024-08-20,2024-08-27,13,Hershey's or Reese's Ice Cream Tub 1 Litre,4.75,9.5,4.75,50.0,half_price,1 Litre,$0.48 per 100mL,‘WAS$9.50 | ‘WAS$9.50 | Hershey's or Reese's Ice Cream | Tub 1 Litre $0.48 per 100mL,94.22,True,inferred_price_requires_review,https://caau.syd1.cdn.digitaloceanspaces.com/wp-content/uploads/catalogue/coles/coles-catalogue-august-20-27-2024-nsw-metro/13.jpg,https://www.catalogueau.com/coles/#catalogue=coles/coles-catalogue-august-20-27-2024-nsw-metro/,unit_price,page_discount;unit_price,1,review
Coles,NSW METRO,"Coles Catalogue August 20 - 27, 2024 NSW METRO",2024-08-20,2024-08-27,13,Birds Eye Golden Crunch Chips 900g,2.9,5.8,2.9,50.0,half_price,900g,$3.22 per kg,SAVE52.90 | WASS$5.80 | Birds Eye Golden Crunch Chips | 900g $3.22 per kg | Prize Draw,95.83,False,,https://caau.syd1.cdn.digitaloceanspaces.com/wp-content/uploads/catalogue/coles/coles-catalogue-august-20-27-2024-nsw-metro/13.jpg,https://www.catalogueau.com/coles/#catalogue=coles/coles-catalogue-august-20-27-2024-nsw-metro/,displayed_price,displayed_price;unit_price,2,verified
Coles,NSW METRO,"Coles Catalogue August 20 - 27, 2024 NSW METRO",2024-08-20,2024-08-27,13,1&J Raw Prawns Tail On or Off 500g,12.0,24.0,12.0,50.0,half_price,500g,$24.00 per kg,"SAVES12 | WASS24 | 1&J Raw Prawns Tail On or Off | 500g $24.00 per kg | ~F, | N",96.16,False,,https://caau.syd1.cdn.digitaloceanspaces.com/wp-content/uploads/catalogue/coles/coles-catalogue-august-20-27-2024-nsw-metro/13.jpg,https://www.catalogueau.com/coles/#catalogue=coles/coles-catalogue-august-20-27-2024-nsw-metro/,save_was_arithmetic,displayed_price;save_was_arithmetic;unit_price,3,verified
Coles,NSW METRO,"Coles Catalogue August 20 - 27, 2024 NSW METRO",2024-08-20,2024-08-27,13,Charlotte's Bakery Pies 2 Pack 400g,5.9,11.8,5.9,50.0,half_price,2 Pack; 400g,$1.48 per 100g,WASS11.80 | WASS11.80 | Charlotte's Bakery Pies 2 Pack | 400g $1.48 per 100g | fx | pepstit | Prize Draw,96.36,False,,https://caau.syd1.cdn.digitaloceanspaces.com/wp-content/uploads/catalogue/coles/coles-catalogue-august-20-27-2024-nsw-metro/13.jpg,https://www.catalogueau.com/coles/#catalogue=coles/coles-catalogue-august-20-27-2024-nsw-metro/,displayed_price,displayed_price;page_discount;unit_price,2,verified
Coles,NSW METRO,"Coles Catalogue August 20 - 27, 2024 NSW METRO",2024-08-20,2024-08-27,13,Streets Magnum Dairy Free 270mL 3 Pack,4.51,9.02,4.51,50.0,half_price,270mL; 3 Pack,$1.67 per 100mL,Streets Magnum Dairy Free | 270mL 3 Pack $1.67 per 100mL. | +See page 36 forT&Cs,93.96,True,offer_labels_missing;regular_and_save_inferred_from_half_price;inferred_price_requires_review,https://caau.syd1.cdn.digitaloceanspaces.com/wp-content/uploads/catalogue/coles/coles-catalogue-august-20-27-2024-nsw-metro/13.jpg,https://www.catalogueau.com/coles/#catalogue=coles/coles-catalogue-august-20-27-2024-nsw-metro/,unit_price,grid_inference;unit_price,1,review
Coles,NSW METRO,"Coles Catalogue August 20 - 27, 2024 NSW METRO",2024-08-20,2024-08-27,13,Streets Blue Ribbon 2 Litre,6.5,,,,special,2 Litre,$0.33 per 100mL,Streets Blue Ribbon 2 Litre | $0.33 per 100mL. | *See page 36 for TkCs | NSW-METRO-2108-24-277600,96.45,True,offer_labels_missing;save_amount_missing;regular_price_missing;single_price_evidence,https://caau.syd1.cdn.digitaloceanspaces.com/wp-content/uploads/catalogue/coles/coles-catalogue-august-20-27-2024-nsw-metro/13.jpg,https://www.catalogueau.com/coles/#catalogue=coles/coles-catalogue-august-20-27-2024-nsw-metro/,displayed_price,displayed_price,1,review
Coles,NSW METRO,"Coles Catalogue August 20 - 27, 2024 NSW METRO",2024-08-20,2024-08-27,13,Coles Irresistible Ice Cream Mini 6 Pack 360mL,5.5,,,,special,6 Pack; 360mL,$1.53 per 100mL,Coles Irresistible Ice Cream Mini | 6 Pack 360mL $1.53 per 100mL | 13,92.44,False,,https://caau.syd1.cdn.digitaloceanspaces.com/wp-content/uploads/catalogue/coles/coles-catalogue-august-20-27-2024-nsw-metro/13.jpg,https://www.catalogueau.com/coles/#catalogue=coles/coles-catalogue-august-20-27-2024-nsw-metro/,displayed_price,displayed_price;unit_price,2,verified
Coles,NSW METRO,"Coles Catalogue August 20 - 27, 2024 NSW METRO",2024-08-20,2024-08-27,13,Coles Frozen Bake at Home 6 Pack 360g-420g,6.7,,,,special,6 Pack; 360g; 420g,,Coles Frozen Bake at Home | 6 Pack 360g-420g,94.37,True,offer_labels_missing;save_amount_missing;regular_price_missing;single_price_evidence,https://caau.syd1.cdn.digitaloceanspaces.com/wp-content/uploads/catalogue/coles/coles-catalogue-august-20-27-2024-nsw-metro/13.jpg,https://www.catalogueau.com/coles/#catalogue=coles/coles-catalogue-august-20-27-2024-nsw-metro/,displayed_price,displayed_price,1,review
Coles,NSW METRO,"Coles Catalogue August 20 - 27, 2024 NSW METRO",2024-08-20,2024-08-27,15,Coles Kitchen Chicken Style or Potato & Leek Soup Kit 450g,5.0,6.0,1.0,16.67,save_amount,450g,$11.11 per kg,WASS6 | WASS6 | Coles Kitchen Chicken Style or Potato & Leek | Soup Kit 450g $11.11 per kg. *See page 36 for T&Cs,94.48,False,,https://caau.syd1.cdn.digitaloceanspaces.com/wp-content/uploads/catalogue/coles/coles-catalogue-august-20-27-2024-nsw-metro/15.jpg,https://www.catalogueau.com/coles/#catalogue=coles/coles-catalogue-august-20-27-2024-nsw-metro/,displayed_price,displayed_price;unit_price,2,verified
Coles,NSW METRO,"Coles Catalogue August 20 - 27, 2024 NSW METRO",2024-08-20,2024-08-27,15,"Coles Dry Roasted, Natural or Smoked Almonds 400g Pack",7.0,9.0,2.0,22.22,save_amount,400g,$17.50 per kg,"‘WAS§9 | ‘WAS§9 | Coles Dry Roasted, Natural or Smoked Almonds | 400g Pack $17.50 per kg | +""",96.09,False,,https://caau.syd1.cdn.digitaloceanspaces.com/wp-content/uploads/catalogue/coles/coles-catalogue-august-20-27-2024-nsw-metro/15.jpg,https://www.catalogueau.com/coles/#catalogue=coles/coles-catalogue-august-20-27-2024-nsw-metro/,displayed_price,displayed_price;unit_price,2,verified
Coles,NSW METRO,"Coles Catalogue August 20 - 27, 2024 NSW METRO",2024-08-20,2024-08-27,15,Coles Australian Gourmet Tomatoes 1kg Pack or Loose,4.9,,,,special,1kg,$4.90 per kg,| Coles Australian Gourmet Tomatoes | 1kg Pack or Loose $4.90 per kg,94.02,True,single_price_evidence,https://caau.syd1.cdn.digitaloceanspaces.com/wp-content/uploads/catalogue/coles/coles-catalogue-august-20-27-2024-nsw-metro/15.jpg,https://www.catalogueau.com/coles/#catalogue=coles/coles-catalogue-august-20-27-2024-nsw-metro/,unit_price,unit_price,1,review
Coles,NSW METRO,"Coles Catalogue August 20 - 27, 2024 NSW METRO",2024-08-20,2024-08-27,16,NRL Piggy Bank While stocks last. No rainchecks,2.0,,,,special,,,NRL Piggy Bank | While stocks last. No rainchecks | i SOCKS,95.45,True,offer_labels_missing;save_amount_missing;regular_price_missing;single_price_evidence,https://caau.syd1.cdn.digitaloceanspaces.com/wp-content/uploads/catalogue/coles/coles-catalogue-august-20-27-2024-nsw-metro/16.jpg,https://www.catalogueau.com/coles/#catalogue=coles/coles-catalogue-august-20-27-2024-nsw-metro/,displayed_price,displayed_price,1,review
Coles,NSW METRO,"Coles Catalogue August 20 - 27, 2024 NSW METRO",2024-08-20,2024-08-27,16,NRL Polar Fleece Throw While stocks last. No rainchecks,5.0,,,,special,,,"NRL Polar Fleece Throw | While stocks last. No rainchecks | O), | —",95.44,True,offer_labels_missing;save_amount_missing;regular_price_missing;single_price_evidence,https://caau.syd1.cdn.digitaloceanspaces.com/wp-content/uploads/catalogue/coles/coles-catalogue-august-20-27-2024-nsw-metro/16.jpg,https://www.catalogueau.com/coles/#catalogue=coles/coles-catalogue-august-20-27-2024-nsw-metro/,displayed_price,displayed_price,1,review
Coles,NSW METRO,"Coles Catalogue August 20 - 27, 2024 NSW METRO",2024-08-20,2024-08-27,16,Mug in Gift Box or Novelty Socks While stocks last. No rainchecks,6.0,,,,special,,,Mug in Gift Box or Novelty Socks | While stocks last. No rainchecks | OO,95.48,True,offer_labels_missing;save_amount_missing;regular_price_missing;single_price_evidence,https://caau.syd1.cdn.digitaloceanspaces.com/wp-content/uploads/catalogue/coles/coles-catalogue-august-20-27-2024-nsw-metro/16.jpg,https://www.catalogueau.com/coles/#catalogue=coles/coles-catalogue-august-20-27-2024-nsw-metro/,displayed_price,displayed_price,1,review
Coles,NSW METRO,"Coles Catalogue August 20 - 27, 2024 NSW METRO",2024-08-20,2024-08-27,16,Hallmark,8.0,,,,special,,,Hallmark $8 Father's Day Card | Range may vary by store | off | |,96.13,True,offer_labels_missing;save_amount_missing;regular_price_missing;single_price_evidence,https://caau.syd1.cdn.digitaloceanspaces.com/wp-content/uploads/catalogue/coles/coles-catalogue-august-20-27-2024-nsw-metro/16.jpg,https://www.catalogueau.com/coles/#catalogue=coles/coles-catalogue-august-20-27-2024-nsw-metro/,displayed_price,displayed_price,1,review
Coles,NSW METRO,"Coles Catalogue August 20 - 27, 2024 NSW METRO",2024-08-20,2024-08-27,16,Nutribullet 600W 1 Each,79.0,,,,special,,,Nutribullet 600W 1 Each,91.16,True,offer_labels_missing;save_amount_missing;regular_price_missing;single_price_evidence,https://caau.syd1.cdn.digitaloceanspaces.com/wp-content/uploads/catalogue/coles/coles-catalogue-august-20-27-2024-nsw-metro/16.jpg,https://www.catalogueau.com/coles/#catalogue=coles/coles-catalogue-august-20-27-2024-nsw-metro/,displayed_price,displayed_price,1,review
Coles,NSW METRO,"Coles Catalogue August 20 - 27, 2024 NSW METRO",2024-08-20,2024-08-27,18,Don Virginian Ham Selected stores only*,22.0,28.0,6.0,21.43,save_amount,,,"SAVE 56kg | WASS$28kg | Don Virginian Ham | Selected stores only* | =, | —\ | $130",95.25,False,,https://caau.syd1.cdn.digitaloceanspaces.com/wp-content/uploads/catalogue/coles/coles-catalogue-august-20-27-2024-nsw-metro/18.jpg,https://www.catalogueau.com/coles/#catalogue=coles/coles-catalogue-august-20-27-2024-nsw-metro/,save_was_arithmetic,displayed_price;save_was_arithmetic,2,verified
Coles,NSW METRO,"Coles Catalogue August 20 - 27, 2024 NSW METRO",2024-08-20,2024-08-27,18,Primo Middle Bacon Selected stores only*,13.0,174.0,161.0,92.53,save_amount,,,SAVES4ig | WASS174g | Primo Middle Bacon | Selected stores only*,95.24,True,single_price_evidence,https://caau.syd1.cdn.digitaloceanspaces.com/wp-content/uploads/catalogue/coles/coles-catalogue-august-20-27-2024-nsw-metro/18.jpg,https://www.catalogueau.com/coles/#catalogue=coles/coles-catalogue-august-20-27-2024-nsw-metro/,displayed_price,displayed_price,1,review
Coles,NSW METRO,"Coles Catalogue August 20 - 27, 2024 NSW METRO",2024-08-20,2024-08-27,18,Primo Cocktail Frankfurts Selected stores only*,799.9,801.5,1.6,0.2,save_amount,,,SAVE $1.60kg | Primo Cocktail Frankfurts | Selected stores only*,93.5,True,single_price_evidence,https://caau.syd1.cdn.digitaloceanspaces.com/wp-content/uploads/catalogue/coles/coles-catalogue-august-20-27-2024-nsw-metro/18.jpg,https://www.catalogueau.com/coles/#catalogue=coles/coles-catalogue-august-20-27-2024-nsw-metro/,displayed_price,displayed_price,1,review
Coles,NSW METRO,"Coles Catalogue August 20 - 27, 2024 NSW METRO",2024-08-20,2024-08-27,18,Jarlsbet Jarlsberg Swiss Sliced Cheese,326.0,333.5,7.5,2.25,save_amount,,,SAVES7.50kg | Jarlsbet | Jarlsberg Swiss Sliced Cheese | 2nd wee | on sale. | Selected stores only* | Oo”,70.49,True,low_name_confidence_strict;single_price_evidence,https://caau.syd1.cdn.digitaloceanspaces.com/wp-content/uploads/catalogue/coles/coles-catalogue-august-20-27-2024-nsw-metro/18.jpg,https://www.catalogueau.com/coles/#catalogue=coles/coles-catalogue-august-20-27-2024-nsw-metro/,displayed_price,displayed_price,1,review
Coles,NSW METRO,"Coles Catalogue August 20 - 27, 2024 NSW METRO",2024-08-20,2024-08-27,18,Elco Dodoni Feta Selected stores only*,30.0,41.5,11.5,27.71,save_amount,,,SAVES11.5015 | Elco Dodoni Feta | Selected stores only* | an,93.66,True,single_price_evidence,https://caau.syd1.cdn.digitaloceanspaces.com/wp-content/uploads/catalogue/coles/coles-catalogue-august-20-27-2024-nsw-metro/18.jpg,https://www.catalogueau.com/coles/#catalogue=coles/coles-catalogue-august-20-27-2024-nsw-metro/,displayed_price,displayed_price,1,review
Coles,NSW METRO,"Coles Catalogue August 20 - 27, 2024 NSW METRO",2024-08-20,2024-08-27,18,Coles Thawed Cooked Vannamei Prawns,15.0,20.0,5.0,25.0,save_amount,,,SAVES5ig | WASS20kg | Coles Thawed Cooked Vannamei | Prawns On sale for 2 weeks. | Selected stores only* | eee | [rrr | Serving suggestion only,95.09,False,,https://caau.syd1.cdn.digitaloceanspaces.com/wp-content/uploads/catalogue/coles/coles-catalogue-august-20-27-2024-nsw-metro/18.jpg,https://www.catalogueau.com/coles/#catalogue=coles/coles-catalogue-august-20-27-2024-nsw-metro/,save_was_arithmetic,displayed_price;save_was_arithmetic,2,verified
Coles,NSW METRO,"Coles Catalogue August 20 - 27, 2024 NSW METRO",2024-08-20,2024-08-27,18,NSW-METRO-2108-24-277600,40.0,461.0,421.0,91.32,save_amount,,,"SAVE $6kg | WAS $461, | NSW-METRO-2108-24-277600",92.2,True,single_price_evidence,https://caau.syd1.cdn.digitaloceanspaces.com/wp-content/uploads/catalogue/coles/coles-catalogue-august-20-27-2024-nsw-metro/18.jpg,https://www.catalogueau.com/coles/#catalogue=coles/coles-catalogue-august-20-27-2024-nsw-metro/,displayed_price,displayed_price,1,review
Coles,NSW METRO,"Coles Catalogue August 20 - 27, 2024 NSW METRO",2024-08-20,2024-08-27,19,Coles Australian Lamb Boneless Shoulder Roast,18.0,20.0,2.0,10.0,save_amount,,,WAS $20kg | WAS $20kg | Ai | Coles Australian Lamb Boneless Shoulder Roast | On sale for 2 weeks. Product sold uncooked | ai,96.49,True,single_price_evidence,https://caau.syd1.cdn.digitaloceanspaces.com/wp-content/uploads/catalogue/coles/coles-catalogue-august-20-27-2024-nsw-metro/19.jpg,https://www.catalogueau.com/coles/#catalogue=coles/coles-catalogue-august-20-27-2024-nsw-metro/,displayed_price,displayed_price,1,review
Coles,NSW METRO,"Coles Catalogue August 20 - 27, 2024 NSW METRO",2024-08-20,2024-08-27,19,Coles Australian Pork & Beef 3 Star Regular Mince Bolognese 500g,5.0,6.5,1.5,23.08,save_amount,500g,$10.00 per kg,WASS$6.50 | WASS$6.50 | Coles Australian Pork & Beef | 3 Star Regular Mince Bolognese | 500g $10.00 per kg,95.96,False,,https://caau.syd1.cdn.digitaloceanspaces.com/wp-content/uploads/catalogue/coles/coles-catalogue-august-20-27-2024-nsw-metro/19.jpg,https://www.catalogueau.com/coles/#catalogue=coles/coles-catalogue-august-20-27-2024-nsw-metro/,displayed_price,displayed_price;unit_price,2,verified
Coles,NSW METRO,"Coles Catalogue August 20 - 27, 2024 NSW METRO",2024-08-20,2024-08-27,19,Coles Finest Sausages 450g-500g,8.0,9.0,1.0,11.11,save_amount,450g; 500g,,WASS9 | WASS9 | Coles Finest Sausages 450g-500g | On sale for 2 weeks,94.05,True,single_price_evidence,https://caau.syd1.cdn.digitaloceanspaces.com/wp-content/uploads/catalogue/coles/coles-catalogue-august-20-27-2024-nsw-metro/19.jpg,https://www.catalogueau.com/coles/#catalogue=coles/coles-catalogue-august-20-27-2024-nsw-metro/,displayed_price,displayed_price,1,review
Coles,NSW METRO,"Coles Catalogue August 20 - 27, 2024 NSW METRO",2024-08-20,2024-08-27,19,Coles Australian No Added Hormones Slow Cook Beef Brisket,13.0,51.0,38.0,74.51,save_amount,,,WASS 51g | WASS 51g | Coles Australian No Added | Hormones Slow Cook Beef Brisket | = | j | \,96.02,True,single_price_evidence,https://caau.syd1.cdn.digitaloceanspaces.com/wp-content/uploads/catalogue/coles/coles-catalogue-august-20-27-2024-nsw-metro/19.jpg,https://www.catalogueau.com/coles/#catalogue=coles/coles-catalogue-august-20-27-2024-nsw-metro/,displayed_price,displayed_price,1,review
Coles,NSW METRO,"Coles Catalogue August 20 - 27, 2024 NSW METRO",2024-08-20,2024-08-27,19,Coles RSPCA Approved Big Chicken 3.2kg,18.0,20.0,2.0,10.0,save_amount,3.2kg,$5.63 per kg,WAS$20 | WAS$20 | Coles RSPCA Approved Big | Chicken 3.2kg $5.63 per kg | 2nd week on sale | f | te,95.33,False,,https://caau.syd1.cdn.digitaloceanspaces.com/wp-content/uploads/catalogue/coles/coles-catalogue-august-20-27-2024-nsw-metro/19.jpg,https://www.catalogueau.com/coles/#catalogue=coles/coles-catalogue-august-20-27-2024-nsw-metro/,displayed_price,displayed_price;unit_price,2,verified
Coles,NSW METRO,"Coles Catalogue August 20 - 27, 2024 NSW METRO",2024-08-20,2024-08-27,19,Coles RSPCA Approved Chicken Breast Schnitzel Plain Crumb 600g,9.0,10.5,1.5,14.29,save_amount,600g,$15.00 per kg,WASS10.50 | WASS10.50 | Coles RSPCA Approved Chicken | Breast Schnitzel Plain Crumb 600g | $15.00 per kg. On sale for 2 weeks | Reais | te | ge,96.01,False,,https://caau.syd1.cdn.digitaloceanspaces.com/wp-content/uploads/catalogue/coles/coles-catalogue-august-20-27-2024-nsw-metro/19.jpg,https://www.catalogueau.com/coles/#catalogue=coles/coles-catalogue-august-20-27-2024-nsw-metro/,displayed_price,displayed_price;unit_price,2,verified
Coles,NSW METRO,"Coles Catalogue August 20 - 27, 2024 NSW METRO",2024-08-20,2024-08-27,19,Coles Australian Pork Shoulder Roast Boneless,8.0,,,,special,,,Coles Australian Pork Shoulder | Roast Boneless,96.5,True,offer_labels_missing;save_amount_missing;regular_price_missing;inferred_price_requires_review,https://caau.syd1.cdn.digitaloceanspaces.com/wp-content/uploads/catalogue/coles/coles-catalogue-august-20-27-2024-nsw-metro/19.jpg,https://www.catalogueau.com/coles/#catalogue=coles/coles-catalogue-august-20-27-2024-nsw-metro/,displayed_price,displayed_price;grid_inference,1,review
Coles,NSW METRO,"Coles Catalogue August 20 - 27, 2024 NSW METRO",2024-08-20,2024-08-27,19,NSW-METRO-2108-24-277600,13.0,,,,special,,,NSW-METRO-2108-24-277600,92.07,True,offer_labels_missing;save_amount_missing;regular_price_missing;single_price_evidence,https://caau.syd1.cdn.digitaloceanspaces.com/wp-content/uploads/catalogue/coles/coles-catalogue-august-20-27-2024-nsw-metro/19.jpg,https://www.catalogueau.com/coles/#catalogue=coles/coles-catalogue-august-20-27-2024-nsw-metro/,displayed_price,displayed_price,1,review
Coles,NSW METRO,"Coles Catalogue August 20 - 27, 2024 NSW METRO",2024-08-20,2024-08-27,20,Tip Top English Muffins 6 Pack 400g,3.0,6.0,3.0,50.0,half_price,6 Pack; 400g,$0.75 per 100g,Tip Top English Muffins 6 Pack 400g | $0.75 per 100g,96.28,False,,https://caau.syd1.cdn.digitaloceanspaces.com/wp-content/uploads/catalogue/coles/coles-catalogue-august-20-27-2024-nsw-metro/20.jpg,https://www.catalogueau.com/coles/#catalogue=coles/coles-catalogue-august-20-27-2024-nsw-metro/,displayed_price,displayed_price;unit_price,2,verified
Coles,NSW METRO,"Coles Catalogue August 20 - 27, 2024 NSW METRO",2024-08-20,2024-08-27,20,Mr Kipling Fancies or Bakewells 205g-250g,3.25,6.5,3.25,50.0,half_price,205g; 250g,,"WASS$6.50 | WASS$6.50 | Mr Kipling Fancies or Bakewells | 205g-250g | “, | %",91.66,True,inferred_price_requires_review,https://caau.syd1.cdn.digitaloceanspaces.com/wp-content/uploads/catalogue/coles/coles-catalogue-august-20-27-2024-nsw-metro/20.jpg,https://www.catalogueau.com/coles/#catalogue=coles/coles-catalogue-august-20-27-2024-nsw-metro/,page_discount_inference,page_discount,0,review
Coles,NSW METRO,"Coles Catalogue August 20 - 27, 2024 NSW METRO",2024-08-20,2024-08-27,20,Coles Bakery Cookies 6 Pack,3.0,3.5,0.5,14.29,save_amount,6 Pack,$0.50 per each,WASS$3.50 | WASS$3.50 | Coles Bakery Cookies 6 Pack | $0.50 per each | Selected stores only | Mt | De fos beats | 4:,96.49,False,,https://caau.syd1.cdn.digitaloceanspaces.com/wp-content/uploads/catalogue/coles/coles-catalogue-august-20-27-2024-nsw-metro/20.jpg,https://www.catalogueau.com/coles/#catalogue=coles/coles-catalogue-august-20-27-2024-nsw-metro/,displayed_price,displayed_price;unit_price,2,verified
Coles,NSW METRO,"Coles Catalogue August 20 - 27, 2024 NSW METRO",2024-08-20,2024-08-27,20,Coles Bakery Tear & Share Selected stores only,2.5,5.0,2.5,50.0,half_price,,,WASS5 | WASS5 | Coles Bakery Tear & Share | Selected stores only,95.88,True,inferred_price_requires_review,https://caau.syd1.cdn.digitaloceanspaces.com/wp-content/uploads/catalogue/coles/coles-catalogue-august-20-27-2024-nsw-metro/20.jpg,https://www.catalogueau.com/coles/#catalogue=coles/coles-catalogue-august-20-27-2024-nsw-metro/,page_discount_inference,page_discount,0,review
Coles,NSW METRO,"Coles Catalogue August 20 - 27, 2024 NSW METRO",2024-08-20,2024-08-27,20,Abe's Bagels 4 Pack 360g,4.0,5.5,1.5,27.27,save_amount,4 Pack; 360g,$1.11 per 100g,WASS5.50 | WASS5.50 | Abe's Bagels 4 Pack 360g | $1.11 per 100g | $1.11 | NW | W,96.03,False,,https://caau.syd1.cdn.digitaloceanspaces.com/wp-content/uploads/catalogue/coles/coles-catalogue-august-20-27-2024-nsw-metro/20.jpg,https://www.catalogueau.com/coles/#catalogue=coles/coles-catalogue-august-20-27-2024-nsw-metro/,displayed_price,displayed_price;unit_price,2,verified
Coles,NSW METRO,"Coles Catalogue August 20 - 27, 2024 NSW METRO",2024-08-20,2024-08-27,20,Toscano Waffles 4 Pack 360g,6.5,7.5,1.0,13.33,save_amount,4 Pack; 360g,$1.81 per 100g,WAS$7.50 | WAS$7.50 | Toscano Waffles 4 Pack 360g | $1.81 per 100g,96.1,True,single_price_evidence,https://caau.syd1.cdn.digitaloceanspaces.com/wp-content/uploads/catalogue/coles/coles-catalogue-august-20-27-2024-nsw-metro/20.jpg,https://www.catalogueau.com/coles/#catalogue=coles/coles-catalogue-august-20-27-2024-nsw-metro/,unit_price,unit_price,1,review
Coles,NSW METRO,"Coles Catalogue August 20 - 27, 2024 NSW METRO",2024-08-20,2024-08-27,20,Coles Bakery Sweet Scrolls 2 Pack,3.0,3.5,0.5,14.29,save_amount,2 Pack,$1.50 per each,WASS3.50 | WASS3.50 | Coles Bakery Sweet Scrolls | 2 Pack $1.50 per each. 2nd week | on sale. Selected stores only | NW | W,95.99,False,,https://caau.syd1.cdn.digitaloceanspaces.com/wp-content/uploads/catalogue/coles/coles-catalogue-august-20-27-2024-nsw-metro/20.jpg,https://www.catalogueau.com/coles/#catalogue=coles/coles-catalogue-august-20-27-2024-nsw-metro/,displayed_price,displayed_price;unit_price,2,verified
Coles,NSW METRO,"Coles Catalogue August 20 - 27, 2024 NSW METRO",2024-08-20,2024-08-27,20,or Baguette Selected stores only,90.0,,,,special,,,or Baguette | Selected stores only | mS | i,96.17,True,offer_labels_missing;save_amount_missing;regular_price_missing;inferred_price_requires_review,https://caau.syd1.cdn.digitaloceanspaces.com/wp-content/uploads/catalogue/coles/coles-catalogue-august-20-27-2024-nsw-metro/20.jpg,https://www.catalogueau.com/coles/#catalogue=coles/coles-catalogue-august-20-27-2024-nsw-metro/,displayed_price,displayed_price;grid_inference,1,review
Coles,NSW METRO,"Coles Catalogue August 20 - 27, 2024 NSW METRO",2024-08-20,2024-08-27,20,Coles Bakery French Stick or Baguette,90.0,,,,special,,,Coles Bakery French Stick | or Baguette | Selected stores only | mS,96.47,True,offer_labels_missing;save_amount_missing;regular_price_missing;single_price_evidence,https://caau.syd1.cdn.digitaloceanspaces.com/wp-content/uploads/catalogue/coles/coles-catalogue-august-20-27-2024-nsw-metro/20.jpg,https://www.catalogueau.com/coles/#catalogue=coles/coles-catalogue-august-20-27-2024-nsw-metro/,displayed_price,displayed_price,1,review
Coles,NSW METRO,"Coles Catalogue August 20 - 27, 2024 NSW METRO",2024-08-20,2024-08-27,20,Coles Thin & Crispy Pizza Base 200g,3.0,,,,special,200g,$1.50 per 100g,Coles Thin & Crispy Pizza Base | 200g $1.50 per 100g,95.74,False,,https://caau.syd1.cdn.digitaloceanspaces.com/wp-content/uploads/catalogue/coles/coles-catalogue-august-20-27-2024-nsw-metro/20.jpg,https://www.catalogueau.com/coles/#catalogue=coles/coles-catalogue-august-20-27-2024-nsw-metro/,displayed_price,displayed_price;unit_price,2,verified
Coles,NSW METRO,"Coles Catalogue August 20 - 27, 2024 NSW METRO",2024-08-20,2024-08-27,20,Coles Bread High Fibre 700g,3.5,,,,special,700g,$0.50 per 100g,Coles Bread High Fibre 700g | $0.50 per 100g,96.27,False,,https://caau.syd1.cdn.digitaloceanspaces.com/wp-content/uploads/catalogue/coles/coles-catalogue-august-20-27-2024-nsw-metro/20.jpg,https://www.catalogueau.com/coles/#catalogue=coles/coles-catalogue-august-20-27-2024-nsw-metro/,displayed_price,displayed_price;unit_price,2,verified
Coles,NSW METRO,"Coles Catalogue August 20 - 27, 2024 NSW METRO",2024-08-20,2024-08-27,21,Pringles Potato Crisps 53g,1.35,2.7,1.35,50.0,half_price,53g,$2.55 per 100g,SAVE‘1.35 | ‘WAS§2.70 | Pringles Potato Crisps 53g | $2.55 per 100g | = | — | ! | ——,96.5,False,,https://caau.syd1.cdn.digitaloceanspaces.com/wp-content/uploads/catalogue/coles/coles-catalogue-august-20-27-2024-nsw-metro/21.jpg,https://www.catalogueau.com/coles/#catalogue=coles/coles-catalogue-august-20-27-2024-nsw-metro/,save_was_arithmetic,save_was_arithmetic;unit_price,2,verified
Coles,NSW METRO,"Coles Catalogue August 20 - 27, 2024 NSW METRO",2024-08-20,2024-08-27,21,Arnott's Scotch Finger or Choc Ripple Biscuits 250g,2.5,3.3,0.8,24.24,save_amount,250g,$1.00 per 100g,SAVE8O‘ | WASS3.30 | Arnott's Scotch Finger or | Choc Ripple Biscuits 250g | $1.00 per 100g. On sale for 2 weeks | kK | oily,94.69,False,,https://caau.syd1.cdn.digitaloceanspaces.com/wp-content/uploads/catalogue/coles/coles-catalogue-august-20-27-2024-nsw-metro/21.jpg,https://www.catalogueau.com/coles/#catalogue=coles/coles-catalogue-august-20-27-2024-nsw-metro/,displayed_price,displayed_price;unit_price,2,verified
Coles,NSW METRO,"Coles Catalogue August 20 - 27, 2024 NSW METRO",2024-08-20,2024-08-27,21,Arnott's Cheds or Country Cheese Crackers 250g,3.5,4.5,1.0,22.22,save_amount,250g,$1.40 per 100g,SAVES1 | WASS4.50 | Arnott's Cheds or Country | Cheese Crackers 250g | $1.40 per 100g,79.0,True,low_name_confidence_strict,https://caau.syd1.cdn.digitaloceanspaces.com/wp-content/uploads/catalogue/coles/coles-catalogue-august-20-27-2024-nsw-metro/21.jpg,https://www.catalogueau.com/coles/#catalogue=coles/coles-catalogue-august-20-27-2024-nsw-metro/,save_was_arithmetic,displayed_price;save_was_arithmetic;unit_price,3,review
Coles,NSW METRO,"Coles Catalogue August 20 - 27, 2024 NSW METRO",2024-08-20,2024-08-27,21,Arnott's Multipack Shapes Crackers 200g,3.75,6.25,2.5,40.0,save_amount,200g,$1.88 per 100g,SAVE £2.50 | Arnott's Multipack Shapes | Crackers 200g $1.88 per 100g. | 2nd week on sale,79.0,True,low_name_confidence_strict;single_price_evidence,https://caau.syd1.cdn.digitaloceanspaces.com/wp-content/uploads/catalogue/coles/coles-catalogue-august-20-27-2024-nsw-metro/21.jpg,https://www.catalogueau.com/coles/#catalogue=coles/coles-catalogue-august-20-27-2024-nsw-metro/,unit_price,unit_price,1,review
Coles,NSW METRO,"Coles Catalogue August 20 - 27, 2024 NSW METRO",2024-08-20,2024-08-27,21,Smith's Crinkle Cut Potato Chips 150g-170g or Smith's Double Crunch 150g,3.35,4.8,1.45,30.21,save_amount,150g; 170g,,"SAVES1.45, | WASS$4.80 | Smith's Crinkle | Cut Potato Chips | 150g-170g or Smith's | Double Crunch 150g | 21",95.89,False,,https://caau.syd1.cdn.digitaloceanspaces.com/wp-content/uploads/catalogue/coles/coles-catalogue-august-20-27-2024-nsw-metro/21.jpg,https://www.catalogueau.com/coles/#catalogue=coles/coles-catalogue-august-20-27-2024-nsw-metro/,save_was_arithmetic,displayed_price;save_was_arithmetic,2,verified
Coles,NSW METRO,"Coles Catalogue August 20 - 27, 2024 NSW METRO",2024-08-20,2024-08-27,21,Arnott's Jatz Crackers 225g,3.0,4.0,1.0,25.0,save_amount,225g,$1.33 per 100g,SAVE*1 | WASS4 | Arnott's Jatz Crackers | 225g $1.33 per 100g | 21,79.0,True,low_name_confidence_strict,https://caau.syd1.cdn.digitaloceanspaces.com/wp-content/uploads/catalogue/coles/coles-catalogue-august-20-27-2024-nsw-metro/21.jpg,https://www.catalogueau.com/coles/#catalogue=coles/coles-catalogue-august-20-27-2024-nsw-metro/,save_was_arithmetic,displayed_price;save_was_arithmetic;unit_price,3,review
Coles,NSW METRO,"Coles Catalogue August 20 - 27, 2024 NSW METRO",2024-08-20,2024-08-27,21,Twisties 6 Pack or Jumpy's or Doritos 5 Pack,7.0,8.0,1.0,12.5,save_amount,6 Pack; 5 Pack,,SAVE ‘1 | Twisties 6 Pack or Jumpy's | or Doritos 5 Pack,93.86,True,single_price_evidence,https://caau.syd1.cdn.digitaloceanspaces.com/wp-content/uploads/catalogue/coles/coles-catalogue-august-20-27-2024-nsw-metro/21.jpg,https://www.catalogueau.com/coles/#catalogue=coles/coles-catalogue-august-20-27-2024-nsw-metro/,displayed_price,displayed_price,1,review
Coles,NSW METRO,"Coles Catalogue August 20 - 27, 2024 NSW METRO",2024-08-20,2024-08-27,21,Cobs Popcorn 80g-120g,2.45,,,,special,80g; 120g,,Cobs Popcorn | 80g-120g | NSW-METRO-2108-24-277600,93.43,True,offer_labels_missing;save_amount_missing;regular_price_missing;inferred_price_requires_review,https://caau.syd1.cdn.digitaloceanspaces.com/wp-content/uploads/catalogue/coles/coles-catalogue-august-20-27-2024-nsw-metro/21.jpg,https://www.catalogueau.com/coles/#catalogue=coles/coles-catalogue-august-20-27-2024-nsw-metro/,displayed_price,displayed_price;grid_inference,1,review
Coles,NSW METRO,"Coles Catalogue August 20 - 27, 2024 NSW METRO",2024-08-20,2024-08-27,21,Thins Potato Chips 150g-175g,950.0,,,,special,150g; 175g,,Thins Potato Chips | 150g-175g | ARNOM> | RNO,79.0,True,offer_labels_missing;save_amount_missing;regular_price_missing;low_name_confidence_strict;single_price_evidence,https://caau.syd1.cdn.digitaloceanspaces.com/wp-content/uploads/catalogue/coles/coles-catalogue-august-20-27-2024-nsw-metro/21.jpg,https://www.catalogueau.com/coles/#catalogue=coles/coles-catalogue-august-20-27-2024-nsw-metro/,displayed_price,displayed_price,1,review
Coles,NSW METRO,"Coles Catalogue August 20 - 27, 2024 NSW METRO",2024-08-20,2024-08-27,22,"Darrell Lea Bullets, Twists, BB's or Liquorice 150g-280g",4.0,5.5,1.5,27.27,save_amount,150g; 280g,,"Darrell Lea Bullets, Twists, BB's or Liquorice 150g-280g | On sale for 2 weeks. *See page 36 forT&Cs",94.33,True,offer_labels_missing;single_price_evidence,https://caau.syd1.cdn.digitaloceanspaces.com/wp-content/uploads/catalogue/coles/coles-catalogue-august-20-27-2024-nsw-metro/22.jpg,https://www.catalogueau.com/coles/#catalogue=coles/coles-catalogue-august-20-27-2024-nsw-metro/,displayed_price,displayed_price,1,review
Coles,NSW METRO,"Coles Catalogue August 20 - 27, 2024 NSW METRO",2024-08-20,2024-08-27,22,"Mars M&Ms, Maltesers or Pods 120g-180g",4.2,6.0,1.8,30.0,save_amount,120g; 180g,,"WASS6 | WASS6 | Mars M&Ms, Maltesers or Pods | 120g-180g | Ay | *THENATURAL",79.0,True,low_name_confidence_strict;single_price_evidence,https://caau.syd1.cdn.digitaloceanspaces.com/wp-content/uploads/catalogue/coles/coles-catalogue-august-20-27-2024-nsw-metro/22.jpg,https://www.catalogueau.com/coles/#catalogue=coles/coles-catalogue-august-20-27-2024-nsw-metro/,displayed_price,displayed_price,1,review
Coles,NSW METRO,"Coles Catalogue August 20 - 27, 2024 NSW METRO",2024-08-20,2024-08-27,22,Eclipse Chewy Mints 27g,1.6,2.0,0.4,20.0,save_amount,27g,$5.93 per 100g,‘WASS2 | ‘WASS2 | Eclipse Chewy Mints 27g | $5.93 per 100g | “aro | oe,96.52,True,single_price_evidence,https://caau.syd1.cdn.digitaloceanspaces.com/wp-content/uploads/catalogue/coles/coles-catalogue-august-20-27-2024-nsw-metro/22.jpg,https://www.catalogueau.com/coles/#catalogue=coles/coles-catalogue-august-20-27-2024-nsw-metro/,unit_price,unit_price,1,review
Coles,NSW METRO,"Coles Catalogue August 20 - 27, 2024 NSW METRO",2024-08-20,2024-08-27,22,Life Savers Candy 150g-200g,3.5,5.0,1.5,30.0,save_amount,150g; 200g,,‘WASS5 | ‘WASS5 | Life Savers Candy | 150g-200g,94.19,True,single_price_evidence,https://caau.syd1.cdn.digitaloceanspaces.com/wp-content/uploads/catalogue/coles/coles-catalogue-august-20-27-2024-nsw-metro/22.jpg,https://www.catalogueau.com/coles/#catalogue=coles/coles-catalogue-august-20-27-2024-nsw-metro/,displayed_price,displayed_price,1,review
Coles,NSW METRO,"Coles Catalogue August 20 - 27, 2024 NSW METRO",2024-08-20,2024-08-27,22,Nestlé Block Chocolate 118g-180g,4.2,6.0,1.8,30.0,save_amount,118g; 180g,,Nestlé Block Chocolate | 118g-180g | NSW-METRO-2108-24-277600,92.89,True,offer_labels_missing;single_price_evidence,https://caau.syd1.cdn.digitaloceanspaces.com/wp-content/uploads/catalogue/coles/coles-catalogue-august-20-27-2024-nsw-metro/22.jpg,https://www.catalogueau.com/coles/#catalogue=coles/coles-catalogue-august-20-27-2024-nsw-metro/,unknown,,0,review
Coles,NSW METRO,"Coles Catalogue August 20 - 27, 2024 NSW METRO",2024-08-20,2024-08-27,22,"Mars, Bounty or Twix Biscuits 132g",3.8,5.5,1.7,30.91,save_amount,132g,$2.88 per 100g,"WASS5.50 | WASS5.50 | Mars, Bounty or Twix | Biscuits 132g | $2.88 per 100g",96.04,True,single_price_evidence,https://caau.syd1.cdn.digitaloceanspaces.com/wp-content/uploads/catalogue/coles/coles-catalogue-august-20-27-2024-nsw-metro/22.jpg,https://www.catalogueau.com/coles/#catalogue=coles/coles-catalogue-august-20-27-2024-nsw-metro/,unit_price,unit_price,1,review
Coles,NSW METRO,"Coles Catalogue August 20 - 27, 2024 NSW METRO",2024-08-20,2024-08-27,22,Oreo Multipack Mini Cream Biscuits 204g,4.0,5.0,1.0,20.0,save_amount,204g,$1.96 per 100g,WASS5 | WASS5 | Oreo Multipack Mini | Cream Biscuits 204g | $1.96 per 100g,96.23,False,,https://caau.syd1.cdn.digitaloceanspaces.com/wp-content/uploads/catalogue/coles/coles-catalogue-august-20-27-2024-nsw-metro/22.jpg,https://www.catalogueau.com/coles/#catalogue=coles/coles-catalogue-august-20-27-2024-nsw-metro/,displayed_price,displayed_price;unit_price,2,verified
Coles,NSW METRO,"Coles Catalogue August 20 - 27, 2024 NSW METRO",2024-08-20,2024-08-27,22,Arnott's TeeVee or Milk Royal Biscuits 175g-200g,7.0,,,,special,175g; 200g,,Arnott's TeeVee or Milk | Royal Biscuits 175g-200g,79.0,True,offer_labels_missing;save_amount_missing;regular_price_missing;low_name_confidence_strict;inferred_price_requires_review,https://caau.syd1.cdn.digitaloceanspaces.com/wp-content/uploads/catalogue/coles/coles-catalogue-august-20-27-2024-nsw-metro/22.jpg,https://www.catalogueau.com/coles/#catalogue=coles/coles-catalogue-august-20-27-2024-nsw-metro/,displayed_price,displayed_price;grid_inference,1,review
Coles,NSW METRO,"Coles Catalogue August 20 - 27, 2024 NSW METRO",2024-08-20,2024-08-27,22,The Natural Confectionery Co. 130g-230g or Sour Patch 190g,7.0,,,,special,130g; 230g; 190g,,The Natural | Confectionery Co. | 130g-230g or Sour | Patch 190g,95.57,True,offer_labels_missing;save_amount_missing;regular_price_missing;single_price_evidence,https://caau.syd1.cdn.digitaloceanspaces.com/wp-content/uploads/catalogue/coles/coles-catalogue-august-20-27-2024-nsw-metro/22.jpg,https://www.catalogueau.com/coles/#catalogue=coles/coles-catalogue-august-20-27-2024-nsw-metro/,displayed_price,displayed_price,1,review
Coles,NSW METRO,"Coles Catalogue August 20 - 27, 2024 NSW METRO",2024-08-20,2024-08-27,22,Cadbury Chocolate Coated Fruit & Nut Jar 280g-340g,16.0,,,,special,280g; 340g,,Cadbury Chocolate | Coated Fruit & Nut Jar | 280g-340g | —_ | — a | —,94.06,True,offer_labels_missing;save_amount_missing;regular_price_missing;single_price_evidence,https://caau.syd1.cdn.digitaloceanspaces.com/wp-content/uploads/catalogue/coles/coles-catalogue-august-20-27-2024-nsw-metro/22.jpg,https://www.catalogueau.com/coles/#catalogue=coles/coles-catalogue-august-20-27-2024-nsw-metro/,displayed_price,displayed_price,1,review
Coles,NSW METRO,"Coles Catalogue August 20 - 27, 2024 NSW METRO",2024-08-20,2024-08-27,23,Powerade Sports Drink or Active Water 600mL,2.1,4.2,2.1,50.0,half_price,600mL,$3.50 per litre,WASS4.20 | WASS4.20 | Powerade Sports Drink or Active Water | 600mL $3.50 per litre | — | SS | = | =,95.32,True,inferred_price_requires_review,https://caau.syd1.cdn.digitaloceanspaces.com/wp-content/uploads/catalogue/coles/coles-catalogue-august-20-27-2024-nsw-metro/23.jpg,https://www.catalogueau.com/coles/#catalogue=coles/coles-catalogue-august-20-27-2024-nsw-metro/,unit_price,page_discount;unit_price,1,review
Coles,NSW METRO,"Coles Catalogue August 20 - 27, 2024 NSW METRO",2024-08-20,2024-08-27,23,Cottee's Cordial 1 Litre,2.95,5.9,2.95,50.0,half_price,1 Litre,$2.95 per litre,WASS$5.90 | WASS$5.90 | Cottee's Cordial 1 Litre | $2.95 per litre | ioe,94.54,True,inferred_price_requires_review,https://caau.syd1.cdn.digitaloceanspaces.com/wp-content/uploads/catalogue/coles/coles-catalogue-august-20-27-2024-nsw-metro/23.jpg,https://www.catalogueau.com/coles/#catalogue=coles/coles-catalogue-august-20-27-2024-nsw-metro/,unit_price,page_discount;unit_price,1,review
Coles,NSW METRO,"Coles Catalogue August 20 - 27, 2024 NSW METRO",2024-08-20,2024-08-27,23,"Coca-Cola, Fanta or Sprite Soft Drink 12x300mL",11.4,19.0,7.6,40.0,save_amount,12x300mL,$3.17 per litre,"WASS19 | WASS19 | Coca-Cola, Fanta or Sprite Soft | Drink 12x300mL $3.17 per litre | = | se | = | soe",94.82,True,single_price_evidence,https://caau.syd1.cdn.digitaloceanspaces.com/wp-content/uploads/catalogue/coles/coles-catalogue-august-20-27-2024-nsw-metro/23.jpg,https://www.catalogueau.com/coles/#catalogue=coles/coles-catalogue-august-20-27-2024-nsw-metro/,unit_price,unit_price,1,review
Coles,NSW METRO,"Coles Catalogue August 20 - 27, 2024 NSW METRO",2024-08-20,2024-08-27,23,Coca-Cola Soft Drink 24x375mL,23.1,38.5,15.4,40.0,save_amount,24x375mL,$2.57 per litre,WAS$38.50 | WAS$38.50 | Coca-Cola Soft Drink 24x375mL | $2.57 per litre | soe,93.78,False,,https://caau.syd1.cdn.digitaloceanspaces.com/wp-content/uploads/catalogue/coles/coles-catalogue-august-20-27-2024-nsw-metro/23.jpg,https://www.catalogueau.com/coles/#catalogue=coles/coles-catalogue-august-20-27-2024-nsw-metro/,displayed_price,displayed_price;unit_price,2,verified
Coles,NSW METRO,"Coles Catalogue August 20 - 27, 2024 NSW METRO",2024-08-20,2024-08-27,23,Kirks Soft Drink 1.25 Litre,1.6,2.7,1.1,40.74,save_amount,1.25 Litre,$1.28 per litre,WASS2.70 | WASS2.70 | Kirks Soft Drink 1.25 Litre | $1.28 per litre | NSW-METRO-2108-24-277600,95.65,False,,https://caau.syd1.cdn.digitaloceanspaces.com/wp-content/uploads/catalogue/coles/coles-catalogue-august-20-27-2024-nsw-metro/23.jpg,https://www.catalogueau.com/coles/#catalogue=coles/coles-catalogue-august-20-27-2024-nsw-metro/,displayed_price,displayed_price;unit_price,2,verified
Coles,NSW METRO,"Coles Catalogue August 20 - 27, 2024 NSW METRO",2024-08-20,2024-08-27,23,Kirks Soft Drink 10x375mL,8.7,14.5,5.8,40.0,save_amount,10x375mL,$2.32 per litre,‘WASS14.50 | ‘WASS14.50 | Kirks Soft Drink 10x375mL | $2.32 per litre,92.87,False,,https://caau.syd1.cdn.digitaloceanspaces.com/wp-content/uploads/catalogue/coles/coles-catalogue-august-20-27-2024-nsw-metro/23.jpg,https://www.catalogueau.com/coles/#catalogue=coles/coles-catalogue-august-20-27-2024-nsw-metro/,displayed_price,displayed_price;unit_price,2,verified
Coles,NSW METRO,"Coles Catalogue August 20 - 27, 2024 NSW METRO",2024-08-20,2024-08-27,23,V Energy Drink 4x250mL,6.6,11.0,4.4,40.0,save_amount,4x250mL,$6.60 per litre,WASS11 | WASS11 | V Energy Drink 4x250mL | $6.60 per litre,93.74,False,,https://caau.syd1.cdn.digitaloceanspaces.com/wp-content/uploads/catalogue/coles/coles-catalogue-august-20-27-2024-nsw-metro/23.jpg,https://www.catalogueau.com/coles/#catalogue=coles/coles-catalogue-august-20-27-2024-nsw-metro/,displayed_price,displayed_price;unit_price,2,verified
Coles,NSW METRO,"Coles Catalogue August 20 - 27, 2024 NSW METRO",2024-08-20,2024-08-27,24,"Schweppes Mixers, Mineral Water or Soft Drink 4x300mL",3.7,740.0,736.3,99.5,save_amount,4x300mL,$3.08 per litre,"SAVES3.70 | WASS740 | Schweppes Mixers, Mineral Water | or Soft Drink 4x300mL $3.08 per litre | =",95.45,False,,https://caau.syd1.cdn.digitaloceanspaces.com/wp-content/uploads/catalogue/coles/coles-catalogue-august-20-27-2024-nsw-metro/24.jpg,https://www.catalogueau.com/coles/#catalogue=coles/coles-catalogue-august-20-27-2024-nsw-metro/,displayed_price,displayed_price;unit_price,2,verified
Coles,NSW METRO,"Coles Catalogue August 20 - 27, 2024 NSW METRO",2024-08-20,2024-08-27,24,Monster Energy Drink 4x500mL,9.1,15.2,6.1,40.13,save_amount,4x500mL,$4.55 per litre,"SAVES6.10 | WASS15.20 | Monster Energy Drink 4x500mL | $4.55 per litre | ——— | — | = | —,",94.06,False,,https://caau.syd1.cdn.digitaloceanspaces.com/wp-content/uploads/catalogue/coles/coles-catalogue-august-20-27-2024-nsw-metro/24.jpg,https://www.catalogueau.com/coles/#catalogue=coles/coles-catalogue-august-20-27-2024-nsw-metro/,save_was_arithmetic,displayed_price;save_was_arithmetic;unit_price,3,verified
Coles,NSW METRO,"Coles Catalogue August 20 - 27, 2024 NSW METRO",2024-08-20,2024-08-27,24,Pepsi or Solo Soft Drink 1.25 Litre,2.0,3.0,1.0,33.33,save_amount,1.25 Litre,$1.60 per litre,SAVE ‘1 | WASS3 | Pepsi or Solo Soft Drink | 1.25 Litre $1.60 per litre | a |,96.45,False,,https://caau.syd1.cdn.digitaloceanspaces.com/wp-content/uploads/catalogue/coles/coles-catalogue-august-20-27-2024-nsw-metro/24.jpg,https://www.catalogueau.com/coles/#catalogue=coles/coles-catalogue-august-20-27-2024-nsw-metro/,save_was_arithmetic,displayed_price;save_was_arithmetic;unit_price,3,verified
Coles,NSW METRO,"Coles Catalogue August 20 - 27, 2024 NSW METRO",2024-08-20,2024-08-27,24,Pepsi or Solo Soft Drink 10x375mL,24.38,31.58,7.2,22.8,save_amount,10x375mL,$6.50 per litre,SAVE‘7.20 | WASS18 | Pepsi or Solo Soft Drink 10x375mL | $6.50 per litre | 2.88 per litre,92.88,True,single_price_evidence,https://caau.syd1.cdn.digitaloceanspaces.com/wp-content/uploads/catalogue/coles/coles-catalogue-august-20-27-2024-nsw-metro/24.jpg,https://www.catalogueau.com/coles/#catalogue=coles/coles-catalogue-august-20-27-2024-nsw-metro/,unit_price,unit_price,1,review
Coles,NSW METRO,"Coles Catalogue August 20 - 27, 2024 NSW METRO",2024-08-20,2024-08-27,24,Remedy Kombucha 4x250mL,6.5,9.5,3.0,31.58,save_amount,4x250mL,$6.50 per litre,WASS$9.50 | WASS$9.50 | Remedy Kombucha 4x250mL | $6.50 per litre | 2.88 per litre,90.39,False,,https://caau.syd1.cdn.digitaloceanspaces.com/wp-content/uploads/catalogue/coles/coles-catalogue-august-20-27-2024-nsw-metro/24.jpg,https://www.catalogueau.com/coles/#catalogue=coles/coles-catalogue-august-20-27-2024-nsw-metro/,displayed_price,displayed_price;unit_price,2,verified
Coles,NSW METRO,"Coles Catalogue August 20 - 27, 2024 NSW METRO",2024-08-20,2024-08-27,24,Golden Circle Tetra Fruit Drink 6x250mL,7.0,10.2,3.2,31.37,save_amount,6x250mL,$2.33 per litre,SAVE $3.20 | Golden Circle Tetra Fruit | Drink 6x250mL | $2.33 per litre | On sale for 2 weeks,79.0,True,unit_price_conflict;low_name_confidence_strict;single_price_evidence,https://caau.syd1.cdn.digitaloceanspaces.com/wp-content/uploads/catalogue/coles/coles-catalogue-august-20-27-2024-nsw-metro/24.jpg,https://www.catalogueau.com/coles/#catalogue=coles/coles-catalogue-august-20-27-2024-nsw-metro/,displayed_price,displayed_price,1,review
Coles,NSW METRO,"Coles Catalogue August 20 - 27, 2024 NSW METRO",2024-08-20,2024-08-27,24,Golden Circle Cordial 2 Litre,4.4,5.5,1.1,20.0,save_amount,2 Litre,$2.20 per litre,WAS $5.50 | WAS $5.50 | JUL 2024 | Golden Circle Cordial | 2 Litre $2.20 per litre | 24,96.43,False,,https://caau.syd1.cdn.digitaloceanspaces.com/wp-content/uploads/catalogue/coles/coles-catalogue-august-20-27-2024-nsw-metro/24.jpg,https://www.catalogueau.com/coles/#catalogue=coles/coles-catalogue-august-20-27-2024-nsw-metro/,displayed_price,displayed_price;unit_price,2,verified
Coles,NSW METRO,"Coles Catalogue August 20 - 27, 2024 NSW METRO",2024-08-20,2024-08-27,24,Raw C Coconut Water 1 Litre,3.3,5.5,2.2,40.0,save_amount,1 Litre,$3.30 per litre,SAVE52.20 | WASS5.50 | Raw C Coconut Water | 1 Litre $3.30 per litre | 2nd week on sale | NSW-METRO-2108-24-277600,95.93,True,single_price_evidence,https://caau.syd1.cdn.digitaloceanspaces.com/wp-content/uploads/catalogue/coles/coles-catalogue-august-20-27-2024-nsw-metro/24.jpg,https://www.catalogueau.com/coles/#catalogue=coles/coles-catalogue-august-20-27-2024-nsw-metro/,unit_price,unit_price,1,review
Coles,NSW METRO,"Coles Catalogue August 20 - 27, 2024 NSW METRO",2024-08-20,2024-08-27,24,V8 Power Blend 1.25 Litre,4.8,6.0,1.2,20.0,save_amount,1.25 Litre,$3.84 per litre,SAVE*1.20 | V8 Power Blend | 1.25 Litre $3.84 per litre | 2nd week on sale | 24,96.2,True,single_price_evidence,https://caau.syd1.cdn.digitaloceanspaces.com/wp-content/uploads/catalogue/coles/coles-catalogue-august-20-27-2024-nsw-metro/24.jpg,https://www.catalogueau.com/coles/#catalogue=coles/coles-catalogue-august-20-27-2024-nsw-metro/,unit_price,unit_price,1,review
Coles,NSW METRO,"Coles Catalogue August 20 - 27, 2024 NSW METRO",2024-08-20,2024-08-27,25,Vege Chips 100g or Rice Crackers 75g a,2.45,4.9,2.45,50.0,half_price,100g; 75g,,WASS4.90 | WASS4.90 | Vege Chips 100g or Rice Crackers 75g | a | é,52.94,True,low_ocr_confidence;low_name_confidence_strict;inferred_price_requires_review,https://caau.syd1.cdn.digitaloceanspaces.com/wp-content/uploads/catalogue/coles/coles-catalogue-august-20-27-2024-nsw-metro/25.jpg,https://www.catalogueau.com/coles/#catalogue=coles/coles-catalogue-august-20-27-2024-nsw-metro/,page_discount_inference,page_discount,0,review
Coles,NSW METRO,"Coles Catalogue August 20 - 27, 2024 NSW METRO",2024-08-20,2024-08-27,25,Nice & Natural Active Protein Bars 125g,4.5,6.5,2.0,30.77,save_amount,125g,$3.60 per 100g,WASS6.50 | WASS6.50 | Nice & Natural Active Protein Bars | 125g $3.60 per 100g | rd,96.16,False,,https://caau.syd1.cdn.digitaloceanspaces.com/wp-content/uploads/catalogue/coles/coles-catalogue-august-20-27-2024-nsw-metro/25.jpg,https://www.catalogueau.com/coles/#catalogue=coles/coles-catalogue-august-20-27-2024-nsw-metro/,displayed_price,displayed_price;unit_price,2,verified
Coles,NSW METRO,"Coles Catalogue August 20 - 27, 2024 NSW METRO",2024-08-20,2024-08-27,25,Betty Crocker Frosting 400g,5.0,6.5,1.5,23.08,save_amount,400g,$1.25 per 100g,WASS6.50 | WASS6.50 | Betty Crocker Frosting 400g | $1.25 per 100g | a | t=] | _—,96.03,False,,https://caau.syd1.cdn.digitaloceanspaces.com/wp-content/uploads/catalogue/coles/coles-catalogue-august-20-27-2024-nsw-metro/25.jpg,https://www.catalogueau.com/coles/#catalogue=coles/coles-catalogue-august-20-27-2024-nsw-metro/,displayed_price,displayed_price;unit_price,2,verified
Coles,NSW METRO,"Coles Catalogue August 20 - 27, 2024 NSW METRO",2024-08-20,2024-08-27,25,White Wings Home Café Baking Mix 365g-475g,3.0,6.0,3.0,50.0,half_price,365g; 475g,,WASS6 | WASS6 | White Wings Home Café | Baking Mix 365g-475g,93.7,True,inferred_price_requires_review,https://caau.syd1.cdn.digitaloceanspaces.com/wp-content/uploads/catalogue/coles/coles-catalogue-august-20-27-2024-nsw-metro/25.jpg,https://www.catalogueau.com/coles/#catalogue=coles/coles-catalogue-august-20-27-2024-nsw-metro/,page_discount_inference,page_discount,0,review
Coles,NSW METRO,"Coles Catalogue August 20 - 27, 2024 NSW METRO",2024-08-20,2024-08-27,25,Robert Timms Coffee Bags 24 Pack-28 Pack,6.75,13.5,6.75,50.0,half_price,24 Pack; 28 Pack,,WASS13.50 | WASS13.50 | Robert Timms Coffee Bags | 24 Pack-28 Pack | frau,94.84,True,inferred_price_requires_review,https://caau.syd1.cdn.digitaloceanspaces.com/wp-content/uploads/catalogue/coles/coles-catalogue-august-20-27-2024-nsw-metro/25.jpg,https://www.catalogueau.com/coles/#catalogue=coles/coles-catalogue-august-20-27-2024-nsw-metro/,page_discount_inference,page_discount,0,review
Coles,NSW METRO,"Coles Catalogue August 20 - 27, 2024 NSW METRO",2024-08-20,2024-08-27,25,Moccona Specialty Blend Instant Coffee 200g,14.0,20.5,6.5,31.71,save_amount,200g,$7.00 per 100g,‘WAS§20.50 | ‘WAS§20.50 | Moccona Specialty Blend Instant | Coffee 200g $7.00 per 100g,96.08,False,,https://caau.syd1.cdn.digitaloceanspaces.com/wp-content/uploads/catalogue/coles/coles-catalogue-august-20-27-2024-nsw-metro/25.jpg,https://www.catalogueau.com/coles/#catalogue=coles/coles-catalogue-august-20-27-2024-nsw-metro/,displayed_price,displayed_price;unit_price,2,verified
Coles,NSW METRO,"Coles Catalogue August 20 - 27, 2024 NSW METRO",2024-08-20,2024-08-27,25,Vittoria Espresso Coffee Beans or Ground 1kg,22.0,37.0,15.0,40.54,save_amount,1kg,$2.20 per 100g,WAS$37 | WAS$37 | Vittoria Espresso Coffee Beans | or Ground 1kg $2.20 per 100g,95.42,False,,https://caau.syd1.cdn.digitaloceanspaces.com/wp-content/uploads/catalogue/coles/coles-catalogue-august-20-27-2024-nsw-metro/25.jpg,https://www.catalogueau.com/coles/#catalogue=coles/coles-catalogue-august-20-27-2024-nsw-metro/,displayed_price,displayed_price;unit_price,2,verified
Coles,NSW METRO,"Coles Catalogue August 20 - 27, 2024 NSW METRO",2024-08-20,2024-08-27,25,Nescafé Gold Coffee Short Black 100g,9.45,13.5,4.05,30.0,save_amount,100g,$9.45 per 100g,Nescafé Gold Coffee Short Black | 100g $9.45 per 100g. | +See page 36 for T&Cs,95.75,False,,https://caau.syd1.cdn.digitaloceanspaces.com/wp-content/uploads/catalogue/coles/coles-catalogue-august-20-27-2024-nsw-metro/25.jpg,https://www.catalogueau.com/coles/#catalogue=coles/coles-catalogue-august-20-27-2024-nsw-metro/,displayed_price,displayed_price;unit_price,2,verified
Coles,NSW METRO,"Coles Catalogue August 20 - 27, 2024 NSW METRO",2024-08-20,2024-08-27,26,Bega Smooth or Crunchy Peanut Butter 470g,5.0,6.4,1.4,21.87,save_amount,470g,$1.06 per 100g,WAS$6.40 | WAS$6.40 | Bega Smooth or Crunchy Peanut | Butter 470g $1.06 per 100g | UNCLE E24 | a,96.37,False,,https://caau.syd1.cdn.digitaloceanspaces.com/wp-content/uploads/catalogue/coles/coles-catalogue-august-20-27-2024-nsw-metro/26.jpg,https://www.catalogueau.com/coles/#catalogue=coles/coles-catalogue-august-20-27-2024-nsw-metro/,displayed_price,displayed_price;unit_price,2,verified
Coles,NSW METRO,"Coles Catalogue August 20 - 27, 2024 NSW METRO",2024-08-20,2024-08-27,26,Bonne Maman Strawberry Conserve 370g,5.35,6.7,1.35,20.15,save_amount,370g,$1.45 per 100g,WASS$6.70 | WASS$6.70 | Bonne Maman Strawberry | Conserve 370g $1.45 per 100g | a | noshu,96.53,False,,https://caau.syd1.cdn.digitaloceanspaces.com/wp-content/uploads/catalogue/coles/coles-catalogue-august-20-27-2024-nsw-metro/26.jpg,https://www.catalogueau.com/coles/#catalogue=coles/coles-catalogue-august-20-27-2024-nsw-metro/,displayed_price,displayed_price;unit_price,2,verified
Coles,NSW METRO,"Coles Catalogue August 20 - 27, 2024 NSW METRO",2024-08-20,2024-08-27,26,Pureharvest Coco Quench Coconut Milk 1 Litre,2.15,3.8,1.65,43.42,save_amount,1 Litre,$2.15 per litre,WASS$3.80 | WASS$3.80 | Pureharvest Coco Quench | Coconut Milk 1 Litre $2.15 per litre | [Ps | Ps | IPs,95.1,False,,https://caau.syd1.cdn.digitaloceanspaces.com/wp-content/uploads/catalogue/coles/coles-catalogue-august-20-27-2024-nsw-metro/26.jpg,https://www.catalogueau.com/coles/#catalogue=coles/coles-catalogue-august-20-27-2024-nsw-metro/,displayed_price,displayed_price;unit_price,2,verified
Coles,NSW METRO,"Coles Catalogue August 20 - 27, 2024 NSW METRO",2024-08-20,2024-08-27,26,Uncle Tobys Muesli Bars 185g or Roll Ups 94g,2.75,5.5,2.75,50.0,half_price,185g; 94g,,WASS$5.50 | WASS$5.50 | Uncle Tobys Muesli Bars 185g | or Roll Ups 94g | wOURISHING ENERGY,95.07,True,inferred_price_requires_review,https://caau.syd1.cdn.digitaloceanspaces.com/wp-content/uploads/catalogue/coles/coles-catalogue-august-20-27-2024-nsw-metro/26.jpg,https://www.catalogueau.com/coles/#catalogue=coles/coles-catalogue-august-20-27-2024-nsw-metro/,page_discount_inference,page_discount,0,review
Coles,NSW METRO,"Coles Catalogue August 20 - 27, 2024 NSW METRO",2024-08-20,2024-08-27,26,Noshu 100 Calorie Cookies 104g,5.0,6.7,1.7,25.37,save_amount,104g,$4.81 per 100g,WASS6.70 | WASS6.70 | Noshu 100 Calorie Cookies 104g | $4.81 per 100g,95.7,False,,https://caau.syd1.cdn.digitaloceanspaces.com/wp-content/uploads/catalogue/coles/coles-catalogue-august-20-27-2024-nsw-metro/26.jpg,https://www.catalogueau.com/coles/#catalogue=coles/coles-catalogue-august-20-27-2024-nsw-metro/,displayed_price,displayed_price;unit_price,2,verified
Coles,NSW METRO,"Coles Catalogue August 20 - 27, 2024 NSW METRO",2024-08-20,2024-08-27,26,Sanitarium Up & Go Liquid Breakfast 3x250mL,4.5,6.5,2.0,30.77,save_amount,3x250mL,$6.00 per litre,WASS6.50 | WASS6.50 | Sanitarium Up & Go Liquid | Breakfast 3x250mL $6.00 per litre | (a | = | ea | aX,95.02,False,,https://caau.syd1.cdn.digitaloceanspaces.com/wp-content/uploads/catalogue/coles/coles-catalogue-august-20-27-2024-nsw-metro/26.jpg,https://www.catalogueau.com/coles/#catalogue=coles/coles-catalogue-august-20-27-2024-nsw-metro/,displayed_price,displayed_price;unit_price,2,verified
Coles,NSW METRO,"Coles Catalogue August 20 - 27, 2024 NSW METRO",2024-08-20,2024-08-27,26,Nes' (omnis),4.7,9.4,4.7,50.0,half_price,,,WASS9.40 | WASS9.40 | i | Nes' | (omnis) | RU@K?,47.85,True,low_ocr_confidence;low_name_confidence_strict;inferred_price_requires_review,https://caau.syd1.cdn.digitaloceanspaces.com/wp-content/uploads/catalogue/coles/coles-catalogue-august-20-27-2024-nsw-metro/26.jpg,https://www.catalogueau.com/coles/#catalogue=coles/coles-catalogue-august-20-27-2024-nsw-metro/,page_discount_inference,page_discount,0,review
Coles,NSW METRO,"Coles Catalogue August 20 - 27, 2024 NSW METRO",2024-08-20,2024-08-27,26,DVERTIS,3.8,7.6,3.8,50.0,half_price,,,WASS7.60 | WASS7.60 | DVERTIS,79.0,True,low_name_confidence_strict;inferred_price_requires_review,https://caau.syd1.cdn.digitaloceanspaces.com/wp-content/uploads/catalogue/coles/coles-catalogue-august-20-27-2024-nsw-metro/26.jpg,https://www.catalogueau.com/coles/#catalogue=coles/coles-catalogue-august-20-27-2024-nsw-metro/,displayed_price,displayed_price;page_discount,1,review
Coles,NSW METRO,"Coles Catalogue August 20 - 27, 2024 NSW METRO",2024-08-20,2024-08-27,26,remeron Uncle,3.15,6.3,3.15,50.0,half_price,,,‘WAS$6.30 | ‘WAS$6.30 | remeron | Uncle | d Oats | Quick | ichets 320g-350g | ae,59.18,True,low_ocr_confidence;low_name_confidence_strict;inferred_price_requires_review,https://caau.syd1.cdn.digitaloceanspaces.com/wp-content/uploads/catalogue/coles/coles-catalogue-august-20-27-2024-nsw-metro/26.jpg,https://www.catalogueau.com/coles/#catalogue=coles/coles-catalogue-august-20-27-2024-nsw-metro/,page_discount_inference,page_discount,0,review
Coles,NSW METRO,"Coles Catalogue August 20 - 27, 2024 NSW METRO",2024-08-20,2024-08-27,27,"Kellogg's Nutri Grain 290g, Coco Pops 375g or Crunchy Nut Cornflakes 380g",5.5,7.0,1.5,21.43,save_amount,290g; 375g; 380g,,"WASS7 | WASS7 | Kellogg's Nutri Grain 290g, | Coco Pops 375g or Crunchy Nut | Cornflakes 380g | |",94.22,True,single_price_evidence,https://caau.syd1.cdn.digitaloceanspaces.com/wp-content/uploads/catalogue/coles/coles-catalogue-august-20-27-2024-nsw-metro/27.jpg,https://www.catalogueau.com/coles/#catalogue=coles/coles-catalogue-august-20-27-2024-nsw-metro/,displayed_price,displayed_price,1,review
Coles,NSW METRO,"Coles Catalogue August 20 - 27, 2024 NSW METRO",2024-08-20,2024-08-27,27,Carman's Low Sugar Raspberry & Coconut Granola 450g,6.0,7.5,1.5,20.0,save_amount,450g,$1.33 per 100g,WAS$7.50 | WAS$7.50 | Carman's Low Sugar Raspberry | & Coconut Granola 450g | $1.33 per 100g,95.81,False,,https://caau.syd1.cdn.digitaloceanspaces.com/wp-content/uploads/catalogue/coles/coles-catalogue-august-20-27-2024-nsw-metro/27.jpg,https://www.catalogueau.com/coles/#catalogue=coles/coles-catalogue-august-20-27-2024-nsw-metro/,displayed_price,displayed_price;unit_price,2,verified
Coles,NSW METRO,"Coles Catalogue August 20 - 27, 2024 NSW METRO",2024-08-20,2024-08-27,27,Carman's Nut or Muesli Bar 150g-270g,5.5,6.9,1.4,20.29,save_amount,150g; 270g,,‘WAS$6.90 | ‘WAS$6.90 | Carman's Nut or Muesli Bar | 150g-270g,79.0,True,low_name_confidence_strict;single_price_evidence,https://caau.syd1.cdn.digitaloceanspaces.com/wp-content/uploads/catalogue/coles/coles-catalogue-august-20-27-2024-nsw-metro/27.jpg,https://www.catalogueau.com/coles/#catalogue=coles/coles-catalogue-august-20-27-2024-nsw-metro/,displayed_price,displayed_price,1,review
Coles,NSW METRO,"Coles Catalogue August 20 - 27, 2024 NSW METRO",2024-08-20,2024-08-27,27,Sanitarium So Good Barista Soy Milk 1 Litre,2.0,3.0,1.0,33.33,save_amount,1 Litre,$2.00 per litre,WASS3 | WASS3 | Sanitarium So Good Barista Soy | Milk 1 Litre $2.00 per litre | NSW-METRO-2108-24-277600,96.26,False,,https://caau.syd1.cdn.digitaloceanspaces.com/wp-content/uploads/catalogue/coles/coles-catalogue-august-20-27-2024-nsw-metro/27.jpg,https://www.catalogueau.com/coles/#catalogue=coles/coles-catalogue-august-20-27-2024-nsw-metro/,displayed_price,displayed_price;unit_price,2,verified
Coles,NSW METRO,"Coles Catalogue August 20 - 27, 2024 NSW METRO",2024-08-20,2024-08-27,27,Nestlé Milo Cereal 620g,4.4,8.8,4.4,50.0,half_price,620g,$0.71 per 100g,WAS$8.80 | WAS$8.80 | Nestlé Milo Cereal 620g | $0.71 per 100g,96.09,True,single_price_evidence,https://caau.syd1.cdn.digitaloceanspaces.com/wp-content/uploads/catalogue/coles/coles-catalogue-august-20-27-2024-nsw-metro/27.jpg,https://www.catalogueau.com/coles/#catalogue=coles/coles-catalogue-august-20-27-2024-nsw-metro/,unit_price,unit_price,1,review
Coles,NSW METRO,"Coles Catalogue August 20 - 27, 2024 NSW METRO",2024-08-20,2024-08-27,27,Carman's Crunchy Granola Bars 150g,5.5,6.9,1.4,20.29,save_amount,150g,$3.67 per 100g,WAS$6.90 | WAS$6.90 | Carman's Crunchy Granola Bars | 150g $3.67 per 100g,95.63,True,single_price_evidence,https://caau.syd1.cdn.digitaloceanspaces.com/wp-content/uploads/catalogue/coles/coles-catalogue-august-20-27-2024-nsw-metro/27.jpg,https://www.catalogueau.com/coles/#catalogue=coles/coles-catalogue-august-20-27-2024-nsw-metro/,unit_price,unit_price,1,review
Coles,NSW METRO,"Coles Catalogue August 20 - 27, 2024 NSW METRO",2024-08-20,2024-08-27,27,Kellogg's LCMs 18 Pack 360g-396g,9.0,,,,everyday,18 Pack; 360g; 396g,,Kellogg's LCMs 18 Pack | 360g-396g | — | pe,79.0,True,low_name_confidence_strict;single_price_evidence,https://caau.syd1.cdn.digitaloceanspaces.com/wp-content/uploads/catalogue/coles/coles-catalogue-august-20-27-2024-nsw-metro/27.jpg,https://www.catalogueau.com/coles/#catalogue=coles/coles-catalogue-august-20-27-2024-nsw-metro/,displayed_price,displayed_price,1,review
Coles,NSW METRO,"Coles Catalogue August 20 - 27, 2024 NSW METRO",2024-08-20,2024-08-27,27,Coles Australian Long Life Milk 1 Litre,1.6,,,,everyday,1 Litre,$1.60 per litre,Coles Australian Long Life Milk | 1 Litre $1.60 per litre | ——=,96.41,True,single_price_evidence,https://caau.syd1.cdn.digitaloceanspaces.com/wp-content/uploads/catalogue/coles/coles-catalogue-august-20-27-2024-nsw-metro/27.jpg,https://www.catalogueau.com/coles/#catalogue=coles/coles-catalogue-august-20-27-2024-nsw-metro/,unit_price,unit_price,1,review
Coles,NSW METRO,"Coles Catalogue August 20 - 27, 2024 NSW METRO",2024-08-20,2024-08-27,27,Sanitarium Up & Go Liquid Breakfast 12x250mL,17.5,,,,everyday,12x250mL,$5.83 per litre,Sanitarium Up & Go Liquid | Breakfast 12x250mL | $5.83 per litre,93.91,True,single_price_evidence,https://caau.syd1.cdn.digitaloceanspaces.com/wp-content/uploads/catalogue/coles/coles-catalogue-august-20-27-2024-nsw-metro/27.jpg,https://www.catalogueau.com/coles/#catalogue=coles/coles-catalogue-august-20-27-2024-nsw-metro/,unit_price,unit_price,1,review
Coles,NSW METRO,"Coles Catalogue August 20 - 27, 2024 NSW METRO",2024-08-20,2024-08-27,28,Maggi Noodle Cup 58g-65g,1.25,2.5,1.25,50.0,half_price,58g; 65g,,SAVE*1.25 | ‘WAS§2.50 | Maggi Noodle Cup | 58g-65g | ———,92.78,True,single_price_evidence,https://caau.syd1.cdn.digitaloceanspaces.com/wp-content/uploads/catalogue/coles/coles-catalogue-august-20-27-2024-nsw-metro/28.jpg,https://www.catalogueau.com/coles/#catalogue=coles/coles-catalogue-august-20-27-2024-nsw-metro/,save_was_arithmetic,save_was_arithmetic,1,review
Coles,NSW METRO,"Coles Catalogue August 20 - 27, 2024 NSW METRO",2024-08-20,2024-08-27,28,John West Tuna Tempters 95g,1.35,2.7,1.35,50.0,half_price,95g,$14.21 per kg,SAVE‘1.35 | WASS$2.70 | John West Tuna Tempters | 95g $14.21 per kg | NEWoeer,94.43,False,,https://caau.syd1.cdn.digitaloceanspaces.com/wp-content/uploads/catalogue/coles/coles-catalogue-august-20-27-2024-nsw-metro/28.jpg,https://www.catalogueau.com/coles/#catalogue=coles/coles-catalogue-august-20-27-2024-nsw-metro/,save_was_arithmetic,save_was_arithmetic;unit_price,2,verified
Coles,NSW METRO,"Coles Catalogue August 20 - 27, 2024 NSW METRO",2024-08-20,2024-08-27,28,Leggo's Chunky Pasta Sauce 490g-500g,2.8,4.3,1.5,34.88,save_amount,490g; 500g,,SAVE*1.50 | WAS$4.30 | Leggo's Chunky Pasta | Sauce 490g-500g,93.38,True,single_price_evidence,https://caau.syd1.cdn.digitaloceanspaces.com/wp-content/uploads/catalogue/coles/coles-catalogue-august-20-27-2024-nsw-metro/28.jpg,https://www.catalogueau.com/coles/#catalogue=coles/coles-catalogue-august-20-27-2024-nsw-metro/,save_was_arithmetic,save_was_arithmetic,1,review
Coles,NSW METRO,"Coles Catalogue August 20 - 27, 2024 NSW METRO",2024-08-20,2024-08-27,28,Massel Gourmet Liquid Stock 1 Litre,3.0,4.2,1.2,28.57,save_amount,1 Litre,$0.30 per 100mL,SAVE‘1.20 | WAS $4.20 | Massel Gourmet Liquid Stock | 1 Litre $0.30 per 100mL | a,95.55,False,,https://caau.syd1.cdn.digitaloceanspaces.com/wp-content/uploads/catalogue/coles/coles-catalogue-august-20-27-2024-nsw-metro/28.jpg,https://www.catalogueau.com/coles/#catalogue=coles/coles-catalogue-august-20-27-2024-nsw-metro/,save_was_arithmetic,displayed_price;save_was_arithmetic;unit_price,3,verified
Coles,NSW METRO,"Coles Catalogue August 20 - 27, 2024 NSW METRO",2024-08-20,2024-08-27,28,Heinz Baked Beanz or Spaghetti 300g,1.9,2.8,0.9,32.14,save_amount,300g,$0.63 per 100g,SAVE 90° | WASS$2.80 | Heinz Baked Beanz or Spaghetti | 300g $0.63 per 100g | a,96.44,True,single_price_evidence,https://caau.syd1.cdn.digitaloceanspaces.com/wp-content/uploads/catalogue/coles/coles-catalogue-august-20-27-2024-nsw-metro/28.jpg,https://www.catalogueau.com/coles/#catalogue=coles/coles-catalogue-august-20-27-2024-nsw-metro/,unit_price,unit_price,1,review
Coles,NSW METRO,"Coles Catalogue August 20 - 27, 2024 NSW METRO",2024-08-20,2024-08-27,28,La Espafiola Olive Oil 1 Litre,18.0,26.0,8.0,30.77,save_amount,1 Litre,$1.80 per 100mL,SAVES8 | WAS$26 | La Espafiola Olive Oil 1 Litre | $1.80 per 100mL. Excludes Organic,92.92,False,,https://caau.syd1.cdn.digitaloceanspaces.com/wp-content/uploads/catalogue/coles/coles-catalogue-august-20-27-2024-nsw-metro/28.jpg,https://www.catalogueau.com/coles/#catalogue=coles/coles-catalogue-august-20-27-2024-nsw-metro/,save_was_arithmetic,displayed_price;save_was_arithmetic;unit_price,3,verified
Coles,NSW METRO,"Coles Catalogue August 20 - 27, 2024 NSW METRO",2024-08-20,2024-08-27,28,Sirena Tuna 185g,3.7,4.7,1.0,21.28,save_amount,185g,$20.00 per kg,SAVE 51 | WASS$4.70 | Sirena Tuna 185g | $20.00 per kg | NSW-METRO-2108-24-277600,94.83,False,,https://caau.syd1.cdn.digitaloceanspaces.com/wp-content/uploads/catalogue/coles/coles-catalogue-august-20-27-2024-nsw-metro/28.jpg,https://www.catalogueau.com/coles/#catalogue=coles/coles-catalogue-august-20-27-2024-nsw-metro/,save_was_arithmetic,displayed_price;save_was_arithmetic;unit_price,3,verified
Coles,NSW METRO,"Coles Catalogue August 20 - 27, 2024 NSW METRO",2024-08-20,2024-08-27,28,Alfa One Rice Bran Oil 3 Litre,13.0,16.5,3.5,21.21,save_amount,3 Litre,$0.43 per 100mL,SAVES3.50 | WASS16.50 | Alfa One Rice Bran Oil | 3 Litre $0.43 per 100mL | 28,95.26,False,,https://caau.syd1.cdn.digitaloceanspaces.com/wp-content/uploads/catalogue/coles/coles-catalogue-august-20-27-2024-nsw-metro/28.jpg,https://www.catalogueau.com/coles/#catalogue=coles/coles-catalogue-august-20-27-2024-nsw-metro/,save_was_arithmetic,displayed_price;save_was_arithmetic,2,verified
Coles,NSW METRO,"Coles Catalogue August 20 - 27, 2024 NSW METRO",2024-08-20,2024-08-27,29,Mama Instant Noodle Cup 70g,1.25,2.5,1.25,50.0,half_price,70g,$1.79 per 100g,WAS$2.50 | WAS$2.50 | Mama Instant Noodle Cup 70g | $1.79 per 100g | |eesse!,95.78,True,inferred_price_requires_review,https://caau.syd1.cdn.digitaloceanspaces.com/wp-content/uploads/catalogue/coles/coles-catalogue-august-20-27-2024-nsw-metro/29.jpg,https://www.catalogueau.com/coles/#catalogue=coles/coles-catalogue-august-20-27-2024-nsw-metro/,unit_price,page_discount;unit_price,1,review
Coles,NSW METRO,"Coles Catalogue August 20 - 27, 2024 NSW METRO",2024-08-20,2024-08-27,29,Patak's Simmer Sauce 4!,2.75,5.5,2.75,50.0,half_price,,$0.61 per 100g,WAS$5.50 | WAS$5.50 | Patak's Simmer Sauce 4! | $0.61 per 100g | —e | =e | nest | —,94.07,True,inferred_price_requires_review,https://caau.syd1.cdn.digitaloceanspaces.com/wp-content/uploads/catalogue/coles/coles-catalogue-august-20-27-2024-nsw-metro/29.jpg,https://www.catalogueau.com/coles/#catalogue=coles/coles-catalogue-august-20-27-2024-nsw-metro/,page_discount_inference,page_discount,0,review
Coles,NSW METRO,"Coles Catalogue August 20 - 27, 2024 NSW METRO",2024-08-20,2024-08-27,29,S&B Golden Curry Sauce Mix 92g,4.0,5.0,1.0,20.0,save_amount,92g,$4.35 per 100g,WASS5 | WASS5 | S&B Golden Curry Sauce Mix 92g | $4.35 per 100g. On sale for 2 weeks | a,93.32,False,,https://caau.syd1.cdn.digitaloceanspaces.com/wp-content/uploads/catalogue/coles/coles-catalogue-august-20-27-2024-nsw-metro/29.jpg,https://www.catalogueau.com/coles/#catalogue=coles/coles-catalogue-august-20-27-2024-nsw-metro/,displayed_price,displayed_price;unit_price,2,verified
Coles,NSW METRO,"Coles Catalogue August 20 - 27, 2024 NSW METRO",2024-08-20,2024-08-27,29,Mission Street Tacos 10 Pack 375g,3.3,4.4,1.1,25.0,save_amount,10 Pack; 375g,$0.88 per 100g,WASS4.40 | WASS4.40 | Mission Street Tacos 10 Pack 375g | $0.88 per 100g | i) MELD),96.81,True,single_price_evidence,https://caau.syd1.cdn.digitaloceanspaces.com/wp-content/uploads/catalogue/coles/coles-catalogue-august-20-27-2024-nsw-metro/29.jpg,https://www.catalogueau.com/coles/#catalogue=coles/coles-catalogue-august-20-27-2024-nsw-metro/,unit_price,unit_price,1,review
Coles,NSW METRO,"Coles Catalogue August 20 - 27, 2024 NSW METRO",2024-08-20,2024-08-27,29,MasterFoods Smokey Barbecue or Aussie Farmers Tomato Sauce 500mL,3.7,4.9,1.2,24.49,save_amount,500mL,$0.74 per 100mL,WASS$4.90 | WASS$4.90 | MasterFoods Smokey Barbecue | or Aussie Farmers Tomato Sauce | 500mL $0.74 per 100mL,94.44,True,single_price_evidence,https://caau.syd1.cdn.digitaloceanspaces.com/wp-content/uploads/catalogue/coles/coles-catalogue-august-20-27-2024-nsw-metro/29.jpg,https://www.catalogueau.com/coles/#catalogue=coles/coles-catalogue-august-20-27-2024-nsw-metro/,unit_price,unit_price,1,review
Coles,NSW METRO,"Coles Catalogue August 20 - 27, 2024 NSW METRO",2024-08-20,2024-08-27,29,Old El Paso Taco Sauce 200g,3.6,4.5,0.9,20.0,save_amount,200g,$1.80 per 100g,WASS$4.50 | WASS$4.50 | Old El Paso Taco Sauce 200g | $1.80 per 100g,95.48,True,single_price_evidence,https://caau.syd1.cdn.digitaloceanspaces.com/wp-content/uploads/catalogue/coles/coles-catalogue-august-20-27-2024-nsw-metro/29.jpg,https://www.catalogueau.com/coles/#catalogue=coles/coles-catalogue-august-20-27-2024-nsw-metro/,unit_price,unit_price,1,review
Coles,NSW METRO,"Coles Catalogue August 20 - 27, 2024 NSW METRO",2024-08-20,2024-08-27,29,Heinz Seriously Good Aioli or Mayonnaise 295mL,4.4,5.5,1.1,20.0,save_amount,295mL,$1.49 per 100mL,WASS5.50 | WASS5.50 | Heinz Seriously Good Aioli | or Mayonnaise 295mL | $1.49 per 100mL,94.11,False,,https://caau.syd1.cdn.digitaloceanspaces.com/wp-content/uploads/catalogue/coles/coles-catalogue-august-20-27-2024-nsw-metro/29.jpg,https://www.catalogueau.com/coles/#catalogue=coles/coles-catalogue-august-20-27-2024-nsw-metro/,displayed_price,displayed_price;unit_price,2,verified
Coles,NSW METRO,"Coles Catalogue August 20 - 27, 2024 NSW METRO",2024-08-20,2024-08-27,29,Coles Asia Fried Shallots 110g,2.8,,,,special,110g,$2.55 per 100g,Coles Asia Fried Shallots 110g | $2.55 per 100g,95.97,False,,https://caau.syd1.cdn.digitaloceanspaces.com/wp-content/uploads/catalogue/coles/coles-catalogue-august-20-27-2024-nsw-metro/29.jpg,https://www.catalogueau.com/coles/#catalogue=coles/coles-catalogue-august-20-27-2024-nsw-metro/,displayed_price,displayed_price;unit_price,2,verified
Coles,NSW METRO,"Coles Catalogue August 20 - 27, 2024 NSW METRO",2024-08-20,2024-08-27,29,Indomie Instant Noodles 5 Pack 400g-425g,3.95,,,,special,5 Pack; 400g; 425g,,Indomie Instant Noodles 5 Pack | 400g-425g,83.68,True,offer_labels_missing;save_amount_missing;regular_price_missing;single_price_evidence,https://caau.syd1.cdn.digitaloceanspaces.com/wp-content/uploads/catalogue/coles/coles-catalogue-august-20-27-2024-nsw-metro/29.jpg,https://www.catalogueau.com/coles/#catalogue=coles/coles-catalogue-august-20-27-2024-nsw-metro/,displayed_price,displayed_price,1,review
Coles,NSW METRO,"Coles Catalogue August 20 - 27, 2024 NSW METRO",2024-08-20,2024-08-27,30,Vaalia Kids Probiotics Yoghurt Pouch 140g,1.9,2.4,0.5,20.83,save_amount,140g,$1.36 per 100g,‘WAS$2.40 | ‘WAS$2.40 | Vaalia Kids Probiotics | Yoghurt Pouch 140g | $1.36 per 100g,95.85,True,single_price_evidence,https://caau.syd1.cdn.digitaloceanspaces.com/wp-content/uploads/catalogue/coles/coles-catalogue-august-20-27-2024-nsw-metro/30.jpg,https://www.catalogueau.com/coles/#catalogue=coles/coles-catalogue-august-20-27-2024-nsw-metro/,unit_price,unit_price,1,review
Coles,NSW METRO,"Coles Catalogue August 20 - 27, 2024 NSW METRO",2024-08-20,2024-08-27,30,Chobani Flip Yogurt 140g,2.5,3.5,1.0,28.57,save_amount,140g,$1.79 per 100g,WASS3.50 | WASS3.50 | Chobani Flip Yogurt | 140g $1.79 per 100g,95.53,True,single_price_evidence,https://caau.syd1.cdn.digitaloceanspaces.com/wp-content/uploads/catalogue/coles/coles-catalogue-august-20-27-2024-nsw-metro/30.jpg,https://www.catalogueau.com/coles/#catalogue=coles/coles-catalogue-august-20-27-2024-nsw-metro/,unit_price,unit_price,1,review
Coles,NSW METRO,"Coles Catalogue August 20 - 27, 2024 NSW METRO",2024-08-20,2024-08-27,30,Chobani Fit High Protein Greek Yogurt 160g,2.2,2.8,0.6,21.43,save_amount,160g,$1.38 per 100g,WASS2.80 | WASS2.80 | Chobani Fit High | Protein Greek Yogurt | 160g $1.38 per 100g | =,95.77,False,,https://caau.syd1.cdn.digitaloceanspaces.com/wp-content/uploads/catalogue/coles/coles-catalogue-august-20-27-2024-nsw-metro/30.jpg,https://www.catalogueau.com/coles/#catalogue=coles/coles-catalogue-august-20-27-2024-nsw-metro/,displayed_price,displayed_price;unit_price,2,verified
Coles,NSW METRO,"Coles Catalogue August 20 - 27, 2024 NSW METRO",2024-08-20,2024-08-27,30,Yoplait Petit Miam Yoghurt Pouch 70g,0.9,110.0,109.1,99.18,save_amount,70g,$1.21 per 100g,WASS110 | WASS110 | Yoplait Petit Miam | Yoghurt Pouch 70g | $1.21 per 100g | 4,94.16,True,single_price_evidence,https://caau.syd1.cdn.digitaloceanspaces.com/wp-content/uploads/catalogue/coles/coles-catalogue-august-20-27-2024-nsw-metro/30.jpg,https://www.catalogueau.com/coles/#catalogue=coles/coles-catalogue-august-20-27-2024-nsw-metro/,unit_price,unit_price,1,review
Coles,NSW METRO,"Coles Catalogue August 20 - 27, 2024 NSW METRO",2024-08-20,2024-08-27,30,Gippsland Dairy Twist Yogurt 700g,5.55,790.0,784.45,99.3,save_amount,700g,$0.79 per 100g,‘WAS$790 | ‘WAS$790 | Gippsland Dairy Twist | Yogurt 700g | $0.79 per 100g | We,96.39,True,single_price_evidence,https://caau.syd1.cdn.digitaloceanspaces.com/wp-content/uploads/catalogue/coles/coles-catalogue-august-20-27-2024-nsw-metro/30.jpg,https://www.catalogueau.com/coles/#catalogue=coles/coles-catalogue-august-20-27-2024-nsw-metro/,unit_price,unit_price,1,review
Coles,NSW METRO,"Coles Catalogue August 20 - 27, 2024 NSW METRO",2024-08-20,2024-08-27,30,Yoplait Yoghurt 6x160g,5.2,6.5,1.3,20.0,save_amount,6x160g,$0.54 per 100g,"WASS$6.50 | WASS$6.50 | Yoplait Yoghurt 6x160g | $0.54 per 100g | Coles Group acknowledges the Traditional Custodians of Country throughout Australia | We recognise their strength and pay our respect fo Elders past, present and emerging",91.89,True,single_price_evidence,https://caau.syd1.cdn.digitaloceanspaces.com/wp-content/uploads/catalogue/coles/coles-catalogue-august-20-27-2024-nsw-metro/30.jpg,https://www.catalogueau.com/coles/#catalogue=coles/coles-catalogue-august-20-27-2024-nsw-metro/,unit_price,unit_price,1,review
Coles,NSW METRO,"Coles Catalogue August 20 - 27, 2024 NSW METRO",2024-08-20,2024-08-27,30,MeadowLea Dairy 500g,4.0,5.0,1.0,20.0,save_amount,500g,$0.80 per 100g,WASS5 | WASS5 | MeadowLea Dairy 500g | $0.80 per 100g,91.98,False,,https://caau.syd1.cdn.digitaloceanspaces.com/wp-content/uploads/catalogue/coles/coles-catalogue-august-20-27-2024-nsw-metro/30.jpg,https://www.catalogueau.com/coles/#catalogue=coles/coles-catalogue-august-20-27-2024-nsw-metro/,displayed_price,displayed_price;unit_price,2,verified
Coles,NSW METRO,"Coles Catalogue August 20 - 27, 2024 NSW METRO",2024-08-20,2024-08-27,30,Flora ProActiv 500g,7.5,10.0,2.5,25.0,save_amount,500g,$1.50 per 100g,WASS10 | WASS10 | Flora ProActiv 500g | $1.50 per 100g | Oe | e | S|,93.29,True,single_price_evidence,https://caau.syd1.cdn.digitaloceanspaces.com/wp-content/uploads/catalogue/coles/coles-catalogue-august-20-27-2024-nsw-metro/30.jpg,https://www.catalogueau.com/coles/#catalogue=coles/coles-catalogue-august-20-27-2024-nsw-metro/,unit_price,unit_price,1,review
Coles,NSW METRO,"Coles Catalogue August 20 - 27, 2024 NSW METRO",2024-08-20,2024-08-27,30,Farmers Union Greek Style Yogurt 950g-1kg,6.5,,,,everyday,950g; 1kg,,Farmers Union Greek Style | Yogurt 950g-1kg | a,93.47,True,single_price_evidence,https://caau.syd1.cdn.digitaloceanspaces.com/wp-content/uploads/catalogue/coles/coles-catalogue-august-20-27-2024-nsw-metro/30.jpg,https://www.catalogueau.com/coles/#catalogue=coles/coles-catalogue-august-20-27-2024-nsw-metro/,displayed_price,displayed_price,1,review
Coles,NSW METRO,"Coles Catalogue August 20 - 27, 2024 NSW METRO",2024-08-20,2024-08-27,30,Danone YoPro Protein Yoghurt 700g,7.5,,,,everyday,700g,$1.07 per 100g,Danone YoPro Protein Yoghurt 700g | $1.07 per 100g. tSee page 36 forT&Cs | 7 | Vanilla | Chobani,93.91,False,,https://caau.syd1.cdn.digitaloceanspaces.com/wp-content/uploads/catalogue/coles/coles-catalogue-august-20-27-2024-nsw-metro/30.jpg,https://www.catalogueau.com/coles/#catalogue=coles/coles-catalogue-august-20-27-2024-nsw-metro/,displayed_price,displayed_price;unit_price,2,verified
Coles,NSW METRO,"Coles Catalogue August 20 - 27, 2024 NSW METRO",2024-08-20,2024-08-27,31,Rokeby Farm Smoothies 425mL,3.6,4.65,1.05,22.58,save_amount,425mL,$8.47 per litre,WASS4.65 | WASS4.65 | Rokeby Farm Smoothies 425mL | $8.47 per litre. 2nd week on sale | ACS,94.32,False,,https://caau.syd1.cdn.digitaloceanspaces.com/wp-content/uploads/catalogue/coles/coles-catalogue-august-20-27-2024-nsw-metro/31.jpg,https://www.catalogueau.com/coles/#catalogue=coles/coles-catalogue-august-20-27-2024-nsw-metro/,displayed_price,displayed_price;unit_price,2,verified
Coles,NSW METRO,"Coles Catalogue August 20 - 27, 2024 NSW METRO",2024-08-20,2024-08-27,31,Dare Flavoured Milk 500mL,3.2,415.0,411.8,99.23,save_amount,500mL,$6.60 per litre,WASS415 | WASS415 | Dare Flavoured Milk 500mL | $6.60 per litre | l,94.51,True,single_price_evidence,https://caau.syd1.cdn.digitaloceanspaces.com/wp-content/uploads/catalogue/coles/coles-catalogue-august-20-27-2024-nsw-metro/31.jpg,https://www.catalogueau.com/coles/#catalogue=coles/coles-catalogue-august-20-27-2024-nsw-metro/,unit_price,unit_price,1,review
Coles,NSW METRO,"Coles Catalogue August 20 - 27, 2024 NSW METRO",2024-08-20,2024-08-27,31,Remedy Kombucha 330mL,2.9,4.3,1.4,32.56,save_amount,330mL,$8.79 per litre,WASS4.30 | WASS4.30 | Remedy Kombucha 330mL | $8.79 per litre,91.96,True,single_price_evidence,https://caau.syd1.cdn.digitaloceanspaces.com/wp-content/uploads/catalogue/coles/coles-catalogue-august-20-27-2024-nsw-metro/31.jpg,https://www.catalogueau.com/coles/#catalogue=coles/coles-catalogue-august-20-27-2024-nsw-metro/,unit_price,unit_price,1,review
Coles,NSW METRO,"Coles Catalogue August 20 - 27, 2024 NSW METRO",2024-08-20,2024-08-27,31,Coles Salmon Portions Skin On 4 Pack 460g,17.5,19.5,2.0,10.26,save_amount,4 Pack; 460g,$38.04 per kg,WASS19.50 | WASS19.50 | Coles Salmon Portions Skin On | 4 Pack 460g $38.04 per kg. From | the Meat department. On sale for | 2 weeks. *See page 36 for T&Cs,95.92,True,single_price_evidence,https://caau.syd1.cdn.digitaloceanspaces.com/wp-content/uploads/catalogue/coles/coles-catalogue-august-20-27-2024-nsw-metro/31.jpg,https://www.catalogueau.com/coles/#catalogue=coles/coles-catalogue-august-20-27-2024-nsw-metro/,unit_price,unit_price,1,review
Coles,NSW METRO,"Coles Catalogue August 20 - 27, 2024 NSW METRO",2024-08-20,2024-08-27,31,Primo Bacon 200g-250g TAKE THE HUN,5.5,6.8,1.3,19.12,save_amount,200g; 250g,,‘WAS$6.80 | ‘WAS$6.80 | Primo Bacon 200g-250g | TAKE THE HUN,94.74,True,single_price_evidence,https://caau.syd1.cdn.digitaloceanspaces.com/wp-content/uploads/catalogue/coles/coles-catalogue-august-20-27-2024-nsw-metro/31.jpg,https://www.catalogueau.com/coles/#catalogue=coles/coles-catalogue-august-20-27-2024-nsw-metro/,displayed_price,displayed_price,1,review
Coles,NSW METRO,"Coles Catalogue August 20 - 27, 2024 NSW METRO",2024-08-20,2024-08-27,31,Don Sliced Meats 160g-200g a,5.0,6.4,1.4,21.87,save_amount,160g; 200g,,WAS$6.40 | WAS$6.40 | Don Sliced Meats 160g-200g | a,46.48,True,low_ocr_confidence;low_name_confidence_strict;single_price_evidence,https://caau.syd1.cdn.digitaloceanspaces.com/wp-content/uploads/catalogue/coles/coles-catalogue-august-20-27-2024-nsw-metro/31.jpg,https://www.catalogueau.com/coles/#catalogue=coles/coles-catalogue-august-20-27-2024-nsw-metro/,displayed_price,displayed_price,1,review
Coles,NSW METRO,"Coles Catalogue August 20 - 27, 2024 NSW METRO",2024-08-20,2024-08-27,31,Youfoodz Regular Meals.300g-354,15.0,,,,special,300g,,Youfoodz Regular | Meals.300g-354 | On sale for 2 weeks | ADVERTISER PROMOTION,88.21,True,offer_labels_missing;save_amount_missing;regular_price_missing;single_price_evidence,https://caau.syd1.cdn.digitaloceanspaces.com/wp-content/uploads/catalogue/coles/coles-catalogue-august-20-27-2024-nsw-metro/31.jpg,https://www.catalogueau.com/coles/#catalogue=coles/coles-catalogue-august-20-27-2024-nsw-metro/,displayed_price,displayed_price,1,review
Coles,NSW METRO,"Coles Catalogue August 20 - 27, 2024 NSW METRO",2024-08-20,2024-08-27,32,Tasmanian Heritage Double Cream Brie or Camembert 200g,5.9,11.95,6.05,50.63,save_amount,200g,$29.50 per kg,SAVE *%6.05 | WASS11.95 | Tasmanian Heritage Double Cream Brie | or Camembert 200g $29.50 per kg | ——— | Sa,96.25,False,,https://caau.syd1.cdn.digitaloceanspaces.com/wp-content/uploads/catalogue/coles/coles-catalogue-august-20-27-2024-nsw-metro/32.jpg,https://www.catalogueau.com/coles/#catalogue=coles/coles-catalogue-august-20-27-2024-nsw-metro/,save_was_arithmetic,save_was_arithmetic;unit_price,2,verified
Coles,NSW METRO,"Coles Catalogue August 20 - 27, 2024 NSW METRO",2024-08-20,2024-08-27,32,"Little Entertainers Mersey Valley, Tasmanian Heritage or South Cape Cheese 80g",12.0,14.4,2.4,16.67,save_amount,80g,$50.00 per kg,"SAVE‘2.40 | Little Entertainers Mersey Valley, | Tasmanian Heritage or South Cape | Cheese 80g $50.00 per kg | —",95.91,True,unit_price_conflict;single_price_evidence,https://caau.syd1.cdn.digitaloceanspaces.com/wp-content/uploads/catalogue/coles/coles-catalogue-august-20-27-2024-nsw-metro/32.jpg,https://www.catalogueau.com/coles/#catalogue=coles/coles-catalogue-august-20-27-2024-nsw-metro/,displayed_price,displayed_price,1,review
Coles,NSW METRO,"Coles Catalogue August 20 - 27, 2024 NSW METRO",2024-08-20,2024-08-27,32,Coles Cheese Block 1kg,9.5,13.9,4.4,31.65,save_amount,1kg,$9.50 per kg,WAS $13.90 | WAS $13.90 | JUL 2024 | Coles Cheese Block 1kg | $9.50 per kg | Obela R,92.49,False,,https://caau.syd1.cdn.digitaloceanspaces.com/wp-content/uploads/catalogue/coles/coles-catalogue-august-20-27-2024-nsw-metro/32.jpg,https://www.catalogueau.com/coles/#catalogue=coles/coles-catalogue-august-20-27-2024-nsw-metro/,displayed_price,displayed_price;unit_price,2,verified
Coles,NSW METRO,"Coles Catalogue August 20 - 27, 2024 NSW METRO",2024-08-20,2024-08-27,32,Cheer Cheese Slices 500g,10.0,11.0,1.0,9.09,save_amount,500g,$20.00 per kg,SAVES1 | WASS11 | Cheer Cheese Slices 500g | $20.00 per kg. 2nd week on sale,95.6,False,,https://caau.syd1.cdn.digitaloceanspaces.com/wp-content/uploads/catalogue/coles/coles-catalogue-august-20-27-2024-nsw-metro/32.jpg,https://www.catalogueau.com/coles/#catalogue=coles/coles-catalogue-august-20-27-2024-nsw-metro/,save_was_arithmetic,displayed_price;save_was_arithmetic;unit_price,3,verified
Coles,NSW METRO,"Coles Catalogue August 20 - 27, 2024 NSW METRO",2024-08-20,2024-08-27,32,Lemnos Haloumi 180g,5.6,7.0,1.4,20.0,save_amount,180g,$31.11 per kg,SAVES1.40 | Lemnos Haloumi 180g | $31.11 per kg,93.27,True,single_price_evidence,https://caau.syd1.cdn.digitaloceanspaces.com/wp-content/uploads/catalogue/coles/coles-catalogue-august-20-27-2024-nsw-metro/32.jpg,https://www.catalogueau.com/coles/#catalogue=coles/coles-catalogue-august-20-27-2024-nsw-metro/,unit_price,unit_price,1,review
Coles,NSW METRO,"Coles Catalogue August 20 - 27, 2024 NSW METRO",2024-08-20,2024-08-27,32,Perfect Italiano Cheese Grated 450g,7.5,9.5,2.0,21.05,save_amount,450g,$16.67 per kg,SAVES2 | WASS$9.50 | Perfect Italiano Cheese Grated | 450g $16.67 per kg,96.01,False,,https://caau.syd1.cdn.digitaloceanspaces.com/wp-content/uploads/catalogue/coles/coles-catalogue-august-20-27-2024-nsw-metro/32.jpg,https://www.catalogueau.com/coles/#catalogue=coles/coles-catalogue-august-20-27-2024-nsw-metro/,save_was_arithmetic,save_was_arithmetic;unit_price,2,verified
Coles,NSW METRO,"Coles Catalogue August 20 - 27, 2024 NSW METRO",2024-08-20,2024-08-27,32,Black Swan Crafted Dip 170g,3.8,4.6,0.8,17.39,save_amount,170g,$2.24 per 100g,SAVE 80° | WASS4.60 | Black Swan Crafted Dip 170g | $2.24 per 100g,96.66,True,single_price_evidence,https://caau.syd1.cdn.digitaloceanspaces.com/wp-content/uploads/catalogue/coles/coles-catalogue-august-20-27-2024-nsw-metro/32.jpg,https://www.catalogueau.com/coles/#catalogue=coles/coles-catalogue-august-20-27-2024-nsw-metro/,unit_price,unit_price,1,review
Coles,NSW METRO,"Coles Catalogue August 20 - 27, 2024 NSW METRO",2024-08-20,2024-08-27,32,Obela Garnished Hommus Dip 220g,4.5,5.5,1.0,18.18,save_amount,220g,$2.05 per 100g,"WASS5.50 | WASS5.50 | Obela Garnished Hommus Dip | 220g $2.05 per 100g | Catalogue on sale Wed 21st Aug until Tue 27th Aug 2024 or until Tue 3rd Sep where indicated. Selected specials | commenced Wed 14th Aug. Promotional prices commence 7am Wednesday and may commence or extend beyond the | advertised date. Promotional products and prices are not available on DoorDash, UberEats or at Coles Express, and may not be",94.36,True,single_price_evidence,https://caau.syd1.cdn.digitaloceanspaces.com/wp-content/uploads/catalogue/coles/coles-catalogue-august-20-27-2024-nsw-metro/32.jpg,https://www.catalogueau.com/coles/#catalogue=coles/coles-catalogue-august-20-27-2024-nsw-metro/,unit_price,unit_price,1,review
Coles,NSW METRO,"Coles Catalogue August 20 - 27, 2024 NSW METRO",2024-08-20,2024-08-27,34,Peters Drumstick 4 Pack-6 Pack 475mL-490mL 2nd week,6.5,9.5,3.0,31.58,save_amount,4 Pack; 6 Pack; 475mL; 490mL,,WASS9.50 | WASS9.50 | Peters Drumstick 4 Pack-6 Pack 475mL-490mL | 2nd week on sale. *See page 36 for T&Cs | SSS | em | Boe,92.85,True,single_price_evidence,https://caau.syd1.cdn.digitaloceanspaces.com/wp-content/uploads/catalogue/coles/coles-catalogue-august-20-27-2024-nsw-metro/34.jpg,https://www.catalogueau.com/coles/#catalogue=coles/coles-catalogue-august-20-27-2024-nsw-metro/,displayed_price,displayed_price,1,review
Coles,NSW METRO,"Coles Catalogue August 20 - 27, 2024 NSW METRO",2024-08-20,2024-08-27,34,Cadbury Sticks 4 Pack 300mL-360mL,7.5,10.5,3.0,28.57,save_amount,4 Pack; 300mL; 360mL,,WASS10.50 | WASS10.50 | Cadbury Sticks 4 Pack | 300mL-360mL | ars,93.83,True,single_price_evidence,https://caau.syd1.cdn.digitaloceanspaces.com/wp-content/uploads/catalogue/coles/coles-catalogue-august-20-27-2024-nsw-metro/34.jpg,https://www.catalogueau.com/coles/#catalogue=coles/coles-catalogue-august-20-27-2024-nsw-metro/,displayed_price,displayed_price,1,review
Coles,NSW METRO,"Coles Catalogue August 20 - 27, 2024 NSW METRO",2024-08-20,2024-08-27,34,Ferrero Frozen Dessert 4 Pack 188g-200g,3.9,12.0,8.1,67.5,save_amount,4 Pack; 188g; 200g,,Ferrero Frozen Dessert 4 Pack | 188g-200g,93.81,True,offer_labels_missing;single_price_evidence,https://caau.syd1.cdn.digitaloceanspaces.com/wp-content/uploads/catalogue/coles/coles-catalogue-august-20-27-2024-nsw-metro/34.jpg,https://www.catalogueau.com/coles/#catalogue=coles/coles-catalogue-august-20-27-2024-nsw-metro/,unknown,,0,review
Coles,NSW METRO,"Coles Catalogue August 20 - 27, 2024 NSW METRO",2024-08-20,2024-08-27,34,Haagen-Dazs Tub 420mL-457mL,9.0,13.5,4.5,33.33,save_amount,420mL; 457mL,,WASS$13.50 | WASS$13.50 | Haagen-Dazs Tub | 420mL-457mL | a,72.31,True,low_name_confidence_strict;single_price_evidence,https://caau.syd1.cdn.digitaloceanspaces.com/wp-content/uploads/catalogue/coles/coles-catalogue-august-20-27-2024-nsw-metro/34.jpg,https://www.catalogueau.com/coles/#catalogue=coles/coles-catalogue-august-20-27-2024-nsw-metro/,displayed_price,displayed_price,1,review
Coles,NSW METRO,"Coles Catalogue August 20 - 27, 2024 NSW METRO",2024-08-20,2024-08-27,34,Mars Multi Packs 6 Pack 246mL-300mL,6.0,9.5,3.5,36.84,save_amount,6 Pack; 246mL; 300mL,,WASS9.50 | WASS9.50 | Mars Multi Packs 6 Pack | 246mL-300mL | NSW-METRO-2108-24-277600,93.44,True,single_price_evidence,https://caau.syd1.cdn.digitaloceanspaces.com/wp-content/uploads/catalogue/coles/coles-catalogue-august-20-27-2024-nsw-metro/34.jpg,https://www.catalogueau.com/coles/#catalogue=coles/coles-catalogue-august-20-27-2024-nsw-metro/,displayed_price,displayed_price,1,review
Coles,NSW METRO,"Coles Catalogue August 20 - 27, 2024 NSW METRO",2024-08-20,2024-08-27,34,Golden Wok Szechuan Pork Dumplings 230g,6.8,8.5,1.7,20.0,save_amount,230g,$2.96 per 100g,WAS$8.50 | WAS$8.50 | Golden Wok Szechuan Pork | Dumplings 230g $2.96 per 100g,96.46,False,,https://caau.syd1.cdn.digitaloceanspaces.com/wp-content/uploads/catalogue/coles/coles-catalogue-august-20-27-2024-nsw-metro/34.jpg,https://www.catalogueau.com/coles/#catalogue=coles/coles-catalogue-august-20-27-2024-nsw-metro/,displayed_price,displayed_price;unit_price,2,verified
Coles,NSW METRO,"Coles Catalogue August 20 - 27, 2024 NSW METRO",2024-08-20,2024-08-27,34,Mr Chens Gluten Free Pork & Chive Dumplings 200g,7.0,9.0,2.0,22.22,save_amount,200g,$3.50 per 100g,WASS9 | WASS9 | Mr Chens Gluten Free Pork & | Chive Dumplings 200g | $3.50 per 100g,95.26,False,,https://caau.syd1.cdn.digitaloceanspaces.com/wp-content/uploads/catalogue/coles/coles-catalogue-august-20-27-2024-nsw-metro/34.jpg,https://www.catalogueau.com/coles/#catalogue=coles/coles-catalogue-august-20-27-2024-nsw-metro/,displayed_price,displayed_price;unit_price,2,verified
Coles,NSW METRO,"Coles Catalogue August 20 - 27, 2024 NSW METRO",2024-08-20,2024-08-27,35,Dineamic Chipotle Chicken Meal Base 500g,9.6,16.0,6.4,40.0,save_amount,500g,$1.92 per 100g,SAVE56.40 | WASS16 | Dineamic Chipotle Chicken Meal Base | 500g $1.92 per 100g | = | = | rR | *,95.54,False,,https://caau.syd1.cdn.digitaloceanspaces.com/wp-content/uploads/catalogue/coles/coles-catalogue-august-20-27-2024-nsw-metro/35.jpg,https://www.catalogueau.com/coles/#catalogue=coles/coles-catalogue-august-20-27-2024-nsw-metro/,displayed_price,displayed_price;unit_price,2,verified
Coles,NSW METRO,"Coles Catalogue August 20 - 27, 2024 NSW METRO",2024-08-20,2024-08-27,35,FPFC Fropro Protein Chicken Tenders or Burgers 300g,9.95,12.95,3.0,23.17,save_amount,300g,$33.17 per kg,SAVE *3 | WASS12.95 | FPFC Fropro Protein Chicken | Tenders or Burgers 300g | $33.17 per kg,95.42,False,,https://caau.syd1.cdn.digitaloceanspaces.com/wp-content/uploads/catalogue/coles/coles-catalogue-august-20-27-2024-nsw-metro/35.jpg,https://www.catalogueau.com/coles/#catalogue=coles/coles-catalogue-august-20-27-2024-nsw-metro/,save_was_arithmetic,displayed_price;save_was_arithmetic;unit_price,3,verified
Coles,NSW METRO,"Coles Catalogue August 20 - 27, 2024 NSW METRO",2024-08-20,2024-08-27,35,Birds Eye Steamfresh Fish 380g,8.0,10.0,2.0,20.0,save_amount,380g,$21.05 per kg,SAVES2 | WASS10 | Birds Eye Steamfresh Fish 380g | $21.05 per kg | Ih | Prize Draw,94.3,False,,https://caau.syd1.cdn.digitaloceanspaces.com/wp-content/uploads/catalogue/coles/coles-catalogue-august-20-27-2024-nsw-metro/35.jpg,https://www.catalogueau.com/coles/#catalogue=coles/coles-catalogue-august-20-27-2024-nsw-metro/,save_was_arithmetic,displayed_price;save_was_arithmetic;unit_price,3,verified
Coles,NSW METRO,"Coles Catalogue August 20 - 27, 2024 NSW METRO",2024-08-20,2024-08-27,35,On The Menu Big Feast Meal 480g,6.4,8.0,1.6,20.0,save_amount,480g,$1.33 per 100g,SAVES1.60 | On The Menu Big Feast Meal | 480g $1.33 per 100g | 1h,95.97,False,,https://caau.syd1.cdn.digitaloceanspaces.com/wp-content/uploads/catalogue/coles/coles-catalogue-august-20-27-2024-nsw-metro/35.jpg,https://www.catalogueau.com/coles/#catalogue=coles/coles-catalogue-august-20-27-2024-nsw-metro/,displayed_price,displayed_price;unit_price,2,verified
Coles,NSW METRO,"Coles Catalogue August 20 - 27, 2024 NSW METRO",2024-08-20,2024-08-27,35,Chans Yum Cha Dim Sum Selection 230g,5.5,7.5,2.0,26.67,save_amount,230g,$2.39 per 100g,SAVES2 | WASS7.50 | Chans Yum Cha Dim Sum | Selection 230g $2.39 per 100g | =] | is | Aa A | mh,95.61,False,,https://caau.syd1.cdn.digitaloceanspaces.com/wp-content/uploads/catalogue/coles/coles-catalogue-august-20-27-2024-nsw-metro/35.jpg,https://www.catalogueau.com/coles/#catalogue=coles/coles-catalogue-august-20-27-2024-nsw-metro/,save_was_arithmetic,displayed_price;save_was_arithmetic;unit_price,3,verified
Coles,NSW METRO,"Coles Catalogue August 20 - 27, 2024 NSW METRO",2024-08-20,2024-08-27,35,Four'N Twenty Traditional Meat Pies 4 Pack 700g per 100g,7.2,9.0,1.8,20.0,save_amount,4 Pack; 700g; 100g,$1.03 per 100,"SAVES1.80 | Four'N Twenty Traditional | Meat Pies 4 Pack 700g | per 100g, | $1.03 | $1.03 per 100 | +See page 36 for T&Cs",79.0,True,low_name_confidence_strict,https://caau.syd1.cdn.digitaloceanspaces.com/wp-content/uploads/catalogue/coles/coles-catalogue-august-20-27-2024-nsw-metro/35.jpg,https://www.catalogueau.com/coles/#catalogue=coles/coles-catalogue-august-20-27-2024-nsw-metro/,displayed_price,displayed_price;unit_price,2,review
Coles,NSW METRO,"Coles Catalogue August 20 - 27, 2024 NSW METRO",2024-08-20,2024-08-27,35,Patties Party Meat Pies 12 Pack 560g,7.7,9.7,2.0,20.62,save_amount,12 Pack; 560g,$1.38 per 100g,SAVES2 | WASS$9.70 | Patties Party Meat | Pies 12 Pack 560g | $1.38 per 100g. | +See page 36 forT&Cs | 35,96.55,False,,https://caau.syd1.cdn.digitaloceanspaces.com/wp-content/uploads/catalogue/coles/coles-catalogue-august-20-27-2024-nsw-metro/35.jpg,https://www.catalogueau.com/coles/#catalogue=coles/coles-catalogue-august-20-27-2024-nsw-metro/,save_was_arithmetic,displayed_price;save_was_arithmetic;unit_price,3,verified
Coles,NSW METRO,"Coles Catalogue August 20 - 27, 2024 NSW METRO",2024-08-20,2024-08-27,35,McCain Rustica Pizza 335g-445g,8.8,11.0,2.2,20.0,save_amount,335g; 445g,,SAVE*2.20 | McCain Rustica Pizza | 335g-445g | 35,90.41,True,single_price_evidence,https://caau.syd1.cdn.digitaloceanspaces.com/wp-content/uploads/catalogue/coles/coles-catalogue-august-20-27-2024-nsw-metro/35.jpg,https://www.catalogueau.com/coles/#catalogue=coles/coles-catalogue-august-20-27-2024-nsw-metro/,displayed_price,displayed_price,1,review
Coles,NSW METRO,"Coles Catalogue August 20 - 27, 2024 NSW METRO",2024-08-20,2024-08-27,35,Core Powerfoods Frozen Meal 350g,7.5,9.5,2.0,21.05,save_amount,350g,$2.14 per 100g,SAVES2 | WASS9.50 | Core Powerfoods Frozen | Meal 350g | $2.14 per 100g,95.19,False,,https://caau.syd1.cdn.digitaloceanspaces.com/wp-content/uploads/catalogue/coles/coles-catalogue-august-20-27-2024-nsw-metro/35.jpg,https://www.catalogueau.com/coles/#catalogue=coles/coles-catalogue-august-20-27-2024-nsw-metro/,save_was_arithmetic,displayed_price;save_was_arithmetic;unit_price,3,verified
Coles,NSW METRO,"Coles Catalogue August 20 - 27, 2024 NSW METRO",2024-08-20,2024-08-27,37,Bellamy's Organic Stage 3 Toddler Milk Drink 900g,32.4,,,,special,900g,$3.60 per 100g,Bellamy's Organic Stage 3 Toddler | Milk Drink 900g $3.60 per 100g,95.69,False,,https://caau.syd1.cdn.digitaloceanspaces.com/wp-content/uploads/catalogue/coles/coles-catalogue-august-20-27-2024-nsw-metro/37.jpg,https://www.catalogueau.com/coles/#catalogue=coles/coles-catalogue-august-20-27-2024-nsw-metro/,displayed_price,displayed_price;unit_price,2,verified
Coles,NSW METRO,"Coles Catalogue August 20 - 27, 2024 NSW METRO",2024-08-20,2024-08-27,37,Huggies Ultra Dry Jumbo Nappy Pants 48 Pack-62 Pack,30.0,,,,special,48 Pack; 62 Pack,,Huggies Ultra Dry Jumbo Nappy Pants | 48 Pack-62 Pack,94.55,True,offer_labels_missing;save_amount_missing;regular_price_missing;single_price_evidence,https://caau.syd1.cdn.digitaloceanspaces.com/wp-content/uploads/catalogue/coles/coles-catalogue-august-20-27-2024-nsw-metro/37.jpg,https://www.catalogueau.com/coles/#catalogue=coles/coles-catalogue-august-20-27-2024-nsw-metro/,displayed_price,displayed_price,1,review
Coles,NSW METRO,"Coles Catalogue August 20 - 27, 2024 NSW METRO",2024-08-20,2024-08-27,37,Huggies Fragrance Free or Coconut Oil Baby Wipes 80 Pack or Water Wipes 72 Pack,3.5,,,,special,80 Pack; 72 Pack,,Huggies Fragrance Free or | Coconut Oil Baby Wipes 80 Pack | or Water Wipes 72 Pack | N,96.39,True,offer_labels_missing;save_amount_missing;regular_price_missing;single_price_evidence,https://caau.syd1.cdn.digitaloceanspaces.com/wp-content/uploads/catalogue/coles/coles-catalogue-august-20-27-2024-nsw-metro/37.jpg,https://www.catalogueau.com/coles/#catalogue=coles/coles-catalogue-august-20-27-2024-nsw-metro/,displayed_price,displayed_price,1,review
Coles,NSW METRO,"Coles Catalogue August 20 - 27, 2024 NSW METRO",2024-08-20,2024-08-27,37,"Rafferty's Garden 4+ Months, 6+ Months or 8+ Months Baby Food Pouch 120g",8.0,,,,special,120g,$1.67 per 100g,"Rafferty's Garden 4+ Months, | 6+ Months or 8+ Months Baby | Food Pouch 120g | $1.67 per 100g",79.0,True,offer_labels_missing;save_amount_missing;regular_price_missing;unit_price_conflict;low_name_confidence_strict;single_price_evidence,https://caau.syd1.cdn.digitaloceanspaces.com/wp-content/uploads/catalogue/coles/coles-catalogue-august-20-27-2024-nsw-metro/37.jpg,https://www.catalogueau.com/coles/#catalogue=coles/coles-catalogue-august-20-27-2024-nsw-metro/,displayed_price,displayed_price,1,review
Coles,NSW METRO,"Coles Catalogue August 20 - 27, 2024 NSW METRO",2024-08-20,2024-08-27,37,Libra Ultra Thin Pads with Wings Regular 14 Pack or Super 12 Pack,3.5,,,,special,14 Pack; 12 Pack,,Libra Ultra Thin Pads with Wings | Regular 14 Pack or Super 12 Pack,96.22,True,offer_labels_missing;save_amount_missing;regular_price_missing;single_price_evidence,https://caau.syd1.cdn.digitaloceanspaces.com/wp-content/uploads/catalogue/coles/coles-catalogue-august-20-27-2024-nsw-metro/37.jpg,https://www.catalogueau.com/coles/#catalogue=coles/coles-catalogue-august-20-27-2024-nsw-metro/,displayed_price,displayed_price,1,review
Coles,NSW METRO,"Coles Catalogue August 20 - 27, 2024 NSW METRO",2024-08-20,2024-08-27,37,Tampax Pearl Compak Tampons With Applicator Regular or Super 18 Pack,5.0,,,,special,18 Pack,$0.28 per each,Tampax Pearl Compak Tampons | With Applicator Regular or | Super 18 Pack $0.28 per each,95.82,True,offer_labels_missing;save_amount_missing;regular_price_missing;single_price_evidence,https://caau.syd1.cdn.digitaloceanspaces.com/wp-content/uploads/catalogue/coles/coles-catalogue-august-20-27-2024-nsw-metro/37.jpg,https://www.catalogueau.com/coles/#catalogue=coles/coles-catalogue-august-20-27-2024-nsw-metro/,displayed_price,displayed_price,1,review
Coles,NSW METRO,"Coles Catalogue August 20 - 27, 2024 NSW METRO",2024-08-20,2024-08-27,37,QV Baby Gentle Wash 500g,16.0,,,,special,500g,$3.20 per 100g,QV Baby Gentle Wash 500g | $3.20 per 100g,95.86,False,,https://caau.syd1.cdn.digitaloceanspaces.com/wp-content/uploads/catalogue/coles/coles-catalogue-august-20-27-2024-nsw-metro/37.jpg,https://www.catalogueau.com/coles/#catalogue=coles/coles-catalogue-august-20-27-2024-nsw-metro/,displayed_price,displayed_price;unit_price,2,verified
Coles,NSW METRO,"Coles Catalogue August 20 - 27, 2024 NSW METRO",2024-08-20,2024-08-27,37,U By Kotex Ultra Thin Regular Pads with Wings 112 Pack,2.5,,,,special,112 Pack,$0.25 per each,U By Kotex Ultra Thin Regular | Pads with Wings 112 Pack | $0.25 per each. While stocks last. | No rainchecks,96.54,True,offer_labels_missing;save_amount_missing;regular_price_missing;single_price_evidence,https://caau.syd1.cdn.digitaloceanspaces.com/wp-content/uploads/catalogue/coles/coles-catalogue-august-20-27-2024-nsw-metro/37.jpg,https://www.catalogueau.com/coles/#catalogue=coles/coles-catalogue-august-20-27-2024-nsw-metro/,displayed_price,displayed_price,1,review
Coles,NSW METRO,"Coles Catalogue August 20 - 27, 2024 NSW METRO",2024-08-20,2024-08-27,38,10 PADS Poise Pads For Bladder Leaks Extra Plus 10 Pack or Regular,6.0,,,,special,10 Pack,,rv | 10 PADS | Poise Pads For Bladder Leaks | Extra Plus 10 Pack or Regular,96.6,True,offer_labels_missing;save_amount_missing;regular_price_missing;single_price_evidence,https://caau.syd1.cdn.digitaloceanspaces.com/wp-content/uploads/catalogue/coles/coles-catalogue-august-20-27-2024-nsw-metro/38.jpg,https://www.catalogueau.com/coles/#catalogue=coles/coles-catalogue-august-20-27-2024-nsw-metro/,displayed_price,displayed_price,1,review
Coles,NSW METRO,"Coles Catalogue August 20 - 27, 2024 NSW METRO",2024-08-20,2024-08-27,38,Difflam Plus Anaesthetic Lozenges 16 Pack*,8.0,,,,special,16 Pack,$0.50 per each,Difflam Plus Anaesthetic Lozenges | 16 Pack* $0.50 per each,93.76,True,offer_labels_missing;save_amount_missing;regular_price_missing;single_price_evidence,https://caau.syd1.cdn.digitaloceanspaces.com/wp-content/uploads/catalogue/coles/coles-catalogue-august-20-27-2024-nsw-metro/38.jpg,https://www.catalogueau.com/coles/#catalogue=coles/coles-catalogue-august-20-27-2024-nsw-metro/,displayed_price,displayed_price,1,review
Coles,NSW METRO,"Coles Catalogue August 20 - 27, 2024 NSW METRO",2024-08-20,2024-08-27,38,Vicks VapoRub Ointment 100g,11.9,,,,special,100g,$11.90 per 100g,"Vicks VapoRub Ointment 100g | $11.90 per 100g | “This product may not be right for you. Read the label before purchase. Follow the directions for use. If symptoms | persist, talk to your healthcare professional. Incorrect use could be harmful",94.11,False,,https://caau.syd1.cdn.digitaloceanspaces.com/wp-content/uploads/catalogue/coles/coles-catalogue-august-20-27-2024-nsw-metro/38.jpg,https://www.catalogueau.com/coles/#catalogue=coles/coles-catalogue-august-20-27-2024-nsw-metro/,displayed_price,displayed_price;unit_price,2,verified
Coles,NSW METRO,"Coles Catalogue August 20 - 27, 2024 NSW METRO",2024-08-20,2024-08-27,38,Rascals Premium Raseals:,9.0,,,,special,,,Rascals Premium | Raseals: | Sensitive Wipes | 80 Pack or 99% Water | 9 | Wipes 72 Pack,76.3,True,offer_labels_missing;save_amount_missing;regular_price_missing;low_name_confidence_strict;single_price_evidence,https://caau.syd1.cdn.digitaloceanspaces.com/wp-content/uploads/catalogue/coles/coles-catalogue-august-20-27-2024-nsw-metro/38.jpg,https://www.catalogueau.com/coles/#catalogue=coles/coles-catalogue-august-20-27-2024-nsw-metro/,displayed_price,displayed_price,1,review
Coles,NSW METRO,"Coles Catalogue August 20 - 27, 2024 NSW METRO",2024-08-20,2024-08-27,39,CUB Biodegradable Fragrance Free Baby Wipes 480 Pack,11.0,,,,special,480 Pack,$2.29 per 100 each,CUB Biodegradable Fragrance Free | Baby Wipes 480 Pack $2.29 per 100 each,95.95,True,single_price_evidence,https://caau.syd1.cdn.digitaloceanspaces.com/wp-content/uploads/catalogue/coles/coles-catalogue-august-20-27-2024-nsw-metro/39.jpg,https://www.catalogueau.com/coles/#catalogue=coles/coles-catalogue-august-20-27-2024-nsw-metro/,unit_price,unit_price,1,review
Coles,NSW METRO,"Coles Catalogue August 20 - 27, 2024 NSW METRO",2024-08-20,2024-08-27,39,‘CUB Unisex Nappies i AO! Pack-56 Pac:,11.5,,,,special,,,‘CUB Unisex Nappies | i AO! Pack-56 Pac: | 40 | NSW-METRO-2108-24-277600,79.0,True,offer_labels_missing;save_amount_missing;regular_price_missing;low_name_confidence_strict;single_price_evidence,https://caau.syd1.cdn.digitaloceanspaces.com/wp-content/uploads/catalogue/coles/coles-catalogue-august-20-27-2024-nsw-metro/39.jpg,https://www.catalogueau.com/coles/#catalogue=coles/coles-catalogue-august-20-27-2024-nsw-metro/,displayed_price,displayed_price,1,review
Coles,NSW METRO,"Coles Catalogue August 20 - 27, 2024 NSW METRO",2024-08-20,2024-08-27,40,4 Legs Natural + Wellness Boost Meatball Dog Food Tray 870g,5.85,7.8,1.95,25.0,save_amount,870g,$0.67 per 100g,SAVES1.95 | WASS7.80 | 4 Legs Natural + Wellness Boost Meatball | Dog Food Tray 870g $0.67 per 100g. | From the chilled pet food fridge | =r | ene,95.7,False,,https://caau.syd1.cdn.digitaloceanspaces.com/wp-content/uploads/catalogue/coles/coles-catalogue-august-20-27-2024-nsw-metro/40.jpg,https://www.catalogueau.com/coles/#catalogue=coles/coles-catalogue-august-20-27-2024-nsw-metro/,save_was_arithmetic,displayed_price;save_was_arithmetic;unit_price,3,verified
Coles,NSW METRO,"Coles Catalogue August 20 - 27, 2024 NSW METRO",2024-08-20,2024-08-27,40,Sorbent 3-Ply Silky White Toilet Tissue 16 Pack,7.0,14.0,7.0,50.0,half_price,16 Pack,$0.24 per 100,SAVES7 | WASS14 | Sorbent 3-Ply Silky White Toilet Tissue 16 Pack | $0.24 per 100 sheets,95.59,False,,https://caau.syd1.cdn.digitaloceanspaces.com/wp-content/uploads/catalogue/coles/coles-catalogue-august-20-27-2024-nsw-metro/40.jpg,https://www.catalogueau.com/coles/#catalogue=coles/coles-catalogue-august-20-27-2024-nsw-metro/,save_was_arithmetic,displayed_price;save_was_arithmetic,2,verified
Coles,NSW METRO,"Coles Catalogue August 20 - 27, 2024 NSW METRO",2024-08-20,2024-08-27,40,Optimum Dry Dog Food 2.5kg-3kg,18.0,23.0,5.0,21.74,save_amount,2.5kg; 3kg,,SAVE*5 | WAS$23 | Optimum Dry Dog Food | 2.5kg-3kg,94.03,False,,https://caau.syd1.cdn.digitaloceanspaces.com/wp-content/uploads/catalogue/coles/coles-catalogue-august-20-27-2024-nsw-metro/40.jpg,https://www.catalogueau.com/coles/#catalogue=coles/coles-catalogue-august-20-27-2024-nsw-metro/,save_was_arithmetic,displayed_price;save_was_arithmetic,2,verified
Coles,NSW METRO,"Coles Catalogue August 20 - 27, 2024 NSW METRO",2024-08-20,2024-08-27,40,Vitapet Dog Treat Tenders 100g,7.0,9.0,2.0,22.22,save_amount,100g,$7.00 per 100g,SAVES2 | WAS$9 | Vitapet Dog Treat Tenders 100g | $7.00 per 100g,95.12,False,,https://caau.syd1.cdn.digitaloceanspaces.com/wp-content/uploads/catalogue/coles/coles-catalogue-august-20-27-2024-nsw-metro/40.jpg,https://www.catalogueau.com/coles/#catalogue=coles/coles-catalogue-august-20-27-2024-nsw-metro/,save_was_arithmetic,displayed_price;save_was_arithmetic;unit_price,3,verified
Coles,NSW METRO,"Coles Catalogue August 20 - 27, 2024 NSW METRO",2024-08-20,2024-08-27,40,Schmackos Dog Treats 200g,5.5,8.0,2.5,31.25,save_amount,200g,$2.75 per 100g,SAVES2.50 | WAS | Schmackos Dog Treats 200g | $2.75 per 100g | MIX UP MEALTIME,94.76,False,,https://caau.syd1.cdn.digitaloceanspaces.com/wp-content/uploads/catalogue/coles/coles-catalogue-august-20-27-2024-nsw-metro/40.jpg,https://www.catalogueau.com/coles/#catalogue=coles/coles-catalogue-august-20-27-2024-nsw-metro/,displayed_price,displayed_price;unit_price,2,verified
Coles,NSW METRO,"Coles Catalogue August 20 - 27, 2024 NSW METRO",2024-08-20,2024-08-27,40,pet food fridge itt,45.5,47.0,1.5,3.19,save_amount,,,SAVE1.50 | pet food fridge | itt | @) | ingredients | iy | vy,69.9,True,low_name_confidence_strict;single_price_evidence,https://caau.syd1.cdn.digitaloceanspaces.com/wp-content/uploads/catalogue/coles/coles-catalogue-august-20-27-2024-nsw-metro/40.jpg,https://www.catalogueau.com/coles/#catalogue=coles/coles-catalogue-august-20-27-2024-nsw-metro/,displayed_price,displayed_price,1,review
Coles,NSW METRO,"Coles Catalogue August 20 - 27, 2024 NSW METRO",2024-08-20,2024-08-27,40,Nature's Gift Meatballs Dog,42.0,,,,special,,$0.64 per 100g,Nature's Gift | Meatballs Dog | ADULT | ALL BRE | Food 700g | MEA | $0.64 per 100g.,96.33,True,offer_labels_missing;save_amount_missing;regular_price_missing;single_price_evidence,https://caau.syd1.cdn.digitaloceanspaces.com/wp-content/uploads/catalogue/coles/coles-catalogue-august-20-27-2024-nsw-metro/40.jpg,https://www.catalogueau.com/coles/#catalogue=coles/coles-catalogue-august-20-27-2024-nsw-metro/,displayed_price,displayed_price,1,review
Coles,NSW METRO,"Coles Catalogue August 20 - 27, 2024 NSW METRO",2024-08-20,2024-08-27,41,Amaysim,66.0,,,,special,,,Amaysim $99 | Starter Pack | * 120GB upfront data | * 90 days expiry,93.64,True,offer_labels_missing;save_amount_missing;regular_price_missing;single_price_evidence,https://caau.syd1.cdn.digitaloceanspaces.com/wp-content/uploads/catalogue/coles/coles-catalogue-august-20-27-2024-nsw-metro/41.jpg,https://www.catalogueau.com/coles/#catalogue=coles/coles-catalogue-august-20-27-2024-nsw-metro/,displayed_price,displayed_price,1,review
Coles,NSW METRO,"Coles Catalogue August 20 - 27, 2024 NSW METRO",2024-08-20,2024-08-27,42,+5MP camera +Octa-core,35.0,,,,special,,,+5MP camera | +Octa-core | processor | { { | aa,75.25,True,offer_labels_missing;save_amount_missing;regular_price_missing;low_name_confidence_strict;single_price_evidence,https://caau.syd1.cdn.digitaloceanspaces.com/wp-content/uploads/catalogue/coles/coles-catalogue-august-20-27-2024-nsw-metro/42.jpg,https://www.catalogueau.com/coles/#catalogue=coles/coles-catalogue-august-20-27-2024-nsw-metro/,displayed_price,displayed_price,1,review
Coles,NSW METRO,"Coles Catalogue August 20 - 27, 2024 NSW METRO",2024-08-20,2024-08-27,42,+ Unlimited talk & text in Australia,55.0,,,,special,,,+ Unlimited talk & text in Australia,95.54,True,offer_labels_missing;save_amount_missing;regular_price_missing;single_price_evidence,https://caau.syd1.cdn.digitaloceanspaces.com/wp-content/uploads/catalogue/coles/coles-catalogue-august-20-27-2024-nsw-metro/42.jpg,https://www.catalogueau.com/coles/#catalogue=coles/coles-catalogue-august-20-27-2024-nsw-metro/,displayed_price,displayed_price,1,review
Coles,NSW METRO,"Coles Catalogue August 20 - 27, 2024 NSW METRO",2024-08-20,2024-08-27,42,: Devices are network locked. For unlocking fees,8.0,,,,special,,,f | : Devices are network locked. For unlocking fees,79.0,True,offer_labels_missing;save_amount_missing;regular_price_missing;low_name_confidence_strict;single_price_evidence,https://caau.syd1.cdn.digitaloceanspaces.com/wp-content/uploads/catalogue/coles/coles-catalogue-august-20-27-2024-nsw-metro/42.jpg,https://www.catalogueau.com/coles/#catalogue=coles/coles-catalogue-august-20-27-2024-nsw-metro/,displayed_price,displayed_price,1,review
