retailer,region,catalogue_title,catalogue_start_date,catalogue_end_date,page_number,product_name,special_price,regular_price,save_amount,discount_percent,promo_type,pack_size,unit_price_text,offer_text,ocr_confidence,needs_review,review_reason,source_page_image,source_catalogue_url,price_source,price_evidence,evidence_count,verification_status
Coles,QLD METRO,"Coles Catalogue November 20 - 26, 2024 QLD METRO",2024-11-20,2024-11-27,1,Cadbury Advent Calendar 90g,4.0,8.0,4.0,50.0,half_price,90g,$4.44 per 100,WASS$8 | WASS$8 | Cadbury Advent Calendar | 90g $4.44 per 100 | While stocks last. No rainchecks | —,96.04,False,,https://caau.syd1.cdn.digitaloceanspaces.com/wp-content/uploads/catalogue/coles/coles-catalogue-november-20-26-2024-qld-metro/1.jpg,https://www.catalogueau.com/coles/#catalogue=coles/coles-catalogue-november-20-26-2024-qld-metro/,displayed_price,displayed_price;page_discount;unit_price,2,verified
Coles,QLD METRO,"Coles Catalogue November 20 - 26, 2024 QLD METRO",2024-11-20,2024-11-27,1,Lindt Lindor Gift Box 232g-235g,11.0,22.0,11.0,50.0,half_price,232g; 235g,,‘WAS§22 | ‘WAS§22 | Lindt Lindor Gift Box | 232g-235g | NO/SUGAR,91.02,True,inferred_price_requires_review,https://caau.syd1.cdn.digitaloceanspaces.com/wp-content/uploads/catalogue/coles/coles-catalogue-november-20-26-2024-qld-metro/1.jpg,https://www.catalogueau.com/coles/#catalogue=coles/coles-catalogue-november-20-26-2024-qld-metro/,displayed_price,displayed_price;page_discount,1,review
Coles,QLD METRO,"Coles Catalogue November 20 - 26, 2024 QLD METRO",2024-11-20,2024-11-27,1,Arnott's Shapes Crackers 130g-190g,2.0,4.0,2.0,50.0,half_price,130g; 190g,,WASS4 | WASS4 | Arnott's Shapes Crackers | 130g-190g,79.0,True,low_name_confidence_strict;inferred_price_requires_review,https://caau.syd1.cdn.digitaloceanspaces.com/wp-content/uploads/catalogue/coles/coles-catalogue-november-20-26-2024-qld-metro/1.jpg,https://www.catalogueau.com/coles/#catalogue=coles/coles-catalogue-november-20-26-2024-qld-metro/,displayed_price,displayed_price;page_discount,1,review
Coles,QLD METRO,"Coles Catalogue November 20 - 26, 2024 QLD METRO",2024-11-20,2024-11-27,1,Zooper Dooper Water Ice 24 Pack,3.6,7.2,3.6,50.0,half_price,24 Pack,$0.21 per 100mL,WASS$7.20 | WASS$7.20 | Zooper Dooper Water Ice | 24 Pack $0.21 per 100mL,93.95,True,inferred_price_requires_review,https://caau.syd1.cdn.digitaloceanspaces.com/wp-content/uploads/catalogue/coles/coles-catalogue-november-20-26-2024-qld-metro/1.jpg,https://www.catalogueau.com/coles/#catalogue=coles/coles-catalogue-november-20-26-2024-qld-metro/,displayed_price,displayed_price;page_discount,1,review
Coles,QLD METRO,"Coles Catalogue November 20 - 26, 2024 QLD METRO",2024-11-20,2024-11-27,1,FP-QLD-METRO-201 1-24-308226,9.5,19.0,9.5,50.0,half_price,,,WAS $19kg | WAS $19kg | EA | FP-QLD-METRO-201 1-24-308226,86.52,True,inferred_price_requires_review,https://caau.syd1.cdn.digitaloceanspaces.com/wp-content/uploads/catalogue/coles/coles-catalogue-november-20-26-2024-qld-metro/1.jpg,https://www.catalogueau.com/coles/#catalogue=coles/coles-catalogue-november-20-26-2024-qld-metro/,page_discount_inference,page_discount,0,review
Coles,QLD METRO,"Coles Catalogue November 20 - 26, 2024 QLD METRO",2024-11-20,2024-11-27,2,Gatorade Sports Drink or G Active Water 600mL,2.0,4.0,2.0,50.0,half_price,600mL,$3.33 per litre,WASS4 | WASS4 | Gatorade Sports Drink | or G Active Water 600mL | $3.33 per litre,95.33,False,,https://caau.syd1.cdn.digitaloceanspaces.com/wp-content/uploads/catalogue/coles/coles-catalogue-november-20-26-2024-qld-metro/2.jpg,https://www.catalogueau.com/coles/#catalogue=coles/coles-catalogue-november-20-26-2024-qld-metro/,displayed_price,displayed_price;page_discount;unit_price,2,verified
Coles,QLD METRO,"Coles Catalogue November 20 - 26, 2024 QLD METRO",2024-11-20,2024-11-27,2,Streets Magnum Ice Cream 4 Pack-6 Pack 360mL-428mL,6.0,12.0,6.0,50.0,half_price,4 Pack; 6 Pack; 360mL; 428mL,,WASS12 | WASS12 | Streets Magnum Ice Cream | 4 Pack-6 Pack 360mL-428mL,92.8,True,inferred_price_requires_review,https://caau.syd1.cdn.digitaloceanspaces.com/wp-content/uploads/catalogue/coles/coles-catalogue-november-20-26-2024-qld-metro/2.jpg,https://www.catalogueau.com/coles/#catalogue=coles/coles-catalogue-november-20-26-2024-qld-metro/,displayed_price,displayed_price;page_discount,1,review
Coles,QLD METRO,"Coles Catalogue November 20 - 26, 2024 QLD METRO",2024-11-20,2024-11-27,2,Smith's Crinkle Cut or Double Crunch Potato Chips 150g-170g,2.4,4.8,2.4,50.0,half_price,150g; 170g,,WASS4.80 | WASS4.80 | Smith's Crinkle Cut or | Double Crunch Potato Chips | 150g-170g,94.48,True,inferred_price_requires_review,https://caau.syd1.cdn.digitaloceanspaces.com/wp-content/uploads/catalogue/coles/coles-catalogue-november-20-26-2024-qld-metro/2.jpg,https://www.catalogueau.com/coles/#catalogue=coles/coles-catalogue-november-20-26-2024-qld-metro/,page_discount_inference,page_discount,0,review
Coles,QLD METRO,"Coles Catalogue November 20 - 26, 2024 QLD METRO",2024-11-20,2024-11-27,2,QV Gentle Wash 1kg or Moisturising Lotion 1 Litre,15.0,30.0,15.0,50.0,half_price,1kg; 1 Litre,,WASS30 | WASS30 | QV Gentle Wash 1kg or | Moisturising Lotion 1 Litre | SS,85.67,True,inferred_price_requires_review,https://caau.syd1.cdn.digitaloceanspaces.com/wp-content/uploads/catalogue/coles/coles-catalogue-november-20-26-2024-qld-metro/2.jpg,https://www.catalogueau.com/coles/#catalogue=coles/coles-catalogue-november-20-26-2024-qld-metro/,displayed_price,displayed_price;page_discount,1,review
Coles,QLD METRO,"Coles Catalogue November 20 - 26, 2024 QLD METRO",2024-11-20,2024-11-27,2,Ferrero Rocher 16 Pack 200g or Collection Gift Box 15 Pack 172g,9.0,18.0,9.0,50.0,half_price,16 Pack; 200g; 15 Pack; 172g,,WASS18 | WASS18 | Ferrero Rocher 16 Pack 200g | or Collection Gift Box | 15 Pack 172g,96.69,True,inferred_price_requires_review,https://caau.syd1.cdn.digitaloceanspaces.com/wp-content/uploads/catalogue/coles/coles-catalogue-november-20-26-2024-qld-metro/2.jpg,https://www.catalogueau.com/coles/#catalogue=coles/coles-catalogue-november-20-26-2024-qld-metro/,displayed_price,displayed_price;page_discount,1,review
Coles,QLD METRO,"Coles Catalogue November 20 - 26, 2024 QLD METRO",2024-11-20,2024-11-27,2,Rexona Antiperspirant Aerosol Deodorant 250mL,4.25,8.5,4.25,50.0,half_price,250mL,$1.70 per 100mL,WASS8.50 | WASS8.50 | Rexona Antiperspirant | Aerosol Deodorant 250mL | $1.70 per 100mL,91.39,True,inferred_price_requires_review,https://caau.syd1.cdn.digitaloceanspaces.com/wp-content/uploads/catalogue/coles/coles-catalogue-november-20-26-2024-qld-metro/2.jpg,https://www.catalogueau.com/coles/#catalogue=coles/coles-catalogue-november-20-26-2024-qld-metro/,unit_price,page_discount;unit_price,1,review
Coles,QLD METRO,"Coles Catalogue November 20 - 26, 2024 QLD METRO",2024-11-20,2024-11-27,2,QLD-METRO-201 1-24-308226,1.0,,,,special,,,QLD-METRO-201 1-24-308226,82.48,True,offer_labels_missing;save_amount_missing;regular_price_missing;single_price_evidence,https://caau.syd1.cdn.digitaloceanspaces.com/wp-content/uploads/catalogue/coles/coles-catalogue-november-20-26-2024-qld-metro/2.jpg,https://www.catalogueau.com/coles/#catalogue=coles/coles-catalogue-november-20-26-2024-qld-metro/,displayed_price,displayed_price,1,review
Coles,QLD METRO,"Coles Catalogue November 20 - 26, 2024 QLD METRO",2024-11-20,2024-11-27,4,Mars Chocolate Bar 30g-56g,1.0,2.2,1.2,54.55,save_amount,30g; 56g,,SAVE*1.20 | WASS2.20 | Mars Chocolate Bar 30g-56g,93.77,False,,https://caau.syd1.cdn.digitaloceanspaces.com/wp-content/uploads/catalogue/coles/coles-catalogue-november-20-26-2024-qld-metro/4.jpg,https://www.catalogueau.com/coles/#catalogue=coles/coles-catalogue-november-20-26-2024-qld-metro/,save_was_arithmetic,displayed_price;save_was_arithmetic,2,verified
Coles,QLD METRO,"Coles Catalogue November 20 - 26, 2024 QLD METRO",2024-11-20,2024-11-27,4,Real Foods Corn Thins 125g-150g,158.85,210.0,51.15,24.36,save_amount,125g; 150g,,SAVE51.15 | WASS210 | Real Foods Corn Thins | 125g-150g,79.0,True,low_name_confidence_strict;single_price_evidence,https://caau.syd1.cdn.digitaloceanspaces.com/wp-content/uploads/catalogue/coles/coles-catalogue-november-20-26-2024-qld-metro/4.jpg,https://www.catalogueau.com/coles/#catalogue=coles/coles-catalogue-november-20-26-2024-qld-metro/,save_was_arithmetic,save_was_arithmetic,1,review
Coles,QLD METRO,"Coles Catalogue November 20 - 26, 2024 QLD METRO",2024-11-20,2024-11-27,4,Sakata Rice Crackers 80g-90g,0.95,2.0,1.05,52.5,save_amount,80g; 90g,,SAVE$1.05 | WASS2:10 | Sakata Rice Crackers 80g-90g,94.48,True,single_price_evidence,https://caau.syd1.cdn.digitaloceanspaces.com/wp-content/uploads/catalogue/coles/coles-catalogue-november-20-26-2024-qld-metro/4.jpg,https://www.catalogueau.com/coles/#catalogue=coles/coles-catalogue-november-20-26-2024-qld-metro/,save_was_arithmetic,save_was_arithmetic,1,review
Coles,QLD METRO,"Coles Catalogue November 20 - 26, 2024 QLD METRO",2024-11-20,2024-11-27,4,Pringles Potato Crisps 53g,1.35,2.7,1.35,50.0,half_price,53g,$2.55 per 100g,SAVES1.35 | WASS2.70 | Pringles Potato Crisps 53g | $2.55 per 100g,96.36,False,,https://caau.syd1.cdn.digitaloceanspaces.com/wp-content/uploads/catalogue/coles/coles-catalogue-november-20-26-2024-qld-metro/4.jpg,https://www.catalogueau.com/coles/#catalogue=coles/coles-catalogue-november-20-26-2024-qld-metro/,save_was_arithmetic,displayed_price;save_was_arithmetic;unit_price,3,verified
Coles,QLD METRO,"Coles Catalogue November 20 - 26, 2024 QLD METRO",2024-11-20,2024-11-27,4,DJ&A Shiitake Mushroom Crisps 65g or Shiitake Jerky 60g,3.0,6.0,3.0,50.0,half_price,65g; 60g,,SAVES3 | WASS6 | DJ&A Shiitake Mushroom | Crisps 65g or Shiitake | Jerky 60g,96.02,False,,https://caau.syd1.cdn.digitaloceanspaces.com/wp-content/uploads/catalogue/coles/coles-catalogue-november-20-26-2024-qld-metro/4.jpg,https://www.catalogueau.com/coles/#catalogue=coles/coles-catalogue-november-20-26-2024-qld-metro/,save_was_arithmetic,displayed_price;save_was_arithmetic,2,verified
Coles,QLD METRO,"Coles Catalogue November 20 - 26, 2024 QLD METRO",2024-11-20,2024-11-27,4,"Mars M&M's, Maltesers or Pods 120g-180g",3.0,6.0,3.0,50.0,half_price,120g; 180g,,"SAVES3 | WASS6 | Mars M&M's, Maltesers or Pods | 120g-180g | QLD-METRO-201 1-24-308226",79.0,True,low_name_confidence_strict,https://caau.syd1.cdn.digitaloceanspaces.com/wp-content/uploads/catalogue/coles/coles-catalogue-november-20-26-2024-qld-metro/4.jpg,https://www.catalogueau.com/coles/#catalogue=coles/coles-catalogue-november-20-26-2024-qld-metro/,save_was_arithmetic,displayed_price;save_was_arithmetic,2,review
Coles,QLD METRO,"Coles Catalogue November 20 - 26, 2024 QLD METRO",2024-11-20,2024-11-27,4,Violet Crumble Choc Honeycomb 120g-150g,3.0,6.0,3.0,50.0,half_price,120g; 150g,,SAVES3 | WASS6 | Violet Crumble Choc | Honeycomb 120g-150g,94.44,False,,https://caau.syd1.cdn.digitaloceanspaces.com/wp-content/uploads/catalogue/coles/coles-catalogue-november-20-26-2024-qld-metro/4.jpg,https://www.catalogueau.com/coles/#catalogue=coles/coles-catalogue-november-20-26-2024-qld-metro/,save_was_arithmetic,displayed_price;save_was_arithmetic,2,verified
Coles,QLD METRO,"Coles Catalogue November 20 - 26, 2024 QLD METRO",2024-11-20,2024-11-27,4,Cadbury or Europe Bites 120g-160g or Pascall Chocolate Bites 160g-185g,3.0,6.0,3.0,50.0,half_price,120g; 160g; 185g,,SAVES3 | WASS6 | Cadbury or Europe Bites | 120g-160g or Pascall | Chocolate Bites 160g-185g,92.75,False,,https://caau.syd1.cdn.digitaloceanspaces.com/wp-content/uploads/catalogue/coles/coles-catalogue-november-20-26-2024-qld-metro/4.jpg,https://www.catalogueau.com/coles/#catalogue=coles/coles-catalogue-november-20-26-2024-qld-metro/,save_was_arithmetic,displayed_price;save_was_arithmetic,2,verified
Coles,QLD METRO,"Coles Catalogue November 20 - 26, 2024 QLD METRO",2024-11-20,2024-11-27,4,Loacker Tortina Chocolate Biscuits 126g,2.5,,,,special,126g,$1.98 per 100g,Loacker Tortina Chocolate | Biscuits 126g $1.98 per 100g. | 2nd week on sale,95.29,False,,https://caau.syd1.cdn.digitaloceanspaces.com/wp-content/uploads/catalogue/coles/coles-catalogue-november-20-26-2024-qld-metro/4.jpg,https://www.catalogueau.com/coles/#catalogue=coles/coles-catalogue-november-20-26-2024-qld-metro/,displayed_price,displayed_price;unit_price,2,verified
Coles,QLD METRO,"Coles Catalogue November 20 - 26, 2024 QLD METRO",2024-11-20,2024-11-27,5,"Schweppes Mixers, Mineral Water or Soft Drink 1.1 Litre",1.5,51.5,50.0,97.09,save_amount,1.1 Litre,$1.36 per litre,"SAVE].50 | WASS | Schweppes Mixers, Mineral | Water or Soft Drink 1.1 Litre | $1.36 per litre",96.55,True,single_price_evidence,https://caau.syd1.cdn.digitaloceanspaces.com/wp-content/uploads/catalogue/coles/coles-catalogue-november-20-26-2024-qld-metro/5.jpg,https://www.catalogueau.com/coles/#catalogue=coles/coles-catalogue-november-20-26-2024-qld-metro/,unit_price,unit_price,1,review
Coles,QLD METRO,"Coles Catalogue November 20 - 26, 2024 QLD METRO",2024-11-20,2024-11-27,5,Raw C Coconut Water 1 Litre,2.75,5.5,2.75,50.0,half_price,1 Litre,$2.75 per litre,SAVE2 | WASS5.50 | Raw C Coconut Water 1 Litre | $2.75 per litre,95.6,True,single_price_evidence,https://caau.syd1.cdn.digitaloceanspaces.com/wp-content/uploads/catalogue/coles/coles-catalogue-november-20-26-2024-qld-metro/5.jpg,https://www.catalogueau.com/coles/#catalogue=coles/coles-catalogue-november-20-26-2024-qld-metro/,unit_price,unit_price,1,review
Coles,QLD METRO,"Coles Catalogue November 20 - 26, 2024 QLD METRO",2024-11-20,2024-11-27,5,Golden Circle Zero Sugar Cordial 2 Litre,2.75,5.5,2.75,50.0,half_price,2 Litre,$1.38 per litre,WASS5.50 | WASS5.50 | Golden Circle Zero Sugar | Cordial 2 Litre $1.38 per litre,96.69,False,,https://caau.syd1.cdn.digitaloceanspaces.com/wp-content/uploads/catalogue/coles/coles-catalogue-november-20-26-2024-qld-metro/5.jpg,https://www.catalogueau.com/coles/#catalogue=coles/coles-catalogue-november-20-26-2024-qld-metro/,displayed_price,displayed_price;unit_price,2,verified
Coles,QLD METRO,"Coles Catalogue November 20 - 26, 2024 QLD METRO",2024-11-20,2024-11-27,5,Lipton Ice Tea 1.5 Litre,3.0,6.0,3.0,50.0,half_price,1.5 Litre,$2.00 per litre,SAVE 3 | WASS6 | Lipton Ice Tea 1.5 Litre | $2.00 per litre | =,95.87,False,,https://caau.syd1.cdn.digitaloceanspaces.com/wp-content/uploads/catalogue/coles/coles-catalogue-november-20-26-2024-qld-metro/5.jpg,https://www.catalogueau.com/coles/#catalogue=coles/coles-catalogue-november-20-26-2024-qld-metro/,save_was_arithmetic,displayed_price;save_was_arithmetic;unit_price,3,verified
Coles,QLD METRO,"Coles Catalogue November 20 - 26, 2024 QLD METRO",2024-11-20,2024-11-27,5,V8 Powerblend 1.25 Litre,3.0,6.0,3.0,50.0,half_price,1.25 Litre,$2.40 per litre,WASS6 | WASS6 | V8 Powerblend 1.25 Litre | $2.40 per litre,93.47,False,,https://caau.syd1.cdn.digitaloceanspaces.com/wp-content/uploads/catalogue/coles/coles-catalogue-november-20-26-2024-qld-metro/5.jpg,https://www.catalogueau.com/coles/#catalogue=coles/coles-catalogue-november-20-26-2024-qld-metro/,displayed_price,displayed_price;unit_price,2,verified
Coles,QLD METRO,"Coles Catalogue November 20 - 26, 2024 QLD METRO",2024-11-20,2024-11-27,5,Lipton Ice Tea 6x240mL,5.0,10.0,5.0,50.0,half_price,6x240mL,$3.47 per litre,WASS10 | WASS10 | Lipton Ice Tea 6x240mL | $3.47 per litre,93.87,False,,https://caau.syd1.cdn.digitaloceanspaces.com/wp-content/uploads/catalogue/coles/coles-catalogue-november-20-26-2024-qld-metro/5.jpg,https://www.catalogueau.com/coles/#catalogue=coles/coles-catalogue-november-20-26-2024-qld-metro/,displayed_price,displayed_price;unit_price,2,verified
Coles,QLD METRO,"Coles Catalogue November 20 - 26, 2024 QLD METRO",2024-11-20,2024-11-27,5,Pepsi Max Soft Drink 24x375mL,18.35,36.7,18.35,50.0,half_price,24x375mL,$2.04 per litre,SAVE 518.35 | WAS $36.70 | Pepsi Max Soft Drink 24x375mL | $2.04 per litre,94.58,False,,https://caau.syd1.cdn.digitaloceanspaces.com/wp-content/uploads/catalogue/coles/coles-catalogue-november-20-26-2024-qld-metro/5.jpg,https://www.catalogueau.com/coles/#catalogue=coles/coles-catalogue-november-20-26-2024-qld-metro/,save_was_arithmetic,save_was_arithmetic;unit_price,2,verified
Coles,QLD METRO,"Coles Catalogue November 20 - 26, 2024 QLD METRO",2024-11-20,2024-11-27,5,Coca-Cola Soft Drink 10x375mL,9.5,19.0,9.5,50.0,half_price,10x375mL,$2.53 per litre,SAVES9.50 | WASS19 | Coca-Cola Soft Drink | 10x375mL $2.53 per litre | QLD-METRO-201 1-24-308226,95.43,False,,https://caau.syd1.cdn.digitaloceanspaces.com/wp-content/uploads/catalogue/coles/coles-catalogue-november-20-26-2024-qld-metro/5.jpg,https://www.catalogueau.com/coles/#catalogue=coles/coles-catalogue-november-20-26-2024-qld-metro/,save_was_arithmetic,save_was_arithmetic;unit_price,2,verified
Coles,QLD METRO,"Coles Catalogue November 20 - 26, 2024 QLD METRO",2024-11-20,2024-11-27,5,Mt Franklin Sparkling Water 10x375mL,9.5,19.0,9.5,50.0,half_price,10x375mL,$2.53 per litre,SAVES9.50 | WASS19 | Mt Franklin Sparkling Water | 10x375mL $2.53 per litre | “See page 39 forT&Cs | 5,94.52,False,,https://caau.syd1.cdn.digitaloceanspaces.com/wp-content/uploads/catalogue/coles/coles-catalogue-november-20-26-2024-qld-metro/5.jpg,https://www.catalogueau.com/coles/#catalogue=coles/coles-catalogue-november-20-26-2024-qld-metro/,save_was_arithmetic,save_was_arithmetic;unit_price,2,verified
Coles,QLD METRO,"Coles Catalogue November 20 - 26, 2024 QLD METRO",2024-11-20,2024-11-27,6,Nestlé Chocolate Bar 35g-50g or Violet Crumble Chocolate Bar 50g,1.25,2.5,1.25,50.0,half_price,35g; 50g,,SAVES1.25 | WASS2.50 | Nestlé Chocolate Bar 35g-50g | or Violet Crumble Chocolate | Bar 50g,95.57,False,,https://caau.syd1.cdn.digitaloceanspaces.com/wp-content/uploads/catalogue/coles/coles-catalogue-november-20-26-2024-qld-metro/6.jpg,https://www.catalogueau.com/coles/#catalogue=coles/coles-catalogue-november-20-26-2024-qld-metro/,save_was_arithmetic,displayed_price;save_was_arithmetic,2,verified
Coles,QLD METRO,"Coles Catalogue November 20 - 26, 2024 QLD METRO",2024-11-20,2024-11-27,6,Smith's Crinkle Cut or Double Crunch Potato Chips 150g-170g,2.4,4.8,2.4,50.0,half_price,150g; 170g,,SAVES2.40 | WAS$4.80 | Smith's Crinkle Cut or | Double Crunch Potato Chips | 150g-170g,94.45,False,,https://caau.syd1.cdn.digitaloceanspaces.com/wp-content/uploads/catalogue/coles/coles-catalogue-november-20-26-2024-qld-metro/6.jpg,https://www.catalogueau.com/coles/#catalogue=coles/coles-catalogue-november-20-26-2024-qld-metro/,save_was_arithmetic,displayed_price;save_was_arithmetic,2,verified
Coles,QLD METRO,"Coles Catalogue November 20 - 26, 2024 QLD METRO",2024-11-20,2024-11-27,6,Zooper Dooper Water Ice 24 Pack,3.6,7.2,3.6,50.0,half_price,24 Pack,$0.21 per 100mL,SAVES3.60 | WAS$7.20 | Zooper Dooper Water Ice | 24 Pack $0.21 per 100mL,93.97,False,,https://caau.syd1.cdn.digitaloceanspaces.com/wp-content/uploads/catalogue/coles/coles-catalogue-november-20-26-2024-qld-metro/6.jpg,https://www.catalogueau.com/coles/#catalogue=coles/coles-catalogue-november-20-26-2024-qld-metro/,save_was_arithmetic,displayed_price;save_was_arithmetic,2,verified
Coles,QLD METRO,"Coles Catalogue November 20 - 26, 2024 QLD METRO",2024-11-20,2024-11-27,6,Nescafé Coffee Sachets 8 Pack-10 Pack,3.8,760.0,756.2,99.5,save_amount,8 Pack; 10 Pack,,SAVES3.80 | WASS760 | Nescafé Coffee Sachets | 8 Pack-10 Pack | 2nd week on sale,94.3,True,single_price_evidence,https://caau.syd1.cdn.digitaloceanspaces.com/wp-content/uploads/catalogue/coles/coles-catalogue-november-20-26-2024-qld-metro/6.jpg,https://www.catalogueau.com/coles/#catalogue=coles/coles-catalogue-november-20-26-2024-qld-metro/,displayed_price,displayed_price,1,review
Coles,QLD METRO,"Coles Catalogue November 20 - 26, 2024 QLD METRO",2024-11-20,2024-11-27,6,Nestlé Milo Cereal 535g-620g or Uncle Tobys Plus Cereal 565g-705g,4.4,8.8,4.4,50.0,half_price,535g; 620g; 565g; 705g,,SAVE%4.40 | WASS$8.80 | Nestlé Milo Cereal 535g-620g | or Uncle Tobys Plus Cereal | 565g-705g,79.0,True,low_name_confidence_strict,https://caau.syd1.cdn.digitaloceanspaces.com/wp-content/uploads/catalogue/coles/coles-catalogue-november-20-26-2024-qld-metro/6.jpg,https://www.catalogueau.com/coles/#catalogue=coles/coles-catalogue-november-20-26-2024-qld-metro/,save_was_arithmetic,displayed_price;save_was_arithmetic,2,review
Coles,QLD METRO,"Coles Catalogue November 20 - 26, 2024 QLD METRO",2024-11-20,2024-11-27,6,Peters Connoisseur 1 Litre,6.0,12.0,6.0,50.0,half_price,1 Litre,$0.60 per 100mL,SAVES6 | WASS12 | Peters Connoisseur 1 Litre | $0.60 per 100mL. | *See page 39 forT&Cs,94.49,False,,https://caau.syd1.cdn.digitaloceanspaces.com/wp-content/uploads/catalogue/coles/coles-catalogue-november-20-26-2024-qld-metro/6.jpg,https://www.catalogueau.com/coles/#catalogue=coles/coles-catalogue-november-20-26-2024-qld-metro/,save_was_arithmetic,save_was_arithmetic;unit_price,2,verified
Coles,QLD METRO,"Coles Catalogue November 20 - 26, 2024 QLD METRO",2024-11-20,2024-11-27,6,Plumrose Canned Leg Ham 450g,7.0,14.0,7.0,50.0,half_price,450g,$15.56 per kg,SAVES7 | WASS14 | Plumrose Canned Leg Ham | 450g $15.56 per kg | QLD-METRO-201 1-24-308226,95.91,False,,https://caau.syd1.cdn.digitaloceanspaces.com/wp-content/uploads/catalogue/coles/coles-catalogue-november-20-26-2024-qld-metro/6.jpg,https://www.catalogueau.com/coles/#catalogue=coles/coles-catalogue-november-20-26-2024-qld-metro/,save_was_arithmetic,displayed_price;save_was_arithmetic;unit_price,3,verified
Coles,QLD METRO,"Coles Catalogue November 20 - 26, 2024 QLD METRO",2024-11-20,2024-11-27,6,Sunrice Jasmine Rice 5kg,12.0,24.0,12.0,50.0,half_price,5kg,$0.24 per 100g,SAVE512 | ‘WAS§24 | Sunrice Jasmine Rice 5kg | $0.24 per 100g,94.14,True,single_price_evidence,https://caau.syd1.cdn.digitaloceanspaces.com/wp-content/uploads/catalogue/coles/coles-catalogue-november-20-26-2024-qld-metro/6.jpg,https://www.catalogueau.com/coles/#catalogue=coles/coles-catalogue-november-20-26-2024-qld-metro/,displayed_price,displayed_price,1,review
Coles,QLD METRO,"Coles Catalogue November 20 - 26, 2024 QLD METRO",2024-11-20,2024-11-27,6,Vittoria Mountain Grown Beans or Ground 1kg,24.5,49.0,24.5,50.0,half_price,1kg,$2.45 per 100g,SAVE‘24.50 | ‘WAS? | Vittoria Mountain Grown | Beans or Ground Ikg | $2.45 per 100g,93.47,True,single_price_evidence,https://caau.syd1.cdn.digitaloceanspaces.com/wp-content/uploads/catalogue/coles/coles-catalogue-november-20-26-2024-qld-metro/6.jpg,https://www.catalogueau.com/coles/#catalogue=coles/coles-catalogue-november-20-26-2024-qld-metro/,unit_price,unit_price,1,review
Coles,QLD METRO,"Coles Catalogue November 20 - 26, 2024 QLD METRO",2024-11-20,2024-11-27,7,Nivea Rich Nourishing or Express Hydration Body Lotion 400mL,4.75,9.5,4.75,50.0,half_price,400mL,$1.19 per 100mL,SAVES4.75 | WASS9.50 | Nivea Rich Nourishing or | Express Hydration Body Lotion | 400mL $1.19 per 100mL. | On sale for 2 weeks,95.03,False,,https://caau.syd1.cdn.digitaloceanspaces.com/wp-content/uploads/catalogue/coles/coles-catalogue-november-20-26-2024-qld-metro/7.jpg,https://www.catalogueau.com/coles/#catalogue=coles/coles-catalogue-november-20-26-2024-qld-metro/,save_was_arithmetic,save_was_arithmetic;unit_price,2,verified
Coles,QLD METRO,"Coles Catalogue November 20 - 26, 2024 QLD METRO",2024-11-20,2024-11-27,7,Biore Charcoal Deep Cleansing Pore Strips 6 Pack,3.75,750.0,746.25,99.5,save_amount,6 Pack,$0.63 per each,‘WAS$750 | ‘WAS$750 | Biore Charcoal Deep | Cleansing Pore Strips 6 Pack | $0.63 per each,95.46,False,,https://caau.syd1.cdn.digitaloceanspaces.com/wp-content/uploads/catalogue/coles/coles-catalogue-november-20-26-2024-qld-metro/7.jpg,https://www.catalogueau.com/coles/#catalogue=coles/coles-catalogue-november-20-26-2024-qld-metro/,displayed_price,displayed_price;unit_price,2,verified
Coles,QLD METRO,"Coles Catalogue November 20 - 26, 2024 QLD METRO",2024-11-20,2024-11-27,7,Redwin Sorbolene Moisturiser 1.1 Litre,5.5,11.0,5.5,50.0,half_price,1.1 Litre,$0.50 per 100mL,SAVE%5.50 | WASS11 | Redwin Sorbolene Moisturiser | 1.1 Litre $0.50 per 100mL,94.15,False,,https://caau.syd1.cdn.digitaloceanspaces.com/wp-content/uploads/catalogue/coles/coles-catalogue-november-20-26-2024-qld-metro/7.jpg,https://www.catalogueau.com/coles/#catalogue=coles/coles-catalogue-november-20-26-2024-qld-metro/,save_was_arithmetic,save_was_arithmetic;unit_price,2,verified
Coles,QLD METRO,"Coles Catalogue November 20 - 26, 2024 QLD METRO",2024-11-20,2024-11-27,7,QV Ceramides Lotion 350mL,8.0,16.0,8.0,50.0,half_price,350mL,$2.29 per 100mL,SAVES8 | WASS16 | QV Ceramides Lotion 350mL | $2.29 per 100mL,92.43,False,,https://caau.syd1.cdn.digitaloceanspaces.com/wp-content/uploads/catalogue/coles/coles-catalogue-november-20-26-2024-qld-metro/7.jpg,https://www.catalogueau.com/coles/#catalogue=coles/coles-catalogue-november-20-26-2024-qld-metro/,save_was_arithmetic,displayed_price;save_was_arithmetic;unit_price,3,verified
Coles,QLD METRO,"Coles Catalogue November 20 - 26, 2024 QLD METRO",2024-11-20,2024-11-27,7,Bondi Sands Fresh'N Up Gel Cleanser 150mL,7.5,15.0,7.5,50.0,half_price,150mL,$5.00 per 100mL,SAVE‘S7.50 | WASS15 | Bondi Sands Fresh'N Up Gel | Cleanser 150mL | $5.00 per 100mL,93.3,False,,https://caau.syd1.cdn.digitaloceanspaces.com/wp-content/uploads/catalogue/coles/coles-catalogue-november-20-26-2024-qld-metro/7.jpg,https://www.catalogueau.com/coles/#catalogue=coles/coles-catalogue-november-20-26-2024-qld-metro/,save_was_arithmetic,save_was_arithmetic;unit_price,2,verified
Coles,QLD METRO,"Coles Catalogue November 20 - 26, 2024 QLD METRO",2024-11-20,2024-11-27,7,Garnier Micellar Cleansing Water 700mL,12.5,25.0,12.5,50.0,half_price,700mL,$1.79 per 100mL,SAVE 12.50 | Garnier Micellar Cleansing | Water 700mL $1.79 per 100mL,94.79,False,,https://caau.syd1.cdn.digitaloceanspaces.com/wp-content/uploads/catalogue/coles/coles-catalogue-november-20-26-2024-qld-metro/7.jpg,https://www.catalogueau.com/coles/#catalogue=coles/coles-catalogue-november-20-26-2024-qld-metro/,displayed_price,displayed_price;unit_price,2,verified
Coles,QLD METRO,"Coles Catalogue November 20 - 26, 2024 QLD METRO",2024-11-20,2024-11-27,7,Aveeno Daily Moisturising Body Lotion 1 Litre,15.0,30.0,15.0,50.0,half_price,1 Litre,$1.50 per 100mL,SAVES15 | ‘WAS§30_ | Aveeno Daily Moisturising | Body Lotion 1 Litre | $1.50 per 100mL,96.08,False,,https://caau.syd1.cdn.digitaloceanspaces.com/wp-content/uploads/catalogue/coles/coles-catalogue-november-20-26-2024-qld-metro/7.jpg,https://www.catalogueau.com/coles/#catalogue=coles/coles-catalogue-november-20-26-2024-qld-metro/,save_was_arithmetic,displayed_price;save_was_arithmetic;unit_price,3,verified
Coles,QLD METRO,"Coles Catalogue November 20 - 26, 2024 QLD METRO",2024-11-20,2024-11-27,7,Quick Screen 3-in-1 Bronzing Serum SPF50+ 35mL,16.0,32.0,16.0,50.0,half_price,35mL,$45.71 per 100mL,SAVE 516 | WAS$32 | Quick Screen 3-in-1 | Bronzing Serum SPF50+ 35mL | $45.71 per 100mL,93.41,False,,https://caau.syd1.cdn.digitaloceanspaces.com/wp-content/uploads/catalogue/coles/coles-catalogue-november-20-26-2024-qld-metro/7.jpg,https://www.catalogueau.com/coles/#catalogue=coles/coles-catalogue-november-20-26-2024-qld-metro/,save_was_arithmetic,displayed_price;save_was_arithmetic;unit_price,3,verified
Coles,QLD METRO,"Coles Catalogue November 20 - 26, 2024 QLD METRO",2024-11-20,2024-11-27,7,Neutrogena Make Up Remover Wipes 25 Pack,545.5,1091.0,545.5,50.0,half_price,25 Pack,$0.18 per each,Neutrogena Make Up Remover | Wipes 25 Pack $0.18 per each,96.59,True,offer_labels_missing;regular_and_save_inferred_from_half_price;inferred_price_requires_review,https://caau.syd1.cdn.digitaloceanspaces.com/wp-content/uploads/catalogue/coles/coles-catalogue-november-20-26-2024-qld-metro/7.jpg,https://www.catalogueau.com/coles/#catalogue=coles/coles-catalogue-november-20-26-2024-qld-metro/,displayed_price,displayed_price;grid_inference,1,review
Coles,QLD METRO,"Coles Catalogue November 20 - 26, 2024 QLD METRO",2024-11-20,2024-11-27,8,Skin Control Pimple Patch AM+PM 36 Pack,4.5,9.0,4.5,50.0,half_price,36 Pack,$0.13 per each,SAVE%4.50 | WASS9 | Skin Control Pimple Patch | AM+PM 36 Pack $0.13 per each,95.7,True,single_price_evidence,https://caau.syd1.cdn.digitaloceanspaces.com/wp-content/uploads/catalogue/coles/coles-catalogue-november-20-26-2024-qld-metro/8.jpg,https://www.catalogueau.com/coles/#catalogue=coles/coles-catalogue-november-20-26-2024-qld-metro/,save_was_arithmetic,save_was_arithmetic,1,review
Coles,QLD METRO,"Coles Catalogue November 20 - 26, 2024 QLD METRO",2024-11-20,2024-11-27,8,L'Oréal Revitalift Filler Plumping Serum 30mL,30.0,60.0,30.0,50.0,half_price,30mL,$100.00 per 100mL,SAVE‘30 | WASS60 | L'Oréal Revitalift Filler Plumping | Serum 30mL $100.00 per 100mL,93.46,False,,https://caau.syd1.cdn.digitaloceanspaces.com/wp-content/uploads/catalogue/coles/coles-catalogue-november-20-26-2024-qld-metro/8.jpg,https://www.catalogueau.com/coles/#catalogue=coles/coles-catalogue-november-20-26-2024-qld-metro/,save_was_arithmetic,displayed_price;save_was_arithmetic;unit_price,3,verified
Coles,QLD METRO,"Coles Catalogue November 20 - 26, 2024 QLD METRO",2024-11-20,2024-11-27,8,Olay Luminous Niacinamide + Vitamin C Moisturiser 50g or Serum 30mL,30.0,60.0,30.0,50.0,half_price,50g; 30mL,,SAVE530 | WASS$60 | Olay Luminous Niacinamide + | Vitamin C Moisturiser 50g | or Serum 30mL,93.24,True,single_price_evidence,https://caau.syd1.cdn.digitaloceanspaces.com/wp-content/uploads/catalogue/coles/coles-catalogue-november-20-26-2024-qld-metro/8.jpg,https://www.catalogueau.com/coles/#catalogue=coles/coles-catalogue-november-20-26-2024-qld-metro/,displayed_price,displayed_price,1,review
Coles,QLD METRO,"Coles Catalogue November 20 - 26, 2024 QLD METRO",2024-11-20,2024-11-27,8,Cenovis Sugarless C 500mg Tablets 160 Pack’,7.25,14.5,7.25,50.0,half_price,160 Pack,,"SAVE %7,25 | WASS$14.50 | Cenovis Sugarless C 500mg | Tablets 160 Pack’ $4.53 per | 100 each. 2nd week on sale",91.67,False,,https://caau.syd1.cdn.digitaloceanspaces.com/wp-content/uploads/catalogue/coles/coles-catalogue-november-20-26-2024-qld-metro/8.jpg,https://www.catalogueau.com/coles/#catalogue=coles/coles-catalogue-november-20-26-2024-qld-metro/,save_was_arithmetic,displayed_price;save_was_arithmetic,2,verified
Coles,QLD METRO,"Coles Catalogue November 20 - 26, 2024 QLD METRO",2024-11-20,2024-11-27,8,Cenovis Magnesium Tablets 200 Pack*,13.75,27.5,13.75,50.0,half_price,200 Pack,$6.88 per 100 each,SAVES13.75 | WAS$27.50 | Cenovis Magnesium Tablets | 200 Pack* $6.88 per 100 each,93.77,False,,https://caau.syd1.cdn.digitaloceanspaces.com/wp-content/uploads/catalogue/coles/coles-catalogue-november-20-26-2024-qld-metro/8.jpg,https://www.catalogueau.com/coles/#catalogue=coles/coles-catalogue-november-20-26-2024-qld-metro/,save_was_arithmetic,save_was_arithmetic;unit_price,2,verified
Coles,QLD METRO,"Coles Catalogue November 20 - 26, 2024 QLD METRO",2024-11-20,2024-11-27,8,Centrum 50+ Multivitamin Tablets 60 Pack’,11.0,22.0,11.0,50.0,half_price,60 Pack,$18.33 per 100 each,SAVE 511 | WAS$22 | Centrum 50+ Multivitamin | Tablets 60 Pack’ | $18.33 per 100 each,95.75,False,,https://caau.syd1.cdn.digitaloceanspaces.com/wp-content/uploads/catalogue/coles/coles-catalogue-november-20-26-2024-qld-metro/8.jpg,https://www.catalogueau.com/coles/#catalogue=coles/coles-catalogue-november-20-26-2024-qld-metro/,save_was_arithmetic,displayed_price;save_was_arithmetic;unit_price,3,verified
Coles,QLD METRO,"Coles Catalogue November 20 - 26, 2024 QLD METRO",2024-11-20,2024-11-27,8,Nature's Own Glucosamine Sulfate with Chondroitin Tablets 200 Pack*,17.0,34.0,17.0,50.0,half_price,200 Pack,$8.50 per 100 each,SAVES17 | WAS$34 | Nature's Own Glucosamine | Sulfate with Chondroitin | Tablets 200 Pack* | $8.50 per 100 each,95.68,False,,https://caau.syd1.cdn.digitaloceanspaces.com/wp-content/uploads/catalogue/coles/coles-catalogue-november-20-26-2024-qld-metro/8.jpg,https://www.catalogueau.com/coles/#catalogue=coles/coles-catalogue-november-20-26-2024-qld-metro/,save_was_arithmetic,displayed_price;save_was_arithmetic;unit_price,3,verified
Coles,QLD METRO,"Coles Catalogue November 20 - 26, 2024 QLD METRO",2024-11-20,2024-11-27,8,Nature's Own Vitamin B12 1000mcg Tablets 150 Pack*,18.0,36.0,18.0,50.0,half_price,150 Pack,$12.00 per 100 each,SAVE°18 | WAS$36 | Nature's Own Vitamin B12 | 1000mcg Tablets 150 Pack* | $12.00 per 100 each,94.34,False,,https://caau.syd1.cdn.digitaloceanspaces.com/wp-content/uploads/catalogue/coles/coles-catalogue-november-20-26-2024-qld-metro/8.jpg,https://www.catalogueau.com/coles/#catalogue=coles/coles-catalogue-november-20-26-2024-qld-metro/,save_was_arithmetic,displayed_price;save_was_arithmetic;unit_price,3,verified
Coles,QLD METRO,"Coles Catalogue November 20 - 26, 2024 QLD METRO",2024-11-20,2024-11-27,8,Ostelin Calcium DK2 Tablets 60 Pack*,20.5,41.0,20.5,50.0,half_price,60 Pack,$34.17 per 100 each,SAVE‘20.50 | WASS41 | Ostelin Calcium DK2 Tablets | 60 Pack* $34.17 per 100 each: | 2nd week on sale,92.8,False,,https://caau.syd1.cdn.digitaloceanspaces.com/wp-content/uploads/catalogue/coles/coles-catalogue-november-20-26-2024-qld-metro/8.jpg,https://www.catalogueau.com/coles/#catalogue=coles/coles-catalogue-november-20-26-2024-qld-metro/,save_was_arithmetic,save_was_arithmetic;unit_price,2,verified
Coles,QLD METRO,"Coles Catalogue November 20 - 26, 2024 QLD METRO",2024-11-20,2024-11-27,9,Colgate Total Advanced Toothpaste 200g,5.0,10.0,5.0,50.0,half_price,200g,$2.50 per 100g,SAVESS. | WASS10 | Colgate Total Advanced | Toothpaste 200g | $2.50 per 100g. | 2nd week on sale,96.56,False,,https://caau.syd1.cdn.digitaloceanspaces.com/wp-content/uploads/catalogue/coles/coles-catalogue-november-20-26-2024-qld-metro/9.jpg,https://www.catalogueau.com/coles/#catalogue=coles/coles-catalogue-november-20-26-2024-qld-metro/,displayed_price,displayed_price;unit_price,2,verified
Coles,QLD METRO,"Coles Catalogue November 20 - 26, 2024 QLD METRO",2024-11-20,2024-11-27,9,Colgate Sensitive Pro Relief Toothpaste 110g,5.5,11.0,5.5,50.0,half_price,110g,$5.00 per 100g,SAVE*5.50 | WASS11 | Colgate Sensitive Pro Relief | Toothpaste 110g | $5.00 per 100g. | On sale for 2 weeks,96.53,False,,https://caau.syd1.cdn.digitaloceanspaces.com/wp-content/uploads/catalogue/coles/coles-catalogue-november-20-26-2024-qld-metro/9.jpg,https://www.catalogueau.com/coles/#catalogue=coles/coles-catalogue-november-20-26-2024-qld-metro/,save_was_arithmetic,displayed_price;save_was_arithmetic;unit_price,3,verified
Coles,QLD METRO,"Coles Catalogue November 20 - 26, 2024 QLD METRO",2024-11-20,2024-11-27,9,Hismile Ice Pop or Pink Lemonade Toothpaste 60g,6.5,13.0,6.5,50.0,half_price,60g,$10.83 per 100g,SAVE°6.50 | WASS13 | Hismile Ice Pop or Pink | Lemonade Toothpaste 60g | $10.83 per 100g. | 2nd week on sale,95.57,False,,https://caau.syd1.cdn.digitaloceanspaces.com/wp-content/uploads/catalogue/coles/coles-catalogue-november-20-26-2024-qld-metro/9.jpg,https://www.catalogueau.com/coles/#catalogue=coles/coles-catalogue-november-20-26-2024-qld-metro/,save_was_arithmetic,save_was_arithmetic;unit_price,2,verified
Coles,QLD METRO,"Coles Catalogue November 20 - 26, 2024 QLD METRO",2024-11-20,2024-11-27,9,L'Oréal Elvive Shampoo or Conditioner 300mL,4.25,8.5,4.25,50.0,half_price,300mL,$1.42 per 100mL,SAVES4.25 | WAS$8.50 | L'Oréal Elvive Shampoo | or Conditioner 300mL | $1.42 per 100mL,92.9,False,,https://caau.syd1.cdn.digitaloceanspaces.com/wp-content/uploads/catalogue/coles/coles-catalogue-november-20-26-2024-qld-metro/9.jpg,https://www.catalogueau.com/coles/#catalogue=coles/coles-catalogue-november-20-26-2024-qld-metro/,save_was_arithmetic,displayed_price;save_was_arithmetic;unit_price,3,verified
Coles,QLD METRO,"Coles Catalogue November 20 - 26, 2024 QLD METRO",2024-11-20,2024-11-27,9,Tresemmé Shampoo or Conditioner 940mL,8.0,16.0,8.0,50.0,half_price,940mL,$0.85 per 100mL,SAVES8 | WASS16 | Tresemmé Shampoo | or Conditioner 940mL | $0.85 per 100mL,93.26,False,,https://caau.syd1.cdn.digitaloceanspaces.com/wp-content/uploads/catalogue/coles/coles-catalogue-november-20-26-2024-qld-metro/9.jpg,https://www.catalogueau.com/coles/#catalogue=coles/coles-catalogue-november-20-26-2024-qld-metro/,save_was_arithmetic,displayed_price;save_was_arithmetic;unit_price,3,verified
Coles,QLD METRO,"Coles Catalogue November 20 - 26, 2024 QLD METRO",2024-11-20,2024-11-27,9,Oral B Pro 1500 Electric Toothbrush 1 Pack,65.0,130.0,65.0,50.0,half_price,1 Pack,,SAVE‘65 | WASS130 | Oral B Pro 1500 Electric | Toothbrush 1 Pack,95.91,False,,https://caau.syd1.cdn.digitaloceanspaces.com/wp-content/uploads/catalogue/coles/coles-catalogue-november-20-26-2024-qld-metro/9.jpg,https://www.catalogueau.com/coles/#catalogue=coles/coles-catalogue-november-20-26-2024-qld-metro/,save_was_arithmetic,displayed_price;save_was_arithmetic,2,verified
Coles,QLD METRO,"Coles Catalogue November 20 - 26, 2024 QLD METRO",2024-11-20,2024-11-27,9,Palmer's Cocoa Butter Body Lotion 400mL,6.2,12.4,6.2,50.0,half_price,400mL,$1.55 per 100mL,SAVE$6.20 | WASS12.40 | Palmer's Cocoa Butter Body | Lotion 400mL $1.55 per 100mL,94.04,False,,https://caau.syd1.cdn.digitaloceanspaces.com/wp-content/uploads/catalogue/coles/coles-catalogue-november-20-26-2024-qld-metro/9.jpg,https://www.catalogueau.com/coles/#catalogue=coles/coles-catalogue-november-20-26-2024-qld-metro/,save_was_arithmetic,save_was_arithmetic;unit_price,2,verified
Coles,QLD METRO,"Coles Catalogue November 20 - 26, 2024 QLD METRO",2024-11-20,2024-11-27,9,Clearasil Rapid Action Pimple Treatment Cream 15mL,7.4,14.8,7.4,50.0,half_price,15mL,$49.33 per 100mL,SAVES7.40 | WASS14.80 | Clearasil Rapid Action Pimple | Treatment Cream 15mL | $49.33 per 100mL | *See page 39 forT&Cs,94.27,False,,https://caau.syd1.cdn.digitaloceanspaces.com/wp-content/uploads/catalogue/coles/coles-catalogue-november-20-26-2024-qld-metro/9.jpg,https://www.catalogueau.com/coles/#catalogue=coles/coles-catalogue-november-20-26-2024-qld-metro/,save_was_arithmetic,displayed_price;save_was_arithmetic;unit_price,3,verified
Coles,QLD METRO,"Coles Catalogue November 20 - 26, 2024 QLD METRO",2024-11-20,2024-11-27,9,Maybelline Lash Sensation Firework Mascara 28g,142.0,284.0,142.0,50.0,half_price,28g,,Maybelline Lash Sensation | Firework Mascara 28g | $5.18 per 10g,95.67,True,offer_labels_missing;regular_and_save_inferred_from_half_price;inferred_price_requires_review,https://caau.syd1.cdn.digitaloceanspaces.com/wp-content/uploads/catalogue/coles/coles-catalogue-november-20-26-2024-qld-metro/9.jpg,https://www.catalogueau.com/coles/#catalogue=coles/coles-catalogue-november-20-26-2024-qld-metro/,displayed_price,displayed_price;grid_inference,1,review
Coles,QLD METRO,"Coles Catalogue November 20 - 26, 2024 QLD METRO",2024-11-20,2024-11-27,10,Harpic In The Bowl Toilet Cleaner 39g or Hygienic & Fresh Stickers 2 Pack,3.5,7.0,3.5,50.0,half_price,39g; 2 Pack,,SAVE$3.50 | WASS7 | Harpic In The Bowl Toilet | Cleaner 39g or Hygienic | & Fresh Stickers 2 Pack,95.65,False,,https://caau.syd1.cdn.digitaloceanspaces.com/wp-content/uploads/catalogue/coles/coles-catalogue-november-20-26-2024-qld-metro/10.jpg,https://www.catalogueau.com/coles/#catalogue=coles/coles-catalogue-november-20-26-2024-qld-metro/,save_was_arithmetic,displayed_price;save_was_arithmetic,2,verified
Coles,QLD METRO,"Coles Catalogue November 20 - 26, 2024 QLD METRO",2024-11-20,2024-11-27,10,Pine O Cleen Disinfectant 1.25 Litre,4.0,8.0,4.0,50.0,half_price,1.25 Litre,$0.32 per 100mL,SAVES4 | WASS8 | Pine O Cleen Disinfectant | 1.25 Litre $0.32 per 100mL,94.33,False,,https://caau.syd1.cdn.digitaloceanspaces.com/wp-content/uploads/catalogue/coles/coles-catalogue-november-20-26-2024-qld-metro/10.jpg,https://www.catalogueau.com/coles/#catalogue=coles/coles-catalogue-november-20-26-2024-qld-metro/,save_was_arithmetic,displayed_price;save_was_arithmetic,2,verified
Coles,QLD METRO,"Coles Catalogue November 20 - 26, 2024 QLD METRO",2024-11-20,2024-11-27,10,Sard Stain Remover Spray 420mL-450mL,4.0,8.0,4.0,50.0,half_price,420mL; 450mL,,SAVES4 | WASS8 | Sard Stain Remover Spray | 420mL-450mL,94.36,False,,https://caau.syd1.cdn.digitaloceanspaces.com/wp-content/uploads/catalogue/coles/coles-catalogue-november-20-26-2024-qld-metro/10.jpg,https://www.catalogueau.com/coles/#catalogue=coles/coles-catalogue-november-20-26-2024-qld-metro/,save_was_arithmetic,displayed_price;save_was_arithmetic,2,verified
Coles,QLD METRO,"Coles Catalogue November 20 - 26, 2024 QLD METRO",2024-11-20,2024-11-27,10,Radiant Laundry Liquid 1.8 Litre,10.0,20.0,10.0,50.0,half_price,1.8 Litre,$5.56 per litre,SAVE*10 | ‘WAS§20_ | Radiant Laundry Liquid | 1.8 Litre $5.56 per litre,95.98,False,,https://caau.syd1.cdn.digitaloceanspaces.com/wp-content/uploads/catalogue/coles/coles-catalogue-november-20-26-2024-qld-metro/10.jpg,https://www.catalogueau.com/coles/#catalogue=coles/coles-catalogue-november-20-26-2024-qld-metro/,save_was_arithmetic,displayed_price;save_was_arithmetic;unit_price,3,verified
Coles,QLD METRO,"Coles Catalogue November 20 - 26, 2024 QLD METRO",2024-11-20,2024-11-27,10,Morning Fresh Dishwashin Liquid 900mL,4.75,50.0,45.25,90.5,save_amount,900mL,$0.53 per 100mL,WAS a 50 | WAS a 50 | Morning Fresh Dishwashin | Liquid 900mL $0.53 per 100mL,92.93,True,single_price_evidence,https://caau.syd1.cdn.digitaloceanspaces.com/wp-content/uploads/catalogue/coles/coles-catalogue-november-20-26-2024-qld-metro/10.jpg,https://www.catalogueau.com/coles/#catalogue=coles/coles-catalogue-november-20-26-2024-qld-metro/,unit_price,unit_price,1,review
Coles,QLD METRO,"Coles Catalogue November 20 - 26, 2024 QLD METRO",2024-11-20,2024-11-27,10,Cuddly Fabric Conditioner 850mL,5.0,10.0,5.0,50.0,half_price,850mL,$5.88 per litre,SAVES5 | WASS10 | Cuddly Fabric Conditioner | 850mL $5.88 per litre,95.14,False,,https://caau.syd1.cdn.digitaloceanspaces.com/wp-content/uploads/catalogue/coles/coles-catalogue-november-20-26-2024-qld-metro/10.jpg,https://www.catalogueau.com/coles/#catalogue=coles/coles-catalogue-november-20-26-2024-qld-metro/,save_was_arithmetic,displayed_price;save_was_arithmetic;unit_price,3,verified
Coles,QLD METRO,"Coles Catalogue November 20 - 26, 2024 QLD METRO",2024-11-20,2024-11-27,10,Dynamo Professional 7 In 1 Laundry Liquid 2 Litre,14.5,29.0,14.5,50.0,half_price,2 Litre,$7.25 per litre,SAVE°14.50 | WASS29 | Dynamo Professional 7 In 1 | Laundry Liquid 2 Litre | $7.25 per litre | QLD-METRO-201 1-24-308226,96.17,False,,https://caau.syd1.cdn.digitaloceanspaces.com/wp-content/uploads/catalogue/coles/coles-catalogue-november-20-26-2024-qld-metro/10.jpg,https://www.catalogueau.com/coles/#catalogue=coles/coles-catalogue-november-20-26-2024-qld-metro/,save_was_arithmetic,displayed_price;save_was_arithmetic;unit_price,3,verified
Coles,QLD METRO,"Coles Catalogue November 20 - 26, 2024 QLD METRO",2024-11-20,2024-11-27,10,Vanish Napisan Oxi Action Gold Pro Stain Remover 2kg,18.0,36.0,18.0,50.0,half_price,2kg,$9.00 per kg,SAVES18 | ‘WAS$36 | Vanish Napisan Oxi Action | Gold Pro Stain Remover 2kg | $9.00 per kg | 10,94.66,False,,https://caau.syd1.cdn.digitaloceanspaces.com/wp-content/uploads/catalogue/coles/coles-catalogue-november-20-26-2024-qld-metro/10.jpg,https://www.catalogueau.com/coles/#catalogue=coles/coles-catalogue-november-20-26-2024-qld-metro/,save_was_arithmetic,displayed_price;save_was_arithmetic;unit_price,3,verified
Coles,QLD METRO,"Coles Catalogue November 20 - 26, 2024 QLD METRO",2024-11-20,2024-11-27,10,Finish Ultimate Plus Dishwashing Tablets 64 Pack,34.0,68.0,34.0,50.0,half_price,64 Pack,$0.53 per each,WASS68 | WASS68 | Finish Ultimate Plus | Dishwashing Tablets 64 Pack | $0.53 per each,96.51,True,inferred_price_requires_review,https://caau.syd1.cdn.digitaloceanspaces.com/wp-content/uploads/catalogue/coles/coles-catalogue-november-20-26-2024-qld-metro/10.jpg,https://www.catalogueau.com/coles/#catalogue=coles/coles-catalogue-november-20-26-2024-qld-metro/,displayed_price,displayed_price;page_discount,1,review
Coles,QLD METRO,"Coles Catalogue November 20 - 26, 2024 QLD METRO",2024-11-20,2024-11-27,12,Nestlé Quality Street Gift Box 500g,17.0,34.0,17.0,50.0,half_price,500g,$3.40 per 100g,WASS34 | WASS34 | Nestlé Quality Street | Gift Box 500g $3.40 per 100g | a,95.8,False,,https://caau.syd1.cdn.digitaloceanspaces.com/wp-content/uploads/catalogue/coles/coles-catalogue-november-20-26-2024-qld-metro/12.jpg,https://www.catalogueau.com/coles/#catalogue=coles/coles-catalogue-november-20-26-2024-qld-metro/,displayed_price,displayed_price;page_discount;unit_price,2,verified
Coles,QLD METRO,"Coles Catalogue November 20 - 26, 2024 QLD METRO",2024-11-20,2024-11-27,12,Cadbury Favourites 520g,11.0,22.0,11.0,50.0,half_price,520g,$2.12 per 100g,WAS$22 | WAS$22 | Cadbury Favourites 520g | $2.12 per 100g. 2nd week on sale | ty),95.89,False,,https://caau.syd1.cdn.digitaloceanspaces.com/wp-content/uploads/catalogue/coles/coles-catalogue-november-20-26-2024-qld-metro/12.jpg,https://www.catalogueau.com/coles/#catalogue=coles/coles-catalogue-november-20-26-2024-qld-metro/,displayed_price,displayed_price;page_discount;unit_price,2,verified
Coles,QLD METRO,"Coles Catalogue November 20 - 26, 2024 QLD METRO",2024-11-20,2024-11-27,12,py a is shaececes,3.0,6.0,3.0,50.0,half_price,,,WASS6 | WASS6 | py a | is shaececes | Cadbury Christmas Sh | 144g-175g 2nd week on sale. | While stocks last. No rainchecks,25.22,True,low_ocr_confidence;low_name_confidence_strict;inferred_price_requires_review,https://caau.syd1.cdn.digitaloceanspaces.com/wp-content/uploads/catalogue/coles/coles-catalogue-november-20-26-2024-qld-metro/12.jpg,https://www.catalogueau.com/coles/#catalogue=coles/coles-catalogue-november-20-26-2024-qld-metro/,page_discount_inference,page_discount,0,review
Coles,QLD METRO,"Coles Catalogue November 20 - 26, 2024 QLD METRO",2024-11-20,2024-11-27,12,Mars M&Ms Sharebag Red & Green 165g,4.2,6.0,1.8,30.0,save_amount,165g,$2.55 per 100g,WASS6 | WASS6 | Mars M&Ms Sharebag Red & Green 165g | $2.55 per 100g. 2nd week on scale. | While stocks last. No rainchecks,79.0,True,low_name_confidence_strict;single_price_evidence,https://caau.syd1.cdn.digitaloceanspaces.com/wp-content/uploads/catalogue/coles/coles-catalogue-november-20-26-2024-qld-metro/12.jpg,https://www.catalogueau.com/coles/#catalogue=coles/coles-catalogue-november-20-26-2024-qld-metro/,unit_price,unit_price,1,review
Coles,QLD METRO,"Coles Catalogue November 20 - 26, 2024 QLD METRO",2024-11-20,2024-11-27,12,Coles Finest Fruit Mince it Mince’,4.0,,,,special,,$4.44 per 100g,Coles Finest Fruit Mince | it Mince’ | Pie Milk Chocolate Block | 90g $4.44 per 100g. While | stocks last. No rainchecks. | *See page 39 for T&Cs,79.0,True,offer_labels_missing;save_amount_missing;regular_price_missing;low_name_confidence_strict;single_price_evidence,https://caau.syd1.cdn.digitaloceanspaces.com/wp-content/uploads/catalogue/coles/coles-catalogue-november-20-26-2024-qld-metro/12.jpg,https://www.catalogueau.com/coles/#catalogue=coles/coles-catalogue-november-20-26-2024-qld-metro/,displayed_price,displayed_price,1,review
Coles,QLD METRO,"Coles Catalogue November 20 - 26, 2024 QLD METRO",2024-11-20,2024-11-27,12,Walkers Shortbread Festive Shapes 175g,6.0,,,,special,175g,$3.43 per 100g,Walkers Shortbread Festive Shapes | 175g $3.43 per 100g. | While stocks last. No rainchecks | ide,96.52,False,,https://caau.syd1.cdn.digitaloceanspaces.com/wp-content/uploads/catalogue/coles/coles-catalogue-november-20-26-2024-qld-metro/12.jpg,https://www.catalogueau.com/coles/#catalogue=coles/coles-catalogue-november-20-26-2024-qld-metro/,displayed_price,displayed_price;unit_price,2,verified
Coles,QLD METRO,"Coles Catalogue November 20 - 26, 2024 QLD METRO",2024-11-20,2024-11-27,12,py a Cadbury Christmas Sh 144g-175g 2nd week,4.0,6.0,2.0,33.33,save_amount,144g; 175g,,i} | py a | Cadbury Christmas Sh | 144g-175g 2nd week on sale. | While stocks last. No rainchecks,75.54,True,offer_labels_missing;low_name_confidence_strict;single_price_evidence,https://caau.syd1.cdn.digitaloceanspaces.com/wp-content/uploads/catalogue/coles/coles-catalogue-november-20-26-2024-qld-metro/12.jpg,https://www.catalogueau.com/coles/#catalogue=coles/coles-catalogue-november-20-26-2024-qld-metro/,displayed_price,displayed_price,1,review
Coles,QLD METRO,"Coles Catalogue November 20 - 26, 2024 QLD METRO",2024-11-20,2024-11-27,12,Cadbury Dairy Milk Heritage Tin 500g,15.0,,,,special,500g,$3.00 per 100g,Cadbury Dairy Milk Heritage Tin | 500g $3.00 per 100g,96.27,False,,https://caau.syd1.cdn.digitaloceanspaces.com/wp-content/uploads/catalogue/coles/coles-catalogue-november-20-26-2024-qld-metro/12.jpg,https://www.catalogueau.com/coles/#catalogue=coles/coles-catalogue-november-20-26-2024-qld-metro/,displayed_price,displayed_price;unit_price,2,verified
Coles,QLD METRO,"Coles Catalogue November 20 - 26, 2024 QLD METRO",2024-11-20,2024-11-27,12,Cadbury Favourites Games Tin 600g,17.0,,,,special,600g,$2.83 per 100g,Cadbury Favourites Games Tin | 600g $2.83 per 100g,91.42,False,,https://caau.syd1.cdn.digitaloceanspaces.com/wp-content/uploads/catalogue/coles/coles-catalogue-november-20-26-2024-qld-metro/12.jpg,https://www.catalogueau.com/coles/#catalogue=coles/coles-catalogue-november-20-26-2024-qld-metro/,displayed_price,displayed_price;unit_price,2,verified
Coles,QLD METRO,"Coles Catalogue November 20 - 26, 2024 QLD METRO",2024-11-20,2024-11-27,13,"Coles Christmas Toffee, Date & Ginger Pudding 100g",3.5,,,,special,100g,$3.50 per 100g,"Coles Christmas Toffee, | Date & Ginger Pudding 100g | $3.50 per 100g",95.97,True,single_price_evidence,https://caau.syd1.cdn.digitaloceanspaces.com/wp-content/uploads/catalogue/coles/coles-catalogue-november-20-26-2024-qld-metro/13.jpg,https://www.catalogueau.com/coles/#catalogue=coles/coles-catalogue-november-20-26-2024-qld-metro/,unit_price,unit_price,1,review
Coles,QLD METRO,"Coles Catalogue November 20 - 26, 2024 QLD METRO",2024-11-20,2024-11-27,13,Coles Christmas Lattice Fruit Mince Pies 6 Pack 360g,4.5,,,,special,6 Pack; 360g,$1.25 per 100g,Coles Christmas Lattice Fruit | Mince Pies 6 Pack 360g | $1.25 per 100g | $1.25,96.17,True,single_price_evidence,https://caau.syd1.cdn.digitaloceanspaces.com/wp-content/uploads/catalogue/coles/coles-catalogue-november-20-26-2024-qld-metro/13.jpg,https://www.catalogueau.com/coles/#catalogue=coles/coles-catalogue-november-20-26-2024-qld-metro/,unit_price,unit_price,1,review
Coles,QLD METRO,"Coles Catalogue November 20 - 26, 2024 QLD METRO",2024-11-20,2024-11-27,13,Coles Christmas Traditional Pudding Large 700g,5.5,,,,special,700g,$0.79 per 100g,Coles Christmas Traditional | Pudding Large 700g | $0.79 per 100g | Ie,79.0,True,low_name_confidence_strict,https://caau.syd1.cdn.digitaloceanspaces.com/wp-content/uploads/catalogue/coles/coles-catalogue-november-20-26-2024-qld-metro/13.jpg,https://www.catalogueau.com/coles/#catalogue=coles/coles-catalogue-november-20-26-2024-qld-metro/,displayed_price,displayed_price;unit_price,2,review
Coles,QLD METRO,"Coles Catalogue November 20 - 26, 2024 QLD METRO",2024-11-20,2024-11-27,13,Coles Christmas DIY Biscuit Kit 168g,7.0,,,,special,168g,$4.17 per 100g,Coles Christmas DIY Biscuit Kit | 168g $4.17 per 100g | QLD-METRO-201 1-24-308226,96.3,False,,https://caau.syd1.cdn.digitaloceanspaces.com/wp-content/uploads/catalogue/coles/coles-catalogue-november-20-26-2024-qld-metro/13.jpg,https://www.catalogueau.com/coles/#catalogue=coles/coles-catalogue-november-20-26-2024-qld-metro/,displayed_price,displayed_price;unit_price,2,verified
Coles,QLD METRO,"Coles Catalogue November 20 - 26, 2024 QLD METRO",2024-11-20,2024-11-27,13,Baroni Panettone 750g,11.25,,,,special,750g,$1.50 per 100g,Baroni Panettone 750g | $1.50 per 100g | $1.50,93.38,True,single_price_evidence,https://caau.syd1.cdn.digitaloceanspaces.com/wp-content/uploads/catalogue/coles/coles-catalogue-november-20-26-2024-qld-metro/13.jpg,https://www.catalogueau.com/coles/#catalogue=coles/coles-catalogue-november-20-26-2024-qld-metro/,unit_price,unit_price,1,review
Coles,QLD METRO,"Coles Catalogue November 20 - 26, 2024 QLD METRO",2024-11-20,2024-11-27,13,Coles Finest Sicilian Lemon Sponge Pudding 600g,16.5,,,,special,600g,$2.75 per 100g,Coles Finest Sicilian Lemon Sponge | Pudding 600g $2.75 per 100g. | *See page 39 for T&Cs,96.22,False,,https://caau.syd1.cdn.digitaloceanspaces.com/wp-content/uploads/catalogue/coles/coles-catalogue-november-20-26-2024-qld-metro/13.jpg,https://www.catalogueau.com/coles/#catalogue=coles/coles-catalogue-november-20-26-2024-qld-metro/,displayed_price,displayed_price;unit_price,2,verified
Coles,QLD METRO,"Coles Catalogue November 20 - 26, 2024 QLD METRO",2024-11-20,2024-11-27,14,Tassal Smoked Salmon _ 100g,9.0,11.5,2.5,21.74,save_amount,100g,$90.00 per kg,WASS11.50 | WASS11.50 | Tassal Smoked Salmon | _ 100g $90.00 per kg,79.0,True,low_name_confidence_strict;single_price_evidence,https://caau.syd1.cdn.digitaloceanspaces.com/wp-content/uploads/catalogue/coles/coles-catalogue-november-20-26-2024-qld-metro/14.jpg,https://www.catalogueau.com/coles/#catalogue=coles/coles-catalogue-november-20-26-2024-qld-metro/,unit_price,unit_price,1,review
Coles,QLD METRO,"Coles Catalogue November 20 - 26, 2024 QLD METRO",2024-11-20,2024-11-27,14,Coles Australian MSC Thawed Raw Banana Prawn Cutlets,35.0,325.0,290.0,89.23,save_amount,,,WASS325 | WASS325 | Coles Australian MSC Thawed | Raw Banana Prawn Cutlets | x Selected stores only | a ~ | ae mM | re),93.79,True,single_price_evidence,https://caau.syd1.cdn.digitaloceanspaces.com/wp-content/uploads/catalogue/coles/coles-catalogue-november-20-26-2024-qld-metro/14.jpg,https://www.catalogueau.com/coles/#catalogue=coles/coles-catalogue-november-20-26-2024-qld-metro/,displayed_price,displayed_price,1,review
Coles,QLD METRO,"Coles Catalogue November 20 - 26, 2024 QLD METRO",2024-11-20,2024-11-27,14,Coles Tasmanian Salmon Salmon,3.6,4.0,0.4,10.0,save_amount,,,Coles Tasmanian Salmon | Salmon | Portions Skin Off 2nd week | on sale. Selected stores only* | vq | \,79.0,True,offer_labels_missing;low_name_confidence_strict;single_price_evidence,https://caau.syd1.cdn.digitaloceanspaces.com/wp-content/uploads/catalogue/coles/coles-catalogue-november-20-26-2024-qld-metro/14.jpg,https://www.catalogueau.com/coles/#catalogue=coles/coles-catalogue-november-20-26-2024-qld-metro/,unknown,,0,review
Coles,QLD METRO,"Coles Catalogue November 20 - 26, 2024 QLD METRO",2024-11-20,2024-11-27,14,Coles Thawed Cooked Peeled Prawn Cutlets,29.0,344.0,315.0,91.57,save_amount,,,"WAS $344, | WAS $344, | . | Coles Thawed Cooked | Peeled Prawn Cutlets | 2nd week on sale. | Selected stores only* | “RR",95.08,True,single_price_evidence,https://caau.syd1.cdn.digitaloceanspaces.com/wp-content/uploads/catalogue/coles/coles-catalogue-november-20-26-2024-qld-metro/14.jpg,https://www.catalogueau.com/coles/#catalogue=coles/coles-catalogue-november-20-26-2024-qld-metro/,displayed_price,displayed_price,1,review
Coles,QLD METRO,"Coles Catalogue November 20 - 26, 2024 QLD METRO",2024-11-20,2024-11-27,14,Coles Australian Thawed Cooked Extra Large,30.0,36.0,6.0,16.67,save_amount,,,WAS$36ig | WAS$36ig | Coles Australian Thawed | Cooked Extra Large | Black Tiger Prawns | Selected stores only*,96.2,True,single_price_evidence,https://caau.syd1.cdn.digitaloceanspaces.com/wp-content/uploads/catalogue/coles/coles-catalogue-november-20-26-2024-qld-metro/14.jpg,https://www.catalogueau.com/coles/#catalogue=coles/coles-catalogue-november-20-26-2024-qld-metro/,displayed_price,displayed_price,1,review
Coles,QLD METRO,"Coles Catalogue November 20 - 26, 2024 QLD METRO",2024-11-20,2024-11-27,15,Coles Beechwood Double Smoked Half Leg Ham Per serve based on 5kg bone in ham serving 27 people at,10.0,13.5,3.5,25.93,save_amount,5kg,,WASS13.50kq | WASS13.50kq | Coles Beechwood Double | Smoked Half Leg Ham | Per serve based on 5kg bone in | ham serving 27 people at $10kg | On sale for 2 weeks,95.5,True,single_price_evidence,https://caau.syd1.cdn.digitaloceanspaces.com/wp-content/uploads/catalogue/coles/coles-catalogue-november-20-26-2024-qld-metro/15.jpg,https://www.catalogueau.com/coles/#catalogue=coles/coles-catalogue-november-20-26-2024-qld-metro/,displayed_price,displayed_price,1,review
Coles,QLD METRO,"Coles Catalogue November 20 - 26, 2024 QLD METRO",2024-11-20,2024-11-27,15,Coles Finest Free Range Triple Smoked Half Leg Ham Per serve based on 4kg bone in ham serving 20 people at,15.5,,,,special,4kg,,Coles Finest Free Range Triple | Smoked Half Leg Ham Per serve | based on 4kg bone in ham serving | 20 people at $15.50kg. | *See page 39 for T&Cs,94.31,True,offer_labels_missing;save_amount_missing;regular_price_missing;single_price_evidence,https://caau.syd1.cdn.digitaloceanspaces.com/wp-content/uploads/catalogue/coles/coles-catalogue-november-20-26-2024-qld-metro/15.jpg,https://www.catalogueau.com/coles/#catalogue=coles/coles-catalogue-november-20-26-2024-qld-metro/,displayed_price,displayed_price,1,review
Coles,QLD METRO,"Coles Catalogue November 20 - 26, 2024 QLD METRO",2024-11-20,2024-11-27,15,Coles Brown Sugar Glazed Easy Carve Ham,11.0,,,,special,,,Coles Brown Sugar Glazed Easy | Carve Ham,96.3,True,offer_labels_missing;save_amount_missing;regular_price_missing;single_price_evidence,https://caau.syd1.cdn.digitaloceanspaces.com/wp-content/uploads/catalogue/coles/coles-catalogue-november-20-26-2024-qld-metro/15.jpg,https://www.catalogueau.com/coles/#catalogue=coles/coles-catalogue-november-20-26-2024-qld-metro/,displayed_price,displayed_price,1,review
Coles,QLD METRO,"Coles Catalogue November 20 - 26, 2024 QLD METRO",2024-11-20,2024-11-27,15,Coles Crackling Ham Boneless Leg Per serve based on 1.7k,323.0,,,,special,,,Coles Crackling Ham Boneless Leg | Per serve based on 1.7k | 5S | serving 12 people at $23kg | kg | QLD-METRO-201 1-24-308226,95.65,True,offer_labels_missing;save_amount_missing;regular_price_missing;single_price_evidence,https://caau.syd1.cdn.digitaloceanspaces.com/wp-content/uploads/catalogue/coles/coles-catalogue-november-20-26-2024-qld-metro/15.jpg,https://www.catalogueau.com/coles/#catalogue=coles/coles-catalogue-november-20-26-2024-qld-metro/,displayed_price,displayed_price,1,review
Coles,QLD METRO,"Coles Catalogue November 20 - 26, 2024 QLD METRO",2024-11-20,2024-11-27,15,Bertocchi Brothers Ham on Bone Quarters,14.0,,,,special,,,Bertocchi Brothers Ham on | Bone Quarters,95.13,True,offer_labels_missing;save_amount_missing;regular_price_missing;single_price_evidence,https://caau.syd1.cdn.digitaloceanspaces.com/wp-content/uploads/catalogue/coles/coles-catalogue-november-20-26-2024-qld-metro/15.jpg,https://www.catalogueau.com/coles/#catalogue=coles/coles-catalogue-november-20-26-2024-qld-metro/,displayed_price,displayed_price,1,review
Coles,QLD METRO,"Coles Catalogue November 20 - 26, 2024 QLD METRO",2024-11-20,2024-11-27,16,Coles Finest Sausages 450g-500g 2nd week,8.0,9.0,1.0,11.11,save_amount,450g; 500g,,WASS9 | WASS9 | Coles Finest Sausages 450g-500g | 2nd week on sale. | *See page 39 forT&Cs | |,95.07,True,single_price_evidence,https://caau.syd1.cdn.digitaloceanspaces.com/wp-content/uploads/catalogue/coles/coles-catalogue-november-20-26-2024-qld-metro/16.jpg,https://www.catalogueau.com/coles/#catalogue=coles/coles-catalogue-november-20-26-2024-qld-metro/,displayed_price,displayed_price,1,review
Coles,QLD METRO,"Coles Catalogue November 20 - 26, 2024 QLD METRO",2024-11-20,2024-11-27,16,Coles RSPCA Approved Chicken Southern Fried Portions 1.2kg,13.5,15.5,2.0,12.9,save_amount,1.2kg,$11.25 per kg,WASS15.50 | WASS15.50 | Coles RSPCA Approved Chicken | Southern Fried Portions 1.2kg | $11.25 per kg,95.45,False,,https://caau.syd1.cdn.digitaloceanspaces.com/wp-content/uploads/catalogue/coles/coles-catalogue-november-20-26-2024-qld-metro/16.jpg,https://www.catalogueau.com/coles/#catalogue=coles/coles-catalogue-november-20-26-2024-qld-metro/,displayed_price,displayed_price;unit_price,2,verified
Coles,QLD METRO,"Coles Catalogue November 20 - 26, 2024 QLD METRO",2024-11-20,2024-11-27,16,Coles Made Easy Slow Cooked Pork Belly Bites in BBQ Honey 500g,12.0,14.0,2.0,14.29,save_amount,500g,$24.00 per kg,WASS14 | WASS14 | Coles Made Easy Slow Cooked | Pork Belly Bites in BBQ Honey 500g | $24.00 per kg | QLD-METRO-201 1-24-308226,96.18,False,,https://caau.syd1.cdn.digitaloceanspaces.com/wp-content/uploads/catalogue/coles/coles-catalogue-november-20-26-2024-qld-metro/16.jpg,https://www.catalogueau.com/coles/#catalogue=coles/coles-catalogue-november-20-26-2024-qld-metro/,displayed_price,displayed_price;unit_price,2,verified
Coles,QLD METRO,"Coles Catalogue November 20 - 26, 2024 QLD METRO",2024-11-20,2024-11-27,16,Coles Made Easy Pork Sausage Rolls 550g,7.5,,,,special,550g,$13.64 per kg,Coles Made Easy Pork Sausage | Rolls 550g $13.64 per kg | SLOW COOKED,96.47,True,offer_labels_missing;save_amount_missing;regular_price_missing;inferred_price_requires_review,https://caau.syd1.cdn.digitaloceanspaces.com/wp-content/uploads/catalogue/coles/coles-catalogue-november-20-26-2024-qld-metro/16.jpg,https://www.catalogueau.com/coles/#catalogue=coles/coles-catalogue-november-20-26-2024-qld-metro/,unit_price,grid_inference;unit_price,1,review
Coles,QLD METRO,"Coles Catalogue November 20 - 26, 2024 QLD METRO",2024-11-20,2024-11-27,16,Coles Australian No Added Hormones Beef Quick Cook Scotch Fillet 170g or Porterhouse Steak 180g,15.0,,,,special,170g; 180g,,Coles Australian No Added | Hormones Beef Quick Cook | Scotch Fillet 170g or Porterhouse | Steak 180g,96.39,True,offer_labels_missing;save_amount_missing;regular_price_missing;single_price_evidence,https://caau.syd1.cdn.digitaloceanspaces.com/wp-content/uploads/catalogue/coles/coles-catalogue-november-20-26-2024-qld-metro/16.jpg,https://www.catalogueau.com/coles/#catalogue=coles/coles-catalogue-november-20-26-2024-qld-metro/,displayed_price,displayed_price,1,review
Coles,QLD METRO,"Coles Catalogue November 20 - 26, 2024 QLD METRO",2024-11-20,2024-11-27,16,Coles Classic Burgers or Beef or Lamb Kebabs 400g-500g,15.0,,,,special,400g; 500g,,Coles Classic Burgers or | Beef or Lamb Kebabs 400g-500g | 2nd week on sale,95.28,True,offer_labels_missing;save_amount_missing;regular_price_missing;single_price_evidence,https://caau.syd1.cdn.digitaloceanspaces.com/wp-content/uploads/catalogue/coles/coles-catalogue-november-20-26-2024-qld-metro/16.jpg,https://www.catalogueau.com/coles/#catalogue=coles/coles-catalogue-november-20-26-2024-qld-metro/,displayed_price,displayed_price,1,review
Coles,QLD METRO,"Coles Catalogue November 20 - 26, 2024 QLD METRO",2024-11-20,2024-11-27,17,Coles Finest Rainbow Carrots with Maple Glaze 500g,6.0,,,,special,500g,$12.00 per kg,Coles Finest Rainbow Carrots with | Maple Glaze 500g $12.00 per kg | —,96.51,False,,https://caau.syd1.cdn.digitaloceanspaces.com/wp-content/uploads/catalogue/coles/coles-catalogue-november-20-26-2024-qld-metro/17.jpg,https://www.catalogueau.com/coles/#catalogue=coles/coles-catalogue-november-20-26-2024-qld-metro/,displayed_price,displayed_price;unit_price,2,verified
Coles,QLD METRO,"Coles Catalogue November 20 - 26, 2024 QLD METRO",2024-11-20,2024-11-27,17,"Coles Finest Lime, Berry & ‘Coconut Layer Sorbet Tree 345g",20.0,,,,special,345g,$5.80 per 100g,"Coles Finest Lime, Berry & | ‘Coconut Layer Sorbet Tree 345g | $5.80 per 100g",93.04,False,,https://caau.syd1.cdn.digitaloceanspaces.com/wp-content/uploads/catalogue/coles/coles-catalogue-november-20-26-2024-qld-metro/17.jpg,https://www.catalogueau.com/coles/#catalogue=coles/coles-catalogue-november-20-26-2024-qld-metro/,displayed_price,displayed_price;unit_price,2,verified
Coles,QLD METRO,"Coles Catalogue November 20 - 26, 2024 QLD METRO",2024-11-20,2024-11-27,17,Coles Christmas Frozen Asian Style Salmon Side 700g,26.0,,,,special,700g,$37.14 per kg,Coles Christmas Frozen | Asian Style Salmon Side 700g | $37.14 per kg,96.45,False,,https://caau.syd1.cdn.digitaloceanspaces.com/wp-content/uploads/catalogue/coles/coles-catalogue-november-20-26-2024-qld-metro/17.jpg,https://www.catalogueau.com/coles/#catalogue=coles/coles-catalogue-november-20-26-2024-qld-metro/,displayed_price,displayed_price;unit_price,2,verified
Coles,QLD METRO,"Coles Catalogue November 20 - 26, 2024 QLD METRO",2024-11-20,2024-11-27,17,Coles Christmas Tree Sticks Vanilla 4 Pack 360mL,6.0,,,,special,4 Pack; 360mL,$1.67 per 100mL,Coles Christmas Tree Sticks | Vanilla 4 Pack 360mL | $1.67 per 100mL | QLD-METRO-201 1-24-308226,92.32,False,,https://caau.syd1.cdn.digitaloceanspaces.com/wp-content/uploads/catalogue/coles/coles-catalogue-november-20-26-2024-qld-metro/17.jpg,https://www.catalogueau.com/coles/#catalogue=coles/coles-catalogue-november-20-26-2024-qld-metro/,displayed_price,displayed_price;unit_price,2,verified
Coles,QLD METRO,"Coles Catalogue November 20 - 26, 2024 QLD METRO",2024-11-20,2024-11-27,17,Coles Kitchen Frozen Sesame Torpedo Prawns 160g,15.0,,,,special,160g,$3.13 per 100g,Coles Kitchen Frozen Sesame | Torpedo Prawns 160g | $3.13 per 100g,96.25,True,offer_labels_missing;save_amount_missing;regular_price_missing;unit_price_conflict;single_price_evidence,https://caau.syd1.cdn.digitaloceanspaces.com/wp-content/uploads/catalogue/coles/coles-catalogue-november-20-26-2024-qld-metro/17.jpg,https://www.catalogueau.com/coles/#catalogue=coles/coles-catalogue-november-20-26-2024-qld-metro/,displayed_price,displayed_price,1,review
Coles,QLD METRO,"Coles Catalogue November 20 - 26, 2024 QLD METRO",2024-11-20,2024-11-27,17,Coles Kitchen Frozen Sesame Prawn Toast 162g,15.0,,,,special,162g,$3.09 per 100g,Coles Kitchen Frozen Sesame | Prawn Toast 162g $3.09 per 100g,96.46,True,offer_labels_missing;save_amount_missing;regular_price_missing;unit_price_conflict;single_price_evidence,https://caau.syd1.cdn.digitaloceanspaces.com/wp-content/uploads/catalogue/coles/coles-catalogue-november-20-26-2024-qld-metro/17.jpg,https://www.catalogueau.com/coles/#catalogue=coles/coles-catalogue-november-20-26-2024-qld-metro/,displayed_price,displayed_price,1,review
Coles,QLD METRO,"Coles Catalogue November 20 - 26, 2024 QLD METRO",2024-11-20,2024-11-27,18,i A. Coles Bottle Bag,4.0,,,,special,,,i | A. Coles Bottle Bag $2ea,85.97,True,offer_labels_missing;save_amount_missing;regular_price_missing;single_price_evidence,https://caau.syd1.cdn.digitaloceanspaces.com/wp-content/uploads/catalogue/coles/coles-catalogue-november-20-26-2024-qld-metro/18.jpg,https://www.catalogueau.com/coles/#catalogue=coles/coles-catalogue-november-20-26-2024-qld-metro/,displayed_price,displayed_price,1,review
Coles,QLD METRO,"Coles Catalogue November 20 - 26, 2024 QLD METRO",2024-11-20,2024-11-27,19,Christmas Dog Ornament <1 Each,4.0,6.0,2.0,33.33,save_amount,,,"WASS6 | WASS6 | Christmas Dog Ornament | <1 Each | ""y | 1"" | ke | %",80.61,True,single_price_evidence,https://caau.syd1.cdn.digitaloceanspaces.com/wp-content/uploads/catalogue/coles/coles-catalogue-november-20-26-2024-qld-metro/19.jpg,https://www.catalogueau.com/coles/#catalogue=coles/coles-catalogue-november-20-26-2024-qld-metro/,displayed_price,displayed_price,1,review
Coles,QLD METRO,"Coles Catalogue November 20 - 26, 2024 QLD METRO",2024-11-20,2024-11-27,19,"Christmas Tinsel Red, Gold or Silver",0.8,1.0,0.2,20.0,save_amount,,,"Christmas Tinsel | Red, Gold or Silver | 3 Metres Be | é | gi | |",95.53,True,offer_labels_missing;single_price_evidence,https://caau.syd1.cdn.digitaloceanspaces.com/wp-content/uploads/catalogue/coles/coles-catalogue-november-20-26-2024-qld-metro/19.jpg,https://www.catalogueau.com/coles/#catalogue=coles/coles-catalogue-november-20-26-2024-qld-metro/,unknown,,0,review
Coles,QLD METRO,"Coles Catalogue November 20 - 26, 2024 QLD METRO",2024-11-20,2024-11-27,19,LED Solar Lights ights 100 Pack,9.6,12.0,2.4,20.0,save_amount,100 Pack,,WASS12 | WASS12 | LED Solar Lights | ights | 100 Pack | \e | os,79.0,True,low_name_confidence_strict;single_price_evidence,https://caau.syd1.cdn.digitaloceanspaces.com/wp-content/uploads/catalogue/coles/coles-catalogue-november-20-26-2024-qld-metro/19.jpg,https://www.catalogueau.com/coles/#catalogue=coles/coles-catalogue-november-20-26-2024-qld-metro/,displayed_price,displayed_price,1,review
Coles,QLD METRO,"Coles Catalogue November 20 - 26, 2024 QLD METRO",2024-11-20,2024-11-27,19,pow Samet,2.4,3.0,0.6,20.0,save_amount,,,WAS $3 | WAS $3 | pow | Samet | Christmas Tinsel | 3 Metres Multi-Coloured | Niele | . aS,9.58,True,low_ocr_confidence;low_name_confidence_strict;single_price_evidence,https://caau.syd1.cdn.digitaloceanspaces.com/wp-content/uploads/catalogue/coles/coles-catalogue-november-20-26-2024-qld-metro/19.jpg,https://www.catalogueau.com/coles/#catalogue=coles/coles-catalogue-november-20-26-2024-qld-metro/,displayed_price,displayed_price,1,review
Coles,QLD METRO,"Coles Catalogue November 20 - 26, 2024 QLD METRO",2024-11-20,2024-11-27,19,LED Solar Fairy Lights hts. 200 Pack,14.0,18.0,4.0,22.22,save_amount,200 Pack,,WASS18 | WASS18 | LED Solar Fairy Lights | hts. | 200 Pack | QLD-METRO-201 1-24-308226,79.0,True,low_name_confidence_strict;single_price_evidence,https://caau.syd1.cdn.digitaloceanspaces.com/wp-content/uploads/catalogue/coles/coles-catalogue-november-20-26-2024-qld-metro/19.jpg,https://www.catalogueau.com/coles/#catalogue=coles/coles-catalogue-november-20-26-2024-qld-metro/,displayed_price,displayed_price,1,review
Coles,QLD METRO,"Coles Catalogue November 20 - 26, 2024 QLD METRO",2024-11-20,2024-11-27,19,Low Voltage ‘LED Fairy Lights y,14.4,18.0,3.6,20.0,save_amount,,,WASSI8 | WASSI8 | Low Voltage ‘LED Fairy Lights | y | my | Low Voltage | LED Fait | ry Lights,79.0,True,low_name_confidence_strict;single_price_evidence,https://caau.syd1.cdn.digitaloceanspaces.com/wp-content/uploads/catalogue/coles/coles-catalogue-november-20-26-2024-qld-metro/19.jpg,https://www.catalogueau.com/coles/#catalogue=coles/coles-catalogue-november-20-26-2024-qld-metro/,displayed_price,displayed_price,1,review
Coles,QLD METRO,"Coles Catalogue November 20 - 26, 2024 QLD METRO",2024-11-20,2024-11-27,20,Australian Yellow or White Peaches QLD-METRO-201 1-24-308226,390.9,,,,special,,,Australian Yellow or White Peaches | QLD-METRO-201 1-24-308226,90.82,True,offer_labels_missing;save_amount_missing;regular_price_missing;single_price_evidence,https://caau.syd1.cdn.digitaloceanspaces.com/wp-content/uploads/catalogue/coles/coles-catalogue-november-20-26-2024-qld-metro/20.jpg,https://www.catalogueau.com/coles/#catalogue=coles/coles-catalogue-november-20-26-2024-qld-metro/,displayed_price,displayed_price,1,review
Coles,QLD METRO,"Coles Catalogue November 20 - 26, 2024 QLD METRO",2024-11-20,2024-11-27,21,"Coles Kitchen Potato, Egg & Bacon Salad 350g",5.5,6.5,1.0,15.38,save_amount,350g,$15.72 per kg,"WASS6.50 | WASS6.50 | Coles Kitchen Potato, Egg | & Bacon Salad 350g | $15.72 per kg",96.41,False,,https://caau.syd1.cdn.digitaloceanspaces.com/wp-content/uploads/catalogue/coles/coles-catalogue-november-20-26-2024-qld-metro/21.jpg,https://www.catalogueau.com/coles/#catalogue=coles/coles-catalogue-november-20-26-2024-qld-metro/,displayed_price,displayed_price;unit_price,2,verified
Coles,QLD METRO,"Coles Catalogue November 20 - 26, 2024 QLD METRO",2024-11-20,2024-11-27,21,"Coles Dry Roasted, Natural, Honey or Roasted & Salted Cashews 400g Pack",8.0,9.0,1.0,11.11,save_amount,400g,$20.00 per kg,"WASS9 | WASS9 | Coles Dry Roasted, Natural, Honey | or Roasted & Salted Cashews | 400g Pack $20.00 per kg",95.92,False,,https://caau.syd1.cdn.digitaloceanspaces.com/wp-content/uploads/catalogue/coles/coles-catalogue-november-20-26-2024-qld-metro/21.jpg,https://www.catalogueau.com/coles/#catalogue=coles/coles-catalogue-november-20-26-2024-qld-metro/,displayed_price,displayed_price;unit_price,2,verified
Coles,QLD METRO,"Coles Catalogue November 20 - 26, 2024 QLD METRO",2024-11-20,2024-11-27,21,Coles Australian Brushed Potatoes 2kg Bag,4.0,,,,special,2kg,$2.00 per kg,Coles Australian Brushed | Potatoes 2kg Bag $2.00 per kg,95.49,False,,https://caau.syd1.cdn.digitaloceanspaces.com/wp-content/uploads/catalogue/coles/coles-catalogue-november-20-26-2024-qld-metro/21.jpg,https://www.catalogueau.com/coles/#catalogue=coles/coles-catalogue-november-20-26-2024-qld-metro/,displayed_price,displayed_price;unit_price,2,verified
Coles,QLD METRO,"Coles Catalogue November 20 - 26, 2024 QLD METRO",2024-11-20,2024-11-27,21,Australian Blackberries 125g Punnet,3.0,,,,special,125g,$24.00 per kg,Australian Blackberries 125g Punnet | $24.00 per kg,95.15,False,,https://caau.syd1.cdn.digitaloceanspaces.com/wp-content/uploads/catalogue/coles/coles-catalogue-november-20-26-2024-qld-metro/21.jpg,https://www.catalogueau.com/coles/#catalogue=coles/coles-catalogue-november-20-26-2024-qld-metro/,displayed_price,displayed_price;unit_price,2,verified
Coles,QLD METRO,"Coles Catalogue November 20 - 26, 2024 QLD METRO",2024-11-20,2024-11-27,21,Coles Green Kiwifruit 8 Pack,490.9,,,,special,8 Pack,,Coles Green Kiwifruit 8 Pack | $0.49 per kiwifruit | a,94.13,True,offer_labels_missing;save_amount_missing;regular_price_missing;single_price_evidence,https://caau.syd1.cdn.digitaloceanspaces.com/wp-content/uploads/catalogue/coles/coles-catalogue-november-20-26-2024-qld-metro/21.jpg,https://www.catalogueau.com/coles/#catalogue=coles/coles-catalogue-november-20-26-2024-qld-metro/,displayed_price,displayed_price,1,review
Coles,QLD METRO,"Coles Catalogue November 20 - 26, 2024 QLD METRO",2024-11-20,2024-11-27,22,When you buy 2kg or more,9.0,12.0,3.0,25.0,save_amount,2kg,,SAVE $3kg | When you buy | 2kg or more | Coles RSPCA Approved Chicken | Breast Fillets Skin Off,96.06,True,single_price_evidence,https://caau.syd1.cdn.digitaloceanspaces.com/wp-content/uploads/catalogue/coles/coles-catalogue-november-20-26-2024-qld-metro/22.jpg,https://www.catalogueau.com/coles/#catalogue=coles/coles-catalogue-november-20-26-2024-qld-metro/,displayed_price,displayed_price,1,review
Coles,QLD METRO,"Coles Catalogue November 20 - 26, 2024 QLD METRO",2024-11-20,2024-11-27,22,Coles RSPCA Approved Chicken Drumsticks Selected stores only*,375.0,450.0,75.0,16.67,save_amount,,,SAVE 75 ‘ig | Coles RSPCA Approved Chicken | Drumsticks Selected stores only*,95.82,True,single_price_evidence,https://caau.syd1.cdn.digitaloceanspaces.com/wp-content/uploads/catalogue/coles/coles-catalogue-november-20-26-2024-qld-metro/22.jpg,https://www.catalogueau.com/coles/#catalogue=coles/coles-catalogue-november-20-26-2024-qld-metro/,displayed_price,displayed_price,1,review
Coles,QLD METRO,"Coles Catalogue November 20 - 26, 2024 QLD METRO",2024-11-20,2024-11-27,22,Coles RSPCA Approved Chicken Nibbles Honey Soy,7.0,9.0,2.0,22.22,save_amount,,,SAVE $2kg | Coles RSPCA Approved Chicken | Nibbles Honey Soy | Selected stores only*,96.32,True,single_price_evidence,https://caau.syd1.cdn.digitaloceanspaces.com/wp-content/uploads/catalogue/coles/coles-catalogue-november-20-26-2024-qld-metro/22.jpg,https://www.catalogueau.com/coles/#catalogue=coles/coles-catalogue-november-20-26-2024-qld-metro/,displayed_price,displayed_price,1,review
Coles,QLD METRO,"Coles Catalogue November 20 - 26, 2024 QLD METRO",2024-11-20,2024-11-27,22,“MADE! “MADE!,2.25,77.25,75.0,97.09,save_amount,,,SAVE 75‘ | “MADE! | “MADE! | Coles RSPCA Approved Chicken | ‘Crumbed Schnitzel | Selected stores only*,51.33,True,low_ocr_confidence;low_name_confidence_strict;single_price_evidence,https://caau.syd1.cdn.digitaloceanspaces.com/wp-content/uploads/catalogue/coles/coles-catalogue-november-20-26-2024-qld-metro/22.jpg,https://www.catalogueau.com/coles/#catalogue=coles/coles-catalogue-november-20-26-2024-qld-metro/,displayed_price,displayed_price,1,review
Coles,QLD METRO,"Coles Catalogue November 20 - 26, 2024 QLD METRO",2024-11-20,2024-11-27,22,“MADE! Coles RSPCA Approved Chicken,1.0,41.0,40.0,97.56,save_amount,,,SAVE 40° | “MADE! | Coles RSPCA Approved Chicken | Breast Kebab Honey Soy | Selected stores only*,67.57,True,low_name_confidence_strict;single_price_evidence,https://caau.syd1.cdn.digitaloceanspaces.com/wp-content/uploads/catalogue/coles/coles-catalogue-november-20-26-2024-qld-metro/22.jpg,https://www.catalogueau.com/coles/#catalogue=coles/coles-catalogue-november-20-26-2024-qld-metro/,displayed_price,displayed_price,1,review
Coles,QLD METRO,"Coles Catalogue November 20 - 26, 2024 QLD METRO",2024-11-20,2024-11-27,22,Coles RSPCA Approved Chicken ‘Crumbed Schnitzel,2.25,,,,special,,,Coles RSPCA Approved Chicken | ‘Crumbed Schnitzel | Selected stores only*,91.23,True,offer_labels_missing;save_amount_missing;regular_price_missing;single_price_evidence,https://caau.syd1.cdn.digitaloceanspaces.com/wp-content/uploads/catalogue/coles/coles-catalogue-november-20-26-2024-qld-metro/22.jpg,https://www.catalogueau.com/coles/#catalogue=coles/coles-catalogue-november-20-26-2024-qld-metro/,displayed_price,displayed_price,1,review
Coles,QLD METRO,"Coles Catalogue November 20 - 26, 2024 QLD METRO",2024-11-20,2024-11-27,23,Coles Australian No Added Hormones Stir Fry Beef 500g,10.0,,,,down_down,500g,$20.00 per kg,Coles Australian No Added Hormones | Stir Fry Beef 500g $20.00 per kg. | Product sold uncooked,96.19,False,,https://caau.syd1.cdn.digitaloceanspaces.com/wp-content/uploads/catalogue/coles/coles-catalogue-november-20-26-2024-qld-metro/23.jpg,https://www.catalogueau.com/coles/#catalogue=coles/coles-catalogue-november-20-26-2024-qld-metro/,displayed_price,displayed_price;unit_price,2,verified
Coles,QLD METRO,"Coles Catalogue November 20 - 26, 2024 QLD METRO",2024-11-20,2024-11-27,23,Coles RSPCA Approved Chicken Portions with BBQ Rub,7.0,,,,down_down,,,Coles RSPCA Approved | Chicken Portions with BBQ Rub,96.43,True,save_amount_missing;regular_price_missing;single_price_evidence,https://caau.syd1.cdn.digitaloceanspaces.com/wp-content/uploads/catalogue/coles/coles-catalogue-november-20-26-2024-qld-metro/23.jpg,https://www.catalogueau.com/coles/#catalogue=coles/coles-catalogue-november-20-26-2024-qld-metro/,displayed_price,displayed_price,1,review
Coles,QLD METRO,"Coles Catalogue November 20 - 26, 2024 QLD METRO",2024-11-20,2024-11-27,23,Coles Free Range RSPCA Approved Chicken Drumsticks,5.5,,,,down_down,,,Coles Free Range RSPCA | Approved Chicken Drumsticks | Large Pack,95.94,True,save_amount_missing;regular_price_missing;single_price_evidence,https://caau.syd1.cdn.digitaloceanspaces.com/wp-content/uploads/catalogue/coles/coles-catalogue-november-20-26-2024-qld-metro/23.jpg,https://www.catalogueau.com/coles/#catalogue=coles/coles-catalogue-november-20-26-2024-qld-metro/,displayed_price,displayed_price,1,review
Coles,QLD METRO,"Coles Catalogue November 20 - 26, 2024 QLD METRO",2024-11-20,2024-11-27,23,Coles Australian No Added Hormones Gravy Beef 800g,13.6,,,,down_down,800g,$17.00 per kg,Coles Australian No Added | Hormones Gravy Beef 800g | $17.00 per kg,96.1,False,,https://caau.syd1.cdn.digitaloceanspaces.com/wp-content/uploads/catalogue/coles/coles-catalogue-november-20-26-2024-qld-metro/23.jpg,https://www.catalogueau.com/coles/#catalogue=coles/coles-catalogue-november-20-26-2024-qld-metro/,displayed_price,displayed_price;unit_price,2,verified
Coles,QLD METRO,"Coles Catalogue November 20 - 26, 2024 QLD METRO",2024-11-20,2024-11-27,23,Coles Made Easy Slow Cooked Lamb Shoulder In Garlic Herb Sauce 550g,12.0,,,,down_down,550g,$21.82 per kg,Coles Made Easy Slow | Cooked Lamb Shoulder | In Garlic Herb Sauce 550g | $21.82 per kg,96.11,False,,https://caau.syd1.cdn.digitaloceanspaces.com/wp-content/uploads/catalogue/coles/coles-catalogue-november-20-26-2024-qld-metro/23.jpg,https://www.catalogueau.com/coles/#catalogue=coles/coles-catalogue-november-20-26-2024-qld-metro/,displayed_price,displayed_price;unit_price,2,verified
Coles,QLD METRO,"Coles Catalogue November 20 - 26, 2024 QLD METRO",2024-11-20,2024-11-27,23,Coles RSPCA Approved Chicken Kebabs Honey & Soy 375g,7.0,,,,down_down,375g,$18.67 per kg,Coles RSPCA Approved | Chicken Kebabs Honey & Soy | 375g $18.67 per kg,96.0,False,,https://caau.syd1.cdn.digitaloceanspaces.com/wp-content/uploads/catalogue/coles/coles-catalogue-november-20-26-2024-qld-metro/23.jpg,https://www.catalogueau.com/coles/#catalogue=coles/coles-catalogue-november-20-26-2024-qld-metro/,displayed_price,displayed_price;unit_price,2,verified
Coles,QLD METRO,"Coles Catalogue November 20 - 26, 2024 QLD METRO",2024-11-20,2024-11-27,23,Coles Made Easy Slow Cooked Beef Brisket 700g,14.5,,,,down_down,700g,$20.71 per kg,Coles Made Easy Slow | Cooked Beef Brisket 700g | $20.71 per kg,96.24,True,single_price_evidence,https://caau.syd1.cdn.digitaloceanspaces.com/wp-content/uploads/catalogue/coles/coles-catalogue-november-20-26-2024-qld-metro/23.jpg,https://www.catalogueau.com/coles/#catalogue=coles/coles-catalogue-november-20-26-2024-qld-metro/,unit_price,unit_price,1,review
Coles,QLD METRO,"Coles Catalogue November 20 - 26, 2024 QLD METRO",2024-11-20,2024-11-27,24,Don Premium Melosi Leg Ham Selected stores only*,26.0,32.5,6.5,20.0,save_amount,,,WAS$32.50ig | WAS$32.50ig | Don Premium Melosi Leg Ham | Selected stores only* | $280,94.39,True,single_price_evidence,https://caau.syd1.cdn.digitaloceanspaces.com/wp-content/uploads/catalogue/coles/coles-catalogue-november-20-26-2024-qld-metro/24.jpg,https://www.catalogueau.com/coles/#catalogue=coles/coles-catalogue-november-20-26-2024-qld-metro/,displayed_price,displayed_price,1,review
Coles,QLD METRO,"Coles Catalogue November 20 - 26, 2024 QLD METRO",2024-11-20,2024-11-27,24,Primo Ham Off The Bone Selected stores only*,28.0,35.15,7.15,20.34,save_amount,,,"WASS3515, | WASS3515, | Primo Ham Off The Bone | Selected stores only*",95.22,True,single_price_evidence,https://caau.syd1.cdn.digitaloceanspaces.com/wp-content/uploads/catalogue/coles/coles-catalogue-november-20-26-2024-qld-metro/24.jpg,https://www.catalogueau.com/coles/#catalogue=coles/coles-catalogue-november-20-26-2024-qld-metro/,displayed_price,displayed_price,1,review
Coles,QLD METRO,"Coles Catalogue November 20 - 26, 2024 QLD METRO",2024-11-20,2024-11-27,24,Bertocchi Soppressa Salami Selected stores only*,34.0,42.0,8.0,19.05,save_amount,,,— WASS42g | — WASS42g | Bertocchi Soppressa Salami | Selected stores only* | 75° | PER,93.63,True,single_price_evidence,https://caau.syd1.cdn.digitaloceanspaces.com/wp-content/uploads/catalogue/coles/coles-catalogue-november-20-26-2024-qld-metro/24.jpg,https://www.catalogueau.com/coles/#catalogue=coles/coles-catalogue-november-20-26-2024-qld-metro/,displayed_price,displayed_price,1,review
Coles,QLD METRO,"Coles Catalogue November 20 - 26, 2024 QLD METRO",2024-11-20,2024-11-27,24,Primo Cabanossi Selected stores only*,2.0,3.0,1.0,33.33,save_amount,,,WASS3 | WASS3 | Primo Cabanossi | Selected stores only*,93.59,True,single_price_evidence,https://caau.syd1.cdn.digitaloceanspaces.com/wp-content/uploads/catalogue/coles/coles-catalogue-november-20-26-2024-qld-metro/24.jpg,https://www.catalogueau.com/coles/#catalogue=coles/coles-catalogue-november-20-26-2024-qld-metro/,displayed_price,displayed_price,1,review
Coles,QLD METRO,"Coles Catalogue November 20 - 26, 2024 QLD METRO",2024-11-20,2024-11-27,24,Primo Cocktail Frankfurts Selected stores only*,7.9,9.5,1.6,16.84,save_amount,,,Primo Cocktail Frankfurts | Selected stores only* | We,93.95,True,offer_labels_missing;single_price_evidence,https://caau.syd1.cdn.digitaloceanspaces.com/wp-content/uploads/catalogue/coles/coles-catalogue-november-20-26-2024-qld-metro/24.jpg,https://www.catalogueau.com/coles/#catalogue=coles/coles-catalogue-november-20-26-2024-qld-metro/,unknown,,0,review
Coles,QLD METRO,"Coles Catalogue November 20 - 26, 2024 QLD METRO",2024-11-20,2024-11-27,24,Primo Short Cut Rindless Bacon Selected stores only*,17.0,21.0,4.0,19.05,save_amount,,,"WAS$21ig | WAS$21ig | Primo Short Cut Rindless Bacon | Selected stores only*. | 2nd week on sale | an | ""i ne",94.19,True,single_price_evidence,https://caau.syd1.cdn.digitaloceanspaces.com/wp-content/uploads/catalogue/coles/coles-catalogue-november-20-26-2024-qld-metro/24.jpg,https://www.catalogueau.com/coles/#catalogue=coles/coles-catalogue-november-20-26-2024-qld-metro/,displayed_price,displayed_price,1,review
Coles,QLD METRO,"Coles Catalogue November 20 - 26, 2024 QLD METRO",2024-11-20,2024-11-27,24,Hans Twiggy Sticks 500g,11.0,,,,special,500g,$22.00 per kg,Hans Twiggy Sticks 500g | $22.00 per kg. Selected stores only*,96.56,False,,https://caau.syd1.cdn.digitaloceanspaces.com/wp-content/uploads/catalogue/coles/coles-catalogue-november-20-26-2024-qld-metro/24.jpg,https://www.catalogueau.com/coles/#catalogue=coles/coles-catalogue-november-20-26-2024-qld-metro/,displayed_price,displayed_price;unit_price,2,verified
Coles,QLD METRO,"Coles Catalogue November 20 - 26, 2024 QLD METRO",2024-11-20,2024-11-27,24,QLD-METRO-201 1-24-308226,122.0,,,,special,,,QLD-METRO-201 1-24-308226,84.98,True,offer_labels_missing;save_amount_missing;regular_price_missing;single_price_evidence,https://caau.syd1.cdn.digitaloceanspaces.com/wp-content/uploads/catalogue/coles/coles-catalogue-november-20-26-2024-qld-metro/24.jpg,https://www.catalogueau.com/coles/#catalogue=coles/coles-catalogue-november-20-26-2024-qld-metro/,displayed_price,displayed_price,1,review
Coles,QLD METRO,"Coles Catalogue November 20 - 26, 2024 QLD METRO",2024-11-20,2024-11-27,25,Coles Finest Mini Tart Selection 10 Pack,13.0,15.0,2.0,13.33,save_amount,10 Pack,$4.19 per 100g,WASS15 | WASS15 | Coles Finest Mini Tart Selection | 10 Pack $4.19 per 100g. From the | Patisserie fridge. Selected stores | only. *See page 39 for T&Cs,95.75,True,single_price_evidence,https://caau.syd1.cdn.digitaloceanspaces.com/wp-content/uploads/catalogue/coles/coles-catalogue-november-20-26-2024-qld-metro/25.jpg,https://www.catalogueau.com/coles/#catalogue=coles/coles-catalogue-november-20-26-2024-qld-metro/,displayed_price,displayed_price,1,review
Coles,QLD METRO,"Coles Catalogue November 20 - 26, 2024 QLD METRO",2024-11-20,2024-11-27,25,Coles Bakery Iced Donuts 6 Pack,3.25,3.8,0.55,14.47,save_amount,6 Pack,$0.54 per each,WASS3.80_ | WASS3.80_ | Coles Bakery Iced Donuts 6 Pack | $0.54 per each. Selected stores only | SE Ys Better,96.58,True,single_price_evidence,https://caau.syd1.cdn.digitaloceanspaces.com/wp-content/uploads/catalogue/coles/coles-catalogue-november-20-26-2024-qld-metro/25.jpg,https://www.catalogueau.com/coles/#catalogue=coles/coles-catalogue-november-20-26-2024-qld-metro/,unit_price,unit_price,1,review
Coles,QLD METRO,"Coles Catalogue November 20 - 26, 2024 QLD METRO",2024-11-20,2024-11-27,25,Coles Bakery Continental Rolls 3 Pack or 4 Pack,3.25,3.75,0.5,13.33,save_amount,3 Pack; 4 Pack,,Coles Bakery Continental | Rolls 3 Pack or 4 Pack | Selected stores only,96.42,True,offer_labels_missing;single_price_evidence,https://caau.syd1.cdn.digitaloceanspaces.com/wp-content/uploads/catalogue/coles/coles-catalogue-november-20-26-2024-qld-metro/25.jpg,https://www.catalogueau.com/coles/#catalogue=coles/coles-catalogue-november-20-26-2024-qld-metro/,unknown,,0,review
Coles,QLD METRO,"Coles Catalogue November 20 - 26, 2024 QLD METRO",2024-11-20,2024-11-27,25,Simson's Pantry Better For You Wraps 420g,4.5,6.5,2.0,30.77,save_amount,420g,$1.07 per 100g,WAS$6.50 | WAS$6.50 | Simson's Pantry Better For You | Wraps 420g $1.07 per 100g,95.61,False,,https://caau.syd1.cdn.digitaloceanspaces.com/wp-content/uploads/catalogue/coles/coles-catalogue-november-20-26-2024-qld-metro/25.jpg,https://www.catalogueau.com/coles/#catalogue=coles/coles-catalogue-november-20-26-2024-qld-metro/,displayed_price,displayed_price;unit_price,2,verified
Coles,QLD METRO,"Coles Catalogue November 20 - 26, 2024 QLD METRO",2024-11-20,2024-11-27,25,Coles Croissants 12 Pack 900g,11.0,12.0,1.0,8.33,save_amount,12 Pack; 900g,$1.22 per 100g,‘WASSI2 | ‘WASSI2 | Coles Croissants 12 Pack 900g | $1.22 per 100g | $1.22,96.14,True,single_price_evidence,https://caau.syd1.cdn.digitaloceanspaces.com/wp-content/uploads/catalogue/coles/coles-catalogue-november-20-26-2024-qld-metro/25.jpg,https://www.catalogueau.com/coles/#catalogue=coles/coles-catalogue-november-20-26-2024-qld-metro/,unit_price,unit_price,1,review
Coles,QLD METRO,"Coles Catalogue November 20 - 26, 2024 QLD METRO",2024-11-20,2024-11-27,25,Coles Christmas Gingerbread Shapes 400g,6.0,,,,special,400g,$1.50 per 100g,Coles Christmas Gingerbread | Shapes 400g $1.50 per 100g. | While stocks last. No rainchecks,96.31,False,,https://caau.syd1.cdn.digitaloceanspaces.com/wp-content/uploads/catalogue/coles/coles-catalogue-november-20-26-2024-qld-metro/25.jpg,https://www.catalogueau.com/coles/#catalogue=coles/coles-catalogue-november-20-26-2024-qld-metro/,displayed_price,displayed_price;unit_price,2,verified
Coles,QLD METRO,"Coles Catalogue November 20 - 26, 2024 QLD METRO",2024-11-20,2024-11-27,25,Meb Khobz 500g,3.6,,,,special,500g,$0.72 per 100g,Meb Khobz 500g | $0.72 per 100g,93.92,False,,https://caau.syd1.cdn.digitaloceanspaces.com/wp-content/uploads/catalogue/coles/coles-catalogue-november-20-26-2024-qld-metro/25.jpg,https://www.catalogueau.com/coles/#catalogue=coles/coles-catalogue-november-20-26-2024-qld-metro/,displayed_price,displayed_price;unit_price,2,verified
Coles,QLD METRO,"Coles Catalogue November 20 - 26, 2024 QLD METRO",2024-11-20,2024-11-27,25,Coles Jam Sponge Roll 400g,3.9,,,,special,400g,$0.98 per 100g,Coles Jam Sponge Roll 400g | $0.98 per 100g,96.23,False,,https://caau.syd1.cdn.digitaloceanspaces.com/wp-content/uploads/catalogue/coles/coles-catalogue-november-20-26-2024-qld-metro/25.jpg,https://www.catalogueau.com/coles/#catalogue=coles/coles-catalogue-november-20-26-2024-qld-metro/,displayed_price,displayed_price;unit_price,2,verified
Coles,QLD METRO,"Coles Catalogue November 20 - 26, 2024 QLD METRO",2024-11-20,2024-11-27,26,Coles Simply Smokey Flavoured Sandwich Slices 250g,3.5,,,,special,250g,$14.00 per kg,Coles Simply Smokey | Flavoured Sandwich Slices | 250g $14.00 per kg,96.52,True,single_price_evidence,https://caau.syd1.cdn.digitaloceanspaces.com/wp-content/uploads/catalogue/coles/coles-catalogue-november-20-26-2024-qld-metro/26.jpg,https://www.catalogueau.com/coles/#catalogue=coles/coles-catalogue-november-20-26-2024-qld-metro/,unit_price,unit_price,1,review
Coles,QLD METRO,"Coles Catalogue November 20 - 26, 2024 QLD METRO",2024-11-20,2024-11-27,27,Cheezels 110g-125g ee,1.75,3.5,1.75,50.0,half_price,110g; 125g,,SAVE‘1.75 | WASS3.50 | Cheezels 110g-125g | ee,65.65,True,low_name_confidence_strict,https://caau.syd1.cdn.digitaloceanspaces.com/wp-content/uploads/catalogue/coles/coles-catalogue-november-20-26-2024-qld-metro/27.jpg,https://www.catalogueau.com/coles/#catalogue=coles/coles-catalogue-november-20-26-2024-qld-metro/,save_was_arithmetic,displayed_price;save_was_arithmetic,2,review
Coles,QLD METRO,"Coles Catalogue November 20 - 26, 2024 QLD METRO",2024-11-20,2024-11-27,27,Smith's Crinkle Cut or Double Crunch Potato Chips 150g-170g,2.4,4.8,2.4,50.0,half_price,150g; 170g,,SAVES2.40 | WASS4.80 | Smith's Crinkle Cut or Double Crunch | Potato Chips 150g-170g | a,93.82,True,single_price_evidence,https://caau.syd1.cdn.digitaloceanspaces.com/wp-content/uploads/catalogue/coles/coles-catalogue-november-20-26-2024-qld-metro/27.jpg,https://www.catalogueau.com/coles/#catalogue=coles/coles-catalogue-november-20-26-2024-qld-metro/,save_was_arithmetic,save_was_arithmetic,1,review
Coles,QLD METRO,"Coles Catalogue November 20 - 26, 2024 QLD METRO",2024-11-20,2024-11-27,27,The Natural Confectionery Co. 130g-230g or Sour Patch 190g,3.0,5.0,2.0,40.0,save_amount,130g; 230g; 190g,,SAVES2 | WASS5 | The Natural Confectionery Co. | 130g-230g or Sour Patch 190g | 1288s | For ene | = Ey | PAV AS),95.51,False,,https://caau.syd1.cdn.digitaloceanspaces.com/wp-content/uploads/catalogue/coles/coles-catalogue-november-20-26-2024-qld-metro/27.jpg,https://www.catalogueau.com/coles/#catalogue=coles/coles-catalogue-november-20-26-2024-qld-metro/,save_was_arithmetic,displayed_price;save_was_arithmetic,2,verified
Coles,QLD METRO,"Coles Catalogue November 20 - 26, 2024 QLD METRO",2024-11-20,2024-11-27,27,Pascall Candy 180g-300g or Marshmallows 280g,3.0,5.0,2.0,40.0,save_amount,180g; 300g; 280g,,SAVES2 | WASS5 | Pascall Candy 180g-300g | or Marshmallows 280g | LOTS | SHARE | Milky,93.91,False,,https://caau.syd1.cdn.digitaloceanspaces.com/wp-content/uploads/catalogue/coles/coles-catalogue-november-20-26-2024-qld-metro/27.jpg,https://www.catalogueau.com/coles/#catalogue=coles/coles-catalogue-november-20-26-2024-qld-metro/,save_was_arithmetic,displayed_price;save_was_arithmetic,2,verified
Coles,QLD METRO,"Coles Catalogue November 20 - 26, 2024 QLD METRO",2024-11-20,2024-11-27,27,Mars Chocolate Fun Size 132g-192g or Skittles Fun Size 180g,20.0,21.8,1.8,8.26,save_amount,132g; 192g; 180g,,SAVE*1.80 | Mars Chocolate Fun Size | 132g-192g or Skittles Fun | Size 180g | QLD-METRO-201 1-24-308226,94.27,True,single_price_evidence,https://caau.syd1.cdn.digitaloceanspaces.com/wp-content/uploads/catalogue/coles/coles-catalogue-november-20-26-2024-qld-metro/27.jpg,https://www.catalogueau.com/coles/#catalogue=coles/coles-catalogue-november-20-26-2024-qld-metro/,displayed_price,displayed_price,1,review
Coles,QLD METRO,"Coles Catalogue November 20 - 26, 2024 QLD METRO",2024-11-20,2024-11-27,27,Nestlé Chocolate Fun Pack 127g-158g,4.2,6.0,1.8,30.0,save_amount,127g; 158g,,SAVES1.80 | WASS6 | Nestlé Chocolate Fun | Pack 127g-158g | 27,93.85,True,single_price_evidence,https://caau.syd1.cdn.digitaloceanspaces.com/wp-content/uploads/catalogue/coles/coles-catalogue-november-20-26-2024-qld-metro/27.jpg,https://www.catalogueau.com/coles/#catalogue=coles/coles-catalogue-november-20-26-2024-qld-metro/,save_was_arithmetic,save_was_arithmetic,1,review
Coles,QLD METRO,"Coles Catalogue November 20 - 26, 2024 QLD METRO",2024-11-20,2024-11-27,27,Lindt Lindor Bag 121g-125g,14.0,20.0,6.0,30.0,save_amount,121g; 125g,,SAVE‘6 | Lindt Lindor Bag | 121g-125g,79.0,True,low_name_confidence_strict;single_price_evidence,https://caau.syd1.cdn.digitaloceanspaces.com/wp-content/uploads/catalogue/coles/coles-catalogue-november-20-26-2024-qld-metro/27.jpg,https://www.catalogueau.com/coles/#catalogue=coles/coles-catalogue-november-20-26-2024-qld-metro/,displayed_price,displayed_price,1,review
Coles,QLD METRO,"Coles Catalogue November 20 - 26, 2024 QLD METRO",2024-11-20,2024-11-27,27,Mr Beast Feastables 60g,4.0,,,,special,60g,$6.67 per 100g,Mr Beast Feastables 60g | $6.67 per 100g,93.54,False,,https://caau.syd1.cdn.digitaloceanspaces.com/wp-content/uploads/catalogue/coles/coles-catalogue-november-20-26-2024-qld-metro/27.jpg,https://www.catalogueau.com/coles/#catalogue=coles/coles-catalogue-november-20-26-2024-qld-metro/,displayed_price,displayed_price;unit_price,2,verified
Coles,QLD METRO,"Coles Catalogue November 20 - 26, 2024 QLD METRO",2024-11-20,2024-11-27,28,Arnott's Creams or Tina Wafer Biscuits 200g-250g,2.8,4.0,1.2,30.0,save_amount,200g; 250g,,WASS4 | WASS4 | a) | Arnott's Creams or Tina Wafer | Biscuits 200g-250g | ST | — | Gee,79.0,True,low_name_confidence_strict;single_price_evidence,https://caau.syd1.cdn.digitaloceanspaces.com/wp-content/uploads/catalogue/coles/coles-catalogue-november-20-26-2024-qld-metro/28.jpg,https://www.catalogueau.com/coles/#catalogue=coles/coles-catalogue-november-20-26-2024-qld-metro/,displayed_price,displayed_price,1,review
Coles,QLD METRO,"Coles Catalogue November 20 - 26, 2024 QLD METRO",2024-11-20,2024-11-27,28,Arnott's Scotch Finger or Choc Ripple Biscuits 250g,2.3,3.3,1.0,30.3,save_amount,250g,$0.92 per 100g,WASS3.30 | WASS3.30 | Arnott's Scotch Finger or | Choc Ripple Biscuits 250g | $0.92 per 100g,79.0,True,low_name_confidence_strict,https://caau.syd1.cdn.digitaloceanspaces.com/wp-content/uploads/catalogue/coles/coles-catalogue-november-20-26-2024-qld-metro/28.jpg,https://www.catalogueau.com/coles/#catalogue=coles/coles-catalogue-november-20-26-2024-qld-metro/,displayed_price,displayed_price;unit_price,2,review
Coles,QLD METRO,"Coles Catalogue November 20 - 26, 2024 QLD METRO",2024-11-20,2024-11-27,28,Armott's Tim Tam Deluxe Biscuits 175g,4.55,6.5,1.95,30.0,save_amount,175g,$2.60 per 100g,WAS$6.50 | WAS$6.50 | Armott's Tim Tam | Deluxe Biscuits 175g | $2.60 per 100g,79.0,True,low_name_confidence_strict;single_price_evidence,https://caau.syd1.cdn.digitaloceanspaces.com/wp-content/uploads/catalogue/coles/coles-catalogue-november-20-26-2024-qld-metro/28.jpg,https://www.catalogueau.com/coles/#catalogue=coles/coles-catalogue-november-20-26-2024-qld-metro/,unit_price,unit_price,1,review
Coles,QLD METRO,"Coles Catalogue November 20 - 26, 2024 QLD METRO",2024-11-20,2024-11-27,28,Arott's Gluten Free Tim Tam Original Biscuit 150g or Shapes BBQ Crackers 110g,3.7,5.5,1.8,32.73,save_amount,150g; 110g,,WASS5.50 | WASS5.50 | Arott's Gluten Free Tim Tam | Original Biscuit 150g or Shapes | BBQ Crackers 110g | j,79.0,True,low_name_confidence_strict;single_price_evidence,https://caau.syd1.cdn.digitaloceanspaces.com/wp-content/uploads/catalogue/coles/coles-catalogue-november-20-26-2024-qld-metro/28.jpg,https://www.catalogueau.com/coles/#catalogue=coles/coles-catalogue-november-20-26-2024-qld-metro/,displayed_price,displayed_price,1,review
Coles,QLD METRO,"Coles Catalogue November 20 - 26, 2024 QLD METRO",2024-11-20,2024-11-27,28,Amott's Jatz or Clix Crackers 225g-250g,2.8,4.0,1.2,30.0,save_amount,225g; 250g,,WASS4 | WASS4 | Amott's Jatz or Clix Crackers | 225g-250g,88.16,True,single_price_evidence,https://caau.syd1.cdn.digitaloceanspaces.com/wp-content/uploads/catalogue/coles/coles-catalogue-november-20-26-2024-qld-metro/28.jpg,https://www.catalogueau.com/coles/#catalogue=coles/coles-catalogue-november-20-26-2024-qld-metro/,displayed_price,displayed_price,1,review
Coles,QLD METRO,"Coles Catalogue November 20 - 26, 2024 QLD METRO",2024-11-20,2024-11-27,28,Arnott's Snack Right Multipack Oaty Bites or Crispy Crackers 150g,3.0,6.0,3.0,50.0,half_price,150g,$2.00 per 100g,WASS6 | WASS6 | Arnott's Snack Right Multipack | Oaty Bites or Crispy Crackers | 150g $2.00 per 100g | ADVERTISER PROMOTION,91.82,False,,https://caau.syd1.cdn.digitaloceanspaces.com/wp-content/uploads/catalogue/coles/coles-catalogue-november-20-26-2024-qld-metro/28.jpg,https://www.catalogueau.com/coles/#catalogue=coles/coles-catalogue-november-20-26-2024-qld-metro/,displayed_price,displayed_price;unit_price,2,verified
Coles,QLD METRO,"Coles Catalogue November 20 - 26, 2024 QLD METRO",2024-11-20,2024-11-27,28,ARNOTT'S Exclusions apply t,30.0,,,,special,,,ARNOTT'S | Exclusions apply t,79.0,True,offer_labels_missing;save_amount_missing;regular_price_missing;low_name_confidence_strict;single_price_evidence,https://caau.syd1.cdn.digitaloceanspaces.com/wp-content/uploads/catalogue/coles/coles-catalogue-november-20-26-2024-qld-metro/28.jpg,https://www.catalogueau.com/coles/#catalogue=coles/coles-catalogue-november-20-26-2024-qld-metro/,displayed_price,displayed_price,1,review
Coles,QLD METRO,"Coles Catalogue November 20 - 26, 2024 QLD METRO",2024-11-20,2024-11-27,29,"Arnott's Cruskits, Salada or Vita-Weat Crispbreads 125g-250g",70.0,71.2,1.2,1.69,save_amount,125g; 250g,,"SAVE*1.20 | Arnott's Cruskits, Salada | or Vita-Weat Crispbreads | 125g-250g",91.76,True,single_price_evidence,https://caau.syd1.cdn.digitaloceanspaces.com/wp-content/uploads/catalogue/coles/coles-catalogue-november-20-26-2024-qld-metro/29.jpg,https://www.catalogueau.com/coles/#catalogue=coles/coles-catalogue-november-20-26-2024-qld-metro/,displayed_price,displayed_price,1,review
Coles,QLD METRO,"Coles Catalogue November 20 - 26, 2024 QLD METRO",2024-11-20,2024-11-27,29,Arnott's Milk Arrowroot or Marie Biscuits 250g,1.75,2.5,0.75,30.0,save_amount,250g,$0.70 per 100g,SAVE 75° | ‘WAS$2.50 | Arnott's Milk Arrowroot | or Marie Biscuits 250g | $0.70 per 100g | ARNO | oo) | 4,87.93,True,single_price_evidence,https://caau.syd1.cdn.digitaloceanspaces.com/wp-content/uploads/catalogue/coles/coles-catalogue-november-20-26-2024-qld-metro/29.jpg,https://www.catalogueau.com/coles/#catalogue=coles/coles-catalogue-november-20-26-2024-qld-metro/,unit_price,unit_price,1,review
Coles,QLD METRO,"Coles Catalogue November 20 - 26, 2024 QLD METRO",2024-11-20,2024-11-27,29,Arnott's Mint Slice or Chocolate Royals 200g,3.85,5.5,1.65,30.0,save_amount,200g,$1.93 per 100g,SAVE51.65 | WASS5.50 | Arnott's Mint Slice or | Chocolate Royals 200g | $1.93 per 100g,89.08,False,,https://caau.syd1.cdn.digitaloceanspaces.com/wp-content/uploads/catalogue/coles/coles-catalogue-november-20-26-2024-qld-metro/29.jpg,https://www.catalogueau.com/coles/#catalogue=coles/coles-catalogue-november-20-26-2024-qld-metro/,displayed_price,displayed_price;unit_price,2,verified
Coles,QLD METRO,"Coles Catalogue November 20 - 26, 2024 QLD METRO",2024-11-20,2024-11-27,29,Arnott's Multipack Shapes or Tiny Teddy Biscuits 200g,3.5,5.0,1.5,30.0,save_amount,200g,$1.75 per 100g,"SAVES1.50 | ‘WASS! | Arnott's Multipack Shapes or | Tiny Teddy Biscuits 200g | $1.75 per 100g | BICSHARE Bie""",79.0,True,low_name_confidence_strict,https://caau.syd1.cdn.digitaloceanspaces.com/wp-content/uploads/catalogue/coles/coles-catalogue-november-20-26-2024-qld-metro/29.jpg,https://www.catalogueau.com/coles/#catalogue=coles/coles-catalogue-november-20-26-2024-qld-metro/,displayed_price,displayed_price;unit_price,2,review
Coles,QLD METRO,"Coles Catalogue November 20 - 26, 2024 QLD METRO",2024-11-20,2024-11-27,29,Calbee Harvest Snaps Big Share Bag 230g,6.0,7.8,1.8,23.08,save_amount,230g,$2.61 per 100g,WAS $7.80 | WAS $7.80 | SEP 2024 | Calbee Harvest Snaps Big Share | Bag 230g $2.61 per 100g,95.91,False,,https://caau.syd1.cdn.digitaloceanspaces.com/wp-content/uploads/catalogue/coles/coles-catalogue-november-20-26-2024-qld-metro/29.jpg,https://www.catalogueau.com/coles/#catalogue=coles/coles-catalogue-november-20-26-2024-qld-metro/,displayed_price,displayed_price;unit_price,2,verified
Coles,QLD METRO,"Coles Catalogue November 20 - 26, 2024 QLD METRO",2024-11-20,2024-11-27,29,Doritos Corn Chips 150g-170g 2nd week,3.35,4.8,1.45,30.21,save_amount,150g; 170g,,"SAVE51.45 | WASS4.80 | Doritos Corn Chips 150g-170g | 2nd week on sale | Jey,",95.12,True,single_price_evidence,https://caau.syd1.cdn.digitaloceanspaces.com/wp-content/uploads/catalogue/coles/coles-catalogue-november-20-26-2024-qld-metro/29.jpg,https://www.catalogueau.com/coles/#catalogue=coles/coles-catalogue-november-20-26-2024-qld-metro/,displayed_price,displayed_price,1,review
Coles,QLD METRO,"Coles Catalogue November 20 - 26, 2024 QLD METRO",2024-11-20,2024-11-27,29,Red Rock Deli Potato Chips 150g-165g,4.4,6.3,1.9,30.16,save_amount,150g; 165g,,SAVE51.90 | WAS$6.30 | Red Rock Deli Potato Chips | 150g-165g | QLD-METRO-201 1-24-308226,93.15,True,single_price_evidence,https://caau.syd1.cdn.digitaloceanspaces.com/wp-content/uploads/catalogue/coles/coles-catalogue-november-20-26-2024-qld-metro/29.jpg,https://www.catalogueau.com/coles/#catalogue=coles/coles-catalogue-november-20-26-2024-qld-metro/,displayed_price,displayed_price,1,review
Coles,QLD METRO,"Coles Catalogue November 20 - 26, 2024 QLD METRO",2024-11-20,2024-11-27,29,Parkers Pretzels 6 Pack or Jumpy's Snacks 5 Pack,7.0,8.0,1.0,12.5,save_amount,6 Pack; 5 Pack,,SAVE 51 | Parkers Pretzels 6 Pack | or Jumpy's Snacks 5 Pack,93.2,True,single_price_evidence,https://caau.syd1.cdn.digitaloceanspaces.com/wp-content/uploads/catalogue/coles/coles-catalogue-november-20-26-2024-qld-metro/29.jpg,https://www.catalogueau.com/coles/#catalogue=coles/coles-catalogue-november-20-26-2024-qld-metro/,displayed_price,displayed_price,1,review
Coles,QLD METRO,"Coles Catalogue November 20 - 26, 2024 QLD METRO",2024-11-20,2024-11-27,29,Thins Potato Chips 150g-175g orThins Onion Rings 85g,3.5,,,,down_down,150g; 175g; 85g,,Thins Potato Chips 150g-175g | orThins Onion Rings 85g | a | es | eS | Nae»,94.49,True,save_amount_missing;regular_price_missing;single_price_evidence,https://caau.syd1.cdn.digitaloceanspaces.com/wp-content/uploads/catalogue/coles/coles-catalogue-november-20-26-2024-qld-metro/29.jpg,https://www.catalogueau.com/coles/#catalogue=coles/coles-catalogue-november-20-26-2024-qld-metro/,displayed_price,displayed_price,1,review
Coles,QLD METRO,"Coles Catalogue November 20 - 26, 2024 QLD METRO",2024-11-20,2024-11-27,30,Monster Energy Drink 4x500mL,9.1,15.2,6.1,40.13,save_amount,4x500mL,$4.55 per litre,WASS15.20 | WASS15.20 | Monster Energy Drink | 4x500mL $4.55 per litre | ™ | Pm | Kitchen Knife,94.94,True,single_price_evidence,https://caau.syd1.cdn.digitaloceanspaces.com/wp-content/uploads/catalogue/coles/coles-catalogue-november-20-26-2024-qld-metro/30.jpg,https://www.catalogueau.com/coles/#catalogue=coles/coles-catalogue-november-20-26-2024-qld-metro/,unit_price,unit_price,1,review
Coles,QLD METRO,"Coles Catalogue November 20 - 26, 2024 QLD METRO",2024-11-20,2024-11-27,30,Dash Sparkling Water 4x330mL,4.7,790.0,785.3,99.41,save_amount,4x330mL,$3.56 per litre,WAS$790 | WAS$790 | Dash Sparkling Water | 4x330mL $3.56 per litre | — | —,95.53,True,single_price_evidence,https://caau.syd1.cdn.digitaloceanspaces.com/wp-content/uploads/catalogue/coles/coles-catalogue-november-20-26-2024-qld-metro/30.jpg,https://www.catalogueau.com/coles/#catalogue=coles/coles-catalogue-november-20-26-2024-qld-metro/,unit_price,unit_price,1,review
Coles,QLD METRO,"Coles Catalogue November 20 - 26, 2024 QLD METRO",2024-11-20,2024-11-27,30,Coca-Cola Soft Drink 1.25 Litre,2.3,3.85,1.55,40.26,save_amount,1.25 Litre,$1.84 per litre,WASS3.85 | WASS3.85 | Coca-Cola Soft Drink 1.25 Litre | $1.84 per litre.*See page 39 for T&Cs | €. | S32 =,96.22,True,single_price_evidence,https://caau.syd1.cdn.digitaloceanspaces.com/wp-content/uploads/catalogue/coles/coles-catalogue-november-20-26-2024-qld-metro/30.jpg,https://www.catalogueau.com/coles/#catalogue=coles/coles-catalogue-november-20-26-2024-qld-metro/,unit_price,unit_price,1,review
Coles,QLD METRO,"Coles Catalogue November 20 - 26, 2024 QLD METRO",2024-11-20,2024-11-27,30,Coca-Cola Soft Drink 30x375mL,28.3,47.2,18.9,40.04,save_amount,30x375mL,$2.52 per litre,WAS$47.20 | WAS$47.20 | Coca-Cola Soft Drink 30x375mL | $2.52 per litre.*See page 39 for T&Cs,94.21,True,single_price_evidence,https://caau.syd1.cdn.digitaloceanspaces.com/wp-content/uploads/catalogue/coles/coles-catalogue-november-20-26-2024-qld-metro/30.jpg,https://www.catalogueau.com/coles/#catalogue=coles/coles-catalogue-november-20-26-2024-qld-metro/,displayed_price,displayed_price,1,review
Coles,QLD METRO,"Coles Catalogue November 20 - 26, 2024 QLD METRO",2024-11-20,2024-11-27,30,Frantelle Still Water 24x600mL,11.0,18.4,7.4,40.22,save_amount,24x600mL,$0.76 per litre,WASS18.40 | WASS18.40 | Frantelle Still Water 24x600mL | $0.76 per litre,93.2,True,single_price_evidence,https://caau.syd1.cdn.digitaloceanspaces.com/wp-content/uploads/catalogue/coles/coles-catalogue-november-20-26-2024-qld-metro/30.jpg,https://www.catalogueau.com/coles/#catalogue=coles/coles-catalogue-november-20-26-2024-qld-metro/,displayed_price,displayed_price,1,review
Coles,QLD METRO,"Coles Catalogue November 20 - 26, 2024 QLD METRO",2024-11-20,2024-11-27,30,"Schweppes Mixers, Soft Drink or Mineral Water 4x300mL",3.0,,,,special,4x300mL,$3.33 per litre,"Schweppes Mixers, Soft Drink or Mineral | Water 4x300mL $3.33 per litre | — | a | se",95.13,True,offer_labels_missing;save_amount_missing;regular_price_missing;unit_price_conflict;single_price_evidence,https://caau.syd1.cdn.digitaloceanspaces.com/wp-content/uploads/catalogue/coles/coles-catalogue-november-20-26-2024-qld-metro/30.jpg,https://www.catalogueau.com/coles/#catalogue=coles/coles-catalogue-november-20-26-2024-qld-metro/,displayed_price,displayed_price,1,review
Coles,QLD METRO,"Coles Catalogue November 20 - 26, 2024 QLD METRO",2024-11-20,2024-11-27,30,Monster Energy Drink 500mL,6.0,,,,special,500mL,$6.30 per litre,Monster Energy Drink 500mL | $6.30 per litre | q | a | v,93.57,True,offer_labels_missing;save_amount_missing;regular_price_missing;unit_price_conflict;single_price_evidence,https://caau.syd1.cdn.digitaloceanspaces.com/wp-content/uploads/catalogue/coles/coles-catalogue-november-20-26-2024-qld-metro/30.jpg,https://www.catalogueau.com/coles/#catalogue=coles/coles-catalogue-november-20-26-2024-qld-metro/,displayed_price,displayed_price,1,review
Coles,QLD METRO,"Coles Catalogue November 20 - 26, 2024 QLD METRO",2024-11-20,2024-11-27,30,Sodastream Gas Cylinder 60 Litre,36.0,,,,special,60 Litre,,Sodastream Gas Cylinder 60 Litre,94.76,True,offer_labels_missing;save_amount_missing;regular_price_missing;single_price_evidence,https://caau.syd1.cdn.digitaloceanspaces.com/wp-content/uploads/catalogue/coles/coles-catalogue-november-20-26-2024-qld-metro/30.jpg,https://www.catalogueau.com/coles/#catalogue=coles/coles-catalogue-november-20-26-2024-qld-metro/,displayed_price,displayed_price,1,review
Coles,QLD METRO,"Coles Catalogue November 20 - 26, 2024 QLD METRO",2024-11-20,2024-11-27,31,Hamper Canned Corned Beef 340g,6.0,8.2,2.2,26.83,save_amount,340g,$17.65 per kg,WAS$8.20 | WAS$8.20 | SEP 2024 | Hamper Canned Corned | Beef 340g $17.65 per kg,96.05,False,,https://caau.syd1.cdn.digitaloceanspaces.com/wp-content/uploads/catalogue/coles/coles-catalogue-november-20-26-2024-qld-metro/31.jpg,https://www.catalogueau.com/coles/#catalogue=coles/coles-catalogue-november-20-26-2024-qld-metro/,displayed_price,displayed_price;unit_price,2,verified
Coles,QLD METRO,"Coles Catalogue November 20 - 26, 2024 QLD METRO",2024-11-20,2024-11-27,31,OCT 2 Heinz Rigatoni or Tortellini Pasta Meal 350g,3.5,5.3,1.8,33.96,save_amount,350g,$1.00 per 100g,WAS$5.30 | WAS$5.30 | OCT 2 | Heinz Rigatoni or Tortellini | Pasta Meal 350g | 'g | $1.00 per 100g,79.0,True,low_name_confidence_strict,https://caau.syd1.cdn.digitaloceanspaces.com/wp-content/uploads/catalogue/coles/coles-catalogue-november-20-26-2024-qld-metro/31.jpg,https://www.catalogueau.com/coles/#catalogue=coles/coles-catalogue-november-20-26-2024-qld-metro/,displayed_price,displayed_price;unit_price,2,review
Coles,QLD METRO,"Coles Catalogue November 20 - 26, 2024 QLD METRO",2024-11-20,2024-11-27,31,Betty Crocker Chocolate Chunk Cookie Mix 485g or Triple,50.0,52.5,2.5,4.76,save_amount,485g,,SAVES2.50 | Betty Crocker Chocolate Chunk | Cookie Mix 485g or Triple | Chocolate Fudge Brownie | Mix 500g,95.32,True,single_price_evidence,https://caau.syd1.cdn.digitaloceanspaces.com/wp-content/uploads/catalogue/coles/coles-catalogue-november-20-26-2024-qld-metro/31.jpg,https://www.catalogueau.com/coles/#catalogue=coles/coles-catalogue-november-20-26-2024-qld-metro/,displayed_price,displayed_price,1,review
Coles,QLD METRO,"Coles Catalogue November 20 - 26, 2024 QLD METRO",2024-11-20,2024-11-27,31,Kellogg's Nutri Grain 290g or Coco Pops 375g,5.5,7.0,1.5,21.43,save_amount,290g; 375g,,SAVE 51.50 | WASS7 | Kellogg's Nutri Grain 290g or | Coco Pops 375g | =,96.4,False,,https://caau.syd1.cdn.digitaloceanspaces.com/wp-content/uploads/catalogue/coles/coles-catalogue-november-20-26-2024-qld-metro/31.jpg,https://www.catalogueau.com/coles/#catalogue=coles/coles-catalogue-november-20-26-2024-qld-metro/,save_was_arithmetic,displayed_price;save_was_arithmetic,2,verified
Coles,QLD METRO,"Coles Catalogue November 20 - 26, 2024 QLD METRO",2024-11-20,2024-11-27,31,Goulburn Valley Fruits in Juice 700g,4.0,5.0,1.0,20.0,save_amount,700g,$5.71 per kg,SAVES1 | WASS5 | Goulburn Valley Fruits in Juice | 700g $5.71 per kg | nee | nam’ | Garmé,95.38,False,,https://caau.syd1.cdn.digitaloceanspaces.com/wp-content/uploads/catalogue/coles/coles-catalogue-november-20-26-2024-qld-metro/31.jpg,https://www.catalogueau.com/coles/#catalogue=coles/coles-catalogue-november-20-26-2024-qld-metro/,save_was_arithmetic,save_was_arithmetic;unit_price,2,verified
Coles,QLD METRO,"Coles Catalogue November 20 - 26, 2024 QLD METRO",2024-11-20,2024-11-27,31,Carman's Protein Bars 150g-200g,5.5,750.0,744.5,99.27,save_amount,150g; 200g,,SAVES2 | ‘WAS$750 | Carman's Protein Bars | 150g-200g | QLD-METRO-201 1-24-308226,89.84,True,single_price_evidence,https://caau.syd1.cdn.digitaloceanspaces.com/wp-content/uploads/catalogue/coles/coles-catalogue-november-20-26-2024-qld-metro/31.jpg,https://www.catalogueau.com/coles/#catalogue=coles/coles-catalogue-november-20-26-2024-qld-metro/,displayed_price,displayed_price,1,review
Coles,QLD METRO,"Coles Catalogue November 20 - 26, 2024 QLD METRO",2024-11-20,2024-11-27,31,Milklab 1 Litre,4.4,5.5,1.1,20.0,save_amount,1 Litre,$4.40 per litre,SAVE*1.10 | WASS5.50 | Milklab 1 Litre | $4.40 per litre | 31,93.6,False,,https://caau.syd1.cdn.digitaloceanspaces.com/wp-content/uploads/catalogue/coles/coles-catalogue-november-20-26-2024-qld-metro/31.jpg,https://www.catalogueau.com/coles/#catalogue=coles/coles-catalogue-november-20-26-2024-qld-metro/,save_was_arithmetic,displayed_price;save_was_arithmetic;unit_price,3,verified
Coles,QLD METRO,"Coles Catalogue November 20 - 26, 2024 QLD METRO",2024-11-20,2024-11-27,31,Moccona Freeze Dried Instant Coffee 400g,22.5,32.5,10.0,30.77,save_amount,400g,$5.63 per 100g,SAVES10 | WAS$32.50 | Moccona Freeze Dried | Instant Coffee 400g | $5.63 per 100g,95.82,False,,https://caau.syd1.cdn.digitaloceanspaces.com/wp-content/uploads/catalogue/coles/coles-catalogue-november-20-26-2024-qld-metro/31.jpg,https://www.catalogueau.com/coles/#catalogue=coles/coles-catalogue-november-20-26-2024-qld-metro/,save_was_arithmetic,displayed_price;save_was_arithmetic;unit_price,3,verified
Coles,QLD METRO,"Coles Catalogue November 20 - 26, 2024 QLD METRO",2024-11-20,2024-11-27,31,Twinings Tea Bags 80 Pack-100 Pack,8.0,13.5,5.5,40.74,save_amount,80 Pack; 100 Pack,,SAVE‘5.50 | WASS13.50 | Twinings Tea Bags | 80 Pack-100 Pack | 31,94.67,False,,https://caau.syd1.cdn.digitaloceanspaces.com/wp-content/uploads/catalogue/coles/coles-catalogue-november-20-26-2024-qld-metro/31.jpg,https://www.catalogueau.com/coles/#catalogue=coles/coles-catalogue-november-20-26-2024-qld-metro/,save_was_arithmetic,displayed_price;save_was_arithmetic,2,verified
Coles,QLD METRO,"Coles Catalogue November 20 - 26, 2024 QLD METRO",2024-11-20,2024-11-27,31,Foster Clark's Custard 1 Litre,5.0,,,,down_down,1 Litre,$0.50 per 100mL,Foster Clark's Custard 1 Litre | $0.50 per 100mL,96.57,False,,https://caau.syd1.cdn.digitaloceanspaces.com/wp-content/uploads/catalogue/coles/coles-catalogue-november-20-26-2024-qld-metro/31.jpg,https://www.catalogueau.com/coles/#catalogue=coles/coles-catalogue-november-20-26-2024-qld-metro/,displayed_price,displayed_price;unit_price,2,verified
Coles,QLD METRO,"Coles Catalogue November 20 - 26, 2024 QLD METRO",2024-11-20,2024-11-27,32,Starbucks Nespresso Compatible Coffee Capsules 10 Pack,5.5,,,,special,10 Pack,$0.55 per each,Starbucks Nespresso Compatible | Coffee Capsules 10 Pack | $0.55 per each,96.47,True,single_price_evidence,https://caau.syd1.cdn.digitaloceanspaces.com/wp-content/uploads/catalogue/coles/coles-catalogue-november-20-26-2024-qld-metro/32.jpg,https://www.catalogueau.com/coles/#catalogue=coles/coles-catalogue-november-20-26-2024-qld-metro/,unit_price,unit_price,1,review
Coles,QLD METRO,"Coles Catalogue November 20 - 26, 2024 QLD METRO",2024-11-20,2024-11-27,32,Nestlé Sweetened Condensed Milk 395g-410g,3.0,,,,special,395g; 410g,,Nestlé Sweetened Condensed | Milk 395g-410g,93.7,True,offer_labels_missing;save_amount_missing;regular_price_missing;single_price_evidence,https://caau.syd1.cdn.digitaloceanspaces.com/wp-content/uploads/catalogue/coles/coles-catalogue-november-20-26-2024-qld-metro/32.jpg,https://www.catalogueau.com/coles/#catalogue=coles/coles-catalogue-november-20-26-2024-qld-metro/,displayed_price,displayed_price,1,review
Coles,QLD METRO,"Coles Catalogue November 20 - 26, 2024 QLD METRO",2024-11-20,2024-11-27,32,Noshu Indulgence Bars 150g-160g,6.2,,,,special,150g; 160g,,Noshu Indulgence Bars | 150g-160g,91.99,True,offer_labels_missing;save_amount_missing;regular_price_missing;single_price_evidence,https://caau.syd1.cdn.digitaloceanspaces.com/wp-content/uploads/catalogue/coles/coles-catalogue-november-20-26-2024-qld-metro/32.jpg,https://www.catalogueau.com/coles/#catalogue=coles/coles-catalogue-november-20-26-2024-qld-metro/,displayed_price,displayed_price,1,review
Coles,QLD METRO,"Coles Catalogue November 20 - 26, 2024 QLD METRO",2024-11-20,2024-11-27,32,Nescafé Coffee Sachets 8 Pack-10 Pack 2nd week,3.8,,,,special,8 Pack; 10 Pack,,Nescafé Coffee Sachets | 8 Pack-10 Pack 2nd week on sale | ADVERTISER PROMOTION | QLD-METRO-201 1-24-308226,94.11,True,offer_labels_missing;save_amount_missing;regular_price_missing;single_price_evidence,https://caau.syd1.cdn.digitaloceanspaces.com/wp-content/uploads/catalogue/coles/coles-catalogue-november-20-26-2024-qld-metro/32.jpg,https://www.catalogueau.com/coles/#catalogue=coles/coles-catalogue-november-20-26-2024-qld-metro/,displayed_price,displayed_price,1,review
Coles,QLD METRO,"Coles Catalogue November 20 - 26, 2024 QLD METRO",2024-11-20,2024-11-27,32,Nescafé Coffee Concentrate 500mL,5.5,,,,special,500mL,$11.00 per litre,Nescafé Coffee Concentrate | 500mL $11.00 per litre | 32,94.14,False,,https://caau.syd1.cdn.digitaloceanspaces.com/wp-content/uploads/catalogue/coles/coles-catalogue-november-20-26-2024-qld-metro/32.jpg,https://www.catalogueau.com/coles/#catalogue=coles/coles-catalogue-november-20-26-2024-qld-metro/,displayed_price,displayed_price;unit_price,2,verified
Coles,QLD METRO,"Coles Catalogue November 20 - 26, 2024 QLD METRO",2024-11-20,2024-11-27,33,Continental Pasta & Sauce 85g-105g,2.25,3.0,0.75,25.0,save_amount,85g; 105g,,WASS$3 | WASS$3 | Continental Pasta & Sauce | 85g-105g | = | - | = | i,93.55,True,single_price_evidence,https://caau.syd1.cdn.digitaloceanspaces.com/wp-content/uploads/catalogue/coles/coles-catalogue-november-20-26-2024-qld-metro/33.jpg,https://www.catalogueau.com/coles/#catalogue=coles/coles-catalogue-november-20-26-2024-qld-metro/,displayed_price,displayed_price,1,review
Coles,QLD METRO,"Coles Catalogue November 20 - 26, 2024 QLD METRO",2024-11-20,2024-11-27,33,John West Salmon Tempters 95g,2.6,3.3,0.7,21.21,save_amount,95g,$27.37 per kg,WAS$3.30 | WAS$3.30 | John West Salmon Tempters 95g | $27.37 per kg | oA | | . |,93.85,False,,https://caau.syd1.cdn.digitaloceanspaces.com/wp-content/uploads/catalogue/coles/coles-catalogue-november-20-26-2024-qld-metro/33.jpg,https://www.catalogueau.com/coles/#catalogue=coles/coles-catalogue-november-20-26-2024-qld-metro/,displayed_price,displayed_price;unit_price,2,verified
Coles,QLD METRO,"Coles Catalogue November 20 - 26, 2024 QLD METRO",2024-11-20,2024-11-27,33,Green's Traditional Baking Mix 350g-470g,3.0,3.8,0.8,21.05,save_amount,350g; 470g,,WAS$3.80 | WAS$3.80 | Green's Traditional Baking Mix | 350g-470g | ——— | =— | a | |,79.0,True,low_name_confidence_strict;single_price_evidence,https://caau.syd1.cdn.digitaloceanspaces.com/wp-content/uploads/catalogue/coles/coles-catalogue-november-20-26-2024-qld-metro/33.jpg,https://www.catalogueau.com/coles/#catalogue=coles/coles-catalogue-november-20-26-2024-qld-metro/,displayed_price,displayed_price,1,review
Coles,QLD METRO,"Coles Catalogue November 20 - 26, 2024 QLD METRO",2024-11-20,2024-11-27,33,Campbell's Country Ladle or Chunky Soup 495g-505g,3.3,4.5,1.2,26.67,save_amount,495g; 505g,,Campbell's Country Ladle | or Chunky Soup 495g-505g,94.78,True,offer_labels_missing;single_price_evidence,https://caau.syd1.cdn.digitaloceanspaces.com/wp-content/uploads/catalogue/coles/coles-catalogue-november-20-26-2024-qld-metro/33.jpg,https://www.catalogueau.com/coles/#catalogue=coles/coles-catalogue-november-20-26-2024-qld-metro/,unknown,,0,review
Coles,QLD METRO,"Coles Catalogue November 20 - 26, 2024 QLD METRO",2024-11-20,2024-11-27,33,Campbell's Real Stock 1 Litre,3.5,4.5,1.0,22.22,save_amount,1 Litre,$0.35 per 100mL,WASS4.50 | WASS4.50 | Campbell's Real Stock 1 Litre | $0.35 per 100mL | PASTANIGHT ?,96.11,True,single_price_evidence,https://caau.syd1.cdn.digitaloceanspaces.com/wp-content/uploads/catalogue/coles/coles-catalogue-november-20-26-2024-qld-metro/33.jpg,https://www.catalogueau.com/coles/#catalogue=coles/coles-catalogue-november-20-26-2024-qld-metro/,unit_price,unit_price,1,review
Coles,QLD METRO,"Coles Catalogue November 20 - 26, 2024 QLD METRO",2024-11-20,2024-11-27,33,Barilla Blue Box Pasta 500g,2.8,3.5,0.7,20.0,save_amount,500g,$0.56 per 100g,WASS3.50 | WASS3.50 | Barilla Blue Box Pasta | 500g $0.56 per 100g | 2nd week on sale | = | 7 E | on,96.36,True,single_price_evidence,https://caau.syd1.cdn.digitaloceanspaces.com/wp-content/uploads/catalogue/coles/coles-catalogue-november-20-26-2024-qld-metro/33.jpg,https://www.catalogueau.com/coles/#catalogue=coles/coles-catalogue-november-20-26-2024-qld-metro/,unit_price,unit_price,1,review
Coles,QLD METRO,"Coles Catalogue November 20 - 26, 2024 QLD METRO",2024-11-20,2024-11-27,33,Barilla Verdure Pasta Sauce 400g,3.25,,,,special,400g,$0.81 per 100g,Barilla Verdure Pasta Sauce | 400g $0.81 per 100g,95.31,False,,https://caau.syd1.cdn.digitaloceanspaces.com/wp-content/uploads/catalogue/coles/coles-catalogue-november-20-26-2024-qld-metro/33.jpg,https://www.catalogueau.com/coles/#catalogue=coles/coles-catalogue-november-20-26-2024-qld-metro/,displayed_price,displayed_price;unit_price,2,verified
Coles,QLD METRO,"Coles Catalogue November 20 - 26, 2024 QLD METRO",2024-11-20,2024-11-27,34,Gold Sunset Canola or Vegetable Oil 4 Litre,18.0,30.0,12.0,40.0,save_amount,4 Litre,$0.45 per 100mL,SAVES12 | WASS30 | Gold Sunset Canola or Vegetable Oil | 4 Litre $0.45 per 100mL | ree,93.72,False,,https://caau.syd1.cdn.digitaloceanspaces.com/wp-content/uploads/catalogue/coles/coles-catalogue-november-20-26-2024-qld-metro/34.jpg,https://www.catalogueau.com/coles/#catalogue=coles/coles-catalogue-november-20-26-2024-qld-metro/,save_was_arithmetic,displayed_price;save_was_arithmetic,2,verified
Coles,QLD METRO,"Coles Catalogue November 20 - 26, 2024 QLD METRO",2024-11-20,2024-11-27,34,Sirena Tuna 95g,2.0,2.95,0.95,32.2,save_amount,95g,$21.05 per kg,SAVE 95‘ | WASS§2.95 | Sirena Tuna 95g | $21.05 per kg,94.83,False,,https://caau.syd1.cdn.digitaloceanspaces.com/wp-content/uploads/catalogue/coles/coles-catalogue-november-20-26-2024-qld-metro/34.jpg,https://www.catalogueau.com/coles/#catalogue=coles/coles-catalogue-november-20-26-2024-qld-metro/,displayed_price,displayed_price;unit_price,2,verified
Coles,QLD METRO,"Coles Catalogue November 20 - 26, 2024 QLD METRO",2024-11-20,2024-11-27,34,Snacktacular Fruit Puree Pouch 5 Pack 450g,4.0,5.0,1.0,20.0,save_amount,5 Pack; 450g,$8.89 per kg,SAVES1 | WASS5 | Snacktacular Fruit Puree Pouch | 5 Pack 450g $8.89 per kg,95.55,False,,https://caau.syd1.cdn.digitaloceanspaces.com/wp-content/uploads/catalogue/coles/coles-catalogue-november-20-26-2024-qld-metro/34.jpg,https://www.catalogueau.com/coles/#catalogue=coles/coles-catalogue-november-20-26-2024-qld-metro/,save_was_arithmetic,save_was_arithmetic;unit_price,2,verified
Coles,QLD METRO,"Coles Catalogue November 20 - 26, 2024 QLD METRO",2024-11-20,2024-11-27,34,MasterFoods Squeeze Tomato or Barbecue Sauce 475mL-500mL,2.8,3.8,1.0,26.32,save_amount,475mL; 500mL,,SAVES | WAS$3.80 | MasterFoods Squeeze Tomato or | Barbecue Sauce 475mL-500mL | *See page 39 for T&Cs,94.05,True,single_price_evidence,https://caau.syd1.cdn.digitaloceanspaces.com/wp-content/uploads/catalogue/coles/coles-catalogue-november-20-26-2024-qld-metro/34.jpg,https://www.catalogueau.com/coles/#catalogue=coles/coles-catalogue-november-20-26-2024-qld-metro/,displayed_price,displayed_price,1,review
Coles,QLD METRO,"Coles Catalogue November 20 - 26, 2024 QLD METRO",2024-11-20,2024-11-27,34,Old El Paso Hard 'N Soft Taco Kit 350g,6.65,9.5,2.85,30.0,save_amount,350g,$1.90 per 100g,SAVE52.85 | WASS$9.50 | Old El Paso Hard 'N Soft Taco Kit | 350g $1.90 per 100g | XK | 6%,95.61,True,single_price_evidence,https://caau.syd1.cdn.digitaloceanspaces.com/wp-content/uploads/catalogue/coles/coles-catalogue-november-20-26-2024-qld-metro/34.jpg,https://www.catalogueau.com/coles/#catalogue=coles/coles-catalogue-november-20-26-2024-qld-metro/,unit_price,unit_price,1,review
Coles,QLD METRO,"Coles Catalogue November 20 - 26, 2024 QLD METRO",2024-11-20,2024-11-27,34,Kewpie Mayonnaise 500g,6.4,8.0,1.6,20.0,save_amount,500g,$1.28 per 100g,SAVES1.60 Pas | Kewpie Mayonnaise 500g | $1.28 per 100g. On sale for 2 weeks | Catalo | id | special,94.03,True,single_price_evidence,https://caau.syd1.cdn.digitaloceanspaces.com/wp-content/uploads/catalogue/coles/coles-catalogue-november-20-26-2024-qld-metro/34.jpg,https://www.catalogueau.com/coles/#catalogue=coles/coles-catalogue-november-20-26-2024-qld-metro/,unit_price,unit_price,1,review
Coles,QLD METRO,"Coles Catalogue November 20 - 26, 2024 QLD METRO",2024-11-20,2024-11-27,34,La Espanola Olive Oil 1 Litre,19.0,26.0,7.0,26.92,save_amount,1 Litre,$1.90 per 100mL,SAVE‘7 | WASS$26 | La Espanola Olive Oil 1 Litre | $1.90 per 100mL. | Excludes Organic,95.95,False,,https://caau.syd1.cdn.digitaloceanspaces.com/wp-content/uploads/catalogue/coles/coles-catalogue-november-20-26-2024-qld-metro/34.jpg,https://www.catalogueau.com/coles/#catalogue=coles/coles-catalogue-november-20-26-2024-qld-metro/,save_was_arithmetic,save_was_arithmetic;unit_price,2,verified
Coles,QLD METRO,"Coles Catalogue November 20 - 26, 2024 QLD METRO",2024-11-20,2024-11-27,34,Maggi Instant Noodles 5 Pack 325g-380g,4.0,5.0,1.0,20.0,save_amount,5 Pack; 325g; 380g,,"SAVES1 | WASS5 | Maggi Instant Noodles 5 Pack | 325g-380g | jue on sale Wed 20th Nov until Tue 26th Nov 2024 or until Tue 3rd Dec where indicated. Selected | commenced Wed 13th Nov. Promotional prices commence 7am Wednesday and may commence or extend | beyond the advertised date. Promotional products and prices are not available on DoorDash, UberEats or at Coles Express,",92.15,False,,https://caau.syd1.cdn.digitaloceanspaces.com/wp-content/uploads/catalogue/coles/coles-catalogue-november-20-26-2024-qld-metro/34.jpg,https://www.catalogueau.com/coles/#catalogue=coles/coles-catalogue-november-20-26-2024-qld-metro/,save_was_arithmetic,displayed_price;save_was_arithmetic,2,verified
Coles,QLD METRO,"Coles Catalogue November 20 - 26, 2024 QLD METRO",2024-11-20,2024-11-27,35,CSR Raw Sugar 2kg,5.0,,,,everyday,2kg,$0.25 per 100g,CSR Raw Sugar 2kg | $0.25 per 100g,94.12,True,single_price_evidence,https://caau.syd1.cdn.digitaloceanspaces.com/wp-content/uploads/catalogue/coles/coles-catalogue-november-20-26-2024-qld-metro/35.jpg,https://www.catalogueau.com/coles/#catalogue=coles/coles-catalogue-november-20-26-2024-qld-metro/,displayed_price,displayed_price,1,review
Coles,QLD METRO,"Coles Catalogue November 20 - 26, 2024 QLD METRO",2024-11-20,2024-11-27,35,White Wings Plain or Self Raising Flour 2kg,4.95,,,,everyday,2kg,$2.48 per kg,White Wings Plain or | Self Raising Flour 2kg | $2.48 per kg | = | a | —,95.56,True,single_price_evidence,https://caau.syd1.cdn.digitaloceanspaces.com/wp-content/uploads/catalogue/coles/coles-catalogue-november-20-26-2024-qld-metro/35.jpg,https://www.catalogueau.com/coles/#catalogue=coles/coles-catalogue-november-20-26-2024-qld-metro/,unit_price,unit_price,1,review
Coles,QLD METRO,"Coles Catalogue November 20 - 26, 2024 QLD METRO",2024-11-20,2024-11-27,35,Queen Pure Canadian Maple Syrup 250mL,9.5,,,,everyday,250mL,$3.80 per 100mL,Queen Pure Canadian Maple | Syrup 250mL $3.80 per 100mL,94.33,False,,https://caau.syd1.cdn.digitaloceanspaces.com/wp-content/uploads/catalogue/coles/coles-catalogue-november-20-26-2024-qld-metro/35.jpg,https://www.catalogueau.com/coles/#catalogue=coles/coles-catalogue-november-20-26-2024-qld-metro/,displayed_price,displayed_price;unit_price,2,verified
Coles,QLD METRO,"Coles Catalogue November 20 - 26, 2024 QLD METRO",2024-11-20,2024-11-27,35,Coles Italian Tomatoes 400g,1.1,,,,everyday,400g,$2.75 per kg,Coles Italian Tomatoes 400g | $2.75 per kg | NOURISHING ENERGY | om,95.0,False,,https://caau.syd1.cdn.digitaloceanspaces.com/wp-content/uploads/catalogue/coles/coles-catalogue-november-20-26-2024-qld-metro/35.jpg,https://www.catalogueau.com/coles/#catalogue=coles/coles-catalogue-november-20-26-2024-qld-metro/,displayed_price,displayed_price;unit_price,2,verified
Coles,QLD METRO,"Coles Catalogue November 20 - 26, 2024 QLD METRO",2024-11-20,2024-11-27,35,Coles Asia Panko Crumbs 250g,2.5,,,,everyday,250g,$1.00 per 100g,Coles Asia Panko Crumbs | 250g $1.00 per 100g,95.53,True,single_price_evidence,https://caau.syd1.cdn.digitaloceanspaces.com/wp-content/uploads/catalogue/coles/coles-catalogue-november-20-26-2024-qld-metro/35.jpg,https://www.catalogueau.com/coles/#catalogue=coles/coles-catalogue-november-20-26-2024-qld-metro/,unit_price,unit_price,1,review
Coles,QLD METRO,"Coles Catalogue November 20 - 26, 2024 QLD METRO",2024-11-20,2024-11-27,35,Nestlé Milo Softpack 650g,9.5,,,,everyday,650g,$1.46 per 100g,Nestlé Milo Softpack 650g | $1.46 per 100g | QLD-METRO-201 1-24-308226,93.35,False,,https://caau.syd1.cdn.digitaloceanspaces.com/wp-content/uploads/catalogue/coles/coles-catalogue-november-20-26-2024-qld-metro/35.jpg,https://www.catalogueau.com/coles/#catalogue=coles/coles-catalogue-november-20-26-2024-qld-metro/,displayed_price,displayed_price;unit_price,2,verified
Coles,QLD METRO,"Coles Catalogue November 20 - 26, 2024 QLD METRO",2024-11-20,2024-11-27,35,BSc Bodyscience High Protein Bar 5 Pack 300g,17.0,,,,everyday,5 Pack; 300g,$5.67 per 100g,BSc Bodyscience High | Protein Bar 5 Pack 300g | $5.67 per 100g,94.64,False,,https://caau.syd1.cdn.digitaloceanspaces.com/wp-content/uploads/catalogue/coles/coles-catalogue-november-20-26-2024-qld-metro/35.jpg,https://www.catalogueau.com/coles/#catalogue=coles/coles-catalogue-november-20-26-2024-qld-metro/,displayed_price,displayed_price;unit_price,2,verified
Coles,QLD METRO,"Coles Catalogue November 20 - 26, 2024 QLD METRO",2024-11-20,2024-11-27,35,Salvadori Extra Virgin Olive Oil 1 Litre,16.0,,,,everyday,1 Litre,$1.60 per 100mL,Salvadori Extra Virgin Olive | Oil 1 Litre $1.60 per 100mL,93.59,False,,https://caau.syd1.cdn.digitaloceanspaces.com/wp-content/uploads/catalogue/coles/coles-catalogue-november-20-26-2024-qld-metro/35.jpg,https://www.catalogueau.com/coles/#catalogue=coles/coles-catalogue-november-20-26-2024-qld-metro/,displayed_price,displayed_price;unit_price,2,verified
Coles,QLD METRO,"Coles Catalogue November 20 - 26, 2024 QLD METRO",2024-11-20,2024-11-27,36,202: Dairy Farmers Thick & Creamy Yoghurt 140g-150g,70.0,,,,down_down,140g; 150g,,WN DOWN | 202: | Dairy Farmers Thick & Creamy Yoghurt | 140g-150g,79.0,True,save_amount_missing;regular_price_missing;low_name_confidence_strict;single_price_evidence,https://caau.syd1.cdn.digitaloceanspaces.com/wp-content/uploads/catalogue/coles/coles-catalogue-november-20-26-2024-qld-metro/36.jpg,https://www.catalogueau.com/coles/#catalogue=coles/coles-catalogue-november-20-26-2024-qld-metro/,displayed_price,displayed_price,1,review
Coles,QLD METRO,"Coles Catalogue November 20 - 26, 2024 QLD METRO",2024-11-20,2024-11-27,36,WN DOWN 202:,70.0,,,,special,,,WN DOWN | 202: | Dairy Farmers Thick & Creamy Yoghurt | 140g-150g,79.0,True,offer_labels_missing;save_amount_missing;regular_price_missing;low_name_confidence_strict;single_price_evidence,https://caau.syd1.cdn.digitaloceanspaces.com/wp-content/uploads/catalogue/coles/coles-catalogue-november-20-26-2024-qld-metro/36.jpg,https://www.catalogueau.com/coles/#catalogue=coles/coles-catalogue-november-20-26-2024-qld-metro/,displayed_price,displayed_price,1,review
Coles,QLD METRO,"Coles Catalogue November 20 - 26, 2024 QLD METRO",2024-11-20,2024-11-27,36,Tamar Valley Dairy The Creamery Greek Style Yoghurt 700g,5.6,,,,special,700g,$0.80 per 100g,Tamar Valley Dairy The | Creamery Greek Style | Yoghurt 700g | $0.80 per 100g. | Excludes Vanilla,96.34,False,,https://caau.syd1.cdn.digitaloceanspaces.com/wp-content/uploads/catalogue/coles/coles-catalogue-november-20-26-2024-qld-metro/36.jpg,https://www.catalogueau.com/coles/#catalogue=coles/coles-catalogue-november-20-26-2024-qld-metro/,displayed_price,displayed_price;unit_price,2,verified
Coles,QLD METRO,"Coles Catalogue November 20 - 26, 2024 QLD METRO",2024-11-20,2024-11-27,36,Jaina Greek Yoghurt 1kg,6.5,,,,special,1kg,$0.65 per 100g,Jaina Greek Yoghurt 1kg | $0.65 per 100g | a | CHEER,88.91,False,,https://caau.syd1.cdn.digitaloceanspaces.com/wp-content/uploads/catalogue/coles/coles-catalogue-november-20-26-2024-qld-metro/36.jpg,https://www.catalogueau.com/coles/#catalogue=coles/coles-catalogue-november-20-26-2024-qld-metro/,displayed_price,displayed_price;unit_price,2,verified
Coles,QLD METRO,"Coles Catalogue November 20 - 26, 2024 QLD METRO",2024-11-20,2024-11-27,36,Babybel Mini Cheeses 5x20g 100g,4.5,,,,special,5x20g; 100g,$45.00 per kg,Babybel Mini Cheeses | 5x20g 100g $45.00 per kg | Fat,95.15,True,offer_labels_missing;save_amount_missing;regular_price_missing;single_price_evidence,https://caau.syd1.cdn.digitaloceanspaces.com/wp-content/uploads/catalogue/coles/coles-catalogue-november-20-26-2024-qld-metro/36.jpg,https://www.catalogueau.com/coles/#catalogue=coles/coles-catalogue-november-20-26-2024-qld-metro/,displayed_price,displayed_price,1,review
Coles,QLD METRO,"Coles Catalogue November 20 - 26, 2024 QLD METRO",2024-11-20,2024-11-27,36,Little Entertainers Mersey Valley,12.0,,,,special,,$50.00 per kg,"Little Entertainers | Mersey Valley, | Tasmanian Heritage or | South Cape Cheese | 80g $50.00 per kg | 36",95.66,True,offer_labels_missing;save_amount_missing;regular_price_missing;single_price_evidence,https://caau.syd1.cdn.digitaloceanspaces.com/wp-content/uploads/catalogue/coles/coles-catalogue-november-20-26-2024-qld-metro/36.jpg,https://www.catalogueau.com/coles/#catalogue=coles/coles-catalogue-november-20-26-2024-qld-metro/,displayed_price,displayed_price,1,review
Coles,QLD METRO,"Coles Catalogue November 20 - 26, 2024 QLD METRO",2024-11-20,2024-11-27,36,Cheer Cheese Block 400g,7.0,,,,special,400g,$17.50 per kg,Cheer Cheese Block | 400g $17.50 per kg,96.05,False,,https://caau.syd1.cdn.digitaloceanspaces.com/wp-content/uploads/catalogue/coles/coles-catalogue-november-20-26-2024-qld-metro/36.jpg,https://www.catalogueau.com/coles/#catalogue=coles/coles-catalogue-november-20-26-2024-qld-metro/,displayed_price,displayed_price;unit_price,2,verified
Coles,QLD METRO,"Coles Catalogue November 20 - 26, 2024 QLD METRO",2024-11-20,2024-11-27,36,Jindi Cheese 180g-200g,6.8,,,,special,180g; 200g,,Jindi Cheese 180g-200g,92.28,True,offer_labels_missing;save_amount_missing;regular_price_missing;single_price_evidence,https://caau.syd1.cdn.digitaloceanspaces.com/wp-content/uploads/catalogue/coles/coles-catalogue-november-20-26-2024-qld-metro/36.jpg,https://www.catalogueau.com/coles/#catalogue=coles/coles-catalogue-november-20-26-2024-qld-metro/,displayed_price,displayed_price,1,review
Coles,QLD METRO,"Coles Catalogue November 20 - 26, 2024 QLD METRO",2024-11-20,2024-11-27,36,Cheer Cheese Slices 500g,10.0,,,,special,500g,$20.00 per kg,Cheer Cheese Slices | 500g $20.00 per kg. | 2nd week on sale | QLD-METRO-201 1-24-308226,96.4,False,,https://caau.syd1.cdn.digitaloceanspaces.com/wp-content/uploads/catalogue/coles/coles-catalogue-november-20-26-2024-qld-metro/36.jpg,https://www.catalogueau.com/coles/#catalogue=coles/coles-catalogue-november-20-26-2024-qld-metro/,displayed_price,displayed_price;unit_price,2,verified
Coles,QLD METRO,"Coles Catalogue November 20 - 26, 2024 QLD METRO",2024-11-20,2024-11-27,37,Western Star Spreadable Blend 500g,6.0,7.0,1.0,14.29,save_amount,500g,$1.20 per 100g,SAVE 51 | WASS7 | Western Star Spreadable Blend 500g | $1.20 per 100g,94.43,False,,https://caau.syd1.cdn.digitaloceanspaces.com/wp-content/uploads/catalogue/coles/coles-catalogue-november-20-26-2024-qld-metro/37.jpg,https://www.catalogueau.com/coles/#catalogue=coles/coles-catalogue-november-20-26-2024-qld-metro/,save_was_arithmetic,displayed_price;save_was_arithmetic;unit_price,3,verified
Coles,QLD METRO,"Coles Catalogue November 20 - 26, 2024 QLD METRO",2024-11-20,2024-11-27,37,Mersey Valley Cheese 180g,6.2,8.65,2.45,28.32,save_amount,180g,$34.44 per kg,SAVES2.45 | WASS8.65 | Mersey Valley Cheese 180g | $34.44 per kg | ey | suckin | iS ge | Te,96.49,False,,https://caau.syd1.cdn.digitaloceanspaces.com/wp-content/uploads/catalogue/coles/coles-catalogue-november-20-26-2024-qld-metro/37.jpg,https://www.catalogueau.com/coles/#catalogue=coles/coles-catalogue-november-20-26-2024-qld-metro/,save_was_arithmetic,save_was_arithmetic;unit_price,2,verified
Coles,QLD METRO,"Coles Catalogue November 20 - 26, 2024 QLD METRO",2024-11-20,2024-11-27,37,Yumi's Dip 200g,3.5,4.5,1.0,22.22,save_amount,200g,$1.75 per 100g,SAVES1 | WASS4.50 | Yumi's Dip 200g | $1.75 per 100g | F | YP youlooaz § | =) sow-coon,93.46,False,,https://caau.syd1.cdn.digitaloceanspaces.com/wp-content/uploads/catalogue/coles/coles-catalogue-november-20-26-2024-qld-metro/37.jpg,https://www.catalogueau.com/coles/#catalogue=coles/coles-catalogue-november-20-26-2024-qld-metro/,save_was_arithmetic,displayed_price;save_was_arithmetic;unit_price,3,verified
Coles,QLD METRO,"Coles Catalogue November 20 - 26, 2024 QLD METRO",2024-11-20,2024-11-27,37,Black Swan Crafted Dip 170g,3.8,4.6,0.8,17.39,save_amount,170g,$2.24 per 100g,SAVE 80° | WASS4.60 | Black Swan Crafted | Dip 170g $2.24 per 100g | — | ont STRICN Fo | “y,96.34,False,,https://caau.syd1.cdn.digitaloceanspaces.com/wp-content/uploads/catalogue/coles/coles-catalogue-november-20-26-2024-qld-metro/37.jpg,https://www.catalogueau.com/coles/#catalogue=coles/coles-catalogue-november-20-26-2024-qld-metro/,displayed_price,displayed_price;unit_price,2,verified
Coles,QLD METRO,"Coles Catalogue November 20 - 26, 2024 QLD METRO",2024-11-20,2024-11-27,37,Oak Flavoured Milk 600mL,3.0,3.95,0.95,24.05,save_amount,600mL,$5.00 per litre,SAVE 95°‘ | WASS$3.95 | Oak Flavoured Milk 600mL | $5.00 per litre,94.48,False,,https://caau.syd1.cdn.digitaloceanspaces.com/wp-content/uploads/catalogue/coles/coles-catalogue-november-20-26-2024-qld-metro/37.jpg,https://www.catalogueau.com/coles/#catalogue=coles/coles-catalogue-november-20-26-2024-qld-metro/,displayed_price,displayed_price;unit_price,2,verified
Coles,QLD METRO,"Coles Catalogue November 20 - 26, 2024 QLD METRO",2024-11-20,2024-11-27,37,Nudie Nothing But Pulp or Pulp Free Orange,5.5,6.5,1.0,15.38,save_amount,,$5.50 per litre,WAS$6.50 | WAS$6.50 | Nudie Nothing But Pulp | or Pulp Free Orange | Juice 1 Litre | $5.50 per litre | 3 | Coles Group acknowledges the Traditional Custodians of Country throughout Australia,96.54,True,single_price_evidence,https://caau.syd1.cdn.digitaloceanspaces.com/wp-content/uploads/catalogue/coles/coles-catalogue-november-20-26-2024-qld-metro/37.jpg,https://www.catalogueau.com/coles/#catalogue=coles/coles-catalogue-november-20-26-2024-qld-metro/,displayed_price,displayed_price,1,review
Coles,QLD METRO,"Coles Catalogue November 20 - 26, 2024 QLD METRO",2024-11-20,2024-11-27,37,Rana Filled Pasta 325g,6.0,8.0,2.0,25.0,save_amount,325g,$1.85 per 100g,SAVES2. | WASS8 | Rana Filled Pasta 325g | $1.85 per 100g | merging,96.31,False,,https://caau.syd1.cdn.digitaloceanspaces.com/wp-content/uploads/catalogue/coles/coles-catalogue-november-20-26-2024-qld-metro/37.jpg,https://www.catalogueau.com/coles/#catalogue=coles/coles-catalogue-november-20-26-2024-qld-metro/,save_was_arithmetic,displayed_price;save_was_arithmetic;unit_price,3,verified
Coles,QLD METRO,"Coles Catalogue November 20 - 26, 2024 QLD METRO",2024-11-20,2024-11-27,37,Youfo: Youfoodz Regular Meal,16.0,22.0,6.0,27.27,save_amount,,,SAVE°6 | Youfo: | Youfoodz Regular Meal | 3 | 300g-354g | 1-3! | s],79.0,True,low_name_confidence_strict;single_price_evidence,https://caau.syd1.cdn.digitaloceanspaces.com/wp-content/uploads/catalogue/coles/coles-catalogue-november-20-26-2024-qld-metro/37.jpg,https://www.catalogueau.com/coles/#catalogue=coles/coles-catalogue-november-20-26-2024-qld-metro/,displayed_price,displayed_price,1,review
Coles,QLD METRO,"Coles Catalogue November 20 - 26, 2024 QLD METRO",2024-11-20,2024-11-27,37,Remedy Kombucha 330mL,5.0,8.6,3.6,41.86,save_amount,330mL,$7.58 per litre,SAVE ‘3.60 | Remedy Kombucha | 330mL $7.58 per litre | We,93.6,True,unit_price_conflict;single_price_evidence,https://caau.syd1.cdn.digitaloceanspaces.com/wp-content/uploads/catalogue/coles/coles-catalogue-november-20-26-2024-qld-metro/37.jpg,https://www.catalogueau.com/coles/#catalogue=coles/coles-catalogue-november-20-26-2024-qld-metro/,displayed_price,displayed_price,1,review
Coles,QLD METRO,"Coles Catalogue November 20 - 26, 2024 QLD METRO",2024-11-20,2024-11-27,37,Dare Flavoured Milk 750mL,4.2,,,,special,750mL,$5.60 per litre,Dare Flavoured Milk | 750mL $5.60 per litre | F | =,95.68,False,,https://caau.syd1.cdn.digitaloceanspaces.com/wp-content/uploads/catalogue/coles/coles-catalogue-november-20-26-2024-qld-metro/37.jpg,https://www.catalogueau.com/coles/#catalogue=coles/coles-catalogue-november-20-26-2024-qld-metro/,displayed_price,displayed_price;unit_price,2,verified
Coles,QLD METRO,"Coles Catalogue November 20 - 26, 2024 QLD METRO",2024-11-20,2024-11-27,38,Charlottes Bakery Slow Cooked Pies 2 Pack 400g,5.9,11.8,5.9,50.0,half_price,2 Pack; 400g,$1.48 per 100g,SAVE*%5.90 | WASS11.80 | Charlottes Bakery Slow Cooked Pies | 2 Pack 400g $1.48 per 100g,96.33,False,,https://caau.syd1.cdn.digitaloceanspaces.com/wp-content/uploads/catalogue/coles/coles-catalogue-november-20-26-2024-qld-metro/38.jpg,https://www.catalogueau.com/coles/#catalogue=coles/coles-catalogue-november-20-26-2024-qld-metro/,save_was_arithmetic,displayed_price;save_was_arithmetic;unit_price,3,verified
Coles,QLD METRO,"Coles Catalogue November 20 - 26, 2024 QLD METRO",2024-11-20,2024-11-27,38,KB's Raw Prawns Tail On 1kg,19.0,38.0,19.0,50.0,half_price,1kg,$19.00 per kg,SAVES19 | WASS$38 | KB's Raw Prawns Tail On 1kg | $19.00 per kg | — | UBF | VES en | | PUB FAVES,87.79,False,,https://caau.syd1.cdn.digitaloceanspaces.com/wp-content/uploads/catalogue/coles/coles-catalogue-november-20-26-2024-qld-metro/38.jpg,https://www.catalogueau.com/coles/#catalogue=coles/coles-catalogue-november-20-26-2024-qld-metro/,save_was_arithmetic,displayed_price;save_was_arithmetic;unit_price,3,verified
Coles,QLD METRO,"Coles Catalogue November 20 - 26, 2024 QLD METRO",2024-11-20,2024-11-27,38,Luv a Duck Frozen Duck 1.9kg,14.5,25.5,11.0,43.14,save_amount,1.9kg,$7.63 per kg,SAVES11 | WAS$25.50 | Luv a Duck Frozen Duck 1.9kg | $7.63 per kg. 2nd week on sale | jieae| | ‘ | PUB STYIE,94.55,False,,https://caau.syd1.cdn.digitaloceanspaces.com/wp-content/uploads/catalogue/coles/coles-catalogue-november-20-26-2024-qld-metro/38.jpg,https://www.catalogueau.com/coles/#catalogue=coles/coles-catalogue-november-20-26-2024-qld-metro/,save_was_arithmetic,save_was_arithmetic;unit_price,2,verified
Coles,QLD METRO,"Coles Catalogue November 20 - 26, 2024 QLD METRO",2024-11-20,2024-11-27,38,Steggles Chicken Breast Tenders Steg,10.8,13.5,2.7,20.0,save_amount,,,SAVE‘2.70 | WASS13.50 | Steggles Chicken Breast Tenders | Steg | § | lkg | 10.80 per kg | t1ean,79.0,True,low_name_confidence_strict,https://caau.syd1.cdn.digitaloceanspaces.com/wp-content/uploads/catalogue/coles/coles-catalogue-november-20-26-2024-qld-metro/38.jpg,https://www.catalogueau.com/coles/#catalogue=coles/coles-catalogue-november-20-26-2024-qld-metro/,save_was_arithmetic,displayed_price;save_was_arithmetic,2,review
Coles,QLD METRO,"Coles Catalogue November 20 - 26, 2024 QLD METRO",2024-11-20,2024-11-27,38,McCain Pub Style Fries 750g,4.8,6.0,1.2,20.0,save_amount,750g,$6.40 per kg,SAVES1.20 | WASS6 | McCain Pub Style Fries | 750g $6.40 per kg | SMEG,96.05,False,,https://caau.syd1.cdn.digitaloceanspaces.com/wp-content/uploads/catalogue/coles/coles-catalogue-november-20-26-2024-qld-metro/38.jpg,https://www.catalogueau.com/coles/#catalogue=coles/coles-catalogue-november-20-26-2024-qld-metro/,save_was_arithmetic,save_was_arithmetic;unit_price,2,verified
Coles,QLD METRO,"Coles Catalogue November 20 - 26, 2024 QLD METRO",2024-11-20,2024-11-27,38,Pickers Mini Italian Herb Mozzarella Sticks 230g,5.0,7.5,2.5,33.33,save_amount,230g,$2.17 per 100g,SAVE52.50 | WASS$7.50 | Pickers Mini Italian Herb | Mozzarella Sticks 230g | $2.17 per 100g | Spend $20 in one transaction in-store or online at Coles (after savings and discounts have,91.95,False,,https://caau.syd1.cdn.digitaloceanspaces.com/wp-content/uploads/catalogue/coles/coles-catalogue-november-20-26-2024-qld-metro/38.jpg,https://www.catalogueau.com/coles/#catalogue=coles/coles-catalogue-november-20-26-2024-qld-metro/,displayed_price,displayed_price;unit_price,2,verified
Coles,QLD METRO,"Coles Catalogue November 20 - 26, 2024 QLD METRO",2024-11-20,2024-11-27,38,McCain Family Pizza 490g-500g,6.8,8.5,1.7,20.0,save_amount,490g; 500g,,SAVE51.70 | WASS8.50 | McCain Family Pizza | 490g-500g | ‘J,79.0,True,low_name_confidence_strict;single_price_evidence,https://caau.syd1.cdn.digitaloceanspaces.com/wp-content/uploads/catalogue/coles/coles-catalogue-november-20-26-2024-qld-metro/38.jpg,https://www.catalogueau.com/coles/#catalogue=coles/coles-catalogue-november-20-26-2024-qld-metro/,displayed_price,displayed_price,1,review
Coles,QLD METRO,"Coles Catalogue November 20 - 26, 2024 QLD METRO",2024-11-20,2024-11-27,38,On The Menu Plated Meal 320g,5.6,,,,special,320g,$1.75 per 100g,On The Menu Plated Meal 320g | $1.75 per 100g | = | = | ICKERS | a,95.38,True,offer_labels_missing;save_amount_missing;regular_price_missing;inferred_price_requires_review,https://caau.syd1.cdn.digitaloceanspaces.com/wp-content/uploads/catalogue/coles/coles-catalogue-november-20-26-2024-qld-metro/38.jpg,https://www.catalogueau.com/coles/#catalogue=coles/coles-catalogue-november-20-26-2024-qld-metro/,unit_price,grid_inference;unit_price,1,review
Coles,QLD METRO,"Coles Catalogue November 20 - 26, 2024 QLD METRO",2024-11-20,2024-11-27,39,Gym Bod 475mL,5.25,10.5,5.25,50.0,half_price,475mL,$1.11 per 100mL,WASS10.50 | WASS10.50 | Gym Bod 475mL | $1.11 per 100mL | =,93.1,False,,https://caau.syd1.cdn.digitaloceanspaces.com/wp-content/uploads/catalogue/coles/coles-catalogue-november-20-26-2024-qld-metro/39.jpg,https://www.catalogueau.com/coles/#catalogue=coles/coles-catalogue-november-20-26-2024-qld-metro/,displayed_price,displayed_price;page_discount;unit_price,2,verified
Coles,QLD METRO,"Coles Catalogue November 20 - 26, 2024 QLD METRO",2024-11-20,2024-11-27,39,Peters Connoisseur 1 Litre,6.0,12.0,6.0,50.0,half_price,1 Litre,$0.60 per 100mL,WASS12 | WASS12 | Peters Connoisseur | 1 Litre $0.60 per 100mL,95.41,False,,https://caau.syd1.cdn.digitaloceanspaces.com/wp-content/uploads/catalogue/coles/coles-catalogue-november-20-26-2024-qld-metro/39.jpg,https://www.catalogueau.com/coles/#catalogue=coles/coles-catalogue-november-20-26-2024-qld-metro/,displayed_price,displayed_price;page_discount;unit_price,2,verified
Coles,QLD METRO,"Coles Catalogue November 20 - 26, 2024 QLD METRO",2024-11-20,2024-11-27,39,Bulla Creamy Classic Cones 520mL,5.0,10.0,5.0,50.0,half_price,520mL,$0.96 per 100mL,WASS10 | WASS10 | Bulla Creamy Classic Cones 520mL | $0.96 per 100mL | (=),94.67,False,,https://caau.syd1.cdn.digitaloceanspaces.com/wp-content/uploads/catalogue/coles/coles-catalogue-november-20-26-2024-qld-metro/39.jpg,https://www.catalogueau.com/coles/#catalogue=coles/coles-catalogue-november-20-26-2024-qld-metro/,displayed_price,displayed_price;page_discount;unit_price,2,verified
Coles,QLD METRO,"Coles Catalogue November 20 - 26, 2024 QLD METRO",2024-11-20,2024-11-27,39,Bulla Splits or Crunch 8 Pack-14 Pack 400mL-750mL,4.5,9.0,4.5,50.0,half_price,8 Pack; 14 Pack; 400mL; 750mL,,WASS9 | WASS9 | Bulla Splits or Crunch | 8 Pack-14 Pack 400mL-750mL | a | Cie | =,94.06,True,inferred_price_requires_review,https://caau.syd1.cdn.digitaloceanspaces.com/wp-content/uploads/catalogue/coles/coles-catalogue-november-20-26-2024-qld-metro/39.jpg,https://www.catalogueau.com/coles/#catalogue=coles/coles-catalogue-november-20-26-2024-qld-metro/,displayed_price,displayed_price;page_discount,1,review
Coles,QLD METRO,"Coles Catalogue November 20 - 26, 2024 QLD METRO",2024-11-20,2024-11-27,39,Kinder Bueno Frozen Dessert Cones 4 Pack 254g,9.0,12.0,3.0,25.0,save_amount,4 Pack; 254g,$3.54 per 100g,WASS12 | WASS12 | Kinder Bueno Frozen | Dessert Cones 4 Pack | 254g $3.54 per 100g | SMEG,96.37,False,,https://caau.syd1.cdn.digitaloceanspaces.com/wp-content/uploads/catalogue/coles/coles-catalogue-november-20-26-2024-qld-metro/39.jpg,https://www.catalogueau.com/coles/#catalogue=coles/coles-catalogue-november-20-26-2024-qld-metro/,displayed_price,displayed_price;unit_price,2,verified
Coles,QLD METRO,"Coles Catalogue November 20 - 26, 2024 QLD METRO",2024-11-20,2024-11-27,39,Little Moons Mochi Bites 6 Pack 192g,7.0,10.0,3.0,30.0,save_amount,6 Pack; 192g,$3.65 per 100g,WASS10 | WASS10 | Little Moons Mochi | Bites 6 Pack 192g | $3.65 per 100g | when you also,96.19,False,,https://caau.syd1.cdn.digitaloceanspaces.com/wp-content/uploads/catalogue/coles/coles-catalogue-november-20-26-2024-qld-metro/39.jpg,https://www.catalogueau.com/coles/#catalogue=coles/coles-catalogue-november-20-26-2024-qld-metro/,displayed_price,displayed_price;unit_price,2,verified
Coles,QLD METRO,"Coles Catalogue November 20 - 26, 2024 QLD METRO",2024-11-20,2024-11-27,39,Ben & Jerry's Tub 427mL-465mL,7.25,14.5,7.25,50.0,half_price,427mL; 465mL,,"WASS14.50 | WASS14.50 | Ben & Jerry's Tub | 427mL-465mL | Spend $20 in one transaction, scan your Flybuys and receive one Bonus Kitchen Knife credit | rchase a selected product from a participating brand or product range. Limit",92.35,True,inferred_price_requires_review,https://caau.syd1.cdn.digitaloceanspaces.com/wp-content/uploads/catalogue/coles/coles-catalogue-november-20-26-2024-qld-metro/39.jpg,https://www.catalogueau.com/coles/#catalogue=coles/coles-catalogue-november-20-26-2024-qld-metro/,page_discount_inference,page_discount,0,review
Coles,QLD METRO,"Coles Catalogue November 20 - 26, 2024 QLD METRO",2024-11-20,2024-11-27,39,Weis Bars 264mL-280mL rchase a selected product from a participating brand or product range. Limit,4.75,9.5,4.75,50.0,half_price,264mL; 280mL,,WASS9.50 | WASS9.50 | Weis Bars 264mL-280mL | rchase a selected product from a participating brand or product range. Limit | oduct range. Limit,79.0,True,low_name_confidence_strict;inferred_price_requires_review,https://caau.syd1.cdn.digitaloceanspaces.com/wp-content/uploads/catalogue/coles/coles-catalogue-november-20-26-2024-qld-metro/39.jpg,https://www.catalogueau.com/coles/#catalogue=coles/coles-catalogue-november-20-26-2024-qld-metro/,page_discount_inference,page_discount,0,review
Coles,QLD METRO,"Coles Catalogue November 20 - 26, 2024 QLD METRO",2024-11-20,2024-11-27,40,Huggies Ultra Dry Bulk Nappy Pants 24 Pack-36 Pack,13.0,,,,special,24 Pack; 36 Pack,,Huggies Ultra Dry Bulk Nappy Pants | 24 Pack-36 Pack,94.82,True,offer_labels_missing;save_amount_missing;regular_price_missing;single_price_evidence,https://caau.syd1.cdn.digitaloceanspaces.com/wp-content/uploads/catalogue/coles/coles-catalogue-november-20-26-2024-qld-metro/40.jpg,https://www.catalogueau.com/coles/#catalogue=coles/coles-catalogue-november-20-26-2024-qld-metro/,displayed_price,displayed_price,1,review
Coles,QLD METRO,"Coles Catalogue November 20 - 26, 2024 QLD METRO",2024-11-20,2024-11-27,40,Aveeno Baby Dermexa Moisturising Cream 206g,12.25,,,,special,206g,$5.95 per 100g,Aveeno Baby Dermexa | Moisturising Cream 206g | $5.95 per 100g | Rae nl,94.84,True,single_price_evidence,https://caau.syd1.cdn.digitaloceanspaces.com/wp-content/uploads/catalogue/coles/coles-catalogue-november-20-26-2024-qld-metro/40.jpg,https://www.catalogueau.com/coles/#catalogue=coles/coles-catalogue-november-20-26-2024-qld-metro/,unit_price,unit_price,1,review
Coles,QLD METRO,"Coles Catalogue November 20 - 26, 2024 QLD METRO",2024-11-20,2024-11-27,40,Tommee Tippee Baby Cherry Latex Soothers,3.5,,,,special,,$3.50 per each,Tommee Tippee Baby | Cherry Latex Soothers | 0-6 Months or | 6-18 Months 2 Pack | $3.50 per each. | 2nd week on sale,95.13,True,single_price_evidence,https://caau.syd1.cdn.digitaloceanspaces.com/wp-content/uploads/catalogue/coles/coles-catalogue-november-20-26-2024-qld-metro/40.jpg,https://www.catalogueau.com/coles/#catalogue=coles/coles-catalogue-november-20-26-2024-qld-metro/,unit_price,unit_price,1,review
Coles,QLD METRO,"Coles Catalogue November 20 - 26, 2024 QLD METRO",2024-11-20,2024-11-27,40,"Only Organic 4+ Months, 6+ Months",2.0,,,,special,,$1.67 per 100g,"Only Organic | 4+ Months, 6+ Months | or 8+ Months Baby | Food Pouch 120g | $1.67 per 100g. | 2nd week on sale",96.19,True,offer_labels_missing;save_amount_missing;regular_price_missing;single_price_evidence,https://caau.syd1.cdn.digitaloceanspaces.com/wp-content/uploads/catalogue/coles/coles-catalogue-november-20-26-2024-qld-metro/40.jpg,https://www.catalogueau.com/coles/#catalogue=coles/coles-catalogue-november-20-26-2024-qld-metro/,displayed_price,displayed_price,1,review
Coles,QLD METRO,"Coles Catalogue November 20 - 26, 2024 QLD METRO",2024-11-20,2024-11-27,40,Rafferty's Garden Yoghurt Buttons 12+ Months 28g,5.0,,,,special,28g,$17.86 per 100g,Rafferty's Garden Yoghurt | Buttons 12+ Months 28g | $17.86 per 100g,95.22,False,,https://caau.syd1.cdn.digitaloceanspaces.com/wp-content/uploads/catalogue/coles/coles-catalogue-november-20-26-2024-qld-metro/40.jpg,https://www.catalogueau.com/coles/#catalogue=coles/coles-catalogue-november-20-26-2024-qld-metro/,displayed_price,displayed_price;unit_price,2,verified
Coles,QLD METRO,"Coles Catalogue November 20 - 26, 2024 QLD METRO",2024-11-20,2024-11-27,40,Huggies Baby Wipes 216 Pack-240 Pack,10.7,,,,special,216 Pack; 240 Pack,,Huggies Baby Wipes | 216 Pack-240 Pack | I,94.89,True,offer_labels_missing;save_amount_missing;regular_price_missing;single_price_evidence,https://caau.syd1.cdn.digitaloceanspaces.com/wp-content/uploads/catalogue/coles/coles-catalogue-november-20-26-2024-qld-metro/40.jpg,https://www.catalogueau.com/coles/#catalogue=coles/coles-catalogue-november-20-26-2024-qld-metro/,displayed_price,displayed_price,1,review
Coles,QLD METRO,"Coles Catalogue November 20 - 26, 2024 QLD METRO",2024-11-20,2024-11-27,40,with Wings Regular 14 Pack or Girl 12 Pack,3.5,,,,special,14 Pack; 12 Pack,,with Wings Regular | 14 Pack or Girl 12 Pack | 40,96.24,True,offer_labels_missing;save_amount_missing;regular_price_missing;single_price_evidence,https://caau.syd1.cdn.digitaloceanspaces.com/wp-content/uploads/catalogue/coles/coles-catalogue-november-20-26-2024-qld-metro/40.jpg,https://www.catalogueau.com/coles/#catalogue=coles/coles-catalogue-november-20-26-2024-qld-metro/,displayed_price,displayed_price,1,review
Coles,QLD METRO,"Coles Catalogue November 20 - 26, 2024 QLD METRO",2024-11-20,2024-11-27,40,Poise Incontinence Pads Super 14 Pack or Extra Plus 10 Pack,5.5,,,,special,14 Pack; 10 Pack,,Poise Incontinence | Pads Super 14 Pack or | Extra Plus 10 Pack,96.52,True,offer_labels_missing;save_amount_missing;regular_price_missing;single_price_evidence,https://caau.syd1.cdn.digitaloceanspaces.com/wp-content/uploads/catalogue/coles/coles-catalogue-november-20-26-2024-qld-metro/40.jpg,https://www.catalogueau.com/coles/#catalogue=coles/coles-catalogue-november-20-26-2024-qld-metro/,displayed_price,displayed_price,1,review
Coles,QLD METRO,"Coles Catalogue November 20 - 26, 2024 QLD METRO",2024-11-20,2024-11-27,40,Thankyou Hand & Body Wash Refill 1 Litre,10.5,,,,special,1 Litre,$1.05 per 100mL,Thankyou Hand & Body | Wash Refill 1 Litre | $1.05 per 100mL,95.77,False,,https://caau.syd1.cdn.digitaloceanspaces.com/wp-content/uploads/catalogue/coles/coles-catalogue-november-20-26-2024-qld-metro/40.jpg,https://www.catalogueau.com/coles/#catalogue=coles/coles-catalogue-november-20-26-2024-qld-metro/,displayed_price,displayed_price;unit_price,2,verified
Coles,QLD METRO,"Coles Catalogue November 20 - 26, 2024 QLD METRO",2024-11-20,2024-11-27,40,Nestlé NAN Comfort Stage 3 Milk Drink 800g,16.8,,,,special,800g,$2.10 per 100g,Nestlé NAN Comfort | Stage 3 Milk Drink 800g | $2.10 per 100g | QLD-METRO-201 1-24-308226,96.2,True,single_price_evidence,https://caau.syd1.cdn.digitaloceanspaces.com/wp-content/uploads/catalogue/coles/coles-catalogue-november-20-26-2024-qld-metro/40.jpg,https://www.catalogueau.com/coles/#catalogue=coles/coles-catalogue-november-20-26-2024-qld-metro/,unit_price,unit_price,1,review
Coles,QLD METRO,"Coles Catalogue November 20 - 26, 2024 QLD METRO",2024-11-20,2024-11-27,41,L'Oréal Men Expert Pure Carbon Face Wash or Scrub 100mL,6.5,11.0,4.5,40.91,save_amount,100mL,$6.50 per 100mL,WASS11 | WASS11 | L'Oréal Men Expert Pure Carbon | Face Wash or Scrub 100mL | $6.50 per 100mL,94.47,False,,https://caau.syd1.cdn.digitaloceanspaces.com/wp-content/uploads/catalogue/coles/coles-catalogue-november-20-26-2024-qld-metro/41.jpg,https://www.catalogueau.com/coles/#catalogue=coles/coles-catalogue-november-20-26-2024-qld-metro/,displayed_price,displayed_price;unit_price,2,verified
Coles,QLD METRO,"Coles Catalogue November 20 - 26, 2024 QLD METRO",2024-11-20,2024-11-27,41,David Beckham Deodorant or Body Spray 150mL,4.5,9.0,4.5,50.0,half_price,150mL,$3.00 per 100mL,‘WASS9 | ‘WASS9 | David Beckham Deodorant or | Body Spray 150mL | $3.00 per 100mL,95.14,False,,https://caau.syd1.cdn.digitaloceanspaces.com/wp-content/uploads/catalogue/coles/coles-catalogue-november-20-26-2024-qld-metro/41.jpg,https://www.catalogueau.com/coles/#catalogue=coles/coles-catalogue-november-20-26-2024-qld-metro/,displayed_price,displayed_price;unit_price,2,verified
Coles,QLD METRO,"Coles Catalogue November 20 - 26, 2024 QLD METRO",2024-11-20,2024-11-27,41,Lynx Antiperspirant Aerosol Deodorant or Body Spray 165mL,5.5,8.0,2.5,31.25,save_amount,165mL,$3.33 per 100mL,WASS8 | WASS8 | Lynx Antiperspirant Aerosol | Deodorant or Body Spray 165mL | $3.33 per 100mL | FOR ASMOOTH LONG-LASTING SHAVE,94.47,True,single_price_evidence,https://caau.syd1.cdn.digitaloceanspaces.com/wp-content/uploads/catalogue/coles/coles-catalogue-november-20-26-2024-qld-metro/41.jpg,https://www.catalogueau.com/coles/#catalogue=coles/coles-catalogue-november-20-26-2024-qld-metro/,unit_price,unit_price,1,review
Coles,QLD METRO,"Coles Catalogue November 20 - 26, 2024 QLD METRO",2024-11-20,2024-11-27,41,Gillette Blue Il Plus Disposable Razors 20 Pack,14.0,20.0,6.0,30.0,save_amount,20 Pack,$0.70 per each,WAS$20 | WAS$20 | Gillette Blue Il Plus Disposable | Razors 20 Pack $0.70 per each,96.1,True,single_price_evidence,https://caau.syd1.cdn.digitaloceanspaces.com/wp-content/uploads/catalogue/coles/coles-catalogue-november-20-26-2024-qld-metro/41.jpg,https://www.catalogueau.com/coles/#catalogue=coles/coles-catalogue-november-20-26-2024-qld-metro/,displayed_price,displayed_price,1,review
Coles,QLD METRO,"Coles Catalogue November 20 - 26, 2024 QLD METRO",2024-11-20,2024-11-27,41,Gillette Fusion 5 Razor Kit with 2 Refill Blades 1 Pack,15.0,21.5,6.5,30.23,save_amount,1 Pack,,"WASS21.50 | WASS21.50 | Gillette Fusion 5 Razor Kit with | 2 Refill Blades 1 Pack | **30/10/24 to 30/11/24, 50 cents from the purchase of every men’s personal care product will be | donated to Movember up to a maximum of $1,100,000",96.4,True,single_price_evidence,https://caau.syd1.cdn.digitaloceanspaces.com/wp-content/uploads/catalogue/coles/coles-catalogue-november-20-26-2024-qld-metro/41.jpg,https://www.catalogueau.com/coles/#catalogue=coles/coles-catalogue-november-20-26-2024-qld-metro/,displayed_price,displayed_price,1,review
Coles,QLD METRO,"Coles Catalogue November 20 - 26, 2024 QLD METRO",2024-11-20,2024-11-27,41,Wahl Easy Clip Clipper 1 Pack,41.0,59.0,18.0,30.51,save_amount,1 Pack,,‘WAS§59 | ‘WAS§59 | Wahl Easy Clip Clipper 1 Pack,95.46,True,single_price_evidence,https://caau.syd1.cdn.digitaloceanspaces.com/wp-content/uploads/catalogue/coles/coles-catalogue-november-20-26-2024-qld-metro/41.jpg,https://www.catalogueau.com/coles/#catalogue=coles/coles-catalogue-november-20-26-2024-qld-metro/,displayed_price,displayed_price,1,review
Coles,QLD METRO,"Coles Catalogue November 20 - 26, 2024 QLD METRO",2024-11-20,2024-11-27,41,Rexona Antiperspirant 250mL,4.25,,,,special,250mL,$1.70 per 100mL,¥ | Rexona Antiperspirant | 250mL $1.70 per 100mL | Rexona | From 30 | 1030/1,92.72,True,single_price_evidence,https://caau.syd1.cdn.digitaloceanspaces.com/wp-content/uploads/catalogue/coles/coles-catalogue-november-20-26-2024-qld-metro/41.jpg,https://www.catalogueau.com/coles/#catalogue=coles/coles-catalogue-november-20-26-2024-qld-metro/,unit_price,unit_price,1,review
Coles,QLD METRO,"Coles Catalogue November 20 - 26, 2024 QLD METRO",2024-11-20,2024-11-27,42,Air Wick Pure Ultimate Getaways Reed Diffuser 30mL,7.0,14.0,7.0,50.0,half_price,30mL,,WASS14 | WASS14 | Air Wick Pure Ultimate | Getaways Reed Diffuser | 30mL $2.33 per 10mL | *See page 39 for T&Cs,94.22,True,inferred_price_requires_review,https://caau.syd1.cdn.digitaloceanspaces.com/wp-content/uploads/catalogue/coles/coles-catalogue-november-20-26-2024-qld-metro/42.jpg,https://www.catalogueau.com/coles/#catalogue=coles/coles-catalogue-november-20-26-2024-qld-metro/,displayed_price,displayed_price;page_discount,1,review
Coles,QLD METRO,"Coles Catalogue November 20 - 26, 2024 QLD METRO",2024-11-20,2024-11-27,42,Finish Rinse & Shine Dishwasher Aid 500mL,5.75,11.5,5.75,50.0,half_price,500mL,$1.15 per 100mL,"WASS11.50 | WASS11.50 | Finish Rinse & Shine | Dishwasher Aid 500mL | $1.15 per 100mL | aan,",95.18,True,inferred_price_requires_review,https://caau.syd1.cdn.digitaloceanspaces.com/wp-content/uploads/catalogue/coles/coles-catalogue-november-20-26-2024-qld-metro/42.jpg,https://www.catalogueau.com/coles/#catalogue=coles/coles-catalogue-november-20-26-2024-qld-metro/,unit_price,page_discount;unit_price,1,review
Coles,QLD METRO,"Coles Catalogue November 20 - 26, 2024 QLD METRO",2024-11-20,2024-11-27,42,Bref Liquid 600mL-700mL or In The Bowl Toilet Cleaner 42g-50g,3.5,7.0,3.5,50.0,half_price,600mL; 700mL; 42g; 50g,,WASS$7 | WASS$7 | Bref Liquid 600mL-700mL or In | The Bowl Toilet Cleaner 42g-50g,90.06,True,inferred_price_requires_review,https://caau.syd1.cdn.digitaloceanspaces.com/wp-content/uploads/catalogue/coles/coles-catalogue-november-20-26-2024-qld-metro/42.jpg,https://www.catalogueau.com/coles/#catalogue=coles/coles-catalogue-november-20-26-2024-qld-metro/,displayed_price,displayed_price;page_discount,1,review
Coles,QLD METRO,"Coles Catalogue November 20 - 26, 2024 QLD METRO",2024-11-20,2024-11-27,42,Pine O Cleen Multipurpose Spray 750mL,3.5,7.0,3.5,50.0,half_price,750mL,$0.47 per 100mL,WASS7 | WASS7 | Pine O Cleen Multipurpose | Spray 750mL $0.47 per 100mL,93.43,True,inferred_price_requires_review,https://caau.syd1.cdn.digitaloceanspaces.com/wp-content/uploads/catalogue/coles/coles-catalogue-november-20-26-2024-qld-metro/42.jpg,https://www.catalogueau.com/coles/#catalogue=coles/coles-catalogue-november-20-26-2024-qld-metro/,unit_price,page_discount;unit_price,1,review
Coles,QLD METRO,"Coles Catalogue November 20 - 26, 2024 QLD METRO",2024-11-20,2024-11-27,42,Aerogard Home Plant Based Mosquito Repellent Plug In + Refill 25mL,10.0,20.0,10.0,50.0,half_price,25mL,$40.00 per 100mL,‘WAS$20 | ‘WAS$20 | Aerogard Home Plant Based | Mosquito Repellent Plug In + Refill | 25mL $40.00 per 100mL,93.67,False,,https://caau.syd1.cdn.digitaloceanspaces.com/wp-content/uploads/catalogue/coles/coles-catalogue-november-20-26-2024-qld-metro/42.jpg,https://www.catalogueau.com/coles/#catalogue=coles/coles-catalogue-november-20-26-2024-qld-metro/,displayed_price,displayed_price;page_discount;unit_price,2,verified
Coles,QLD METRO,"Coles Catalogue November 20 - 26, 2024 QLD METRO",2024-11-20,2024-11-27,42,Aerogard Home Plant Based Multi Insect Killer or Crawling Insect Killer 300mL,7.0,14.0,7.0,50.0,half_price,300mL,$2.33 per 100mL,WASS14 | WASS14 | Aerogard Home Plant Based Multi | Insect Killer or Crawling Insect | Killer 300mL $2.33 per 100mL,94.9,False,,https://caau.syd1.cdn.digitaloceanspaces.com/wp-content/uploads/catalogue/coles/coles-catalogue-november-20-26-2024-qld-metro/42.jpg,https://www.catalogueau.com/coles/#catalogue=coles/coles-catalogue-november-20-26-2024-qld-metro/,displayed_price,displayed_price;page_discount;unit_price,2,verified
Coles,QLD METRO,"Coles Catalogue November 20 - 26, 2024 QLD METRO",2024-11-20,2024-11-27,42,Toilet Tissue 30 Pack,0.13,,,,special,30 Pack,$0.43 per 100 each,"Toilet Tissue 30 Pack | $0.43 per 100 each. | While stocks last. No rainchecks | TR,",96.24,True,offer_labels_missing;save_amount_missing;regular_price_missing;inferred_price_requires_review,https://caau.syd1.cdn.digitaloceanspaces.com/wp-content/uploads/catalogue/coles/coles-catalogue-november-20-26-2024-qld-metro/42.jpg,https://www.catalogueau.com/coles/#catalogue=coles/coles-catalogue-november-20-26-2024-qld-metro/,unit_price,grid_inference;unit_price,1,review
Coles,QLD METRO,"Coles Catalogue November 20 - 26, 2024 QLD METRO",2024-11-20,2024-11-27,42,Earth Choice Laundry Liquid 1 Litre,3.0,,,,special,1 Litre,$3.00 per litre,Earth Choice Laundry Liquid | 1 Litre $3.00 per litre,96.25,False,,https://caau.syd1.cdn.digitaloceanspaces.com/wp-content/uploads/catalogue/coles/coles-catalogue-november-20-26-2024-qld-metro/42.jpg,https://www.catalogueau.com/coles/#catalogue=coles/coles-catalogue-november-20-26-2024-qld-metro/,displayed_price,displayed_price;unit_price,2,verified
Coles,QLD METRO,"Coles Catalogue November 20 - 26, 2024 QLD METRO",2024-11-20,2024-11-27,43,Handee Ultra Double Length Paper Towel 2 Pack,5.0,,,,everyday,2 Pack,$2.08 per 100,Handee Ultra Double Length | Paper Towel 2 Pack | $2.08 per 100 sheets,95.34,True,single_price_evidence,https://caau.syd1.cdn.digitaloceanspaces.com/wp-content/uploads/catalogue/coles/coles-catalogue-november-20-26-2024-qld-metro/43.jpg,https://www.catalogueau.com/coles/#catalogue=coles/coles-catalogue-november-20-26-2024-qld-metro/,displayed_price,displayed_price,1,review
Coles,QLD METRO,"Coles Catalogue November 20 - 26, 2024 QLD METRO",2024-11-20,2024-11-27,43,Ajax Spray n Wipe Vanilla & Berries 475mL,3.5,,,,everyday,475mL,$0.74 per 100mL,Ajax Spray n Wipe Vanilla & | Berries 475mL | $0.74 per 100mL,79.0,True,low_name_confidence_strict;single_price_evidence,https://caau.syd1.cdn.digitaloceanspaces.com/wp-content/uploads/catalogue/coles/coles-catalogue-november-20-26-2024-qld-metro/43.jpg,https://www.catalogueau.com/coles/#catalogue=coles/coles-catalogue-november-20-26-2024-qld-metro/,unit_price,unit_price,1,review
Coles,QLD METRO,"Coles Catalogue November 20 - 26, 2024 QLD METRO",2024-11-20,2024-11-27,43,Coles Ultra Advanced Dishwasher Tablets 40 Pack,7.5,,,,everyday,40 Pack,$0.19 per each,Coles Ultra Advanced | Dishwasher Tablets 40 Pack | $0.19 per each | py,96.21,True,single_price_evidence,https://caau.syd1.cdn.digitaloceanspaces.com/wp-content/uploads/catalogue/coles/coles-catalogue-november-20-26-2024-qld-metro/43.jpg,https://www.catalogueau.com/coles/#catalogue=coles/coles-catalogue-november-20-26-2024-qld-metro/,unknown,,0,review
Coles,QLD METRO,"Coles Catalogue November 20 - 26, 2024 QLD METRO",2024-11-20,2024-11-27,43,Coles Dog Food 1.2kg,3.5,,,,everyday,1.2kg,$0.29 per 100g,Coles Dog Food 1.2kg | $0.29 per 100g,94.69,True,single_price_evidence,https://caau.syd1.cdn.digitaloceanspaces.com/wp-content/uploads/catalogue/coles/coles-catalogue-november-20-26-2024-qld-metro/43.jpg,https://www.catalogueau.com/coles/#catalogue=coles/coles-catalogue-november-20-26-2024-qld-metro/,unknown,,0,review
Coles,QLD METRO,"Coles Catalogue November 20 - 26, 2024 QLD METRO",2024-11-20,2024-11-27,43,Whiskas Dry Cat Food 1.8kg,11.0,,,,everyday,1.8kg,$0.61 per 100g,Whiskas Dry Cat Food 1.8kg | $0.61 per 100g,93.11,True,single_price_evidence,https://caau.syd1.cdn.digitaloceanspaces.com/wp-content/uploads/catalogue/coles/coles-catalogue-november-20-26-2024-qld-metro/43.jpg,https://www.catalogueau.com/coles/#catalogue=coles/coles-catalogue-november-20-26-2024-qld-metro/,displayed_price,displayed_price,1,review
Coles,QLD METRO,"Coles Catalogue November 20 - 26, 2024 QLD METRO",2024-11-20,2024-11-27,43,Earth Choice Ultra Concentrate Laundry Liquid 4 Litre,18.5,,,,everyday,4 Litre,$4.63 per litre,Earth Choice Ultra Concentrate | Laundry Liquid 4 Litre | $4.63 per litre,96.24,True,single_price_evidence,https://caau.syd1.cdn.digitaloceanspaces.com/wp-content/uploads/catalogue/coles/coles-catalogue-november-20-26-2024-qld-metro/43.jpg,https://www.catalogueau.com/coles/#catalogue=coles/coles-catalogue-november-20-26-2024-qld-metro/,unit_price,unit_price,1,review
Coles,QLD METRO,"Coles Catalogue November 20 - 26, 2024 QLD METRO",2024-11-20,2024-11-27,43,Coles Ultra Mould Killer 500mL,2.95,,,,everyday,500mL,$0.59 per 100mL,Coles Ultra Mould Killer 500mL | $0.59 per 100mL | QLD-METRO-201 1-24-308226,94.5,False,,https://caau.syd1.cdn.digitaloceanspaces.com/wp-content/uploads/catalogue/coles/coles-catalogue-november-20-26-2024-qld-metro/43.jpg,https://www.catalogueau.com/coles/#catalogue=coles/coles-catalogue-november-20-26-2024-qld-metro/,displayed_price,displayed_price;unit_price,2,verified
Coles,QLD METRO,"Coles Catalogue November 20 - 26, 2024 QLD METRO",2024-11-20,2024-11-27,43,Easy Off Drain Cleaner Turbo Gel 1 Litre,15.0,,,,everyday,1 Litre,$1.50 per 100mL,Easy Off Drain Cleaner Turbo | Gel 1 Litre $1.50 per 100mL,94.66,False,,https://caau.syd1.cdn.digitaloceanspaces.com/wp-content/uploads/catalogue/coles/coles-catalogue-november-20-26-2024-qld-metro/43.jpg,https://www.catalogueau.com/coles/#catalogue=coles/coles-catalogue-november-20-26-2024-qld-metro/,displayed_price,displayed_price;unit_price,2,verified
Coles,QLD METRO,"Coles Catalogue November 20 - 26, 2024 QLD METRO",2024-11-20,2024-11-27,43,Mortein Power Gard Crawling & Flying Insect Killer Surface Spray 2 Pack,24.0,,,,everyday,2 Pack,$3.69 per 100g,Mortein Power Gard Crawling | & Flying Insect Killer Surface | Spray 2 Pack $3.69 per 100g,96.06,True,single_price_evidence,https://caau.syd1.cdn.digitaloceanspaces.com/wp-content/uploads/catalogue/coles/coles-catalogue-november-20-26-2024-qld-metro/43.jpg,https://www.catalogueau.com/coles/#catalogue=coles/coles-catalogue-november-20-26-2024-qld-metro/,displayed_price,displayed_price,1,review
Coles,QLD METRO,"Coles Catalogue November 20 - 26, 2024 QLD METRO",2024-11-20,2024-11-27,44,Dine Creamy Treats Cat Food 4x12g,2.5,4.0,1.5,37.5,save_amount,4x12g,$5.21 per 100g,WAS$4 | WAS$4 | Dine Creamy Treats Cat Food | 4x12g $5.21 per 100g. | On sale for 2 weeks,95.37,False,,https://caau.syd1.cdn.digitaloceanspaces.com/wp-content/uploads/catalogue/coles/coles-catalogue-november-20-26-2024-qld-metro/44.jpg,https://www.catalogueau.com/coles/#catalogue=coles/coles-catalogue-november-20-26-2024-qld-metro/,displayed_price,displayed_price;unit_price,2,verified
Coles,QLD METRO,"Coles Catalogue November 20 - 26, 2024 QLD METRO",2024-11-20,2024-11-27,44,Temptations Cat Treats 180g Treats 180g,7.0,10.0,3.0,30.0,save_amount,180g,$3.89 per 100g,WASS10 | WASS10 | Temptations Cat Treats 180g | Treats 180g | $3.89 per 100g,79.0,True,low_name_confidence_strict;single_price_evidence,https://caau.syd1.cdn.digitaloceanspaces.com/wp-content/uploads/catalogue/coles/coles-catalogue-november-20-26-2024-qld-metro/44.jpg,https://www.catalogueau.com/coles/#catalogue=coles/coles-catalogue-november-20-26-2024-qld-metro/,displayed_price,displayed_price,1,review
Coles,QLD METRO,"Coles Catalogue November 20 - 26, 2024 QLD METRO",2024-11-20,2024-11-27,44,Fussy Cat Luxe Dry Cat Food 750g,10.0,14.0,4.0,28.57,save_amount,750g,$1.33 per 100g,WASS14 | WASS14 | Fussy Cat Luxe Dry Cat Food | 750g $1.33 per 100g,96.74,False,,https://caau.syd1.cdn.digitaloceanspaces.com/wp-content/uploads/catalogue/coles/coles-catalogue-november-20-26-2024-qld-metro/44.jpg,https://www.catalogueau.com/coles/#catalogue=coles/coles-catalogue-november-20-26-2024-qld-metro/,displayed_price,displayed_price;unit_price,2,verified
Coles,QLD METRO,"Coles Catalogue November 20 - 26, 2024 QLD METRO",2024-11-20,2024-11-27,44,Fancy Feast Dry Cat Food 450g,4.8,7.0,2.2,31.43,save_amount,450g,$1.07 per 100g,WASS7 | WASS7 | Fancy Feast Dry Cat Food 450g | $1.07 per 100g | Do,96.73,True,single_price_evidence,https://caau.syd1.cdn.digitaloceanspaces.com/wp-content/uploads/catalogue/coles/coles-catalogue-november-20-26-2024-qld-metro/44.jpg,https://www.catalogueau.com/coles/#catalogue=coles/coles-catalogue-november-20-26-2024-qld-metro/,unit_price,unit_price,1,review
Coles,QLD METRO,"Coles Catalogue November 20 - 26, 2024 QLD METRO",2024-11-20,2024-11-27,44,Purina One Adult Dry Cat Food 1.4kg-1.5kg,12.0,20.0,8.0,40.0,save_amount,1.4kg; 1.5kg,,WAS$20 | WAS$20 | Purina One Adult Dry Cat Food | 1.4kg-1.5kg,79.0,True,low_name_confidence_strict;single_price_evidence,https://caau.syd1.cdn.digitaloceanspaces.com/wp-content/uploads/catalogue/coles/coles-catalogue-november-20-26-2024-qld-metro/44.jpg,https://www.catalogueau.com/coles/#catalogue=coles/coles-catalogue-november-20-26-2024-qld-metro/,displayed_price,displayed_price,1,review
Coles,QLD METRO,"Coles Catalogue November 20 - 26, 2024 QLD METRO",2024-11-20,2024-11-27,44,Nature's Gift Dry Dog Food 2.5kg,10.5,15.0,4.5,30.0,save_amount,2.5kg,$0.42 per 100g,WASS15 | WASS15 | Nature's Gift Dry Dog Food 2.5kg | $0.42 per 100g | — | atures Gift | A,95.36,True,single_price_evidence,https://caau.syd1.cdn.digitaloceanspaces.com/wp-content/uploads/catalogue/coles/coles-catalogue-november-20-26-2024-qld-metro/44.jpg,https://www.catalogueau.com/coles/#catalogue=coles/coles-catalogue-november-20-26-2024-qld-metro/,displayed_price,displayed_price,1,review
Coles,QLD METRO,"Coles Catalogue November 20 - 26, 2024 QLD METRO",2024-11-20,2024-11-27,44,Supercoat Dry Dog Food 2.6kg-2.8kg,12.0,18.0,6.0,33.33,save_amount,2.6kg; 2.8kg,,WASS18 | WASS18 | Supercoat Dry Dog Food | 2.6kg-2.8kg | >,91.79,True,single_price_evidence,https://caau.syd1.cdn.digitaloceanspaces.com/wp-content/uploads/catalogue/coles/coles-catalogue-november-20-26-2024-qld-metro/44.jpg,https://www.catalogueau.com/coles/#catalogue=coles/coles-catalogue-november-20-26-2024-qld-metro/,displayed_price,displayed_price,1,review
Coles,QLD METRO,"Coles Catalogue November 20 - 26, 2024 QLD METRO",2024-11-20,2024-11-27,44,My Dog Dog Food 6x100g,7.0,10.0,3.0,30.0,save_amount,6x100g,$1.17 per 100g,WASS10 | WASS10 | My Dog Dog Food 6x100g | $1.17 per 100g,93.65,False,,https://caau.syd1.cdn.digitaloceanspaces.com/wp-content/uploads/catalogue/coles/coles-catalogue-november-20-26-2024-qld-metro/44.jpg,https://www.catalogueau.com/coles/#catalogue=coles/coles-catalogue-november-20-26-2024-qld-metro/,displayed_price,displayed_price;unit_price,2,verified
Coles,QLD METRO,"Coles Catalogue November 20 - 26, 2024 QLD METRO",2024-11-20,2024-11-27,44,Felix Cat Treats 50g-60g TExcludes Every Day & clearance items,3.0,4.5,1.5,33.33,save_amount,50g; 60g,,Felix Cat Treats 50g-60g | TExcludes Every Day & clearance items,91.41,True,offer_labels_missing;single_price_evidence,https://caau.syd1.cdn.digitaloceanspaces.com/wp-content/uploads/catalogue/coles/coles-catalogue-november-20-26-2024-qld-metro/44.jpg,https://www.catalogueau.com/coles/#catalogue=coles/coles-catalogue-november-20-26-2024-qld-metro/,displayed_price,displayed_price,1,review
Coles,QLD METRO,"Coles Catalogue November 20 - 26, 2024 QLD METRO",2024-11-20,2024-11-27,44,Nature's Gift Dog Food 100g,1.0,,,,special,100g,$1.00 per 100g,Nature's Gift Dog Food 100g | $1.00 per 100g,95.44,False,,https://caau.syd1.cdn.digitaloceanspaces.com/wp-content/uploads/catalogue/coles/coles-catalogue-november-20-26-2024-qld-metro/44.jpg,https://www.catalogueau.com/coles/#catalogue=coles/coles-catalogue-november-20-26-2024-qld-metro/,displayed_price,displayed_price;unit_price,2,verified
Coles,QLD METRO,"Coles Catalogue November 20 - 26, 2024 QLD METRO",2024-11-20,2024-11-27,44,Purr Cat Food 6x85g,5.7,,,,special,6x85g,$1.12 per 100g,Purr Cat Food 6x85g | $1.12 per 100g,93.45,False,,https://caau.syd1.cdn.digitaloceanspaces.com/wp-content/uploads/catalogue/coles/coles-catalogue-november-20-26-2024-qld-metro/44.jpg,https://www.catalogueau.com/coles/#catalogue=coles/coles-catalogue-november-20-26-2024-qld-metro/,displayed_price,displayed_price;unit_price,2,verified
Coles,QLD METRO,"Coles Catalogue November 20 - 26, 2024 QLD METRO",2024-11-20,2024-11-27,45,Purina Lucky Dog Original Dog Treats 800g,8.0,,,,special,800g,$1.00 per 100g,"Purina Lucky Dog Original Dog | Treats 800g $1.00 per 100g | = | & | Pen,",96.14,False,,https://caau.syd1.cdn.digitaloceanspaces.com/wp-content/uploads/catalogue/coles/coles-catalogue-november-20-26-2024-qld-metro/45.jpg,https://www.catalogueau.com/coles/#catalogue=coles/coles-catalogue-november-20-26-2024-qld-metro/,displayed_price,displayed_price;unit_price,2,verified
Coles,QLD METRO,"Coles Catalogue November 20 - 26, 2024 QLD METRO",2024-11-20,2024-11-27,45,Dine Daily Cat Food 14x85g,15.95,,,,special,14x85g,$1.34 per 100g,Dine Daily Cat Food 14x85g | $1.34 per 100g,94.59,True,offer_labels_missing;save_amount_missing;regular_price_missing;single_price_evidence,https://caau.syd1.cdn.digitaloceanspaces.com/wp-content/uploads/catalogue/coles/coles-catalogue-november-20-26-2024-qld-metro/45.jpg,https://www.catalogueau.com/coles/#catalogue=coles/coles-catalogue-november-20-26-2024-qld-metro/,unknown,,0,review
Coles,QLD METRO,"Coles Catalogue November 20 - 26, 2024 QLD METRO",2024-11-20,2024-11-27,46,Décor Match Ups Container 800mL,3.2,6.5,3.3,50.77,save_amount,800mL,$3.20 per each,SAVE$3.30 | WASS6.50 | Décor Match Ups Container | 800mL $3.20 per each,95.61,False,,https://caau.syd1.cdn.digitaloceanspaces.com/wp-content/uploads/catalogue/coles/coles-catalogue-november-20-26-2024-qld-metro/46.jpg,https://www.catalogueau.com/coles/#catalogue=coles/coles-catalogue-november-20-26-2024-qld-metro/,save_was_arithmetic,save_was_arithmetic;unit_price,2,verified
Coles,QLD METRO,"Coles Catalogue November 20 - 26, 2024 QLD METRO",2024-11-20,2024-11-27,46,Décor Match Ups Container 2 Litre,4.5,9.0,4.5,50.0,half_price,2 Litre,$4.50 per each,SAVE54.50 | WASS9 | Décor Match Ups Container | 2 Litre $4.50 per each,96.5,False,,https://caau.syd1.cdn.digitaloceanspaces.com/wp-content/uploads/catalogue/coles/coles-catalogue-november-20-26-2024-qld-metro/46.jpg,https://www.catalogueau.com/coles/#catalogue=coles/coles-catalogue-november-20-26-2024-qld-metro/,displayed_price,displayed_price;unit_price,2,verified
Coles,QLD METRO,"Coles Catalogue November 20 - 26, 2024 QLD METRO",2024-11-20,2024-11-27,46,Décor Tellfresh Cupcake Storer 4 Litre,5.5,11.0,5.5,50.0,half_price,4 Litre,$5.50 per each,SAVE*5.50 | WASS11 | Décor Tellfresh Cupcake Storer | 4 Litre $5.50 per each | AA20,86.33,False,,https://caau.syd1.cdn.digitaloceanspaces.com/wp-content/uploads/catalogue/coles/coles-catalogue-november-20-26-2024-qld-metro/46.jpg,https://www.catalogueau.com/coles/#catalogue=coles/coles-catalogue-november-20-26-2024-qld-metro/,save_was_arithmetic,save_was_arithmetic;unit_price,2,verified
Coles,QLD METRO,"Coles Catalogue November 20 - 26, 2024 QLD METRO",2024-11-20,2024-11-27,46,Smash Blue Stainless Steel Barista Cup 350mL,18.0,26.0,8.0,30.77,save_amount,350mL,$18.00 per each,SAVES8 | ‘WAS§26 | Smash Blue Stainless Steel Barista Cup 350mL | $18.00 per each,95.15,False,,https://caau.syd1.cdn.digitaloceanspaces.com/wp-content/uploads/catalogue/coles/coles-catalogue-november-20-26-2024-qld-metro/46.jpg,https://www.catalogueau.com/coles/#catalogue=coles/coles-catalogue-november-20-26-2024-qld-metro/,save_was_arithmetic,displayed_price;save_was_arithmetic;unit_price,3,verified
Coles,QLD METRO,"Coles Catalogue November 20 - 26, 2024 QLD METRO",2024-11-20,2024-11-27,46,Duracell Coppertop Batteries AA or AAA 20 Pack,20.0,29.0,9.0,31.03,save_amount,20 Pack,$1.00 per each,SAVES9 | WAS$29 | Duracell Coppertop Batteries AA or AAA 20 Pack | $1.00 per each,94.12,False,,https://caau.syd1.cdn.digitaloceanspaces.com/wp-content/uploads/catalogue/coles/coles-catalogue-november-20-26-2024-qld-metro/46.jpg,https://www.catalogueau.com/coles/#catalogue=coles/coles-catalogue-november-20-26-2024-qld-metro/,save_was_arithmetic,displayed_price;save_was_arithmetic,2,verified
Coles,QLD METRO,"Coles Catalogue November 20 - 26, 2024 QLD METRO",2024-11-20,2024-11-27,46,Tefal Easy Clean Frypan 24cm,25.5,34.0,8.5,25.0,save_amount,,,SAVE58.50 | WAS$34 | Tefal Easy Clean Frypan 24cm,94.61,True,single_price_evidence,https://caau.syd1.cdn.digitaloceanspaces.com/wp-content/uploads/catalogue/coles/coles-catalogue-november-20-26-2024-qld-metro/46.jpg,https://www.catalogueau.com/coles/#catalogue=coles/coles-catalogue-november-20-26-2024-qld-metro/,displayed_price,displayed_price,1,review
Coles,QLD METRO,"Coles Catalogue November 20 - 26, 2024 QLD METRO",2024-11-20,2024-11-27,46,Bic Mega Lighter 1 Pack,6.0,8.5,2.5,29.41,save_amount,1 Pack,,SAVE'2.50 | WASS8.50 | Bic Mega Lighter 1 Pack,96.65,False,,https://caau.syd1.cdn.digitaloceanspaces.com/wp-content/uploads/catalogue/coles/coles-catalogue-november-20-26-2024-qld-metro/46.jpg,https://www.catalogueau.com/coles/#catalogue=coles/coles-catalogue-november-20-26-2024-qld-metro/,save_was_arithmetic,displayed_price;save_was_arithmetic,2,verified
Coles,QLD METRO,"Coles Catalogue November 20 - 26, 2024 QLD METRO",2024-11-20,2024-11-27,46,Cook with Curtis Slotted Turner eran,5.0,10.0,5.0,50.0,half_price,,,SAVES: | WASS10 | Cook with Curtis Slotted Turner | eran | oxen | Gros,64.69,True,low_name_confidence_strict;inferred_price_requires_review,https://caau.syd1.cdn.digitaloceanspaces.com/wp-content/uploads/catalogue/coles/coles-catalogue-november-20-26-2024-qld-metro/46.jpg,https://www.catalogueau.com/coles/#catalogue=coles/coles-catalogue-november-20-26-2024-qld-metro/,page_discount_inference,page_discount,0,review
Coles,QLD METRO,"Coles Catalogue November 20 - 26, 2024 QLD METRO",2024-11-20,2024-11-27,49,* 120GB for first 6 recharges then 50GB,25.0,55.0,30.0,54.55,save_amount,,,SAVES30 | WASS$55 | $55 Starter Pack | * 120GB for first 6 recharges | then 50GB | + Unlimited international talk | & text in Australia and to | 36 countries,79.0,True,low_name_confidence_strict,https://caau.syd1.cdn.digitaloceanspaces.com/wp-content/uploads/catalogue/coles/coles-catalogue-november-20-26-2024-qld-metro/49.jpg,https://www.catalogueau.com/coles/#catalogue=coles/coles-catalogue-november-20-26-2024-qld-metro/,save_was_arithmetic,displayed_price;save_was_arithmetic,2,review
Coles,QLD METRO,"Coles Catalogue November 20 - 26, 2024 QLD METRO",2024-11-20,2024-11-27,49,"V Lite 24G - 5.0"" FWVGA display",69.0,99.0,30.0,30.3,save_amount,24G,,"SAVE*30 | WASS99 | V Lite 24G | - 5.0"" FWVGA display | + SMP rear camera | td",91.34,False,,https://caau.syd1.cdn.digitaloceanspaces.com/wp-content/uploads/catalogue/coles/coles-catalogue-november-20-26-2024-qld-metro/49.jpg,https://www.catalogueau.com/coles/#catalogue=coles/coles-catalogue-november-20-26-2024-qld-metro/,save_was_arithmetic,displayed_price;save_was_arithmetic,2,verified
Coles,QLD METRO,"Coles Catalogue November 20 - 26, 2024 QLD METRO",2024-11-20,2024-11-27,49,"V Pro 2 4G + 6.56"" HD+ IPS display",99.0,149.0,50.0,33.56,save_amount,4G,,"SAVE*50 | WASS149 | a7 | V Pro 2 4G | + 6.56"" HD+ IPS display | + 13MP + 2MP dual rear camera | td",76.93,True,low_name_confidence_strict,https://caau.syd1.cdn.digitaloceanspaces.com/wp-content/uploads/catalogue/coles/coles-catalogue-november-20-26-2024-qld-metro/49.jpg,https://www.catalogueau.com/coles/#catalogue=coles/coles-catalogue-november-20-26-2024-qld-metro/,save_was_arithmetic,displayed_price;save_was_arithmetic,2,review
Coles,QLD METRO,"Coles Catalogue November 20 - 26, 2024 QLD METRO",2024-11-20,2024-11-27,49,+ 60GB for first 6 recharges then 25GB,12.0,,,,special,,,$35 Starter Pack | + 60GB for first 6 recharges | then 25GB | + Unlimited standard talk & | text in Australia,79.0,True,offer_labels_missing;save_amount_missing;regular_price_missing;low_name_confidence_strict;inferred_price_requires_review,https://caau.syd1.cdn.digitaloceanspaces.com/wp-content/uploads/catalogue/coles/coles-catalogue-november-20-26-2024-qld-metro/49.jpg,https://www.catalogueau.com/coles/#catalogue=coles/coles-catalogue-november-20-26-2024-qld-metro/,displayed_price,displayed_price;grid_inference,1,review
Coles,QLD METRO,"Coles Catalogue November 20 - 26, 2024 QLD METRO",2024-11-20,2024-11-27,49,"V Smart 2 4G « 6.3"" HD+ display",339.0,,,,special,4G,,"V Smart 2 4G | « 6.3"" HD+ display | + 13MP + 2MP dual rear camera | © | im",92.69,True,offer_labels_missing;save_amount_missing;regular_price_missing;inferred_price_requires_review,https://caau.syd1.cdn.digitaloceanspaces.com/wp-content/uploads/catalogue/coles/coles-catalogue-november-20-26-2024-qld-metro/49.jpg,https://www.catalogueau.com/coles/#catalogue=coles/coles-catalogue-november-20-26-2024-qld-metro/,displayed_price,displayed_price;grid_inference,1,review
Coles,QLD METRO,"Coles Catalogue November 20 - 26, 2024 QLD METRO",2024-11-20,2024-11-27,49,28 day o3 Oo vodafone,35.0,,,,special,,,28 day o3 | Oo vodafone | $9 | *12.,73.79,True,offer_labels_missing;save_amount_missing;regular_price_missing;low_name_confidence_strict;single_price_evidence,https://caau.syd1.cdn.digitaloceanspaces.com/wp-content/uploads/catalogue/coles/coles-catalogue-november-20-26-2024-qld-metro/49.jpg,https://www.catalogueau.com/coles/#catalogue=coles/coles-catalogue-november-20-26-2024-qld-metro/,displayed_price,displayed_price,1,review
