retailer,region,catalogue_title,catalogue_start_date,catalogue_end_date,page_number,product_name,special_price,regular_price,save_amount,discount_percent,promo_type,pack_size,unit_price_text,offer_text,ocr_confidence,needs_review,review_reason,source_page_image,source_catalogue_url,price_source,price_evidence,evidence_count,verification_status
Coles,QLD METRO,"Coles Catalogue October 2 - 8, 2024 QLD METRO",2024-10-02,2024-10-09,1,Coles Australian Lamb Cutlets Product sold uncooked,35.0,43.0,8.0,18.6,save_amount,,,WAS $43:q | WAS $43:q | Coles Australian Lamb Cutlets | Product sold uncooked,96.03,True,single_price_evidence,https://caau.syd1.cdn.digitaloceanspaces.com/wp-content/uploads/catalogue/coles/coles-catalogue-october-2-8-2024-qld-metro/1.jpg,https://www.catalogueau.com/coles/#catalogue=coles/coles-catalogue-october-2-8-2024-qld-metro/,displayed_price,displayed_price,1,review
Coles,QLD METRO,"Coles Catalogue October 2 - 8, 2024 QLD METRO",2024-10-02,2024-10-09,1,Life Savers Candy 150g-200g,2.5,5.0,2.5,50.0,half_price,150g; 200g,,WASS5 | WASS5 | Life Savers Candy | 150g-200g | FP-QLD-METRO-0210-24-285021,93.65,True,single_price_evidence,https://caau.syd1.cdn.digitaloceanspaces.com/wp-content/uploads/catalogue/coles/coles-catalogue-october-2-8-2024-qld-metro/1.jpg,https://www.catalogueau.com/coles/#catalogue=coles/coles-catalogue-october-2-8-2024-qld-metro/,displayed_price,displayed_price,1,review
Coles,QLD METRO,"Coles Catalogue October 2 - 8, 2024 QLD METRO",2024-10-02,2024-10-09,1,"Smith's Crinkle Cut, Double Crunch or Oven Baked 130g-170g",2.4,4.8,2.4,50.0,half_price,130g; 170g,,"WASS4.80 | WASS4.80 | Smith's Crinkle Cut, | Double Crunch or | Oven Baked 130g-170g",95.18,True,single_price_evidence,https://caau.syd1.cdn.digitaloceanspaces.com/wp-content/uploads/catalogue/coles/coles-catalogue-october-2-8-2024-qld-metro/1.jpg,https://www.catalogueau.com/coles/#catalogue=coles/coles-catalogue-october-2-8-2024-qld-metro/,displayed_price,displayed_price,1,review
Coles,QLD METRO,"Coles Catalogue October 2 - 8, 2024 QLD METRO",2024-10-02,2024-10-09,1,Bulla Creamy Classic 2 Litre,5.5,11.0,5.5,50.0,half_price,2 Litre,$0.28 per 100mL,WASS11 | WASS11 | Bulla Creamy Classic | 2 Litre $0.28 per 100mL,95.14,True,single_price_evidence,https://caau.syd1.cdn.digitaloceanspaces.com/wp-content/uploads/catalogue/coles/coles-catalogue-october-2-8-2024-qld-metro/1.jpg,https://www.catalogueau.com/coles/#catalogue=coles/coles-catalogue-october-2-8-2024-qld-metro/,displayed_price,displayed_price,1,review
Coles,QLD METRO,"Coles Catalogue October 2 - 8, 2024 QLD METRO",2024-10-02,2024-10-09,1,"Pepsi, Solo or Schweppes Soft Drink",5.9,18.0,12.1,67.22,save_amount,,$2.40 per litre,"Pepsi, Solo or | Schweppes Soft Drink | 10x375mL $2.40 per litre",96.39,True,offer_labels_missing;single_price_evidence,https://caau.syd1.cdn.digitaloceanspaces.com/wp-content/uploads/catalogue/coles/coles-catalogue-october-2-8-2024-qld-metro/1.jpg,https://www.catalogueau.com/coles/#catalogue=coles/coles-catalogue-october-2-8-2024-qld-metro/,unknown,,0,review
Coles,QLD METRO,"Coles Catalogue October 2 - 8, 2024 QLD METRO",2024-10-02,2024-10-09,2,Farmers Union Greek Style or No Added Sugar Kids Yogurt Pouch 130g,1.1,2.2,1.1,50.0,half_price,130g,$0.85 per 100g,SAVE51.10 | WASS2.20 | Farmers Union Greek Style or | No Added Sugar Kids Yogurt | Pouch 130g $0.85 per 100g,96.64,False,,https://caau.syd1.cdn.digitaloceanspaces.com/wp-content/uploads/catalogue/coles/coles-catalogue-october-2-8-2024-qld-metro/2.jpg,https://www.catalogueau.com/coles/#catalogue=coles/coles-catalogue-october-2-8-2024-qld-metro/,displayed_price,displayed_price;unit_price,2,verified
Coles,QLD METRO,"Coles Catalogue October 2 - 8, 2024 QLD METRO",2024-10-02,2024-10-09,2,John West Tuna Tempters 95g,1.35,2.7,1.35,50.0,half_price,95g,$14.21 per kg,SAVE‘1.35 | WASS$2.70 | John West Tuna Tempters 95g | $14.21 per kg,90.54,False,,https://caau.syd1.cdn.digitaloceanspaces.com/wp-content/uploads/catalogue/coles/coles-catalogue-october-2-8-2024-qld-metro/2.jpg,https://www.catalogueau.com/coles/#catalogue=coles/coles-catalogue-october-2-8-2024-qld-metro/,save_was_arithmetic,displayed_price;save_was_arithmetic;unit_price,3,verified
Coles,QLD METRO,"Coles Catalogue October 2 - 8, 2024 QLD METRO",2024-10-02,2024-10-09,2,Nescafé Blend 43 140g-150g or Gold 90g-100g,5.75,11.5,5.75,50.0,half_price,140g; 150g; 90g; 100g,,SAVE*5.75 | WASS11.50 | Nescafé Blend 43 140g-150g | or Gold 90g-100g,92.52,False,,https://caau.syd1.cdn.digitaloceanspaces.com/wp-content/uploads/catalogue/coles/coles-catalogue-october-2-8-2024-qld-metro/2.jpg,https://www.catalogueau.com/coles/#catalogue=coles/coles-catalogue-october-2-8-2024-qld-metro/,save_was_arithmetic,displayed_price;save_was_arithmetic,2,verified
Coles,QLD METRO,"Coles Catalogue October 2 - 8, 2024 QLD METRO",2024-10-02,2024-10-09,2,"Coca-Cola, Fanta or Sprite Soft Drink 12x300mL",9.5,68.5,59.0,86.13,save_amount,12x300mL,$2.64 per litre,"SAVE: 59,0 | Coca-Cola, Fanta or Sprite Soft | Drink 12x300mL $2.64 per litre | Se",94.55,False,,https://caau.syd1.cdn.digitaloceanspaces.com/wp-content/uploads/catalogue/coles/coles-catalogue-october-2-8-2024-qld-metro/2.jpg,https://www.catalogueau.com/coles/#catalogue=coles/coles-catalogue-october-2-8-2024-qld-metro/,displayed_price,displayed_price;unit_price,2,verified
Coles,QLD METRO,"Coles Catalogue October 2 - 8, 2024 QLD METRO",2024-10-02,2024-10-09,2,Sanitarium Up & Go Liquid Breakfast 6x250mL,6.0,12.0,6.0,50.0,half_price,6x250mL,$4.00 per litre,SAVE*6 | WASS12 | Sanitarium Up & Go Liquid | Breakfast 6x250mL $4.00 per litre,94.84,False,,https://caau.syd1.cdn.digitaloceanspaces.com/wp-content/uploads/catalogue/coles/coles-catalogue-october-2-8-2024-qld-metro/2.jpg,https://www.catalogueau.com/coles/#catalogue=coles/coles-catalogue-october-2-8-2024-qld-metro/,save_was_arithmetic,displayed_price;save_was_arithmetic;unit_price,3,verified
Coles,QLD METRO,"Coles Catalogue October 2 - 8, 2024 QLD METRO",2024-10-02,2024-10-09,2,Supercoat Dry Dog Food 6.7kg-7kg,18.0,36.0,18.0,50.0,half_price,6.7kg; 7kg,,SAVE*18 | WAS$36 | Supercoat Dry Dog Food | 6.7kg-7kg | = — | Hu ‘Ultra Dry,79.0,True,low_name_confidence_strict,https://caau.syd1.cdn.digitaloceanspaces.com/wp-content/uploads/catalogue/coles/coles-catalogue-october-2-8-2024-qld-metro/2.jpg,https://www.catalogueau.com/coles/#catalogue=coles/coles-catalogue-october-2-8-2024-qld-metro/,save_was_arithmetic,displayed_price;save_was_arithmetic,2,review
Coles,QLD METRO,"Coles Catalogue October 2 - 8, 2024 QLD METRO",2024-10-02,2024-10-09,2,Huggies Ultra Dry Jumbo Nappies 60 Pack-108 Pack or Ultra Dry Jumbo Nappy Pants 48 Pack-62 Pack,30.0,39.0,9.0,23.08,save_amount,60 Pack; 108 Pack; 48 Pack; 62 Pack,,SAVES9 | WASS$39 | Huggies Ultra Dry Jumbo Nappies 60 Pack-108 Pack | or Ultra Dry Jumbo Nappy Pants 48 Pack-62 Pack | 2,95.18,False,,https://caau.syd1.cdn.digitaloceanspaces.com/wp-content/uploads/catalogue/coles/coles-catalogue-october-2-8-2024-qld-metro/2.jpg,https://www.catalogueau.com/coles/#catalogue=coles/coles-catalogue-october-2-8-2024-qld-metro/,save_was_arithmetic,displayed_price;save_was_arithmetic,2,verified
Coles,QLD METRO,"Coles Catalogue October 2 - 8, 2024 QLD METRO",2024-10-02,2024-10-09,3,So Good Unsweetened Almond Milk 1 Litre,1.45,2.9,1.45,50.0,half_price,1 Litre,$1.45 per litre,SAVE51.45 | WAS$2.90 | So Good Unsweetened Almond | Milk 1 Litre $1.45 per litre | (6,96.4,False,,https://caau.syd1.cdn.digitaloceanspaces.com/wp-content/uploads/catalogue/coles/coles-catalogue-october-2-8-2024-qld-metro/3.jpg,https://www.catalogueau.com/coles/#catalogue=coles/coles-catalogue-october-2-8-2024-qld-metro/,displayed_price,displayed_price;unit_price,2,verified
Coles,QLD METRO,"Coles Catalogue October 2 - 8, 2024 QLD METRO",2024-10-02,2024-10-09,3,Nice & Natural Nut Bars 180g-192g or Smoothie Bars 100g,2.75,5.5,2.75,50.0,half_price,180g; 192g; 100g,,SAVE52.75 | WASS5.50 | Nice & Natural Nut Bars | 180g-192g or Smoothie Bars 100g,94.01,True,single_price_evidence,https://caau.syd1.cdn.digitaloceanspaces.com/wp-content/uploads/catalogue/coles/coles-catalogue-october-2-8-2024-qld-metro/3.jpg,https://www.catalogueau.com/coles/#catalogue=coles/coles-catalogue-october-2-8-2024-qld-metro/,displayed_price,displayed_price,1,review
Coles,QLD METRO,"Coles Catalogue October 2 - 8, 2024 QLD METRO",2024-10-02,2024-10-09,3,White Wings Baking Mix 365g-475g,3.0,6.0,3.0,50.0,half_price,365g; 475g,,SAVES3 | White Wings Baking Mix | 365g-475g | A | A,90.27,True,single_price_evidence,https://caau.syd1.cdn.digitaloceanspaces.com/wp-content/uploads/catalogue/coles/coles-catalogue-october-2-8-2024-qld-metro/3.jpg,https://www.catalogueau.com/coles/#catalogue=coles/coles-catalogue-october-2-8-2024-qld-metro/,displayed_price,displayed_price,1,review
Coles,QLD METRO,"Coles Catalogue October 2 - 8, 2024 QLD METRO",2024-10-02,2024-10-09,3,Queen Victoria Tea Bags 100 Pack,52.0,54.0,2.0,3.7,save_amount,100 Pack,$0.06 per each,SAVE 2 50 | Queen Victoria Tea Bags | 100 Pack $0.06 per each,96.25,True,single_price_evidence,https://caau.syd1.cdn.digitaloceanspaces.com/wp-content/uploads/catalogue/coles/coles-catalogue-october-2-8-2024-qld-metro/3.jpg,https://www.catalogueau.com/coles/#catalogue=coles/coles-catalogue-october-2-8-2024-qld-metro/,displayed_price,displayed_price,1,review
Coles,QLD METRO,"Coles Catalogue October 2 - 8, 2024 QLD METRO",2024-10-02,2024-10-09,3,Nescafé Blend 43 140g-150g or Gold 90g-100g,5.75,11.5,5.75,50.0,half_price,140g; 150g; 90g; 100g,,SAVES5.75 | WASS$11.50 | Nescafé Blend 43 140g-150g | or Gold 90g-100g,92.48,True,single_price_evidence,https://caau.syd1.cdn.digitaloceanspaces.com/wp-content/uploads/catalogue/coles/coles-catalogue-october-2-8-2024-qld-metro/3.jpg,https://www.catalogueau.com/coles/#catalogue=coles/coles-catalogue-october-2-8-2024-qld-metro/,save_was_arithmetic,save_was_arithmetic,1,review
Coles,QLD METRO,"Coles Catalogue October 2 - 8, 2024 QLD METRO",2024-10-02,2024-10-09,3,Vittoria Mountain Grown or Organic Espresso Coffee Beans Tkg,22.0,44.0,22.0,50.0,half_price,,$2.20 per 100g,SAVE‘S22 | WASS44 | Vittoria Mountain Grown or | Organic Espresso Coffee Beans | Tkg $2.20 per 100g,95.83,False,,https://caau.syd1.cdn.digitaloceanspaces.com/wp-content/uploads/catalogue/coles/coles-catalogue-october-2-8-2024-qld-metro/3.jpg,https://www.catalogueau.com/coles/#catalogue=coles/coles-catalogue-october-2-8-2024-qld-metro/,save_was_arithmetic,displayed_price;save_was_arithmetic,2,verified
Coles,QLD METRO,"Coles Catalogue October 2 - 8, 2024 QLD METRO",2024-10-02,2024-10-09,3,Gold Sunset Canola or Vegetable Oil 4 Litre,15.0,30.0,15.0,50.0,half_price,4 Litre,$0.38 per 100mL,SAVE°15 | WAS$30 | Gold Sunset Canola or Vegetable | Oil 4 Litre $0.38 per 100mL. | On sale for 2 weeks | 3,94.46,False,,https://caau.syd1.cdn.digitaloceanspaces.com/wp-content/uploads/catalogue/coles/coles-catalogue-october-2-8-2024-qld-metro/3.jpg,https://www.catalogueau.com/coles/#catalogue=coles/coles-catalogue-october-2-8-2024-qld-metro/,save_was_arithmetic,displayed_price;save_was_arithmetic,2,verified
Coles,QLD METRO,"Coles Catalogue October 2 - 8, 2024 QLD METRO",2024-10-02,2024-10-09,3,Cadbury Bakin Chocolate,950.5,,,,special,,,Cadbury Bakin | Chocolate | 1 | Blocks or Melts | 80g-225g,94.41,True,offer_labels_missing;save_amount_missing;regular_price_missing;inferred_price_requires_review,https://caau.syd1.cdn.digitaloceanspaces.com/wp-content/uploads/catalogue/coles/coles-catalogue-october-2-8-2024-qld-metro/3.jpg,https://www.catalogueau.com/coles/#catalogue=coles/coles-catalogue-october-2-8-2024-qld-metro/,displayed_price,displayed_price;grid_inference,1,review
Coles,QLD METRO,"Coles Catalogue October 2 - 8, 2024 QLD METRO",2024-10-02,2024-10-09,4,Peters Twin Pole 8 Pack 544mL-592mL,4.0,8.0,4.0,50.0,half_price,8 Pack; 544mL; 592mL,,SAVE 54 | WASS$8 | Peters Twin Pole 8 Pack | 544mL-592mL | Mars,90.01,False,,https://caau.syd1.cdn.digitaloceanspaces.com/wp-content/uploads/catalogue/coles/coles-catalogue-october-2-8-2024-qld-metro/4.jpg,https://www.catalogueau.com/coles/#catalogue=coles/coles-catalogue-october-2-8-2024-qld-metro/,save_was_arithmetic,displayed_price;save_was_arithmetic,2,verified
Coles,QLD METRO,"Coles Catalogue October 2 - 8, 2024 QLD METRO",2024-10-02,2024-10-09,4,Buono Mochi Ice 156g,3.5,750.0,746.5,99.53,save_amount,156g,$2.24 per 100g,WASS750 | WASS750 | Buono Mochi Ice 156g | $2.24 per 100g | es | Bulla,96.55,True,single_price_evidence,https://caau.syd1.cdn.digitaloceanspaces.com/wp-content/uploads/catalogue/coles/coles-catalogue-october-2-8-2024-qld-metro/4.jpg,https://www.catalogueau.com/coles/#catalogue=coles/coles-catalogue-october-2-8-2024-qld-metro/,unit_price,unit_price,1,review
Coles,QLD METRO,"Coles Catalogue October 2 - 8, 2024 QLD METRO",2024-10-02,2024-10-09,4,Bulla Splits or Crunch 8 Pack-14 Pack 400mL-750mL,4.5,9.0,4.5,50.0,half_price,8 Pack; 14 Pack; 400mL; 750mL,,SAVES4.50 | WAS$9 | Bulla Splits or Crunch | 8 Pack-14 Pack 400mL-750mL | a | TEMPURA | PRAWNS | Ss,94.05,False,,https://caau.syd1.cdn.digitaloceanspaces.com/wp-content/uploads/catalogue/coles/coles-catalogue-october-2-8-2024-qld-metro/4.jpg,https://www.catalogueau.com/coles/#catalogue=coles/coles-catalogue-october-2-8-2024-qld-metro/,save_was_arithmetic,displayed_price;save_was_arithmetic,2,verified
Coles,QLD METRO,"Coles Catalogue October 2 - 8, 2024 QLD METRO",2024-10-02,2024-10-09,4,Mars Ice Cream Bars 5 Pack 247mL,4.75,9.5,4.75,50.0,half_price,5 Pack; 247mL,$1.92 per 100mL,SAVE%4.75 | WASS9.50 | Mars Ice Cream Bars 5 Pack 247mL | $1.92 per 100mL | & | = | S | A,94.64,False,,https://caau.syd1.cdn.digitaloceanspaces.com/wp-content/uploads/catalogue/coles/coles-catalogue-october-2-8-2024-qld-metro/4.jpg,https://www.catalogueau.com/coles/#catalogue=coles/coles-catalogue-october-2-8-2024-qld-metro/,save_was_arithmetic,save_was_arithmetic;unit_price,2,verified
Coles,QLD METRO,"Coles Catalogue October 2 - 8, 2024 QLD METRO",2024-10-02,2024-10-09,4,KB's Salt & Pepper Squid 360g or Tempura Prawns 300g,5.25,10.5,5.25,50.0,half_price,360g; 300g,,SAVES5.25 | WASS10.50 | KB's Salt & Pepper Squid 360g | or Tempura Prawns 300g | QLD-METRO-0210-24-285021,95.72,True,single_price_evidence,https://caau.syd1.cdn.digitaloceanspaces.com/wp-content/uploads/catalogue/coles/coles-catalogue-october-2-8-2024-qld-metro/4.jpg,https://www.catalogueau.com/coles/#catalogue=coles/coles-catalogue-october-2-8-2024-qld-metro/,save_was_arithmetic,save_was_arithmetic,1,review
Coles,QLD METRO,"Coles Catalogue October 2 - 8, 2024 QLD METRO",2024-10-02,2024-10-09,4,Golden Wok Honey Soy Chicken or Szechuan Pork Dumplings 230g,4.25,8.5,4.25,50.0,half_price,230g,$1.85 per 100g,SAVE%4.25 | ‘WAS$8.50 | Golden Wok Honey Soy Chicken | or Szechuan Pork Dumplings | 230g $1.85 per 100g | 4,96.46,False,,https://caau.syd1.cdn.digitaloceanspaces.com/wp-content/uploads/catalogue/coles/coles-catalogue-october-2-8-2024-qld-metro/4.jpg,https://www.catalogueau.com/coles/#catalogue=coles/coles-catalogue-october-2-8-2024-qld-metro/,save_was_arithmetic,save_was_arithmetic;unit_price,2,verified
Coles,QLD METRO,"Coles Catalogue October 2 - 8, 2024 QLD METRO",2024-10-02,2024-10-09,4,Birds Eye Southern Blue Whiting Fillets 425g,6.25,12.6,6.35,50.4,half_price,425g,$14.71 per kg,SAVE%6.35 | WASS$12.60 | Birds Eye Southern Blue Whiting | Fillets 425g $14.71 per kg,96.46,False,,https://caau.syd1.cdn.digitaloceanspaces.com/wp-content/uploads/catalogue/coles/coles-catalogue-october-2-8-2024-qld-metro/4.jpg,https://www.catalogueau.com/coles/#catalogue=coles/coles-catalogue-october-2-8-2024-qld-metro/,save_was_arithmetic,displayed_price;save_was_arithmetic;unit_price,3,verified
Coles,QLD METRO,"Coles Catalogue October 2 - 8, 2024 QLD METRO",2024-10-02,2024-10-09,5,Cadbury Chocolate Bar 30g-55g,1.25,2.5,1.25,50.0,half_price,30g; 55g,,SAVE51.25 | WAS$2.50 | Cadbury Chocolate Bar | 30g-55g | —— | Ea | = | eo”,92.52,True,single_price_evidence,https://caau.syd1.cdn.digitaloceanspaces.com/wp-content/uploads/catalogue/coles/coles-catalogue-october-2-8-2024-qld-metro/5.jpg,https://www.catalogueau.com/coles/#catalogue=coles/coles-catalogue-october-2-8-2024-qld-metro/,unknown,,0,review
Coles,QLD METRO,"Coles Catalogue October 2 - 8, 2024 QLD METRO",2024-10-02,2024-10-09,5,Lays Stax 105g,2.0,4.0,2.0,50.0,half_price,105g,$1.90 per 100g,SAVE‘2 | WASS4 | Lays Stax 105g | $1.90 per 100g | =,95.87,False,,https://caau.syd1.cdn.digitaloceanspaces.com/wp-content/uploads/catalogue/coles/coles-catalogue-october-2-8-2024-qld-metro/5.jpg,https://www.catalogueau.com/coles/#catalogue=coles/coles-catalogue-october-2-8-2024-qld-metro/,save_was_arithmetic,displayed_price;save_was_arithmetic;unit_price,3,verified
Coles,QLD METRO,"Coles Catalogue October 2 - 8, 2024 QLD METRO",2024-10-02,2024-10-09,5,Darrell Lea Block Chocolate 160g-180g,3.0,56.0,53.0,94.64,save_amount,160g; 180g,,SAVE53 | Darrell Lea Block Chocolate | 160g-180g,79.0,True,low_name_confidence_strict;single_price_evidence,https://caau.syd1.cdn.digitaloceanspaces.com/wp-content/uploads/catalogue/coles/coles-catalogue-october-2-8-2024-qld-metro/5.jpg,https://www.catalogueau.com/coles/#catalogue=coles/coles-catalogue-october-2-8-2024-qld-metro/,displayed_price,displayed_price,1,review
Coles,QLD METRO,"Coles Catalogue October 2 - 8, 2024 QLD METRO",2024-10-02,2024-10-09,5,Arnott's Jatz or Clix Crackers 225g-250g,2.0,4.0,2.0,50.0,half_price,225g; 250g,,SAVE 52 | WASS4 | Arnott's Jatz or Clix Crackers | 225g-250g | —,91.56,False,,https://caau.syd1.cdn.digitaloceanspaces.com/wp-content/uploads/catalogue/coles/coles-catalogue-october-2-8-2024-qld-metro/5.jpg,https://www.catalogueau.com/coles/#catalogue=coles/coles-catalogue-october-2-8-2024-qld-metro/,save_was_arithmetic,displayed_price;save_was_arithmetic,2,verified
Coles,QLD METRO,"Coles Catalogue October 2 - 8, 2024 QLD METRO",2024-10-02,2024-10-09,5,Kettle Potato Chips or Crafted Collection 150g-165g,3.0,6.0,3.0,50.0,half_price,150g; 165g,,SAVES3 | Kettle Potato Chips or Crafted | Collection 150g-165g,94.61,True,single_price_evidence,https://caau.syd1.cdn.digitaloceanspaces.com/wp-content/uploads/catalogue/coles/coles-catalogue-october-2-8-2024-qld-metro/5.jpg,https://www.catalogueau.com/coles/#catalogue=coles/coles-catalogue-october-2-8-2024-qld-metro/,displayed_price,displayed_price,1,review
Coles,QLD METRO,"Coles Catalogue October 2 - 8, 2024 QLD METRO",2024-10-02,2024-10-09,5,Cadbury Favourites 520g or Lindt Lindor Gift Box 232g-235g,11.0,22.0,11.0,50.0,half_price,520g; 232g; 235g,,SAVE 511 | WAS$22 | Cadbury Favourites 520g or | Lindt Lindor Gift Box 232g-235g | a | == | 1000 ORANGE | ny 818,93.09,False,,https://caau.syd1.cdn.digitaloceanspaces.com/wp-content/uploads/catalogue/coles/coles-catalogue-october-2-8-2024-qld-metro/5.jpg,https://www.catalogueau.com/coles/#catalogue=coles/coles-catalogue-october-2-8-2024-qld-metro/,save_was_arithmetic,displayed_price;save_was_arithmetic,2,verified
Coles,QLD METRO,"Coles Catalogue October 2 - 8, 2024 QLD METRO",2024-10-02,2024-10-09,5,V8 Powerblend 1.25 Litre,3.0,6.0,3.0,50.0,half_price,1.25 Litre,$2.40 per litre,SAVES3 | V8 Powerblend 1.25 Litre | $2.40 per litre | QLD-METRO-0210-24-285021,93.84,False,,https://caau.syd1.cdn.digitaloceanspaces.com/wp-content/uploads/catalogue/coles/coles-catalogue-october-2-8-2024-qld-metro/5.jpg,https://www.catalogueau.com/coles/#catalogue=coles/coles-catalogue-october-2-8-2024-qld-metro/,displayed_price,displayed_price;unit_price,2,verified
Coles,QLD METRO,"Coles Catalogue October 2 - 8, 2024 QLD METRO",2024-10-02,2024-10-09,5,Monster Energy Drink 4x500mL,7.6,15.2,7.6,50.0,half_price,4x500mL,$3.80 per litre,SAVES7.60 | WASS15.20 | Monster Energy Drink 4x500mL | $3.80 per litre,93.12,False,,https://caau.syd1.cdn.digitaloceanspaces.com/wp-content/uploads/catalogue/coles/coles-catalogue-october-2-8-2024-qld-metro/5.jpg,https://www.catalogueau.com/coles/#catalogue=coles/coles-catalogue-october-2-8-2024-qld-metro/,save_was_arithmetic,displayed_price;save_was_arithmetic;unit_price,3,verified
Coles,QLD METRO,"Coles Catalogue October 2 - 8, 2024 QLD METRO",2024-10-02,2024-10-09,5,Drink or Schweppes Infused Sparkling Water 10x375mL,9.0,18.0,9.0,50.0,half_price,10x375mL,$2.40 per litre,Drink or Schweppes Infused | Sparkling Water 10x375mL | $2.40 per litre,95.34,True,single_price_evidence,https://caau.syd1.cdn.digitaloceanspaces.com/wp-content/uploads/catalogue/coles/coles-catalogue-october-2-8-2024-qld-metro/5.jpg,https://www.catalogueau.com/coles/#catalogue=coles/coles-catalogue-october-2-8-2024-qld-metro/,unit_price,unit_price,1,review
Coles,QLD METRO,"Coles Catalogue October 2 - 8, 2024 QLD METRO",2024-10-02,2024-10-09,6,Swisse Ultiboost Iron Tablets 30 Pack”,7.5,15.0,7.5,50.0,half_price,30 Pack,$25.00 per 100 each,SAVE‘7.50 | WASSI5 | Swisse Ultiboost Iron Tablets | 30 Pack” $25.00 per 100 each,84.65,False,,https://caau.syd1.cdn.digitaloceanspaces.com/wp-content/uploads/catalogue/coles/coles-catalogue-october-2-8-2024-qld-metro/6.jpg,https://www.catalogueau.com/coles/#catalogue=coles/coles-catalogue-october-2-8-2024-qld-metro/,save_was_arithmetic,save_was_arithmetic;unit_price,2,verified
Coles,QLD METRO,"Coles Catalogue October 2 - 8, 2024 QLD METRO",2024-10-02,2024-10-09,6,Swisse Ultiboost Vitamin D Capsules 400 Pack*,19.75,39.5,19.75,50.0,half_price,400 Pack,$4.94 per 100 each,SAVES19.75 | WAS$39.50 | Swisse Ultiboost Vitamin D | Capsules 400 Pack* | $4.94 per 100 each | “See page 30 forT&Cs,92.42,False,,https://caau.syd1.cdn.digitaloceanspaces.com/wp-content/uploads/catalogue/coles/coles-catalogue-october-2-8-2024-qld-metro/6.jpg,https://www.catalogueau.com/coles/#catalogue=coles/coles-catalogue-october-2-8-2024-qld-metro/,save_was_arithmetic,save_was_arithmetic;unit_price,2,verified
Coles,QLD METRO,"Coles Catalogue October 2 - 8, 2024 QLD METRO",2024-10-02,2024-10-09,6,Swisse Ultiboost Magnesium Tablets 200 Pack*,24.75,49.5,24.75,50.0,half_price,200 Pack,$12.38 per 100 each,SAVE$24.75 | WAS$49.50 | Swisse Ultiboost Magnesium | Tablets 200 Pack* | $12.38 per 100 each,93.9,False,,https://caau.syd1.cdn.digitaloceanspaces.com/wp-content/uploads/catalogue/coles/coles-catalogue-october-2-8-2024-qld-metro/6.jpg,https://www.catalogueau.com/coles/#catalogue=coles/coles-catalogue-october-2-8-2024-qld-metro/,save_was_arithmetic,save_was_arithmetic;unit_price,2,verified
Coles,QLD METRO,"Coles Catalogue October 2 - 8, 2024 QLD METRO",2024-10-02,2024-10-09,6,Nature's Way Kids Smart Vita Gummies Multi-Vitamin or Vitamin C + Zinc 120 Pack*,15.0,30.0,15.0,50.0,half_price,120 Pack,$12.50 per 100 each,SAVES15 | WAS$30 | Nature's Way Kids Smart Vita | Gummies Multi-Vitamin or | Vitamin C + Zinc 120 Pack* | $12.50 per 100 each,94.05,False,,https://caau.syd1.cdn.digitaloceanspaces.com/wp-content/uploads/catalogue/coles/coles-catalogue-october-2-8-2024-qld-metro/6.jpg,https://www.catalogueau.com/coles/#catalogue=coles/coles-catalogue-october-2-8-2024-qld-metro/,save_was_arithmetic,displayed_price;save_was_arithmetic;unit_price,3,verified
Coles,QLD METRO,"Coles Catalogue October 2 - 8, 2024 QLD METRO",2024-10-02,2024-10-09,6,Nature's Way Adult Vita Gummies Multivitamin or Vitamin C 120 Pack*,12.0,24.0,12.0,50.0,half_price,120 Pack,$10.00 per 100 each,SAVES12 | WAS$24 | Nature's Way Adult Vita Gummies | Multivitamin or Vitamin C | 120 Pack* $10.00 per 100 each,93.94,False,,https://caau.syd1.cdn.digitaloceanspaces.com/wp-content/uploads/catalogue/coles/coles-catalogue-october-2-8-2024-qld-metro/6.jpg,https://www.catalogueau.com/coles/#catalogue=coles/coles-catalogue-october-2-8-2024-qld-metro/,save_was_arithmetic,displayed_price;save_was_arithmetic;unit_price,3,verified
Coles,QLD METRO,"Coles Catalogue October 2 - 8, 2024 QLD METRO",2024-10-02,2024-10-09,6,Nature's Way Extra Strength Magnesium Gummies 60 Pack*,15.0,30.0,15.0,50.0,half_price,60 Pack,$25.00 per 100 each,SAVES15 | WASS30 | Nature's Way Extra Strength | Magnesium Gummies 60 Pack* | $25.00 per 100 each | CH | Bonus | |,94.49,False,,https://caau.syd1.cdn.digitaloceanspaces.com/wp-content/uploads/catalogue/coles/coles-catalogue-october-2-8-2024-qld-metro/6.jpg,https://www.catalogueau.com/coles/#catalogue=coles/coles-catalogue-october-2-8-2024-qld-metro/,save_was_arithmetic,displayed_price;save_was_arithmetic;unit_price,3,verified
Coles,QLD METRO,"Coles Catalogue October 2 - 8, 2024 QLD METRO",2024-10-02,2024-10-09,6,Pantene Shampoo or Conditioner 900mL,10.0,20.0,10.0,50.0,half_price,900mL,$1.11 per 100mL,SAVES10 | WASS. | Pantene Shampoo or | Conditioner 900mL | $1.11 per 100mL,93.82,False,,https://caau.syd1.cdn.digitaloceanspaces.com/wp-content/uploads/catalogue/coles/coles-catalogue-october-2-8-2024-qld-metro/6.jpg,https://www.catalogueau.com/coles/#catalogue=coles/coles-catalogue-october-2-8-2024-qld-metro/,displayed_price,displayed_price;unit_price,2,verified
Coles,QLD METRO,"Coles Catalogue October 2 - 8, 2024 QLD METRO",2024-10-02,2024-10-09,6,Schwarzkopf Brilliance Colourant 1 Pack,11.0,22.0,11.0,50.0,half_price,1 Pack,,"SAVE 511 | ‘WAS§22, | Schwarzkopf Brilliance | Colourant 1 Pack | *See page 30 forT&Cs | “This medicine may not be right for you. Read the label before purchase. Follow the directions for use. If symptoms",93.82,False,,https://caau.syd1.cdn.digitaloceanspaces.com/wp-content/uploads/catalogue/coles/coles-catalogue-october-2-8-2024-qld-metro/6.jpg,https://www.catalogueau.com/coles/#catalogue=coles/coles-catalogue-october-2-8-2024-qld-metro/,save_was_arithmetic,displayed_price;save_was_arithmetic,2,verified
Coles,QLD METRO,"Coles Catalogue October 2 - 8, 2024 QLD METRO",2024-10-02,2024-10-09,6,L'Oréal Paris Bright Reveal Dark Spot Serum 30mL,30.0,60.0,30.0,50.0,half_price,30mL,$100.00 per 100mL,SAVE‘30 | WASS60 | L'Oréal Paris Bright Reveal Dark | Spot Serum 30mL | $100.00 per 100mL,93.35,False,,https://caau.syd1.cdn.digitaloceanspaces.com/wp-content/uploads/catalogue/coles/coles-catalogue-october-2-8-2024-qld-metro/6.jpg,https://www.catalogueau.com/coles/#catalogue=coles/coles-catalogue-october-2-8-2024-qld-metro/,save_was_arithmetic,displayed_price;save_was_arithmetic;unit_price,3,verified
Coles,QLD METRO,"Coles Catalogue October 2 - 8, 2024 QLD METRO",2024-10-02,2024-10-09,7,Dove Advanced Care Antiperspirant Aerosol Deodorant 250mL,5.75,11.5,5.75,50.0,half_price,250mL,$2.30 per 100mL,SAVES5.75 | WASS$11.50 | Dove Advanced Care | Antiperspirant Aerosol | Deodorant 250mL | $2.30 per 100mL,94.01,False,,https://caau.syd1.cdn.digitaloceanspaces.com/wp-content/uploads/catalogue/coles/coles-catalogue-october-2-8-2024-qld-metro/7.jpg,https://www.catalogueau.com/coles/#catalogue=coles/coles-catalogue-october-2-8-2024-qld-metro/,save_was_arithmetic,save_was_arithmetic;unit_price,2,verified
Coles,QLD METRO,"Coles Catalogue October 2 - 8, 2024 QLD METRO",2024-10-02,2024-10-09,7,Dove Body Wash 1 Litre,8.5,17.0,8.5,50.0,half_price,1 Litre,$0.85 per 100mL,SAVES8.50 | Dove Body Wash 1 Litre | $0.85 per 100mL,96.24,False,,https://caau.syd1.cdn.digitaloceanspaces.com/wp-content/uploads/catalogue/coles/coles-catalogue-october-2-8-2024-qld-metro/7.jpg,https://www.catalogueau.com/coles/#catalogue=coles/coles-catalogue-october-2-8-2024-qld-metro/,displayed_price,displayed_price;unit_price,2,verified
Coles,QLD METRO,"Coles Catalogue October 2 - 8, 2024 QLD METRO",2024-10-02,2024-10-09,7,Dove Shampoo or Conditioner 820mL,8.5,17.0,8.5,50.0,half_price,820mL,$1.04 per 100mL,SAVES8.50 | WASS17 | Dove Shampoo or Conditioner | 820mL $1.04 per 100mL,94.53,False,,https://caau.syd1.cdn.digitaloceanspaces.com/wp-content/uploads/catalogue/coles/coles-catalogue-october-2-8-2024-qld-metro/7.jpg,https://www.catalogueau.com/coles/#catalogue=coles/coles-catalogue-october-2-8-2024-qld-metro/,save_was_arithmetic,displayed_price;save_was_arithmetic;unit_price,3,verified
Coles,QLD METRO,"Coles Catalogue October 2 - 8, 2024 QLD METRO",2024-10-02,2024-10-09,7,Dove Advanced Care Antiperspirant Roll On Deodorant 50mL,2.5,5.0,2.5,50.0,half_price,50mL,$5.00 per 100mL,SAVES2.50 | Dove Advanced Care | Antiperspirant Roll On Deodorant | 50mL $5.00 per 100mL. | Exclusions apply,94.22,False,,https://caau.syd1.cdn.digitaloceanspaces.com/wp-content/uploads/catalogue/coles/coles-catalogue-october-2-8-2024-qld-metro/7.jpg,https://www.catalogueau.com/coles/#catalogue=coles/coles-catalogue-october-2-8-2024-qld-metro/,displayed_price,displayed_price;unit_price,2,verified
Coles,QLD METRO,"Coles Catalogue October 2 - 8, 2024 QLD METRO",2024-10-02,2024-10-09,7,Beach Rd Naturals Body Bar 150g,2.0,4.0,2.0,50.0,half_price,150g,$1.33 per 100g,SAVES2 | Beach Rd Naturals Body Bar | 150g $1.33 per 100g,96.2,False,,https://caau.syd1.cdn.digitaloceanspaces.com/wp-content/uploads/catalogue/coles/coles-catalogue-october-2-8-2024-qld-metro/7.jpg,https://www.catalogueau.com/coles/#catalogue=coles/coles-catalogue-october-2-8-2024-qld-metro/,displayed_price,displayed_price;unit_price,2,verified
Coles,QLD METRO,"Coles Catalogue October 2 - 8, 2024 QLD METRO",2024-10-02,2024-10-09,7,Lynx Antiperspirant Deodorant or Bodyspray 165mL,4.0,8.0,4.0,50.0,half_price,165mL,$2.42 per 100mL,SAVES4 | WASS8 | Lynx Antiperspirant Deodorant | or Bodyspray 165mL | $2.42 per 100mL,93.21,False,,https://caau.syd1.cdn.digitaloceanspaces.com/wp-content/uploads/catalogue/coles/coles-catalogue-october-2-8-2024-qld-metro/7.jpg,https://www.catalogueau.com/coles/#catalogue=coles/coles-catalogue-october-2-8-2024-qld-metro/,save_was_arithmetic,displayed_price;save_was_arithmetic;unit_price,3,verified
Coles,QLD METRO,"Coles Catalogue October 2 - 8, 2024 QLD METRO",2024-10-02,2024-10-09,7,L'Oréal Paris Bright Reveal Spot Fading Cleanser 150mL,10.5,21.0,10.5,50.0,half_price,150mL,$7.00 per 100mL,SAVE10.50 | WASS21 | L'Oréal Paris Bright Reveal Spot | Fading Cleanser 150mL | $7.00 per 100mL | QLD-METRO-0210-24-285021,94.0,False,,https://caau.syd1.cdn.digitaloceanspaces.com/wp-content/uploads/catalogue/coles/coles-catalogue-october-2-8-2024-qld-metro/7.jpg,https://www.catalogueau.com/coles/#catalogue=coles/coles-catalogue-october-2-8-2024-qld-metro/,save_was_arithmetic,save_was_arithmetic;unit_price,2,verified
Coles,QLD METRO,"Coles Catalogue October 2 - 8, 2024 QLD METRO",2024-10-02,2024-10-09,7,Oral B 3D White Luxe Whitestrips 14 Pack,22.5,45.0,22.5,50.0,half_price,14 Pack,$1.61 per each,"SAVE$22.50 | WASS45 | Oral B 3D White Luxe Whitestrips | 14 Pack $1.61 per each | TExcludes Every Day, Down Down & clearance items | 7",96.0,True,single_price_evidence,https://caau.syd1.cdn.digitaloceanspaces.com/wp-content/uploads/catalogue/coles/coles-catalogue-october-2-8-2024-qld-metro/7.jpg,https://www.catalogueau.com/coles/#catalogue=coles/coles-catalogue-october-2-8-2024-qld-metro/,save_was_arithmetic,save_was_arithmetic,1,review
Coles,QLD METRO,"Coles Catalogue October 2 - 8, 2024 QLD METRO",2024-10-02,2024-10-09,7,Oral B Pro 300 Electric Toothbrush 1 Pack,45.0,90.0,45.0,50.0,half_price,1 Pack,,SAVES45 | WASS90 | Oral B Pro 300 Electric Toothbrush | 1 Pack,95.11,False,,https://caau.syd1.cdn.digitaloceanspaces.com/wp-content/uploads/catalogue/coles/coles-catalogue-october-2-8-2024-qld-metro/7.jpg,https://www.catalogueau.com/coles/#catalogue=coles/coles-catalogue-october-2-8-2024-qld-metro/,save_was_arithmetic,displayed_price;save_was_arithmetic,2,verified
Coles,QLD METRO,"Coles Catalogue October 2 - 8, 2024 QLD METRO",2024-10-02,2024-10-09,8,Biozet Attack Plus Laundry Liquid 2 Litre or Powder 2kg,13.0,26.0,13.0,50.0,half_price,2 Litre; 2kg,,SAVES13 | WASS26 | Biozet Attack Plus Laundry Liquid | 2 Litre or Powder 2kg | i | KILLS | try,94.97,False,,https://caau.syd1.cdn.digitaloceanspaces.com/wp-content/uploads/catalogue/coles/coles-catalogue-october-2-8-2024-qld-metro/8.jpg,https://www.catalogueau.com/coles/#catalogue=coles/coles-catalogue-october-2-8-2024-qld-metro/,save_was_arithmetic,displayed_price;save_was_arithmetic,2,verified
Coles,QLD METRO,"Coles Catalogue October 2 - 8, 2024 QLD METRO",2024-10-02,2024-10-09,8,Morning Fresh Dishwashing Liquid 350mL or 400mL,2.75,5.5,2.75,50.0,half_price,350mL; 400mL,,SAVES2.75 | WAS$5.50 | Morning Fresh Dishwashing | Liquid 350mL or 400mL,93.24,True,single_price_evidence,https://caau.syd1.cdn.digitaloceanspaces.com/wp-content/uploads/catalogue/coles/coles-catalogue-october-2-8-2024-qld-metro/8.jpg,https://www.catalogueau.com/coles/#catalogue=coles/coles-catalogue-october-2-8-2024-qld-metro/,save_was_arithmetic,save_was_arithmetic,1,review
Coles,QLD METRO,"Coles Catalogue October 2 - 8, 2024 QLD METRO",2024-10-02,2024-10-09,8,Cuddly Concentrate Fabric Conditioner 1 Litre,5.0,10.0,5.0,50.0,half_price,1 Litre,$5.00 per litre,SAVES5 | WASS10 | Cuddly Concentrate Fabric | Conditioner 1 Litre $5.00 per litre,95.75,False,,https://caau.syd1.cdn.digitaloceanspaces.com/wp-content/uploads/catalogue/coles/coles-catalogue-october-2-8-2024-qld-metro/8.jpg,https://www.catalogueau.com/coles/#catalogue=coles/coles-catalogue-october-2-8-2024-qld-metro/,save_was_arithmetic,displayed_price;save_was_arithmetic;unit_price,3,verified
Coles,QLD METRO,"Coles Catalogue October 2 - 8, 2024 QLD METRO",2024-10-02,2024-10-09,8,Pine O Cleen Disinfectant Wipes 110 Pack,6.0,12.0,6.0,50.0,half_price,110 Pack,$0.05 per each,WASS12 | WASS12 | Pine O Cleen Disinfectant Wipes | 110 Pack $0.05 per each | ie,95.63,True,single_price_evidence,https://caau.syd1.cdn.digitaloceanspaces.com/wp-content/uploads/catalogue/coles/coles-catalogue-october-2-8-2024-qld-metro/8.jpg,https://www.catalogueau.com/coles/#catalogue=coles/coles-catalogue-october-2-8-2024-qld-metro/,displayed_price,displayed_price,1,review
Coles,QLD METRO,"Coles Catalogue October 2 - 8, 2024 QLD METRO",2024-10-02,2024-10-09,8,Earth Choice Laundry Liquid 1 Litre,3.85,770.0,766.15,99.5,save_amount,1 Litre,$3.85 per litre,SAVES3.85 | WAS$770 | Earth Choice Laundry Liquid | 1 Litre $3.85 per litre | QLD-METRO-0210-24-285021,95.81,False,,https://caau.syd1.cdn.digitaloceanspaces.com/wp-content/uploads/catalogue/coles/coles-catalogue-october-2-8-2024-qld-metro/8.jpg,https://www.catalogueau.com/coles/#catalogue=coles/coles-catalogue-october-2-8-2024-qld-metro/,displayed_price,displayed_price;unit_price,2,verified
Coles,QLD METRO,"Coles Catalogue October 2 - 8, 2024 QLD METRO",2024-10-02,2024-10-09,8,iON Laundry Liquid 2 Litre,11.0,22.0,11.0,50.0,half_price,2 Litre,$5.50 per litre,SAVE°11 | WASS22 | iON Laundry Liquid 2 Litre | $5.50 per litre,96.44,False,,https://caau.syd1.cdn.digitaloceanspaces.com/wp-content/uploads/catalogue/coles/coles-catalogue-october-2-8-2024-qld-metro/8.jpg,https://www.catalogueau.com/coles/#catalogue=coles/coles-catalogue-october-2-8-2024-qld-metro/,save_was_arithmetic,displayed_price;save_was_arithmetic;unit_price,3,verified
Coles,QLD METRO,"Coles Catalogue October 2 - 8, 2024 QLD METRO",2024-10-02,2024-10-09,8,Finish Ultimate 0% Dishwashing Tablets 46 Pack,25.5,51.0,25.5,50.0,half_price,46 Pack,$0.55 per each,SAVE°25.50 | Finish Ultimate 0% Dishwashing | Tablets 46 Pack $0.55 per each,96.6,True,single_price_evidence,https://caau.syd1.cdn.digitaloceanspaces.com/wp-content/uploads/catalogue/coles/coles-catalogue-october-2-8-2024-qld-metro/8.jpg,https://www.catalogueau.com/coles/#catalogue=coles/coles-catalogue-october-2-8-2024-qld-metro/,unknown,,0,review
Coles,QLD METRO,"Coles Catalogue October 2 - 8, 2024 QLD METRO",2024-10-02,2024-10-09,9,In A Biskit Crackers 160g,2.0,4.0,2.0,50.0,half_price,160g,$1.25 per 100g,WASS4 | WASS4 | In A Biskit Crackers | 160g $1.25 | 160g $1.25 per 100g | per 100g,79.0,True,low_name_confidence_strict,https://caau.syd1.cdn.digitaloceanspaces.com/wp-content/uploads/catalogue/coles/coles-catalogue-october-2-8-2024-qld-metro/9.jpg,https://www.catalogueau.com/coles/#catalogue=coles/coles-catalogue-october-2-8-2024-qld-metro/,displayed_price,displayed_price;page_discount;unit_price,2,review
Coles,QLD METRO,"Coles Catalogue October 2 - 8, 2024 QLD METRO",2024-10-02,2024-10-09,9,Poppin Microwave Popcorn 85g-100g,1.0,2.0,1.0,50.0,half_price,85g; 100g,,WASS2 | WASS2 | Poppin Microwave | Popcorn 85g-100g | Setar | Weet-Bix | We | er-B,94.59,True,inferred_price_requires_review,https://caau.syd1.cdn.digitaloceanspaces.com/wp-content/uploads/catalogue/coles/coles-catalogue-october-2-8-2024-qld-metro/9.jpg,https://www.catalogueau.com/coles/#catalogue=coles/coles-catalogue-october-2-8-2024-qld-metro/,displayed_price,displayed_price;page_discount,1,review
Coles,QLD METRO,"Coles Catalogue October 2 - 8, 2024 QLD METRO",2024-10-02,2024-10-09,9,Sanitarium Weet-Bix Bites 500g-510g,3.0,6.0,3.0,50.0,half_price,500g; 510g,,WASS6 | WASS6 | Sanitarium Weet-Bix Bites 500g-510g,92.69,True,inferred_price_requires_review,https://caau.syd1.cdn.digitaloceanspaces.com/wp-content/uploads/catalogue/coles/coles-catalogue-october-2-8-2024-qld-metro/9.jpg,https://www.catalogueau.com/coles/#catalogue=coles/coles-catalogue-october-2-8-2024-qld-metro/,displayed_price,displayed_price;page_discount,1,review
Coles,QLD METRO,"Coles Catalogue October 2 - 8, 2024 QLD METRO",2024-10-02,2024-10-09,9,Table of Plenty Multipack Sweet Rice Crackers 84g,3.1,6.2,3.1,50.0,half_price,84g,$3.69 per 100g,WAS$6.20 | WAS$6.20 | Table of Plenty Multipack Sweet Rice Crackers 84g | $3.69 per 100g | ),96.3,True,inferred_price_requires_review,https://caau.syd1.cdn.digitaloceanspaces.com/wp-content/uploads/catalogue/coles/coles-catalogue-october-2-8-2024-qld-metro/9.jpg,https://www.catalogueau.com/coles/#catalogue=coles/coles-catalogue-october-2-8-2024-qld-metro/,unit_price,page_discount;unit_price,1,review
Coles,QLD METRO,"Coles Catalogue October 2 - 8, 2024 QLD METRO",2024-10-02,2024-10-09,9,99th Monkey Almond Butter Spread 200g,3.5,7.0,3.5,50.0,half_price,200g,$1.75 per 100g,WAS$7 | WAS$7 | 99th Monkey Almond Butter | Spread 200g $1.75 per 100g | QLD-METRO-0210-24-285021,96.21,True,inferred_price_requires_review,https://caau.syd1.cdn.digitaloceanspaces.com/wp-content/uploads/catalogue/coles/coles-catalogue-october-2-8-2024-qld-metro/9.jpg,https://www.catalogueau.com/coles/#catalogue=coles/coles-catalogue-october-2-8-2024-qld-metro/,unit_price,page_discount;unit_price,1,review
Coles,QLD METRO,"Coles Catalogue October 2 - 8, 2024 QLD METRO",2024-10-02,2024-10-09,9,Smash Fashion Tritan Drink Bottle 700mL,4.5,9.0,4.5,50.0,half_price,700mL,$4.50 per each,WASS9 | WASS9 | Smash Fashion Tritan Drink | Bottle 700mL $4.50 per each,94.07,True,inferred_price_requires_review,https://caau.syd1.cdn.digitaloceanspaces.com/wp-content/uploads/catalogue/coles/coles-catalogue-october-2-8-2024-qld-metro/9.jpg,https://www.catalogueau.com/coles/#catalogue=coles/coles-catalogue-october-2-8-2024-qld-metro/,unit_price,page_discount;unit_price,1,review
Coles,QLD METRO,"Coles Catalogue October 2 - 8, 2024 QLD METRO",2024-10-02,2024-10-09,9,Smash Blue Stainless Steel Bento Box 1300mL,13.75,27.5,13.75,50.0,half_price,1300mL,$13.75 per each,‘WAS$2750 | ‘WAS$2750 | Smash Blue Stainless Steel Bento | Box 1300mL $13.75 per each,94.9,True,inferred_price_requires_review,https://caau.syd1.cdn.digitaloceanspaces.com/wp-content/uploads/catalogue/coles/coles-catalogue-october-2-8-2024-qld-metro/9.jpg,https://www.catalogueau.com/coles/#catalogue=coles/coles-catalogue-october-2-8-2024-qld-metro/,unit_price,page_discount;unit_price,1,review
Coles,QLD METRO,"Coles Catalogue October 2 - 8, 2024 QLD METRO",2024-10-02,2024-10-09,10,Goulburn Valley Fruits in Juice 700g,3.0,5.0,2.0,40.0,save_amount,700g,$4.29 per kg,SAVE 52 | WASS5 | Goulburn Valley Fruits in Juice 700g | $4.29 per kg | ARNOTIS F,96.0,False,,https://caau.syd1.cdn.digitaloceanspaces.com/wp-content/uploads/catalogue/coles/coles-catalogue-october-2-8-2024-qld-metro/10.jpg,https://www.catalogueau.com/coles/#catalogue=coles/coles-catalogue-october-2-8-2024-qld-metro/,save_was_arithmetic,displayed_price;save_was_arithmetic;unit_price,3,verified
Coles,QLD METRO,"Coles Catalogue October 2 - 8, 2024 QLD METRO",2024-10-02,2024-10-09,10,Twisties 6 Pack or Jumpy's or Doritos 5 Pack,7.0,8.0,1.0,12.5,save_amount,6 Pack; 5 Pack,,SAVE $1 | Twisties 6 Pack or | Jumpy's or Doritos 5 Pack | ie | Ne’ | | vitaWeat | rd,94.36,True,single_price_evidence,https://caau.syd1.cdn.digitaloceanspaces.com/wp-content/uploads/catalogue/coles/coles-catalogue-october-2-8-2024-qld-metro/10.jpg,https://www.catalogueau.com/coles/#catalogue=coles/coles-catalogue-october-2-8-2024-qld-metro/,displayed_price,displayed_price,1,review
Coles,QLD METRO,"Coles Catalogue October 2 - 8, 2024 QLD METRO",2024-10-02,2024-10-09,10,Arnoft's Multipack Shapes Crackers 200g,3.5,53.5,50.0,93.46,save_amount,200g,$1.75 per 100g,"SAVE .50 | Arnoft's Multipack Shapes | Crackers 200g $1.75 per 100g. | 2nd week on sale | @,p| @,| @ | @, | =]",79.0,True,low_name_confidence_strict,https://caau.syd1.cdn.digitaloceanspaces.com/wp-content/uploads/catalogue/coles/coles-catalogue-october-2-8-2024-qld-metro/10.jpg,https://www.catalogueau.com/coles/#catalogue=coles/coles-catalogue-october-2-8-2024-qld-metro/,displayed_price,displayed_price;unit_price,2,review
Coles,QLD METRO,"Coles Catalogue October 2 - 8, 2024 QLD METRO",2024-10-02,2024-10-09,10,Arnott's Salada or Vita-Weat Crispbreads 250g or Shapes Crackers 130g-190g,6.0,8.0,2.0,25.0,save_amount,250g; 130g; 190g,,SAVE $2 | Arnott's Salada or Vita-Weat | Crispbreads 250g or Shapes | Crackers 130g-190g | =] | = | =,91.39,True,single_price_evidence,https://caau.syd1.cdn.digitaloceanspaces.com/wp-content/uploads/catalogue/coles/coles-catalogue-october-2-8-2024-qld-metro/10.jpg,https://www.catalogueau.com/coles/#catalogue=coles/coles-catalogue-october-2-8-2024-qld-metro/,displayed_price,displayed_price,1,review
Coles,QLD METRO,"Coles Catalogue October 2 - 8, 2024 QLD METRO",2024-10-02,2024-10-09,10,Arnott's Scotch Finger or Malt'o'Milk Biscuits 250g,2.5,3.3,0.8,24.24,save_amount,250g,$1.00 per 100g,WASS3.30 | WASS3.30 | Arnott's Scotch Finger or | Malt'o'Milk Biscuits 250g | $1.00 per 100g. On sale for 2 weeks | wr,84.38,False,,https://caau.syd1.cdn.digitaloceanspaces.com/wp-content/uploads/catalogue/coles/coles-catalogue-october-2-8-2024-qld-metro/10.jpg,https://www.catalogueau.com/coles/#catalogue=coles/coles-catalogue-october-2-8-2024-qld-metro/,displayed_price,displayed_price;unit_price,2,verified
Coles,QLD METRO,"Coles Catalogue October 2 - 8, 2024 QLD METRO",2024-10-02,2024-10-09,10,Golden Circle Juice 2 Litre,3.5,4.8,1.3,27.08,save_amount,2 Litre,$1.75 per litre,"SAVE*1.30 | WASS$4.80 | Golden Circle Juice | 2 Litre $1.75 per litre. | Excludes Pineapple, | Grape, Orange and | Orange & Mango | 10",95.9,False,,https://caau.syd1.cdn.digitaloceanspaces.com/wp-content/uploads/catalogue/coles/coles-catalogue-october-2-8-2024-qld-metro/10.jpg,https://www.catalogueau.com/coles/#catalogue=coles/coles-catalogue-october-2-8-2024-qld-metro/,save_was_arithmetic,displayed_price;save_was_arithmetic;unit_price,3,verified
Coles,QLD METRO,"Coles Catalogue October 2 - 8, 2024 QLD METRO",2024-10-02,2024-10-09,10,Fantastic Noodle Cup or Bowl 70g-85g,1.75,2.5,0.75,30.0,save_amount,70g; 85g,,SAVE75° | WASS2.50 | Fantastic Noodle Cup | or Bowl 70g-85g | QLD-METRO-0210-24-285021,94.06,True,single_price_evidence,https://caau.syd1.cdn.digitaloceanspaces.com/wp-content/uploads/catalogue/coles/coles-catalogue-october-2-8-2024-qld-metro/10.jpg,https://www.catalogueau.com/coles/#catalogue=coles/coles-catalogue-october-2-8-2024-qld-metro/,displayed_price,displayed_price,1,review
Coles,QLD METRO,"Coles Catalogue October 2 - 8, 2024 QLD METRO",2024-10-02,2024-10-09,10,Golden Circle Tetra Fruit Drink 6x250mL,7.0,10.2,3.2,31.37,save_amount,6x250mL,$2.33 per litre,SAVE $3.20 | Golden Circle Tetra Fruit | Drink 6x250mL | $2.33 per litre | 10,94.55,True,unit_price_conflict;single_price_evidence,https://caau.syd1.cdn.digitaloceanspaces.com/wp-content/uploads/catalogue/coles/coles-catalogue-october-2-8-2024-qld-metro/10.jpg,https://www.catalogueau.com/coles/#catalogue=coles/coles-catalogue-october-2-8-2024-qld-metro/,displayed_price,displayed_price,1,review
Coles,QLD METRO,"Coles Catalogue October 2 - 8, 2024 QLD METRO",2024-10-02,2024-10-09,10,Diet Rite Cordial 1 Litre,3.5,,,,special,1 Litre,$3.50 per litre,Diet Rite Cordial 1 Litre | $3.50 per litre,96.23,False,,https://caau.syd1.cdn.digitaloceanspaces.com/wp-content/uploads/catalogue/coles/coles-catalogue-october-2-8-2024-qld-metro/10.jpg,https://www.catalogueau.com/coles/#catalogue=coles/coles-catalogue-october-2-8-2024-qld-metro/,displayed_price,displayed_price;unit_price,2,verified
Coles,QLD METRO,"Coles Catalogue October 2 - 8, 2024 QLD METRO",2024-10-02,2024-10-09,11,Jordans Granola or Oat Clusters 500g-750g or Dorset Granola or Muesli 450g,5.4,9.0,3.6,40.0,save_amount,500g; 750g; 450g,,Jordans Granola or Oat Clusters 500g-750g | or Dorset Granola or Muesli 450g,95.32,True,offer_labels_missing;single_price_evidence,https://caau.syd1.cdn.digitaloceanspaces.com/wp-content/uploads/catalogue/coles/coles-catalogue-october-2-8-2024-qld-metro/11.jpg,https://www.catalogueau.com/coles/#catalogue=coles/coles-catalogue-october-2-8-2024-qld-metro/,unknown,,0,review
Coles,QLD METRO,"Coles Catalogue October 2 - 8, 2024 QLD METRO",2024-10-02,2024-10-09,11,"Kellogg's Nutri Grain 470g, Coco Pops Chex 500g or Sultana Bran 700g",7.0,9.0,2.0,22.22,save_amount,470g; 500g; 700g,,"WASS9 | WASS9 | Kellogg's Nutri Grain 470g, | Coco Pops Chex 500g or | Sultana Bran 700g | > | 2 BAR PACK | SS",95.32,True,single_price_evidence,https://caau.syd1.cdn.digitaloceanspaces.com/wp-content/uploads/catalogue/coles/coles-catalogue-october-2-8-2024-qld-metro/11.jpg,https://www.catalogueau.com/coles/#catalogue=coles/coles-catalogue-october-2-8-2024-qld-metro/,displayed_price,displayed_price,1,review
Coles,QLD METRO,"Coles Catalogue October 2 - 8, 2024 QLD METRO",2024-10-02,2024-10-09,11,Carman’s Protein Bars 150g-200g,56.0,750.0,694.0,92.53,save_amount,150g; 200g,,WAS$750 | WAS$750 | Carman’s Protein Bars | 150g-200g | Tl | a | | ____——___,91.26,True,single_price_evidence,https://caau.syd1.cdn.digitaloceanspaces.com/wp-content/uploads/catalogue/coles/coles-catalogue-october-2-8-2024-qld-metro/11.jpg,https://www.catalogueau.com/coles/#catalogue=coles/coles-catalogue-october-2-8-2024-qld-metro/,displayed_price,displayed_price,1,review
Coles,QLD METRO,"Coles Catalogue October 2 - 8, 2024 QLD METRO",2024-10-02,2024-10-09,11,Nestlé Milo Bars Value Pack 270g,6.0,8.0,2.0,25.0,save_amount,270g,$2.22 per 100g,"WASS8 | WASS8 | Nestlé Milo Bars Value | Pack 270g | $2.22 per 100g | NOURISHING ENGROY | (MILO),",95.79,False,,https://caau.syd1.cdn.digitaloceanspaces.com/wp-content/uploads/catalogue/coles/coles-catalogue-october-2-8-2024-qld-metro/11.jpg,https://www.catalogueau.com/coles/#catalogue=coles/coles-catalogue-october-2-8-2024-qld-metro/,displayed_price,displayed_price;unit_price,2,verified
Coles,QLD METRO,"Coles Catalogue October 2 - 8, 2024 QLD METRO",2024-10-02,2024-10-09,11,Noshu Low Carb Indulgence Bars 150g-160g,6.2,8.9,2.7,30.34,save_amount,150g; 160g,,WASS8.90 | WASS8.90 | Noshu Low Carb | Indulgence Bars | 150g-160g | —s | ————,93.64,True,single_price_evidence,https://caau.syd1.cdn.digitaloceanspaces.com/wp-content/uploads/catalogue/coles/coles-catalogue-october-2-8-2024-qld-metro/11.jpg,https://www.catalogueau.com/coles/#catalogue=coles/coles-catalogue-october-2-8-2024-qld-metro/,displayed_price,displayed_price,1,review
Coles,QLD METRO,"Coles Catalogue October 2 - 8, 2024 QLD METRO",2024-10-02,2024-10-09,11,"Bega Cheese Block, Slices or Grated 250g",6.0,750.0,744.0,99.2,save_amount,250g,$24.00 per kg,"WAS$750 | WAS$750 | Bega Cheese Block, | Slices or Grated 250g | $24.00 per kg. | On sale for 2 weeks",96.73,False,,https://caau.syd1.cdn.digitaloceanspaces.com/wp-content/uploads/catalogue/coles/coles-catalogue-october-2-8-2024-qld-metro/11.jpg,https://www.catalogueau.com/coles/#catalogue=coles/coles-catalogue-october-2-8-2024-qld-metro/,displayed_price,displayed_price;unit_price,2,verified
Coles,QLD METRO,"Coles Catalogue October 2 - 8, 2024 QLD METRO",2024-10-02,2024-10-09,11,Bega Smooth or Crunchy Peanut Butter 375g,4.5,5.8,1.3,22.41,save_amount,375g,$1.20 per 100g,WASS5.80 | WASS5.80 | Bega Smooth or | Crunchy Peanut Butter | 375g $1.20 per 100g | QLD-METRO-0210-24-285021,95.83,True,single_price_evidence,https://caau.syd1.cdn.digitaloceanspaces.com/wp-content/uploads/catalogue/coles/coles-catalogue-october-2-8-2024-qld-metro/11.jpg,https://www.catalogueau.com/coles/#catalogue=coles/coles-catalogue-october-2-8-2024-qld-metro/,unit_price,unit_price,1,review
Coles,QLD METRO,"Coles Catalogue October 2 - 8, 2024 QLD METRO",2024-10-02,2024-10-09,11,Nestlé Milo 395g-460g,6.8,9.8,3.0,30.61,save_amount,395g; 460g,,WASS9.80 | WASS9.80 | Nestlé Milo 395g-460g | $1.38,88.65,True,single_price_evidence,https://caau.syd1.cdn.digitaloceanspaces.com/wp-content/uploads/catalogue/coles/coles-catalogue-october-2-8-2024-qld-metro/11.jpg,https://www.catalogueau.com/coles/#catalogue=coles/coles-catalogue-october-2-8-2024-qld-metro/,displayed_price,displayed_price,1,review
Coles,QLD METRO,"Coles Catalogue October 2 - 8, 2024 QLD METRO",2024-10-02,2024-10-09,11,Danone YoPRO Protein Yoghurt 160g,2.2,3.0,0.8,26.67,save_amount,160g,$1.38 per 100g,WASS3 | WASS3 | Danone YoPRO Protein | Yoghurt 160g | $1.38 per 100g | $1.38,95.4,True,single_price_evidence,https://caau.syd1.cdn.digitaloceanspaces.com/wp-content/uploads/catalogue/coles/coles-catalogue-october-2-8-2024-qld-metro/11.jpg,https://www.catalogueau.com/coles/#catalogue=coles/coles-catalogue-october-2-8-2024-qld-metro/,unit_price,unit_price,1,review
Coles,QLD METRO,"Coles Catalogue October 2 - 8, 2024 QLD METRO",2024-10-02,2024-10-09,11,Kellogg's Nutri Grain or LCMs 12 Pack 240g-264g,12.0,,,,special,12 Pack; 240g; 264g,,Kellogg's Nutri Grain | or LCMs 12 Pack | 240g-264g | oF,93.19,True,offer_labels_missing;save_amount_missing;regular_price_missing;inferred_price_requires_review,https://caau.syd1.cdn.digitaloceanspaces.com/wp-content/uploads/catalogue/coles/coles-catalogue-october-2-8-2024-qld-metro/11.jpg,https://www.catalogueau.com/coles/#catalogue=coles/coles-catalogue-october-2-8-2024-qld-metro/,displayed_price,displayed_price;grid_inference,1,review
Coles,QLD METRO,"Coles Catalogue October 2 - 8, 2024 QLD METRO",2024-10-02,2024-10-09,12,Chobani Flip Yogurt 140g,1.75,3.5,1.75,50.0,half_price,140g,$1.25 per 100g,WASS3.50 | WASS3.50 | Chobani Flip Yogurt 140g | $1.25 per 100g | 9 | aS — | = | =!,94.81,True,inferred_price_requires_review,https://caau.syd1.cdn.digitaloceanspaces.com/wp-content/uploads/catalogue/coles/coles-catalogue-october-2-8-2024-qld-metro/12.jpg,https://www.catalogueau.com/coles/#catalogue=coles/coles-catalogue-october-2-8-2024-qld-metro/,unit_price,page_discount;unit_price,1,review
Coles,QLD METRO,"Coles Catalogue October 2 - 8, 2024 QLD METRO",2024-10-02,2024-10-09,12,Yoplait Petit Miam Yoghurt Pouch 70g,0.85,110.0,109.15,99.23,save_amount,70g,$1.21 per 100g,WASS110 | WASS110 | Yoplait Petit Miam Yoghurt | Pouch 70g $1.21 per 100g | [A201 SUGAR + BCAAs + PROBICNCS | error | a | YoPRO,94.74,True,single_price_evidence,https://caau.syd1.cdn.digitaloceanspaces.com/wp-content/uploads/catalogue/coles/coles-catalogue-october-2-8-2024-qld-metro/12.jpg,https://www.catalogueau.com/coles/#catalogue=coles/coles-catalogue-october-2-8-2024-qld-metro/,unit_price,unit_price,1,review
Coles,QLD METRO,"Coles Catalogue October 2 - 8, 2024 QLD METRO",2024-10-02,2024-10-09,12,YoPRO Perform Protein Yoghurt 175g,2.8,3.7,0.9,24.32,save_amount,175g,$1.60 per 100g,WASS3.70 | WASS3.70 | YoPRO Perform Protein | Yoghurt 175g | $1.60 per 100g | ~) | cae,93.49,False,,https://caau.syd1.cdn.digitaloceanspaces.com/wp-content/uploads/catalogue/coles/coles-catalogue-october-2-8-2024-qld-metro/12.jpg,https://www.catalogueau.com/coles/#catalogue=coles/coles-catalogue-october-2-8-2024-qld-metro/,displayed_price,displayed_price;unit_price,2,verified
Coles,QLD METRO,"Coles Catalogue October 2 - 8, 2024 QLD METRO",2024-10-02,2024-10-09,12,Chobani Greek Yogurt 907g,6.25,790.0,783.75,99.21,save_amount,907g,$0.69 per 100g,‘was$790 | ‘was$790 | Chobani Greek Yogurt | 907g $0.69 per 100g,95.58,True,single_price_evidence,https://caau.syd1.cdn.digitaloceanspaces.com/wp-content/uploads/catalogue/coles/coles-catalogue-october-2-8-2024-qld-metro/12.jpg,https://www.catalogueau.com/coles/#catalogue=coles/coles-catalogue-october-2-8-2024-qld-metro/,unit_price,unit_price,1,review
Coles,QLD METRO,"Coles Catalogue October 2 - 8, 2024 QLD METRO",2024-10-02,2024-10-09,12,Chobani Fit Protein Yogurt Pouch 140g,2.2,2.8,0.6,21.43,save_amount,140g,$1.57 per 100g,WAS$2.80 | WAS$2.80 | Chobani Fit Protein | Yogurt Pouch 140g | $1.57 per 100g | SSS,94.8,True,single_price_evidence,https://caau.syd1.cdn.digitaloceanspaces.com/wp-content/uploads/catalogue/coles/coles-catalogue-october-2-8-2024-qld-metro/12.jpg,https://www.catalogueau.com/coles/#catalogue=coles/coles-catalogue-october-2-8-2024-qld-metro/,unit_price,unit_price,1,review
Coles,QLD METRO,"Coles Catalogue October 2 - 8, 2024 QLD METRO",2024-10-02,2024-10-09,12,Gippsland Dairy Twist Yoghurt 700g,6.3,7.9,1.6,20.25,save_amount,700g,$0.90 per 100g,WASS$7.90 | WASS$7.90 | Gippsland Dairy Twist | Yoghurt 700g | ‘) | $0.90 per 100g,79.0,True,low_name_confidence_strict;single_price_evidence,https://caau.syd1.cdn.digitaloceanspaces.com/wp-content/uploads/catalogue/coles/coles-catalogue-october-2-8-2024-qld-metro/12.jpg,https://www.catalogueau.com/coles/#catalogue=coles/coles-catalogue-october-2-8-2024-qld-metro/,unit_price,unit_price,1,review
Coles,QLD METRO,"Coles Catalogue October 2 - 8, 2024 QLD METRO",2024-10-02,2024-10-09,12,Tamar Valley Dairy The Creamery Yoghurt 700g,6.0,750.0,744.0,99.2,save_amount,700g,$0.86 per 100g,WAS$750 | WAS$750 | Tamar Valley Dairy | The Creamery Yoghurt | 700g $0.86 per 100g | Coles Group acknowledges the Traditional Custodians of Country throughout Australia,95.97,False,,https://caau.syd1.cdn.digitaloceanspaces.com/wp-content/uploads/catalogue/coles/coles-catalogue-october-2-8-2024-qld-metro/12.jpg,https://www.catalogueau.com/coles/#catalogue=coles/coles-catalogue-october-2-8-2024-qld-metro/,displayed_price,displayed_price;unit_price,2,verified
Coles,QLD METRO,"Coles Catalogue October 2 - 8, 2024 QLD METRO",2024-10-02,2024-10-09,12,St rawberry,7.0,,,,special,,,St rawberry,79.0,True,offer_labels_missing;save_amount_missing;regular_price_missing;low_name_confidence_strict;inferred_price_requires_review,https://caau.syd1.cdn.digitaloceanspaces.com/wp-content/uploads/catalogue/coles/coles-catalogue-october-2-8-2024-qld-metro/12.jpg,https://www.catalogueau.com/coles/#catalogue=coles/coles-catalogue-october-2-8-2024-qld-metro/,displayed_price,displayed_price;grid_inference,1,review
Coles,QLD METRO,"Coles Catalogue October 2 - 8, 2024 QLD METRO",2024-10-02,2024-10-09,12,Coles Kitchen Pizza 420g-470g,12.0,,,,special,420g; 470g,,Coles Kitchen Pizza | 420g-470g | *See page 30 for T&Cs | e,79.0,True,offer_labels_missing;save_amount_missing;regular_price_missing;low_name_confidence_strict;inferred_price_requires_review,https://caau.syd1.cdn.digitaloceanspaces.com/wp-content/uploads/catalogue/coles/coles-catalogue-october-2-8-2024-qld-metro/12.jpg,https://www.catalogueau.com/coles/#catalogue=coles/coles-catalogue-october-2-8-2024-qld-metro/,displayed_price,displayed_price;grid_inference,1,review
Coles,QLD METRO,"Coles Catalogue October 2 - 8, 2024 QLD METRO",2024-10-02,2024-10-09,12,Vaalia Probiotics Yoghurt 900g,9.0,,,,special,900g,$0.50 per 100g,Vaalia Probiotics | Yoghurt 900g | $0.50 per 100g | =,94.81,True,offer_labels_missing;save_amount_missing;regular_price_missing;unit_price_conflict;single_price_evidence,https://caau.syd1.cdn.digitaloceanspaces.com/wp-content/uploads/catalogue/coles/coles-catalogue-october-2-8-2024-qld-metro/12.jpg,https://www.catalogueau.com/coles/#catalogue=coles/coles-catalogue-october-2-8-2024-qld-metro/,displayed_price,displayed_price,1,review
Coles,QLD METRO,"Coles Catalogue October 2 - 8, 2024 QLD METRO",2024-10-02,2024-10-09,12,Primo Sliced Meat 80g-100g,6.41,,,,special,80g; 100g,,Primo Sliced Meat | 80g-100g | 2nd week on sale. | *See page 30 for T&Cs,79.0,True,offer_labels_missing;save_amount_missing;regular_price_missing;low_name_confidence_strict;single_price_evidence,https://caau.syd1.cdn.digitaloceanspaces.com/wp-content/uploads/catalogue/coles/coles-catalogue-october-2-8-2024-qld-metro/12.jpg,https://www.catalogueau.com/coles/#catalogue=coles/coles-catalogue-october-2-8-2024-qld-metro/,displayed_price,displayed_price,1,review
Coles,QLD METRO,"Coles Catalogue October 2 - 8, 2024 QLD METRO",2024-10-02,2024-10-09,13,Coles Danish Style Fetta Cheese 200g,3.3,,,,special,200g,$16.50 per kg,Coles Danish Style Fetta Cheese | 200g $16.50 per kg | wy,95.79,True,single_price_evidence,https://caau.syd1.cdn.digitaloceanspaces.com/wp-content/uploads/catalogue/coles/coles-catalogue-october-2-8-2024-qld-metro/13.jpg,https://www.catalogueau.com/coles/#catalogue=coles/coles-catalogue-october-2-8-2024-qld-metro/,unit_price,unit_price,1,review
Coles,QLD METRO,"Coles Catalogue October 2 - 8, 2024 QLD METRO",2024-10-02,2024-10-09,13,Coles Cherry Bocconcini Cheese 220g,4.8,,,,special,220g,$21.82 per kg,Coles Cherry Bocconcini | Cheese 220g $21.82 per kg | — | ———a | | | cr,94.94,False,,https://caau.syd1.cdn.digitaloceanspaces.com/wp-content/uploads/catalogue/coles/coles-catalogue-october-2-8-2024-qld-metro/13.jpg,https://www.catalogueau.com/coles/#catalogue=coles/coles-catalogue-october-2-8-2024-qld-metro/,displayed_price,displayed_price;unit_price,2,verified
Coles,QLD METRO,"Coles Catalogue October 2 - 8, 2024 QLD METRO",2024-10-02,2024-10-09,13,Devondale Cheese Shredded 750g,13.5,,,,special,750g,$18.00 per kg,Devondale Cheese Shredded | 750g $18.00 per kg | 3,95.64,True,single_price_evidence,https://caau.syd1.cdn.digitaloceanspaces.com/wp-content/uploads/catalogue/coles/coles-catalogue-october-2-8-2024-qld-metro/13.jpg,https://www.catalogueau.com/coles/#catalogue=coles/coles-catalogue-october-2-8-2024-qld-metro/,unit_price,unit_price,1,review
Coles,QLD METRO,"Coles Catalogue October 2 - 8, 2024 QLD METRO",2024-10-02,2024-10-09,13,Primo Stackers 45g-50g,3.3,,,,special,45g; 50g,,Primo Stackers 45g-50g | *See page 30 for T&Cs,92.79,True,offer_labels_missing;save_amount_missing;regular_price_missing;single_price_evidence,https://caau.syd1.cdn.digitaloceanspaces.com/wp-content/uploads/catalogue/coles/coles-catalogue-october-2-8-2024-qld-metro/13.jpg,https://www.catalogueau.com/coles/#catalogue=coles/coles-catalogue-october-2-8-2024-qld-metro/,displayed_price,displayed_price,1,review
Coles,QLD METRO,"Coles Catalogue October 2 - 8, 2024 QLD METRO",2024-10-02,2024-10-09,13,Arnott's Jatz Crackers & Tasty Cheese 33g,2.7,,,,special,33g,$8.18 per 100g,Arnott's Jatz Crackers & Tasty | Cheese 33g $8.18 per 100g | a,94.54,False,,https://caau.syd1.cdn.digitaloceanspaces.com/wp-content/uploads/catalogue/coles/coles-catalogue-october-2-8-2024-qld-metro/13.jpg,https://www.catalogueau.com/coles/#catalogue=coles/coles-catalogue-october-2-8-2024-qld-metro/,displayed_price,displayed_price;unit_price,2,verified
Coles,QLD METRO,"Coles Catalogue October 2 - 8, 2024 QLD METRO",2024-10-02,2024-10-09,13,Mersey Valley Cheese 180g,6.2,,,,special,180g,$34.44 per kg,Mersey Valley Cheese 180g | $34.44 per kg,96.45,False,,https://caau.syd1.cdn.digitaloceanspaces.com/wp-content/uploads/catalogue/coles/coles-catalogue-october-2-8-2024-qld-metro/13.jpg,https://www.catalogueau.com/coles/#catalogue=coles/coles-catalogue-october-2-8-2024-qld-metro/,displayed_price,displayed_price;unit_price,2,verified
Coles,QLD METRO,"Coles Catalogue October 2 - 8, 2024 QLD METRO",2024-10-02,2024-10-09,13,Devondale Butter 250g,4.0,,,,special,250g,$1.60 per 100g,Devondale Butter 250g | $1.60 per 100g,93.97,False,,https://caau.syd1.cdn.digitaloceanspaces.com/wp-content/uploads/catalogue/coles/coles-catalogue-october-2-8-2024-qld-metro/13.jpg,https://www.catalogueau.com/coles/#catalogue=coles/coles-catalogue-october-2-8-2024-qld-metro/,displayed_price,displayed_price;unit_price,2,verified
Coles,QLD METRO,"Coles Catalogue October 2 - 8, 2024 QLD METRO",2024-10-02,2024-10-09,15,Coles Hot Roast RSPCA Approved Chicken,10.0,12.0,2.0,16.67,save_amount,,,WASS12 | WASS12 | Coles Hot Roast RSPCA | Approved Chicken | Selected stores only*. | On sale for 2 weeks,96.21,True,single_price_evidence,https://caau.syd1.cdn.digitaloceanspaces.com/wp-content/uploads/catalogue/coles/coles-catalogue-october-2-8-2024-qld-metro/15.jpg,https://www.catalogueau.com/coles/#catalogue=coles/coles-catalogue-october-2-8-2024-qld-metro/,displayed_price,displayed_price,1,review
Coles,QLD METRO,"Coles Catalogue October 2 - 8, 2024 QLD METRO",2024-10-02,2024-10-09,15,Coles Australian Thawed Raw Black Tiger Prawns,26.0,33.0,7.0,21.21,save_amount,,,WAS $33kg | WAS $33kg | Coles Australian Thawed Raw | Black Tiger Prawns | Selected stores only* | te | $130,95.98,True,single_price_evidence,https://caau.syd1.cdn.digitaloceanspaces.com/wp-content/uploads/catalogue/coles/coles-catalogue-october-2-8-2024-qld-metro/15.jpg,https://www.catalogueau.com/coles/#catalogue=coles/coles-catalogue-october-2-8-2024-qld-metro/,displayed_price,displayed_price,1,review
Coles,QLD METRO,"Coles Catalogue October 2 - 8, 2024 QLD METRO",2024-10-02,2024-10-09,15,Coles Thawed Cooked Vannamei Prawns Selected stores only*,15.0,201.0,186.0,92.54,save_amount,,,WAS $201 | WAS $201 | Coles Thawed Cooked Vannamei | Prawns Selected stores only*. | On sale for 2 weeks,93.08,True,single_price_evidence,https://caau.syd1.cdn.digitaloceanspaces.com/wp-content/uploads/catalogue/coles/coles-catalogue-october-2-8-2024-qld-metro/15.jpg,https://www.catalogueau.com/coles/#catalogue=coles/coles-catalogue-october-2-8-2024-qld-metro/,displayed_price,displayed_price,1,review
Coles,QLD METRO,"Coles Catalogue October 2 - 8, 2024 QLD METRO",2024-10-02,2024-10-09,15,Primo Cabanossi Selected stores only*,0.95,3.0,2.05,68.33,save_amount,,,Primo Cabanossi | Selected stores only*. | 2nd week on sale,92.72,True,offer_labels_missing;single_price_evidence,https://caau.syd1.cdn.digitaloceanspaces.com/wp-content/uploads/catalogue/coles/coles-catalogue-october-2-8-2024-qld-metro/15.jpg,https://www.catalogueau.com/coles/#catalogue=coles/coles-catalogue-october-2-8-2024-qld-metro/,unknown,,0,review
Coles,QLD METRO,"Coles Catalogue October 2 - 8, 2024 QLD METRO",2024-10-02,2024-10-09,15,Primo Middle Bacon Selected stores only*,13.0,17.0,4.0,23.53,save_amount,,,WASS17kg | WASS17kg | Primo Middle Bacon | Selected stores only* | oa | 9,95.24,True,single_price_evidence,https://caau.syd1.cdn.digitaloceanspaces.com/wp-content/uploads/catalogue/coles/coles-catalogue-october-2-8-2024-qld-metro/15.jpg,https://www.catalogueau.com/coles/#catalogue=coles/coles-catalogue-october-2-8-2024-qld-metro/,displayed_price,displayed_price,1,review
Coles,QLD METRO,"Coles Catalogue October 2 - 8, 2024 QLD METRO",2024-10-02,2024-10-09,15,Don Virginian Ham Selected stores only*,24.0,28.0,4.0,14.29,save_amount,,,WAS$28ig | WAS$28ig | Don Virginian Ham | Selected stores only* | es | ee | x | 9,95.08,True,single_price_evidence,https://caau.syd1.cdn.digitaloceanspaces.com/wp-content/uploads/catalogue/coles/coles-catalogue-october-2-8-2024-qld-metro/15.jpg,https://www.catalogueau.com/coles/#catalogue=coles/coles-catalogue-october-2-8-2024-qld-metro/,displayed_price,displayed_price,1,review
Coles,QLD METRO,"Coles Catalogue October 2 - 8, 2024 QLD METRO",2024-10-02,2024-10-09,15,QLD-METRO-0210-24-285021,36.0,42.0,6.0,14.29,save_amount,,,WAS $42kq | WAS $42kq | QLD-METRO-0210-24-285021,77.94,True,low_name_confidence_strict;single_price_evidence,https://caau.syd1.cdn.digitaloceanspaces.com/wp-content/uploads/catalogue/coles/coles-catalogue-october-2-8-2024-qld-metro/15.jpg,https://www.catalogueau.com/coles/#catalogue=coles/coles-catalogue-october-2-8-2024-qld-metro/,displayed_price,displayed_price,1,review
Coles,QLD METRO,"Coles Catalogue October 2 - 8, 2024 QLD METRO",2024-10-02,2024-10-09,16,Coles RSPCA Approved Chicken Spicy Buttermilk Wings 500g,8.0,9.0,1.0,11.11,save_amount,500g,$16.00 per kg,WASS9 | WASS9 | Coles RSPCA Approved Chicken | Spicy Buttermilk Wings 500g | $16.00 per kg | a | ‘@,96.03,False,,https://caau.syd1.cdn.digitaloceanspaces.com/wp-content/uploads/catalogue/coles/coles-catalogue-october-2-8-2024-qld-metro/16.jpg,https://www.catalogueau.com/coles/#catalogue=coles/coles-catalogue-october-2-8-2024-qld-metro/,displayed_price,displayed_price;unit_price,2,verified
Coles,QLD METRO,"Coles Catalogue October 2 - 8, 2024 QLD METRO",2024-10-02,2024-10-09,16,Four'N Twenty Angus Beef Pies 4 Pack 700g,9.6,12.0,2.4,20.0,save_amount,4 Pack; 700g,$1.37 per 100g,WASS12 | WASS12 | Four'N Twenty Angus Beef Pies | 4 Pack 700g $1.37 per 100g,94.51,False,,https://caau.syd1.cdn.digitaloceanspaces.com/wp-content/uploads/catalogue/coles/coles-catalogue-october-2-8-2024-qld-metro/16.jpg,https://www.catalogueau.com/coles/#catalogue=coles/coles-catalogue-october-2-8-2024-qld-metro/,displayed_price,displayed_price;unit_price,2,verified
Coles,QLD METRO,"Coles Catalogue October 2 - 8, 2024 QLD METRO",2024-10-02,2024-10-09,16,Coles Bakery Stone Baked by Laurent,7.0,,,,special,,,‘a | SS | Coles Bakery Stone Baked by Laurent,94.07,True,offer_labels_missing;save_amount_missing;regular_price_missing;single_price_evidence,https://caau.syd1.cdn.digitaloceanspaces.com/wp-content/uploads/catalogue/coles/coles-catalogue-october-2-8-2024-qld-metro/16.jpg,https://www.catalogueau.com/coles/#catalogue=coles/coles-catalogue-october-2-8-2024-qld-metro/,displayed_price,displayed_price,1,review
Coles,QLD METRO,"Coles Catalogue October 2 - 8, 2024 QLD METRO",2024-10-02,2024-10-09,16,Coles Tomato or Barbecue Sauce 500mL,1.95,,,,special,500mL,$0.39 per 100mL,Coles Tomato or Barbecue Sauce | 500mL $0.39 per 100mL | Fouetrwey,93.92,False,,https://caau.syd1.cdn.digitaloceanspaces.com/wp-content/uploads/catalogue/coles/coles-catalogue-october-2-8-2024-qld-metro/16.jpg,https://www.catalogueau.com/coles/#catalogue=coles/coles-catalogue-october-2-8-2024-qld-metro/,displayed_price,displayed_price;unit_price,2,verified
Coles,QLD METRO,"Coles Catalogue October 2 - 8, 2024 QLD METRO",2024-10-02,2024-10-09,16,Coles Classic Burgers or Sausages 400g-550g,10.0,,,,special,400g; 550g,,Coles Classic Burgers | or Sausages 400g-550g | —,94.7,True,offer_labels_missing;save_amount_missing;regular_price_missing;single_price_evidence,https://caau.syd1.cdn.digitaloceanspaces.com/wp-content/uploads/catalogue/coles/coles-catalogue-october-2-8-2024-qld-metro/16.jpg,https://www.catalogueau.com/coles/#catalogue=coles/coles-catalogue-october-2-8-2024-qld-metro/,displayed_price,displayed_price,1,review
Coles,QLD METRO,"Coles Catalogue October 2 - 8, 2024 QLD METRO",2024-10-02,2024-10-09,16,Coles Mustard 200g,2.9,,,,special,200g,$1.45 per 100g,Coles Mustard 200g | $1.45 per 100g | QLD-METRO-0210-24-285021,95.82,True,single_price_evidence,https://caau.syd1.cdn.digitaloceanspaces.com/wp-content/uploads/catalogue/coles/coles-catalogue-october-2-8-2024-qld-metro/16.jpg,https://www.catalogueau.com/coles/#catalogue=coles/coles-catalogue-october-2-8-2024-qld-metro/,unit_price,unit_price,1,review
Coles,QLD METRO,"Coles Catalogue October 2 - 8, 2024 QLD METRO",2024-10-02,2024-10-09,16,Coca-Cola Soft Drink 2 Litre,3.9,,,,special,2 Litre,$1.95 per litre,Coca-Cola Soft Drink 2 Litre | $1.95 per litre | *See page 30 forT&Cs,96.43,False,,https://caau.syd1.cdn.digitaloceanspaces.com/wp-content/uploads/catalogue/coles/coles-catalogue-october-2-8-2024-qld-metro/16.jpg,https://www.catalogueau.com/coles/#catalogue=coles/coles-catalogue-october-2-8-2024-qld-metro/,displayed_price,displayed_price;unit_price,2,verified
Coles,QLD METRO,"Coles Catalogue October 2 - 8, 2024 QLD METRO",2024-10-02,2024-10-09,17,Fromager D‘Affinois Selected stores only’,0.65,5.0,4.35,87.0,save_amount,,,Fromager D‘Affinois | Selected stores only’ | 2nd week on sale | ==,77.02,True,offer_labels_missing;low_name_confidence_strict;single_price_evidence,https://caau.syd1.cdn.digitaloceanspaces.com/wp-content/uploads/catalogue/coles/coles-catalogue-october-2-8-2024-qld-metro/17.jpg,https://www.catalogueau.com/coles/#catalogue=coles/coles-catalogue-october-2-8-2024-qld-metro/,unknown,,0,review
Coles,QLD METRO,"Coles Catalogue October 2 - 8, 2024 QLD METRO",2024-10-02,2024-10-09,17,"Schweppes Mixers, Soft Drink or Mineral Water 4x300mL",5.5,740.0,734.5,99.26,save_amount,4x300mL,$4.58 per litre,"WAS$740 | WAS$740 | Schweppes Mixers, Soft Drink | or Mineral Water 4x300mL | $4.58 per litre | QLD-METRO-0210-24-285021",94.19,True,single_price_evidence,https://caau.syd1.cdn.digitaloceanspaces.com/wp-content/uploads/catalogue/coles/coles-catalogue-october-2-8-2024-qld-metro/17.jpg,https://www.catalogueau.com/coles/#catalogue=coles/coles-catalogue-october-2-8-2024-qld-metro/,unit_price,unit_price,1,review
Coles,QLD METRO,"Coles Catalogue October 2 - 8, 2024 QLD METRO",2024-10-02,2024-10-09,17,McCain Rustica Pizza 370g-430g,7.7,11.0,3.3,30.0,save_amount,370g; 430g,,WASS11 | WASS11 | McCain Rustica Pizza | 370g-430g,94.16,True,single_price_evidence,https://caau.syd1.cdn.digitaloceanspaces.com/wp-content/uploads/catalogue/coles/coles-catalogue-october-2-8-2024-qld-metro/17.jpg,https://www.catalogueau.com/coles/#catalogue=coles/coles-catalogue-october-2-8-2024-qld-metro/,displayed_price,displayed_price,1,review
Coles,QLD METRO,"Coles Catalogue October 2 - 8, 2024 QLD METRO",2024-10-02,2024-10-09,17,Ocean Blue Mini Blinis 168g,4.9,,,,special,168g,$29.17 per kg,Ocean Blue Mini Blinis | 168g $29.17 per kg | *For locations of Deli counter stores visit coles.com.au/range-availability,95.15,True,offer_labels_missing;save_amount_missing;regular_price_missing;inferred_price_requires_review,https://caau.syd1.cdn.digitaloceanspaces.com/wp-content/uploads/catalogue/coles/coles-catalogue-october-2-8-2024-qld-metro/17.jpg,https://www.catalogueau.com/coles/#catalogue=coles/coles-catalogue-october-2-8-2024-qld-metro/,unit_price,grid_inference;unit_price,1,review
Coles,QLD METRO,"Coles Catalogue October 2 - 8, 2024 QLD METRO",2024-10-02,2024-10-09,17,Coles Bakery French ® Stick or Baguette,1.9,,,,special,,,"~~ | a, | Coles Bakery French | ® Stick or Baguette | Selected stores only | a3",91.95,True,offer_labels_missing;save_amount_missing;regular_price_missing;single_price_evidence,https://caau.syd1.cdn.digitaloceanspaces.com/wp-content/uploads/catalogue/coles/coles-catalogue-october-2-8-2024-qld-metro/17.jpg,https://www.catalogueau.com/coles/#catalogue=coles/coles-catalogue-october-2-8-2024-qld-metro/,displayed_price,displayed_price,1,review
Coles,QLD METRO,"Coles Catalogue October 2 - 8, 2024 QLD METRO",2024-10-02,2024-10-09,17,Black Swan Crafted Dip 170g,750.0,,,,special,170g,$2.21 per 100g,Black Swan Crafted Dip 170g | $2.21 per 100g | OCEAN,96.48,True,offer_labels_missing;save_amount_missing;regular_price_missing;unit_price_conflict;single_price_evidence,https://caau.syd1.cdn.digitaloceanspaces.com/wp-content/uploads/catalogue/coles/coles-catalogue-october-2-8-2024-qld-metro/17.jpg,https://www.catalogueau.com/coles/#catalogue=coles/coles-catalogue-october-2-8-2024-qld-metro/,displayed_price,displayed_price,1,review
Coles,QLD METRO,"Coles Catalogue October 2 - 8, 2024 QLD METRO",2024-10-02,2024-10-09,17,Obela Garnished Dip 220g or Red Rock Deli Dip 135g,7.0,,,,special,220g; 135g,,Obela Garnished Dip 220g | or Red Rock Deli Dip 135g | 2nd week on sale | é | RUSTICA | S.,94.88,True,offer_labels_missing;save_amount_missing;regular_price_missing;single_price_evidence,https://caau.syd1.cdn.digitaloceanspaces.com/wp-content/uploads/catalogue/coles/coles-catalogue-october-2-8-2024-qld-metro/17.jpg,https://www.catalogueau.com/coles/#catalogue=coles/coles-catalogue-october-2-8-2024-qld-metro/,displayed_price,displayed_price,1,review
Coles,QLD METRO,"Coles Catalogue October 2 - 8, 2024 QLD METRO",2024-10-02,2024-10-09,18,Mt Franklin Lightly Sparkling Water 1.25 Litre,2.0,3.1,1.1,35.48,save_amount,1.25 Litre,$1.60 per litre,WAS $3.10 | WAS $3.10 | AUG 2024 | Mt Franklin Lightly Sparkling | Water 1.25 Litre $1.60 per litre. | *See page 30 for T&Cs,94.94,False,,https://caau.syd1.cdn.digitaloceanspaces.com/wp-content/uploads/catalogue/coles/coles-catalogue-october-2-8-2024-qld-metro/18.jpg,https://www.catalogueau.com/coles/#catalogue=coles/coles-catalogue-october-2-8-2024-qld-metro/,displayed_price,displayed_price;unit_price,2,verified
Coles,QLD METRO,"Coles Catalogue October 2 - 8, 2024 QLD METRO",2024-10-02,2024-10-09,18,The Natural Confectionery Co. 130g-230g or Sour Patch 190g,7.34,10.34,3.0,29.01,save_amount,130g; 230g; 190g,,SAVE *3 | The Natural Confectionery Co. | 130g-230g or Sour Patch 190g | =,94.17,True,single_price_evidence,https://caau.syd1.cdn.digitaloceanspaces.com/wp-content/uploads/catalogue/coles/coles-catalogue-october-2-8-2024-qld-metro/18.jpg,https://www.catalogueau.com/coles/#catalogue=coles/coles-catalogue-october-2-8-2024-qld-metro/,displayed_price,displayed_price,1,review
Coles,QLD METRO,"Coles Catalogue October 2 - 8, 2024 QLD METRO",2024-10-02,2024-10-09,18,Cadbury Dairy Milk Block Chocolate 150g-1,9.0,12.0,3.0,25.0,save_amount,150g,,SAVE *3 | Cadbury Dairy Milk Block | Chocolate 150g-1 | or | Cadbury Sharepacks 120g-180g,91.7,True,single_price_evidence,https://caau.syd1.cdn.digitaloceanspaces.com/wp-content/uploads/catalogue/coles/coles-catalogue-october-2-8-2024-qld-metro/18.jpg,https://www.catalogueau.com/coles/#catalogue=coles/coles-catalogue-october-2-8-2024-qld-metro/,displayed_price,displayed_price,1,review
Coles,QLD METRO,"Coles Catalogue October 2 - 8, 2024 QLD METRO",2024-10-02,2024-10-09,18,Cadbury Old Gold Block Chocolate 170g-180g,4.0,6.0,2.0,33.33,save_amount,170g; 180g,,SAVES2. | WASS6 | Cadbury Old Gold | Block Chocolate | 170g-180g | QLD-METRO-0210-24-285021,94.85,False,,https://caau.syd1.cdn.digitaloceanspaces.com/wp-content/uploads/catalogue/coles/coles-catalogue-october-2-8-2024-qld-metro/18.jpg,https://www.catalogueau.com/coles/#catalogue=coles/coles-catalogue-october-2-8-2024-qld-metro/,save_was_arithmetic,displayed_price;save_was_arithmetic,2,verified
Coles,QLD METRO,"Coles Catalogue October 2 - 8, 2024 QLD METRO",2024-10-02,2024-10-09,18,"Pepsi, Solo or Sunkist Soft Drink 1.25 Litre",1.8,3.0,1.2,40.0,save_amount,1.25 Litre,$1.44 per litre,"SAVE*1.20 | WASS3 | Pepsi, Solo or Sunkist | Soft Drink 1.25 Litre | $1.44 per litre | 18",95.82,False,,https://caau.syd1.cdn.digitaloceanspaces.com/wp-content/uploads/catalogue/coles/coles-catalogue-october-2-8-2024-qld-metro/18.jpg,https://www.catalogueau.com/coles/#catalogue=coles/coles-catalogue-october-2-8-2024-qld-metro/,save_was_arithmetic,displayed_price;save_was_arithmetic;unit_price,3,verified
Coles,QLD METRO,"Coles Catalogue October 2 - 8, 2024 QLD METRO",2024-10-02,2024-10-09,18,Nestlé Block Chocolate 118g-200g,4.0,6.0,2.0,33.33,save_amount,118g; 200g,,SAVES2 | ‘WASS6 | Nestlé Block Chocolate | 118g-200g | 18,93.57,True,single_price_evidence,https://caau.syd1.cdn.digitaloceanspaces.com/wp-content/uploads/catalogue/coles/coles-catalogue-october-2-8-2024-qld-metro/18.jpg,https://www.catalogueau.com/coles/#catalogue=coles/coles-catalogue-october-2-8-2024-qld-metro/,save_was_arithmetic,save_was_arithmetic,1,review
Coles,QLD METRO,"Coles Catalogue October 2 - 8, 2024 QLD METRO",2024-10-02,2024-10-09,18,Allen's Lollies 140g-200g =,3.5,,,,special,140g; 200g,,Allen's Lollies 140g-200g | = | 94° \ ne.,76.41,True,offer_labels_missing;save_amount_missing;regular_price_missing;low_name_confidence_strict;inferred_price_requires_review,https://caau.syd1.cdn.digitaloceanspaces.com/wp-content/uploads/catalogue/coles/coles-catalogue-october-2-8-2024-qld-metro/18.jpg,https://www.catalogueau.com/coles/#catalogue=coles/coles-catalogue-october-2-8-2024-qld-metro/,displayed_price,displayed_price;grid_inference,1,review
Coles,QLD METRO,"Coles Catalogue October 2 - 8, 2024 QLD METRO",2024-10-02,2024-10-09,18,"Pepsi, Solo or Schweppes Soft Drink",28.0,,,,special,,$2.49 per litre,"Pepsi, Solo or | Schweppes Soft Drink | 30x375mL $2.49 per litre",96.4,True,offer_labels_missing;save_amount_missing;regular_price_missing;inferred_price_requires_review,https://caau.syd1.cdn.digitaloceanspaces.com/wp-content/uploads/catalogue/coles/coles-catalogue-october-2-8-2024-qld-metro/18.jpg,https://www.catalogueau.com/coles/#catalogue=coles/coles-catalogue-october-2-8-2024-qld-metro/,displayed_price,displayed_price;grid_inference,1,review
Coles,QLD METRO,"Coles Catalogue October 2 - 8, 2024 QLD METRO",2024-10-02,2024-10-09,18,‘CC's Corn Chips 175g or Cornados 110g,3.0,,,,down_down,175g; 110g,,‘CC's Corn Chips 175g | or Cornados 110g,91.35,True,save_amount_missing;regular_price_missing;single_price_evidence,https://caau.syd1.cdn.digitaloceanspaces.com/wp-content/uploads/catalogue/coles/coles-catalogue-october-2-8-2024-qld-metro/18.jpg,https://www.catalogueau.com/coles/#catalogue=coles/coles-catalogue-october-2-8-2024-qld-metro/,displayed_price,displayed_price,1,review
Coles,QLD METRO,"Coles Catalogue October 2 - 8, 2024 QLD METRO",2024-10-02,2024-10-09,18,Remedy Sodaly 4x250mL,5.9,,,,down_down,4x250mL,$5.90 per litre,Remedy Sodaly 4x250mL | $5.90 per litre,92.54,False,,https://caau.syd1.cdn.digitaloceanspaces.com/wp-content/uploads/catalogue/coles/coles-catalogue-october-2-8-2024-qld-metro/18.jpg,https://www.catalogueau.com/coles/#catalogue=coles/coles-catalogue-october-2-8-2024-qld-metro/,displayed_price,displayed_price;unit_price,2,verified
Coles,QLD METRO,"Coles Catalogue October 2 - 8, 2024 QLD METRO",2024-10-02,2024-10-09,19,"Coca-Cola, Fanta or Sprite Soft Drink 12x300mL",9.5,19.0,9.5,50.0,half_price,12x300mL,$2.64 per litre,"WASS19 | WASS19 | Coca-Cola, Fanta or Sprite Soft Drink | 12x300mL $2.64 per litre | rosea",94.75,True,inferred_price_requires_review,https://caau.syd1.cdn.digitaloceanspaces.com/wp-content/uploads/catalogue/coles/coles-catalogue-october-2-8-2024-qld-metro/19.jpg,https://www.catalogueau.com/coles/#catalogue=coles/coles-catalogue-october-2-8-2024-qld-metro/,unit_price,page_discount;unit_price,1,review
Coles,QLD METRO,"Coles Catalogue October 2 - 8, 2024 QLD METRO",2024-10-02,2024-10-09,19,Kirks Soft Drink 10x375mL,8.7,14.5,5.8,40.0,save_amount,10x375mL,$2.32 per litre,‘WASS14.50 | ‘WASS14.50 | Kirks Soft Drink 10x375mL | $2.32 per litre | om | ELIE | 97° | ¢,93.25,True,single_price_evidence,https://caau.syd1.cdn.digitaloceanspaces.com/wp-content/uploads/catalogue/coles/coles-catalogue-october-2-8-2024-qld-metro/19.jpg,https://www.catalogueau.com/coles/#catalogue=coles/coles-catalogue-october-2-8-2024-qld-metro/,unit_price,unit_price,1,review
Coles,QLD METRO,"Coles Catalogue October 2 - 8, 2024 QLD METRO",2024-10-02,2024-10-09,19,Coca-Cola Zero Sugar or Mt Franklin Mini,4.83,9.65,4.82,49.95,half_price,,$3.83 per litre,WASS9.65 | WASS9.65 | Coca-Cola Zero Sugar | or Mt Franklin Mini | Cans 6x250mL | $3.83 per litre | “See page 30 forT&Cs,96.0,True,inferred_price_requires_review,https://caau.syd1.cdn.digitaloceanspaces.com/wp-content/uploads/catalogue/coles/coles-catalogue-october-2-8-2024-qld-metro/19.jpg,https://www.catalogueau.com/coles/#catalogue=coles/coles-catalogue-october-2-8-2024-qld-metro/,page_discount_inference,page_discount,0,review
Coles,QLD METRO,"Coles Catalogue October 2 - 8, 2024 QLD METRO",2024-10-02,2024-10-09,19,Coca-Cola Soft Drink 24x375mL,23.15,38.5,15.35,39.87,save_amount,24x375mL,$2.57 per litre,WAS$38.50 | WAS$38.50 | Coca-Cola Soft Drink | 24x375mL $2.57 per litre | “See page 30 forT&Cs,94.05,True,single_price_evidence,https://caau.syd1.cdn.digitaloceanspaces.com/wp-content/uploads/catalogue/coles/coles-catalogue-october-2-8-2024-qld-metro/19.jpg,https://www.catalogueau.com/coles/#catalogue=coles/coles-catalogue-october-2-8-2024-qld-metro/,unit_price,unit_price,1,review
Coles,QLD METRO,"Coles Catalogue October 2 - 8, 2024 QLD METRO",2024-10-02,2024-10-09,19,Kirks Soft Drink 1.25 Litre,1.6,2.7,1.1,40.74,save_amount,1.25 Litre,$1.28 per litre,"WASS2.70 | WASS2.70 | Kirks Soft Drink 1.25 Litre | $1.28 per litre | A, | —_.",95.76,False,,https://caau.syd1.cdn.digitaloceanspaces.com/wp-content/uploads/catalogue/coles/coles-catalogue-october-2-8-2024-qld-metro/19.jpg,https://www.catalogueau.com/coles/#catalogue=coles/coles-catalogue-october-2-8-2024-qld-metro/,displayed_price,displayed_price;unit_price,2,verified
Coles,QLD METRO,"Coles Catalogue October 2 - 8, 2024 QLD METRO",2024-10-02,2024-10-09,19,Powerade Sports Drink 600mL,2.5,4.2,1.7,40.48,save_amount,600mL,$4.17 per litre,WASS$4.20 | WASS$4.20 | Powerade Sports Drink | 600mL $4.17 per litre | ty,94.55,True,single_price_evidence,https://caau.syd1.cdn.digitaloceanspaces.com/wp-content/uploads/catalogue/coles/coles-catalogue-october-2-8-2024-qld-metro/19.jpg,https://www.catalogueau.com/coles/#catalogue=coles/coles-catalogue-october-2-8-2024-qld-metro/,unit_price,unit_price,1,review
Coles,QLD METRO,"Coles Catalogue October 2 - 8, 2024 QLD METRO",2024-10-02,2024-10-09,19,"Schweppes Mixers, Soft Drink or Mineral Water",3.7,7.4,3.7,50.0,half_price,,$4.58 per litre,"WASS7.40 | WASS7.40 | Schweppes Mixers, Soft | Drink or Mineral Water | 4x300mL $4.58 per litre",96.37,True,inferred_price_requires_review,https://caau.syd1.cdn.digitaloceanspaces.com/wp-content/uploads/catalogue/coles/coles-catalogue-october-2-8-2024-qld-metro/19.jpg,https://www.catalogueau.com/coles/#catalogue=coles/coles-catalogue-october-2-8-2024-qld-metro/,page_discount_inference,page_discount,0,review
Coles,QLD METRO,"Coles Catalogue October 2 - 8, 2024 QLD METRO",2024-10-02,2024-10-09,19,Cocobella Coconut Water 1 Litre,4.0,5.5,1.5,27.27,save_amount,1 Litre,$4.00 per litre,WASS5.50 | WASS5.50 | Cocobella Coconut | Water 1 Litre | $4.00 per litre,94.5,False,,https://caau.syd1.cdn.digitaloceanspaces.com/wp-content/uploads/catalogue/coles/coles-catalogue-october-2-8-2024-qld-metro/19.jpg,https://www.catalogueau.com/coles/#catalogue=coles/coles-catalogue-october-2-8-2024-qld-metro/,displayed_price,displayed_price;unit_price,2,verified
Coles,QLD METRO,"Coles Catalogue October 2 - 8, 2024 QLD METRO",2024-10-02,2024-10-09,19,Pump Still Water 1.25 Litre,3.1,,,,special,1.25 Litre,$2.48 per litre,Pump Still Water | 1.25 Litre $2.48 per litre | QLD-METRO-0210-24-285021,96.31,True,offer_labels_missing;save_amount_missing;regular_price_missing;inferred_price_requires_review,https://caau.syd1.cdn.digitaloceanspaces.com/wp-content/uploads/catalogue/coles/coles-catalogue-october-2-8-2024-qld-metro/19.jpg,https://www.catalogueau.com/coles/#catalogue=coles/coles-catalogue-october-2-8-2024-qld-metro/,unit_price,grid_inference;unit_price,1,review
Coles,QLD METRO,"Coles Catalogue October 2 - 8, 2024 QLD METRO",2024-10-02,2024-10-09,19,Red Bull Energy Drink 4x250mL,16.0,,,,special,4x250mL,$8.00 per litre,Red Bull Energy Drink | 4x250mL $8.00 per litre,95.49,True,offer_labels_missing;save_amount_missing;regular_price_missing;unit_price_conflict;single_price_evidence,https://caau.syd1.cdn.digitaloceanspaces.com/wp-content/uploads/catalogue/coles/coles-catalogue-october-2-8-2024-qld-metro/19.jpg,https://www.catalogueau.com/coles/#catalogue=coles/coles-catalogue-october-2-8-2024-qld-metro/,displayed_price,displayed_price,1,review
Coles,QLD METRO,"Coles Catalogue October 2 - 8, 2024 QLD METRO",2024-10-02,2024-10-09,20,Coles Simply Hamburger Rolls 6 Pack 540g or Hot Dog Rolls 6 Pack 450g,30.3,,,,special,6 Pack; 540g; 450g,,Coles Simply Hamburger Rolls | 6 Pack 540g or Hot Dog Rolls | 6 Pack 450g,96.35,True,offer_labels_missing;save_amount_missing;regular_price_missing;single_price_evidence,https://caau.syd1.cdn.digitaloceanspaces.com/wp-content/uploads/catalogue/coles/coles-catalogue-october-2-8-2024-qld-metro/20.jpg,https://www.catalogueau.com/coles/#catalogue=coles/coles-catalogue-october-2-8-2024-qld-metro/,displayed_price,displayed_price,1,review
Coles,QLD METRO,"Coles Catalogue October 2 - 8, 2024 QLD METRO",2024-10-02,2024-10-09,20,Coles Simply Thin BBQ Sausages 8 Pack 560g,4.5,,,,special,8 Pack; 560g,$8.04 per kg,Coles Simply Thin BBQ | Sausages 8 Pack 560g | $8.04 per kg,96.4,False,,https://caau.syd1.cdn.digitaloceanspaces.com/wp-content/uploads/catalogue/coles/coles-catalogue-october-2-8-2024-qld-metro/20.jpg,https://www.catalogueau.com/coles/#catalogue=coles/coles-catalogue-october-2-8-2024-qld-metro/,displayed_price,displayed_price;unit_price,2,verified
Coles,QLD METRO,"Coles Catalogue October 2 - 8, 2024 QLD METRO",2024-10-02,2024-10-09,20,Coles Simply Thin BBQ Sausages 24 Pack 1.8kg,11.0,,,,special,24 Pack; 1.8kg,$6.11 per kg,Coles Simply Thin BBQ | Sausages 24 Pack 1.8kg | $6.11 per kg,95.25,False,,https://caau.syd1.cdn.digitaloceanspaces.com/wp-content/uploads/catalogue/coles/coles-catalogue-october-2-8-2024-qld-metro/20.jpg,https://www.catalogueau.com/coles/#catalogue=coles/coles-catalogue-october-2-8-2024-qld-metro/,displayed_price,displayed_price;unit_price,2,verified
Coles,QLD METRO,"Coles Catalogue October 2 - 8, 2024 QLD METRO",2024-10-02,2024-10-09,20,Coles Simply Garlic Bread Slices 270g,3.23,,,,special,270g,$1.22 per 100g,Coles Simply Garlic Bread | Slices 270g $1.22 per 100g,96.51,True,single_price_evidence,https://caau.syd1.cdn.digitaloceanspaces.com/wp-content/uploads/catalogue/coles/coles-catalogue-october-2-8-2024-qld-metro/20.jpg,https://www.catalogueau.com/coles/#catalogue=coles/coles-catalogue-october-2-8-2024-qld-metro/,unit_price,unit_price,1,review
Coles,QLD METRO,"Coles Catalogue October 2 - 8, 2024 QLD METRO",2024-10-02,2024-10-09,20,Coles Simply RSPCA Approved Chicken Burgers Plain Crumb 1.2kg,11.0,,,,special,1.2kg,$9.16 per kg,Coles Simply RSPCA Approved | Chicken Burgers Plain Crumb | 1.2kg $9.16 per kg,95.7,False,,https://caau.syd1.cdn.digitaloceanspaces.com/wp-content/uploads/catalogue/coles/coles-catalogue-october-2-8-2024-qld-metro/20.jpg,https://www.catalogueau.com/coles/#catalogue=coles/coles-catalogue-october-2-8-2024-qld-metro/,displayed_price,displayed_price;unit_price,2,verified
Coles,QLD METRO,"Coles Catalogue October 2 - 8, 2024 QLD METRO",2024-10-02,2024-10-09,20,Coles Simply BBQ Beef Burgers 10 Pack 1kg,10.5,,,,special,10 Pack; 1kg,$10.50 per kg,Coles Simply BBQ Beef Burgers | 10 Pack 1kg $10.50 per kg,93.71,False,,https://caau.syd1.cdn.digitaloceanspaces.com/wp-content/uploads/catalogue/coles/coles-catalogue-october-2-8-2024-qld-metro/20.jpg,https://www.catalogueau.com/coles/#catalogue=coles/coles-catalogue-october-2-8-2024-qld-metro/,displayed_price,displayed_price;unit_price,2,verified
Coles,QLD METRO,"Coles Catalogue October 2 - 8, 2024 QLD METRO",2024-10-02,2024-10-09,21,Heat Beads BB@ Briquettes 4kg,8.8,12.5,3.7,29.6,save_amount,4kg,$0.22 per 100g,WASS12.50 | WASS12.50 | Heat Beads BB@ Briquettes 4kg | $0.22 per 100g | SUPPORTING AUSTRALUN J5as | 13,91.92,True,single_price_evidence,https://caau.syd1.cdn.digitaloceanspaces.com/wp-content/uploads/catalogue/coles/coles-catalogue-october-2-8-2024-qld-metro/21.jpg,https://www.catalogueau.com/coles/#catalogue=coles/coles-catalogue-october-2-8-2024-qld-metro/,unknown,,0,review
Coles,QLD METRO,"Coles Catalogue October 2 - 8, 2024 QLD METRO",2024-10-02,2024-10-09,21,Cook with Curtis Slotted Turner,7.0,10.0,3.0,30.0,save_amount,,,WASS10 | WASS10 | Cook with Curtis Slotted Turner,96.69,True,single_price_evidence,https://caau.syd1.cdn.digitaloceanspaces.com/wp-content/uploads/catalogue/coles/coles-catalogue-october-2-8-2024-qld-metro/21.jpg,https://www.catalogueau.com/coles/#catalogue=coles/coles-catalogue-october-2-8-2024-qld-metro/,displayed_price,displayed_price,1,review
Coles,QLD METRO,"Coles Catalogue October 2 - 8, 2024 QLD METRO",2024-10-02,2024-10-09,21,Bic Mega Lighters 2 Pack,10.0,14.5,4.5,31.03,save_amount,2 Pack,$5.00 per each,WASS14.50 | WASS14.50 | Bic Mega Lighters 2 Pack | $5.00 per each. 2nd week on sale | a | s,96.73,False,,https://caau.syd1.cdn.digitaloceanspaces.com/wp-content/uploads/catalogue/coles/coles-catalogue-october-2-8-2024-qld-metro/21.jpg,https://www.catalogueau.com/coles/#catalogue=coles/coles-catalogue-october-2-8-2024-qld-metro/,displayed_price,displayed_price;unit_price,2,verified
Coles,QLD METRO,"Coles Catalogue October 2 - 8, 2024 QLD METRO",2024-10-02,2024-10-09,21,Jiffy Firelighters 24 Pack,4.0,6.0,2.0,33.33,save_amount,24 Pack,$0.17 per each,WASS6 | WASS6 | Jiffy Firelighters 24 Pack | $0.17 per each. 2nd week on sale,93.5,True,single_price_evidence,https://caau.syd1.cdn.digitaloceanspaces.com/wp-content/uploads/catalogue/coles/coles-catalogue-october-2-8-2024-qld-metro/21.jpg,https://www.catalogueau.com/coles/#catalogue=coles/coles-catalogue-october-2-8-2024-qld-metro/,displayed_price,displayed_price,1,review
Coles,QLD METRO,"Coles Catalogue October 2 - 8, 2024 QLD METRO",2024-10-02,2024-10-09,21,Grillman Reusable Hot Plate Liner or Spatula 1 Pack,10.0,,,,special,1 Pack,,Grillman Reusable Hot Plate | Liner or Spatula 1 Pack | 2 ere | | “er,95.63,True,offer_labels_missing;save_amount_missing;regular_price_missing;inferred_price_requires_review,https://caau.syd1.cdn.digitaloceanspaces.com/wp-content/uploads/catalogue/coles/coles-catalogue-october-2-8-2024-qld-metro/21.jpg,https://www.catalogueau.com/coles/#catalogue=coles/coles-catalogue-october-2-8-2024-qld-metro/,displayed_price,displayed_price;grid_inference,1,review
Coles,QLD METRO,"Coles Catalogue October 2 - 8, 2024 QLD METRO",2024-10-02,2024-10-09,21,"Coles Sugarcane Dinner Plates, Bowls or Side Plates 10 Pack",4.2,,,,down_down,10 Pack,$0.42 per each,"Coles Sugarcane Dinner Plates, | Bowls or Side Plates 10 Pack | $0.42 per each",96.48,True,single_price_evidence,https://caau.syd1.cdn.digitaloceanspaces.com/wp-content/uploads/catalogue/coles/coles-catalogue-october-2-8-2024-qld-metro/21.jpg,https://www.catalogueau.com/coles/#catalogue=coles/coles-catalogue-october-2-8-2024-qld-metro/,unit_price,unit_price,1,review
Coles,QLD METRO,"Coles Catalogue October 2 - 8, 2024 QLD METRO",2024-10-02,2024-10-09,21,Waxworks Citronella & Sandalwood Mozzie Coils 10 Pack or Citronella Pie Dish 1 Pack,4.0,,,,down_down,10 Pack; 1 Pack,,Waxworks Citronella & | Sandalwood Mozzie Coils | 10 Pack or Citronella | Pie Dish 1 Pack,94.67,True,save_amount_missing;regular_price_missing;single_price_evidence,https://caau.syd1.cdn.digitaloceanspaces.com/wp-content/uploads/catalogue/coles/coles-catalogue-october-2-8-2024-qld-metro/21.jpg,https://www.catalogueau.com/coles/#catalogue=coles/coles-catalogue-october-2-8-2024-qld-metro/,displayed_price,displayed_price,1,review
Coles,QLD METRO,"Coles Catalogue October 2 - 8, 2024 QLD METRO",2024-10-02,2024-10-09,21,Coles BBQ Aluminum Small Trays 5 Pack,3.6,,,,down_down,5 Pack,$0.72 per each,Coles BBQ Aluminum Small | Trays 5 Pack $0.72 per each,91.99,False,,https://caau.syd1.cdn.digitaloceanspaces.com/wp-content/uploads/catalogue/coles/coles-catalogue-october-2-8-2024-qld-metro/21.jpg,https://www.catalogueau.com/coles/#catalogue=coles/coles-catalogue-october-2-8-2024-qld-metro/,displayed_price,displayed_price;unit_price,2,verified
Coles,QLD METRO,"Coles Catalogue October 2 - 8, 2024 QLD METRO",2024-10-02,2024-10-09,21,Fatwood Firelighters 15 Pack,10.0,,,,down_down,15 Pack,$0.67 per each,Fatwood Firelighters 15 Pack | $0.67 per each,93.11,True,save_amount_missing;regular_price_missing;single_price_evidence,https://caau.syd1.cdn.digitaloceanspaces.com/wp-content/uploads/catalogue/coles/coles-catalogue-october-2-8-2024-qld-metro/21.jpg,https://www.catalogueau.com/coles/#catalogue=coles/coles-catalogue-october-2-8-2024-qld-metro/,displayed_price,displayed_price,1,review
Coles,QLD METRO,"Coles Catalogue October 2 - 8, 2024 QLD METRO",2024-10-02,2024-10-09,22,Coles RSPCA Approved Chicken Drumsticks Large Pack 2nd we,3.5,4.5,1.0,22.22,save_amount,,,WAS $4.50ig | WAS $4.50ig | Coles RSPCA Approved Chicken Drumsticks | Large Pack 2nd we | Large Pack 2nd week on sale. Product sold);uncooked | on sale. Product sold unc:,79.0,True,low_name_confidence_strict;single_price_evidence,https://caau.syd1.cdn.digitaloceanspaces.com/wp-content/uploads/catalogue/coles/coles-catalogue-october-2-8-2024-qld-metro/22.jpg,https://www.catalogueau.com/coles/#catalogue=coles/coles-catalogue-october-2-8-2024-qld-metro/,displayed_price,displayed_price,1,review
Coles,QLD METRO,"Coles Catalogue October 2 - 8, 2024 QLD METRO",2024-10-02,2024-10-09,22,MasterFoods Middle Eastern Harissa Spice 37g,3.4,4.3,0.9,20.93,save_amount,37g,,MasterFoods Middle | Eastern Harissa Spice | 37g $0.92 per 10g. | *See page 30 for T&Cs,79.0,True,offer_labels_missing;low_name_confidence_strict;single_price_evidence,https://caau.syd1.cdn.digitaloceanspaces.com/wp-content/uploads/catalogue/coles/coles-catalogue-october-2-8-2024-qld-metro/22.jpg,https://www.catalogueau.com/coles/#catalogue=coles/coles-catalogue-october-2-8-2024-qld-metro/,unknown,,0,review
Coles,QLD METRO,"Coles Catalogue October 2 - 8, 2024 QLD METRO",2024-10-02,2024-10-09,22,Three Three's Mint Jelly 300g,2.45,3.09,0.64,20.71,save_amount,300g,$0.82 per 100g,WASS3.09 | WASS3.09 | Three Three's Mint Jelly | 300g $0.82 per 100g. | On sale for 2 weeks,96.41,False,,https://caau.syd1.cdn.digitaloceanspaces.com/wp-content/uploads/catalogue/coles/coles-catalogue-october-2-8-2024-qld-metro/22.jpg,https://www.catalogueau.com/coles/#catalogue=coles/coles-catalogue-october-2-8-2024-qld-metro/,displayed_price,displayed_price;unit_price,2,verified
Coles,QLD METRO,"Coles Catalogue October 2 - 8, 2024 QLD METRO",2024-10-02,2024-10-09,22,Coles Couscous 500g,2.0,,,,special,500g,$0.40 per 100g,Coles Couscous 500g | $0.40 per 100g | QLD-METRO-0210-24-285021,96.08,False,,https://caau.syd1.cdn.digitaloceanspaces.com/wp-content/uploads/catalogue/coles/coles-catalogue-october-2-8-2024-qld-metro/22.jpg,https://www.catalogueau.com/coles/#catalogue=coles/coles-catalogue-october-2-8-2024-qld-metro/,displayed_price,displayed_price;unit_price,2,verified
Coles,QLD METRO,"Coles Catalogue October 2 - 8, 2024 QLD METRO",2024-10-02,2024-10-09,22,Coles Simply Snap Frozen Mixed Vegetables 1kg,2.8,,,,special,1kg,$2.80 per kg,Coles Simply Snap Frozen | Mixed Vegetables 1kg | $2.80 per kg,93.19,True,single_price_evidence,https://caau.syd1.cdn.digitaloceanspaces.com/wp-content/uploads/catalogue/coles/coles-catalogue-october-2-8-2024-qld-metro/22.jpg,https://www.catalogueau.com/coles/#catalogue=coles/coles-catalogue-october-2-8-2024-qld-metro/,unit_price,unit_price,1,review
Coles,QLD METRO,"Coles Catalogue October 2 - 8, 2024 QLD METRO",2024-10-02,2024-10-09,23,Coles Australian No Added Hormones Beef Scotch Fillet WB Steak 2 Pack 480g,18.0,20.0,2.0,10.0,save_amount,2 Pack; 480g,$37.50 per kg,WASS20 | WASS20 | . | Coles Australian No Added Hormones Beef Scotch Fillet WB | Steak 2 Pack 480g $37.50 per kg. Product sold uncooked | leeasy | 1,79.0,True,low_name_confidence_strict,https://caau.syd1.cdn.digitaloceanspaces.com/wp-content/uploads/catalogue/coles/coles-catalogue-october-2-8-2024-qld-metro/23.jpg,https://www.catalogueau.com/coles/#catalogue=coles/coles-catalogue-october-2-8-2024-qld-metro/,displayed_price,displayed_price;unit_price,2,review
Coles,QLD METRO,"Coles Catalogue October 2 - 8, 2024 QLD METRO",2024-10-02,2024-10-09,23,Coles Made Easy Slow Cooked Pork Ribs in BBQ Sauce 600g,11.08,14.0,2.92,20.86,save_amount,600g,$18.46 per kg,WASS14 | WASS14 | Coles Made Easy Slow Cooked | Pork Ribs in BBQ Sauce 600g | $18.46 per kg. On sale for 2 weeks | pesto ey,96.32,True,single_price_evidence,https://caau.syd1.cdn.digitaloceanspaces.com/wp-content/uploads/catalogue/coles/coles-catalogue-october-2-8-2024-qld-metro/23.jpg,https://www.catalogueau.com/coles/#catalogue=coles/coles-catalogue-october-2-8-2024-qld-metro/,unit_price,unit_price,1,review
Coles,QLD METRO,"Coles Catalogue October 2 - 8, 2024 QLD METRO",2024-10-02,2024-10-09,23,Coles Australian No Added Hormones 3 Star Beef Mince 1kg,9.0,11.0,2.0,18.18,save_amount,1kg,$9.00 per kg,WASS11 | WASS11 | Coles Australian No Added | Hormones 3 Star Beef Mince 1kg | $9.00 per kg. On sale for 2 weeks | pesto ey,93.36,False,,https://caau.syd1.cdn.digitaloceanspaces.com/wp-content/uploads/catalogue/coles/coles-catalogue-october-2-8-2024-qld-metro/23.jpg,https://www.catalogueau.com/coles/#catalogue=coles/coles-catalogue-october-2-8-2024-qld-metro/,displayed_price,displayed_price;unit_price,2,verified
Coles,QLD METRO,"Coles Catalogue October 2 - 8, 2024 QLD METRO",2024-10-02,2024-10-09,23,Lilydale Free Range Whole Chicken,7.5,8.5,1.0,11.76,save_amount,,,WAS$8.50iq | WAS$8.50iq | Lilydale Free Range Whole | Chicken On sale for 2 weeks,96.23,True,single_price_evidence,https://caau.syd1.cdn.digitaloceanspaces.com/wp-content/uploads/catalogue/coles/coles-catalogue-october-2-8-2024-qld-metro/23.jpg,https://www.catalogueau.com/coles/#catalogue=coles/coles-catalogue-october-2-8-2024-qld-metro/,displayed_price,displayed_price,1,review
Coles,QLD METRO,"Coles Catalogue October 2 - 8, 2024 QLD METRO",2024-10-02,2024-10-09,23,Coles GRAZE Grass Fed Beef Burgers with Oregano & Fresh Parsley 500g,8.0,9.0,1.0,11.11,save_amount,500g,$16.00 per kg,WASS9 | WASS9 | Coles GRAZE Grass Fed Beef | Burgers with Oregano & Fresh | Parsley 500g $16.00 per kg,95.65,False,,https://caau.syd1.cdn.digitaloceanspaces.com/wp-content/uploads/catalogue/coles/coles-catalogue-october-2-8-2024-qld-metro/23.jpg,https://www.catalogueau.com/coles/#catalogue=coles/coles-catalogue-october-2-8-2024-qld-metro/,displayed_price,displayed_price;unit_price,2,verified
Coles,QLD METRO,"Coles Catalogue October 2 - 8, 2024 QLD METRO",2024-10-02,2024-10-09,23,Coles Australian Pork Loin Chops Large Tray,16.0,19.14,3.14,16.41,save_amount,,,WAS 51914 | WAS 51914 | Coles Australian Pork Loin Chops | Large Tray On sale for 2 weeks | gt | i,96.28,True,single_price_evidence,https://caau.syd1.cdn.digitaloceanspaces.com/wp-content/uploads/catalogue/coles/coles-catalogue-october-2-8-2024-qld-metro/23.jpg,https://www.catalogueau.com/coles/#catalogue=coles/coles-catalogue-october-2-8-2024-qld-metro/,displayed_price,displayed_price,1,review
Coles,QLD METRO,"Coles Catalogue October 2 - 8, 2024 QLD METRO",2024-10-02,2024-10-09,23,QLD-METRO-0210-24-285021,16.0,19.0,3.0,15.79,save_amount,,,WAS $19kg | WAS $19kg | QLD-METRO-0210-24-285021,82.52,True,single_price_evidence,https://caau.syd1.cdn.digitaloceanspaces.com/wp-content/uploads/catalogue/coles/coles-catalogue-october-2-8-2024-qld-metro/23.jpg,https://www.catalogueau.com/coles/#catalogue=coles/coles-catalogue-october-2-8-2024-qld-metro/,displayed_price,displayed_price,1,review
Coles,QLD METRO,"Coles Catalogue October 2 - 8, 2024 QLD METRO",2024-10-02,2024-10-09,23,Coles Australian Pork Loin Roast Boneless,13.0,,,,special,,,Coles Australian Pork Loin Roast | Boneless | ——,96.59,True,offer_labels_missing;save_amount_missing;regular_price_missing;inferred_price_requires_review,https://caau.syd1.cdn.digitaloceanspaces.com/wp-content/uploads/catalogue/coles/coles-catalogue-october-2-8-2024-qld-metro/23.jpg,https://www.catalogueau.com/coles/#catalogue=coles/coles-catalogue-october-2-8-2024-qld-metro/,displayed_price,displayed_price;grid_inference,1,review
Coles,QLD METRO,"Coles Catalogue October 2 - 8, 2024 QLD METRO",2024-10-02,2024-10-09,24,Coles Australian Baby Broccoli Bunch,2.0,,,,special,,,"Coles Australian | Baby Broccoli Bunch | Baby Broc | wn Pee | | exit, | 5",79.0,True,offer_labels_missing;save_amount_missing;regular_price_missing;low_name_confidence_strict;single_price_evidence,https://caau.syd1.cdn.digitaloceanspaces.com/wp-content/uploads/catalogue/coles/coles-catalogue-october-2-8-2024-qld-metro/24.jpg,https://www.catalogueau.com/coles/#catalogue=coles/coles-catalogue-october-2-8-2024-qld-metro/,displayed_price,displayed_price,1,review
Coles,QLD METRO,"Coles Catalogue October 2 - 8, 2024 QLD METRO",2024-10-02,2024-10-09,24,‘Coles Australian Brown Onions Tkg Bag,2.5,,,,special,,$2.50 per kg,‘Coles Australian Brown Onions | Tkg Bag $2.50 per kg | Sib MEMOon 0-24-285021 | — | lM | 1,93.05,True,offer_labels_missing;save_amount_missing;regular_price_missing;single_price_evidence,https://caau.syd1.cdn.digitaloceanspaces.com/wp-content/uploads/catalogue/coles/coles-catalogue-october-2-8-2024-qld-metro/24.jpg,https://www.catalogueau.com/coles/#catalogue=coles/coles-catalogue-october-2-8-2024-qld-metro/,displayed_price,displayed_price,1,review
Coles,QLD METRO,"Coles Catalogue October 2 - 8, 2024 QLD METRO",2024-10-02,2024-10-09,25,"Coles Dry Roasted, Natural, Honey or Roasted & Salted Cashews 400g Pack",8.0,9.0,1.0,11.11,save_amount,400g,$20.00 per kg,"WASS9 | WASS9 | Coles Dry Roasted, Natural, Honey | or Roasted & Salted Cashews | 400g Pack $20.00 per kg | Sari | al | | | \\A5",95.49,False,,https://caau.syd1.cdn.digitaloceanspaces.com/wp-content/uploads/catalogue/coles/coles-catalogue-october-2-8-2024-qld-metro/25.jpg,https://www.catalogueau.com/coles/#catalogue=coles/coles-catalogue-october-2-8-2024-qld-metro/,displayed_price,displayed_price;unit_price,2,verified
Coles,QLD METRO,"Coles Catalogue October 2 - 8, 2024 QLD METRO",2024-10-02,2024-10-09,25,Australian Raspberries 125g Punnet,5.0,,,,special,125g,$40.00 per kg,Australian Raspberries 125g Punnet | $40.00 per kg,95.19,False,,https://caau.syd1.cdn.digitaloceanspaces.com/wp-content/uploads/catalogue/coles/coles-catalogue-october-2-8-2024-qld-metro/25.jpg,https://www.catalogueau.com/coles/#catalogue=coles/coles-catalogue-october-2-8-2024-qld-metro/,displayed_price,displayed_price;unit_price,2,verified
Coles,QLD METRO,"Coles Catalogue October 2 - 8, 2024 QLD METRO",2024-10-02,2024-10-09,25,Australian Blackberries 125g Punnet,4.0,,,,special,125g,$32.00 per kg,Australian Blackberries | 125g Punnet $32.00 per kg,95.61,False,,https://caau.syd1.cdn.digitaloceanspaces.com/wp-content/uploads/catalogue/coles/coles-catalogue-october-2-8-2024-qld-metro/25.jpg,https://www.catalogueau.com/coles/#catalogue=coles/coles-catalogue-october-2-8-2024-qld-metro/,displayed_price,displayed_price;unit_price,2,verified
Coles,QLD METRO,"Coles Catalogue October 2 - 8, 2024 QLD METRO",2024-10-02,2024-10-09,25,Coles Australian Baby Beetroot 250g Pack,2.5,,,,special,250g,$10.00 per kg,Coles Australian Baby Beetroot | 250g Pack $10.00 per kg | Pay | a | yg DRY ROASTED 3 x | <,95.98,False,,https://caau.syd1.cdn.digitaloceanspaces.com/wp-content/uploads/catalogue/coles/coles-catalogue-october-2-8-2024-qld-metro/25.jpg,https://www.catalogueau.com/coles/#catalogue=coles/coles-catalogue-october-2-8-2024-qld-metro/,displayed_price,displayed_price;unit_price,2,verified
Coles,QLD METRO,"Coles Catalogue October 2 - 8, 2024 QLD METRO",2024-10-02,2024-10-09,25,Queensland Sweet Corn 3 Pack,390.9,,,,special,3 Pack,,Queensland Sweet Corn 3 Pack | $1.30 per cob | — | a7,96.52,True,offer_labels_missing;save_amount_missing;regular_price_missing;single_price_evidence,https://caau.syd1.cdn.digitaloceanspaces.com/wp-content/uploads/catalogue/coles/coles-catalogue-october-2-8-2024-qld-metro/25.jpg,https://www.catalogueau.com/coles/#catalogue=coles/coles-catalogue-october-2-8-2024-qld-metro/,displayed_price,displayed_price,1,review
Coles,QLD METRO,"Coles Catalogue October 2 - 8, 2024 QLD METRO",2024-10-02,2024-10-09,25,Single sell for,5.0,,,,special,,,Single sell for $1.50. | $1.25 per kiwifruit when you buy 4,96.8,True,offer_labels_missing;save_amount_missing;regular_price_missing;single_price_evidence,https://caau.syd1.cdn.digitaloceanspaces.com/wp-content/uploads/catalogue/coles/coles-catalogue-october-2-8-2024-qld-metro/25.jpg,https://www.catalogueau.com/coles/#catalogue=coles/coles-catalogue-october-2-8-2024-qld-metro/,displayed_price,displayed_price,1,review
Coles,QLD METRO,"Coles Catalogue October 2 - 8, 2024 QLD METRO",2024-10-02,2024-10-09,26,Bertocchi Long Cut or Short Cut Bacon 400g,8.8,11.0,2.2,20.0,save_amount,400g,,SAVES2.20 | i | ie | | | Bertocchi | Long Cut or | Short Cut,95.61,True,single_price_evidence,https://caau.syd1.cdn.digitaloceanspaces.com/wp-content/uploads/catalogue/coles/coles-catalogue-october-2-8-2024-qld-metro/26.jpg,https://www.catalogueau.com/coles/#catalogue=coles/coles-catalogue-october-2-8-2024-qld-metro/,displayed_price,displayed_price,1,review
Coles,QLD METRO,"Coles Catalogue October 2 - 8, 2024 QLD METRO",2024-10-02,2024-10-09,26,Bertocchi Soppressa Salami Selected stores only#,30.0,37.0,7.0,18.92,save_amount,,,SAVE 57g | WAS$37ig | Bertocchi Soppressa Salami | Selected stores only# | —,93.88,False,,https://caau.syd1.cdn.digitaloceanspaces.com/wp-content/uploads/catalogue/coles/coles-catalogue-october-2-8-2024-qld-metro/26.jpg,https://www.catalogueau.com/coles/#catalogue=coles/coles-catalogue-october-2-8-2024-qld-metro/,save_was_arithmetic,displayed_price;save_was_arithmetic,2,verified
Coles,QLD METRO,"Coles Catalogue October 2 - 8, 2024 QLD METRO",2024-10-02,2024-10-09,26,Bertocchi Triple Smoked Leg Ham Selected stores only#,29.5,,,,special,,,Bertocchi Triple Smoked Leg Ham | Selected stores only#,94.85,True,offer_labels_missing;save_amount_missing;regular_price_missing;single_price_evidence,https://caau.syd1.cdn.digitaloceanspaces.com/wp-content/uploads/catalogue/coles/coles-catalogue-october-2-8-2024-qld-metro/26.jpg,https://www.catalogueau.com/coles/#catalogue=coles/coles-catalogue-october-2-8-2024-qld-metro/,displayed_price,displayed_price,1,review
Coles,QLD METRO,"Coles Catalogue October 2 - 8, 2024 QLD METRO",2024-10-02,2024-10-09,27,Coles Finest by Laurent Sourdough Vienna or Cob,6.5,7.0,0.5,7.14,save_amount,,,"WASS7 | WASS7 | Coles Finest by Laurent | Sourdough Vienna or Cob | 2nd week on sale. Selected stores | only. ""See page 30 for T&Cs",96.33,True,single_price_evidence,https://caau.syd1.cdn.digitaloceanspaces.com/wp-content/uploads/catalogue/coles/coles-catalogue-october-2-8-2024-qld-metro/27.jpg,https://www.catalogueau.com/coles/#catalogue=coles/coles-catalogue-october-2-8-2024-qld-metro/,displayed_price,displayed_price,1,review
Coles,QLD METRO,"Coles Catalogue October 2 - 8, 2024 QLD METRO",2024-10-02,2024-10-09,27,Mission Mini Wraps 8 Pack 384g,4.5,5.5,1.0,18.18,save_amount,8 Pack; 384g,$1.17 per 100g,WASS$5.50 | WASS$5.50 | Mission Mini Wraps 8 Pack 384g | $1.17 per 100g | $1.17 | 4] | tis | ',96.31,True,single_price_evidence,https://caau.syd1.cdn.digitaloceanspaces.com/wp-content/uploads/catalogue/coles/coles-catalogue-october-2-8-2024-qld-metro/27.jpg,https://www.catalogueau.com/coles/#catalogue=coles/coles-catalogue-october-2-8-2024-qld-metro/,unit_price,unit_price,1,review
Coles,QLD METRO,"Coles Catalogue October 2 - 8, 2024 QLD METRO",2024-10-02,2024-10-09,27,Coles Bakery Choc Chip Cookies 12 Pack,3.35,3.8,0.45,11.84,save_amount,12 Pack,$0.28 per each,WAS$3.80 | WAS$3.80 | Coles Bakery Choc Chip Cookies | 12 Pack $0.28 per each. 2nd week | on sale. Selected stores only,96.56,True,single_price_evidence,https://caau.syd1.cdn.digitaloceanspaces.com/wp-content/uploads/catalogue/coles/coles-catalogue-october-2-8-2024-qld-metro/27.jpg,https://www.catalogueau.com/coles/#catalogue=coles/coles-catalogue-october-2-8-2024-qld-metro/,unknown,,0,review
Coles,QLD METRO,"Coles Catalogue October 2 - 8, 2024 QLD METRO",2024-10-02,2024-10-09,27,Coles Bakery Cinnamon Donuts 6 Pack,2.5,2.8,0.3,10.71,save_amount,6 Pack,$0.42 per each,WASS§2.80 | WASS§2.80 | Coles Bakery Cinnamon Donuts | 6 Pack $0.42 per each | Selected stores only | >,96.16,True,single_price_evidence,https://caau.syd1.cdn.digitaloceanspaces.com/wp-content/uploads/catalogue/coles/coles-catalogue-october-2-8-2024-qld-metro/27.jpg,https://www.catalogueau.com/coles/#catalogue=coles/coles-catalogue-october-2-8-2024-qld-metro/,unit_price,unit_price,1,review
Coles,QLD METRO,"Coles Catalogue October 2 - 8, 2024 QLD METRO",2024-10-02,2024-10-09,27,Golden Crumpet Squares 6 Pack 425g,3.0,4.9,1.9,38.78,save_amount,6 Pack; 425g,$0.71 per 100g,WASS4.90 | WASS4.90 | Golden Crumpet Squares 6 Pack | 425g $0.71 per 100g | Pomel,95.33,False,,https://caau.syd1.cdn.digitaloceanspaces.com/wp-content/uploads/catalogue/coles/coles-catalogue-october-2-8-2024-qld-metro/27.jpg,https://www.catalogueau.com/coles/#catalogue=coles/coles-catalogue-october-2-8-2024-qld-metro/,displayed_price,displayed_price;unit_price,2,verified
Coles,QLD METRO,"Coles Catalogue October 2 - 8, 2024 QLD METRO",2024-10-02,2024-10-09,27,Coles Muffins 4 Pack 420g,4.9,,,,special,4 Pack; 420g,$1.17 per 100g,Coles Muffins 4 Pack 420g | $1.17 per 100g | BAKEI,96.17,False,,https://caau.syd1.cdn.digitaloceanspaces.com/wp-content/uploads/catalogue/coles/coles-catalogue-october-2-8-2024-qld-metro/27.jpg,https://www.catalogueau.com/coles/#catalogue=coles/coles-catalogue-october-2-8-2024-qld-metro/,displayed_price,displayed_price;unit_price,2,verified
Coles,QLD METRO,"Coles Catalogue October 2 - 8, 2024 QLD METRO",2024-10-02,2024-10-09,27,Coles Croissant 12 Pack 900g,12.0,,,,special,12 Pack; 900g,$1.33 per 100g,Coles Croissant 12 Pack 900g | $1.33 per 100g | a | 5,79.0,True,low_name_confidence_strict,https://caau.syd1.cdn.digitaloceanspaces.com/wp-content/uploads/catalogue/coles/coles-catalogue-october-2-8-2024-qld-metro/27.jpg,https://www.catalogueau.com/coles/#catalogue=coles/coles-catalogue-october-2-8-2024-qld-metro/,displayed_price,displayed_price;unit_price,2,review
Coles,QLD METRO,"Coles Catalogue October 2 - 8, 2024 QLD METRO",2024-10-02,2024-10-09,28,Milklab 1 Litre,4.4,5.5,1.1,20.0,save_amount,1 Litre,$4.40 per litre,WASS$5.50 | WASS$5.50 | Milklab 1 Litre | $4.40 per litre | ws | Mu: | MUSASHI | SI,93.23,True,single_price_evidence,https://caau.syd1.cdn.digitaloceanspaces.com/wp-content/uploads/catalogue/coles/coles-catalogue-october-2-8-2024-qld-metro/28.jpg,https://www.catalogueau.com/coles/#catalogue=coles/coles-catalogue-october-2-8-2024-qld-metro/,unit_price,unit_price,1,review
Coles,QLD METRO,"Coles Catalogue October 2 - 8, 2024 QLD METRO",2024-10-02,2024-10-09,28,L'or Nespresso Compatible Coffee Capsules 10 Pack,5.5,7.5,2.0,26.67,save_amount,10 Pack,$0.55 per each,WASS7.50 | WASS7.50 | L'or Nespresso Compatible | Coffee Capsules 10 Pack | $0.55 per each | =,95.68,False,,https://caau.syd1.cdn.digitaloceanspaces.com/wp-content/uploads/catalogue/coles/coles-catalogue-october-2-8-2024-qld-metro/28.jpg,https://www.catalogueau.com/coles/#catalogue=coles/coles-catalogue-october-2-8-2024-qld-metro/,displayed_price,displayed_price;unit_price,2,verified
Coles,QLD METRO,"Coles Catalogue October 2 - 8, 2024 QLD METRO",2024-10-02,2024-10-09,28,Musashi Protein Crisp or Deluxe Bar 60g,3.5,4.5,1.0,22.22,save_amount,60g,$5.83 per 100g,WASS$4.50 | WASS$4.50 | Musashi Protein Crisp or Deluxe | Bar 60g $5.83 per 100g,96.55,False,,https://caau.syd1.cdn.digitaloceanspaces.com/wp-content/uploads/catalogue/coles/coles-catalogue-october-2-8-2024-qld-metro/28.jpg,https://www.catalogueau.com/coles/#catalogue=coles/coles-catalogue-october-2-8-2024-qld-metro/,displayed_price,displayed_price;unit_price,2,verified
Coles,QLD METRO,"Coles Catalogue October 2 - 8, 2024 QLD METRO",2024-10-02,2024-10-09,28,Musashi P30 High Protein Powder 900g,52.0,65.0,13.0,20.0,save_amount,900g,$5.78 per 100g,WASS65 | WASS65 | Musashi P30 High Protein Powder | 900g $5.78 per 100g | START YOUR,96.28,False,,https://caau.syd1.cdn.digitaloceanspaces.com/wp-content/uploads/catalogue/coles/coles-catalogue-october-2-8-2024-qld-metro/28.jpg,https://www.catalogueau.com/coles/#catalogue=coles/coles-catalogue-october-2-8-2024-qld-metro/,displayed_price,displayed_price;unit_price,2,verified
Coles,QLD METRO,"Coles Catalogue October 2 - 8, 2024 QLD METRO",2024-10-02,2024-10-09,28,Lavazza A Modo Mio Coffee Capsules 16 Pack,9.45,13.5,4.05,30.0,save_amount,16 Pack,$0.59 per each,WASS13.50 | WASS13.50 | Lavazza A Modo Mio Coffee | Capsules 16 Pack $0.59 per each | Mf,96.42,True,single_price_evidence,https://caau.syd1.cdn.digitaloceanspaces.com/wp-content/uploads/catalogue/coles/coles-catalogue-october-2-8-2024-qld-metro/28.jpg,https://www.catalogueau.com/coles/#catalogue=coles/coles-catalogue-october-2-8-2024-qld-metro/,displayed_price,displayed_price,1,review
Coles,QLD METRO,"Coles Catalogue October 2 - 8, 2024 QLD METRO",2024-10-02,2024-10-09,28,Jed’s Ground Coffee 200g,7.0,10.0,3.0,30.0,save_amount,200g,$3.50 per 100g,WAS$10 | WAS$10 | Jed’s Ground Coffee 200g | $3.50 per 100g,91.02,True,single_price_evidence,https://caau.syd1.cdn.digitaloceanspaces.com/wp-content/uploads/catalogue/coles/coles-catalogue-october-2-8-2024-qld-metro/28.jpg,https://www.catalogueau.com/coles/#catalogue=coles/coles-catalogue-october-2-8-2024-qld-metro/,unit_price,unit_price,1,review
Coles,QLD METRO,"Coles Catalogue October 2 - 8, 2024 QLD METRO",2024-10-02,2024-10-09,28,Uncle Tobys Rolled Oats Quick Sachets 320g-350g,10.0,,,,special,320g; 350g,,Uncle Tobys Rolled Oats Quick | Sachets 320g-350g,93.66,True,offer_labels_missing;save_amount_missing;regular_price_missing;inferred_price_requires_review,https://caau.syd1.cdn.digitaloceanspaces.com/wp-content/uploads/catalogue/coles/coles-catalogue-october-2-8-2024-qld-metro/28.jpg,https://www.catalogueau.com/coles/#catalogue=coles/coles-catalogue-october-2-8-2024-qld-metro/,displayed_price,displayed_price;grid_inference,1,review
Coles,QLD METRO,"Coles Catalogue October 2 - 8, 2024 QLD METRO",2024-10-02,2024-10-09,28,Sachets 320g-350g SH,10.0,,,,special,320g; 350g,,Sachets 320g-350g | SH,94.79,True,offer_labels_missing;save_amount_missing;regular_price_missing;single_price_evidence,https://caau.syd1.cdn.digitaloceanspaces.com/wp-content/uploads/catalogue/coles/coles-catalogue-october-2-8-2024-qld-metro/28.jpg,https://www.catalogueau.com/coles/#catalogue=coles/coles-catalogue-october-2-8-2024-qld-metro/,displayed_price,displayed_price,1,review
Coles,QLD METRO,"Coles Catalogue October 2 - 8, 2024 QLD METRO",2024-10-02,2024-10-09,28,Jed's Coffee Beans 1kg,22.5,,,,special,1kg,$2.25 per 100g,1kg | Jed's Coffee Beans 1kg | $2.25 per 100g,92.97,False,,https://caau.syd1.cdn.digitaloceanspaces.com/wp-content/uploads/catalogue/coles/coles-catalogue-october-2-8-2024-qld-metro/28.jpg,https://www.catalogueau.com/coles/#catalogue=coles/coles-catalogue-october-2-8-2024-qld-metro/,displayed_price,displayed_price;unit_price,2,verified
Coles,QLD METRO,"Coles Catalogue October 2 - 8, 2024 QLD METRO",2024-10-02,2024-10-09,29,La Espanola Olive Oil 1 Litre,18.0,26.0,8.0,30.77,save_amount,1 Litre,$1.80 per 100mL,WASS26 | WASS26 | La Espanola Olive Oil 1 Litre | $1.80 per 100mL. Excludes Organic | a | = | ay | Green's,95.59,False,,https://caau.syd1.cdn.digitaloceanspaces.com/wp-content/uploads/catalogue/coles/coles-catalogue-october-2-8-2024-qld-metro/29.jpg,https://www.catalogueau.com/coles/#catalogue=coles/coles-catalogue-october-2-8-2024-qld-metro/,displayed_price,displayed_price;unit_price,2,verified
Coles,QLD METRO,"Coles Catalogue October 2 - 8, 2024 QLD METRO",2024-10-02,2024-10-09,29,Mutti Cherry Tomatoes 400g,2.15,2.7,0.55,20.37,save_amount,400g,$5.38 per kg,WASS$2.70 | WASS$2.70 | Mutti Cherry Tomatoes | 400g $5.38 per kg | SMEG | New,95.67,True,single_price_evidence,https://caau.syd1.cdn.digitaloceanspaces.com/wp-content/uploads/catalogue/coles/coles-catalogue-october-2-8-2024-qld-metro/29.jpg,https://www.catalogueau.com/coles/#catalogue=coles/coles-catalogue-october-2-8-2024-qld-metro/,unit_price,unit_price,1,review
Coles,QLD METRO,"Coles Catalogue October 2 - 8, 2024 QLD METRO",2024-10-02,2024-10-09,29,Vittoria Nespresso Compatible Coffee Capsules 20 Pack,9.0,,,,everyday,20 Pack,$0.45 per each,Vittoria Nespresso Compatible | Coffee Capsules 20 Pack | $0.45 per each,96.15,True,single_price_evidence,https://caau.syd1.cdn.digitaloceanspaces.com/wp-content/uploads/catalogue/coles/coles-catalogue-october-2-8-2024-qld-metro/29.jpg,https://www.catalogueau.com/coles/#catalogue=coles/coles-catalogue-october-2-8-2024-qld-metro/,displayed_price,displayed_price,1,review
Coles,QLD METRO,"Coles Catalogue October 2 - 8, 2024 QLD METRO",2024-10-02,2024-10-09,29,Carman's Aussie Oat Crunchy Clusters 800g,8.5,,,,everyday,800g,$1.06 per 100g,Carman's Aussie Oat Crunchy | Clusters 800g $1.06 per 100g,95.62,True,single_price_evidence,https://caau.syd1.cdn.digitaloceanspaces.com/wp-content/uploads/catalogue/coles/coles-catalogue-october-2-8-2024-qld-metro/29.jpg,https://www.catalogueau.com/coles/#catalogue=coles/coles-catalogue-october-2-8-2024-qld-metro/,unit_price,unit_price,1,review
Coles,QLD METRO,"Coles Catalogue October 2 - 8, 2024 QLD METRO",2024-10-02,2024-10-09,29,Coles Asia Fried Shallots 110g,2.8,,,,everyday,110g,$2.55 per 100g,Coles Asia Fried Shallots 110g | $2.55 per 100g | fi,95.89,True,single_price_evidence,https://caau.syd1.cdn.digitaloceanspaces.com/wp-content/uploads/catalogue/coles/coles-catalogue-october-2-8-2024-qld-metro/29.jpg,https://www.catalogueau.com/coles/#catalogue=coles/coles-catalogue-october-2-8-2024-qld-metro/,unit_price,unit_price,1,review
Coles,QLD METRO,"Coles Catalogue October 2 - 8, 2024 QLD METRO",2024-10-02,2024-10-09,29,Coles Canola or Vegetable Oil 750mL,3.55,,,,everyday,750mL,$0.47 per 100mL,Coles Canola or Vegetable Oil | 750mL $0.47 per 100mL,94.66,False,,https://caau.syd1.cdn.digitaloceanspaces.com/wp-content/uploads/catalogue/coles/coles-catalogue-october-2-8-2024-qld-metro/29.jpg,https://www.catalogueau.com/coles/#catalogue=coles/coles-catalogue-october-2-8-2024-qld-metro/,displayed_price,displayed_price;unit_price,2,verified
Coles,QLD METRO,"Coles Catalogue October 2 - 8, 2024 QLD METRO",2024-10-02,2024-10-09,29,MasterFoods Squeeze Tomato or Barbecue Sauce 475mL-500mL,6.0,,,,everyday,475mL; 500mL,,MasterFoods Squeeze Tomato or | Barbecue Sauce 475mL-500mL | *See page 30 for T&Cs | ==,93.87,True,single_price_evidence,https://caau.syd1.cdn.digitaloceanspaces.com/wp-content/uploads/catalogue/coles/coles-catalogue-october-2-8-2024-qld-metro/29.jpg,https://www.catalogueau.com/coles/#catalogue=coles/coles-catalogue-october-2-8-2024-qld-metro/,displayed_price,displayed_price,1,review
Coles,QLD METRO,"Coles Catalogue October 2 - 8, 2024 QLD METRO",2024-10-02,2024-10-09,30,Mission Corn Chips 230g,4.0,4.5,0.5,11.11,save_amount,230g,$1.74 per 100g,WAS $4.50 | WAS $4.50 | AUG 2024 | Mission Corn Chips 230g | $1.74 per 100g,96.53,False,,https://caau.syd1.cdn.digitaloceanspaces.com/wp-content/uploads/catalogue/coles/coles-catalogue-october-2-8-2024-qld-metro/30.jpg,https://www.catalogueau.com/coles/#catalogue=coles/coles-catalogue-october-2-8-2024-qld-metro/,displayed_price,displayed_price;unit_price,2,verified
Coles,QLD METRO,"Coles Catalogue October 2 - 8, 2024 QLD METRO",2024-10-02,2024-10-09,30,Australia's Own Smooth As Milk 1 Litre,2.7,3.0,0.3,10.0,save_amount,1 Litre,$2.70 per litre,WASS$3 | WASS$3 | SEP 2024 | Australia's Own Smooth As Milk 1 Litre | $2.70 per litre,79.0,True,low_name_confidence_strict;single_price_evidence,https://caau.syd1.cdn.digitaloceanspaces.com/wp-content/uploads/catalogue/coles/coles-catalogue-october-2-8-2024-qld-metro/30.jpg,https://www.catalogueau.com/coles/#catalogue=coles/coles-catalogue-october-2-8-2024-qld-metro/,unit_price,unit_price,1,review
Coles,QLD METRO,"Coles Catalogue October 2 - 8, 2024 QLD METRO",2024-10-02,2024-10-09,30,Old El Paso Re: ular Flour Tortillas 10 Pack 400g 1.00 per 100g,4.0,5.5,1.5,27.27,save_amount,10 Pack; 400g; 100g,,SAVE51.50 | WAS$5.50 | Old El Paso Re: | ular Flour Tortillas | 10 Pack 400g | 1.00 per 100g | = | lim,93.92,True,single_price_evidence,https://caau.syd1.cdn.digitaloceanspaces.com/wp-content/uploads/catalogue/coles/coles-catalogue-october-2-8-2024-qld-metro/30.jpg,https://www.catalogueau.com/coles/#catalogue=coles/coles-catalogue-october-2-8-2024-qld-metro/,displayed_price,displayed_price,1,review
Coles,QLD METRO,"Coles Catalogue October 2 - 8, 2024 QLD METRO",2024-10-02,2024-10-09,30,Campbell's Real Stock 1 Litre,3.5,4.5,1.0,22.22,save_amount,1 Litre,$0.35 per 100mL,SAVES1 | WASS4.50 | Campbell's Real Stock 1 Litre | $0.35 per 100mL | Ky | OK | 88 | OX,96.02,False,,https://caau.syd1.cdn.digitaloceanspaces.com/wp-content/uploads/catalogue/coles/coles-catalogue-october-2-8-2024-qld-metro/30.jpg,https://www.catalogueau.com/coles/#catalogue=coles/coles-catalogue-october-2-8-2024-qld-metro/,save_was_arithmetic,displayed_price;save_was_arithmetic;unit_price,3,verified
Coles,QLD METRO,"Coles Catalogue October 2 - 8, 2024 QLD METRO",2024-10-02,2024-10-09,30,Gravox Gravy or Finishing Sauce 165g,2.8,3.5,0.7,20.0,save_amount,165g,$1.70 per 100g,SAVE70‘ | WASS$3.50 | Gravox Gravy or Finishing Sauce | 165g $1.70 per 100g | NEW | atcoles,95.54,False,,https://caau.syd1.cdn.digitaloceanspaces.com/wp-content/uploads/catalogue/coles/coles-catalogue-october-2-8-2024-qld-metro/30.jpg,https://www.catalogueau.com/coles/#catalogue=coles/coles-catalogue-october-2-8-2024-qld-metro/,displayed_price,displayed_price;unit_price,2,verified
Coles,QLD METRO,"Coles Catalogue October 2 - 8, 2024 QLD METRO",2024-10-02,2024-10-09,30,Kewpie Mayonnaise 500g,6.4,58.0,51.6,88.97,save_amount,500g,$1.28 per 100g,SAVE51.60 | Kewpie Mayonnaise | 500g $1.28 per 100g,95.45,False,,https://caau.syd1.cdn.digitaloceanspaces.com/wp-content/uploads/catalogue/coles/coles-catalogue-october-2-8-2024-qld-metro/30.jpg,https://www.catalogueau.com/coles/#catalogue=coles/coles-catalogue-october-2-8-2024-qld-metro/,displayed_price,displayed_price;unit_price,2,verified
Coles,QLD METRO,"Coles Catalogue October 2 - 8, 2024 QLD METRO",2024-10-02,2024-10-09,30,Roll'd Vermicelli Noodle 400g,3.0,4.4,1.4,31.82,save_amount,400g,$0.75 per 100g,"SAVES1.40 | WASS4.40 | Roll'd Vermicelli Noodle | 400g $0.75 per 100g | Spend $20 in one transaction, scan your Flybuys and receive one Bonus Kitchen Knife credit | when you also purchase a selected product from a participating brand or product range. Limit",94.88,False,,https://caau.syd1.cdn.digitaloceanspaces.com/wp-content/uploads/catalogue/coles/coles-catalogue-october-2-8-2024-qld-metro/30.jpg,https://www.catalogueau.com/coles/#catalogue=coles/coles-catalogue-october-2-8-2024-qld-metro/,save_was_arithmetic,displayed_price;save_was_arithmetic;unit_price,3,verified
Coles,QLD METRO,"Coles Catalogue October 2 - 8, 2024 QLD METRO",2024-10-02,2024-10-09,30,Robert Timms Coffee Bags 24 Pack-28 Pack,9.45,13.5,4.05,30.0,save_amount,24 Pack; 28 Pack,,SAVE%4.05 | WASS13.50 | Robert Timms Coffee | Bags 24 Pack-28 Pack,95.43,True,single_price_evidence,https://caau.syd1.cdn.digitaloceanspaces.com/wp-content/uploads/catalogue/coles/coles-catalogue-october-2-8-2024-qld-metro/30.jpg,https://www.catalogueau.com/coles/#catalogue=coles/coles-catalogue-october-2-8-2024-qld-metro/,save_was_arithmetic,save_was_arithmetic,1,review
Coles,QLD METRO,"Coles Catalogue October 2 - 8, 2024 QLD METRO",2024-10-02,2024-10-09,30,Street Kitchen Mexican Meal Kit 255g,4.8,6.0,1.2,20.0,save_amount,255g,$1.88 per 100g,SAVES1.20 | Street Kitchen Mexican | Meal Kit 255g | $1.88 per 100g | SMEG,96.08,True,single_price_evidence,https://caau.syd1.cdn.digitaloceanspaces.com/wp-content/uploads/catalogue/coles/coles-catalogue-october-2-8-2024-qld-metro/30.jpg,https://www.catalogueau.com/coles/#catalogue=coles/coles-catalogue-october-2-8-2024-qld-metro/,unit_price,unit_price,1,review
Coles,QLD METRO,"Coles Catalogue October 2 - 8, 2024 QLD METRO",2024-10-02,2024-10-09,31,Ready Chef Lasagne 1.9kg,12.75,16.0,3.25,20.31,save_amount,1.9kg,$0.67 per 100g,WASSI6 | WASSI6 | Ready Chef Lasagne 1.9kg | $0.67 per 100g,94.22,True,single_price_evidence,https://caau.syd1.cdn.digitaloceanspaces.com/wp-content/uploads/catalogue/coles/coles-catalogue-october-2-8-2024-qld-metro/31.jpg,https://www.catalogueau.com/coles/#catalogue=coles/coles-catalogue-october-2-8-2024-qld-metro/,unknown,,0,review
Coles,QLD METRO,"Coles Catalogue October 2 - 8, 2024 QLD METRO",2024-10-02,2024-10-09,31,Primo Rindless Streaky Bacon 650g,12.5,16.8,4.3,25.6,save_amount,650g,$19.23 per kg,WASS16.80 | WASS16.80 | Primo Rindless Streaky Bacon 650g | $19.23 per kg. *See page 30 for T&Cs | = | = | -4 | ed,94.24,True,single_price_evidence,https://caau.syd1.cdn.digitaloceanspaces.com/wp-content/uploads/catalogue/coles/coles-catalogue-october-2-8-2024-qld-metro/31.jpg,https://www.catalogueau.com/coles/#catalogue=coles/coles-catalogue-october-2-8-2024-qld-metro/,unit_price,unit_price,1,review
Coles,QLD METRO,"Coles Catalogue October 2 - 8, 2024 QLD METRO",2024-10-02,2024-10-09,31,Remedy Kombucha 750mL,5.25,7.5,2.25,30.0,save_amount,750mL,$7.00 per litre,WAS$7.50 | WAS$7.50 | Remedy Kombucha 750mL | $7.00 per litre,92.27,False,,https://caau.syd1.cdn.digitaloceanspaces.com/wp-content/uploads/catalogue/coles/coles-catalogue-october-2-8-2024-qld-metro/31.jpg,https://www.catalogueau.com/coles/#catalogue=coles/coles-catalogue-october-2-8-2024-qld-metro/,displayed_price,displayed_price;unit_price,2,verified
Coles,QLD METRO,"Coles Catalogue October 2 - 8, 2024 QLD METRO",2024-10-02,2024-10-09,31,Dare Flavoured Milk 500mL,3.23,415.0,411.77,99.22,save_amount,500mL,$6.60 per litre,WASS415 | WASS415 | Dare Flavoured Milk 500mL | $6.60 per litre | a. | oe,94.88,True,single_price_evidence,https://caau.syd1.cdn.digitaloceanspaces.com/wp-content/uploads/catalogue/coles/coles-catalogue-october-2-8-2024-qld-metro/31.jpg,https://www.catalogueau.com/coles/#catalogue=coles/coles-catalogue-october-2-8-2024-qld-metro/,unit_price,unit_price,1,review
Coles,QLD METRO,"Coles Catalogue October 2 - 8, 2024 QLD METRO",2024-10-02,2024-10-09,31,Rokeby Farm Smoothie 425mL,3.6,4.65,1.05,22.58,save_amount,425mL,$8.47 per litre,‘WAS$4.65 | ‘WAS$4.65 | Rokeby Farm Smoothie 425mL | $8.47 per litre. 2nd week on sale | Ty,94.29,True,single_price_evidence,https://caau.syd1.cdn.digitaloceanspaces.com/wp-content/uploads/catalogue/coles/coles-catalogue-october-2-8-2024-qld-metro/31.jpg,https://www.catalogueau.com/coles/#catalogue=coles/coles-catalogue-october-2-8-2024-qld-metro/,unit_price,unit_price,1,review
Coles,QLD METRO,"Coles Catalogue October 2 - 8, 2024 QLD METRO",2024-10-02,2024-10-09,31,"Bega Cheese Block, Slices or Grated 250g",6.0,750.0,744.0,99.2,save_amount,250g,$24.00 per kg,"WAS$750 | WAS$750 | Bega Cheese Block, | Slices or Grated | 250g $24.00 per kg. | On sale for 2 weeks | ADVERTISER PROMOTION | S",96.46,False,,https://caau.syd1.cdn.digitaloceanspaces.com/wp-content/uploads/catalogue/coles/coles-catalogue-october-2-8-2024-qld-metro/31.jpg,https://www.catalogueau.com/coles/#catalogue=coles/coles-catalogue-october-2-8-2024-qld-metro/,displayed_price,displayed_price;unit_price,2,verified
Coles,QLD METRO,"Coles Catalogue October 2 - 8, 2024 QLD METRO",2024-10-02,2024-10-09,31,Coles Shredded Tasty Cheese 700g,9.5,,,,special,700g,$13.57 per kg,Coles Shredded Tasty Cheese | 700g $13.57 per kg | > | =,96.06,False,,https://caau.syd1.cdn.digitaloceanspaces.com/wp-content/uploads/catalogue/coles/coles-catalogue-october-2-8-2024-qld-metro/31.jpg,https://www.catalogueau.com/coles/#catalogue=coles/coles-catalogue-october-2-8-2024-qld-metro/,displayed_price,displayed_price;unit_price,2,verified
Coles,QLD METRO,"Coles Catalogue October 2 - 8, 2024 QLD METRO",2024-10-02,2024-10-09,33,Luv A Duck 1.9kg,14.5,25.5,11.0,43.14,save_amount,1.9kg,$7.63 per kg,WAS$25.50 | WAS$25.50 | Luv A Duck 1.9kg | $7.63 per kg | Super | ature | o: | oem,93.81,True,single_price_evidence,https://caau.syd1.cdn.digitaloceanspaces.com/wp-content/uploads/catalogue/coles/coles-catalogue-october-2-8-2024-qld-metro/33.jpg,https://www.catalogueau.com/coles/#catalogue=coles/coles-catalogue-october-2-8-2024-qld-metro/,unit_price,unit_price,1,review
Coles,QLD METRO,"Coles Catalogue October 2 - 8, 2024 QLD METRO",2024-10-02,2024-10-09,33,On the Menu Big Feast 480g,6.4,8.0,1.6,20.0,save_amount,480g,$1.33 per 100g,On the Menu Big Feast 480g | $1.33 per 100g | MOHOrD HAE | ry | \C & CHEESE) | CIEE),96.23,False,,https://caau.syd1.cdn.digitaloceanspaces.com/wp-content/uploads/catalogue/coles/coles-catalogue-october-2-8-2024-qld-metro/33.jpg,https://www.catalogueau.com/coles/#catalogue=coles/coles-catalogue-october-2-8-2024-qld-metro/,displayed_price,displayed_price;unit_price,2,verified
Coles,QLD METRO,"Coles Catalogue October 2 - 8, 2024 QLD METRO",2024-10-02,2024-10-09,33,Core Powerfood Frozen Meal 350g,7.5,9.5,2.0,21.05,save_amount,350g,$2.14 per 100g,WASS$9.50 | WASS$9.50 | Core Powerfood Frozen Meal 350g | $2.14 per 100g | Uniquely,94.03,False,,https://caau.syd1.cdn.digitaloceanspaces.com/wp-content/uploads/catalogue/coles/coles-catalogue-october-2-8-2024-qld-metro/33.jpg,https://www.catalogueau.com/coles/#catalogue=coles/coles-catalogue-october-2-8-2024-qld-metro/,displayed_price,displayed_price;unit_price,2,verified
Coles,QLD METRO,"Coles Catalogue October 2 - 8, 2024 QLD METRO",2024-10-02,2024-10-09,33,Birds Eye Plant Based Chicken Tenders 300g,6.0,7.6,1.6,21.05,save_amount,300g,$2.00 per 100g,WAS$7.60 | WAS$7.60 | Birds Eye Plant Based Chicken | Tenders 300g $2.00 per 100g | <omN | nl | j | AIA,96.51,False,,https://caau.syd1.cdn.digitaloceanspaces.com/wp-content/uploads/catalogue/coles/coles-catalogue-october-2-8-2024-qld-metro/33.jpg,https://www.catalogueau.com/coles/#catalogue=coles/coles-catalogue-october-2-8-2024-qld-metro/,displayed_price,displayed_price;unit_price,2,verified
Coles,QLD METRO,"Coles Catalogue October 2 - 8, 2024 QLD METRO",2024-10-02,2024-10-09,33,Super Nature Wellness Meal 350g,5.2,750.0,744.8,99.31,save_amount,350g,$1.49 per 100g,WAS$750 | WAS$750 | Super Nature Wellness Meal | 350g $1.49 per 100g | <omN | r~ | .,95.75,False,,https://caau.syd1.cdn.digitaloceanspaces.com/wp-content/uploads/catalogue/coles/coles-catalogue-october-2-8-2024-qld-metro/33.jpg,https://www.catalogueau.com/coles/#catalogue=coles/coles-catalogue-october-2-8-2024-qld-metro/,displayed_price,displayed_price;unit_price,2,verified
Coles,QLD METRO,"Coles Catalogue October 2 - 8, 2024 QLD METRO",2024-10-02,2024-10-09,36,Huggies DryNites Night Time Pants 8 Pack-10 Pack,9.6,12.0,2.4,20.0,save_amount,8 Pack; 10 Pack,,SAVE52.40 | WASS12 | Huggies DryNites Night Time Pants | 8 Pack-10 Pack | 60% | WHE! | a | a,79.0,True,low_name_confidence_strict;single_price_evidence,https://caau.syd1.cdn.digitaloceanspaces.com/wp-content/uploads/catalogue/coles/coles-catalogue-october-2-8-2024-qld-metro/36.jpg,https://www.catalogueau.com/coles/#catalogue=coles/coles-catalogue-october-2-8-2024-qld-metro/,displayed_price,displayed_price,1,review
Coles,QLD METRO,"Coles Catalogue October 2 - 8, 2024 QLD METRO",2024-10-02,2024-10-09,36,Huggies Ultra Dry Jumbo Nappy Pants 48 Pack-62 Pack,30.0,39.0,9.0,23.08,save_amount,48 Pack; 62 Pack,,SAVES9 | WAS$39 | Huggies Ultra Dry Jumbo Nappy Pants | 48 Pack-62 Pack On sale for 2 weeks | mae | PN,95.44,False,,https://caau.syd1.cdn.digitaloceanspaces.com/wp-content/uploads/catalogue/coles/coles-catalogue-october-2-8-2024-qld-metro/36.jpg,https://www.catalogueau.com/coles/#catalogue=coles/coles-catalogue-october-2-8-2024-qld-metro/,save_was_arithmetic,displayed_price;save_was_arithmetic,2,verified
Coles,QLD METRO,"Coles Catalogue October 2 - 8, 2024 QLD METRO",2024-10-02,2024-10-09,36,Huggies Baby Wipes ‘Coconut Oil or Fragrance Free 400 Pack,14.4,18.0,3.6,20.0,save_amount,400 Pack,$3.60 per 100 each,SAVES3.60 | WASS18 | Huggies Baby Wipes | ‘Coconut Oil or | Fragrance Free | 400 Pack | $3.60 per 100 each,92.78,False,,https://caau.syd1.cdn.digitaloceanspaces.com/wp-content/uploads/catalogue/coles/coles-catalogue-october-2-8-2024-qld-metro/36.jpg,https://www.catalogueau.com/coles/#catalogue=coles/coles-catalogue-october-2-8-2024-qld-metro/,save_was_arithmetic,displayed_price;save_was_arithmetic;unit_price,3,verified
Coles,QLD METRO,"Coles Catalogue October 2 - 8, 2024 QLD METRO",2024-10-02,2024-10-09,36,Huggies Bulk Nappy Pants 24 Pack-36 Pack,17.0,22.0,5.0,22.73,save_amount,24 Pack; 36 Pack,,SAVES | WAS$22 | Huggies Bulk Nappy | Pants 24 Pack-36 Pack | 2nd week on sale | — | ~~ | x,95.59,True,single_price_evidence,https://caau.syd1.cdn.digitaloceanspaces.com/wp-content/uploads/catalogue/coles/coles-catalogue-october-2-8-2024-qld-metro/36.jpg,https://www.catalogueau.com/coles/#catalogue=coles/coles-catalogue-october-2-8-2024-qld-metro/,displayed_price,displayed_price,1,review
Coles,QLD METRO,"Coles Catalogue October 2 - 8, 2024 QLD METRO",2024-10-02,2024-10-09,36,Huggies Little Swimmers 10 Pack-12 Pack,13.6,17.0,3.4,20.0,save_amount,10 Pack; 12 Pack,,SAVES3.40 | WASS17 | Huggies Little | Swimmers | 10 Pack-12 Pack | _@&,94.91,False,,https://caau.syd1.cdn.digitaloceanspaces.com/wp-content/uploads/catalogue/coles/coles-catalogue-october-2-8-2024-qld-metro/36.jpg,https://www.catalogueau.com/coles/#catalogue=coles/coles-catalogue-october-2-8-2024-qld-metro/,save_was_arithmetic,displayed_price;save_was_arithmetic,2,verified
Coles,QLD METRO,"Coles Catalogue October 2 - 8, 2024 QLD METRO",2024-10-02,2024-10-09,36,Huggies Fragrance Free Baby Wipes 80 Pack or Extra Large Baby Wipes 70 Pack,4.0,5.0,1.0,20.0,save_amount,80 Pack; 70 Pack,,"SAVE ""1 | WASS5 | Huggies Fragrance Free | Baby Wipes 80 Pack or | Extra Large Baby Wipes | 70 Pack",96.09,False,,https://caau.syd1.cdn.digitaloceanspaces.com/wp-content/uploads/catalogue/coles/coles-catalogue-october-2-8-2024-qld-metro/36.jpg,https://www.catalogueau.com/coles/#catalogue=coles/coles-catalogue-october-2-8-2024-qld-metro/,save_was_arithmetic,displayed_price;save_was_arithmetic,2,verified
Coles,QLD METRO,"Coles Catalogue October 2 - 8, 2024 QLD METRO",2024-10-02,2024-10-09,36,Huggies Ultra Dry Bulk Nappies 30 Pack-54 Pack,17.0,22.0,5.0,22.73,save_amount,30 Pack; 54 Pack,,SAVES5 | WAS$22 | Huggies Ultra Dry | Bulk Nappies | 30 Pack-54 Pack | QLD-METRO-0210-24-285021,95.34,False,,https://caau.syd1.cdn.digitaloceanspaces.com/wp-content/uploads/catalogue/coles/coles-catalogue-october-2-8-2024-qld-metro/36.jpg,https://www.catalogueau.com/coles/#catalogue=coles/coles-catalogue-october-2-8-2024-qld-metro/,save_was_arithmetic,displayed_price;save_was_arithmetic,2,verified
Coles,QLD METRO,"Coles Catalogue October 2 - 8, 2024 QLD METRO",2024-10-02,2024-10-09,36,Huggies Ultimate Nappy Pants 46 Pack-56 Pack,30.0,39.0,9.0,23.08,save_amount,46 Pack; 56 Pack,,"SAVES9 | WAS$39 | Huggies Ultimate | Nappy Pants | 46 Pack-56 Pack | TExcludes Down Down Every Day, Big Pack Value & clearance items | 36",95.48,False,,https://caau.syd1.cdn.digitaloceanspaces.com/wp-content/uploads/catalogue/coles/coles-catalogue-october-2-8-2024-qld-metro/36.jpg,https://www.catalogueau.com/coles/#catalogue=coles/coles-catalogue-october-2-8-2024-qld-metro/,save_was_arithmetic,displayed_price;save_was_arithmetic,2,verified
Coles,QLD METRO,"Coles Catalogue October 2 - 8, 2024 QLD METRO",2024-10-02,2024-10-09,36,Huggies Ultra Dry Nappy Pants 12 Pack-15 Pack,12.0,15.0,3.0,20.0,save_amount,12 Pack; 15 Pack,,"WASS15 | WASS15 | Huggies Ultra Dry | Nappy Pants | 12 Pack-15 Pack | TExcludes Down Down Every Day, Big Pack Value & clearance items | 36",95.62,True,single_price_evidence,https://caau.syd1.cdn.digitaloceanspaces.com/wp-content/uploads/catalogue/coles/coles-catalogue-october-2-8-2024-qld-metro/36.jpg,https://www.catalogueau.com/coles/#catalogue=coles/coles-catalogue-october-2-8-2024-qld-metro/,displayed_price,displayed_price,1,review
Coles,QLD METRO,"Coles Catalogue October 2 - 8, 2024 QLD METRO",2024-10-02,2024-10-09,37,SUPREMEpTO eu,312.0,,,,special,,,was | was | SUPREMEpTO | eu | om wt | 24.) | y. | ‘TOOLS.,43.0,True,save_amount_missing;regular_price_missing;low_ocr_confidence;low_name_confidence_strict;single_price_evidence,https://caau.syd1.cdn.digitaloceanspaces.com/wp-content/uploads/catalogue/coles/coles-catalogue-october-2-8-2024-qld-metro/37.jpg,https://www.catalogueau.com/coles/#catalogue=coles/coles-catalogue-october-2-8-2024-qld-metro/,displayed_price,displayed_price,1,review
Coles,QLD METRO,"Coles Catalogue October 2 - 8, 2024 QLD METRO",2024-10-02,2024-10-09,37,"Only Organic Baby Food Pouch 4+ Months, 6+ Months or 8+ Months 120g",1.5,,,,special,120g,$1.25 per 100g,"Only Organic Baby Food Pouch | 4+ Months, 6+ Months or 8+ | Months 120g $1.25 per 100g",96.4,True,single_price_evidence,https://caau.syd1.cdn.digitaloceanspaces.com/wp-content/uploads/catalogue/coles/coles-catalogue-october-2-8-2024-qld-metro/37.jpg,https://www.catalogueau.com/coles/#catalogue=coles/coles-catalogue-october-2-8-2024-qld-metro/,unit_price,unit_price,1,review
Coles,QLD METRO,"Coles Catalogue October 2 - 8, 2024 QLD METRO",2024-10-02,2024-10-09,37,Only Organic Rice Cakes 8 Months+ 35g,3.5,,,,special,35g,$10.00 per 100g,Only Organic Rice Cakes | 8 Months+ 35g $10.00 per 100g | 2nd week on sale,95.69,False,,https://caau.syd1.cdn.digitaloceanspaces.com/wp-content/uploads/catalogue/coles/coles-catalogue-october-2-8-2024-qld-metro/37.jpg,https://www.catalogueau.com/coles/#catalogue=coles/coles-catalogue-october-2-8-2024-qld-metro/,displayed_price,displayed_price;unit_price,2,verified
Coles,QLD METRO,"Coles Catalogue October 2 - 8, 2024 QLD METRO",2024-10-02,2024-10-09,37,Nan Supremepro Stage 3 Milk Drink 800,24.0,,,,special,,$3.00 per 100g,Nan Supremepro Stage 3 Milk | Drink 800 | 9 | $3.00 per 100g,79.0,True,offer_labels_missing;save_amount_missing;regular_price_missing;low_name_confidence_strict;single_price_evidence,https://caau.syd1.cdn.digitaloceanspaces.com/wp-content/uploads/catalogue/coles/coles-catalogue-october-2-8-2024-qld-metro/37.jpg,https://www.catalogueau.com/coles/#catalogue=coles/coles-catalogue-october-2-8-2024-qld-metro/,displayed_price,displayed_price,1,review
Coles,QLD METRO,"Coles Catalogue October 2 - 8, 2024 QLD METRO",2024-10-02,2024-10-09,37,Sudocrem Healing Rash Treatment Cream 400g,30.0,,,,special,400g,$7.50 per 100g,Sudocrem Healing Rash | Treatment Cream 400g | $7.50 per 100g,95.13,False,,https://caau.syd1.cdn.digitaloceanspaces.com/wp-content/uploads/catalogue/coles/coles-catalogue-october-2-8-2024-qld-metro/37.jpg,https://www.catalogueau.com/coles/#catalogue=coles/coles-catalogue-october-2-8-2024-qld-metro/,displayed_price,displayed_price;unit_price,2,verified
Coles,QLD METRO,"Coles Catalogue October 2 - 8, 2024 QLD METRO",2024-10-02,2024-10-09,37,Tilda Kids Vegetable Rice or Rice Pudding 125g,2.5,,,,special,125g,$2.00 per 100g,Tilda Kids Vegetable Rice or Rice Pudding | 125g $2.00 per 100g | < Yummy natural ingredients >< Quick & easy for busy parents ~~ Ready in 40 seconds,96.64,False,,https://caau.syd1.cdn.digitaloceanspaces.com/wp-content/uploads/catalogue/coles/coles-catalogue-october-2-8-2024-qld-metro/37.jpg,https://www.catalogueau.com/coles/#catalogue=coles/coles-catalogue-october-2-8-2024-qld-metro/,displayed_price,displayed_price;unit_price,2,verified
Coles,QLD METRO,"Coles Catalogue October 2 - 8, 2024 QLD METRO",2024-10-02,2024-10-09,38,Sensodyne Daily Care Toothpaste 100g,4.85,9.7,4.85,50.0,half_price,100g,$4.85 per 100g,SAVE%4.85 | WASS9.70 | Sensodyne Daily Care | Toothpaste 100g | $4.85 per 100g,94.94,False,,https://caau.syd1.cdn.digitaloceanspaces.com/wp-content/uploads/catalogue/coles/coles-catalogue-october-2-8-2024-qld-metro/38.jpg,https://www.catalogueau.com/coles/#catalogue=coles/coles-catalogue-october-2-8-2024-qld-metro/,save_was_arithmetic,save_was_arithmetic;unit_price,2,verified
Coles,QLD METRO,"Coles Catalogue October 2 - 8, 2024 QLD METRO",2024-10-02,2024-10-09,38,Sensodyne Repair & Protect Paste 100g%,6.15,12.3,6.15,50.0,half_price,100g,$6.15 per 100g,SAVE%6.15 | WASS12.30 | Sensodyne Repair & Protect | Paste 100g% $6.15 per 100g,88.46,False,,https://caau.syd1.cdn.digitaloceanspaces.com/wp-content/uploads/catalogue/coles/coles-catalogue-october-2-8-2024-qld-metro/38.jpg,https://www.catalogueau.com/coles/#catalogue=coles/coles-catalogue-october-2-8-2024-qld-metro/,save_was_arithmetic,save_was_arithmetic;unit_price,2,verified
Coles,QLD METRO,"Coles Catalogue October 2 - 8, 2024 QLD METRO",2024-10-02,2024-10-09,38,Sensodyne Mouthwash 500mL*,4.95,9.9,4.95,50.0,half_price,500mL,$0.99 per 100mL,"WASS9.90 | WASS9.90 | Sensodyne Mouthwash 500mL* | $0.99 per 100mL | tExcludes Every Day, Down Down & clearance items",90.98,True,inferred_price_requires_review,https://caau.syd1.cdn.digitaloceanspaces.com/wp-content/uploads/catalogue/coles/coles-catalogue-october-2-8-2024-qld-metro/38.jpg,https://www.catalogueau.com/coles/#catalogue=coles/coles-catalogue-october-2-8-2024-qld-metro/,unit_price,page_discount;unit_price,1,review
Coles,QLD METRO,"Coles Catalogue October 2 - 8, 2024 QLD METRO",2024-10-02,2024-10-09,38,Colgate Advanced Tartar & Whitening or Max Fresh Toothpaste 115g,4.55,6.5,1.95,30.0,save_amount,115g,$3.96 per 100g,SAVES1.95 | WAS$6.50 | Colgate Advanced Tartar | & Whitening or Max Fresh | Toothpaste 115g | $3.96 per 100g | *See page 30 for T&Cs,96.4,False,,https://caau.syd1.cdn.digitaloceanspaces.com/wp-content/uploads/catalogue/coles/coles-catalogue-october-2-8-2024-qld-metro/38.jpg,https://www.catalogueau.com/coles/#catalogue=coles/coles-catalogue-october-2-8-2024-qld-metro/,save_was_arithmetic,save_was_arithmetic;unit_price,2,verified
Coles,QLD METRO,"Coles Catalogue October 2 - 8, 2024 QLD METRO",2024-10-02,2024-10-09,38,Colgate Optic White Luminous High Impact Paste 85g,8.4,12.0,3.6,30.0,save_amount,85g,$9.88 per 100g,SAVE3.60 | WASS12 | Colgate Optic White | Luminous High Impact | Paste 85g | $9.88 per 100g | *See page 30 for T&Cs,96.47,False,,https://caau.syd1.cdn.digitaloceanspaces.com/wp-content/uploads/catalogue/coles/coles-catalogue-october-2-8-2024-qld-metro/38.jpg,https://www.catalogueau.com/coles/#catalogue=coles/coles-catalogue-october-2-8-2024-qld-metro/,save_was_arithmetic,displayed_price;save_was_arithmetic;unit_price,3,verified
Coles,QLD METRO,"Coles Catalogue October 2 - 8, 2024 QLD METRO",2024-10-02,2024-10-09,38,Dermaveen Extra Hydration Soap Free,21.0,30.0,9.0,30.0,save_amount,,$2.10 per 100mL,SAVE‘9 | WAS$30 | Dermaveen Extra | Hydration Soap Free | Wash 1 Litre | $2.10 per 100mL,95.08,False,,https://caau.syd1.cdn.digitaloceanspaces.com/wp-content/uploads/catalogue/coles/coles-catalogue-october-2-8-2024-qld-metro/38.jpg,https://www.catalogueau.com/coles/#catalogue=coles/coles-catalogue-october-2-8-2024-qld-metro/,save_was_arithmetic,displayed_price;save_was_arithmetic,2,verified
Coles,QLD METRO,"Coles Catalogue October 2 - 8, 2024 QLD METRO",2024-10-02,2024-10-09,38,Palmolive Naturals Body Wash 1 Litre,7.2,12.0,4.8,40.0,save_amount,1 Litre,$0.72 per 100mL,SAVES4.80 | WASS12 | Palmolive Naturals | Body Wash 1 Litre | $0.72 per 100mL | *See page 30 for T&Cs | — =,96.35,False,,https://caau.syd1.cdn.digitaloceanspaces.com/wp-content/uploads/catalogue/coles/coles-catalogue-october-2-8-2024-qld-metro/38.jpg,https://www.catalogueau.com/coles/#catalogue=coles/coles-catalogue-october-2-8-2024-qld-metro/,save_was_arithmetic,save_was_arithmetic;unit_price,2,verified
Coles,QLD METRO,"Coles Catalogue October 2 - 8, 2024 QLD METRO",2024-10-02,2024-10-09,38,John Frieda Violet Crush Tone Refresh Shampoo or Conditioner 250mL,12.6,21.0,8.4,40.0,save_amount,250mL,$5.04 per 100mL,SAVES8.40 | WASS$21 | John Frieda Violet Crush | Tone Refresh Shampoo | or Conditioner 250mL | $5.04 per 100mL,95.28,False,,https://caau.syd1.cdn.digitaloceanspaces.com/wp-content/uploads/catalogue/coles/coles-catalogue-october-2-8-2024-qld-metro/38.jpg,https://www.catalogueau.com/coles/#catalogue=coles/coles-catalogue-october-2-8-2024-qld-metro/,save_was_arithmetic,displayed_price;save_was_arithmetic;unit_price,3,verified
Coles,QLD METRO,"Coles Catalogue October 2 - 8, 2024 QLD METRO",2024-10-02,2024-10-09,38,Tena Incontinence Liners Extra Long 24 Pack or Long 26 Pack,3.85,5.5,1.65,30.0,save_amount,24 Pack; 26 Pack,,SAVE ‘1.65 | WASS5.50 | Tena Incontinence | Liners Extra Long 24 | Pack or Long 26 Pack,96.62,False,,https://caau.syd1.cdn.digitaloceanspaces.com/wp-content/uploads/catalogue/coles/coles-catalogue-october-2-8-2024-qld-metro/38.jpg,https://www.catalogueau.com/coles/#catalogue=coles/coles-catalogue-october-2-8-2024-qld-metro/,save_was_arithmetic,displayed_price;save_was_arithmetic,2,verified
Coles,QLD METRO,"Coles Catalogue October 2 - 8, 2024 QLD METRO",2024-10-02,2024-10-09,38,Libra Ultra Thin Pads With Wings Super 12 Pack or Regular 14 Pack,3.5,5.0,1.5,30.0,save_amount,12 Pack; 14 Pack,,SAVE*1.50 | Libra Ultra Thin Pads With | Wings Super 12 Pack or | Regular 14 Pack,96.29,True,single_price_evidence,https://caau.syd1.cdn.digitaloceanspaces.com/wp-content/uploads/catalogue/coles/coles-catalogue-october-2-8-2024-qld-metro/38.jpg,https://www.catalogueau.com/coles/#catalogue=coles/coles-catalogue-october-2-8-2024-qld-metro/,displayed_price,displayed_price,1,review
Coles,QLD METRO,"Coles Catalogue October 2 - 8, 2024 QLD METRO",2024-10-02,2024-10-09,38,Tom Organic Regular Pads 10 Pack or Regular Tampons 16 Pack,4.0,6.0,2.0,33.33,save_amount,10 Pack; 16 Pack,,SAVES2 | WASS6 | Tom Organic Regular | Pads 10 Pack or Regular | Tampons 16 Pack,96.41,False,,https://caau.syd1.cdn.digitaloceanspaces.com/wp-content/uploads/catalogue/coles/coles-catalogue-october-2-8-2024-qld-metro/38.jpg,https://www.catalogueau.com/coles/#catalogue=coles/coles-catalogue-october-2-8-2024-qld-metro/,save_was_arithmetic,displayed_price;save_was_arithmetic,2,verified
Coles,QLD METRO,"Coles Catalogue October 2 - 8, 2024 QLD METRO",2024-10-02,2024-10-09,39,Sorbent 2-Ply Extra Thick & Large Facial Tissues 95 Pack,1.9,2.2,0.3,13.64,save_amount,95 Pack,$2.00 per 100 each,WASS$2.20 | WASS$2.20 | SEP 2024 | Sorbent 2-Ply Extra Thick & | Large Facial Tissues 95 Pack | $2.00 per 100 each,94.95,False,,https://caau.syd1.cdn.digitaloceanspaces.com/wp-content/uploads/catalogue/coles/coles-catalogue-october-2-8-2024-qld-metro/39.jpg,https://www.catalogueau.com/coles/#catalogue=coles/coles-catalogue-october-2-8-2024-qld-metro/,displayed_price,displayed_price;unit_price,2,verified
Coles,QLD METRO,"Coles Catalogue October 2 - 8, 2024 QLD METRO",2024-10-02,2024-10-09,39,Hercules ClickZip Resealable Snack Bags 40 Pack,2.0,2.35,0.35,14.89,save_amount,40 Pack,$0.05 per each,WAS$2.35 | WAS$2.35 | OCT 2024 | Hercules ClickZip Resealable | Snack Bags 40 Pack | $0.05 per each,95.12,True,single_price_evidence,https://caau.syd1.cdn.digitaloceanspaces.com/wp-content/uploads/catalogue/coles/coles-catalogue-october-2-8-2024-qld-metro/39.jpg,https://www.catalogueau.com/coles/#catalogue=coles/coles-catalogue-october-2-8-2024-qld-metro/,displayed_price,displayed_price,1,review
Coles,QLD METRO,"Coles Catalogue October 2 - 8, 2024 QLD METRO",2024-10-02,2024-10-09,39,Handee Ultra Double Length Paper Towel 2 Pack,5.0,,,,down_down,2 Pack,$2.08 per 100,Handee Ultra Double Length Paper | Towel 2 Pack $2.08 per 100 sheets,95.62,True,save_amount_missing;regular_price_missing;single_price_evidence,https://caau.syd1.cdn.digitaloceanspaces.com/wp-content/uploads/catalogue/coles/coles-catalogue-october-2-8-2024-qld-metro/39.jpg,https://www.catalogueau.com/coles/#catalogue=coles/coles-catalogue-october-2-8-2024-qld-metro/,displayed_price,displayed_price,1,review
Coles,QLD METRO,"Coles Catalogue October 2 - 8, 2024 QLD METRO",2024-10-02,2024-10-09,39,Dettol Multipurpose Spray 750mL,3.5,,,,special,750mL,$0.47 per 100mL,Dettol Multipurpose Spray 750mL | $0.47 per 100mL,93.92,True,single_price_evidence,https://caau.syd1.cdn.digitaloceanspaces.com/wp-content/uploads/catalogue/coles/coles-catalogue-october-2-8-2024-qld-metro/39.jpg,https://www.catalogueau.com/coles/#catalogue=coles/coles-catalogue-october-2-8-2024-qld-metro/,unit_price,unit_price,1,review
Coles,QLD METRO,"Coles Catalogue October 2 - 8, 2024 QLD METRO",2024-10-02,2024-10-09,39,Glen 20 Disinfectant Spray 300g,6.0,,,,special,300g,$2.00 per 100g,Glen 20 Disinfectant Spray 300g | $2.00 per 100g | —p,96.81,False,,https://caau.syd1.cdn.digitaloceanspaces.com/wp-content/uploads/catalogue/coles/coles-catalogue-october-2-8-2024-qld-metro/39.jpg,https://www.catalogueau.com/coles/#catalogue=coles/coles-catalogue-october-2-8-2024-qld-metro/,displayed_price,displayed_price;unit_price,2,verified
Coles,QLD METRO,"Coles Catalogue October 2 - 8, 2024 QLD METRO",2024-10-02,2024-10-09,39,Glad Cling Wrap 100 Metres,5.5,,,,special,,,Glad Cling Wrap 100 Metres | $0.06 per metre. | *See page 30 for T&Cs,96.4,True,offer_labels_missing;save_amount_missing;regular_price_missing;single_price_evidence,https://caau.syd1.cdn.digitaloceanspaces.com/wp-content/uploads/catalogue/coles/coles-catalogue-october-2-8-2024-qld-metro/39.jpg,https://www.catalogueau.com/coles/#catalogue=coles/coles-catalogue-october-2-8-2024-qld-metro/,displayed_price,displayed_price,1,review
Coles,QLD METRO,"Coles Catalogue October 2 - 8, 2024 QLD METRO",2024-10-02,2024-10-09,39,weekly,2.0,,,,special,,,weekly,79.0,True,offer_labels_missing;save_amount_missing;regular_price_missing;low_name_confidence_strict;single_price_evidence,https://caau.syd1.cdn.digitaloceanspaces.com/wp-content/uploads/catalogue/coles/coles-catalogue-october-2-8-2024-qld-metro/39.jpg,https://www.catalogueau.com/coles/#catalogue=coles/coles-catalogue-october-2-8-2024-qld-metro/,displayed_price,displayed_price,1,review
Coles,QLD METRO,"Coles Catalogue October 2 - 8, 2024 QLD METRO",2024-10-02,2024-10-09,39,Bref In The Bowl Toilet Cleaner 42g-50g,3.5,,,,special,42g; 50g,,Bref In The Bowl Toilet | Cleaner 42g-50g | ADVERTISER PROMOTION | QLD-METRO-0210-24-285021,93.64,True,offer_labels_missing;save_amount_missing;regular_price_missing;single_price_evidence,https://caau.syd1.cdn.digitaloceanspaces.com/wp-content/uploads/catalogue/coles/coles-catalogue-october-2-8-2024-qld-metro/39.jpg,https://www.catalogueau.com/coles/#catalogue=coles/coles-catalogue-october-2-8-2024-qld-metro/,displayed_price,displayed_price,1,review
Coles,QLD METRO,"Coles Catalogue October 2 - 8, 2024 QLD METRO",2024-10-02,2024-10-09,39,Bref Liquid 600mL-700mL,35.5,,,,special,600mL; 700mL,,Bref Liquid | 600mL-700mL,92.95,True,offer_labels_missing;save_amount_missing;regular_price_missing;single_price_evidence,https://caau.syd1.cdn.digitaloceanspaces.com/wp-content/uploads/catalogue/coles/coles-catalogue-october-2-8-2024-qld-metro/39.jpg,https://www.catalogueau.com/coles/#catalogue=coles/coles-catalogue-october-2-8-2024-qld-metro/,displayed_price,displayed_price,1,review
Coles,QLD METRO,"Coles Catalogue October 2 - 8, 2024 QLD METRO",2024-10-02,2024-10-09,40,Bow Wow Braided Collagen Chew Stick Dog Treat 1 Pack,6.0,9.0,3.0,33.33,save_amount,1 Pack,$6.00 per each,WASS9 | WASS9 | Bow Wow Braided Collagen Chew Stick | Dog Treat 1 Pack $6.00 per each | — | ———— | — | Ofancy,96.52,False,,https://caau.syd1.cdn.digitaloceanspaces.com/wp-content/uploads/catalogue/coles/coles-catalogue-october-2-8-2024-qld-metro/40.jpg,https://www.catalogueau.com/coles/#catalogue=coles/coles-catalogue-october-2-8-2024-qld-metro/,displayed_price,displayed_price;unit_price,2,verified
Coles,QLD METRO,"Coles Catalogue October 2 - 8, 2024 QLD METRO",2024-10-02,2024-10-09,40,Bow Wow Dog Treats Pigs Ears 5 Pack,11.0,16.0,5.0,31.25,save_amount,5 Pack,$2.20 per each,WASS16 | WASS16 | Bow Wow Dog Treats Pigs Ears 5 Pack | $2.20 per each | C=,96.86,False,,https://caau.syd1.cdn.digitaloceanspaces.com/wp-content/uploads/catalogue/coles/coles-catalogue-october-2-8-2024-qld-metro/40.jpg,https://www.catalogueau.com/coles/#catalogue=coles/coles-catalogue-october-2-8-2024-qld-metro/,displayed_price,displayed_price;unit_price,2,verified
Coles,QLD METRO,"Coles Catalogue October 2 - 8, 2024 QLD METRO",2024-10-02,2024-10-09,40,Fancy Feast Classic or Creamy Delights Cat Food 85g,1.1,1.6,0.5,31.25,save_amount,85g,$1.29 per 100g,WASS1.60 | WASS1.60 | Fancy Feast Classic or Creamy Delights Cat Food | 85g $1.29 per 100g | F | =|,79.0,True,low_name_confidence_strict;single_price_evidence,https://caau.syd1.cdn.digitaloceanspaces.com/wp-content/uploads/catalogue/coles/coles-catalogue-october-2-8-2024-qld-metro/40.jpg,https://www.catalogueau.com/coles/#catalogue=coles/coles-catalogue-october-2-8-2024-qld-metro/,unit_price,unit_price,1,review
Coles,QLD METRO,"Coles Catalogue October 2 - 8, 2024 QLD METRO",2024-10-02,2024-10-09,40,Farmers Market Dry Dog Food 2.7kg,12.4,21.0,8.6,40.95,save_amount,2.7kg,$0.46 per 100g,WASS21 | WASS21 | Farmers Market Dry Dog Food | 2.7kg $0.46 per 100g,96.03,True,single_price_evidence,https://caau.syd1.cdn.digitaloceanspaces.com/wp-content/uploads/catalogue/coles/coles-catalogue-october-2-8-2024-qld-metro/40.jpg,https://www.catalogueau.com/coles/#catalogue=coles/coles-catalogue-october-2-8-2024-qld-metro/,unknown,,0,review
Coles,QLD METRO,"Coles Catalogue October 2 - 8, 2024 QLD METRO",2024-10-02,2024-10-09,40,4 Legs Natural + Wellness Boost Meatballs Dog Food Trays 870g,5.5,780.0,774.5,99.29,save_amount,870g,$0.63 per 100,WAS$780 | WAS$780 | 4 Legs Natural + Wellness Boost | Meatballs Dog Food Trays 870g | $0.63 per 100 | From the chilled pet food fridge,95.25,True,single_price_evidence,https://caau.syd1.cdn.digitaloceanspaces.com/wp-content/uploads/catalogue/coles/coles-catalogue-october-2-8-2024-qld-metro/40.jpg,https://www.catalogueau.com/coles/#catalogue=coles/coles-catalogue-october-2-8-2024-qld-metro/,unit_price,unit_price,1,review
Coles,QLD METRO,"Coles Catalogue October 2 - 8, 2024 QLD METRO",2024-10-02,2024-10-09,40,Friskies Dry Cat Food 1kg,5.0,8.0,3.0,37.5,save_amount,1kg,$0.50 per 100g,WASS8 | WASS8 | Friskies Dry Cat Food 1kg | $0.50 per 100g | ee | =,95.23,False,,https://caau.syd1.cdn.digitaloceanspaces.com/wp-content/uploads/catalogue/coles/coles-catalogue-october-2-8-2024-qld-metro/40.jpg,https://www.catalogueau.com/coles/#catalogue=coles/coles-catalogue-october-2-8-2024-qld-metro/,displayed_price,displayed_price;unit_price,2,verified
Coles,QLD METRO,"Coles Catalogue October 2 - 8, 2024 QLD METRO",2024-10-02,2024-10-09,40,Whiskas Oh So Cat Food 12x85g,10.5,14.5,4.0,27.59,save_amount,12x85g,$1.03 per 100g,WASS14.50 | WASS14.50 | Whiskas Oh So Cat Food | 12x85g $1.03 per 100g | —— | eS) | smrci GREAT weit,95.09,True,single_price_evidence,https://caau.syd1.cdn.digitaloceanspaces.com/wp-content/uploads/catalogue/coles/coles-catalogue-october-2-8-2024-qld-metro/40.jpg,https://www.catalogueau.com/coles/#catalogue=coles/coles-catalogue-october-2-8-2024-qld-metro/,unit_price,unit_price,1,review
Coles,QLD METRO,"Coles Catalogue October 2 - 8, 2024 QLD METRO",2024-10-02,2024-10-09,40,Woofin' Good Dog Food 720g,3.0,,,,special,720g,$0.42 per 100g,Woofin' Good Dog Food 720g | $0.42 per 100g,94.99,False,,https://caau.syd1.cdn.digitaloceanspaces.com/wp-content/uploads/catalogue/coles/coles-catalogue-october-2-8-2024-qld-metro/40.jpg,https://www.catalogueau.com/coles/#catalogue=coles/coles-catalogue-october-2-8-2024-qld-metro/,displayed_price,displayed_price;unit_price,2,verified
Coles,QLD METRO,"Coles Catalogue October 2 - 8, 2024 QLD METRO",2024-10-02,2024-10-09,40,Felix Cat Food 24x85g,21.5,,,,special,24x85g,$1.05 per 100g,Felix Cat Food 24x85g | $1.05 per 100g,92.88,True,offer_labels_missing;save_amount_missing;regular_price_missing;single_price_evidence,https://caau.syd1.cdn.digitaloceanspaces.com/wp-content/uploads/catalogue/coles/coles-catalogue-october-2-8-2024-qld-metro/40.jpg,https://www.catalogueau.com/coles/#catalogue=coles/coles-catalogue-october-2-8-2024-qld-metro/,displayed_price,displayed_price,1,review
Coles,QLD METRO,"Coles Catalogue October 2 - 8, 2024 QLD METRO",2024-10-02,2024-10-09,41,Bathox Earth Dog Shampoo 250mL or 500mL,9.8,14.0,4.2,30.0,save_amount,250mL; 500mL,,WASS14 | WASS14 | Bathox Earth Dog Shampoo | 250mL or 500mL,79.0,True,low_name_confidence_strict;single_price_evidence,https://caau.syd1.cdn.digitaloceanspaces.com/wp-content/uploads/catalogue/coles/coles-catalogue-october-2-8-2024-qld-metro/41.jpg,https://www.catalogueau.com/coles/#catalogue=coles/coles-catalogue-october-2-8-2024-qld-metro/,displayed_price,displayed_price,1,review
Coles,QLD METRO,"Coles Catalogue October 2 - 8, 2024 QLD METRO",2024-10-02,2024-10-09,41,Nerf Dog Super Bounce Ball Dog Toy 1 Pack,9.8,14.0,4.2,30.0,save_amount,1 Pack,$9.80 per each,WASS14 | WASS14 | Nerf Dog Super Bounce | Ball Dog Toy 1 Pack | $9.80 per each,96.52,True,single_price_evidence,https://caau.syd1.cdn.digitaloceanspaces.com/wp-content/uploads/catalogue/coles/coles-catalogue-october-2-8-2024-qld-metro/41.jpg,https://www.catalogueau.com/coles/#catalogue=coles/coles-catalogue-october-2-8-2024-qld-metro/,unit_price,unit_price,1,review
Coles,QLD METRO,"Coles Catalogue October 2 - 8, 2024 QLD METRO",2024-10-02,2024-10-09,41,Purina Total Care Heartwormer Allwormer Flea Control Cat Treatment 1 Pack,16.1,23.0,6.9,30.0,save_amount,1 Pack,$16.10 per each,WAS$23 | WAS$23 | Purina Total Care Heartwormer Allwormer Flea | Control Cat Treatment 1 Pack $16.10 per each,94.54,True,single_price_evidence,https://caau.syd1.cdn.digitaloceanspaces.com/wp-content/uploads/catalogue/coles/coles-catalogue-october-2-8-2024-qld-metro/41.jpg,https://www.catalogueau.com/coles/#catalogue=coles/coles-catalogue-october-2-8-2024-qld-metro/,unit_price,unit_price,1,review
Coles,QLD METRO,"Coles Catalogue October 2 - 8, 2024 QLD METRO",2024-10-02,2024-10-09,41,Lux & Bones Dental Toothpaste 100mL,7.0,10.0,3.0,30.0,save_amount,100mL,$70.00 per litre,WASS10 | WASS10 | Lux & Bones Dental Toothpaste | 100mL $70.00 per litre,95.24,False,,https://caau.syd1.cdn.digitaloceanspaces.com/wp-content/uploads/catalogue/coles/coles-catalogue-october-2-8-2024-qld-metro/41.jpg,https://www.catalogueau.com/coles/#catalogue=coles/coles-catalogue-october-2-8-2024-qld-metro/,displayed_price,displayed_price;unit_price,2,verified
Coles,QLD METRO,"Coles Catalogue October 2 - 8, 2024 QLD METRO",2024-10-02,2024-10-09,41,Our Dog Tea Tree Oil Shampoo 1 Litre,4.9,7.0,2.1,30.0,save_amount,1 Litre,$4.90 per litre,WASS7 | WASS7 | Our Dog Tea Tree Oil Shampoo | 1 Litre $4.90 per litre,94.13,True,single_price_evidence,https://caau.syd1.cdn.digitaloceanspaces.com/wp-content/uploads/catalogue/coles/coles-catalogue-october-2-8-2024-qld-metro/41.jpg,https://www.catalogueau.com/coles/#catalogue=coles/coles-catalogue-october-2-8-2024-qld-metro/,unit_price,unit_price,1,review
Coles,QLD METRO,"Coles Catalogue October 2 - 8, 2024 QLD METRO",2024-10-02,2024-10-09,41,Purina Total Care Brush & Shine Dog 1 Pack,11.9,17.0,5.1,30.0,save_amount,1 Pack,$11.90 per each,WASS17 | WASS17 | Purina Total Care Brush & Shine | Dog 1 Pack $11.90 per each | TExcludes Down Down Every Day & clearance items,95.86,True,single_price_evidence,https://caau.syd1.cdn.digitaloceanspaces.com/wp-content/uploads/catalogue/coles/coles-catalogue-october-2-8-2024-qld-metro/41.jpg,https://www.catalogueau.com/coles/#catalogue=coles/coles-catalogue-october-2-8-2024-qld-metro/,unit_price,unit_price,1,review
Coles,QLD METRO,"Coles Catalogue October 2 - 8, 2024 QLD METRO",2024-10-02,2024-10-09,41,PET ACCESSORIES,30.0,,,,special,,,PET | ACCESSORIES,96.74,True,offer_labels_missing;save_amount_missing;regular_price_missing;single_price_evidence,https://caau.syd1.cdn.digitaloceanspaces.com/wp-content/uploads/catalogue/coles/coles-catalogue-october-2-8-2024-qld-metro/41.jpg,https://www.catalogueau.com/coles/#catalogue=coles/coles-catalogue-october-2-8-2024-qld-metro/,displayed_price,displayed_price,1,review
Coles,QLD METRO,"Coles Catalogue October 2 - 8, 2024 QLD METRO",2024-10-02,2024-10-09,41,Coles Compost Pet Tidy Bags 40 Pack,2.5,,,,special,40 Pack,$0.06 per each,Coles Compost Pet Tidy Bags | 40 Pack $0.06 per each,95.86,True,offer_labels_missing;save_amount_missing;regular_price_missing;single_price_evidence,https://caau.syd1.cdn.digitaloceanspaces.com/wp-content/uploads/catalogue/coles/coles-catalogue-october-2-8-2024-qld-metro/41.jpg,https://www.catalogueau.com/coles/#catalogue=coles/coles-catalogue-october-2-8-2024-qld-metro/,displayed_price,displayed_price,1,review
Coles,QLD METRO,"Coles Catalogue October 2 - 8, 2024 QLD METRO",2024-10-02,2024-10-09,41,Purina Disney Lion King Pumbaa Latex Dog Toy 1 Pack,15.0,,,,special,1 Pack,$15.00 per each,Purina Disney Lion King | Pumbaa Latex Dog Toy 1 Pack | $15.00 per each,95.79,False,,https://caau.syd1.cdn.digitaloceanspaces.com/wp-content/uploads/catalogue/coles/coles-catalogue-october-2-8-2024-qld-metro/41.jpg,https://www.catalogueau.com/coles/#catalogue=coles/coles-catalogue-october-2-8-2024-qld-metro/,displayed_price,displayed_price;unit_price,2,verified
Coles,QLD METRO,"Coles Catalogue October 2 - 8, 2024 QLD METRO",2024-10-02,2024-10-09,42,FAMERS. tag,2.9,3.2,0.3,9.37,save_amount,,,WAS$3.20 | WAS$3.20 | 2 —— | or > | FAMERS. | tag | RS,28.78,True,low_ocr_confidence;low_name_confidence_strict;single_price_evidence,https://caau.syd1.cdn.digitaloceanspaces.com/wp-content/uploads/catalogue/coles/coles-catalogue-october-2-8-2024-qld-metro/42.jpg,https://www.catalogueau.com/coles/#catalogue=coles/coles-catalogue-october-2-8-2024-qld-metro/,displayed_price,displayed_price,1,review
Coles,QLD METRO,"Coles Catalogue October 2 - 8, 2024 QLD METRO",2024-10-02,2024-10-09,42,Farmers Market Home Styled Shreds Dog Food 250,3.0,5.0,2.0,40.0,save_amount,,$1.20 per 100g,WASS5 | WASS5 | Farmers Market Home Styled | Shreds Dog Food 250 | $1.20 per 100g. From the | chilled pet food fridge | = Soe,79.0,True,low_name_confidence_strict;single_price_evidence,https://caau.syd1.cdn.digitaloceanspaces.com/wp-content/uploads/catalogue/coles/coles-catalogue-october-2-8-2024-qld-metro/42.jpg,https://www.catalogueau.com/coles/#catalogue=coles/coles-catalogue-october-2-8-2024-qld-metro/,displayed_price,displayed_price,1,review
Coles,QLD METRO,"Coles Catalogue October 2 - 8, 2024 QLD METRO",2024-10-02,2024-10-09,42,Tap it TOP YOUR DOG'S MEAL,12.0,21.0,9.0,42.86,save_amount,,,WASS$21 | WASS$21 | Tap it | TOP YOUR DOG'S MEAL,77.98,True,low_name_confidence_strict;single_price_evidence,https://caau.syd1.cdn.digitaloceanspaces.com/wp-content/uploads/catalogue/coles/coles-catalogue-october-2-8-2024-qld-metro/42.jpg,https://www.catalogueau.com/coles/#catalogue=coles/coles-catalogue-october-2-8-2024-qld-metro/,displayed_price,displayed_price,1,review
Coles,QLD METRO,"Coles Catalogue October 2 - 8, 2024 QLD METRO",2024-10-02,2024-10-09,42,STIR INTO DINNER,5.0,8.5,3.5,41.18,save_amount,,,‘WAS$8.50 | ‘WAS$8.50 | SS | STIR INTO DINNER,96.36,True,single_price_evidence,https://caau.syd1.cdn.digitaloceanspaces.com/wp-content/uploads/catalogue/coles/coles-catalogue-october-2-8-2024-qld-metro/42.jpg,https://www.catalogueau.com/coles/#catalogue=coles/coles-catalogue-october-2-8-2024-qld-metro/,displayed_price,displayed_price,1,review
Coles,QLD METRO,"Coles Catalogue October 2 - 8, 2024 QLD METRO",2024-10-02,2024-10-09,42,Serve a wholesome meal made with quality real food ingredients,5.0,,,,special,,,Serve a wholesome meal made | with quality real food ingredients | you can see. These gently cooked | meaty shreds deliver a fresh | real flavour in every meal,96.0,True,offer_labels_missing;save_amount_missing;regular_price_missing;single_price_evidence,https://caau.syd1.cdn.digitaloceanspaces.com/wp-content/uploads/catalogue/coles/coles-catalogue-october-2-8-2024-qld-metro/42.jpg,https://www.catalogueau.com/coles/#catalogue=coles/coles-catalogue-october-2-8-2024-qld-metro/,displayed_price,displayed_price,1,review
Coles,QLD METRO,"Coles Catalogue October 2 - 8, 2024 QLD METRO",2024-10-02,2024-10-09,43,Woofin' Good Do Treat Chicken Tenders 200g,12.0,13.5,1.5,11.11,save_amount,200g,$6.00 per 100g,WAS $13.50 | WAS $13.50 | AUG 2024 | Woofin' Good Do | Treat | Chicken Tenders 200g | $6.00 per 100g,95.38,False,,https://caau.syd1.cdn.digitaloceanspaces.com/wp-content/uploads/catalogue/coles/coles-catalogue-october-2-8-2024-qld-metro/43.jpg,https://www.catalogueau.com/coles/#catalogue=coles/coles-catalogue-october-2-8-2024-qld-metro/,displayed_price,displayed_price;unit_price,2,verified
Coles,QLD METRO,"Coles Catalogue October 2 - 8, 2024 QLD METRO",2024-10-02,2024-10-09,43,Purr Cat Treat Tuna Loin 30g,2.4,,,,everyday,30g,$8.00 per 100g,| | EVERY EVERY DAY DAY | | | Purr Cat Treat Tuna Loin 30g | $8.00 per 100g | 43,96.17,True,single_price_evidence,https://caau.syd1.cdn.digitaloceanspaces.com/wp-content/uploads/catalogue/coles/coles-catalogue-october-2-8-2024-qld-metro/43.jpg,https://www.catalogueau.com/coles/#catalogue=coles/coles-catalogue-october-2-8-2024-qld-metro/,unit_price,unit_price,1,review
Coles,QLD METRO,"Coles Catalogue October 2 - 8, 2024 QLD METRO",2024-10-02,2024-10-09,43,Woofin' Good Do Treat Biscuits 800g,9.0,,,,down_down,800g,$1.13 per 100g,Woofin' Good Do | Treat Biscuits | 800g $1.13 per 100g,95.31,False,,https://caau.syd1.cdn.digitaloceanspaces.com/wp-content/uploads/catalogue/coles/coles-catalogue-october-2-8-2024-qld-metro/43.jpg,https://www.catalogueau.com/coles/#catalogue=coles/coles-catalogue-october-2-8-2024-qld-metro/,displayed_price,displayed_price;unit_price,2,verified
Coles,QLD METRO,"Coles Catalogue October 2 - 8, 2024 QLD METRO",2024-10-02,2024-10-09,43,Woofin' Good Dog Food 720g,3.0,,,,special,720g,$0.42 per 100g,Woofin' Good Dog Food 720g | $0.42 per 100g,95.21,False,,https://caau.syd1.cdn.digitaloceanspaces.com/wp-content/uploads/catalogue/coles/coles-catalogue-october-2-8-2024-qld-metro/43.jpg,https://www.catalogueau.com/coles/#catalogue=coles/coles-catalogue-october-2-8-2024-qld-metro/,displayed_price,displayed_price;unit_price,2,verified
Coles,QLD METRO,"Coles Catalogue October 2 - 8, 2024 QLD METRO",2024-10-02,2024-10-09,43,Coles Cat Food 400g,1.65,,,,special,400g,$0.41 per 100g,Coles Cat Food 400g | $0.41 per 100g,96.68,False,,https://caau.syd1.cdn.digitaloceanspaces.com/wp-content/uploads/catalogue/coles/coles-catalogue-october-2-8-2024-qld-metro/43.jpg,https://www.catalogueau.com/coles/#catalogue=coles/coles-catalogue-october-2-8-2024-qld-metro/,displayed_price,displayed_price;unit_price,2,verified
Coles,QLD METRO,"Coles Catalogue October 2 - 8, 2024 QLD METRO",2024-10-02,2024-10-09,43,Coles Dog Food 700g,2.5,,,,special,700g,$0.36 per 100g,Coles Dog Food 700g | $0.36 per 100g | eo,96.04,False,,https://caau.syd1.cdn.digitaloceanspaces.com/wp-content/uploads/catalogue/coles/coles-catalogue-october-2-8-2024-qld-metro/43.jpg,https://www.catalogueau.com/coles/#catalogue=coles/coles-catalogue-october-2-8-2024-qld-metro/,displayed_price,displayed_price;unit_price,2,verified
Coles,QLD METRO,"Coles Catalogue October 2 - 8, 2024 QLD METRO",2024-10-02,2024-10-09,43,Coles Simply Clay Cat Litter 10kg,7.5,,,,everyday,10kg,$0.75 per kg,Coles Simply Clay Cat Litter | 10kg $0.75 per kg | QLD-METRO-0210-24-285021,95.68,False,,https://caau.syd1.cdn.digitaloceanspaces.com/wp-content/uploads/catalogue/coles/coles-catalogue-october-2-8-2024-qld-metro/43.jpg,https://www.catalogueau.com/coles/#catalogue=coles/coles-catalogue-october-2-8-2024-qld-metro/,displayed_price,displayed_price;unit_price,2,verified
Coles,QLD METRO,"Coles Catalogue October 2 - 8, 2024 QLD METRO",2024-10-02,2024-10-09,43,Purr Cat Food 6x85g,5.7,,,,everyday,6x85g,$1.12 per 100g,Purr Cat Food 6x85g | $1.12 per 100g,93.86,False,,https://caau.syd1.cdn.digitaloceanspaces.com/wp-content/uploads/catalogue/coles/coles-catalogue-october-2-8-2024-qld-metro/43.jpg,https://www.catalogueau.com/coles/#catalogue=coles/coles-catalogue-october-2-8-2024-qld-metro/,displayed_price,displayed_price;unit_price,2,verified
Coles,QLD METRO,"Coles Catalogue October 2 - 8, 2024 QLD METRO",2024-10-02,2024-10-09,44,Supercoat Dry Dog Food 6.7kg,18.0,,,,special,6.7kg,,Supercoat Dry Dog Food | 6.7kg- | g | Home Panel D: | si,79.0,True,offer_labels_missing;save_amount_missing;regular_price_missing;low_name_confidence_strict;single_price_evidence,https://caau.syd1.cdn.digitaloceanspaces.com/wp-content/uploads/catalogue/coles/coles-catalogue-october-2-8-2024-qld-metro/44.jpg,https://www.catalogueau.com/coles/#catalogue=coles/coles-catalogue-october-2-8-2024-qld-metro/,displayed_price,displayed_price,1,review
Coles,QLD METRO,"Coles Catalogue October 2 - 8, 2024 QLD METRO",2024-10-02,2024-10-09,45,Ultimates Dog Food 400g,2.0,2.9,0.9,31.03,save_amount,400g,$0.50 per 100g,SAVE 90° | WASS2.90 | Ultimates Dog Food 400g | $0.50 per 100g,96.37,False,,https://caau.syd1.cdn.digitaloceanspaces.com/wp-content/uploads/catalogue/coles/coles-catalogue-october-2-8-2024-qld-metro/45.jpg,https://www.catalogueau.com/coles/#catalogue=coles/coles-catalogue-october-2-8-2024-qld-metro/,displayed_price,displayed_price;unit_price,2,verified
Coles,QLD METRO,"Coles Catalogue October 2 - 8, 2024 QLD METRO",2024-10-02,2024-10-09,45,Nature's Gift Slow Cooked Dog Food 2x220g,3.5,6.0,2.5,41.67,save_amount,2x220g,$0.80 per 100g,SAVE '2.50 | WASS6 | Nature's Gift Slow Cooked Dog | Food 2x220g $0.80 per 100g. | From the chilled pet food fridge,79.0,True,low_name_confidence_strict,https://caau.syd1.cdn.digitaloceanspaces.com/wp-content/uploads/catalogue/coles/coles-catalogue-october-2-8-2024-qld-metro/45.jpg,https://www.catalogueau.com/coles/#catalogue=coles/coles-catalogue-october-2-8-2024-qld-metro/,save_was_arithmetic,displayed_price;save_was_arithmetic;unit_price,3,review
Coles,QLD METRO,"Coles Catalogue October 2 - 8, 2024 QLD METRO",2024-10-02,2024-10-09,45,Farmers Market Home Styled Shreds Dog Food 250g,3.0,5.0,2.0,40.0,save_amount,250g,$1.20 per 100g,SAVE 52 | WASS5 | Farmers Market Home | Styled Shreds Dog Food | 250g $1.20 per 100g. | From the chilled pet | food fridge,95.64,False,,https://caau.syd1.cdn.digitaloceanspaces.com/wp-content/uploads/catalogue/coles/coles-catalogue-october-2-8-2024-qld-metro/45.jpg,https://www.catalogueau.com/coles/#catalogue=coles/coles-catalogue-october-2-8-2024-qld-metro/,save_was_arithmetic,displayed_price;save_was_arithmetic;unit_price,3,verified
Coles,QLD METRO,"Coles Catalogue October 2 - 8, 2024 QLD METRO",2024-10-02,2024-10-09,45,Optimum Dry Cat Food 1.8kg-2kg,20.0,25.0,5.0,20.0,save_amount,1.8kg; 2kg,,SAVES5 | WASS$25 | Optimum Dry Cat | Food 1.8kg-2kg | ae,94.32,False,,https://caau.syd1.cdn.digitaloceanspaces.com/wp-content/uploads/catalogue/coles/coles-catalogue-october-2-8-2024-qld-metro/45.jpg,https://www.catalogueau.com/coles/#catalogue=coles/coles-catalogue-october-2-8-2024-qld-metro/,save_was_arithmetic,displayed_price;save_was_arithmetic,2,verified
Coles,QLD METRO,"Coles Catalogue October 2 - 8, 2024 QLD METRO",2024-10-02,2024-10-09,45,Bow Wow Dog Treat Pigs Ears 5 Pack,11.0,16.0,5.0,31.25,save_amount,5 Pack,$2.20 per each,WASSI6 | WASSI6 | Bow Wow Dog Treat | Pigs Ears 5 Pack | $2.20 per each,95.39,True,single_price_evidence,https://caau.syd1.cdn.digitaloceanspaces.com/wp-content/uploads/catalogue/coles/coles-catalogue-october-2-8-2024-qld-metro/45.jpg,https://www.catalogueau.com/coles/#catalogue=coles/coles-catalogue-october-2-8-2024-qld-metro/,unit_price,unit_price,1,review
Coles,QLD METRO,"Coles Catalogue October 2 - 8, 2024 QLD METRO",2024-10-02,2024-10-09,45,Purina One Cat Food 12x70g,13.5,17.0,3.5,20.59,save_amount,12x70g,$1.61 per 100g,SAVE53.50 | WASS17 | Purina One Cat Food | 12x70g $1.61 per 100g | QLD-METRO-0210-24-285021,95.7,True,single_price_evidence,https://caau.syd1.cdn.digitaloceanspaces.com/wp-content/uploads/catalogue/coles/coles-catalogue-october-2-8-2024-qld-metro/45.jpg,https://www.catalogueau.com/coles/#catalogue=coles/coles-catalogue-october-2-8-2024-qld-metro/,unit_price,unit_price,1,review
Coles,QLD METRO,"Coles Catalogue October 2 - 8, 2024 QLD METRO",2024-10-02,2024-10-09,45,Fancy Feast Petite Delights Cat Food 6x50g,5.0,6.3,1.3,20.63,save_amount,6x50g,$1.67 per 100g,SAVE‘1.30 | WASS6.30 | Fancy Feast Petite | Delights Cat Food | 6x50g $1.67 per 100g | TExcludes clearance items | 45,95.95,False,,https://caau.syd1.cdn.digitaloceanspaces.com/wp-content/uploads/catalogue/coles/coles-catalogue-october-2-8-2024-qld-metro/45.jpg,https://www.catalogueau.com/coles/#catalogue=coles/coles-catalogue-october-2-8-2024-qld-metro/,save_was_arithmetic,displayed_price;save_was_arithmetic;unit_price,3,verified
Coles,QLD METRO,"Coles Catalogue October 2 - 8, 2024 QLD METRO",2024-10-02,2024-10-09,45,Temptations Cat Treat 85g,4.4,5.5,1.1,20.0,save_amount,85g,$5.18 per 100g,SAVES1.10 | WASS$5.50 | Temptations Cat Treat | 85g $5.18 per 100g. | On sale for 2 weeks,95.84,False,,https://caau.syd1.cdn.digitaloceanspaces.com/wp-content/uploads/catalogue/coles/coles-catalogue-october-2-8-2024-qld-metro/45.jpg,https://www.catalogueau.com/coles/#catalogue=coles/coles-catalogue-october-2-8-2024-qld-metro/,save_was_arithmetic,save_was_arithmetic;unit_price,2,verified
Coles,QLD METRO,"Coles Catalogue October 2 - 8, 2024 QLD METRO",2024-10-02,2024-10-09,45,Whiskas Oh So Cat Food 12x85:,10.5,14.5,4.0,27.59,save_amount,,$1.03 per 100g,WASS14.50 | WASS14.50 | Whiskas Oh So Cat | Food 12x85: | $1.03 per 100g | TExcludes clearance items | 45,95.23,True,single_price_evidence,https://caau.syd1.cdn.digitaloceanspaces.com/wp-content/uploads/catalogue/coles/coles-catalogue-october-2-8-2024-qld-metro/45.jpg,https://www.catalogueau.com/coles/#catalogue=coles/coles-catalogue-october-2-8-2024-qld-metro/,displayed_price,displayed_price,1,review
Coles,QLD METRO,"Coles Catalogue October 2 - 8, 2024 QLD METRO",2024-10-02,2024-10-09,45,Pedigree Dry Dog Food 2.5kg-3kg,10.5,,,,special,2.5kg; 3kg,,Pedigree Dry Dog Food | 2.5kg-3kg | = | ————,94.43,True,offer_labels_missing;save_amount_missing;regular_price_missing;single_price_evidence,https://caau.syd1.cdn.digitaloceanspaces.com/wp-content/uploads/catalogue/coles/coles-catalogue-october-2-8-2024-qld-metro/45.jpg,https://www.catalogueau.com/coles/#catalogue=coles/coles-catalogue-october-2-8-2024-qld-metro/,displayed_price,displayed_price,1,review
Coles,QLD METRO,"Coles Catalogue October 2 - 8, 2024 QLD METRO",2024-10-02,2024-10-09,46,Bonds Men's Guyfront Trunk 1 Pack Assorted sizes & colours,12.5,25.0,12.5,50.0,half_price,1 Pack,,WAS$25 | WAS$25 | Bonds Men's Guyfront Trunk | 1 Pack Assorted sizes & colours | 2nd week on sale,94.77,True,inferred_price_requires_review,https://caau.syd1.cdn.digitaloceanspaces.com/wp-content/uploads/catalogue/coles/coles-catalogue-october-2-8-2024-qld-metro/46.jpg,https://www.catalogueau.com/coles/#catalogue=coles/coles-catalogue-october-2-8-2024-qld-metro/,page_discount_inference,page_discount,0,review
Coles,QLD METRO,"Coles Catalogue October 2 - 8, 2024 QLD METRO",2024-10-02,2024-10-09,46,Bonds Women's Hipster Bikini Brief 2 Pack Assorted sizes & colours,13.0,26.0,13.0,50.0,half_price,2 Pack,,"WAS§26 | WAS§26 | Bonds Women's Hipster Bikini Brief | 2 Pack Assorted sizes & colours | 2nd week on sale | TExcludes Bonds Babywear, Sanitary Protection & clearance ifems",95.94,True,inferred_price_requires_review,https://caau.syd1.cdn.digitaloceanspaces.com/wp-content/uploads/catalogue/coles/coles-catalogue-october-2-8-2024-qld-metro/46.jpg,https://www.catalogueau.com/coles/#catalogue=coles/coles-catalogue-october-2-8-2024-qld-metro/,displayed_price,displayed_price;page_discount,1,review
Coles,QLD METRO,"Coles Catalogue October 2 - 8, 2024 QLD METRO",2024-10-02,2024-10-09,46,Bonds Women's Logo Light No Show 4 Pack Assorted sizes,58.0,116.0,58.0,50.0,half_price,4 Pack,,WASSI16 | WASSI16 | Bonds Women's Logo Light | No Show 4 Pack Assorted sizes | & colours. 2nd week on sale,96.16,True,inferred_price_requires_review,https://caau.syd1.cdn.digitaloceanspaces.com/wp-content/uploads/catalogue/coles/coles-catalogue-october-2-8-2024-qld-metro/46.jpg,https://www.catalogueau.com/coles/#catalogue=coles/coles-catalogue-october-2-8-2024-qld-metro/,page_discount_inference,page_discount,0,review
Coles,QLD METRO,"Coles Catalogue October 2 - 8, 2024 QLD METRO",2024-10-02,2024-10-09,46,Fake Blood Spray Oo,6.0,,,,special,,,"Fake Blood Spray | Oo | aoa | ""12.",91.17,True,offer_labels_missing;save_amount_missing;regular_price_missing;single_price_evidence,https://caau.syd1.cdn.digitaloceanspaces.com/wp-content/uploads/catalogue/coles/coles-catalogue-october-2-8-2024-qld-metro/46.jpg,https://www.catalogueau.com/coles/#catalogue=coles/coles-catalogue-october-2-8-2024-qld-metro/,displayed_price,displayed_price,1,review
Coles,QLD METRO,"Coles Catalogue October 2 - 8, 2024 QLD METRO",2024-10-02,2024-10-09,46,Caution Tape 3 Pack or Halloween Tinsel Decoration,10.0,,,,special,3 Pack,,Caution Tape 3 Pack or | Halloween Tinsel Decoration | Cat or Pumpkin | While stocks last. No rainchecks,95.4,True,offer_labels_missing;save_amount_missing;regular_price_missing;single_price_evidence,https://caau.syd1.cdn.digitaloceanspaces.com/wp-content/uploads/catalogue/coles/coles-catalogue-october-2-8-2024-qld-metro/46.jpg,https://www.catalogueau.com/coles/#catalogue=coles/coles-catalogue-october-2-8-2024-qld-metro/,displayed_price,displayed_price,1,review
Coles,QLD METRO,"Coles Catalogue October 2 - 8, 2024 QLD METRO",2024-10-02,2024-10-09,46,LED Candelabra,12.0,,,,special,,,LED Candelabra,96.7,True,offer_labels_missing;save_amount_missing;regular_price_missing;single_price_evidence,https://caau.syd1.cdn.digitaloceanspaces.com/wp-content/uploads/catalogue/coles/coles-catalogue-october-2-8-2024-qld-metro/46.jpg,https://www.catalogueau.com/coles/#catalogue=coles/coles-catalogue-october-2-8-2024-qld-metro/,displayed_price,displayed_price,1,review
Coles,QLD METRO,"Coles Catalogue October 2 - 8, 2024 QLD METRO",2024-10-02,2024-10-09,46,"Boo Ghost, Black Ghost or Plush Bat",12.0,,,,special,,,"Boo Ghost, Black | Ghost or Plush Bat",96.55,True,offer_labels_missing;save_amount_missing;regular_price_missing;single_price_evidence,https://caau.syd1.cdn.digitaloceanspaces.com/wp-content/uploads/catalogue/coles/coles-catalogue-october-2-8-2024-qld-metro/46.jpg,https://www.catalogueau.com/coles/#catalogue=coles/coles-catalogue-october-2-8-2024-qld-metro/,displayed_price,displayed_price,1,review
Coles,QLD METRO,"Coles Catalogue October 2 - 8, 2024 QLD METRO",2024-10-02,2024-10-09,46,card for terms and conditions. QLD-METRO-0210-24-285021,15.0,,,,special,,,card for terms and conditions. | QLD-METRO-0210-24-285021,90.63,True,offer_labels_missing;save_amount_missing;regular_price_missing;single_price_evidence,https://caau.syd1.cdn.digitaloceanspaces.com/wp-content/uploads/catalogue/coles/coles-catalogue-october-2-8-2024-qld-metro/46.jpg,https://www.catalogueau.com/coles/#catalogue=coles/coles-catalogue-october-2-8-2024-qld-metro/,displayed_price,displayed_price,1,review
Coles,QLD METRO,"Coles Catalogue October 2 - 8, 2024 QLD METRO",2024-10-02,2024-10-09,47,Optus SIM Opt,30.0,,,,special,,,Optus SIM | Opt | Start | Starter Kit incl.,79.0,True,offer_labels_missing;save_amount_missing;regular_price_missing;low_name_confidence_strict;single_price_evidence,https://caau.syd1.cdn.digitaloceanspaces.com/wp-content/uploads/catalogue/coles/coles-catalogue-october-2-8-2024-qld-metro/47.jpg,https://www.catalogueau.com/coles/#catalogue=coles/coles-catalogue-october-2-8-2024-qld-metro/,displayed_price,displayed_price,1,review
Coles,QLD METRO,"Coles Catalogue October 2 - 8, 2024 QLD METRO",2024-10-02,2024-10-09,47,Opt SIM,9.0,,,,special,,,Opt | SIM | Ste | Starter Kit incl.,79.0,True,offer_labels_missing;save_amount_missing;regular_price_missing;low_name_confidence_strict;single_price_evidence,https://caau.syd1.cdn.digitaloceanspaces.com/wp-content/uploads/catalogue/coles/coles-catalogue-october-2-8-2024-qld-metro/47.jpg,https://www.catalogueau.com/coles/#catalogue=coles/coles-catalogue-october-2-8-2024-qld-metro/,displayed_price,displayed_price,1,review
