retailer,region,catalogue_title,catalogue_start_date,catalogue_end_date,page_number,product_name,special_price,regular_price,save_amount,discount_percent,promo_type,pack_size,unit_price_text,offer_text,ocr_confidence,needs_review,review_reason,source_page_image,source_catalogue_url,price_source,price_evidence,evidence_count,verification_status
Coles,QLD METRO,"Coles Catalogue December 18 - 24, 2024 QLD METRO",2024-12-18,2024-12-25,1,NSTANT,30.0,344.0,314.0,91.28,save_amount,,,WASS 344g | WASS 344g | >. | a | NSTANT,79.0,True,low_name_confidence_strict;single_price_evidence,https://caau.syd1.cdn.digitaloceanspaces.com/wp-content/uploads/catalogue/coles/coles-catalogue-december-18-24-2024-qld-metro/1.jpg,https://www.catalogueau.com/coles/#catalogue=coles/coles-catalogue-december-18-24-2024-qld-metro/,displayed_price,displayed_price,1,review
Coles,QLD METRO,"Coles Catalogue December 18 - 24, 2024 QLD METRO",2024-12-18,2024-12-25,1,Australian Blueberries 170g Punnet,2.0,,,,special,170g,,Australian | Blueberries | 170g Punnet | $11.76 pet kg | Ny | os,95.08,True,offer_labels_missing;save_amount_missing;regular_price_missing;single_price_evidence,https://caau.syd1.cdn.digitaloceanspaces.com/wp-content/uploads/catalogue/coles/coles-catalogue-december-18-24-2024-qld-metro/1.jpg,https://www.catalogueau.com/coles/#catalogue=coles/coles-catalogue-december-18-24-2024-qld-metro/,displayed_price,displayed_price,1,review
Coles,QLD METRO,"Coles Catalogue December 18 - 24, 2024 QLD METRO",2024-12-18,2024-12-25,2,Ferrero Rocher 30 Pack 375g or Collection Chocolate Gift Box 24 Pack 269g,15.0,,,,special,30 Pack; 375g; 24 Pack; 269g,,SAVESIS | Ferrero Rocher 30 Pack 375g or | Collection Chocolate Gift Box | 24 Pack 269g,96.16,True,save_amount_missing;regular_price_missing;single_price_evidence,https://caau.syd1.cdn.digitaloceanspaces.com/wp-content/uploads/catalogue/coles/coles-catalogue-december-18-24-2024-qld-metro/2.jpg,https://www.catalogueau.com/coles/#catalogue=coles/coles-catalogue-december-18-24-2024-qld-metro/,displayed_price,displayed_price,1,review
Coles,QLD METRO,"Coles Catalogue December 18 - 24, 2024 QLD METRO",2024-12-18,2024-12-25,2,Cadbury Favourites 520,10.0,22.0,12.0,54.55,save_amount,,$1.92 per 100g,SAVES12 | WAS$22 | Cadbury Favourites 520 | $1.92 per 100g. 2nd week on sale,94.47,False,,https://caau.syd1.cdn.digitaloceanspaces.com/wp-content/uploads/catalogue/coles/coles-catalogue-december-18-24-2024-qld-metro/2.jpg,https://www.catalogueau.com/coles/#catalogue=coles/coles-catalogue-december-18-24-2024-qld-metro/,save_was_arithmetic,displayed_price;save_was_arithmetic,2,verified
Coles,QLD METRO,"Coles Catalogue December 18 - 24, 2024 QLD METRO",2024-12-18,2024-12-25,2,Lindt Cornet 327g-333g,13.0,26.0,13.0,50.0,half_price,327g; 333g,,SAVE 513 | WASS26 | Lindt Cornet 327g-333g,79.0,True,low_name_confidence_strict,https://caau.syd1.cdn.digitaloceanspaces.com/wp-content/uploads/catalogue/coles/coles-catalogue-december-18-24-2024-qld-metro/2.jpg,https://www.catalogueau.com/coles/#catalogue=coles/coles-catalogue-december-18-24-2024-qld-metro/,save_was_arithmetic,displayed_price;save_was_arithmetic,2,review
Coles,QLD METRO,"Coles Catalogue December 18 - 24, 2024 QLD METRO",2024-12-18,2024-12-25,2,Coca-Cola Soft Drink 1.25 Litre,1.92,3.85,1.93,50.13,half_price,1.25 Litre,$1.54 per litre,SAVE51.93 | WAS$3.85 | Coca-Cola Soft Drink 1.25 Litre | $1.54 per litre. 2nd week on sale | *See page 37 forT&Cs,95.9,True,single_price_evidence,https://caau.syd1.cdn.digitaloceanspaces.com/wp-content/uploads/catalogue/coles/coles-catalogue-december-18-24-2024-qld-metro/2.jpg,https://www.catalogueau.com/coles/#catalogue=coles/coles-catalogue-december-18-24-2024-qld-metro/,unit_price,unit_price,1,review
Coles,QLD METRO,"Coles Catalogue December 18 - 24, 2024 QLD METRO",2024-12-18,2024-12-25,2,"Schweppes Mixers, Soft Drink or Mineral Water 4x300mL",3.7,740.0,736.3,99.5,save_amount,4x300mL,$3.08 per litre,"SAVES3.70 | WAS$740 | Schweppes Mixers, Soft Drink | or Mineral Water 4x300mL | $3.08 per litre. 2nd week on sale | AAI a y",95.12,False,,https://caau.syd1.cdn.digitaloceanspaces.com/wp-content/uploads/catalogue/coles/coles-catalogue-december-18-24-2024-qld-metro/2.jpg,https://www.catalogueau.com/coles/#catalogue=coles/coles-catalogue-december-18-24-2024-qld-metro/,displayed_price,displayed_price;unit_price,2,verified
Coles,QLD METRO,"Coles Catalogue December 18 - 24, 2024 QLD METRO",2024-12-18,2024-12-25,2,Kirks Soft Drink 10x375mL,7.25,14.5,7.25,50.0,half_price,10x375mL,$1.93 per litre,"SAVE *7,25 | WASS14.50 | Kirks Soft Drink 10x375mL | $1.93 per litre",92.55,False,,https://caau.syd1.cdn.digitaloceanspaces.com/wp-content/uploads/catalogue/coles/coles-catalogue-december-18-24-2024-qld-metro/2.jpg,https://www.catalogueau.com/coles/#catalogue=coles/coles-catalogue-december-18-24-2024-qld-metro/,save_was_arithmetic,displayed_price;save_was_arithmetic;unit_price,3,verified
Coles,QLD METRO,"Coles Catalogue December 18 - 24, 2024 QLD METRO",2024-12-18,2024-12-25,2,Nivea Sun Protect & Moisture Sunscreen SPF50+ 400mL*,14.0,28.0,14.0,50.0,half_price,400mL,$3.50 per 100mL,SAVE°14 | WAS$28 | Nivea Sun Protect & Moisture | Sunscreen SPF50+ 400mL* | $3.50 per 100mL. | On sale for 2 weeks,93.6,False,,https://caau.syd1.cdn.digitaloceanspaces.com/wp-content/uploads/catalogue/coles/coles-catalogue-december-18-24-2024-qld-metro/2.jpg,https://www.catalogueau.com/coles/#catalogue=coles/coles-catalogue-december-18-24-2024-qld-metro/,save_was_arithmetic,displayed_price;save_was_arithmetic;unit_price,3,verified
Coles,QLD METRO,"Coles Catalogue December 18 - 24, 2024 QLD METRO",2024-12-18,2024-12-25,2,Duracell Coppertop Batteries AA 16 Pack or AAA 14 Pack,13.75,27.5,13.75,50.0,half_price,16 Pack; 14 Pack,,"SAVES13.75 | WASS$27.50 | Duracell Coppertop Batteries | AA 16 Pack or AAA 14 Pack | TExcludes Every Day, Down Down & clearance items | “This product may not be right for you. Read the warnings before purchase. Avoid prolonged exposure",93.89,False,,https://caau.syd1.cdn.digitaloceanspaces.com/wp-content/uploads/catalogue/coles/coles-catalogue-december-18-24-2024-qld-metro/2.jpg,https://www.catalogueau.com/coles/#catalogue=coles/coles-catalogue-december-18-24-2024-qld-metro/,save_was_arithmetic,displayed_price;save_was_arithmetic,2,verified
Coles,QLD METRO,"Coles Catalogue December 18 - 24, 2024 QLD METRO",2024-12-18,2024-12-25,2,Doritos or XXL Corn Chips 150g-170g 2nd week,2.4,4.8,2.4,50.0,half_price,150g; 170g,,WASS4.80 | WASS4.80 | Doritos or XXL Corn Chips | 150g-170g 2nd week on sale,95.01,True,inferred_price_requires_review,https://caau.syd1.cdn.digitaloceanspaces.com/wp-content/uploads/catalogue/coles/coles-catalogue-december-18-24-2024-qld-metro/2.jpg,https://www.catalogueau.com/coles/#catalogue=coles/coles-catalogue-december-18-24-2024-qld-metro/,page_discount_inference,page_discount,0,review
Coles,QLD METRO,"Coles Catalogue December 18 - 24, 2024 QLD METRO",2024-12-18,2024-12-25,3,Maltesers Gift Box 400:,7.0,15.5,8.5,54.84,save_amount,,$1.75 per 100g,SAVE*8.50 | WASS15.50 | Maltesers Gift Box 400: | $1.75 per 100g. 2nd week on sale,94.55,False,,https://caau.syd1.cdn.digitaloceanspaces.com/wp-content/uploads/catalogue/coles/coles-catalogue-december-18-24-2024-qld-metro/3.jpg,https://www.catalogueau.com/coles/#catalogue=coles/coles-catalogue-december-18-24-2024-qld-metro/,save_was_arithmetic,displayed_price;save_was_arithmetic,2,verified
Coles,QLD METRO,"Coles Catalogue December 18 - 24, 2024 QLD METRO",2024-12-18,2024-12-25,3,Darrell Lea Soft Centres 255g or Rocklea Road 290g,8.0,116.0,108.0,93.1,save_amount,255g; 290g,,SAVES8 | WASSI16 | Darrell Lea Soft Centres 255g or | Rocklea Road 290g,95.71,True,single_price_evidence,https://caau.syd1.cdn.digitaloceanspaces.com/wp-content/uploads/catalogue/coles/coles-catalogue-december-18-24-2024-qld-metro/3.jpg,https://www.catalogueau.com/coles/#catalogue=coles/coles-catalogue-december-18-24-2024-qld-metro/,displayed_price,displayed_price,1,review
Coles,QLD METRO,"Coles Catalogue December 18 - 24, 2024 QLD METRO",2024-12-18,2024-12-25,3,Cadbury Roses 420g,9.0,18.0,9.0,50.0,half_price,420g,$2.14 per 100g,SAVE*9 | WASS18 | Cadbury Roses 420g | $2.14 per 100g,96.35,False,,https://caau.syd1.cdn.digitaloceanspaces.com/wp-content/uploads/catalogue/coles/coles-catalogue-december-18-24-2024-qld-metro/3.jpg,https://www.catalogueau.com/coles/#catalogue=coles/coles-catalogue-december-18-24-2024-qld-metro/,save_was_arithmetic,save_was_arithmetic;unit_price,2,verified
Coles,QLD METRO,"Coles Catalogue December 18 - 24, 2024 QLD METRO",2024-12-18,2024-12-25,3,Toblerone 360g,8.0,116.0,108.0,93.1,save_amount,360g,$2.22 per 100g,SAVES8 | WASSI16 | Toblerone 360g | $2.22 per 100g,96.67,False,,https://caau.syd1.cdn.digitaloceanspaces.com/wp-content/uploads/catalogue/coles/coles-catalogue-december-18-24-2024-qld-metro/3.jpg,https://www.catalogueau.com/coles/#catalogue=coles/coles-catalogue-december-18-24-2024-qld-metro/,displayed_price,displayed_price;unit_price,2,verified
Coles,QLD METRO,"Coles Catalogue December 18 - 24, 2024 QLD METRO",2024-12-18,2024-12-25,3,Cadbury Christmas Chocolate Classics Pack 415g,9.0,18.0,9.0,50.0,half_price,415g,$2.17 per 100g,WASS18 | WASS18 | Cadbury Christmas Chocolate | Classics Pack 415g $2.17 per 100g. | While stocks last. No rainchecks,96.32,False,,https://caau.syd1.cdn.digitaloceanspaces.com/wp-content/uploads/catalogue/coles/coles-catalogue-december-18-24-2024-qld-metro/3.jpg,https://www.catalogueau.com/coles/#catalogue=coles/coles-catalogue-december-18-24-2024-qld-metro/,displayed_price,displayed_price;page_discount;unit_price,2,verified
Coles,QLD METRO,"Coles Catalogue December 18 - 24, 2024 QLD METRO",2024-12-18,2024-12-25,3,Lindt Lindor Gift Box 232g-235g 2nd week,11.0,22.0,11.0,50.0,half_price,232g; 235g,,SAVES11 | WAS$22 | Lindt Lindor Gift Box 232g-235g | 2nd week on sale | QLD-METRO-181 2-24-312176,94.37,True,single_price_evidence,https://caau.syd1.cdn.digitaloceanspaces.com/wp-content/uploads/catalogue/coles/coles-catalogue-december-18-24-2024-qld-metro/3.jpg,https://www.catalogueau.com/coles/#catalogue=coles/coles-catalogue-december-18-24-2024-qld-metro/,save_was_arithmetic,save_was_arithmetic,1,review
Coles,QLD METRO,"Coles Catalogue December 18 - 24, 2024 QLD METRO",2024-12-18,2024-12-25,3,Cadbury Roses Tin 600g,17.0,34.0,17.0,50.0,half_price,600g,$2.83 per 100g,SAVE%17 | WAS$34 | Cadbury Roses Tin 600g | $2.83 per 100g,96.25,False,,https://caau.syd1.cdn.digitaloceanspaces.com/wp-content/uploads/catalogue/coles/coles-catalogue-december-18-24-2024-qld-metro/3.jpg,https://www.catalogueau.com/coles/#catalogue=coles/coles-catalogue-december-18-24-2024-qld-metro/,save_was_arithmetic,displayed_price;save_was_arithmetic;unit_price,3,verified
Coles,QLD METRO,"Coles Catalogue December 18 - 24, 2024 QLD METRO",2024-12-18,2024-12-25,3,Lindt Lindor Limited Edition Round Tin 396g,19.0,38.0,19.0,50.0,half_price,396g,$4.80 per 100g,SAVES19 | WAS$38 | Lindt Lindor Limited Edition | Round Tin 396g $4.80 per 100g. | While stocks last. No rainchecks,95.61,False,,https://caau.syd1.cdn.digitaloceanspaces.com/wp-content/uploads/catalogue/coles/coles-catalogue-december-18-24-2024-qld-metro/3.jpg,https://www.catalogueau.com/coles/#catalogue=coles/coles-catalogue-december-18-24-2024-qld-metro/,save_was_arithmetic,displayed_price;save_was_arithmetic;unit_price,3,verified
Coles,QLD METRO,"Coles Catalogue December 18 - 24, 2024 QLD METRO",2024-12-18,2024-12-25,4,Fantastic Delites Snack Crackers 100g,1.4,2.8,1.4,50.0,half_price,100g,$1.40 per 100g,SAVE51.40 | WAS§2.80 | Fantastic Delites Snack | Crackers 100g $1.40 per 100g. | 2nd week on sale,95.12,True,single_price_evidence,https://caau.syd1.cdn.digitaloceanspaces.com/wp-content/uploads/catalogue/coles/coles-catalogue-december-18-24-2024-qld-metro/4.jpg,https://www.catalogueau.com/coles/#catalogue=coles/coles-catalogue-december-18-24-2024-qld-metro/,unit_price,unit_price,1,review
Coles,QLD METRO,"Coles Catalogue December 18 - 24, 2024 QLD METRO",2024-12-18,2024-12-25,4,Cadbury Chocolate Bar 30g-55g,1.25,2.5,1.25,50.0,half_price,30g; 55g,,‘WAS§2.50 | ‘WAS§2.50 | Cadbury Chocolate Bar | 30g-55g On sale for 2 weeks,95.21,True,inferred_price_requires_review,https://caau.syd1.cdn.digitaloceanspaces.com/wp-content/uploads/catalogue/coles/coles-catalogue-december-18-24-2024-qld-metro/4.jpg,https://www.catalogueau.com/coles/#catalogue=coles/coles-catalogue-december-18-24-2024-qld-metro/,page_discount_inference,page_discount,0,review
Coles,QLD METRO,"Coles Catalogue December 18 - 24, 2024 QLD METRO",2024-12-18,2024-12-25,4,Arnott's Flatbread Dippers or Sourdough Crackers 130g-150g 2nd week,2.25,4.5,2.25,50.0,half_price,130g; 150g,,SAVE%2.25 | WASS$4.50 | Arnott's Flatbread Dippers | or Sourdough Crackers | 130g-150g 2nd week on sale,94.6,True,single_price_evidence,https://caau.syd1.cdn.digitaloceanspaces.com/wp-content/uploads/catalogue/coles/coles-catalogue-december-18-24-2024-qld-metro/4.jpg,https://www.catalogueau.com/coles/#catalogue=coles/coles-catalogue-december-18-24-2024-qld-metro/,save_was_arithmetic,save_was_arithmetic,1,review
Coles,QLD METRO,"Coles Catalogue December 18 - 24, 2024 QLD METRO",2024-12-18,2024-12-25,4,Griffins Marvels Biscuits 165g-200g 2nd week,2.5,5.0,2.5,50.0,half_price,165g; 200g,,SAVE2.50 | WASS5 | Griffins Marvels Biscuits | 165g-200g 2nd week on sale,95.44,True,single_price_evidence,https://caau.syd1.cdn.digitaloceanspaces.com/wp-content/uploads/catalogue/coles/coles-catalogue-december-18-24-2024-qld-metro/4.jpg,https://www.catalogueau.com/coles/#catalogue=coles/coles-catalogue-december-18-24-2024-qld-metro/,save_was_arithmetic,save_was_arithmetic,1,review
Coles,QLD METRO,"Coles Catalogue December 18 - 24, 2024 QLD METRO",2024-12-18,2024-12-25,4,Thins Potato Chips 150g-175g 2nd week,2.5,5.0,2.5,50.0,half_price,150g; 175g,,SAVE'2.50 | WASS5 | Thins Potato Chips 150g-175g | 2nd week on sale,95.09,False,,https://caau.syd1.cdn.digitaloceanspaces.com/wp-content/uploads/catalogue/coles/coles-catalogue-december-18-24-2024-qld-metro/4.jpg,https://www.catalogueau.com/coles/#catalogue=coles/coles-catalogue-december-18-24-2024-qld-metro/,save_was_arithmetic,displayed_price;save_was_arithmetic,2,verified
Coles,QLD METRO,"Coles Catalogue December 18 - 24, 2024 QLD METRO",2024-12-18,2024-12-25,4,Mt Franklin Lightly Sparkling Water 1.25 Litre,1.55,3.0,1.45,48.33,save_amount,1.25 Litre,$1.24 per litre,SAVES1.55 | WASS3:10 | Mt Franklin Lightly Sparkling | Water 1.25 Litre $1.24 per litre. | 2nd week on sale. | *See page 37 forT&Cs,96.07,False,,https://caau.syd1.cdn.digitaloceanspaces.com/wp-content/uploads/catalogue/coles/coles-catalogue-december-18-24-2024-qld-metro/4.jpg,https://www.catalogueau.com/coles/#catalogue=coles/coles-catalogue-december-18-24-2024-qld-metro/,displayed_price,displayed_price;unit_price,2,verified
Coles,QLD METRO,"Coles Catalogue December 18 - 24, 2024 QLD METRO",2024-12-18,2024-12-25,4,IAS: Powerade Sports Drink or Active Water 600m,0.9,4.2,3.3,78.57,save_amount,,$3.50 per litre,IAS: | 20 | Powerade Sports Drink or | Active Water 600m | $3.50 per litre. 2nd week on sale,72.07,True,offer_labels_missing;low_name_confidence_strict;single_price_evidence,https://caau.syd1.cdn.digitaloceanspaces.com/wp-content/uploads/catalogue/coles/coles-catalogue-december-18-24-2024-qld-metro/4.jpg,https://www.catalogueau.com/coles/#catalogue=coles/coles-catalogue-december-18-24-2024-qld-metro/,unknown,,0,review
Coles,QLD METRO,"Coles Catalogue December 18 - 24, 2024 QLD METRO",2024-12-18,2024-12-25,4,Cocobella Strai ht Up,2.75,5.5,2.75,50.0,half_price,,$2.75 per litre,SAVE52.75 | WASS$5.50 | Cocobella Strai | ht Up | i | Coconut Water | Litre | $2.75 per litre. 2nd week on sale,93.87,True,single_price_evidence,https://caau.syd1.cdn.digitaloceanspaces.com/wp-content/uploads/catalogue/coles/coles-catalogue-december-18-24-2024-qld-metro/4.jpg,https://www.catalogueau.com/coles/#catalogue=coles/coles-catalogue-december-18-24-2024-qld-metro/,unknown,,0,review
Coles,QLD METRO,"Coles Catalogue December 18 - 24, 2024 QLD METRO",2024-12-18,2024-12-25,4,"Twisties, Burger Rings or Cheetos 80g-90g",35.0,,,,special,80g; 90g,,"Twisties, Burger Rings or | Cheetos 80g-90g | 2nd week on sale",93.7,True,offer_labels_missing;save_amount_missing;regular_price_missing;inferred_price_requires_review,https://caau.syd1.cdn.digitaloceanspaces.com/wp-content/uploads/catalogue/coles/coles-catalogue-december-18-24-2024-qld-metro/4.jpg,https://www.catalogueau.com/coles/#catalogue=coles/coles-catalogue-december-18-24-2024-qld-metro/,displayed_price,displayed_price;grid_inference,1,review
Coles,QLD METRO,"Coles Catalogue December 18 - 24, 2024 QLD METRO",2024-12-18,2024-12-25,5,Swisse Beauty Hair Skin Nails+ Tablets 100 Pack,19.75,39.5,19.75,50.0,half_price,100 Pack,$19.75 per 100 each,SAVES19.75 | | Swisse Beauty Hair Skin Nails+ | Tablets 100 Pack | $19.75 per 100 each | 60 Pack | 2nd week on sale,94.88,True,single_price_evidence,https://caau.syd1.cdn.digitaloceanspaces.com/wp-content/uploads/catalogue/coles/coles-catalogue-december-18-24-2024-qld-metro/5.jpg,https://www.catalogueau.com/coles/#catalogue=coles/coles-catalogue-december-18-24-2024-qld-metro/,unit_price,unit_price,1,review
Coles,QLD METRO,"Coles Catalogue December 18 - 24, 2024 QLD METRO",2024-12-18,2024-12-25,5,Swisse Probiotic + Prebiotic Gummies 45 Pack or Ultiboost,14.75,29.5,14.75,50.0,half_price,45 Pack,,SAVE514.75 | WASS$29.50 | Swisse Probiotic + | Prebiotic Gummies | 45 Pack or Ultiboost | Calm + Sleep Gummies | 60 Pack,93.21,True,single_price_evidence,https://caau.syd1.cdn.digitaloceanspaces.com/wp-content/uploads/catalogue/coles/coles-catalogue-december-18-24-2024-qld-metro/5.jpg,https://www.catalogueau.com/coles/#catalogue=coles/coles-catalogue-december-18-24-2024-qld-metro/,displayed_price,displayed_price,1,review
Coles,QLD METRO,"Coles Catalogue December 18 - 24, 2024 QLD METRO",2024-12-18,2024-12-25,5,Swisse Ultiboost Zinc+ Tablets 120 Pack,14.75,29.5,14.75,50.0,half_price,120 Pack,$12.29 per 100 each,SAVES14.75 | WASS$29.50 | Swisse Ultiboost Zinc+ | Tablets 120 Pack | $12.29 per 100 each | 2nd week on sale,94.0,False,,https://caau.syd1.cdn.digitaloceanspaces.com/wp-content/uploads/catalogue/coles/coles-catalogue-december-18-24-2024-qld-metro/5.jpg,https://www.catalogueau.com/coles/#catalogue=coles/coles-catalogue-december-18-24-2024-qld-metro/,save_was_arithmetic,displayed_price;save_was_arithmetic;unit_price,3,verified
Coles,QLD METRO,"Coles Catalogue December 18 - 24, 2024 QLD METRO",2024-12-18,2024-12-25,5,Swisse Ultiboost Vitamin D Capsules 400 Pack,19.75,39.5,19.75,50.0,half_price,400 Pack,,SAVE*19.75 | ‘WAS $39.50 | Swisse Ultiboost Vitamin D | Capsules 400 Pack $4.94 per | 100 each. 2nd week on sale,93.25,True,single_price_evidence,https://caau.syd1.cdn.digitaloceanspaces.com/wp-content/uploads/catalogue/coles/coles-catalogue-december-18-24-2024-qld-metro/5.jpg,https://www.catalogueau.com/coles/#catalogue=coles/coles-catalogue-december-18-24-2024-qld-metro/,save_was_arithmetic,save_was_arithmetic,1,review
Coles,QLD METRO,"Coles Catalogue December 18 - 24, 2024 QLD METRO",2024-12-18,2024-12-25,5,Swisse Ultiboost Magnesium Tablets 200 Pack,24.75,49.5,24.75,50.0,half_price,200 Pack,,SAVE$24.75 | WAS$49.50 | Swisse Ultiboost Magnesium | Tablets 200 Pack $12.38 per | 100 each. 2nd week on sale,94.64,False,,https://caau.syd1.cdn.digitaloceanspaces.com/wp-content/uploads/catalogue/coles/coles-catalogue-december-18-24-2024-qld-metro/5.jpg,https://www.catalogueau.com/coles/#catalogue=coles/coles-catalogue-december-18-24-2024-qld-metro/,save_was_arithmetic,displayed_price;save_was_arithmetic,2,verified
Coles,QLD METRO,"Coles Catalogue December 18 - 24, 2024 QLD METRO",2024-12-18,2024-12-25,5,Ostelin Vitamin D3 10001U Capsules 60 Pack,8.72,17.45,8.73,50.03,half_price,60 Pack,$14.53 per 100 each,"‘WASSI745, | ‘WASSI745, | Ostelin Vitamin D3 10001U | Capsules 60 Pack | $14.53 per 100 each",89.15,False,,https://caau.syd1.cdn.digitaloceanspaces.com/wp-content/uploads/catalogue/coles/coles-catalogue-december-18-24-2024-qld-metro/5.jpg,https://www.catalogueau.com/coles/#catalogue=coles/coles-catalogue-december-18-24-2024-qld-metro/,displayed_price,displayed_price;page_discount;unit_price,2,verified
Coles,QLD METRO,"Coles Catalogue December 18 - 24, 2024 QLD METRO",2024-12-18,2024-12-25,5,Cenovis Turmeric 3100 Capsules 80 Pack,10.0,20.5,10.5,51.22,save_amount,80 Pack,$12.81 per 100 each,SAVE%10.25 | WAS$20.50 | Cenovis Turmeric 3100 | Capsules 80 Pack | $12.81 per 100 each,95.42,True,unit_price_conflict;single_price_evidence,https://caau.syd1.cdn.digitaloceanspaces.com/wp-content/uploads/catalogue/coles/coles-catalogue-december-18-24-2024-qld-metro/5.jpg,https://www.catalogueau.com/coles/#catalogue=coles/coles-catalogue-december-18-24-2024-qld-metro/,displayed_price,displayed_price,1,review
Coles,QLD METRO,"Coles Catalogue December 18 - 24, 2024 QLD METRO",2024-12-18,2024-12-25,5,Ostelin Calcium DK2 Tablets 60 Pack,20.5,41.0,20.5,50.0,half_price,60 Pack,$34.17 per 100 each,SAVE520.50 | WASS41 | Ostelin Calcium DK2 Tablets | 60 Pack $34.17 per 100 each. | 2nd week on sale,94.97,False,,https://caau.syd1.cdn.digitaloceanspaces.com/wp-content/uploads/catalogue/coles/coles-catalogue-december-18-24-2024-qld-metro/5.jpg,https://www.catalogueau.com/coles/#catalogue=coles/coles-catalogue-december-18-24-2024-qld-metro/,displayed_price,displayed_price;unit_price,2,verified
Coles,QLD METRO,"Coles Catalogue December 18 - 24, 2024 QLD METRO",2024-12-18,2024-12-25,5,Nature's Own Vitamin B12 1000mcg Tablets 60 Pack,9.0,18.0,9.0,50.0,half_price,60 Pack,$15.00 per 100 each,SAVES9 | WASS18 | Nature's Own Vitamin B12 | 1000mcg Tablets 60 Pack | $15.00 per 100 each | 2nd week on sale,95.36,False,,https://caau.syd1.cdn.digitaloceanspaces.com/wp-content/uploads/catalogue/coles/coles-catalogue-december-18-24-2024-qld-metro/5.jpg,https://www.catalogueau.com/coles/#catalogue=coles/coles-catalogue-december-18-24-2024-qld-metro/,save_was_arithmetic,displayed_price;save_was_arithmetic;unit_price,3,verified
Coles,QLD METRO,"Coles Catalogue December 18 - 24, 2024 QLD METRO",2024-12-18,2024-12-25,5,Nature's Own High Strength Magnesium Tablets 150 Pack,19.0,38.0,19.0,50.0,half_price,150 Pack,$12.67 per 100 each,SAVES19 | WASS38 | Nature's Own High Strength | Magnesium Tablets 150 Pack | $12.67 per 100 each. | 2nd week on sale,96.23,False,,https://caau.syd1.cdn.digitaloceanspaces.com/wp-content/uploads/catalogue/coles/coles-catalogue-december-18-24-2024-qld-metro/5.jpg,https://www.catalogueau.com/coles/#catalogue=coles/coles-catalogue-december-18-24-2024-qld-metro/,save_was_arithmetic,save_was_arithmetic;unit_price,2,verified
Coles,QLD METRO,"Coles Catalogue December 18 - 24, 2024 QLD METRO",2024-12-18,2024-12-25,5,Nature's Own Super B Complex Tablets 150 Pack,20.0,40.0,20.0,50.0,half_price,150 Pack,$13.33 per 100 each,WAS$40 | WAS$40 | Nature's Own Super B | Complex Tablets 150 Pack | $13.33 per 100 each,95.64,False,,https://caau.syd1.cdn.digitaloceanspaces.com/wp-content/uploads/catalogue/coles/coles-catalogue-december-18-24-2024-qld-metro/5.jpg,https://www.catalogueau.com/coles/#catalogue=coles/coles-catalogue-december-18-24-2024-qld-metro/,displayed_price,displayed_price;page_discount;unit_price,2,verified
Coles,QLD METRO,"Coles Catalogue December 18 - 24, 2024 QLD METRO",2024-12-18,2024-12-25,5,Swisse Ultiboost Sleep Tablets 100 Pack,22.5,45.0,22.5,50.0,half_price,100 Pack,$22.50 per 100 each,Swisse Ultiboost Sleep Tablets | 100 Pack $22.50 per 100 each | *See page 37 for T&Cs,95.29,True,offer_labels_missing;regular_and_save_inferred_from_half_price;inferred_price_requires_review,https://caau.syd1.cdn.digitaloceanspaces.com/wp-content/uploads/catalogue/coles/coles-catalogue-december-18-24-2024-qld-metro/5.jpg,https://www.catalogueau.com/coles/#catalogue=coles/coles-catalogue-december-18-24-2024-qld-metro/,unit_price,grid_inference;unit_price,1,review
Coles,QLD METRO,"Coles Catalogue December 18 - 24, 2024 QLD METRO",2024-12-18,2024-12-25,6,Cancer Council Ultra Sunscreen Roll On SPF50+ 75mL*,5.5,11.0,5.5,50.0,half_price,75mL,$7.33 per 100mL,WASS11 | WASS11 | Cancer Council Ultra | Sunscreen Roll On | SPF50+ 75mL* $7.33 per 100mL | On sale for 2 weeks,94.14,True,inferred_price_requires_review,https://caau.syd1.cdn.digitaloceanspaces.com/wp-content/uploads/catalogue/coles/coles-catalogue-december-18-24-2024-qld-metro/6.jpg,https://www.catalogueau.com/coles/#catalogue=coles/coles-catalogue-december-18-24-2024-qld-metro/,unit_price,page_discount;unit_price,1,review
Coles,QLD METRO,"Coles Catalogue December 18 - 24, 2024 QLD METRO",2024-12-18,2024-12-25,6,Reef Suntan Coconut Oil 125mL,7.5,15.0,7.5,50.0,half_price,125mL,$6.00 per 100mL,SAVES7.50 | WASS15 | Reef Suntan Coconut Oil 125mL | $6.00 per 100mL. | On sale for 2 weeks,92.18,False,,https://caau.syd1.cdn.digitaloceanspaces.com/wp-content/uploads/catalogue/coles/coles-catalogue-december-18-24-2024-qld-metro/6.jpg,https://www.catalogueau.com/coles/#catalogue=coles/coles-catalogue-december-18-24-2024-qld-metro/,save_was_arithmetic,displayed_price;save_was_arithmetic;unit_price,3,verified
Coles,QLD METRO,"Coles Catalogue December 18 - 24, 2024 QLD METRO",2024-12-18,2024-12-25,6,Le Tan Coconut Sunscreen Spray SPF30 250mL*,9.75,19.5,9.75,50.0,half_price,250mL,,SAVES9.75 | WASS19.50 | Le Tan Coconut Sunscreen | Spray SPF30 250mL* $3.90 per | 100mL. On sale for 2 weeks,93.04,True,single_price_evidence,https://caau.syd1.cdn.digitaloceanspaces.com/wp-content/uploads/catalogue/coles/coles-catalogue-december-18-24-2024-qld-metro/6.jpg,https://www.catalogueau.com/coles/#catalogue=coles/coles-catalogue-december-18-24-2024-qld-metro/,save_was_arithmetic,save_was_arithmetic,1,review
Coles,QLD METRO,"Coles Catalogue December 18 - 24, 2024 QLD METRO",2024-12-18,2024-12-25,6,Neutrogena Ultra Sheer Face Sunscreen SPF50 88mL*,11.0,22.0,11.0,50.0,half_price,88mL,$12.50 per 100mL,SAVE S11 | WAS$22 | Neutrogena Ultra Sheer Face | Sunscreen SPF50 88mL* | $12.50 per 100mL. | On sale for 2 weeks,94.03,False,,https://caau.syd1.cdn.digitaloceanspaces.com/wp-content/uploads/catalogue/coles/coles-catalogue-december-18-24-2024-qld-metro/6.jpg,https://www.catalogueau.com/coles/#catalogue=coles/coles-catalogue-december-18-24-2024-qld-metro/,save_was_arithmetic,displayed_price;save_was_arithmetic;unit_price,3,verified
Coles,QLD METRO,"Coles Catalogue December 18 - 24, 2024 QLD METRO",2024-12-18,2024-12-25,6,Bali Body Gradual Tan 200mL,13.0,26.0,13.0,50.0,half_price,200mL,$6.50 per 100mL,SAVE*13 | WASS26 | Bali Body Gradual Tan 200mL | $6.50 per 100mL. | On sale for 2 weeks,94.46,False,,https://caau.syd1.cdn.digitaloceanspaces.com/wp-content/uploads/catalogue/coles/coles-catalogue-december-18-24-2024-qld-metro/6.jpg,https://www.catalogueau.com/coles/#catalogue=coles/coles-catalogue-december-18-24-2024-qld-metro/,save_was_arithmetic,displayed_price;save_was_arithmetic;unit_price,3,verified
Coles,QLD METRO,"Coles Catalogue December 18 - 24, 2024 QLD METRO",2024-12-18,2024-12-25,6,Nivea Sun Ultra Sport Cooling Sunscreen Spray SPF50+ 300mL*,14.0,28.0,14.0,50.0,half_price,300mL,$4.67 per 100mL,SAVE*14 | WAS$28 | Nivea Sun Ultra Sport Cooling | Sunscreen Spray SPF50+ | 300mL* $4.67 per 100mL. | On sale for 2 weeks,91.77,False,,https://caau.syd1.cdn.digitaloceanspaces.com/wp-content/uploads/catalogue/coles/coles-catalogue-december-18-24-2024-qld-metro/6.jpg,https://www.catalogueau.com/coles/#catalogue=coles/coles-catalogue-december-18-24-2024-qld-metro/,save_was_arithmetic,displayed_price;save_was_arithmetic;unit_price,3,verified
Coles,QLD METRO,"Coles Catalogue December 18 - 24, 2024 QLD METRO",2024-12-18,2024-12-25,6,Quick Screen Facial Sunscreen Spray SPF50+ 90mL*,20.0,40.0,20.0,50.0,half_price,90mL,$22.22 per 100mL,SAVE*20 | WASS$40 | Quick Screen Facial Sunscreen | Spray SPF50+ 90mL* | $22.22 per 100mL. | On sale for 2 weeks,92.97,False,,https://caau.syd1.cdn.digitaloceanspaces.com/wp-content/uploads/catalogue/coles/coles-catalogue-december-18-24-2024-qld-metro/6.jpg,https://www.catalogueau.com/coles/#catalogue=coles/coles-catalogue-december-18-24-2024-qld-metro/,save_was_arithmetic,displayed_price;save_was_arithmetic;unit_price,3,verified
Coles,QLD METRO,"Coles Catalogue December 18 - 24, 2024 QLD METRO",2024-12-18,2024-12-25,6,Bondi Sands One Hour Express Tanning Foam 200mL,12.5,25.0,12.5,50.0,half_price,200mL,$6.25 per 100mL,Bondi Sands One Hour Express | Tanning Foam 200mL | $6.25 per 100mL. | On sale for 2 weeks,95.41,True,offer_labels_missing;regular_and_save_inferred_from_half_price;inferred_price_requires_review,https://caau.syd1.cdn.digitaloceanspaces.com/wp-content/uploads/catalogue/coles/coles-catalogue-december-18-24-2024-qld-metro/6.jpg,https://www.catalogueau.com/coles/#catalogue=coles/coles-catalogue-december-18-24-2024-qld-metro/,unit_price,grid_inference;unit_price,1,review
Coles,QLD METRO,"Coles Catalogue December 18 - 24, 2024 QLD METRO",2024-12-18,2024-12-25,6,Quick Glow Whipped Gradual Tanning Mousse 260g,14.51,29.02,14.51,50.0,half_price,260g,$5.58 per 100g,Quick Glow Whipped Gradual | Tanning Mousse 260g | $5.58 per 100g. | On sale for 2 weeks,96.46,True,offer_labels_missing;regular_and_save_inferred_from_half_price;inferred_price_requires_review,https://caau.syd1.cdn.digitaloceanspaces.com/wp-content/uploads/catalogue/coles/coles-catalogue-december-18-24-2024-qld-metro/6.jpg,https://www.catalogueau.com/coles/#catalogue=coles/coles-catalogue-december-18-24-2024-qld-metro/,unit_price,grid_inference;unit_price,1,review
Coles,QLD METRO,"Coles Catalogue December 18 - 24, 2024 QLD METRO",2024-12-18,2024-12-25,7,Bondi Sands Fragrance Free Face Sunscreen Lotion SPF50+ 75mL*,7.5,15.0,7.5,50.0,half_price,75mL,$10.00 per 100mL,SAVE57.50 | WASS15 | Bondi Sands Fragrance Free | Face Sunscreen Lotion SPF50+ | 75mL* $10.00 per 100mL. | On sale for 2 weeks,93.69,False,,https://caau.syd1.cdn.digitaloceanspaces.com/wp-content/uploads/catalogue/coles/coles-catalogue-december-18-24-2024-qld-metro/7.jpg,https://www.catalogueau.com/coles/#catalogue=coles/coles-catalogue-december-18-24-2024-qld-metro/,displayed_price,displayed_price;unit_price,2,verified
Coles,QLD METRO,"Coles Catalogue December 18 - 24, 2024 QLD METRO",2024-12-18,2024-12-25,7,Hismile V34 Whitening Purple Toothpaste 100g,7.5,15.0,7.5,50.0,half_price,100g,,SAVE‘7.50 | WASS15 | Hismile V34 Whitening Purple | Toothpaste 100g $7.50 per | 100g. On sale for 2 weeks,95.66,False,,https://caau.syd1.cdn.digitaloceanspaces.com/wp-content/uploads/catalogue/coles/coles-catalogue-december-18-24-2024-qld-metro/7.jpg,https://www.catalogueau.com/coles/#catalogue=coles/coles-catalogue-december-18-24-2024-qld-metro/,save_was_arithmetic,displayed_price;save_was_arithmetic,2,verified
Coles,QLD METRO,"Coles Catalogue December 18 - 24, 2024 QLD METRO",2024-12-18,2024-12-25,7,Banana Boat Dry Balance Sunscreen SPF50+ 400g*,14.0,28.0,14.0,50.0,half_price,400g,$3.50 per 100g,SAVES14 | WASS§28 | Banana Boat Dry Balance | Sunscreen SPF50+ 400g* | $3.50 per 100g. | On sale for 2 weeks,94.32,False,,https://caau.syd1.cdn.digitaloceanspaces.com/wp-content/uploads/catalogue/coles/coles-catalogue-december-18-24-2024-qld-metro/7.jpg,https://www.catalogueau.com/coles/#catalogue=coles/coles-catalogue-december-18-24-2024-qld-metro/,save_was_arithmetic,displayed_price;save_was_arithmetic;unit_price,3,verified
Coles,QLD METRO,"Coles Catalogue December 18 - 24, 2024 QLD METRO",2024-12-18,2024-12-25,7,Banana Boat Sport Sunscreen SPF50+ 200g%,9.5,19.0,9.5,50.0,half_price,200g,$4.75 per 100g,SAVES9.50 | WASS19 | Banana Boat Sport Sunscreen | SPF50+ 200g% $4.75 per 100g. | On sale for 2 weeks,93.01,False,,https://caau.syd1.cdn.digitaloceanspaces.com/wp-content/uploads/catalogue/coles/coles-catalogue-december-18-24-2024-qld-metro/7.jpg,https://www.catalogueau.com/coles/#catalogue=coles/coles-catalogue-december-18-24-2024-qld-metro/,save_was_arithmetic,displayed_price;save_was_arithmetic;unit_price,3,verified
Coles,QLD METRO,"Coles Catalogue December 18 - 24, 2024 QLD METRO",2024-12-18,2024-12-25,7,Colgate Plax Mouthwash 1 Litre,6.0,12.0,6.0,50.0,half_price,1 Litre,$0.60 per 100mL,WASS12 | WASS12 | Colgate Plax Mouthwash 1 Litre | $0.60 per 100mL.*See page | 37 for T&Cs. 2nd week on sale,96.15,False,,https://caau.syd1.cdn.digitaloceanspaces.com/wp-content/uploads/catalogue/coles/coles-catalogue-december-18-24-2024-qld-metro/7.jpg,https://www.catalogueau.com/coles/#catalogue=coles/coles-catalogue-december-18-24-2024-qld-metro/,displayed_price,displayed_price;page_discount;unit_price,2,verified
Coles,QLD METRO,"Coles Catalogue December 18 - 24, 2024 QLD METRO",2024-12-18,2024-12-25,7,Toni & Guy Shampoo or Conditioner 600mL,15.0,30.0,15.0,50.0,half_price,600mL,$2.50 per 100mL,SAVE%15 | WASS30 | Toni & Guy Shampoo or | Conditioner 600mL | $2.50 per 100mL. | On sale for 2 weeks,94.17,False,,https://caau.syd1.cdn.digitaloceanspaces.com/wp-content/uploads/catalogue/coles/coles-catalogue-december-18-24-2024-qld-metro/7.jpg,https://www.catalogueau.com/coles/#catalogue=coles/coles-catalogue-december-18-24-2024-qld-metro/,save_was_arithmetic,displayed_price;save_was_arithmetic;unit_price,3,verified
Coles,QLD METRO,"Coles Catalogue December 18 - 24, 2024 QLD METRO",2024-12-18,2024-12-25,7,Herbal Essences Classics Shampoo or Conditioner 400mL,5.25,10.5,5.25,50.0,half_price,400mL,$1.31 per 100mL,WASS10.50 | WASS10.50 | Herbal Essences Classics | Shampoo or Conditioner | 400mL $1.31 per 100mL. | 2nd week on sale,94.82,True,inferred_price_requires_review,https://caau.syd1.cdn.digitaloceanspaces.com/wp-content/uploads/catalogue/coles/coles-catalogue-december-18-24-2024-qld-metro/7.jpg,https://www.catalogueau.com/coles/#catalogue=coles/coles-catalogue-december-18-24-2024-qld-metro/,unit_price,page_discount;unit_price,1,review
Coles,QLD METRO,"Coles Catalogue December 18 - 24, 2024 QLD METRO",2024-12-18,2024-12-25,7,Bondi Sands Aero 1 Hour Express Tanning Foam 225mL,13.5,27.0,13.5,50.0,half_price,225mL,$6.00 per 100mL,Bondi Sands Aero 1 Hour | Express Tanning Foam 225mL | $6.00 per 100mL. | On sale for 2 weeks,95.63,True,offer_labels_missing;regular_and_save_inferred_from_half_price;inferred_price_requires_review,https://caau.syd1.cdn.digitaloceanspaces.com/wp-content/uploads/catalogue/coles/coles-catalogue-december-18-24-2024-qld-metro/7.jpg,https://www.catalogueau.com/coles/#catalogue=coles/coles-catalogue-december-18-24-2024-qld-metro/,unit_price,grid_inference;unit_price,1,review
Coles,QLD METRO,"Coles Catalogue December 18 - 24, 2024 QLD METRO",2024-12-18,2024-12-25,7,Ogx Argan Oil of Morocco Shampoo or Conditioner 385mL,11.5,23.0,11.5,50.0,half_price,385mL,$2.99 per 100mL,Ogx Argan Oil of Morocco | Shampoo or Conditioner | 385mL $2.99 per 100mL. | 2nd week on sale,94.26,True,offer_labels_missing;regular_and_save_inferred_from_half_price,https://caau.syd1.cdn.digitaloceanspaces.com/wp-content/uploads/catalogue/coles/coles-catalogue-december-18-24-2024-qld-metro/7.jpg,https://www.catalogueau.com/coles/#catalogue=coles/coles-catalogue-december-18-24-2024-qld-metro/,displayed_price,displayed_price;grid_inference;unit_price,2,review
Coles,QLD METRO,"Coles Catalogue December 18 - 24, 2024 QLD METRO",2024-12-18,2024-12-25,8,isoni with,4.0,,,,special,,,= | af | s& | i | rr | isoni with,79.0,True,offer_labels_missing;save_amount_missing;regular_price_missing;low_name_confidence_strict;single_price_evidence,https://caau.syd1.cdn.digitaloceanspaces.com/wp-content/uploads/catalogue/coles/coles-catalogue-december-18-24-2024-qld-metro/8.jpg,https://www.catalogueau.com/coles/#catalogue=coles/coles-catalogue-december-18-24-2024-qld-metro/,displayed_price,displayed_price,1,review
Coles,QLD METRO,"Coles Catalogue December 18 - 24, 2024 QLD METRO",2024-12-18,2024-12-25,10,wee Coles Finest by Laurent,6.5,7.0,0.5,7.14,save_amount,,,‘WASS7 | ‘WASS7 | wee | Coles Finest by Laurent | Sourdough Vienna or Cob | Selected stores only. | @ On sale for 2 weeks. | *See page 37 forT&Cs,68.72,True,low_name_confidence_strict;single_price_evidence,https://caau.syd1.cdn.digitaloceanspaces.com/wp-content/uploads/catalogue/coles/coles-catalogue-december-18-24-2024-qld-metro/10.jpg,https://www.catalogueau.com/coles/#catalogue=coles/coles-catalogue-december-18-24-2024-qld-metro/,displayed_price,displayed_price,1,review
Coles,QLD METRO,"Coles Catalogue December 18 - 24, 2024 QLD METRO",2024-12-18,2024-12-25,10,Primo Rindless Short Cut Bacon 1kg,14.0,22.0,8.0,36.36,save_amount,1kg,$14.00 per kg,WASS22 | WASS22 | Primo Rindless Short | Cut Bacon 1kg | $14.00 per kg. | 2nd week on sale. | *See page 37 forT&Cs,79.0,True,low_name_confidence_strict,https://caau.syd1.cdn.digitaloceanspaces.com/wp-content/uploads/catalogue/coles/coles-catalogue-december-18-24-2024-qld-metro/10.jpg,https://www.catalogueau.com/coles/#catalogue=coles/coles-catalogue-december-18-24-2024-qld-metro/,displayed_price,displayed_price;unit_price,2,review
Coles,QLD METRO,"Coles Catalogue December 18 - 24, 2024 QLD METRO",2024-12-18,2024-12-25,10,Heinz Ketchup 500mL,4.0,5.0,1.0,20.0,save_amount,500mL,$0.80 per 100mL,WASS5 | WASS5 | Heinz Ketchup 500mL | $0.80 per 100mL. | On sale for 2 weeks | QLD-METRO-181 2-24-312176,93.66,False,,https://caau.syd1.cdn.digitaloceanspaces.com/wp-content/uploads/catalogue/coles/coles-catalogue-december-18-24-2024-qld-metro/10.jpg,https://www.catalogueau.com/coles/#catalogue=coles/coles-catalogue-december-18-24-2024-qld-metro/,displayed_price,displayed_price;unit_price,2,verified
Coles,QLD METRO,"Coles Catalogue December 18 - 24, 2024 QLD METRO",2024-12-18,2024-12-25,10,Nescafé Blend 43 140g-150,8.0,50.0,42.0,84.0,save_amount,140g,,WASSII.50 | WASSII.50 | Nescafé Blend 43 | 140g-150 | 2nd week on sale,77.24,True,low_name_confidence_strict;single_price_evidence,https://caau.syd1.cdn.digitaloceanspaces.com/wp-content/uploads/catalogue/coles/coles-catalogue-december-18-24-2024-qld-metro/10.jpg,https://www.catalogueau.com/coles/#catalogue=coles/coles-catalogue-december-18-24-2024-qld-metro/,displayed_price,displayed_price,1,review
Coles,QLD METRO,"Coles Catalogue December 18 - 24, 2024 QLD METRO",2024-12-18,2024-12-25,10,Sanitarium So Good Unsweetened Almond,2.0,2.9,0.9,31.03,save_amount,,$2.00 per litre,WAS$2.90 | WAS$2.90 | Sanitarium So Good | Unsweetened Almond | Milk 1 Litre $2.00 per litre,96.28,True,single_price_evidence,https://caau.syd1.cdn.digitaloceanspaces.com/wp-content/uploads/catalogue/coles/coles-catalogue-december-18-24-2024-qld-metro/10.jpg,https://www.catalogueau.com/coles/#catalogue=coles/coles-catalogue-december-18-24-2024-qld-metro/,displayed_price,displayed_price,1,review
Coles,QLD METRO,"Coles Catalogue December 18 - 24, 2024 QLD METRO",2024-12-18,2024-12-25,11,Tassal Superior Gold Smoked Salmon 180g,14.0,18.0,4.0,22.22,save_amount,180g,$77.78 per kg,WASS18 | WASS18 | Tassal Superior Gold | Smoked Salmon 180g | $77.78 per kg. | On sale for 2 weeks,95.72,True,single_price_evidence,https://caau.syd1.cdn.digitaloceanspaces.com/wp-content/uploads/catalogue/coles/coles-catalogue-december-18-24-2024-qld-metro/11.jpg,https://www.catalogueau.com/coles/#catalogue=coles/coles-catalogue-december-18-24-2024-qld-metro/,unit_price,unit_price,1,review
Coles,QLD METRO,"Coles Catalogue December 18 - 24, 2024 QLD METRO",2024-12-18,2024-12-25,11,Western Star Spreadable Blend 375g,4.8,6.0,1.2,20.0,save_amount,375g,$1.28 per 100g,WASS6 | WASS6 | Western Star | Spreadable Blend 375g | $1.28 per 100g,95.13,True,single_price_evidence,https://caau.syd1.cdn.digitaloceanspaces.com/wp-content/uploads/catalogue/coles/coles-catalogue-december-18-24-2024-qld-metro/11.jpg,https://www.catalogueau.com/coles/#catalogue=coles/coles-catalogue-december-18-24-2024-qld-metro/,unit_price,unit_price,1,review
Coles,QLD METRO,"Coles Catalogue December 18 - 24, 2024 QLD METRO",2024-12-18,2024-12-25,11,Coles Croissants 12 Pack 900:,11.0,12.0,1.0,8.33,save_amount,12 Pack,$1.22 per 100g,‘WASSI2 | ‘WASSI2 | Coles Croissants | 12 Pack 900: | $1.22 per 100g,96.33,True,single_price_evidence,https://caau.syd1.cdn.digitaloceanspaces.com/wp-content/uploads/catalogue/coles/coles-catalogue-december-18-24-2024-qld-metro/11.jpg,https://www.catalogueau.com/coles/#catalogue=coles/coles-catalogue-december-18-24-2024-qld-metro/,displayed_price,displayed_price,1,review
Coles,QLD METRO,"Coles Catalogue December 18 - 24, 2024 QLD METRO",2024-12-18,2024-12-25,11,Abe's Bagels 4 Pack 360g,4.5,5.5,1.0,18.18,save_amount,4 Pack; 360g,$1.25 per 100g,WASS$5.50 | WASS$5.50 | Abe's Bagels 4 Pack 360g | $1.25 per 100g | QLD-METRO-181 2-24-312176,96.51,True,single_price_evidence,https://caau.syd1.cdn.digitaloceanspaces.com/wp-content/uploads/catalogue/coles/coles-catalogue-december-18-24-2024-qld-metro/11.jpg,https://www.catalogueau.com/coles/#catalogue=coles/coles-catalogue-december-18-24-2024-qld-metro/,unit_price,unit_price,1,review
Coles,QLD METRO,"Coles Catalogue December 18 - 24, 2024 QLD METRO",2024-12-18,2024-12-25,12,Coles Australian No Added Hormones Beef Roast Topside,16.0,19.0,3.0,15.79,save_amount,,,"‘WASS19i«, | ‘WASS19i«, | Coles Australian No Added | Hormones Beef Roast Topside | ae | FRAC",95.81,True,single_price_evidence,https://caau.syd1.cdn.digitaloceanspaces.com/wp-content/uploads/catalogue/coles/coles-catalogue-december-18-24-2024-qld-metro/12.jpg,https://www.catalogueau.com/coles/#catalogue=coles/coles-catalogue-december-18-24-2024-qld-metro/,displayed_price,displayed_price,1,review
Coles,QLD METRO,"Coles Catalogue December 18 - 24, 2024 QLD METRO",2024-12-18,2024-12-25,12,Coles Australian Pork Belly Roast Boneless 2nd week,16.0,81914.0,81898.0,99.98,save_amount,,,WAS 81914 | WAS 81914 | Coles Australian Pork Belly | Roast Boneless 2nd week on sale,96.34,True,single_price_evidence,https://caau.syd1.cdn.digitaloceanspaces.com/wp-content/uploads/catalogue/coles/coles-catalogue-december-18-24-2024-qld-metro/12.jpg,https://www.catalogueau.com/coles/#catalogue=coles/coles-catalogue-december-18-24-2024-qld-metro/,displayed_price,displayed_price,1,review
Coles,QLD METRO,"Coles Catalogue December 18 - 24, 2024 QLD METRO",2024-12-18,2024-12-25,12,Coles Australian Lamb Whole or Half Leg Roast,1.2,9.0,7.8,86.67,save_amount,,,Coles Australian Lamb | Whole or Half Leg Roast | 2nd week on sale,95.85,True,offer_labels_missing;single_price_evidence,https://caau.syd1.cdn.digitaloceanspaces.com/wp-content/uploads/catalogue/coles/coles-catalogue-december-18-24-2024-qld-metro/12.jpg,https://www.catalogueau.com/coles/#catalogue=coles/coles-catalogue-december-18-24-2024-qld-metro/,unknown,,0,review
Coles,QLD METRO,"Coles Catalogue December 18 - 24, 2024 QLD METRO",2024-12-18,2024-12-25,12,serve based on 8kg average weight serving 40 people at,62.0,,,,special,8kg,$7.75 per kg,serve based on 8kg average weight | serving 40 people at $7.75 per kg | iit,95.89,True,offer_labels_missing;save_amount_missing;regular_price_missing;inferred_price_requires_review,https://caau.syd1.cdn.digitaloceanspaces.com/wp-content/uploads/catalogue/coles/coles-catalogue-december-18-24-2024-qld-metro/12.jpg,https://www.catalogueau.com/coles/#catalogue=coles/coles-catalogue-december-18-24-2024-qld-metro/,unit_price,grid_inference;unit_price,1,review
Coles,QLD METRO,"Coles Catalogue December 18 - 24, 2024 QLD METRO",2024-12-18,2024-12-25,12,Gravox Liquid Gravy or Finishing Sauce 165g,5.0,,,,special,165g,$1.52 per 100g,Gravox Liquid Gravy or | Finishing Sauce 165g | $1.52 per 100g. | On sale for 2 weeks,95.75,True,offer_labels_missing;save_amount_missing;regular_price_missing;unit_price_conflict;single_price_evidence,https://caau.syd1.cdn.digitaloceanspaces.com/wp-content/uploads/catalogue/coles/coles-catalogue-december-18-24-2024-qld-metro/12.jpg,https://www.catalogueau.com/coles/#catalogue=coles/coles-catalogue-december-18-24-2024-qld-metro/,displayed_price,displayed_price,1,review
Coles,QLD METRO,"Coles Catalogue December 18 - 24, 2024 QLD METRO",2024-12-18,2024-12-25,12,Fountain Mint Sauce 250mL,255.0,,,,special,250mL,$1.10 per 100mL,Fountain Mint Sauce | 250mL $1.10 per 100mL | QLD-METRO-181 2-24-312176,93.93,True,offer_labels_missing;save_amount_missing;regular_price_missing;unit_price_conflict;single_price_evidence,https://caau.syd1.cdn.digitaloceanspaces.com/wp-content/uploads/catalogue/coles/coles-catalogue-december-18-24-2024-qld-metro/12.jpg,https://www.catalogueau.com/coles/#catalogue=coles/coles-catalogue-december-18-24-2024-qld-metro/,displayed_price,displayed_price,1,review
Coles,QLD METRO,"Coles Catalogue December 18 - 24, 2024 QLD METRO",2024-12-18,2024-12-25,13,KB's MSC Thawed Cooked WA Rock Lobster,24.0,27.0,3.0,11.11,save_amount,,,‘WASS27 | ‘WASS27 | KB's MSC Thawed Cooked | WA Rock Lobster | Selected stores only*,96.34,True,single_price_evidence,https://caau.syd1.cdn.digitaloceanspaces.com/wp-content/uploads/catalogue/coles/coles-catalogue-december-18-24-2024-qld-metro/13.jpg,https://www.catalogueau.com/coles/#catalogue=coles/coles-catalogue-december-18-24-2024-qld-metro/,displayed_price,displayed_price,1,review
Coles,QLD METRO,"Coles Catalogue December 18 - 24, 2024 QLD METRO",2024-12-18,2024-12-25,13,1&J Raw Peeled Prawns Tail On or Tail Off 500g,16.8,24.0,7.2,30.0,save_amount,500g,$33.60 per kg,WAS$24 | WAS$24 | 1&J Raw Peeled Prawns Tail On | or Tail Off 500g $33.60 per kg,95.33,False,,https://caau.syd1.cdn.digitaloceanspaces.com/wp-content/uploads/catalogue/coles/coles-catalogue-december-18-24-2024-qld-metro/13.jpg,https://www.catalogueau.com/coles/#catalogue=coles/coles-catalogue-december-18-24-2024-qld-metro/,displayed_price,displayed_price;unit_price,2,verified
Coles,QLD METRO,"Coles Catalogue December 18 - 24, 2024 QLD METRO",2024-12-18,2024-12-25,13,Coles Kitchen Pasta Salad 800g,6.0,7.0,1.0,14.29,save_amount,800g,$7.50 per kg,‘WASS7 | ‘WASS7 | Coles Kitchen Pasta Salad 800g | $7.50 per kg,96.39,False,,https://caau.syd1.cdn.digitaloceanspaces.com/wp-content/uploads/catalogue/coles/coles-catalogue-december-18-24-2024-qld-metro/13.jpg,https://www.catalogueau.com/coles/#catalogue=coles/coles-catalogue-december-18-24-2024-qld-metro/,displayed_price,displayed_price;unit_price,2,verified
Coles,QLD METRO,"Coles Catalogue December 18 - 24, 2024 QLD METRO",2024-12-18,2024-12-25,13,"Schweppes Mixers, Soft Drink or Mineral Water 1.1 Litre",2.0,,,,special,1.1 Litre,$1.82 per litre,"Schweppes Mixers, Soft Drink | or Mineral Water 1.1 Litre | $1.82 per litre. 2nd week on sale",96.11,True,offer_labels_missing;save_amount_missing;regular_price_missing;inferred_price_requires_review,https://caau.syd1.cdn.digitaloceanspaces.com/wp-content/uploads/catalogue/coles/coles-catalogue-december-18-24-2024-qld-metro/13.jpg,https://www.catalogueau.com/coles/#catalogue=coles/coles-catalogue-december-18-24-2024-qld-metro/,unit_price,grid_inference;unit_price,1,review
Coles,QLD METRO,"Coles Catalogue December 18 - 24, 2024 QLD METRO",2024-12-18,2024-12-25,13,MasterFoods Tartare or Seafood Cocktail Sauce 220g-260g,2.8,,,,special,220g; 260g,,MasterFoods Tartare or Seafood | Cocktail Sauce 220g-260g | *See page 37 forT&Cs | *For locations of Deli counter stores visit coles.com.au/range-availability,94.31,True,offer_labels_missing;save_amount_missing;regular_price_missing;single_price_evidence,https://caau.syd1.cdn.digitaloceanspaces.com/wp-content/uploads/catalogue/coles/coles-catalogue-december-18-24-2024-qld-metro/13.jpg,https://www.catalogueau.com/coles/#catalogue=coles/coles-catalogue-december-18-24-2024-qld-metro/,displayed_price,displayed_price,1,review
Coles,QLD METRO,"Coles Catalogue December 18 - 24, 2024 QLD METRO",2024-12-18,2024-12-25,13,Coles Kitchen Family Tray Bake 1.4kg,22.0,,,,special,1.4kg,$1.57 per 100g,Coles Kitchen Family Tray Bake | 1.4kg $1.57 per 100g,95.67,True,offer_labels_missing;save_amount_missing;regular_price_missing;single_price_evidence,https://caau.syd1.cdn.digitaloceanspaces.com/wp-content/uploads/catalogue/coles/coles-catalogue-december-18-24-2024-qld-metro/13.jpg,https://www.catalogueau.com/coles/#catalogue=coles/coles-catalogue-december-18-24-2024-qld-metro/,displayed_price,displayed_price,1,review
Coles,QLD METRO,"Coles Catalogue December 18 - 24, 2024 QLD METRO",2024-12-18,2024-12-25,14,Coles RSPCA Approved Big Chicken 3.2kg,15.0,18.0,3.0,16.67,save_amount,3.2kg,$4.69 per kg,WASS18 | WASS18 | Coles RSPCA Approved Big | Chicken 3.2kg $4.69 per kg,94.82,False,,https://caau.syd1.cdn.digitaloceanspaces.com/wp-content/uploads/catalogue/coles/coles-catalogue-december-18-24-2024-qld-metro/14.jpg,https://www.catalogueau.com/coles/#catalogue=coles/coles-catalogue-december-18-24-2024-qld-metro/,displayed_price,displayed_price;unit_price,2,verified
Coles,QLD METRO,"Coles Catalogue December 18 - 24, 2024 QLD METRO",2024-12-18,2024-12-25,14,Coles Australian Lamb Butterflied Shoulder with Greek Style Marinade,20.0,24.0,4.0,16.67,save_amount,,,WASS24tg | WASS24tg | Coles Australian Lamb Butterflied | Shoulder with Greek Style Marinade | eT | v,95.3,True,single_price_evidence,https://caau.syd1.cdn.digitaloceanspaces.com/wp-content/uploads/catalogue/coles/coles-catalogue-december-18-24-2024-qld-metro/14.jpg,https://www.catalogueau.com/coles/#catalogue=coles/coles-catalogue-december-18-24-2024-qld-metro/,displayed_price,displayed_price,1,review
Coles,QLD METRO,"Coles Catalogue December 18 - 24, 2024 QLD METRO",2024-12-18,2024-12-25,14,Golden Circle Sliced Beetroot 450g,2.0,2.7,0.7,25.93,save_amount,450g,$4.44 per kg,WAS$2.70 | WAS$2.70 | Golden Circle Sliced Beetroot | 450g $4.44 per kg. | 2nd week on sale,96.15,False,,https://caau.syd1.cdn.digitaloceanspaces.com/wp-content/uploads/catalogue/coles/coles-catalogue-december-18-24-2024-qld-metro/14.jpg,https://www.catalogueau.com/coles/#catalogue=coles/coles-catalogue-december-18-24-2024-qld-metro/,displayed_price,displayed_price;unit_price,2,verified
Coles,QLD METRO,"Coles Catalogue December 18 - 24, 2024 QLD METRO",2024-12-18,2024-12-25,14,serving 12 people at,23.0,,,,special,,$23 per kg,serving 12 people at $23 per kg | While stocks last. No rainchecks,96.34,True,offer_labels_missing;save_amount_missing;regular_price_missing;inferred_price_requires_review,https://caau.syd1.cdn.digitaloceanspaces.com/wp-content/uploads/catalogue/coles/coles-catalogue-december-18-24-2024-qld-metro/14.jpg,https://www.catalogueau.com/coles/#catalogue=coles/coles-catalogue-december-18-24-2024-qld-metro/,displayed_price,displayed_price;grid_inference,1,review
Coles,QLD METRO,"Coles Catalogue December 18 - 24, 2024 QLD METRO",2024-12-18,2024-12-25,14,Coles Crackling Ham Boneless Leg From the Meat department. Per serve based on 1.7kg ham,39.1,,,,special,1.7kg,$23 per kg,Coles Crackling Ham Boneless Leg | From the Meat department. | Per serve based on 1.7kg ham | serving 12 people at $23 per kg | While stocks last. No rainchecks,95.64,True,single_price_evidence,https://caau.syd1.cdn.digitaloceanspaces.com/wp-content/uploads/catalogue/coles/coles-catalogue-december-18-24-2024-qld-metro/14.jpg,https://www.catalogueau.com/coles/#catalogue=coles/coles-catalogue-december-18-24-2024-qld-metro/,unit_price,unit_price,1,review
Coles,QLD METRO,"Coles Catalogue December 18 - 24, 2024 QLD METRO",2024-12-18,2024-12-25,14,Coles Wholegrain Mustard 200g,2.9,,,,special,200g,$1.45 per 100g,Coles Wholegrain Mustard 200g | $1.45 per 100g | QLD-METRO-181 2-24-312176,93.92,True,single_price_evidence,https://caau.syd1.cdn.digitaloceanspaces.com/wp-content/uploads/catalogue/coles/coles-catalogue-december-18-24-2024-qld-metro/14.jpg,https://www.catalogueau.com/coles/#catalogue=coles/coles-catalogue-december-18-24-2024-qld-metro/,unit_price,unit_price,1,review
Coles,QLD METRO,"Coles Catalogue December 18 - 24, 2024 QLD METRO",2024-12-18,2024-12-25,15,Birch & Waite Creamy Cocktail Sauce 250mL,4.0,5.25,1.25,23.81,save_amount,250mL,$1.60 per 100mL,WASS5.25 | WASS5.25 | Birch & Waite Creamy Cocktail | Sauce 250mL $1.60 per 100mL. | Selected stores onl | 2nd week on sale,94.15,False,,https://caau.syd1.cdn.digitaloceanspaces.com/wp-content/uploads/catalogue/coles/coles-catalogue-december-18-24-2024-qld-metro/15.jpg,https://www.catalogueau.com/coles/#catalogue=coles/coles-catalogue-december-18-24-2024-qld-metro/,displayed_price,displayed_price;unit_price,2,verified
Coles,QLD METRO,"Coles Catalogue December 18 - 24, 2024 QLD METRO",2024-12-18,2024-12-25,15,Coles Queensland Thawed Raw Extra Large Black Tiger Prawns,27.0,33.0,6.0,18.18,save_amount,,,WAS$33ig | WAS$33ig | Coles Queensland Thawed Raw | Extra Large Black Tiger Prawns | Selected stores onl,93.06,True,single_price_evidence,https://caau.syd1.cdn.digitaloceanspaces.com/wp-content/uploads/catalogue/coles/coles-catalogue-december-18-24-2024-qld-metro/15.jpg,https://www.catalogueau.com/coles/#catalogue=coles/coles-catalogue-december-18-24-2024-qld-metro/,displayed_price,displayed_price,1,review
Coles,QLD METRO,"Coles Catalogue December 18 - 24, 2024 QLD METRO",2024-12-18,2024-12-25,15,Coles Tasmanian Fresh Salmon Portions Skin On,36.0,44.0,8.0,18.18,save_amount,,,WASS44ig | WASS44ig | Coles Tasmanian Fresh Salmon | Portions Skin On | Selected stores only#,96.45,True,single_price_evidence,https://caau.syd1.cdn.digitaloceanspaces.com/wp-content/uploads/catalogue/coles/coles-catalogue-december-18-24-2024-qld-metro/15.jpg,https://www.catalogueau.com/coles/#catalogue=coles/coles-catalogue-december-18-24-2024-qld-metro/,displayed_price,displayed_price,1,review
Coles,QLD METRO,"Coles Catalogue December 18 - 24, 2024 QLD METRO",2024-12-18,2024-12-25,15,Bundabet Bundaberg Brewed Soft Drinks,42.95,745.0,702.05,94.23,save_amount,,$3.30 per litre,WASS745 | WASS745 | Bundabet | Bundaberg Brewed Soft Drinks | % | 4x375mL $3.30 per litre | 4x375mL | 30 per litte,59.03,True,low_ocr_confidence;low_name_confidence_strict;single_price_evidence,https://caau.syd1.cdn.digitaloceanspaces.com/wp-content/uploads/catalogue/coles/coles-catalogue-december-18-24-2024-qld-metro/15.jpg,https://www.catalogueau.com/coles/#catalogue=coles/coles-catalogue-december-18-24-2024-qld-metro/,displayed_price,displayed_price,1,review
Coles,QLD METRO,"Coles Catalogue December 18 - 24, 2024 QLD METRO",2024-12-18,2024-12-25,15,Coles Kitchen Coleslaw Salad 800g,6.0,7.0,1.0,14.29,save_amount,800g,$7.50 per kg,WASS7 | WASS7 | Coles Kitchen Coleslaw Salad | 800g $7.50 per kg | *For locations of Deli counter stores visit coles.com.au/range-availability,95.86,False,,https://caau.syd1.cdn.digitaloceanspaces.com/wp-content/uploads/catalogue/coles/coles-catalogue-december-18-24-2024-qld-metro/15.jpg,https://www.catalogueau.com/coles/#catalogue=coles/coles-catalogue-december-18-24-2024-qld-metro/,displayed_price,displayed_price;unit_price,2,verified
Coles,QLD METRO,"Coles Catalogue December 18 - 24, 2024 QLD METRO",2024-12-18,2024-12-25,15,Coles Australian Carrots 1kg Bag,1.5,,,,special,1kg,$1.50 per kg,Coles Australian Carrots 1kg Bag | $1.50 per kg,92.39,True,offer_labels_missing;save_amount_missing;regular_price_missing;inferred_price_requires_review,https://caau.syd1.cdn.digitaloceanspaces.com/wp-content/uploads/catalogue/coles/coles-catalogue-december-18-24-2024-qld-metro/15.jpg,https://www.catalogueau.com/coles/#catalogue=coles/coles-catalogue-december-18-24-2024-qld-metro/,unit_price,grid_inference;unit_price,1,review
Coles,QLD METRO,"Coles Catalogue December 18 - 24, 2024 QLD METRO",2024-12-18,2024-12-25,16,Coles Finest Free Range RSPCA Approved Whole Turkey Medium 3.8kg,49.0,,,,special,3.8kg,$12.89 per kg,Coles Finest Free Range RSPCA | Approved Whole Turkey Medium | 3.8kg $12.89 per kg | QLD-METRO-181 2-24-312176,95.73,False,,https://caau.syd1.cdn.digitaloceanspaces.com/wp-content/uploads/catalogue/coles/coles-catalogue-december-18-24-2024-qld-metro/16.jpg,https://www.catalogueau.com/coles/#catalogue=coles/coles-catalogue-december-18-24-2024-qld-metro/,displayed_price,displayed_price;unit_price,2,verified
Coles,QLD METRO,"Coles Catalogue December 18 - 24, 2024 QLD METRO",2024-12-18,2024-12-25,16,Coles Finest Free Range RSPCA Approved Whole Turkey Large 4.6kg,59.0,,,,special,4.6kg,$12.83 per kg,Coles Finest Free Range RSPCA | Approved Whole Turkey Large | 4.6kg $12.83 per kg,95.32,False,,https://caau.syd1.cdn.digitaloceanspaces.com/wp-content/uploads/catalogue/coles/coles-catalogue-december-18-24-2024-qld-metro/16.jpg,https://www.catalogueau.com/coles/#catalogue=coles/coles-catalogue-december-18-24-2024-qld-metro/,displayed_price,displayed_price;unit_price,2,verified
Coles,QLD METRO,"Coles Catalogue December 18 - 24, 2024 QLD METRO",2024-12-18,2024-12-25,16,"Coles Easy Carve Turkey Roast with Macadamia, Orange & Thyme Stuffing 1.7kg",55.0,,,,special,1.7kg,$32.35 per kg,"Coles Easy Carve Turkey Roast | with Macadamia, Orange & Thyme | Stuffing 1.7kg $32.35 per kg | va | Hy)",95.59,False,,https://caau.syd1.cdn.digitaloceanspaces.com/wp-content/uploads/catalogue/coles/coles-catalogue-december-18-24-2024-qld-metro/16.jpg,https://www.catalogueau.com/coles/#catalogue=coles/coles-catalogue-december-18-24-2024-qld-metro/,displayed_price,displayed_price;unit_price,2,verified
Coles,QLD METRO,"Coles Catalogue December 18 - 24, 2024 QLD METRO",2024-12-18,2024-12-25,16,Coles Finest Free Range RSPCA Approved Turkey Crown with Fruity Stuffing & Streaky Bacon 1.7kg,60.0,,,,special,1.7kg,$35.29 per kg,Coles Finest Free Range RSPCA | Approved Turkey Crown with Fruity | Stuffing & Streaky Bacon 1.7kg | $35.29 per kg | *See page 37 for T&Cs,95.06,False,,https://caau.syd1.cdn.digitaloceanspaces.com/wp-content/uploads/catalogue/coles/coles-catalogue-december-18-24-2024-qld-metro/16.jpg,https://www.catalogueau.com/coles/#catalogue=coles/coles-catalogue-december-18-24-2024-qld-metro/,displayed_price,displayed_price;unit_price,2,verified
Coles,QLD METRO,"Coles Catalogue December 18 - 24, 2024 QLD METRO",2024-12-18,2024-12-25,17,NAD e. Coles Beechwood Smoked,11.0,12.5,1.5,12.0,save_amount,,,WASS12.50ia | WASS12.50ia | NAD e. | Coles Beechwood Smoked | Leg Ham Portion | From the Meat department. | While stocks last. No rainchecks,47.98,True,low_ocr_confidence;low_name_confidence_strict;single_price_evidence,https://caau.syd1.cdn.digitaloceanspaces.com/wp-content/uploads/catalogue/coles/coles-catalogue-december-18-24-2024-qld-metro/17.jpg,https://www.catalogueau.com/coles/#catalogue=coles/coles-catalogue-december-18-24-2024-qld-metro/,displayed_price,displayed_price,1,review
Coles,QLD METRO,"Coles Catalogue December 18 - 24, 2024 QLD METRO",2024-12-18,2024-12-25,17,Coles Beechwood Double Smoked Half Leg Ham Per serve based on 5kg bone in,67.5,,,,special,5kg,$13.50 per kg,Coles Beechwood Double | Smoked Half Leg Ham | Per serve based on 5kg bone in | ham serving 27 people at | $13.50 per kg,96.08,True,single_price_evidence,https://caau.syd1.cdn.digitaloceanspaces.com/wp-content/uploads/catalogue/coles/coles-catalogue-december-18-24-2024-qld-metro/17.jpg,https://www.catalogueau.com/coles/#catalogue=coles/coles-catalogue-december-18-24-2024-qld-metro/,unit_price,unit_price,1,review
Coles,QLD METRO,"Coles Catalogue December 18 - 24, 2024 QLD METRO",2024-12-18,2024-12-25,17,Coles Finest Free Range Triple Smoked Half Leg Ham Per serve based on 4kg bone in,15.5,,,,special,4kg,,Coles Finest Free Range Triple | Smoked Half Leg Ham | Per serve based on 4kg bone in | ham serving 20 people at $15.50 | per kg. *See page 37 forT&Cs,95.56,True,offer_labels_missing;save_amount_missing;regular_price_missing;single_price_evidence,https://caau.syd1.cdn.digitaloceanspaces.com/wp-content/uploads/catalogue/coles/coles-catalogue-december-18-24-2024-qld-metro/17.jpg,https://www.catalogueau.com/coles/#catalogue=coles/coles-catalogue-december-18-24-2024-qld-metro/,displayed_price,displayed_price,1,review
Coles,QLD METRO,"Coles Catalogue December 18 - 24, 2024 QLD METRO",2024-12-18,2024-12-25,17,Coles Brown Sugar Glazed Easy Carve Ham,11.0,,,,special,,,Coles Brown Sugar Glazed Easy | Carve Ham,96.03,True,offer_labels_missing;save_amount_missing;regular_price_missing;single_price_evidence,https://caau.syd1.cdn.digitaloceanspaces.com/wp-content/uploads/catalogue/coles/coles-catalogue-december-18-24-2024-qld-metro/17.jpg,https://www.catalogueau.com/coles/#catalogue=coles/coles-catalogue-december-18-24-2024-qld-metro/,displayed_price,displayed_price,1,review
Coles,QLD METRO,"Coles Catalogue December 18 - 24, 2024 QLD METRO",2024-12-18,2024-12-25,17,Coles Beechwood Smoked Leg Ham Portion,11.0,12.5,1.5,12.0,save_amount,,,Coles Beechwood Smoked | Leg Ham Portion | From the Meat department. | While stocks last. No rainchecks,96.25,True,offer_labels_missing;single_price_evidence,https://caau.syd1.cdn.digitaloceanspaces.com/wp-content/uploads/catalogue/coles/coles-catalogue-december-18-24-2024-qld-metro/17.jpg,https://www.catalogueau.com/coles/#catalogue=coles/coles-catalogue-december-18-24-2024-qld-metro/,displayed_price,displayed_price,1,review
Coles,QLD METRO,"Coles Catalogue December 18 - 24, 2024 QLD METRO",2024-12-18,2024-12-25,17,Coles Made Easy Pork Sausage Rolls 550g,15.0,,,,special,550g,$13.64 per kg,Coles Made Easy Pork Sausage | Rolls 550g $13.64 per kg | QLD-METRO-181 2-24-312176,95.42,True,offer_labels_missing;save_amount_missing;regular_price_missing;unit_price_conflict;single_price_evidence,https://caau.syd1.cdn.digitaloceanspaces.com/wp-content/uploads/catalogue/coles/coles-catalogue-december-18-24-2024-qld-metro/17.jpg,https://www.catalogueau.com/coles/#catalogue=coles/coles-catalogue-december-18-24-2024-qld-metro/,displayed_price,displayed_price,1,review
Coles,QLD METRO,"Coles Catalogue December 18 - 24, 2024 QLD METRO",2024-12-18,2024-12-25,17,Bertocchi Festival Ham From the Meat department,11.0,,,,special,,,Bertocchi Festival Ham | From the Meat department. | While stocks last. No rainchecks,95.37,True,offer_labels_missing;save_amount_missing;regular_price_missing;single_price_evidence,https://caau.syd1.cdn.digitaloceanspaces.com/wp-content/uploads/catalogue/coles/coles-catalogue-december-18-24-2024-qld-metro/17.jpg,https://www.catalogueau.com/coles/#catalogue=coles/coles-catalogue-december-18-24-2024-qld-metro/,displayed_price,displayed_price,1,review
Coles,QLD METRO,"Coles Catalogue December 18 - 24, 2024 QLD METRO",2024-12-18,2024-12-25,18,Coles Apple Sauce 375g,2.0,,,,special,375g,$0.53 per 100g,Coles Apple Sauce 375g | $0.53 per 100g,96.56,False,,https://caau.syd1.cdn.digitaloceanspaces.com/wp-content/uploads/catalogue/coles/coles-catalogue-december-18-24-2024-qld-metro/18.jpg,https://www.catalogueau.com/coles/#catalogue=coles/coles-catalogue-december-18-24-2024-qld-metro/,displayed_price,displayed_price;unit_price,2,verified
Coles,QLD METRO,"Coles Catalogue December 18 - 24, 2024 QLD METRO",2024-12-18,2024-12-25,18,Coles Passionfruit Pulp In Syrup 170g,1.1,,,,special,170g,$6.47 per kg,Coles Passionfruit Pulp | In Syrup 170g $6.47 per kg,94.16,False,,https://caau.syd1.cdn.digitaloceanspaces.com/wp-content/uploads/catalogue/coles/coles-catalogue-december-18-24-2024-qld-metro/18.jpg,https://www.catalogueau.com/coles/#catalogue=coles/coles-catalogue-december-18-24-2024-qld-metro/,displayed_price,displayed_price;unit_price,2,verified
Coles,QLD METRO,"Coles Catalogue December 18 - 24, 2024 QLD METRO",2024-12-18,2024-12-25,18,Coles Jelly Crystals 85g,1.3,,,,special,85g,$1.53 per 100g,Coles Jelly Crystals 85g | $1.53 per 100g,96.32,True,single_price_evidence,https://caau.syd1.cdn.digitaloceanspaces.com/wp-content/uploads/catalogue/coles/coles-catalogue-december-18-24-2024-qld-metro/18.jpg,https://www.catalogueau.com/coles/#catalogue=coles/coles-catalogue-december-18-24-2024-qld-metro/,unit_price,unit_price,1,review
Coles,QLD METRO,"Coles Catalogue December 18 - 24, 2024 QLD METRO",2024-12-18,2024-12-25,18,Coles Picnic Reusable Dinner Plates 4 Pack,4.6,,,,special,4 Pack,$1.15 per each,Coles Picnic Reusable Dinner | Plates 4 Pack $1.15 per each | Se SS | ~ | = | \=,96.62,True,single_price_evidence,https://caau.syd1.cdn.digitaloceanspaces.com/wp-content/uploads/catalogue/coles/coles-catalogue-december-18-24-2024-qld-metro/18.jpg,https://www.catalogueau.com/coles/#catalogue=coles/coles-catalogue-december-18-24-2024-qld-metro/,unit_price,unit_price,1,review
Coles,QLD METRO,"Coles Catalogue December 18 - 24, 2024 QLD METRO",2024-12-18,2024-12-25,18,Coles Traditional Gravy Mix 120g,2.1,,,,special,120g,,Coles Traditional Gravy Mix | 120g $0.18 per 10g,95.66,True,offer_labels_missing;save_amount_missing;regular_price_missing;single_price_evidence,https://caau.syd1.cdn.digitaloceanspaces.com/wp-content/uploads/catalogue/coles/coles-catalogue-december-18-24-2024-qld-metro/18.jpg,https://www.catalogueau.com/coles/#catalogue=coles/coles-catalogue-december-18-24-2024-qld-metro/,displayed_price,displayed_price,1,review
Coles,QLD METRO,"Coles Catalogue December 18 - 24, 2024 QLD METRO",2024-12-18,2024-12-25,18,Coles Nor‘Stick Baking Paper 15 Metres,3.0,,,,special,,,Coles Nor‘Stick Baking Paper | 15 Metres $0.20 per metre | QLD-METRO-181 2-24-312176,78.66,True,offer_labels_missing;save_amount_missing;regular_price_missing;low_name_confidence_strict;single_price_evidence,https://caau.syd1.cdn.digitaloceanspaces.com/wp-content/uploads/catalogue/coles/coles-catalogue-december-18-24-2024-qld-metro/18.jpg,https://www.catalogueau.com/coles/#catalogue=coles/coles-catalogue-december-18-24-2024-qld-metro/,displayed_price,displayed_price,1,review
Coles,QLD METRO,"Coles Catalogue December 18 - 24, 2024 QLD METRO",2024-12-18,2024-12-25,18,Coles Simply Aluminium Foil 30 Metres,4.0,,,,special,,,Coles Simply Aluminium Foil | 30 Metres $0.13 per metre,96.67,True,offer_labels_missing;save_amount_missing;regular_price_missing;single_price_evidence,https://caau.syd1.cdn.digitaloceanspaces.com/wp-content/uploads/catalogue/coles/coles-catalogue-december-18-24-2024-qld-metro/18.jpg,https://www.catalogueau.com/coles/#catalogue=coles/coles-catalogue-december-18-24-2024-qld-metro/,displayed_price,displayed_price,1,review
Coles,QLD METRO,"Coles Catalogue December 18 - 24, 2024 QLD METRO",2024-12-18,2024-12-25,18,Coles Cook & Dine Wine Glasses 4 Pack,17.0,,,,special,4 Pack,$4.25 per each,Coles Cook & Dine Wine | Glasses 4 Pack $4.25 per each,95.93,False,,https://caau.syd1.cdn.digitaloceanspaces.com/wp-content/uploads/catalogue/coles/coles-catalogue-december-18-24-2024-qld-metro/18.jpg,https://www.catalogueau.com/coles/#catalogue=coles/coles-catalogue-december-18-24-2024-qld-metro/,displayed_price,displayed_price;unit_price,2,verified
Coles,QLD METRO,"Coles Catalogue December 18 - 24, 2024 QLD METRO",2024-12-18,2024-12-25,19,Coles Australian No Added Hormones Porterhouse Steak with Thyme & Pepper Butter 500g,17.0,19.0,2.0,10.53,save_amount,500g,$34.00 per kg,WASS19 | WASS19 | Coles Australian No Added | Hormones Porterhouse Steak | with Thyme & Pepper Butter 500g | $34.00 per kg,96.12,False,,https://caau.syd1.cdn.digitaloceanspaces.com/wp-content/uploads/catalogue/coles/coles-catalogue-december-18-24-2024-qld-metro/19.jpg,https://www.catalogueau.com/coles/#catalogue=coles/coles-catalogue-december-18-24-2024-qld-metro/,displayed_price,displayed_price;unit_price,2,verified
Coles,QLD METRO,"Coles Catalogue December 18 - 24, 2024 QLD METRO",2024-12-18,2024-12-25,19,Coles Beechwood Smoked Picnic Ham From the Meat,9.0,10.0,1.0,10.0,save_amount,,,WASS10kq | WASS10kq | Coles Beechwood Smoked | Picnic Ham From the Meat | department. 2nd week on sale. | While stocks last. No rainchecks,96.29,True,single_price_evidence,https://caau.syd1.cdn.digitaloceanspaces.com/wp-content/uploads/catalogue/coles/coles-catalogue-december-18-24-2024-qld-metro/19.jpg,https://www.catalogueau.com/coles/#catalogue=coles/coles-catalogue-december-18-24-2024-qld-metro/,displayed_price,displayed_price,1,review
Coles,QLD METRO,"Coles Catalogue December 18 - 24, 2024 QLD METRO",2024-12-18,2024-12-25,19,Coca-Cola Soft Drink 12x300mL,9.5,19.0,9.5,50.0,half_price,12x300mL,$2.64 per litre,WASS19 | WASS19 | Coca-Cola Soft Drink 12x300mL | $2.64 per litre. *See page 37 for T&Cs | NA | Mersey,94.07,True,single_price_evidence,https://caau.syd1.cdn.digitaloceanspaces.com/wp-content/uploads/catalogue/coles/coles-catalogue-december-18-24-2024-qld-metro/19.jpg,https://www.catalogueau.com/coles/#catalogue=coles/coles-catalogue-december-18-24-2024-qld-metro/,unit_price,unit_price,1,review
Coles,QLD METRO,"Coles Catalogue December 18 - 24, 2024 QLD METRO",2024-12-18,2024-12-25,19,Captain's Table Water 35g Crackers 125g,1.75,2.2,0.45,20.45,save_amount,35g; 125g,$1.40 per 100g,WASS2.20 | WASS2.20 | Captain's Table Water | 35g | Crackers 125g | $1.40 per 100g. | $1.75 | 2nd week on sale,64.07,True,low_name_confidence_strict;single_price_evidence,https://caau.syd1.cdn.digitaloceanspaces.com/wp-content/uploads/catalogue/coles/coles-catalogue-december-18-24-2024-qld-metro/19.jpg,https://www.catalogueau.com/coles/#catalogue=coles/coles-catalogue-december-18-24-2024-qld-metro/,displayed_price,displayed_price,1,review
Coles,QLD METRO,"Coles Catalogue December 18 - 24, 2024 QLD METRO",2024-12-18,2024-12-25,19,Tasmanian Heritage 35g Triple Cream Brie 125g,5.0,750.0,745.0,99.33,save_amount,35g; 125g,$40.00 per kg,WASS750 | WASS750 | Tasmanian Heritage | 35g | Triple Cream Brie 125g | $40.00 per kg. | 2nd week on sale,63.89,True,low_name_confidence_strict;single_price_evidence,https://caau.syd1.cdn.digitaloceanspaces.com/wp-content/uploads/catalogue/coles/coles-catalogue-december-18-24-2024-qld-metro/19.jpg,https://www.catalogueau.com/coles/#catalogue=coles/coles-catalogue-december-18-24-2024-qld-metro/,displayed_price,displayed_price,1,review
Coles,QLD METRO,"Coles Catalogue December 18 - 24, 2024 QLD METRO",2024-12-18,2024-12-25,19,Mersey Valley Cheese 235g,6.9,9.9,3.0,30.3,save_amount,235g,$29.36 per kg,WASS9.90 | WASS9.90 | Mersey Valley Cheese | 235g $29.36 per kg | QLD-METRO-181 2-24-312176,96.34,True,single_price_evidence,https://caau.syd1.cdn.digitaloceanspaces.com/wp-content/uploads/catalogue/coles/coles-catalogue-december-18-24-2024-qld-metro/19.jpg,https://www.catalogueau.com/coles/#catalogue=coles/coles-catalogue-december-18-24-2024-qld-metro/,unit_price,unit_price,1,review
Coles,QLD METRO,"Coles Catalogue December 18 - 24, 2024 QLD METRO",2024-12-18,2024-12-25,19,Yumi's Dip 200g,3.5,4.5,1.0,22.22,save_amount,200g,$1.75 per 100g,WAS$4.50 | WAS$4.50 | Yumi's Dip 200g | $1.75 per 100g. | $1.75 | On sale for 2 weeks,94.5,False,,https://caau.syd1.cdn.digitaloceanspaces.com/wp-content/uploads/catalogue/coles/coles-catalogue-december-18-24-2024-qld-metro/19.jpg,https://www.catalogueau.com/coles/#catalogue=coles/coles-catalogue-december-18-24-2024-qld-metro/,displayed_price,displayed_price;unit_price,2,verified
Coles,QLD METRO,"Coles Catalogue December 18 - 24, 2024 QLD METRO",2024-12-18,2024-12-25,20,Coles Christmas Apricot & Peach Pies 6 Pack 360g,5.5,,,,special,6 Pack; 360g,$1.53 per 100g,Coles Christmas Apricot & Peach Pies | 6 Pack 360g $1.53 per 100g | NATURE'S | | | i | KITCHEN,95.91,False,,https://caau.syd1.cdn.digitaloceanspaces.com/wp-content/uploads/catalogue/coles/coles-catalogue-december-18-24-2024-qld-metro/20.jpg,https://www.catalogueau.com/coles/#catalogue=coles/coles-catalogue-december-18-24-2024-qld-metro/,displayed_price,displayed_price;unit_price,2,verified
Coles,QLD METRO,"Coles Catalogue December 18 - 24, 2024 QLD METRO",2024-12-18,2024-12-25,20,Coles Nature's Kitchen Plant Based Vanilla,62.0,,,,special,,$8.67 per 100g,Coles Nature's Kitchen | Plant Based Vanilla | Flavoured Meringue Kisses | 75g $8.67 per 100g | QLD-METRO-181 2-24-312176,96.12,True,offer_labels_missing;save_amount_missing;regular_price_missing;single_price_evidence,https://caau.syd1.cdn.digitaloceanspaces.com/wp-content/uploads/catalogue/coles/coles-catalogue-december-18-24-2024-qld-metro/20.jpg,https://www.catalogueau.com/coles/#catalogue=coles/coles-catalogue-december-18-24-2024-qld-metro/,displayed_price,displayed_price,1,review
Coles,QLD METRO,"Coles Catalogue December 18 - 24, 2024 QLD METRO",2024-12-18,2024-12-25,20,Coles Christmas Traditional Puddin 700g,5.52,,,,special,700g,$0.79 per 100g,Coles Christmas | Traditional Puddin | 700g $0.79 per 100g,95.07,True,single_price_evidence,https://caau.syd1.cdn.digitaloceanspaces.com/wp-content/uploads/catalogue/coles/coles-catalogue-december-18-24-2024-qld-metro/20.jpg,https://www.catalogueau.com/coles/#catalogue=coles/coles-catalogue-december-18-24-2024-qld-metro/,unit_price,unit_price,1,review
Coles,QLD METRO,"Coles Catalogue December 18 - 24, 2024 QLD METRO",2024-12-18,2024-12-25,20,Pauls Egg Nog 1 Litre,5.7,,,,special,1 Litre,$5.70 per litre,Pauls Egg Nog 1 Litre | $5.70 per litre,96.28,True,single_price_evidence,https://caau.syd1.cdn.digitaloceanspaces.com/wp-content/uploads/catalogue/coles/coles-catalogue-december-18-24-2024-qld-metro/20.jpg,https://www.catalogueau.com/coles/#catalogue=coles/coles-catalogue-december-18-24-2024-qld-metro/,unit_price,unit_price,1,review
Coles,QLD METRO,"Coles Catalogue December 18 - 24, 2024 QLD METRO",2024-12-18,2024-12-25,20,Coles Decadent Triple Chocolate Trifle 1.3kg,25.0,,,,special,1.3kg,$1.92 per 100g,Coles Decadent Triple | Chocolate Trifle 1.3kg | $1.92 per 100g,92.59,True,offer_labels_missing;save_amount_missing;regular_price_missing;single_price_evidence,https://caau.syd1.cdn.digitaloceanspaces.com/wp-content/uploads/catalogue/coles/coles-catalogue-december-18-24-2024-qld-metro/20.jpg,https://www.catalogueau.com/coles/#catalogue=coles/coles-catalogue-december-18-24-2024-qld-metro/,displayed_price,displayed_price,1,review
Coles,QLD METRO,"Coles Catalogue December 18 - 24, 2024 QLD METRO",2024-12-18,2024-12-25,21,Coles Christmas Gingerbread Shapes 400g,5.4,6.0,0.6,10.0,save_amount,400g,$1.35 per 100g,WASS6 | WASS6 | Coles Christmas | Gingerbread Shapes | 400g $1.35 per 100g | $1.94,96.58,False,,https://caau.syd1.cdn.digitaloceanspaces.com/wp-content/uploads/catalogue/coles/coles-catalogue-december-18-24-2024-qld-metro/21.jpg,https://www.catalogueau.com/coles/#catalogue=coles/coles-catalogue-december-18-24-2024-qld-metro/,displayed_price,displayed_price;unit_price,2,verified
Coles,QLD METRO,"Coles Catalogue December 18 - 24, 2024 QLD METRO",2024-12-18,2024-12-25,21,Adalgisa Classic Panettone 900g,17.45,23.0,5.55,24.13,save_amount,900g,$1.94 per 100g,WAS$23 | WAS$23 | Adalgisa Classic | Panettone 900g | $1.94 per 100g | $1.94 | |,93.7,True,single_price_evidence,https://caau.syd1.cdn.digitaloceanspaces.com/wp-content/uploads/catalogue/coles/coles-catalogue-december-18-24-2024-qld-metro/21.jpg,https://www.catalogueau.com/coles/#catalogue=coles/coles-catalogue-december-18-24-2024-qld-metro/,unit_price,unit_price,1,review
Coles,QLD METRO,"Coles Catalogue December 18 - 24, 2024 QLD METRO",2024-12-18,2024-12-25,21,Pauls Custard 1kg,6.0,,,,special,1kg,$0.60 per 100g,Pauls Custard lkg | $0.60 per 100g,87.75,True,single_price_evidence,https://caau.syd1.cdn.digitaloceanspaces.com/wp-content/uploads/catalogue/coles/coles-catalogue-december-18-24-2024-qld-metro/21.jpg,https://www.catalogueau.com/coles/#catalogue=coles/coles-catalogue-december-18-24-2024-qld-metro/,unit_price,unit_price,1,review
Coles,QLD METRO,"Coles Catalogue December 18 - 24, 2024 QLD METRO",2024-12-18,2024-12-25,21,Coles Finest Jewelled Fruit Cake 800g,14.5,,,,special,800g,$1.81 per 100g,Coles Finest Jewelled Fruit | Cake 800g $1.81 per 100g. | *See page 37 for T&Cs | QLD-METRO-181 2-24-312176,94.77,False,,https://caau.syd1.cdn.digitaloceanspaces.com/wp-content/uploads/catalogue/coles/coles-catalogue-december-18-24-2024-qld-metro/21.jpg,https://www.catalogueau.com/coles/#catalogue=coles/coles-catalogue-december-18-24-2024-qld-metro/,displayed_price,displayed_price;unit_price,2,verified
Coles,QLD METRO,"Coles Catalogue December 18 - 24, 2024 QLD METRO",2024-12-18,2024-12-25,22,Coles Christmas Reindeer Bao Buns 240g,7.0,,,,special,240g,$2.92 per 100g,Coles Christmas Reindeer Bao | Buns 240g $2.92 per 100g | .,96.27,False,,https://caau.syd1.cdn.digitaloceanspaces.com/wp-content/uploads/catalogue/coles/coles-catalogue-december-18-24-2024-qld-metro/22.jpg,https://www.catalogueau.com/coles/#catalogue=coles/coles-catalogue-december-18-24-2024-qld-metro/,displayed_price,displayed_price;unit_price,2,verified
Coles,QLD METRO,"Coles Catalogue December 18 - 24, 2024 QLD METRO",2024-12-18,2024-12-25,22,Coles Finest Balsamic & Rosemary Porchetta 1kg,21.0,,,,special,1kg,$21.00 per kg,Coles Finest Balsamic | & Rosemary Porchetta 1kg | $21.00 per kg,94.67,False,,https://caau.syd1.cdn.digitaloceanspaces.com/wp-content/uploads/catalogue/coles/coles-catalogue-december-18-24-2024-qld-metro/22.jpg,https://www.catalogueau.com/coles/#catalogue=coles/coles-catalogue-december-18-24-2024-qld-metro/,displayed_price,displayed_price;unit_price,2,verified
Coles,QLD METRO,"Coles Catalogue December 18 - 24, 2024 QLD METRO",2024-12-18,2024-12-25,22,Coles Finest Salted Caramel & Chocolate Star Dessert 385g,20.0,,,,special,385g,$5.19 per 100g,Coles Finest Salted Caramel & | Chocolate Star Dessert 385g | $5.19 per 100g,95.88,False,,https://caau.syd1.cdn.digitaloceanspaces.com/wp-content/uploads/catalogue/coles/coles-catalogue-december-18-24-2024-qld-metro/22.jpg,https://www.catalogueau.com/coles/#catalogue=coles/coles-catalogue-december-18-24-2024-qld-metro/,displayed_price,displayed_price;unit_price,2,verified
Coles,QLD METRO,"Coles Catalogue December 18 - 24, 2024 QLD METRO",2024-12-18,2024-12-25,22,"Coles Christmas Fig, Parmesan & Cheddar Bites 200g",5.0,,,,special,200g,$2.50 per 100g,"Coles Christmas Fig, Parmesan | & Cheddar Bites 200g | $2.50 per 100g | QLD-METRO-181 2-24-312176",96.34,False,,https://caau.syd1.cdn.digitaloceanspaces.com/wp-content/uploads/catalogue/coles/coles-catalogue-december-18-24-2024-qld-metro/22.jpg,https://www.catalogueau.com/coles/#catalogue=coles/coles-catalogue-december-18-24-2024-qld-metro/,displayed_price,displayed_price;unit_price,2,verified
Coles,QLD METRO,"Coles Catalogue December 18 - 24, 2024 QLD METRO",2024-12-18,2024-12-25,22,"Coles Finest Lime, Berry & Coconut Layer Sorbet Tree 345g",20.0,,,,special,345g,$5.80 per 100g,"Coles Finest Lime, Berry & | Coconut Layer Sorbet Tree 345g | $5.80 per 100g",95.62,False,,https://caau.syd1.cdn.digitaloceanspaces.com/wp-content/uploads/catalogue/coles/coles-catalogue-december-18-24-2024-qld-metro/22.jpg,https://www.catalogueau.com/coles/#catalogue=coles/coles-catalogue-december-18-24-2024-qld-metro/,displayed_price,displayed_price;unit_price,2,verified
Coles,QLD METRO,"Coles Catalogue December 18 - 24, 2024 QLD METRO",2024-12-18,2024-12-25,23,Coles Finest Parisian Carrots in Parsley Butter 500g,6.0,,,,special,500g,$12.00 per kg,Coles Finest Parisian Carrots in | Parsley Butter 500g $12.00 per kg. | *See page 37 forT&Cs | = | —_ | =,96.38,False,,https://caau.syd1.cdn.digitaloceanspaces.com/wp-content/uploads/catalogue/coles/coles-catalogue-december-18-24-2024-qld-metro/23.jpg,https://www.catalogueau.com/coles/#catalogue=coles/coles-catalogue-december-18-24-2024-qld-metro/,displayed_price,displayed_price;unit_price,2,verified
Coles,QLD METRO,"Coles Catalogue December 18 - 24, 2024 QLD METRO",2024-12-18,2024-12-25,23,Coles Christmas Tree Pops Vanilla 4 Pack 360mL,6.0,,,,special,4 Pack; 360mL,$1.67 per 100mL,Coles Christmas Tree Pops Vanilla | 4 Pack 360mL $1.67 per 100mL | eis \,94.06,False,,https://caau.syd1.cdn.digitaloceanspaces.com/wp-content/uploads/catalogue/coles/coles-catalogue-december-18-24-2024-qld-metro/23.jpg,https://www.catalogueau.com/coles/#catalogue=coles/coles-catalogue-december-18-24-2024-qld-metro/,displayed_price,displayed_price;unit_price,2,verified
Coles,QLD METRO,"Coles Catalogue December 18 - 24, 2024 QLD METRO",2024-12-18,2024-12-25,23,"Coles Christmas Burnt Butter, Pecan & Caramel Swirl Ice Cream 1 Litre",7.5,,,,special,1 Litre,$0.75 per 100mL,"Coles Christmas Burnt Butter, | Pecan & Caramel Swirl Ice | Cream 1 Litre $0.75 per 100mL | yy",95.18,False,,https://caau.syd1.cdn.digitaloceanspaces.com/wp-content/uploads/catalogue/coles/coles-catalogue-december-18-24-2024-qld-metro/23.jpg,https://www.catalogueau.com/coles/#catalogue=coles/coles-catalogue-december-18-24-2024-qld-metro/,displayed_price,displayed_price;unit_price,2,verified
Coles,QLD METRO,"Coles Catalogue December 18 - 24, 2024 QLD METRO",2024-12-18,2024-12-25,23,Coles Festive Frozen Gnocchi 400g,5.0,,,,special,400g,$1.25 per 100g,Coles Festive Frozen Gnocchi | 400g $1.25 per 100g,96.42,False,,https://caau.syd1.cdn.digitaloceanspaces.com/wp-content/uploads/catalogue/coles/coles-catalogue-december-18-24-2024-qld-metro/23.jpg,https://www.catalogueau.com/coles/#catalogue=coles/coles-catalogue-december-18-24-2024-qld-metro/,displayed_price,displayed_price;unit_price,2,verified
Coles,QLD METRO,"Coles Catalogue December 18 - 24, 2024 QLD METRO",2024-12-18,2024-12-25,23,Coles Christmas Frozen Asian Style Salmon Side 700g,26.0,,,,special,700g,$37.14 per kg,Coles Christmas Frozen Asian Style | Salmon Side 700g | $37.14 per kg | QLD-METRO-181 2-24-312176,96.29,False,,https://caau.syd1.cdn.digitaloceanspaces.com/wp-content/uploads/catalogue/coles/coles-catalogue-december-18-24-2024-qld-metro/23.jpg,https://www.catalogueau.com/coles/#catalogue=coles/coles-catalogue-december-18-24-2024-qld-metro/,displayed_price,displayed_price;unit_price,2,verified
Coles,QLD METRO,"Coles Catalogue December 18 - 24, 2024 QLD METRO",2024-12-18,2024-12-25,23,Inghams Frozen Whole Turkey 3kg,24.0,,,,special,3kg,$8.00 per kg,Inghams Frozen Whole Turkey 3kg | $8.00 per kg,94.61,False,,https://caau.syd1.cdn.digitaloceanspaces.com/wp-content/uploads/catalogue/coles/coles-catalogue-december-18-24-2024-qld-metro/23.jpg,https://www.catalogueau.com/coles/#catalogue=coles/coles-catalogue-december-18-24-2024-qld-metro/,displayed_price,displayed_price;unit_price,2,verified
Coles,QLD METRO,"Coles Catalogue December 18 - 24, 2024 QLD METRO",2024-12-18,2024-12-25,24,"Nestlé Baking Chocolate Bits, Melts or Blocks 180g-290g",2.0,6.0,4.0,66.67,save_amount,180g; 290g,,"WASS6 | WASS6 | Nestlé Baking | Chocolate Bits, Melts or | Blocks 180g-290g | i | 24",79.0,True,low_name_confidence_strict;single_price_evidence,https://caau.syd1.cdn.digitaloceanspaces.com/wp-content/uploads/catalogue/coles/coles-catalogue-december-18-24-2024-qld-metro/24.jpg,https://www.catalogueau.com/coles/#catalogue=coles/coles-catalogue-december-18-24-2024-qld-metro/,displayed_price,displayed_price,1,review
Coles,QLD METRO,"Coles Catalogue December 18 - 24, 2024 QLD METRO",2024-12-18,2024-12-25,24,Green's Deluxe Baking Mix 380g-630g,4.0,5.5,1.5,27.27,save_amount,380g; 630g,,WASS$5.50 | WASS$5.50 | Green's Deluxe Baking | Mix 380g-630g | 2nd week on sale | € | 24,89.8,True,single_price_evidence,https://caau.syd1.cdn.digitaloceanspaces.com/wp-content/uploads/catalogue/coles/coles-catalogue-december-18-24-2024-qld-metro/24.jpg,https://www.catalogueau.com/coles/#catalogue=coles/coles-catalogue-december-18-24-2024-qld-metro/,displayed_price,displayed_price,1,review
Coles,QLD METRO,"Coles Catalogue December 18 - 24, 2024 QLD METRO",2024-12-18,2024-12-25,24,Sunbeam Australian Slivered Almonds 300g,8.5,12.0,3.5,29.17,save_amount,300g,$28.33 per kg,WASS$12 | WASS$12 | Sunbeam Australian | Slivered Almonds 300g | $28.33 per kg | poe | — a | -,94.68,True,single_price_evidence,https://caau.syd1.cdn.digitaloceanspaces.com/wp-content/uploads/catalogue/coles/coles-catalogue-december-18-24-2024-qld-metro/24.jpg,https://www.catalogueau.com/coles/#catalogue=coles/coles-catalogue-december-18-24-2024-qld-metro/,unit_price,unit_price,1,review
Coles,QLD METRO,"Coles Catalogue December 18 - 24, 2024 QLD METRO",2024-12-18,2024-12-25,24,Philadelphia Cream Cheese Block 250g,4.5,5.7,1.2,21.05,save_amount,250g,$18.00 per kg,WASS5.70 | WASS5.70 | Philadelphia Cream | Cheese Block 250g | $18.00 per kg. | 2nd week on sale,96.37,True,single_price_evidence,https://caau.syd1.cdn.digitaloceanspaces.com/wp-content/uploads/catalogue/coles/coles-catalogue-december-18-24-2024-qld-metro/24.jpg,https://www.catalogueau.com/coles/#catalogue=coles/coles-catalogue-december-18-24-2024-qld-metro/,unit_price,unit_price,1,review
Coles,QLD METRO,"Coles Catalogue December 18 - 24, 2024 QLD METRO",2024-12-18,2024-12-25,24,Berri Quelch Water Ice 24 Pack,5.3,780.0,774.7,99.32,save_amount,24 Pack,$0.32 per 100mL,WAS $780 | WAS $780 | Berri Quelch Water Ice | 24 Pack | cl | $0.32 per 100mL,79.0,True,low_name_confidence_strict;single_price_evidence,https://caau.syd1.cdn.digitaloceanspaces.com/wp-content/uploads/catalogue/coles/coles-catalogue-december-18-24-2024-qld-metro/24.jpg,https://www.catalogueau.com/coles/#catalogue=coles/coles-catalogue-december-18-24-2024-qld-metro/,displayed_price,displayed_price,1,review
Coles,QLD METRO,"Coles Catalogue December 18 - 24, 2024 QLD METRO",2024-12-18,2024-12-25,24,Angas Park Fruit Medley 375g,7.0,9.0,2.0,22.22,save_amount,375g,$18.67 per kg,WASS9 | WASS9 | Angas Park Fruit | Medley 375g | $18.67 per kg,96.21,False,,https://caau.syd1.cdn.digitaloceanspaces.com/wp-content/uploads/catalogue/coles/coles-catalogue-december-18-24-2024-qld-metro/24.jpg,https://www.catalogueau.com/coles/#catalogue=coles/coles-catalogue-december-18-24-2024-qld-metro/,displayed_price,displayed_price;unit_price,2,verified
Coles,QLD METRO,"Coles Catalogue December 18 - 24, 2024 QLD METRO",2024-12-18,2024-12-25,24,Multix Non-Stick Baking Paper 50 Metres,6.0,12.0,6.0,50.0,half_price,,,WASS12 | WASS12 | Multix Non-Stick Baking | Paper 50 Metres | $0.12 per metre | QLD-METRO-181 2-24-312176,95.77,True,single_price_evidence,https://caau.syd1.cdn.digitaloceanspaces.com/wp-content/uploads/catalogue/coles/coles-catalogue-december-18-24-2024-qld-metro/24.jpg,https://www.catalogueau.com/coles/#catalogue=coles/coles-catalogue-december-18-24-2024-qld-metro/,displayed_price,displayed_price,1,review
Coles,QLD METRO,"Coles Catalogue December 18 - 24, 2024 QLD METRO",2024-12-18,2024-12-25,24,Coles Sweetened Condensed Milk 397g,1.8,,,,special,397g,$0.45 per 100g,Coles Sweetened | Condensed Milk 397g | $0.45 per 100g | i | 2,96.04,False,,https://caau.syd1.cdn.digitaloceanspaces.com/wp-content/uploads/catalogue/coles/coles-catalogue-december-18-24-2024-qld-metro/24.jpg,https://www.catalogueau.com/coles/#catalogue=coles/coles-catalogue-december-18-24-2024-qld-metro/,displayed_price,displayed_price;unit_price,2,verified
Coles,QLD METRO,"Coles Catalogue December 18 - 24, 2024 QLD METRO",2024-12-18,2024-12-25,25,Coles Thawed Cooked Prawn Cutlets Selected stores only’,27.0,34.15,7.15,20.94,save_amount,,,"‘WAS $3415 | ‘WAS $3415 | Coles Thawed Cooked Prawn | Cutlets Selected stores only’ | $4,70 | 79°",96.05,True,single_price_evidence,https://caau.syd1.cdn.digitaloceanspaces.com/wp-content/uploads/catalogue/coles/coles-catalogue-december-18-24-2024-qld-metro/25.jpg,https://www.catalogueau.com/coles/#catalogue=coles/coles-catalogue-december-18-24-2024-qld-metro/,displayed_price,displayed_price,1,review
Coles,QLD METRO,"Coles Catalogue December 18 - 24, 2024 QLD METRO",2024-12-18,2024-12-25,25,Coles Australian MSC Thawed Raw Banana Prawn Meat,36.0,40.0,4.0,10.0,save_amount,,,WASS40;. | WASS40;. | Coles Australian MSC Thawed | Raw Banana Prawn Meat | Selected stores only* | a,96.07,True,single_price_evidence,https://caau.syd1.cdn.digitaloceanspaces.com/wp-content/uploads/catalogue/coles/coles-catalogue-december-18-24-2024-qld-metro/25.jpg,https://www.catalogueau.com/coles/#catalogue=coles/coles-catalogue-december-18-24-2024-qld-metro/,displayed_price,displayed_price,1,review
Coles,QLD METRO,"Coles Catalogue December 18 - 24, 2024 QLD METRO",2024-12-18,2024-12-25,25,Coles Thawed Prawn Plate 201,8.0,10.0,2.0,20.0,save_amount,,$40.00 per kg,WASS$10 | WASS$10 | Coles Thawed Prawn Plate 201 | $40.00 per kg. Selected stores only’. | On sale for 2 weeks | 79°,93.96,True,single_price_evidence,https://caau.syd1.cdn.digitaloceanspaces.com/wp-content/uploads/catalogue/coles/coles-catalogue-december-18-24-2024-qld-metro/25.jpg,https://www.catalogueau.com/coles/#catalogue=coles/coles-catalogue-december-18-24-2024-qld-metro/,displayed_price,displayed_price,1,review
Coles,QLD METRO,"Coles Catalogue December 18 - 24, 2024 QLD METRO",2024-12-18,2024-12-25,25,Primo Boneless Prosciutto Selected stores only’,47.0,54.0,7.0,12.96,save_amount,,,WAS $54ia) | WAS $54ia) | Primo Boneless Prosciutto | Selected stores only’. | On sale for 2 weeks,92.95,True,single_price_evidence,https://caau.syd1.cdn.digitaloceanspaces.com/wp-content/uploads/catalogue/coles/coles-catalogue-december-18-24-2024-qld-metro/25.jpg,https://www.catalogueau.com/coles/#catalogue=coles/coles-catalogue-december-18-24-2024-qld-metro/,displayed_price,displayed_price,1,review
Coles,QLD METRO,"Coles Catalogue December 18 - 24, 2024 QLD METRO",2024-12-18,2024-12-25,25,Primo Rindless Short Cut Bacon Selected stores only’,17.0,92.0,75.0,81.52,save_amount,,,WAS 92htg | WAS 92htg | Primo Rindless Short Cut Bacon | Selected stores only’. | 2nd week on sale | Pore | ro ik,94.44,True,single_price_evidence,https://caau.syd1.cdn.digitaloceanspaces.com/wp-content/uploads/catalogue/coles/coles-catalogue-december-18-24-2024-qld-metro/25.jpg,https://www.catalogueau.com/coles/#catalogue=coles/coles-catalogue-december-18-24-2024-qld-metro/,displayed_price,displayed_price,1,review
Coles,QLD METRO,"Coles Catalogue December 18 - 24, 2024 QLD METRO",2024-12-18,2024-12-25,25,Primo Cocktail Frankfurts Selected stores only*,7.9,9.0,1.1,12.22,save_amount,,,WAS$9'50in | WAS$9'50in | Primo Cocktail Frankfurts | Selected stores only* | 2nd week on sale | — | — | $280,93.56,True,single_price_evidence,https://caau.syd1.cdn.digitaloceanspaces.com/wp-content/uploads/catalogue/coles/coles-catalogue-december-18-24-2024-qld-metro/25.jpg,https://www.catalogueau.com/coles/#catalogue=coles/coles-catalogue-december-18-24-2024-qld-metro/,displayed_price,displayed_price,1,review
Coles,QLD METRO,"Coles Catalogue December 18 - 24, 2024 QLD METRO",2024-12-18,2024-12-25,25,Primo Signature Ham Off the Bone Selected stores only”,28.0,35.0,7.0,20.0,save_amount,,,WASS35ig | WASS35ig | Primo Signature Ham Off the Bone | Selected stores only” | 2nd week on sale | QUD-METRO-1812-24-312176,93.82,True,single_price_evidence,https://caau.syd1.cdn.digitaloceanspaces.com/wp-content/uploads/catalogue/coles/coles-catalogue-december-18-24-2024-qld-metro/25.jpg,https://www.catalogueau.com/coles/#catalogue=coles/coles-catalogue-december-18-24-2024-qld-metro/,displayed_price,displayed_price,1,review
Coles,QLD METRO,"Coles Catalogue December 18 - 24, 2024 QLD METRO",2024-12-18,2024-12-25,29,Cadbury Dairy Milk Gift Box 200g,6.0,12.0,6.0,50.0,half_price,200g,$3.00 per 100g,WASS12 | WASS12 | Cadbury Dairy Milk | Gift Box 200g | $3.00 per 100g | bier ma | TRACK. | ae,96.21,False,,https://caau.syd1.cdn.digitaloceanspaces.com/wp-content/uploads/catalogue/coles/coles-catalogue-december-18-24-2024-qld-metro/29.jpg,https://www.catalogueau.com/coles/#catalogue=coles/coles-catalogue-december-18-24-2024-qld-metro/,displayed_price,displayed_price;unit_price,2,verified
Coles,QLD METRO,"Coles Catalogue December 18 - 24, 2024 QLD METRO",2024-12-18,2024-12-25,29,Cadbury Favourites Ultimate Share 820g,16.0,32.0,16.0,50.0,half_price,820g,$1.95 per 100g,WAS$32 | WAS$32 | Cadbury Favourites | Ultimate Share 820g | $1.95 per 100g | pe EY | = —— | PSs,96.2,False,,https://caau.syd1.cdn.digitaloceanspaces.com/wp-content/uploads/catalogue/coles/coles-catalogue-december-18-24-2024-qld-metro/29.jpg,https://www.catalogueau.com/coles/#catalogue=coles/coles-catalogue-december-18-24-2024-qld-metro/,displayed_price,displayed_price;unit_price,2,verified
Coles,QLD METRO,"Coles Catalogue December 18 - 24, 2024 QLD METRO",2024-12-18,2024-12-25,29,Licensed Gift Pack —,12.0,,,,special,,,Licensed Gift Pack | — | = | oe) | 7,79.0,True,offer_labels_missing;save_amount_missing;regular_price_missing;low_name_confidence_strict;single_price_evidence,https://caau.syd1.cdn.digitaloceanspaces.com/wp-content/uploads/catalogue/coles/coles-catalogue-december-18-24-2024-qld-metro/29.jpg,https://www.catalogueau.com/coles/#catalogue=coles/coles-catalogue-december-18-24-2024-qld-metro/,displayed_price,displayed_price,1,review
Coles,QLD METRO,"Coles Catalogue December 18 - 24, 2024 QLD METRO",2024-12-18,2024-12-25,29,X-Shot Water Fast Fill Medium,19.0,,,,special,,,X-Shot Water Fast Fill | Medium | ai | —<—,95.94,True,offer_labels_missing;save_amount_missing;regular_price_missing;single_price_evidence,https://caau.syd1.cdn.digitaloceanspaces.com/wp-content/uploads/catalogue/coles/coles-catalogue-december-18-24-2024-qld-metro/29.jpg,https://www.catalogueau.com/coles/#catalogue=coles/coles-catalogue-december-18-24-2024-qld-metro/,displayed_price,displayed_price,1,review
Coles,QLD METRO,"Coles Catalogue December 18 - 24, 2024 QLD METRO",2024-12-18,2024-12-25,29,Inkredibles Bluey Christmas Magic Ink,6.0,,,,special,,,Inkredibles Bluey | Christmas Magic Ink | Pictures or Elf on the | Shelf Magic Ink,94.75,True,offer_labels_missing;save_amount_missing;regular_price_missing;single_price_evidence,https://caau.syd1.cdn.digitaloceanspaces.com/wp-content/uploads/catalogue/coles/coles-catalogue-december-18-24-2024-qld-metro/29.jpg,https://www.catalogueau.com/coles/#catalogue=coles/coles-catalogue-december-18-24-2024-qld-metro/,displayed_price,displayed_price,1,review
Coles,QLD METRO,"Coles Catalogue December 18 - 24, 2024 QLD METRO",2024-12-18,2024-12-25,29,Licensed Gaming Ceramic Breakfast Set,10.0,,,,special,,,Licensed Gaming | Ceramic Breakfast Set | or Squishmallows Tumbler | with Straw,96.45,True,offer_labels_missing;save_amount_missing;regular_price_missing;single_price_evidence,https://caau.syd1.cdn.digitaloceanspaces.com/wp-content/uploads/catalogue/coles/coles-catalogue-december-18-24-2024-qld-metro/29.jpg,https://www.catalogueau.com/coles/#catalogue=coles/coles-catalogue-december-18-24-2024-qld-metro/,displayed_price,displayed_price,1,review
Coles,QLD METRO,"Coles Catalogue December 18 - 24, 2024 QLD METRO",2024-12-18,2024-12-25,29,Squishmallows Money Bank or Licensed Gaming,15.0,,,,special,,,Squishmallows Money | Bank or Licensed Gaming | Mug & Sock Set | QLD-METRO-181 2-24-312176,95.01,True,offer_labels_missing;save_amount_missing;regular_price_missing;single_price_evidence,https://caau.syd1.cdn.digitaloceanspaces.com/wp-content/uploads/catalogue/coles/coles-catalogue-december-18-24-2024-qld-metro/29.jpg,https://www.catalogueau.com/coles/#catalogue=coles/coles-catalogue-december-18-24-2024-qld-metro/,displayed_price,displayed_price,1,review
Coles,QLD METRO,"Coles Catalogue December 18 - 24, 2024 QLD METRO",2024-12-18,2024-12-25,29,Slot Car Set,40.0,,,,special,,,Slot Car Set,96.21,True,offer_labels_missing;save_amount_missing;regular_price_missing;single_price_evidence,https://caau.syd1.cdn.digitaloceanspaces.com/wp-content/uploads/catalogue/coles/coles-catalogue-december-18-24-2024-qld-metro/29.jpg,https://www.catalogueau.com/coles/#catalogue=coles/coles-catalogue-december-18-24-2024-qld-metro/,displayed_price,displayed_price,1,review
Coles,QLD METRO,"Coles Catalogue December 18 - 24, 2024 QLD METRO",2024-12-18,2024-12-25,31,Coles Kitchen Potato Salad 800g,6.0,7.0,1.0,14.29,save_amount,800g,$7.50 per kg,WASS$7 | WASS$7 | Coles Kitchen Potato Salad 800g | $7.50 per kg | so] | a,96.09,False,,https://caau.syd1.cdn.digitaloceanspaces.com/wp-content/uploads/catalogue/coles/coles-catalogue-december-18-24-2024-qld-metro/31.jpg,https://www.catalogueau.com/coles/#catalogue=coles/coles-catalogue-december-18-24-2024-qld-metro/,displayed_price,displayed_price;unit_price,2,verified
Coles,QLD METRO,"Coles Catalogue December 18 - 24, 2024 QLD METRO",2024-12-18,2024-12-25,31,"Coles Dry Roasted, Natural or Smoked Almonds 400g Pack",7.0,9.0,2.0,22.22,save_amount,400g,$17.50 per kg,"WASS9 | WASS9 | Coles Dry Roasted, Natural or | Smoked Almonds 400g Pack | $17.50 per kg | a"" | mM",96.42,False,,https://caau.syd1.cdn.digitaloceanspaces.com/wp-content/uploads/catalogue/coles/coles-catalogue-december-18-24-2024-qld-metro/31.jpg,https://www.catalogueau.com/coles/#catalogue=coles/coles-catalogue-december-18-24-2024-qld-metro/,displayed_price,displayed_price;unit_price,2,verified
Coles,QLD METRO,"Coles Catalogue December 18 - 24, 2024 QLD METRO",2024-12-18,2024-12-25,31,Australian Yellow or White Peaches,3.9,,,,special,,,Australian Yellow or White Peaches,96.26,True,offer_labels_missing;save_amount_missing;regular_price_missing;single_price_evidence,https://caau.syd1.cdn.digitaloceanspaces.com/wp-content/uploads/catalogue/coles/coles-catalogue-december-18-24-2024-qld-metro/31.jpg,https://www.catalogueau.com/coles/#catalogue=coles/coles-catalogue-december-18-24-2024-qld-metro/,displayed_price,displayed_price,1,review
Coles,QLD METRO,"Coles Catalogue December 18 - 24, 2024 QLD METRO",2024-12-18,2024-12-25,31,Coles Australian Carisma Washed Potatoes 2kg Bag,5.0,,,,special,2kg,$2.50 per kg,"Coles Australian Carisma | Washed Potatoes 2kg Bag | $2.50 per kg | \""",95.65,False,,https://caau.syd1.cdn.digitaloceanspaces.com/wp-content/uploads/catalogue/coles/coles-catalogue-december-18-24-2024-qld-metro/31.jpg,https://www.catalogueau.com/coles/#catalogue=coles/coles-catalogue-december-18-24-2024-qld-metro/,displayed_price,displayed_price;unit_price,2,verified
Coles,QLD METRO,"Coles Catalogue December 18 - 24, 2024 QLD METRO",2024-12-18,2024-12-25,31,Queensland Loose Black Seedless Grapes,8.9,,,,special,,,Queensland Loose Black Seedless | Grapes | iA,94.99,True,offer_labels_missing;save_amount_missing;regular_price_missing;single_price_evidence,https://caau.syd1.cdn.digitaloceanspaces.com/wp-content/uploads/catalogue/coles/coles-catalogue-december-18-24-2024-qld-metro/31.jpg,https://www.catalogueau.com/coles/#catalogue=coles/coles-catalogue-december-18-24-2024-qld-metro/,displayed_price,displayed_price,1,review
Coles,QLD METRO,"Coles Catalogue December 18 - 24, 2024 QLD METRO",2024-12-18,2024-12-25,32,Coles Pastry Flan 160g,3.75,6.0,2.25,37.5,save_amount,160g,$2.34 per 100g,"WASS6, oO | WASS6, oO | Coles Pastry Flan 160g | $2.34 per 100g | VY",96.51,True,single_price_evidence,https://caau.syd1.cdn.digitaloceanspaces.com/wp-content/uploads/catalogue/coles/coles-catalogue-december-18-24-2024-qld-metro/32.jpg,https://www.catalogueau.com/coles/#catalogue=coles/coles-catalogue-december-18-24-2024-qld-metro/,unit_price,unit_price,1,review
Coles,QLD METRO,"Coles Catalogue December 18 - 24, 2024 QLD METRO",2024-12-18,2024-12-25,32,Coles Mini Vol Au Vents 80g,4.0,4.5,0.5,11.11,save_amount,80g,$5.00 per 100g,"WASS4.50, | WASS4.50, | Coles Mini Vol Au Vents 80g | $5.00 per 100g | 100g | =",96.44,False,,https://caau.syd1.cdn.digitaloceanspaces.com/wp-content/uploads/catalogue/coles/coles-catalogue-december-18-24-2024-qld-metro/32.jpg,https://www.catalogueau.com/coles/#catalogue=coles/coles-catalogue-december-18-24-2024-qld-metro/,displayed_price,displayed_price;unit_price,2,verified
Coles,QLD METRO,"Coles Catalogue December 18 - 24, 2024 QLD METRO",2024-12-18,2024-12-25,32,"Coles Bakery Stone Baked Turkish Loaf, Ciabatta Loaf or Sourdough",3.5,4.0,0.5,12.5,save_amount,,,"WASS4 | WASS4 | Coles Bakery Stone Baked Turkish | Loaf, Ciabatta Loaf or Sourdough | Baguette Selected stores only. | On sale for 2 weeks",95.46,True,single_price_evidence,https://caau.syd1.cdn.digitaloceanspaces.com/wp-content/uploads/catalogue/coles/coles-catalogue-december-18-24-2024-qld-metro/32.jpg,https://www.catalogueau.com/coles/#catalogue=coles/coles-catalogue-december-18-24-2024-qld-metro/,displayed_price,displayed_price,1,review
Coles,QLD METRO,"Coles Catalogue December 18 - 24, 2024 QLD METRO",2024-12-18,2024-12-25,32,Coles Bake at Home Dinner Rolls 6 Pack 220g-260g,2.6,,,,special,6 Pack; 220g; 260g,,Coles Bake at Home Dinner Rolls | 6 Pack 220g-260g,94.38,True,offer_labels_missing;save_amount_missing;regular_price_missing;single_price_evidence,https://caau.syd1.cdn.digitaloceanspaces.com/wp-content/uploads/catalogue/coles/coles-catalogue-december-18-24-2024-qld-metro/32.jpg,https://www.catalogueau.com/coles/#catalogue=coles/coles-catalogue-december-18-24-2024-qld-metro/,displayed_price,displayed_price,1,review
Coles,QLD METRO,"Coles Catalogue December 18 - 24, 2024 QLD METRO",2024-12-18,2024-12-25,32,Abbott's Bakery Bread 680g-800g,5.4,,,,special,680g; 800g,,Abbott's Bakery Bread | 680g-800g | ig,79.0,True,offer_labels_missing;save_amount_missing;regular_price_missing;low_name_confidence_strict;single_price_evidence,https://caau.syd1.cdn.digitaloceanspaces.com/wp-content/uploads/catalogue/coles/coles-catalogue-december-18-24-2024-qld-metro/32.jpg,https://www.catalogueau.com/coles/#catalogue=coles/coles-catalogue-december-18-24-2024-qld-metro/,displayed_price,displayed_price,1,review
Coles,QLD METRO,"Coles Catalogue December 18 - 24, 2024 QLD METRO",2024-12-18,2024-12-25,32,Coles Bakery French Stick or Baguette Selected stores only,1.9,,,,special,,,Coles Bakery French Stick or | Baguette Selected stores only,96.59,True,offer_labels_missing;save_amount_missing;regular_price_missing;single_price_evidence,https://caau.syd1.cdn.digitaloceanspaces.com/wp-content/uploads/catalogue/coles/coles-catalogue-december-18-24-2024-qld-metro/32.jpg,https://www.catalogueau.com/coles/#catalogue=coles/coles-catalogue-december-18-24-2024-qld-metro/,displayed_price,displayed_price,1,review
Coles,QLD METRO,"Coles Catalogue December 18 - 24, 2024 QLD METRO",2024-12-18,2024-12-25,32,Coles Bakery Jam Sponge Roll 400g,3.9,,,,special,400g,$0.98 per 100g,Coles Bakery Jam Sponge Roll | 400g $0.98 per 100g,96.59,False,,https://caau.syd1.cdn.digitaloceanspaces.com/wp-content/uploads/catalogue/coles/coles-catalogue-december-18-24-2024-qld-metro/32.jpg,https://www.catalogueau.com/coles/#catalogue=coles/coles-catalogue-december-18-24-2024-qld-metro/,displayed_price,displayed_price;unit_price,2,verified
Coles,QLD METRO,"Coles Catalogue December 18 - 24, 2024 QLD METRO",2024-12-18,2024-12-25,33,Coles Finest French Brandy Traditional Fruit Mince Pies 6 Pack 370g,8.5,,,,special,6 Pack; 370g,$2.30 per 100g,Coles Finest French Brandy | Traditional Fruit Mince Pies | 6 Pack 370g $2.30 per 100g,79.0,True,low_name_confidence_strict;single_price_evidence,https://caau.syd1.cdn.digitaloceanspaces.com/wp-content/uploads/catalogue/coles/coles-catalogue-december-18-24-2024-qld-metro/33.jpg,https://www.catalogueau.com/coles/#catalogue=coles/coles-catalogue-december-18-24-2024-qld-metro/,unit_price,unit_price,1,review
Coles,QLD METRO,"Coles Catalogue December 18 - 24, 2024 QLD METRO",2024-12-18,2024-12-25,35,Coles Australian Lamb Forequarter Chops,16.0,19.0,3.0,15.79,save_amount,,,‘WASS19:5 | ‘WASS19:5 | Coles Australian Lamb | Forequarter Chops | ——,94.81,True,single_price_evidence,https://caau.syd1.cdn.digitaloceanspaces.com/wp-content/uploads/catalogue/coles/coles-catalogue-december-18-24-2024-qld-metro/35.jpg,https://www.catalogueau.com/coles/#catalogue=coles/coles-catalogue-december-18-24-2024-qld-metro/,displayed_price,displayed_price,1,review
Coles,QLD METRO,"Coles Catalogue December 18 - 24, 2024 QLD METRO",2024-12-18,2024-12-25,35,Coles Classic Burgers 500g,7.5,8.5,1.0,11.76,save_amount,500g,$15.00 per kg,WASS8.50 | WASS8.50 | Coles Classic Burgers 500g | $15.00 per kg. 2nd week on sale | ray | a | — | 2 for,96.66,False,,https://caau.syd1.cdn.digitaloceanspaces.com/wp-content/uploads/catalogue/coles/coles-catalogue-december-18-24-2024-qld-metro/35.jpg,https://www.catalogueau.com/coles/#catalogue=coles/coles-catalogue-december-18-24-2024-qld-metro/,displayed_price,displayed_price;unit_price,2,verified
Coles,QLD METRO,"Coles Catalogue December 18 - 24, 2024 QLD METRO",2024-12-18,2024-12-25,35,Coles Australian Pork Loin Roast Boneless 2nd week,12.0,15.0,3.0,20.0,save_amount,,,WASS 15:5 | WASS 15:5 | Coles Australian Pork Loin Roast | Boneless 2nd week on sale | GZ | —,96.56,True,single_price_evidence,https://caau.syd1.cdn.digitaloceanspaces.com/wp-content/uploads/catalogue/coles/coles-catalogue-december-18-24-2024-qld-metro/35.jpg,https://www.catalogueau.com/coles/#catalogue=coles/coles-catalogue-december-18-24-2024-qld-metro/,displayed_price,displayed_price,1,review
Coles,QLD METRO,"Coles Catalogue December 18 - 24, 2024 QLD METRO",2024-12-18,2024-12-25,35,Coles Australian No Added Hormones Beef Sandwich Steak 400g,10.0,12.0,2.0,16.67,save_amount,400g,$25.00 per kg,WASS12 | WASS12 | Coles Australian No Added | Hormones Beef Sandwich Steak | 400g $25.00 per kg | Fe Eee | —,96.24,True,single_price_evidence,https://caau.syd1.cdn.digitaloceanspaces.com/wp-content/uploads/catalogue/coles/coles-catalogue-december-18-24-2024-qld-metro/35.jpg,https://www.catalogueau.com/coles/#catalogue=coles/coles-catalogue-december-18-24-2024-qld-metro/,unit_price,unit_price,1,review
Coles,QLD METRO,"Coles Catalogue December 18 - 24, 2024 QLD METRO",2024-12-18,2024-12-25,35,= QUD-METRO-1812-24-312176,22.0,28.0,6.0,21.43,save_amount,,,WASS28ig | WASS28ig | — | = | QUD-METRO-1812-24-312176,79.0,True,low_name_confidence_strict;single_price_evidence,https://caau.syd1.cdn.digitaloceanspaces.com/wp-content/uploads/catalogue/coles/coles-catalogue-december-18-24-2024-qld-metro/35.jpg,https://www.catalogueau.com/coles/#catalogue=coles/coles-catalogue-december-18-24-2024-qld-metro/,displayed_price,displayed_price,1,review
Coles,QLD METRO,"Coles Catalogue December 18 - 24, 2024 QLD METRO",2024-12-18,2024-12-25,35,Coles Simply Sausage Mince 500g,5.5,,,,special,500g,$11.00 per kg,Coles Simply Sausage Mince | 500g $11.00 per kg | <4(G(( | C | S/,96.46,True,offer_labels_missing;save_amount_missing;regular_price_missing;inferred_price_requires_review,https://caau.syd1.cdn.digitaloceanspaces.com/wp-content/uploads/catalogue/coles/coles-catalogue-december-18-24-2024-qld-metro/35.jpg,https://www.catalogueau.com/coles/#catalogue=coles/coles-catalogue-december-18-24-2024-qld-metro/,unit_price,grid_inference;unit_price,1,review
Coles,QLD METRO,"Coles Catalogue December 18 - 24, 2024 QLD METRO",2024-12-18,2024-12-25,35,Hormones Beef Quick Cook Scotch Fillet or Porterhouse Steak 170g-180g,15.0,,,,special,170g; 180g,,Hormones Beef Quick Cook | Scotch Fillet or Porterhouse Steak | 170g-180g,94.64,True,offer_labels_missing;save_amount_missing;regular_price_missing;inferred_price_requires_review,https://caau.syd1.cdn.digitaloceanspaces.com/wp-content/uploads/catalogue/coles/coles-catalogue-december-18-24-2024-qld-metro/35.jpg,https://www.catalogueau.com/coles/#catalogue=coles/coles-catalogue-december-18-24-2024-qld-metro/,displayed_price,displayed_price;grid_inference,1,review
Coles,QLD METRO,"Coles Catalogue December 18 - 24, 2024 QLD METRO",2024-12-18,2024-12-25,35,Coles RSPCA Approved Chicken Kebabs Honey & Soy 375g,7.0,,,,down_down,375g,$18.67 per kg,Coles RSPCA Approved | Chicken Kebabs Honey | & Soy 375g $18.67 per kg,96.17,False,,https://caau.syd1.cdn.digitaloceanspaces.com/wp-content/uploads/catalogue/coles/coles-catalogue-december-18-24-2024-qld-metro/35.jpg,https://www.catalogueau.com/coles/#catalogue=coles/coles-catalogue-december-18-24-2024-qld-metro/,displayed_price,displayed_price;unit_price,2,verified
Coles,QLD METRO,"Coles Catalogue December 18 - 24, 2024 QLD METRO",2024-12-18,2024-12-25,35,Coles Free Range RSPCA Approved Chicken Drumsticks,5.5,,,,down_down,,,Coles Free Range RSPCA | Approved Chicken Drumsticks | Large Pack,96.37,True,save_amount_missing;regular_price_missing;single_price_evidence,https://caau.syd1.cdn.digitaloceanspaces.com/wp-content/uploads/catalogue/coles/coles-catalogue-december-18-24-2024-qld-metro/35.jpg,https://www.catalogueau.com/coles/#catalogue=coles/coles-catalogue-december-18-24-2024-qld-metro/,displayed_price,displayed_price,1,review
Coles,QLD METRO,"Coles Catalogue December 18 - 24, 2024 QLD METRO",2024-12-18,2024-12-25,35,Coles Australian No Added Hormones Beef Stir Fry 500g,10.0,,,,down_down,500g,$20.00 per kg,Coles Australian No Added | Hormones Beef Stir Fry 500g | $20.00 per kg,95.96,False,,https://caau.syd1.cdn.digitaloceanspaces.com/wp-content/uploads/catalogue/coles/coles-catalogue-december-18-24-2024-qld-metro/35.jpg,https://www.catalogueau.com/coles/#catalogue=coles/coles-catalogue-december-18-24-2024-qld-metro/,displayed_price,displayed_price;unit_price,2,verified
Coles,QLD METRO,"Coles Catalogue December 18 - 24, 2024 QLD METRO",2024-12-18,2024-12-25,35,Coles Australian No Added Hormones Beef Quick Cook,15.0,,,,down_down,,,Coles Australian No Added | Hormones Beef Quick Cook | Scotch Fillet or Porterhouse Steak | 170g-180g,96.48,True,save_amount_missing;regular_price_missing;single_price_evidence,https://caau.syd1.cdn.digitaloceanspaces.com/wp-content/uploads/catalogue/coles/coles-catalogue-december-18-24-2024-qld-metro/35.jpg,https://www.catalogueau.com/coles/#catalogue=coles/coles-catalogue-december-18-24-2024-qld-metro/,displayed_price,displayed_price,1,review
Coles,QLD METRO,"Coles Catalogue December 18 - 24, 2024 QLD METRO",2024-12-18,2024-12-25,35,Coles Australian Lamb Loin Chops 2nd week,4.0,,,,down_down,,,me | Coles Australian Lamb Loin Chops | 2nd week on sale. Product sold uncooked,95.62,True,save_amount_missing;regular_price_missing;single_price_evidence,https://caau.syd1.cdn.digitaloceanspaces.com/wp-content/uploads/catalogue/coles/coles-catalogue-december-18-24-2024-qld-metro/35.jpg,https://www.catalogueau.com/coles/#catalogue=coles/coles-catalogue-december-18-24-2024-qld-metro/,displayed_price,displayed_price,1,review
Coles,QLD METRO,"Coles Catalogue December 18 - 24, 2024 QLD METRO",2024-12-18,2024-12-25,36,Bulla Creamy Classic 2 Litre,5.5,11.0,5.5,50.0,half_price,2 Litre,$0.28 per 100mL,SAVES5.50 | WASS11 | Bulla Creamy Classic 2 Litre | $0.28 per 100mL | —E | eS,96.57,True,single_price_evidence,https://caau.syd1.cdn.digitaloceanspaces.com/wp-content/uploads/catalogue/coles/coles-catalogue-december-18-24-2024-qld-metro/36.jpg,https://www.catalogueau.com/coles/#catalogue=coles/coles-catalogue-december-18-24-2024-qld-metro/,save_was_arithmetic,save_was_arithmetic,1,review
Coles,QLD METRO,"Coles Catalogue December 18 - 24, 2024 QLD METRO",2024-12-18,2024-12-25,36,Streets Magnum 4 Pack-6 Pack 360mL-428mL 2nd week,8.4,12.0,3.6,30.0,save_amount,4 Pack; 6 Pack; 360mL; 428mL,,SAVES3.60 | WASS12 | Streets Magnum 4 Pack-6 Pack | 360mL-428mL 2nd week on sale,94.43,True,single_price_evidence,https://caau.syd1.cdn.digitaloceanspaces.com/wp-content/uploads/catalogue/coles/coles-catalogue-december-18-24-2024-qld-metro/36.jpg,https://www.catalogueau.com/coles/#catalogue=coles/coles-catalogue-december-18-24-2024-qld-metro/,save_was_arithmetic,save_was_arithmetic,1,review
Coles,QLD METRO,"Coles Catalogue December 18 - 24, 2024 QLD METRO",2024-12-18,2024-12-25,36,Peters Frosty Fruits 6 Pack-8 Pack 420mL-600mL,6.0,9.0,3.0,33.33,save_amount,6 Pack; 8 Pack; 420mL; 600mL,,"SAVES3 | WASS9 | Peters Frosty Fruits 6 Pack-8 Pack | 420mL-600mL On sale for 2 weeks | Ki | emt | « | ay,",94.78,False,,https://caau.syd1.cdn.digitaloceanspaces.com/wp-content/uploads/catalogue/coles/coles-catalogue-december-18-24-2024-qld-metro/36.jpg,https://www.catalogueau.com/coles/#catalogue=coles/coles-catalogue-december-18-24-2024-qld-metro/,save_was_arithmetic,displayed_price;save_was_arithmetic,2,verified
Coles,QLD METRO,"Coles Catalogue December 18 - 24, 2024 QLD METRO",2024-12-18,2024-12-25,36,Peters Connoisseur 1 Litre,9.0,12.0,3.0,25.0,save_amount,1 Litre,$0.90 per 100mL,WASS12 | WASS12 | Peters Connoisseur 1 Litre | $0.90 per 100mL. 2nd week on sale. | *See page 37 forT&Cs,96.86,False,,https://caau.syd1.cdn.digitaloceanspaces.com/wp-content/uploads/catalogue/coles/coles-catalogue-december-18-24-2024-qld-metro/36.jpg,https://www.catalogueau.com/coles/#catalogue=coles/coles-catalogue-december-18-24-2024-qld-metro/,displayed_price,displayed_price;unit_price,2,verified
Coles,QLD METRO,"Coles Catalogue December 18 - 24, 2024 QLD METRO",2024-12-18,2024-12-25,36,Streets Gaytime 4 Pack 400mL,6.5,10.0,3.5,35.0,save_amount,4 Pack; 400mL,$1.63 per 100mL,SAVES3.50 | WAS$10 | Streets Gaytime 4 Pack 400mL | $1.63 per 100mL,92.12,False,,https://caau.syd1.cdn.digitaloceanspaces.com/wp-content/uploads/catalogue/coles/coles-catalogue-december-18-24-2024-qld-metro/36.jpg,https://www.catalogueau.com/coles/#catalogue=coles/coles-catalogue-december-18-24-2024-qld-metro/,save_was_arithmetic,displayed_price;save_was_arithmetic;unit_price,3,verified
Coles,QLD METRO,"Coles Catalogue December 18 - 24, 2024 QLD METRO",2024-12-18,2024-12-25,36,Ben & Jerry's Tub 427mL-465mL 2nd week,10.0,14.5,4.5,31.03,save_amount,427mL; 465mL,,"SAVE%4.50 | WASS14.50 | Ben & Jerry's Tub 427mL-465mL | 2nd week on sale | Catalogue on sale Wed 18th Dec until Tue 24th Dec 2024 or until Tue 31st Dec where indicated. Selected | specials commenced Wed 11th Dec. Promotional prices commence 7am Wednesday and may commence or extend | beyond the advertised date. Promotional products and prices are not available on DoorDash, UberEats or at Coles Express, | and may not be available at Coles online, Coles Local, Coles Brisbane CBD, Express Myer, weed City, Weed Heads, Banora",95.06,True,single_price_evidence,https://caau.syd1.cdn.digitaloceanspaces.com/wp-content/uploads/catalogue/coles/coles-catalogue-december-18-24-2024-qld-metro/36.jpg,https://www.catalogueau.com/coles/#catalogue=coles/coles-catalogue-december-18-24-2024-qld-metro/,save_was_arithmetic,save_was_arithmetic,1,review
Coles,QLD METRO,"Coles Catalogue December 18 - 24, 2024 QLD METRO",2024-12-18,2024-12-25,36,Sara Lee Ice Cream 1 Litre,8.5,,,,special,1 Litre,$0.85 per 100mL,Sara Lee Ice Cream 1 Litre | $0.85 per 100mL,95.57,False,,https://caau.syd1.cdn.digitaloceanspaces.com/wp-content/uploads/catalogue/coles/coles-catalogue-december-18-24-2024-qld-metro/36.jpg,https://www.catalogueau.com/coles/#catalogue=coles/coles-catalogue-december-18-24-2024-qld-metro/,displayed_price,displayed_price;unit_price,2,verified
Coles,QLD METRO,"Coles Catalogue December 18 - 24, 2024 QLD METRO",2024-12-18,2024-12-25,36,Peters Drumstick 4 Pack-6 Pack 475mL-490mL Excludes Plant Based,6.5,9.5,3.0,31.58,save_amount,4 Pack; 6 Pack; 475mL; 490mL,,Peters Drumstick 4 Pack-6 Pack | 475mL-490mL Excludes Plant Based | ae,93.19,True,offer_labels_missing;product_name_suspicious;single_price_evidence,https://caau.syd1.cdn.digitaloceanspaces.com/wp-content/uploads/catalogue/coles/coles-catalogue-december-18-24-2024-qld-metro/36.jpg,https://www.catalogueau.com/coles/#catalogue=coles/coles-catalogue-december-18-24-2024-qld-metro/,displayed_price,displayed_price,1,review
Coles,QLD METRO,"Coles Catalogue December 18 - 24, 2024 QLD METRO",2024-12-18,2024-12-25,37,Remedy Kombucha 750mL,5.25,750.0,744.75,99.3,save_amount,750mL,$7.00 per litre,SAVES2.25 | ‘WAS$750 | Remedy Kombucha 750mL | $7.00 per litre. On sale for 2 weeks | fp | SS | Lae | Se,92.75,True,single_price_evidence,https://caau.syd1.cdn.digitaloceanspaces.com/wp-content/uploads/catalogue/coles/coles-catalogue-december-18-24-2024-qld-metro/37.jpg,https://www.catalogueau.com/coles/#catalogue=coles/coles-catalogue-december-18-24-2024-qld-metro/,unit_price,unit_price,1,review
Coles,QLD METRO,"Coles Catalogue December 18 - 24, 2024 QLD METRO",2024-12-18,2024-12-25,37,Cheer Cheese Slices 500g,10.0,11.0,1.0,9.09,save_amount,500g,$20.00 per kg,SAVE*1 | WASSII | Cheer Cheese Slices 500g | $20.00 per kg | =,96.33,False,,https://caau.syd1.cdn.digitaloceanspaces.com/wp-content/uploads/catalogue/coles/coles-catalogue-december-18-24-2024-qld-metro/37.jpg,https://www.catalogueau.com/coles/#catalogue=coles/coles-catalogue-december-18-24-2024-qld-metro/,displayed_price,displayed_price;unit_price,2,verified
Coles,QLD METRO,"Coles Catalogue December 18 - 24, 2024 QLD METRO",2024-12-18,2024-12-25,37,Jin Jindi Triple Cream Brie 180g,5.9,8.5,2.6,30.59,save_amount,180g,$32.78 per kg,WAS$8.50. | WAS$8.50. | Jin | Jindi Triple Cream Brie 180g | $32.78 per kg | =,79.0,True,low_name_confidence_strict;single_price_evidence,https://caau.syd1.cdn.digitaloceanspaces.com/wp-content/uploads/catalogue/coles/coles-catalogue-december-18-24-2024-qld-metro/37.jpg,https://www.catalogueau.com/coles/#catalogue=coles/coles-catalogue-december-18-24-2024-qld-metro/,unit_price,unit_price,1,review
Coles,QLD METRO,"Coles Catalogue December 18 - 24, 2024 QLD METRO",2024-12-18,2024-12-25,37,Coles Finest Australian Triple Cream Brie 200g,4.95,5.5,0.55,10.0,save_amount,200g,$24.75 per kg,WAS$5.50 | WAS$5.50 | Coles Finest Australian Triple | Cream Brie 200g $24.75 per kg | i. a | | —_,96.22,True,single_price_evidence,https://caau.syd1.cdn.digitaloceanspaces.com/wp-content/uploads/catalogue/coles/coles-catalogue-december-18-24-2024-qld-metro/37.jpg,https://www.catalogueau.com/coles/#catalogue=coles/coles-catalogue-december-18-24-2024-qld-metro/,unit_price,unit_price,1,review
Coles,QLD METRO,"Coles Catalogue December 18 - 24, 2024 QLD METRO",2024-12-18,2024-12-25,37,Chobani Greek Yogurt 907g,6.3,790.0,783.7,99.2,save_amount,907g,$0.69 per 100g,"Chobani Greek Yogurt 907g | $0.69 per 100g | Spend $20 in one transaction, scan your Flybuys and receive one Bonus Kitchen Knife credit | when you also purchase a selected product from a participating brand or product range. Limit | of one Bonus Kitchen Knife credit applies per brand, per transaction. $20 spend excludes",94.86,False,,https://caau.syd1.cdn.digitaloceanspaces.com/wp-content/uploads/catalogue/coles/coles-catalogue-december-18-24-2024-qld-metro/37.jpg,https://www.catalogueau.com/coles/#catalogue=coles/coles-catalogue-december-18-24-2024-qld-metro/,displayed_price,displayed_price;unit_price,2,verified
Coles,QLD METRO,"Coles Catalogue December 18 - 24, 2024 QLD METRO",2024-12-18,2024-12-25,37,Dare Flavoured Milk 750mL,4.2,5.25,1.05,20.0,save_amount,750mL,$5.60 per litre,SAVES1.05 | ‘WASS5.25 | Dare Flavoured Milk 750mL | $5.60 per litre | SMEG | Collect,94.32,False,,https://caau.syd1.cdn.digitaloceanspaces.com/wp-content/uploads/catalogue/coles/coles-catalogue-december-18-24-2024-qld-metro/37.jpg,https://www.catalogueau.com/coles/#catalogue=coles/coles-catalogue-december-18-24-2024-qld-metro/,save_was_arithmetic,save_was_arithmetic;unit_price,2,verified
Coles,QLD METRO,"Coles Catalogue December 18 - 24, 2024 QLD METRO",2024-12-18,2024-12-25,37,Coles Thickened Cream 600mL,4.5,,,,special,600mL,$0.75 per 100mL,Coles Thickened Cream 600mL | $0.75 per 100mL,92.3,True,offer_labels_missing;save_amount_missing;regular_price_missing;inferred_price_requires_review,https://caau.syd1.cdn.digitaloceanspaces.com/wp-content/uploads/catalogue/coles/coles-catalogue-december-18-24-2024-qld-metro/37.jpg,https://www.catalogueau.com/coles/#catalogue=coles/coles-catalogue-december-18-24-2024-qld-metro/,unit_price,grid_inference;unit_price,1,review
Coles,QLD METRO,"Coles Catalogue December 18 - 24, 2024 QLD METRO",2024-12-18,2024-12-25,37,OWN DOWN Western Star Butter 250g,4.5,,,,special,250g,$1.80 per 100g,OWN DOWN | Western Star Butter 250g | $1.80 per 100g,79.0,True,low_name_confidence_strict;single_price_evidence,https://caau.syd1.cdn.digitaloceanspaces.com/wp-content/uploads/catalogue/coles/coles-catalogue-december-18-24-2024-qld-metro/37.jpg,https://www.catalogueau.com/coles/#catalogue=coles/coles-catalogue-december-18-24-2024-qld-metro/,unit_price,unit_price,1,review
Coles,QLD METRO,"Coles Catalogue December 18 - 24, 2024 QLD METRO",2024-12-18,2024-12-25,38,John West Yellowfin Tuna 90g,1.45,2.9,1.45,50.0,half_price,90g,$16.11 per kg,SAVES1.45 | ‘WAS§2.90 | John West Yellowfin Tuna 90g | $16.11 per kg. | 2nd week on sale,96.29,False,,https://caau.syd1.cdn.digitaloceanspaces.com/wp-content/uploads/catalogue/coles/coles-catalogue-december-18-24-2024-qld-metro/38.jpg,https://www.catalogueau.com/coles/#catalogue=coles/coles-catalogue-december-18-24-2024-qld-metro/,save_was_arithmetic,displayed_price;save_was_arithmetic;unit_price,3,verified
Coles,QLD METRO,"Coles Catalogue December 18 - 24, 2024 QLD METRO",2024-12-18,2024-12-25,38,Aunt Betty's Puddings 2 Pack 190g-220g 2nd week,2.45,4.9,2.45,50.0,half_price,2 Pack; 190g; 220g,,SAVES2.45 | WASS4.90 | Aunt Betty's Puddings 2 Pack | 190g-220g 2nd week on sale,95.19,False,,https://caau.syd1.cdn.digitaloceanspaces.com/wp-content/uploads/catalogue/coles/coles-catalogue-december-18-24-2024-qld-metro/38.jpg,https://www.catalogueau.com/coles/#catalogue=coles/coles-catalogue-december-18-24-2024-qld-metro/,save_was_arithmetic,displayed_price;save_was_arithmetic,2,verified
Coles,QLD METRO,"Coles Catalogue December 18 - 24, 2024 QLD METRO",2024-12-18,2024-12-25,38,White Wings Baking Mix 365g-475,3.0,6.0,3.0,50.0,half_price,365g,,SAVES3 | WASS6 | White Wings Baking Mix | 365g-475 | On sale for 2 weeks,79.0,True,low_name_confidence_strict,https://caau.syd1.cdn.digitaloceanspaces.com/wp-content/uploads/catalogue/coles/coles-catalogue-december-18-24-2024-qld-metro/38.jpg,https://www.catalogueau.com/coles/#catalogue=coles/coles-catalogue-december-18-24-2024-qld-metro/,save_was_arithmetic,displayed_price;save_was_arithmetic,2,review
Coles,QLD METRO,"Coles Catalogue December 18 - 24, 2024 QLD METRO",2024-12-18,2024-12-25,38,Gold Sunset Canola or Vegetable Oil 4 Litre,15.0,30.0,15.0,50.0,half_price,4 Litre,$0.38 per 100mL,SAVE%15 | WASS30 | Gold Sunset Canola or | Vegetable Oil 4 Litre | $0.38 per 100mL. | 2nd week on sale,96.38,False,,https://caau.syd1.cdn.digitaloceanspaces.com/wp-content/uploads/catalogue/coles/coles-catalogue-december-18-24-2024-qld-metro/38.jpg,https://www.catalogueau.com/coles/#catalogue=coles/coles-catalogue-december-18-24-2024-qld-metro/,save_was_arithmetic,displayed_price;save_was_arithmetic,2,verified
Coles,QLD METRO,"Coles Catalogue December 18 - 24, 2024 QLD METRO",2024-12-18,2024-12-25,38,Plumrose Canned Leg Ham 450g,7.0,14.0,7.0,50.0,half_price,450g,$15.56 per kg,SAVE‘7 | WASS14 | Plumrose Canned Leg | Ham 450g $15.56 per kg,94.29,False,,https://caau.syd1.cdn.digitaloceanspaces.com/wp-content/uploads/catalogue/coles/coles-catalogue-december-18-24-2024-qld-metro/38.jpg,https://www.catalogueau.com/coles/#catalogue=coles/coles-catalogue-december-18-24-2024-qld-metro/,save_was_arithmetic,displayed_price;save_was_arithmetic;unit_price,3,verified
Coles,QLD METRO,"Coles Catalogue December 18 - 24, 2024 QLD METRO",2024-12-18,2024-12-25,38,Sunrice Medium Grain Rice 5kg,9.5,19.0,9.5,50.0,half_price,5kg,$0.19 per 100g,SAVE9.50 | WASS19 | Sunrice Medium Grain Rice | 5kg $0.19 per 100g. | 2nd week on sale,94.7,False,,https://caau.syd1.cdn.digitaloceanspaces.com/wp-content/uploads/catalogue/coles/coles-catalogue-december-18-24-2024-qld-metro/38.jpg,https://www.catalogueau.com/coles/#catalogue=coles/coles-catalogue-december-18-24-2024-qld-metro/,save_was_arithmetic,displayed_price;save_was_arithmetic,2,verified
Coles,QLD METRO,"Coles Catalogue December 18 - 24, 2024 QLD METRO",2024-12-18,2024-12-25,38,Devondale Instant Milk Powder 1kg,14.5,16.5,2.0,12.12,save_amount,1kg,$1.45 per 100g,WAS $16.50 | WAS $16.50 | SEP 2024 | Devondale Instant Milk | Powder 1k | ‘g | $1.45 | $1.45 per 100g,79.0,True,low_name_confidence_strict,https://caau.syd1.cdn.digitaloceanspaces.com/wp-content/uploads/catalogue/coles/coles-catalogue-december-18-24-2024-qld-metro/38.jpg,https://www.catalogueau.com/coles/#catalogue=coles/coles-catalogue-december-18-24-2024-qld-metro/,displayed_price,displayed_price;unit_price,2,review
Coles,QLD METRO,"Coles Catalogue December 18 - 24, 2024 QLD METRO",2024-12-18,2024-12-25,38,MasterFoods Squeeze Tomato or Barbecue Sauce 475mL-500mL,1.9,3.8,1.9,50.0,half_price,475mL; 500mL,,WAS$3.80 | WAS$3.80 | MasterFoods Squeeze | Tomato or Barbecue | Sauce 475mL-500mL | $1.45 | *See page 37 forT&Cs | 38,93.86,True,inferred_price_requires_review,https://caau.syd1.cdn.digitaloceanspaces.com/wp-content/uploads/catalogue/coles/coles-catalogue-december-18-24-2024-qld-metro/38.jpg,https://www.catalogueau.com/coles/#catalogue=coles/coles-catalogue-december-18-24-2024-qld-metro/,page_discount_inference,page_discount,0,review
Coles,QLD METRO,"Coles Catalogue December 18 - 24, 2024 QLD METRO",2024-12-18,2024-12-25,38,Kewpie Mayonnaise 300g,4.3,5.5,1.2,21.82,save_amount,300g,$1.43 per 100g,SAVE51.20 | WASS$5.50. | Kewpie Mayonnaise | 300g $1.43 per 100g | 2nd week on sale | 38,95.65,True,single_price_evidence,https://caau.syd1.cdn.digitaloceanspaces.com/wp-content/uploads/catalogue/coles/coles-catalogue-december-18-24-2024-qld-metro/38.jpg,https://www.catalogueau.com/coles/#catalogue=coles/coles-catalogue-december-18-24-2024-qld-metro/,unit_price,unit_price,1,review
Coles,QLD METRO,"Coles Catalogue December 18 - 24, 2024 QLD METRO",2024-12-18,2024-12-25,38,Carmelina Beans 400g,1.5,1.9,0.4,21.05,save_amount,400g,$3.75 per kg,WASS1.90 | WASS1.90 | Carmelina Beans 400g | $3.75 per kg. | 2nd week on sale | QLD-METRO-181 2-24-312176,93.78,False,,https://caau.syd1.cdn.digitaloceanspaces.com/wp-content/uploads/catalogue/coles/coles-catalogue-december-18-24-2024-qld-metro/38.jpg,https://www.catalogueau.com/coles/#catalogue=coles/coles-catalogue-december-18-24-2024-qld-metro/,displayed_price,displayed_price;unit_price,2,verified
Coles,QLD METRO,"Coles Catalogue December 18 - 24, 2024 QLD METRO",2024-12-18,2024-12-25,39,Smith's Crinkle Cut or Double Crunch Potato Chips 150g-170g 2nd week,2.85,4.8,1.95,40.62,save_amount,150g; 170g,,WASS4.80 | WASS4.80 | Smith's Crinkle Cut or Double Crunch Potato Chips | 150g-170g 2nd week on sale | = | iD | Cadi,95.11,True,single_price_evidence,https://caau.syd1.cdn.digitaloceanspaces.com/wp-content/uploads/catalogue/coles/coles-catalogue-december-18-24-2024-qld-metro/39.jpg,https://www.catalogueau.com/coles/#catalogue=coles/coles-catalogue-december-18-24-2024-qld-metro/,displayed_price,displayed_price,1,review
Coles,QLD METRO,"Coles Catalogue December 18 - 24, 2024 QLD METRO",2024-12-18,2024-12-25,39,Red Rock Deli Potato Chips 150g-165g 2nd week,3.75,6.3,2.55,40.48,save_amount,150g; 165g,,WAS $6.30 | WAS $6.30 | Red Rock Deli Potato Chips 150g-165g | 2nd week on sale | 97 | woo,95.31,True,single_price_evidence,https://caau.syd1.cdn.digitaloceanspaces.com/wp-content/uploads/catalogue/coles/coles-catalogue-december-18-24-2024-qld-metro/39.jpg,https://www.catalogueau.com/coles/#catalogue=coles/coles-catalogue-december-18-24-2024-qld-metro/,displayed_price,displayed_price,1,review
Coles,QLD METRO,"Coles Catalogue December 18 - 24, 2024 QLD METRO",2024-12-18,2024-12-25,39,ea,4.0,,,,special,,,WAS | WAS | ey | oe) | a | 60 | *23° | ea,95.24,True,product_name_uncertain;save_amount_missing;regular_price_missing;single_price_evidence,https://caau.syd1.cdn.digitaloceanspaces.com/wp-content/uploads/catalogue/coles/coles-catalogue-december-18-24-2024-qld-metro/39.jpg,https://www.catalogueau.com/coles/#catalogue=coles/coles-catalogue-december-18-24-2024-qld-metro/,displayed_price,displayed_price,1,review
Coles,QLD METRO,"Coles Catalogue December 18 - 24, 2024 QLD METRO",2024-12-18,2024-12-25,39,V Energy Drink 4x250mL,6.6,11.0,4.4,40.0,save_amount,4x250mL,$6.60 per litre,WASS11 | WASS11 | V Energy Drink 4x250mL | $6.60 per litre. 2nd week on sale,93.49,False,,https://caau.syd1.cdn.digitaloceanspaces.com/wp-content/uploads/catalogue/coles/coles-catalogue-december-18-24-2024-qld-metro/39.jpg,https://www.catalogueau.com/coles/#catalogue=coles/coles-catalogue-december-18-24-2024-qld-metro/,displayed_price,displayed_price;unit_price,2,verified
Coles,QLD METRO,"Coles Catalogue December 18 - 24, 2024 QLD METRO",2024-12-18,2024-12-25,39,Cadbury Dairy Milk Block Chocolate 150g-190g,4.28,7.0,2.72,38.86,save_amount,150g; 190g,,WASS7 | WASS7 | Cadbury Dairy Milk Block | Chocolate 150g-190g | 2nd week on sale,94.3,True,single_price_evidence,https://caau.syd1.cdn.digitaloceanspaces.com/wp-content/uploads/catalogue/coles/coles-catalogue-december-18-24-2024-qld-metro/39.jpg,https://www.catalogueau.com/coles/#catalogue=coles/coles-catalogue-december-18-24-2024-qld-metro/,displayed_price,displayed_price,1,review
Coles,QLD METRO,"Coles Catalogue December 18 - 24, 2024 QLD METRO",2024-12-18,2024-12-25,39,Coca-Cola Soft Drink 24x375mL,23.15,38.5,15.35,39.87,save_amount,24x375mL,$2.57 per litre,WAS$38.50 | WAS$38.50 | Coca-Cola Soft Drink 24x375mL | $2.57 per litre. | *See page 37 forT&Cs,94.01,True,single_price_evidence,https://caau.syd1.cdn.digitaloceanspaces.com/wp-content/uploads/catalogue/coles/coles-catalogue-december-18-24-2024-qld-metro/39.jpg,https://www.catalogueau.com/coles/#catalogue=coles/coles-catalogue-december-18-24-2024-qld-metro/,unit_price,unit_price,1,review
Coles,QLD METRO,"Coles Catalogue December 18 - 24, 2024 QLD METRO",2024-12-18,2024-12-25,39,The Natural Confectionery Co. 130g-230g or Sour Patch 190g,3.5,5.0,1.5,30.0,save_amount,130g; 230g; 190g,,WASS5 | WASS5 | The Natural | Confectionery Co. | 130g-230g or Sour | Patch 190g | 2nd week on sale,95.68,True,single_price_evidence,https://caau.syd1.cdn.digitaloceanspaces.com/wp-content/uploads/catalogue/coles/coles-catalogue-december-18-24-2024-qld-metro/39.jpg,https://www.catalogueau.com/coles/#catalogue=coles/coles-catalogue-december-18-24-2024-qld-metro/,displayed_price,displayed_price,1,review
Coles,QLD METRO,"Coles Catalogue December 18 - 24, 2024 QLD METRO",2024-12-18,2024-12-25,39,Arnott's Shapes or Jatz Crackers 130g-225g,2.3,4.0,1.7,42.5,save_amount,130g; 225g,,Arnott's Shapes or Jatz | Crackers 130g-225g | 2nd week on sale | QLD-METRO-181 2-24-312176,92.45,True,offer_labels_missing;single_price_evidence,https://caau.syd1.cdn.digitaloceanspaces.com/wp-content/uploads/catalogue/coles/coles-catalogue-december-18-24-2024-qld-metro/39.jpg,https://www.catalogueau.com/coles/#catalogue=coles/coles-catalogue-december-18-24-2024-qld-metro/,unknown,,0,review
Coles,QLD METRO,"Coles Catalogue December 18 - 24, 2024 QLD METRO",2024-12-18,2024-12-25,39,Olina's Artisan Crackers 90g,3.0,4.5,1.5,33.33,save_amount,90g,,WASS4.50 | WASS4.50 | Olina's Artisan Crackers | 90g- | -100 | 2nd week on sale,79.0,True,low_name_confidence_strict;single_price_evidence,https://caau.syd1.cdn.digitaloceanspaces.com/wp-content/uploads/catalogue/coles/coles-catalogue-december-18-24-2024-qld-metro/39.jpg,https://www.catalogueau.com/coles/#catalogue=coles/coles-catalogue-december-18-24-2024-qld-metro/,displayed_price,displayed_price,1,review
Coles,QLD METRO,"Coles Catalogue December 18 - 24, 2024 QLD METRO",2024-12-18,2024-12-25,39,Arnott's Cream Biscuits 200g-250g,3.0,4.0,1.0,25.0,save_amount,200g; 250g,,WASS4 | WASS4 | Arnott's Cream Biscuits | 200g-250g | 20) | -250 | 2nd week on sale,79.0,True,low_name_confidence_strict;single_price_evidence,https://caau.syd1.cdn.digitaloceanspaces.com/wp-content/uploads/catalogue/coles/coles-catalogue-december-18-24-2024-qld-metro/39.jpg,https://www.catalogueau.com/coles/#catalogue=coles/coles-catalogue-december-18-24-2024-qld-metro/,displayed_price,displayed_price,1,review
Coles,QLD METRO,"Coles Catalogue December 18 - 24, 2024 QLD METRO",2024-12-18,2024-12-25,41,Libra Ultra Thin Regular Pads with Wings 14 Pack or Girl Goodnight Pads with Wings 10 Pack,3.5,,,,special,14 Pack; 10 Pack,,Libra Ultra Thin Regular Pads with | Wings 14 Pack or Girl Goodnight | Pads with Wings 10 Pack | 2nd week on sale,96.66,True,offer_labels_missing;save_amount_missing;regular_price_missing;single_price_evidence,https://caau.syd1.cdn.digitaloceanspaces.com/wp-content/uploads/catalogue/coles/coles-catalogue-december-18-24-2024-qld-metro/41.jpg,https://www.catalogueau.com/coles/#catalogue=coles/coles-catalogue-december-18-24-2024-qld-metro/,displayed_price,displayed_price,1,review
Coles,QLD METRO,"Coles Catalogue December 18 - 24, 2024 QLD METRO",2024-12-18,2024-12-25,41,Huggies Ultra Dry Bulk Nappies 30 Pack-54 Pack 2nd week,17.0,,,,special,30 Pack; 54 Pack,,Huggies Ultra Dry Bulk Nappies | 30 Pack-54 Pack 2nd week on sale,95.63,True,offer_labels_missing;save_amount_missing;regular_price_missing;single_price_evidence,https://caau.syd1.cdn.digitaloceanspaces.com/wp-content/uploads/catalogue/coles/coles-catalogue-december-18-24-2024-qld-metro/41.jpg,https://www.catalogueau.com/coles/#catalogue=coles/coles-catalogue-december-18-24-2024-qld-metro/,displayed_price,displayed_price,1,review
Coles,QLD METRO,"Coles Catalogue December 18 - 24, 2024 QLD METRO",2024-12-18,2024-12-25,41,Huggies Baby Wipes 216 Pack-240 Pack,10.7,,,,special,216 Pack; 240 Pack,,Huggies Baby Wipes | 216 Pack-240 Pack | 2nd week on sale | =P,94.8,True,offer_labels_missing;save_amount_missing;regular_price_missing;single_price_evidence,https://caau.syd1.cdn.digitaloceanspaces.com/wp-content/uploads/catalogue/coles/coles-catalogue-december-18-24-2024-qld-metro/41.jpg,https://www.catalogueau.com/coles/#catalogue=coles/coles-catalogue-december-18-24-2024-qld-metro/,displayed_price,displayed_price,1,review
Coles,QLD METRO,"Coles Catalogue December 18 - 24, 2024 QLD METRO",2024-12-18,2024-12-25,41,Kiddylicious Veggie Straws or Raspberry Crispy Tiddlers 12g,1.5,,,,special,12g,$12.50 per 100g,Kiddylicious Veggie Straws or | Raspberry Crispy Tiddlers 12g | $12.50 per 100g. 2nd week on sale | Sa,93.13,False,,https://caau.syd1.cdn.digitaloceanspaces.com/wp-content/uploads/catalogue/coles/coles-catalogue-december-18-24-2024-qld-metro/41.jpg,https://www.catalogueau.com/coles/#catalogue=coles/coles-catalogue-december-18-24-2024-qld-metro/,displayed_price,displayed_price;unit_price,2,verified
Coles,QLD METRO,"Coles Catalogue December 18 - 24, 2024 QLD METRO",2024-12-18,2024-12-25,41,BabyLove Sleepy Night Pants 8 Pack or 9 Pack,11.0,,,,special,8 Pack; 9 Pack,,BabyLove Sleepy Night Pants | 8 Pack or 9 Pack | 2nd week on sale,95.2,True,offer_labels_missing;save_amount_missing;regular_price_missing;single_price_evidence,https://caau.syd1.cdn.digitaloceanspaces.com/wp-content/uploads/catalogue/coles/coles-catalogue-december-18-24-2024-qld-metro/41.jpg,https://www.catalogueau.com/coles/#catalogue=coles/coles-catalogue-december-18-24-2024-qld-metro/,displayed_price,displayed_price,1,review
Coles,QLD METRO,"Coles Catalogue December 18 - 24, 2024 QLD METRO",2024-12-18,2024-12-25,41,BabyLove Bulk Nappy Pants 22 Pack-28 Pack,17.0,,,,special,22 Pack; 28 Pack,,BabyLove Bulk Nappy Pants | 22 Pack-28 Pack,94.17,True,offer_labels_missing;save_amount_missing;regular_price_missing;single_price_evidence,https://caau.syd1.cdn.digitaloceanspaces.com/wp-content/uploads/catalogue/coles/coles-catalogue-december-18-24-2024-qld-metro/41.jpg,https://www.catalogueau.com/coles/#catalogue=coles/coles-catalogue-december-18-24-2024-qld-metro/,displayed_price,displayed_price,1,review
Coles,QLD METRO,"Coles Catalogue December 18 - 24, 2024 QLD METRO",2024-12-18,2024-12-25,41,Bubs Organic Grass Fed Stage 3 Toddler Milk Drink 800g,31.0,,,,special,800g,,Bubs Organic Grass Fed | Stage 3 Toddler Milk | Drink 800g $3.88 per | 100g. On sale for 2 weeks,96.3,True,offer_labels_missing;save_amount_missing;regular_price_missing;single_price_evidence,https://caau.syd1.cdn.digitaloceanspaces.com/wp-content/uploads/catalogue/coles/coles-catalogue-december-18-24-2024-qld-metro/41.jpg,https://www.catalogueau.com/coles/#catalogue=coles/coles-catalogue-december-18-24-2024-qld-metro/,displayed_price,displayed_price,1,review
Coles,QLD METRO,"Coles Catalogue December 18 - 24, 2024 QLD METRO",2024-12-18,2024-12-25,41,"Rafferty's Garden 4+ Months, 6+ Months or 8+",1.8,,,,special,,$1.50 per 100g,"Rafferty's Garden 4+ | Months, 6+ Months or 8+ | Months Baby Food Pouch | per 100g. | 120g $1.50 | 120g $1.50 per 100g.",95.48,True,offer_labels_missing;save_amount_missing;regular_price_missing;single_price_evidence,https://caau.syd1.cdn.digitaloceanspaces.com/wp-content/uploads/catalogue/coles/coles-catalogue-december-18-24-2024-qld-metro/41.jpg,https://www.catalogueau.com/coles/#catalogue=coles/coles-catalogue-december-18-24-2024-qld-metro/,displayed_price,displayed_price,1,review
Coles,QLD METRO,"Coles Catalogue December 18 - 24, 2024 QLD METRO",2024-12-18,2024-12-25,41,Tommee Tippee Natural Start Anti-Colic Baby Bottle 260mL 0+ Months,10.0,,,,special,260mL,,"Tommee Tippee Natural | Start Anti-Colic Baby | Bottle 260mL 0+ Months | 1 Each | 2nd week on sale | TExcludes Down Down, Every Day & clearance items.",92.99,True,offer_labels_missing;save_amount_missing;regular_price_missing;single_price_evidence,https://caau.syd1.cdn.digitaloceanspaces.com/wp-content/uploads/catalogue/coles/coles-catalogue-december-18-24-2024-qld-metro/41.jpg,https://www.catalogueau.com/coles/#catalogue=coles/coles-catalogue-december-18-24-2024-qld-metro/,displayed_price,displayed_price,1,review
Coles,QLD METRO,"Coles Catalogue December 18 - 24, 2024 QLD METRO",2024-12-18,2024-12-25,41,Only Organic Rice Cakes 35g,3.0,,,,special,35g,$8.57 per 100g,Only Organic Rice | Cakes 35g | 9 | $8.57 per 100g. | On sale for 2 weeks,79.0,True,low_name_confidence_strict,https://caau.syd1.cdn.digitaloceanspaces.com/wp-content/uploads/catalogue/coles/coles-catalogue-december-18-24-2024-qld-metro/41.jpg,https://www.catalogueau.com/coles/#catalogue=coles/coles-catalogue-december-18-24-2024-qld-metro/,displayed_price,displayed_price;unit_price,2,review
Coles,QLD METRO,"Coles Catalogue December 18 - 24, 2024 QLD METRO",2024-12-18,2024-12-25,42,Oral B 3D White Pro Toothpaste 85g-90g,7.5,15.0,7.5,50.0,half_price,85g; 90g,,WASS15 | WASS15 | Oral B 3D White Pro Toothpaste | 85g-90g | I,79.0,True,low_name_confidence_strict;inferred_price_requires_review,https://caau.syd1.cdn.digitaloceanspaces.com/wp-content/uploads/catalogue/coles/coles-catalogue-december-18-24-2024-qld-metro/42.jpg,https://www.catalogueau.com/coles/#catalogue=coles/coles-catalogue-december-18-24-2024-qld-metro/,displayed_price,displayed_price;page_discount,1,review
Coles,QLD METRO,"Coles Catalogue December 18 - 24, 2024 QLD METRO",2024-12-18,2024-12-25,42,Oral B Pro 800 Cross Action Electric Toothbrush 1 Pack,50.0,100.0,50.0,50.0,half_price,1 Pack,,‘WAS$100 | ‘WAS$100 | Oral B Pro 800 Cross Action | Electric Toothbrush 1 Pack | “i,96.22,True,inferred_price_requires_review,https://caau.syd1.cdn.digitaloceanspaces.com/wp-content/uploads/catalogue/coles/coles-catalogue-december-18-24-2024-qld-metro/42.jpg,https://www.catalogueau.com/coles/#catalogue=coles/coles-catalogue-december-18-24-2024-qld-metro/,displayed_price,displayed_price;page_discount,1,review
Coles,QLD METRO,"Coles Catalogue December 18 - 24, 2024 QLD METRO",2024-12-18,2024-12-25,42,Colgate Total Advanced Toothpaste 200g,5.0,10.0,5.0,50.0,half_price,200g,$2.50 per 100g,WASS10 | WASS10 | Colgate Total Advanced | Toothpaste 200g $2.50 per 100g. | 2nd week on sale | =,96.2,False,,https://caau.syd1.cdn.digitaloceanspaces.com/wp-content/uploads/catalogue/coles/coles-catalogue-december-18-24-2024-qld-metro/42.jpg,https://www.catalogueau.com/coles/#catalogue=coles/coles-catalogue-december-18-24-2024-qld-metro/,displayed_price,displayed_price;page_discount;unit_price,2,verified
Coles,QLD METRO,"Coles Catalogue December 18 - 24, 2024 QLD METRO",2024-12-18,2024-12-25,42,Palmolive Naturals Body Wash 1 Litre,6.0,12.0,6.0,50.0,half_price,1 Litre,$0.60 per 100mL,WASS12 | WASS12 | Palmolive Naturals Body Wash | 1 Litre $0.60 per 100mL,95.27,False,,https://caau.syd1.cdn.digitaloceanspaces.com/wp-content/uploads/catalogue/coles/coles-catalogue-december-18-24-2024-qld-metro/42.jpg,https://www.catalogueau.com/coles/#catalogue=coles/coles-catalogue-december-18-24-2024-qld-metro/,displayed_price,displayed_price;page_discount;unit_price,2,verified
Coles,QLD METRO,"Coles Catalogue December 18 - 24, 2024 QLD METRO",2024-12-18,2024-12-25,42,Oral B Precision Clean Electric Toothbrush Refill Heads 3 Pack,13.5,23.0,9.5,41.3,save_amount,3 Pack,$4.50 per each,WAS $23 | WAS $23 | Oral B Precision Clean Electric | Toothbrush Refill Heads 3 Pack | $4.50 per each,96.13,True,single_price_evidence,https://caau.syd1.cdn.digitaloceanspaces.com/wp-content/uploads/catalogue/coles/coles-catalogue-december-18-24-2024-qld-metro/42.jpg,https://www.catalogueau.com/coles/#catalogue=coles/coles-catalogue-december-18-24-2024-qld-metro/,unit_price,unit_price,1,review
Coles,QLD METRO,"Coles Catalogue December 18 - 24, 2024 QLD METRO",2024-12-18,2024-12-25,42,Poise 2-in-1 Period & Incontinence Underwear Black Size 16-18 1 Pack,15.0,30.0,15.0,50.0,half_price,1 Pack,,WASS30 | WASS30 | Poise 2-in-1 Period & | Incontinence Underwear | Black Size 16-18 1 Pack | 2nd week on sale,95.19,True,inferred_price_requires_review,https://caau.syd1.cdn.digitaloceanspaces.com/wp-content/uploads/catalogue/coles/coles-catalogue-december-18-24-2024-qld-metro/42.jpg,https://www.catalogueau.com/coles/#catalogue=coles/coles-catalogue-december-18-24-2024-qld-metro/,page_discount_inference,page_discount,0,review
Coles,QLD METRO,"Coles Catalogue December 18 - 24, 2024 QLD METRO",2024-12-18,2024-12-25,42,Tom Organic Incontinence Long Liners 20 Pack,5.0,6.4,1.4,21.87,save_amount,20 Pack,$0.25 per each,WASS$6.40 | WASS$6.40 | Tom Organic | Incontinence Long | Liners 20 Pack | $0.25 per each,96.67,True,single_price_evidence,https://caau.syd1.cdn.digitaloceanspaces.com/wp-content/uploads/catalogue/coles/coles-catalogue-december-18-24-2024-qld-metro/42.jpg,https://www.catalogueau.com/coles/#catalogue=coles/coles-catalogue-december-18-24-2024-qld-metro/,displayed_price,displayed_price,1,review
Coles,QLD METRO,"Coles Catalogue December 18 - 24, 2024 QLD METRO",2024-12-18,2024-12-25,42,Rexona Antiperspirant Aerosol Deodorant 250mL,5.95,8.5,2.55,30.0,save_amount,250mL,$2.38 per 100mL,WASS8.50 | WASS8.50 | Rexona Antiperspirant | Aerosol Deodorant 250mL | $2.38 per 100mL. | 2nd week on sale,92.95,True,single_price_evidence,https://caau.syd1.cdn.digitaloceanspaces.com/wp-content/uploads/catalogue/coles/coles-catalogue-december-18-24-2024-qld-metro/42.jpg,https://www.catalogueau.com/coles/#catalogue=coles/coles-catalogue-december-18-24-2024-qld-metro/,unit_price,unit_price,1,review
Coles,QLD METRO,"Coles Catalogue December 18 - 24, 2024 QLD METRO",2024-12-18,2024-12-25,44,Viva Paper Towel 2 Pack,2.25,4.5,2.25,50.0,half_price,2 Pack,$1.88 per 100,SAVES2.25 | ‘WAS$4.50 | Viva Paper Towel 2 Pack | $1.88 per 100 sheets. | 2nd week on sale,96.4,False,,https://caau.syd1.cdn.digitaloceanspaces.com/wp-content/uploads/catalogue/coles/coles-catalogue-december-18-24-2024-qld-metro/44.jpg,https://www.catalogueau.com/coles/#catalogue=coles/coles-catalogue-december-18-24-2024-qld-metro/,save_was_arithmetic,displayed_price;save_was_arithmetic,2,verified
Coles,QLD METRO,"Coles Catalogue December 18 - 24, 2024 QLD METRO",2024-12-18,2024-12-25,44,Bref Liquid 600mL-700mL or In The Bowl Toilet Cleaner 42g-50g 2nd week,3.5,7.0,3.5,50.0,half_price,600mL; 700mL; 42g; 50g,,SAVE3.50 | WASS7 | Bref Liquid 600mL-700mL or | In The Bowl Toilet Cleaner | 42g-50g 2nd week on sale,94.11,False,,https://caau.syd1.cdn.digitaloceanspaces.com/wp-content/uploads/catalogue/coles/coles-catalogue-december-18-24-2024-qld-metro/44.jpg,https://www.catalogueau.com/coles/#catalogue=coles/coles-catalogue-december-18-24-2024-qld-metro/,save_was_arithmetic,displayed_price;save_was_arithmetic,2,verified
Coles,QLD METRO,"Coles Catalogue December 18 - 24, 2024 QLD METRO",2024-12-18,2024-12-25,44,Morning Fresh Dishwashing Liquid 900mL,4.75,9.5,4.75,50.0,half_price,900mL,$0.53 per 100mL,SAVES4.75 | WAS$9.50 | Morning Fresh Dishwashing | Liquid 900mL $0.53 per 100mL. | 2nd week on sale,94.04,False,,https://caau.syd1.cdn.digitaloceanspaces.com/wp-content/uploads/catalogue/coles/coles-catalogue-december-18-24-2024-qld-metro/44.jpg,https://www.catalogueau.com/coles/#catalogue=coles/coles-catalogue-december-18-24-2024-qld-metro/,save_was_arithmetic,displayed_price;save_was_arithmetic;unit_price,3,verified
Coles,QLD METRO,"Coles Catalogue December 18 - 24, 2024 QLD METRO",2024-12-18,2024-12-25,44,Aerogard Max 40% Deet Insect Repellent Aerosol 150g,8.75,17.5,8.75,50.0,half_price,150g,$5.83 per 100g,SAVES8.75 | WASS17.50 | Aerogard Max 40% Deet | Insect Repellent Aerosol 150g | $5.83 per 100g. 2nd week on | sale. *See page 37 forT&Cs,94.04,False,,https://caau.syd1.cdn.digitaloceanspaces.com/wp-content/uploads/catalogue/coles/coles-catalogue-december-18-24-2024-qld-metro/44.jpg,https://www.catalogueau.com/coles/#catalogue=coles/coles-catalogue-december-18-24-2024-qld-metro/,save_was_arithmetic,displayed_price;save_was_arithmetic;unit_price,3,verified
Coles,QLD METRO,"Coles Catalogue December 18 - 24, 2024 QLD METRO",2024-12-18,2024-12-25,44,Dettol Multipurpose Wipes 110 Pack,6.0,12.0,6.0,50.0,half_price,110 Pack,$5.45 per 100 each,SAVES6 | WASS12 | Dettol Multipurpose Wipes | 110 Pack $5.45 per 100 each | On sale for 2 weeks,95.56,False,,https://caau.syd1.cdn.digitaloceanspaces.com/wp-content/uploads/catalogue/coles/coles-catalogue-december-18-24-2024-qld-metro/44.jpg,https://www.catalogueau.com/coles/#catalogue=coles/coles-catalogue-december-18-24-2024-qld-metro/,save_was_arithmetic,displayed_price;save_was_arithmetic;unit_price,3,verified
Coles,QLD METRO,"Coles Catalogue December 18 - 24, 2024 QLD METRO",2024-12-18,2024-12-25,44,Cold Power Laundry Liquid 2 Litre or Capsules 26 Pack,12.0,24.0,12.0,50.0,half_price,2 Litre; 26 Pack,,SAVES12 | WASS$24 | Cold Power Laundry Liquid | 2 Litre or Capsules 26 Pack | 2nd week on sale,96.38,False,,https://caau.syd1.cdn.digitaloceanspaces.com/wp-content/uploads/catalogue/coles/coles-catalogue-december-18-24-2024-qld-metro/44.jpg,https://www.catalogueau.com/coles/#catalogue=coles/coles-catalogue-december-18-24-2024-qld-metro/,save_was_arithmetic,displayed_price;save_was_arithmetic,2,verified
Coles,QLD METRO,"Coles Catalogue December 18 - 24, 2024 QLD METRO",2024-12-18,2024-12-25,44,Glen 20 Disinfectant Spray 300g,6.0,9.5,3.5,36.84,save_amount,300g,$2.00 per 100g,SAVES3.50 | WASS9.50 | Glen 20 Disinfectant Spray | 300g $2.00 per 100g. | 2nd week on sale | QLD-METRO-181 2-24-312176,96.48,False,,https://caau.syd1.cdn.digitaloceanspaces.com/wp-content/uploads/catalogue/coles/coles-catalogue-december-18-24-2024-qld-metro/44.jpg,https://www.catalogueau.com/coles/#catalogue=coles/coles-catalogue-december-18-24-2024-qld-metro/,save_was_arithmetic,displayed_price;save_was_arithmetic;unit_price,3,verified
Coles,QLD METRO,"Coles Catalogue December 18 - 24, 2024 QLD METRO",2024-12-18,2024-12-25,44,Fancy Feast Cat Food 6x85g,6.5,8.5,2.0,23.53,save_amount,6x85g,$1.27 per 100g,SAVES2 | WASS$8.50 | Fancy Feast Cat Food | 6x85g $1.27 per 100g. | 2nd week on sale | 44,95.63,False,,https://caau.syd1.cdn.digitaloceanspaces.com/wp-content/uploads/catalogue/coles/coles-catalogue-december-18-24-2024-qld-metro/44.jpg,https://www.catalogueau.com/coles/#catalogue=coles/coles-catalogue-december-18-24-2024-qld-metro/,save_was_arithmetic,displayed_price;save_was_arithmetic;unit_price,3,verified
Coles,QLD METRO,"Coles Catalogue December 18 - 24, 2024 QLD METRO",2024-12-18,2024-12-25,44,Optimum Dry Dog Food 2.5kg-3k,16.0,23.0,7.0,30.43,save_amount,2.5kg,,SAVES7 | WAS$23 | Optimum Dry Dog Food | 2.5kg-3k | 2nd week on sale,93.43,False,,https://caau.syd1.cdn.digitaloceanspaces.com/wp-content/uploads/catalogue/coles/coles-catalogue-december-18-24-2024-qld-metro/44.jpg,https://www.catalogueau.com/coles/#catalogue=coles/coles-catalogue-december-18-24-2024-qld-metro/,save_was_arithmetic,displayed_price;save_was_arithmetic,2,verified
Coles,QLD METRO,"Coles Catalogue December 18 - 24, 2024 QLD METRO",2024-12-18,2024-12-25,44,Schmackos Dog Treats 500g,12.0,17.0,5.0,29.41,save_amount,500g,$2.40 per 100g,WASS17 | WASS17 | Schmackos Dog Treats | 500g $2.40 per 100g. | 2nd week on sale | 44,95.5,True,single_price_evidence,https://caau.syd1.cdn.digitaloceanspaces.com/wp-content/uploads/catalogue/coles/coles-catalogue-december-18-24-2024-qld-metro/44.jpg,https://www.catalogueau.com/coles/#catalogue=coles/coles-catalogue-december-18-24-2024-qld-metro/,unit_price,unit_price,1,review
