retailer,region,catalogue_title,catalogue_start_date,catalogue_end_date,page_number,product_name,special_price,regular_price,save_amount,discount_percent,promo_type,pack_size,unit_price_text,offer_text,ocr_confidence,needs_review,review_reason,source_page_image,source_catalogue_url,price_source,price_evidence,evidence_count,verification_status
Coles,VIC METRO,"Coles Catalogue October 23 - 29, 2024 VIC METRO",2024-10-23,2024-10-30,1,"Cadbury Sharepacks 120g-180g, Mars Chocolate Fun Size 132g-192g, Nestlé Chocolate Fun Pack 127g-158g",3.0,6.0,3.0,50.0,half_price,120g; 180g; 132g; 192g; 127g; 158g,,"WASS6 | WASS6 | 3 | Cadbury Sharepacks | 120g-180g, Mars Chocolate | Fun Size 132g-192g, Nestlé | Chocolate Fun Pack 127g-158g | or Skittles Fun Size 180g",93.77,True,inferred_price_requires_review,https://caau.syd1.cdn.digitaloceanspaces.com/wp-content/uploads/catalogue/coles/coles-catalogue-october-23-29-2024-vic-metro/1.jpg,https://www.catalogueau.com/coles/#catalogue=coles/coles-catalogue-october-23-29-2024-vic-metro/,displayed_price,displayed_price;page_discount,1,review
Coles,VIC METRO,"Coles Catalogue October 23 - 29, 2024 VIC METRO",2024-10-23,2024-10-30,1,! Kinder Chocolate 16 Treat Share Bag,3.5,7.0,3.5,50.0,half_price,,$1.75 per 100g,WASS7 | WASS7 | ! Kinder Chocolate | 16 Treat Share Bag | as | re | we 200g $1.75 per 100g | ms,94.27,True,inferred_price_requires_review,https://caau.syd1.cdn.digitaloceanspaces.com/wp-content/uploads/catalogue/coles/coles-catalogue-october-23-29-2024-vic-metro/1.jpg,https://www.catalogueau.com/coles/#catalogue=coles/coles-catalogue-october-23-29-2024-vic-metro/,page_discount_inference,page_discount,0,review
Coles,VIC METRO,"Coles Catalogue October 23 - 29, 2024 VIC METRO",2024-10-23,2024-10-30,1,Peters Drumstick 4 Pack-6 Pack 475mL-490mL,4.75,9.5,4.75,50.0,half_price,4 Pack; 6 Pack; 475mL; 490mL,,WASS9.50 | WASS9.50 | Peters Drumstick | 4 Pack-6 Pack | 475mL-490mL | Excludes Plant Based | Drumstick,91.69,True,inferred_price_requires_review,https://caau.syd1.cdn.digitaloceanspaces.com/wp-content/uploads/catalogue/coles/coles-catalogue-october-23-29-2024-vic-metro/1.jpg,https://www.catalogueau.com/coles/#catalogue=coles/coles-catalogue-october-23-29-2024-vic-metro/,page_discount_inference,page_discount,0,review
Coles,VIC METRO,"Coles Catalogue October 23 - 29, 2024 VIC METRO",2024-10-23,2024-10-30,1,Oreo Multipack Mini Cream Biscuits 204g,2.5,5.0,2.5,50.0,half_price,204g,$1.23 per 100g,"WASS5 | WASS5 | Oreo Multipack Mini | Cream Biscuits 204g | $1.23 per 100g. | On sale for 2 weeks | TExcludes Every Day, Down Down & clearance items",96.15,False,,https://caau.syd1.cdn.digitaloceanspaces.com/wp-content/uploads/catalogue/coles/coles-catalogue-october-23-29-2024-vic-metro/1.jpg,https://www.catalogueau.com/coles/#catalogue=coles/coles-catalogue-october-23-29-2024-vic-metro/,displayed_price,displayed_price;page_discount;unit_price,2,verified
Coles,VIC METRO,"Coles Catalogue October 23 - 29, 2024 VIC METRO",2024-10-23,2024-10-30,1,The Natural Confectionery Co. 130g-230g,2.5,5.0,2.5,50.0,half_price,130g; 230g,,WASS5 | WASS5 | The Natural | Confectionery Co. | 130g-230g | FP-VIC-METRO-2310-24-298365,93.02,True,inferred_price_requires_review,https://caau.syd1.cdn.digitaloceanspaces.com/wp-content/uploads/catalogue/coles/coles-catalogue-october-23-29-2024-vic-metro/1.jpg,https://www.catalogueau.com/coles/#catalogue=coles/coles-catalogue-october-23-29-2024-vic-metro/,displayed_price,displayed_price;page_discount,1,review
Coles,VIC METRO,"Coles Catalogue October 23 - 29, 2024 VIC METRO",2024-10-23,2024-10-30,1,Cadbury Chocolate Coated Fruit or Nut Jar 280g-340g,6.0,12.0,6.0,50.0,half_price,280g; 340g,,"WASS12_ | WASS12_ | Cadbury Chocolate | Coated Fruit or Nut Jar | 280g-340g | TExcludes Every Day, Down Down & clearance items",95.15,True,inferred_price_requires_review,https://caau.syd1.cdn.digitaloceanspaces.com/wp-content/uploads/catalogue/coles/coles-catalogue-october-23-29-2024-vic-metro/1.jpg,https://www.catalogueau.com/coles/#catalogue=coles/coles-catalogue-october-23-29-2024-vic-metro/,displayed_price,displayed_price;page_discount,1,review
Coles,VIC METRO,"Coles Catalogue October 23 - 29, 2024 VIC METRO",2024-10-23,2024-10-30,1,CHOCOLATE SHAREPACKS,2.0,,,,special,,,CHOCOLATE | SHAREPACKS | Exclusions apply t,94.18,True,offer_labels_missing;save_amount_missing;regular_price_missing;single_price_evidence,https://caau.syd1.cdn.digitaloceanspaces.com/wp-content/uploads/catalogue/coles/coles-catalogue-october-23-29-2024-vic-metro/1.jpg,https://www.catalogueau.com/coles/#catalogue=coles/coles-catalogue-october-23-29-2024-vic-metro/,displayed_price,displayed_price,1,review
Coles,VIC METRO,"Coles Catalogue October 23 - 29, 2024 VIC METRO",2024-10-23,2024-10-30,2,Coca-Cola Soft Drink 1.25 Litre,1.92,3.85,1.93,50.13,half_price,1.25 Litre,$1.54 per litre,SAVE $1.93 | WAS$3.85 | Coca-Cola Soft Drink 1.25 Litre | $1.54 per litre | *See page 27 forT&Cs | Ge ESN,94.42,False,,https://caau.syd1.cdn.digitaloceanspaces.com/wp-content/uploads/catalogue/coles/coles-catalogue-october-23-29-2024-vic-metro/2.jpg,https://www.catalogueau.com/coles/#catalogue=coles/coles-catalogue-october-23-29-2024-vic-metro/,save_was_arithmetic,save_was_arithmetic;unit_price,2,verified
Coles,VIC METRO,"Coles Catalogue October 23 - 29, 2024 VIC METRO",2024-10-23,2024-10-30,2,Nescafé Coffee Sachets 8 Pack-10 Pack,3.8,7.6,3.8,50.0,half_price,8 Pack; 10 Pack,,SAVE%3.80 | WAS$7.60 | Nescafé Coffee Sachets | 8 Pack-10 Pack | B) | Bonus,94.45,True,single_price_evidence,https://caau.syd1.cdn.digitaloceanspaces.com/wp-content/uploads/catalogue/coles/coles-catalogue-october-23-29-2024-vic-metro/2.jpg,https://www.catalogueau.com/coles/#catalogue=coles/coles-catalogue-october-23-29-2024-vic-metro/,save_was_arithmetic,save_was_arithmetic,1,review
Coles,VIC METRO,"Coles Catalogue October 23 - 29, 2024 VIC METRO",2024-10-23,2024-10-30,2,Swisse Ultiboost Iron Tablets 30 Pack*,7.5,15.0,7.5,50.0,half_price,30 Pack,$25.00 per 100 each,SAVES7.50 | WASS15 | Swisse Ultiboost Iron Tablets | 30 Pack* $25.00 per 100 each: | On sale for 2 weeks | *See page 27 for T&Cs,90.75,False,,https://caau.syd1.cdn.digitaloceanspaces.com/wp-content/uploads/catalogue/coles/coles-catalogue-october-23-29-2024-vic-metro/2.jpg,https://www.catalogueau.com/coles/#catalogue=coles/coles-catalogue-october-23-29-2024-vic-metro/,save_was_arithmetic,save_was_arithmetic;unit_price,2,verified
Coles,VIC METRO,"Coles Catalogue October 23 - 29, 2024 VIC METRO",2024-10-23,2024-10-30,2,Huggies Baby Wipes 70 Pack-80 Pack,2.5,5.0,2.5,50.0,half_price,70 Pack; 80 Pack,,SAVES2.50 | Huggies Baby Wipes | 70 Pack-80 Pack,95.01,True,single_price_evidence,https://caau.syd1.cdn.digitaloceanspaces.com/wp-content/uploads/catalogue/coles/coles-catalogue-october-23-29-2024-vic-metro/2.jpg,https://www.catalogueau.com/coles/#catalogue=coles/coles-catalogue-october-23-29-2024-vic-metro/,displayed_price,displayed_price,1,review
Coles,VIC METRO,"Coles Catalogue October 23 - 29, 2024 VIC METRO",2024-10-23,2024-10-30,2,Finish Ultimate Dishwashing Tablets 46 Pack,27.0,54.0,27.0,50.0,half_price,46 Pack,$0.59 per each,SAVES27 | WAS$54 | Finish Ultimate Dishwashing | Tablets 46 Pack $0.59 per each | a,96.51,False,,https://caau.syd1.cdn.digitaloceanspaces.com/wp-content/uploads/catalogue/coles/coles-catalogue-october-23-29-2024-vic-metro/2.jpg,https://www.catalogueau.com/coles/#catalogue=coles/coles-catalogue-october-23-29-2024-vic-metro/,save_was_arithmetic,displayed_price;save_was_arithmetic,2,verified
Coles,VIC METRO,"Coles Catalogue October 23 - 29, 2024 VIC METRO",2024-10-23,2024-10-30,2,Huggies Ultra Dry Bulk Nappies ick-54 Pac’,11.0,22.0,11.0,50.0,half_price,,,WASS$22 | WASS$22 | Huggies Ultra Dry Bulk Nappies | 30 | ick-54 Pac’,72.04,True,low_name_confidence_strict;inferred_price_requires_review,https://caau.syd1.cdn.digitaloceanspaces.com/wp-content/uploads/catalogue/coles/coles-catalogue-october-23-29-2024-vic-metro/2.jpg,https://www.catalogueau.com/coles/#catalogue=coles/coles-catalogue-october-23-29-2024-vic-metro/,page_discount_inference,page_discount,0,review
Coles,VIC METRO,"Coles Catalogue October 23 - 29, 2024 VIC METRO",2024-10-23,2024-10-30,2,Coles Australian No Added Hormones Beef Porterhouse Steak 2 Pack 450g,15.0,18.0,3.0,16.67,save_amount,2 Pack; 450g,$33.33 per kg,SAVE $3 | WASS18 | Coles Australian No Added Hormones Beef | Porterhouse Steak 2 Pack 450g $33.33 per kg. | Product sold uncooked,96.18,False,,https://caau.syd1.cdn.digitaloceanspaces.com/wp-content/uploads/catalogue/coles/coles-catalogue-october-23-29-2024-vic-metro/2.jpg,https://www.catalogueau.com/coles/#catalogue=coles/coles-catalogue-october-23-29-2024-vic-metro/,save_was_arithmetic,displayed_price;save_was_arithmetic;unit_price,3,verified
Coles,VIC METRO,"Coles Catalogue October 23 - 29, 2024 VIC METRO",2024-10-23,2024-10-30,2,sorted,68.0,,,,special,,,sorted,79.0,True,offer_labels_missing;save_amount_missing;regular_price_missing;low_name_confidence_strict;single_price_evidence,https://caau.syd1.cdn.digitaloceanspaces.com/wp-content/uploads/catalogue/coles/coles-catalogue-october-23-29-2024-vic-metro/2.jpg,https://www.catalogueau.com/coles/#catalogue=coles/coles-catalogue-october-23-29-2024-vic-metro/,displayed_price,displayed_price,1,review
Coles,VIC METRO,"Coles Catalogue October 23 - 29, 2024 VIC METRO",2024-10-23,2024-10-30,3,Arnott's Tim Tam Biscuits 165g-200g,3.0,6.0,3.0,50.0,half_price,165g; 200g,,SAVES3 | WASS6 | Arnott's Tim Tam Biscuits | 165g-200g | oo,91.13,False,,https://caau.syd1.cdn.digitaloceanspaces.com/wp-content/uploads/catalogue/coles/coles-catalogue-october-23-29-2024-vic-metro/3.jpg,https://www.catalogueau.com/coles/#catalogue=coles/coles-catalogue-october-23-29-2024-vic-metro/,save_was_arithmetic,displayed_price;save_was_arithmetic,2,verified
Coles,VIC METRO,"Coles Catalogue October 23 - 29, 2024 VIC METRO",2024-10-23,2024-10-30,3,"Twisties, Burger Rings or Cheetos 80g-90g",1.35,2.7,1.35,50.0,half_price,80g; 90g,,"SAVES1.35 | WAS$§2.70 | Twisties, Burger Rings | or Cheetos 80g-90g | an. | FIBRE",93.48,False,,https://caau.syd1.cdn.digitaloceanspaces.com/wp-content/uploads/catalogue/coles/coles-catalogue-october-23-29-2024-vic-metro/3.jpg,https://www.catalogueau.com/coles/#catalogue=coles/coles-catalogue-october-23-29-2024-vic-metro/,save_was_arithmetic,displayed_price;save_was_arithmetic,2,verified
Coles,VIC METRO,"Coles Catalogue October 23 - 29, 2024 VIC METRO",2024-10-23,2024-10-30,3,Vege Chips 100g,2.45,4.9,2.45,50.0,half_price,100g,$2.45 per 100g,SAVES2.45 | WAS$4.90 | Vege Chips 100g | $2.45 per 100g | 2 | sont,96.1,False,,https://caau.syd1.cdn.digitaloceanspaces.com/wp-content/uploads/catalogue/coles/coles-catalogue-october-23-29-2024-vic-metro/3.jpg,https://www.catalogueau.com/coles/#catalogue=coles/coles-catalogue-october-23-29-2024-vic-metro/,save_was_arithmetic,displayed_price;save_was_arithmetic;unit_price,3,verified
Coles,VIC METRO,"Coles Catalogue October 23 - 29, 2024 VIC METRO",2024-10-23,2024-10-30,3,V8 Juice 1.25 Litre,2.75,5.5,2.75,50.0,half_price,1.25 Litre,$2.20 per litre,SAVES2.75 | WAS$5.50 | V8 Juice 1.25 Litre | $2.20 per litre | Bonus | Kitchen Knife,96.44,False,,https://caau.syd1.cdn.digitaloceanspaces.com/wp-content/uploads/catalogue/coles/coles-catalogue-october-23-29-2024-vic-metro/3.jpg,https://www.catalogueau.com/coles/#catalogue=coles/coles-catalogue-october-23-29-2024-vic-metro/,save_was_arithmetic,save_was_arithmetic;unit_price,2,verified
Coles,VIC METRO,"Coles Catalogue October 23 - 29, 2024 VIC METRO",2024-10-23,2024-10-30,3,Coca-Cola Soft Drink or Mt Franklin Sparkling Water,9.5,19.0,9.5,50.0,half_price,,$2.53 per litre,SAVE9.50 | WASS19 | Coca-Cola Soft Drink or | Mt Franklin Sparkling Water | 10x375mL $2.53 per litre. | *See page 27 for T&Cs,95.54,True,single_price_evidence,https://caau.syd1.cdn.digitaloceanspaces.com/wp-content/uploads/catalogue/coles/coles-catalogue-october-23-29-2024-vic-metro/3.jpg,https://www.catalogueau.com/coles/#catalogue=coles/coles-catalogue-october-23-29-2024-vic-metro/,save_was_arithmetic,save_was_arithmetic,1,review
Coles,VIC METRO,"Coles Catalogue October 23 - 29, 2024 VIC METRO",2024-10-23,2024-10-30,3,Fibre One Bars or Snacks 100g-120g or Nature Valley Bars 252g,3.45,6.9,3.45,50.0,half_price,100g; 120g; 252g,,SAVES3.45 | WASS6.90 | Fibre One Bars or Snacks | 100g-120g or Nature Valley | Bars 252g | VIC-METRO-2310-24-298365,95.81,False,,https://caau.syd1.cdn.digitaloceanspaces.com/wp-content/uploads/catalogue/coles/coles-catalogue-october-23-29-2024-vic-metro/3.jpg,https://www.catalogueau.com/coles/#catalogue=coles/coles-catalogue-october-23-29-2024-vic-metro/,save_was_arithmetic,displayed_price;save_was_arithmetic,2,verified
Coles,VIC METRO,"Coles Catalogue October 23 - 29, 2024 VIC METRO",2024-10-23,2024-10-30,3,V Energy Drink 4x250mL,5.5,11.0,5.5,50.0,half_price,4x250mL,$5.50 per litre,V Energy Drink 4x250mL | $5.50 per litre,93.7,True,offer_labels_missing;regular_and_save_inferred_from_half_price;inferred_price_requires_review,https://caau.syd1.cdn.digitaloceanspaces.com/wp-content/uploads/catalogue/coles/coles-catalogue-october-23-29-2024-vic-metro/3.jpg,https://www.catalogueau.com/coles/#catalogue=coles/coles-catalogue-october-23-29-2024-vic-metro/,unit_price,grid_inference;unit_price,1,review
Coles,VIC METRO,"Coles Catalogue October 23 - 29, 2024 VIC METRO",2024-10-23,2024-10-30,3,Griffin's Marvels Biscuits 165g-200g,22.5,,,,special,165g; 200g,,Griffin's Marvels Biscuits | 165g-200g | ‘=,79.0,True,offer_labels_missing;save_amount_missing;regular_price_missing;low_name_confidence_strict;single_price_evidence,https://caau.syd1.cdn.digitaloceanspaces.com/wp-content/uploads/catalogue/coles/coles-catalogue-october-23-29-2024-vic-metro/3.jpg,https://www.catalogueau.com/coles/#catalogue=coles/coles-catalogue-october-23-29-2024-vic-metro/,displayed_price,displayed_price,1,review
Coles,VIC METRO,"Coles Catalogue October 23 - 29, 2024 VIC METRO",2024-10-23,2024-10-30,4,Continental Pasta & Sauce 85g-105g,1.5,3.0,1.5,50.0,half_price,85g; 105g,,SAVES1.50 | Continental Pasta & Sauce | 85g-105g | ee,79.0,True,low_name_confidence_strict;single_price_evidence,https://caau.syd1.cdn.digitaloceanspaces.com/wp-content/uploads/catalogue/coles/coles-catalogue-october-23-29-2024-vic-metro/4.jpg,https://www.catalogueau.com/coles/#catalogue=coles/coles-catalogue-october-23-29-2024-vic-metro/,displayed_price,displayed_price,1,review
Coles,VIC METRO,"Coles Catalogue October 23 - 29, 2024 VIC METRO",2024-10-23,2024-10-30,4,The Spice Tailor Indian Curry Kit 225g-300g,3.1,6.2,3.1,50.0,half_price,225g; 300g,,SAVE53.10 | WAS$6.20 | The Spice Tailor Indian Curry | Kit 225g-300g | O05,90.52,True,single_price_evidence,https://caau.syd1.cdn.digitaloceanspaces.com/wp-content/uploads/catalogue/coles/coles-catalogue-october-23-29-2024-vic-metro/4.jpg,https://www.catalogueau.com/coles/#catalogue=coles/coles-catalogue-october-23-29-2024-vic-metro/,displayed_price,displayed_price,1,review
Coles,VIC METRO,"Coles Catalogue October 23 - 29, 2024 VIC METRO",2024-10-23,2024-10-30,4,Betty Crocker Triple Chocolate Fudge Brownie Mix 500g or Chocolate Chunk Cookie Mix 485g,3.5,7.0,3.5,50.0,half_price,500g; 485g,,SAVE°3.50 | WASS7 | Betty Crocker Triple Chocolate | Fudge Brownie Mix 500g or | Chocolate Chunk Cookie | Mix 485g,96.36,False,,https://caau.syd1.cdn.digitaloceanspaces.com/wp-content/uploads/catalogue/coles/coles-catalogue-october-23-29-2024-vic-metro/4.jpg,https://www.catalogueau.com/coles/#catalogue=coles/coles-catalogue-october-23-29-2024-vic-metro/,save_was_arithmetic,displayed_price;save_was_arithmetic,2,verified
Coles,VIC METRO,"Coles Catalogue October 23 - 29, 2024 VIC METRO",2024-10-23,2024-10-30,4,Coco Earth Curry 500g,3.75,750.0,746.25,99.5,save_amount,500g,$0.75 per 100g,SAVE*3.75 | ‘WAS$750 | Coco Earth Curry 500g | $0.75 per 100g | Seen ee | = | 6 | sS,96.45,False,,https://caau.syd1.cdn.digitaloceanspaces.com/wp-content/uploads/catalogue/coles/coles-catalogue-october-23-29-2024-vic-metro/4.jpg,https://www.catalogueau.com/coles/#catalogue=coles/coles-catalogue-october-23-29-2024-vic-metro/,displayed_price,displayed_price;unit_price,2,verified
Coles,VIC METRO,"Coles Catalogue October 23 - 29, 2024 VIC METRO",2024-10-23,2024-10-30,4,Nescafé Coffee Sachets 8 Pack-10 Pack,3.8,760.0,756.2,99.5,save_amount,8 Pack; 10 Pack,,SAVE%3.80 | WAS$760 | Nescafé Coffee Sachets | 8 Pack-10 Pack | ————,94.18,True,single_price_evidence,https://caau.syd1.cdn.digitaloceanspaces.com/wp-content/uploads/catalogue/coles/coles-catalogue-october-23-29-2024-vic-metro/4.jpg,https://www.catalogueau.com/coles/#catalogue=coles/coles-catalogue-october-23-29-2024-vic-metro/,displayed_price,displayed_price,1,review
Coles,VIC METRO,"Coles Catalogue October 23 - 29, 2024 VIC METRO",2024-10-23,2024-10-30,4,Plumrose Leg Ham 340g,5.25,10.5,5.25,50.0,half_price,340g,$15.44 per kg,SAVES5.25 | WASS10.50 | Plumrose Leg Ham 340g | $15.44 per kg. | On sale for 2 weeks | VIC-METRO-2310-24-298365,93.89,False,,https://caau.syd1.cdn.digitaloceanspaces.com/wp-content/uploads/catalogue/coles/coles-catalogue-october-23-29-2024-vic-metro/4.jpg,https://www.catalogueau.com/coles/#catalogue=coles/coles-catalogue-october-23-29-2024-vic-metro/,save_was_arithmetic,displayed_price;save_was_arithmetic;unit_price,3,verified
Coles,VIC METRO,"Coles Catalogue October 23 - 29, 2024 VIC METRO",2024-10-23,2024-10-30,4,Sunrice Jasmine Rice 5kg,12.0,24.0,12.0,50.0,half_price,5kg,$0.24 per 100g,SAVES12 | Sunrice Jasmine Rice 5kg | $0.24 per 100g | 100g,93.6,True,single_price_evidence,https://caau.syd1.cdn.digitaloceanspaces.com/wp-content/uploads/catalogue/coles/coles-catalogue-october-23-29-2024-vic-metro/4.jpg,https://www.catalogueau.com/coles/#catalogue=coles/coles-catalogue-october-23-29-2024-vic-metro/,displayed_price,displayed_price,1,review
Coles,VIC METRO,"Coles Catalogue October 23 - 29, 2024 VIC METRO",2024-10-23,2024-10-30,4,Gold Sunset Canola or Vegetable Oil 4 Litre,15.0,30.0,15.0,50.0,half_price,4 Litre,$0.38 per 100mL,SAVE15 | WAS$30 | Gold Sunset Canola or Vegetable | Oil 4 Litre $0.38 per 100mL,94.33,False,,https://caau.syd1.cdn.digitaloceanspaces.com/wp-content/uploads/catalogue/coles/coles-catalogue-october-23-29-2024-vic-metro/4.jpg,https://www.catalogueau.com/coles/#catalogue=coles/coles-catalogue-october-23-29-2024-vic-metro/,save_was_arithmetic,displayed_price;save_was_arithmetic,2,verified
Coles,VIC METRO,"Coles Catalogue October 23 - 29, 2024 VIC METRO",2024-10-23,2024-10-30,5,Bondi Sands Fragrance Free Sunscreen Lotion SPF50+ 150mL**,7.5,15.0,7.5,50.0,half_price,150mL,$5.00 per 100mL,SAVES7.50 | WASS15 | Bondi Sands Fragrance Free | Sunscreen Lotion SPF50+ 150mL** | $5.00 per 100mL,92.0,False,,https://caau.syd1.cdn.digitaloceanspaces.com/wp-content/uploads/catalogue/coles/coles-catalogue-october-23-29-2024-vic-metro/5.jpg,https://www.catalogueau.com/coles/#catalogue=coles/coles-catalogue-october-23-29-2024-vic-metro/,save_was_arithmetic,save_was_arithmetic;unit_price,2,verified
Coles,VIC METRO,"Coles Catalogue October 23 - 29, 2024 VIC METRO",2024-10-23,2024-10-30,5,Bondi Sands Fresh'N Up Gel Cleanser 150mL,7.5,15.0,7.5,50.0,half_price,150mL,$5.00 per 100mL,SAVES7.50 | WASS15 | Bondi Sands Fresh'N Up Gel | Cleanser 150mL | $5.00 per 100mL,93.55,False,,https://caau.syd1.cdn.digitaloceanspaces.com/wp-content/uploads/catalogue/coles/coles-catalogue-october-23-29-2024-vic-metro/5.jpg,https://www.catalogueau.com/coles/#catalogue=coles/coles-catalogue-october-23-29-2024-vic-metro/,save_was_arithmetic,save_was_arithmetic;unit_price,2,verified
Coles,VIC METRO,"Coles Catalogue October 23 - 29, 2024 VIC METRO",2024-10-23,2024-10-30,5,Bondi Sands Aero Express Tanning Foam 225mL,13.5,27.0,13.5,50.0,half_price,225mL,$6.00 per 100mL,SAVES13.50 | WAS$27 | Bondi Sands Aero Express | Tanning Foam 225mL | $6.00 per 100mL | Bonus,94.19,False,,https://caau.syd1.cdn.digitaloceanspaces.com/wp-content/uploads/catalogue/coles/coles-catalogue-october-23-29-2024-vic-metro/5.jpg,https://www.catalogueau.com/coles/#catalogue=coles/coles-catalogue-october-23-29-2024-vic-metro/,save_was_arithmetic,save_was_arithmetic;unit_price,2,verified
Coles,VIC METRO,"Coles Catalogue October 23 - 29, 2024 VIC METRO",2024-10-23,2024-10-30,5,Swisse Ultiboost Liver Detox Tablets 120 Pack*,23.0,46.0,23.0,50.0,half_price,120 Pack,$19.17 per 100 each,SAVE‘23 | WASS46 | Swisse Ultiboost Liver Detox | Tablets 120 Pack* | $19.17 per 100 each,79.0,True,low_name_confidence_strict,https://caau.syd1.cdn.digitaloceanspaces.com/wp-content/uploads/catalogue/coles/coles-catalogue-october-23-29-2024-vic-metro/5.jpg,https://www.catalogueau.com/coles/#catalogue=coles/coles-catalogue-october-23-29-2024-vic-metro/,save_was_arithmetic,displayed_price;save_was_arithmetic;unit_price,3,review
Coles,VIC METRO,"Coles Catalogue October 23 - 29, 2024 VIC METRO",2024-10-23,2024-10-30,5,Swisse Ultivite Multivitamin Tablets 60 Pack*,19.75,39.5,19.75,50.0,half_price,60 Pack,$32.92 per 100 each,WAS$39.50 | WAS$39.50 | Swisse Ultivite Multivitamin | Tablets 60 Pack* | $32.92 per 100 each,79.0,True,low_name_confidence_strict;inferred_price_requires_review,https://caau.syd1.cdn.digitaloceanspaces.com/wp-content/uploads/catalogue/coles/coles-catalogue-october-23-29-2024-vic-metro/5.jpg,https://www.catalogueau.com/coles/#catalogue=coles/coles-catalogue-october-23-29-2024-vic-metro/,unit_price,page_discount;unit_price,1,review
Coles,VIC METRO,"Coles Catalogue October 23 - 29, 2024 VIC METRO",2024-10-23,2024-10-30,5,Ostelin Calcium & Vitamin D3 + Magnesium Tablets 100 Pack*,13.92,327.85,313.93,95.75,save_amount,100 Pack,$13.92 per 100 each,"SAVE: 313,93 een | Ostelin Calcium & Vitamin D3 | + Magnesium Tablets 100 Pack* | $13.92 per 100 each | — —",93.38,False,,https://caau.syd1.cdn.digitaloceanspaces.com/wp-content/uploads/catalogue/coles/coles-catalogue-october-23-29-2024-vic-metro/5.jpg,https://www.catalogueau.com/coles/#catalogue=coles/coles-catalogue-october-23-29-2024-vic-metro/,displayed_price,displayed_price;unit_price,2,verified
Coles,VIC METRO,"Coles Catalogue October 23 - 29, 2024 VIC METRO",2024-10-23,2024-10-30,5,Blackmores Super Magnesium+ Tablets 100 Pack*,17.0,34.0,17.0,50.0,half_price,100 Pack,$17.00 per 100 each,SAVES17 | ‘WAS$34 | Blackmores Super Magnesium+ | Tablets 100 Pack* | $17.00 per 100 each,94.03,False,,https://caau.syd1.cdn.digitaloceanspaces.com/wp-content/uploads/catalogue/coles/coles-catalogue-october-23-29-2024-vic-metro/5.jpg,https://www.catalogueau.com/coles/#catalogue=coles/coles-catalogue-october-23-29-2024-vic-metro/,save_was_arithmetic,displayed_price;save_was_arithmetic;unit_price,3,verified
Coles,VIC METRO,"Coles Catalogue October 23 - 29, 2024 VIC METRO",2024-10-23,2024-10-30,5,‘Surf Life Sport Sunscreen Lotion SPF50+ 200mL**,9.0,18.0,9.0,50.0,half_price,200mL,$4.50 per 100mL,SAVES9 | WASS18 | ‘Surf Life Sport Sunscreen Lotion | SPF50+ 200mL** $4.50 per 100mL | TExcludes clearance items,87.83,False,,https://caau.syd1.cdn.digitaloceanspaces.com/wp-content/uploads/catalogue/coles/coles-catalogue-october-23-29-2024-vic-metro/5.jpg,https://www.catalogueau.com/coles/#catalogue=coles/coles-catalogue-october-23-29-2024-vic-metro/,save_was_arithmetic,displayed_price;save_was_arithmetic;unit_price,3,verified
Coles,VIC METRO,"Coles Catalogue October 23 - 29, 2024 VIC METRO",2024-10-23,2024-10-30,5,Quick Screen Facial Sunscreen Spray SPF50+ 90mL**,20.0,40.0,20.0,50.0,half_price,90mL,$22.22 per 100mL,SAVE520 | WASS40 | Quick Screen Facial Sunscreen | Spray SPF50+ 90mL** | $22.22 per 100mL,90.49,False,,https://caau.syd1.cdn.digitaloceanspaces.com/wp-content/uploads/catalogue/coles/coles-catalogue-october-23-29-2024-vic-metro/5.jpg,https://www.catalogueau.com/coles/#catalogue=coles/coles-catalogue-october-23-29-2024-vic-metro/,displayed_price,displayed_price;unit_price,2,verified
Coles,VIC METRO,"Coles Catalogue October 23 - 29, 2024 VIC METRO",2024-10-23,2024-10-30,6,Nair Precision Easiwax Strips for Face & Bikini 20 Pack,4.5,9.0,4.5,50.0,half_price,20 Pack,$0.23 per each,SAVE%4.50 | WASS | Nair Precision Easiwax Strips for | Face & Bikini 20 Pack | $0.23 per each | ore Se Wen),95.09,True,single_price_evidence,https://caau.syd1.cdn.digitaloceanspaces.com/wp-content/uploads/catalogue/coles/coles-catalogue-october-23-29-2024-vic-metro/6.jpg,https://www.catalogueau.com/coles/#catalogue=coles/coles-catalogue-october-23-29-2024-vic-metro/,unknown,,0,review
Coles,VIC METRO,"Coles Catalogue October 23 - 29, 2024 VIC METRO",2024-10-23,2024-10-30,6,Gillette Venus Disposable Sensitive Razors 3 Pack,5.5,11.0,5.5,50.0,half_price,3 Pack,$1.83 per each,SAVE*5.50 | wassii | Gillette Venus Disposable | Sensitive Razors 3 Pack | $1.83 per each,96.36,True,single_price_evidence,https://caau.syd1.cdn.digitaloceanspaces.com/wp-content/uploads/catalogue/coles/coles-catalogue-october-23-29-2024-vic-metro/6.jpg,https://www.catalogueau.com/coles/#catalogue=coles/coles-catalogue-october-23-29-2024-vic-metro/,unit_price,unit_price,1,review
Coles,VIC METRO,"Coles Catalogue October 23 - 29, 2024 VIC METRO",2024-10-23,2024-10-30,6,Schick Intuition Lemon & Berry Razor Kit 1 Pack,72.5,130.0,57.5,44.23,save_amount,1 Pack,,SAVE57.50 | WASS | Schick Intuition Lemon & Berry | Razor Kit 1 Pack,79.0,True,low_name_confidence_strict;single_price_evidence,https://caau.syd1.cdn.digitaloceanspaces.com/wp-content/uploads/catalogue/coles/coles-catalogue-october-23-29-2024-vic-metro/6.jpg,https://www.catalogueau.com/coles/#catalogue=coles/coles-catalogue-october-23-29-2024-vic-metro/,displayed_price,displayed_price,1,review
Coles,VIC METRO,"Coles Catalogue October 23 - 29, 2024 VIC METRO",2024-10-23,2024-10-30,6,Gillette Venus White Tea Comforglide Razor Kit with 2 Blades 1 Pack,8.75,17.5,8.75,50.0,half_price,1 Pack,,SAVES8.75 | WASS1750 | Gillette Venus White Tea | Comforglide Razor Kit with | 2 Blades 1 Pack,95.51,True,single_price_evidence,https://caau.syd1.cdn.digitaloceanspaces.com/wp-content/uploads/catalogue/coles/coles-catalogue-october-23-29-2024-vic-metro/6.jpg,https://www.catalogueau.com/coles/#catalogue=coles/coles-catalogue-october-23-29-2024-vic-metro/,save_was_arithmetic,save_was_arithmetic,1,review
Coles,VIC METRO,"Coles Catalogue October 23 - 29, 2024 VIC METRO",2024-10-23,2024-10-30,6,Neutrogena Make Up Remover Wipes 25 Pack,4.25,8.5,4.25,50.0,half_price,25 Pack,$0.17 per each,SAVE%4.25 | WASS8.50 | Neutrogena Make Up Remover | Wipes 25 Pack $0.17 per each | oe | er,96.54,False,,https://caau.syd1.cdn.digitaloceanspaces.com/wp-content/uploads/catalogue/coles/coles-catalogue-october-23-29-2024-vic-metro/6.jpg,https://www.catalogueau.com/coles/#catalogue=coles/coles-catalogue-october-23-29-2024-vic-metro/,save_was_arithmetic,displayed_price;save_was_arithmetic,2,verified
Coles,VIC METRO,"Coles Catalogue October 23 - 29, 2024 VIC METRO",2024-10-23,2024-10-30,6,Tresemmé Shampoo or Conditioner 940mL,8.0,16.0,8.0,50.0,half_price,940mL,,SAVES8 | WASS16 | Tresemmé Shampoo or | Conditioner 940mL $0.85 per | 100mL. 2nd week on sale,93.88,False,,https://caau.syd1.cdn.digitaloceanspaces.com/wp-content/uploads/catalogue/coles/coles-catalogue-october-23-29-2024-vic-metro/6.jpg,https://www.catalogueau.com/coles/#catalogue=coles/coles-catalogue-october-23-29-2024-vic-metro/,save_was_arithmetic,displayed_price;save_was_arithmetic,2,verified
Coles,VIC METRO,"Coles Catalogue October 23 - 29, 2024 VIC METRO",2024-10-23,2024-10-30,6,Maybelline Sky High Mascara 7.2mL,13.0,26.0,13.0,50.0,half_price,7.2mL,,SAVES13 | WAS$26 | Maybelline Sky High Mascara | 7.2mL $18.06 per 10mL | VIC-METRO-2310-24-298365,91.19,False,,https://caau.syd1.cdn.digitaloceanspaces.com/wp-content/uploads/catalogue/coles/coles-catalogue-october-23-29-2024-vic-metro/6.jpg,https://www.catalogueau.com/coles/#catalogue=coles/coles-catalogue-october-23-29-2024-vic-metro/,save_was_arithmetic,displayed_price;save_was_arithmetic,2,verified
Coles,VIC METRO,"Coles Catalogue October 23 - 29, 2024 VIC METRO",2024-10-23,2024-10-30,6,Listerine Freshburst or Freshburst Zero Mouthwash 500mL,4.0,8.0,4.0,50.0,half_price,500mL,$0.80 per 100mL,"SAVES4 | WASS8 | Listerine Freshburst or Freshburst | Zero Mouthwash 500mL | $0.80 per 100mL | TExcludes Every Day, Down Down & clearance lfems | 6",92.21,False,,https://caau.syd1.cdn.digitaloceanspaces.com/wp-content/uploads/catalogue/coles/coles-catalogue-october-23-29-2024-vic-metro/6.jpg,https://www.catalogueau.com/coles/#catalogue=coles/coles-catalogue-october-23-29-2024-vic-metro/,save_was_arithmetic,displayed_price;save_was_arithmetic;unit_price,3,verified
Coles,VIC METRO,"Coles Catalogue October 23 - 29, 2024 VIC METRO",2024-10-23,2024-10-30,6,Oral B Pro 2500X Electric Toothbrush 1 Each,75.0,150.0,75.0,50.0,half_price,,,WASS150 | WASS150 | Oral B Pro 2500X Electric | Toothbrush 1 Each,95.16,True,inferred_price_requires_review,https://caau.syd1.cdn.digitaloceanspaces.com/wp-content/uploads/catalogue/coles/coles-catalogue-october-23-29-2024-vic-metro/6.jpg,https://www.catalogueau.com/coles/#catalogue=coles/coles-catalogue-october-23-29-2024-vic-metro/,displayed_price,displayed_price;page_discount,1,review
Coles,VIC METRO,"Coles Catalogue October 23 - 29, 2024 VIC METRO",2024-10-23,2024-10-30,7,Morning Fresh Dishwashing Liquid 400mL,2.75,5.5,2.75,50.0,half_price,400mL,$0.69 per 100mL,SAVE52.75 | WASS5.50 | Morning Fresh Dishwashing | Liquid 400mL $0.69 per 100mL,93.27,True,single_price_evidence,https://caau.syd1.cdn.digitaloceanspaces.com/wp-content/uploads/catalogue/coles/coles-catalogue-october-23-29-2024-vic-metro/7.jpg,https://www.catalogueau.com/coles/#catalogue=coles/coles-catalogue-october-23-29-2024-vic-metro/,unit_price,unit_price,1,review
Coles,VIC METRO,"Coles Catalogue October 23 - 29, 2024 VIC METRO",2024-10-23,2024-10-30,7,Glen 20 Disinfectant Spray 300g,4.75,9.5,4.75,50.0,half_price,300g,$1.58 per 100g,SAVE%4.75 | WASS9.50 | Glen 20 Disinfectant Spray 300g | $1.58 per 100g | 100g,96.6,False,,https://caau.syd1.cdn.digitaloceanspaces.com/wp-content/uploads/catalogue/coles/coles-catalogue-october-23-29-2024-vic-metro/7.jpg,https://www.catalogueau.com/coles/#catalogue=coles/coles-catalogue-october-23-29-2024-vic-metro/,save_was_arithmetic,save_was_arithmetic;unit_price,2,verified
Coles,VIC METRO,"Coles Catalogue October 23 - 29, 2024 VIC METRO",2024-10-23,2024-10-30,7,Finish Rinse & Shine Aid 500mL,5.75,11.5,5.75,50.0,half_price,500mL,$1.15 per 100mL,SAVES5.75 | WASS11.50 | Finish Rinse & Shine Aid 500mL | $1.15 per 100mL,94.38,False,,https://caau.syd1.cdn.digitaloceanspaces.com/wp-content/uploads/catalogue/coles/coles-catalogue-october-23-29-2024-vic-metro/7.jpg,https://www.catalogueau.com/coles/#catalogue=coles/coles-catalogue-october-23-29-2024-vic-metro/,save_was_arithmetic,save_was_arithmetic;unit_price,2,verified
Coles,VIC METRO,"Coles Catalogue October 23 - 29, 2024 VIC METRO",2024-10-23,2024-10-30,7,Comfort Fabric Conditioner Fragrance Collection 900mL,5.0,10.0,5.0,50.0,half_price,900mL,$5.56 per litre,SAVE $5 | WASS10 | Comfort Fabric Conditioner | Fragrance Collection 900mL | $5.56 per litre | GE | NEW,94.67,False,,https://caau.syd1.cdn.digitaloceanspaces.com/wp-content/uploads/catalogue/coles/coles-catalogue-october-23-29-2024-vic-metro/7.jpg,https://www.catalogueau.com/coles/#catalogue=coles/coles-catalogue-october-23-29-2024-vic-metro/,save_was_arithmetic,save_was_arithmetic;unit_price,2,verified
Coles,VIC METRO,"Coles Catalogue October 23 - 29, 2024 VIC METRO",2024-10-23,2024-10-30,7,Comfort X Dusk In-Wash Scent Booster Beads 200g,9.0,18.0,9.0,50.0,half_price,200g,$45.00 per kg,SAVES9 | WASS18 | Comfort X Dusk In-Wash Scent | Booster Beads 200g | $45.00 per kg,94.84,False,,https://caau.syd1.cdn.digitaloceanspaces.com/wp-content/uploads/catalogue/coles/coles-catalogue-october-23-29-2024-vic-metro/7.jpg,https://www.catalogueau.com/coles/#catalogue=coles/coles-catalogue-october-23-29-2024-vic-metro/,save_was_arithmetic,displayed_price;save_was_arithmetic;unit_price,3,verified
Coles,VIC METRO,"Coles Catalogue October 23 - 29, 2024 VIC METRO",2024-10-23,2024-10-30,7,Earthwise Laundry Liquid 2 Litre or Capsules 26 Pack,10.0,20.0,10.0,50.0,half_price,2 Litre; 26 Pack,,SAVES10 | Earthwise Laundry Liquid 2 Litre | or Capsules 26 Pack | VIC-METRO-2310-24-298365,95.67,True,single_price_evidence,https://caau.syd1.cdn.digitaloceanspaces.com/wp-content/uploads/catalogue/coles/coles-catalogue-october-23-29-2024-vic-metro/7.jpg,https://www.catalogueau.com/coles/#catalogue=coles/coles-catalogue-october-23-29-2024-vic-metro/,displayed_price,displayed_price,1,review
Coles,VIC METRO,"Coles Catalogue October 23 - 29, 2024 VIC METRO",2024-10-23,2024-10-30,7,Omo Ultimate Laundry Liquid 2 Litre or Powder 2kg,16.0,32.0,16.0,50.0,half_price,2 Litre; 2kg,,SAVES16 | ‘WAS§32 | Omo Ultimate Laundry Liquid | 2 Litre or Powder 2kg | On sale for 2 weeks | 7,95.09,False,,https://caau.syd1.cdn.digitaloceanspaces.com/wp-content/uploads/catalogue/coles/coles-catalogue-october-23-29-2024-vic-metro/7.jpg,https://www.catalogueau.com/coles/#catalogue=coles/coles-catalogue-october-23-29-2024-vic-metro/,save_was_arithmetic,displayed_price;save_was_arithmetic,2,verified
Coles,VIC METRO,"Coles Catalogue October 23 - 29, 2024 VIC METRO",2024-10-23,2024-10-30,7,Bref Liquid 600mL-700mL or In The Bowl Toilet Cleaner 42g-50g,350.5,701.0,350.5,50.0,half_price,600mL; 700mL; 42g; 50g,,Bref Liquid 600mL-700mL or In | The Bowl Toilet Cleaner 42g-50g,91.72,True,offer_labels_missing;regular_and_save_inferred_from_half_price;inferred_price_requires_review,https://caau.syd1.cdn.digitaloceanspaces.com/wp-content/uploads/catalogue/coles/coles-catalogue-october-23-29-2024-vic-metro/7.jpg,https://www.catalogueau.com/coles/#catalogue=coles/coles-catalogue-october-23-29-2024-vic-metro/,displayed_price,displayed_price;grid_inference,1,review
Coles,VIC METRO,"Coles Catalogue October 23 - 29, 2024 VIC METRO",2024-10-23,2024-10-30,7,Vanish Napisan Oxi Action Gold Pro Stain Remover 2kg,18.0,36.0,18.0,50.0,half_price,2kg,$9.00 per kg,Vanish Napisan Oxi Action Gold | Pro Stain Remover 2kg | $9.00 per kg,94.54,True,offer_labels_missing;regular_and_save_inferred_from_half_price,https://caau.syd1.cdn.digitaloceanspaces.com/wp-content/uploads/catalogue/coles/coles-catalogue-october-23-29-2024-vic-metro/7.jpg,https://www.catalogueau.com/coles/#catalogue=coles/coles-catalogue-october-23-29-2024-vic-metro/,displayed_price,displayed_price;grid_inference;unit_price,2,review
Coles,VIC METRO,"Coles Catalogue October 23 - 29, 2024 VIC METRO",2024-10-23,2024-10-30,8,Amaysim,20.0,40.0,20.0,50.0,half_price,,,SAVE‘20 | Amaysim $30 Starter Pack | *32GB + 18GB bonus data for first 3 renewals,94.47,True,single_price_evidence,https://caau.syd1.cdn.digitaloceanspaces.com/wp-content/uploads/catalogue/coles/coles-catalogue-october-23-29-2024-vic-metro/8.jpg,https://www.catalogueau.com/coles/#catalogue=coles/coles-catalogue-october-23-29-2024-vic-metro/,unknown,,0,review
Coles,VIC METRO,"Coles Catalogue October 23 - 29, 2024 VIC METRO",2024-10-23,2024-10-30,8,NRG Batteries AA or AAA 24 Pack,13.25,26.5,13.25,50.0,half_price,24 Pack,$0.55 per each,SAVE513.25 | WAS$26.50 | NRG Batteries AA or AAA 24 Pack | $0.55 per each | SESRESTITS or,96.27,True,single_price_evidence,https://caau.syd1.cdn.digitaloceanspaces.com/wp-content/uploads/catalogue/coles/coles-catalogue-october-23-29-2024-vic-metro/8.jpg,https://www.catalogueau.com/coles/#catalogue=coles/coles-catalogue-october-23-29-2024-vic-metro/,unknown,,0,review
Coles,VIC METRO,"Coles Catalogue October 23 - 29, 2024 VIC METRO",2024-10-23,2024-10-30,8,Mortein NaturGard Multi Insect Indoor & Outdoor Automatic Spray 1 Pack,20.0,40.0,20.0,50.0,half_price,1 Pack,,SAVE‘20 | ‘WASS40 | Mortein NaturGard Multi Insect Indoor & Outdoor | Automatic Spray 1 Pack | ———— | = | —,95.29,False,,https://caau.syd1.cdn.digitaloceanspaces.com/wp-content/uploads/catalogue/coles/coles-catalogue-october-23-29-2024-vic-metro/8.jpg,https://www.catalogueau.com/coles/#catalogue=coles/coles-catalogue-october-23-29-2024-vic-metro/,save_was_arithmetic,displayed_price;save_was_arithmetic,2,verified
Coles,VIC METRO,"Coles Catalogue October 23 - 29, 2024 VIC METRO",2024-10-23,2024-10-30,8,Finish Ultimate Plus Dishwashing Tablets 64 Pack,36.5,73.0,36.5,50.0,half_price,64 Pack,$0.57 per each,SAVE536.50 | WAS$73 | Finish Ultimate Plus Dishwashing Tablets | 64 Pack $0.57 per each,96.31,True,single_price_evidence,https://caau.syd1.cdn.digitaloceanspaces.com/wp-content/uploads/catalogue/coles/coles-catalogue-october-23-29-2024-vic-metro/8.jpg,https://www.catalogueau.com/coles/#catalogue=coles/coles-catalogue-october-23-29-2024-vic-metro/,unknown,,0,review
Coles,VIC METRO,"Coles Catalogue October 23 - 29, 2024 VIC METRO",2024-10-23,2024-10-30,8,Handee Ultra Paper Towel 2 Pack,1.92,3.85,1.93,50.13,half_price,2 Pack,$1.60 per 100,SAVE51.93 | WAS$3.85 | Handee Ultra Paper Towel 2 Pack | $1.60 per 100 sheets,95.1,True,single_price_evidence,https://caau.syd1.cdn.digitaloceanspaces.com/wp-content/uploads/catalogue/coles/coles-catalogue-october-23-29-2024-vic-metro/8.jpg,https://www.catalogueau.com/coles/#catalogue=coles/coles-catalogue-october-23-29-2024-vic-metro/,unknown,,0,review
Coles,VIC METRO,"Coles Catalogue October 23 - 29, 2024 VIC METRO",2024-10-23,2024-10-30,8,Redheads Turbo Gas Match Lighter 1 Pack,7.0,14.0,7.0,50.0,half_price,1 Pack,$7.00 per each,SAVES7 | WASS14 | Redheads Turbo Gas Match | Lighter 1 Pack $7.00 per each | Onetall | Onetall,96.44,False,,https://caau.syd1.cdn.digitaloceanspaces.com/wp-content/uploads/catalogue/coles/coles-catalogue-october-23-29-2024-vic-metro/8.jpg,https://www.catalogueau.com/coles/#catalogue=coles/coles-catalogue-october-23-29-2024-vic-metro/,save_was_arithmetic,save_was_arithmetic;unit_price,2,verified
Coles,VIC METRO,"Coles Catalogue October 23 - 29, 2024 VIC METRO",2024-10-23,2024-10-30,8,urchases via 0/24. Excludes Variable Load Ultimate,10.0,,,,special,,,urchases via | 0/24. Excludes Variable Load Ultimate | g | e used to | Bi | 3,76.01,True,offer_labels_missing;save_amount_missing;regular_price_missing;low_name_confidence_strict;product_name_suspicious;single_price_evidence,https://caau.syd1.cdn.digitaloceanspaces.com/wp-content/uploads/catalogue/coles/coles-catalogue-october-23-29-2024-vic-metro/8.jpg,https://www.catalogueau.com/coles/#catalogue=coles/coles-catalogue-october-23-29-2024-vic-metro/,displayed_price,displayed_price,1,review
Coles,VIC METRO,"Coles Catalogue October 23 - 29, 2024 VIC METRO",2024-10-23,2024-10-30,9,Darrell Lea Soft Centres 255 or Rocklea Road Gift Box 290g,7.0,14.0,7.0,50.0,half_price,290g,,SAVE57 | WASS14 | Darrell Lea Soft Centres 255 | or Rocklea Road Gift Box 290g | 2nd week on sale | Iu,79.0,True,low_name_confidence_strict;single_price_evidence,https://caau.syd1.cdn.digitaloceanspaces.com/wp-content/uploads/catalogue/coles/coles-catalogue-october-23-29-2024-vic-metro/9.jpg,https://www.catalogueau.com/coles/#catalogue=coles/coles-catalogue-october-23-29-2024-vic-metro/,displayed_price,displayed_price,1,review
Coles,VIC METRO,"Coles Catalogue October 23 - 29, 2024 VIC METRO",2024-10-23,2024-10-30,9,Ferrero Raffaello Gift Box 26 Pack 260g,9.0,18.0,9.0,50.0,half_price,26 Pack; 260g,$3.46 per 100g,SAVES9 | WASS18 | Ferrero Raffaello Gift Box | 26 Pack 260g $3.46 per 100g | 9 | x,96.43,False,,https://caau.syd1.cdn.digitaloceanspaces.com/wp-content/uploads/catalogue/coles/coles-catalogue-october-23-29-2024-vic-metro/9.jpg,https://www.catalogueau.com/coles/#catalogue=coles/coles-catalogue-october-23-29-2024-vic-metro/,save_was_arithmetic,displayed_price;save_was_arithmetic;unit_price,3,verified
Coles,VIC METRO,"Coles Catalogue October 23 - 29, 2024 VIC METRO",2024-10-23,2024-10-30,9,Lindt Cornet 327g-333g 2nd week,13.0,26.0,13.0,50.0,half_price,327g; 333g,,SAVE °13 | WASS26 | Lindt Cornet 327g-333g | 2nd week on sale | seas | - | M7,79.0,True,low_name_confidence_strict,https://caau.syd1.cdn.digitaloceanspaces.com/wp-content/uploads/catalogue/coles/coles-catalogue-october-23-29-2024-vic-metro/9.jpg,https://www.catalogueau.com/coles/#catalogue=coles/coles-catalogue-october-23-29-2024-vic-metro/,save_was_arithmetic,displayed_price;save_was_arithmetic,2,review
Coles,VIC METRO,"Coles Catalogue October 23 - 29, 2024 VIC METRO",2024-10-23,2024-10-30,9,Ferrero Rocher 30 Pack 375g or Collection Gift Box 24 Pack 269g,15.0,30.0,15.0,50.0,half_price,30 Pack; 375g; 24 Pack; 269g,,SAVES15 | WAS$30 | Ferrero Rocher 30 Pack 375g or | Collection Gift Box 24 Pack 269g | LG | 0,96.27,False,,https://caau.syd1.cdn.digitaloceanspaces.com/wp-content/uploads/catalogue/coles/coles-catalogue-october-23-29-2024-vic-metro/9.jpg,https://www.catalogueau.com/coles/#catalogue=coles/coles-catalogue-october-23-29-2024-vic-metro/,save_was_arithmetic,displayed_price;save_was_arithmetic,2,verified
Coles,VIC METRO,"Coles Catalogue October 23 - 29, 2024 VIC METRO",2024-10-23,2024-10-30,9,Toblerone Tinies 640g,15.0,30.0,15.0,50.0,half_price,640g,$2.34 per 100g,SAVES15 | WAS$30 | Toblerone Tinies 640g | $2.34 per 100g | 2,92.83,False,,https://caau.syd1.cdn.digitaloceanspaces.com/wp-content/uploads/catalogue/coles/coles-catalogue-october-23-29-2024-vic-metro/9.jpg,https://www.catalogueau.com/coles/#catalogue=coles/coles-catalogue-october-23-29-2024-vic-metro/,save_was_arithmetic,displayed_price;save_was_arithmetic;unit_price,3,verified
Coles,VIC METRO,"Coles Catalogue October 23 - 29, 2024 VIC METRO",2024-10-23,2024-10-30,9,Cadbury Favourites Ultimate Share 820g,16.0,32.0,16.0,50.0,half_price,820g,$1.95 per 100g,"SAVESI6 | WAS$32 | Cadbury Favourites Ultimate | Share 820g $1.95 per 100g | S | <a,",93.75,False,,https://caau.syd1.cdn.digitaloceanspaces.com/wp-content/uploads/catalogue/coles/coles-catalogue-october-23-29-2024-vic-metro/9.jpg,https://www.catalogueau.com/coles/#catalogue=coles/coles-catalogue-october-23-29-2024-vic-metro/,save_was_arithmetic,displayed_price;save_was_arithmetic;unit_price,3,verified
Coles,VIC METRO,"Coles Catalogue October 23 - 29, 2024 VIC METRO",2024-10-23,2024-10-30,9,Cadbury Roses Tin 600g,17.0,34.0,17.0,50.0,half_price,600g,$2.83 per 100g,SAVES17 | ‘WAS$34 | Cadbury Roses Tin 600g | $2.83 per 100g | VIC-METRO-231 0-24-298365,95.52,False,,https://caau.syd1.cdn.digitaloceanspaces.com/wp-content/uploads/catalogue/coles/coles-catalogue-october-23-29-2024-vic-metro/9.jpg,https://www.catalogueau.com/coles/#catalogue=coles/coles-catalogue-october-23-29-2024-vic-metro/,save_was_arithmetic,displayed_price;save_was_arithmetic;unit_price,3,verified
Coles,VIC METRO,"Coles Catalogue October 23 - 29, 2024 VIC METRO",2024-10-23,2024-10-30,9,Lindt Lindor Limited Edition Bag 468g or Christmas Collection Bag 390g,18.0,36.0,18.0,50.0,half_price,468g; 390g,,SAVES18 | WASS36 | Lindt Lindor Limited Edition Bag | 468g or Christmas Collection | Bag 390g,96.02,False,,https://caau.syd1.cdn.digitaloceanspaces.com/wp-content/uploads/catalogue/coles/coles-catalogue-october-23-29-2024-vic-metro/9.jpg,https://www.catalogueau.com/coles/#catalogue=coles/coles-catalogue-october-23-29-2024-vic-metro/,save_was_arithmetic,displayed_price;save_was_arithmetic,2,verified
Coles,VIC METRO,"Coles Catalogue October 23 - 29, 2024 VIC METRO",2024-10-23,2024-10-30,9,Lindt Lindor Limited Edition Round Tin 396g,19.0,38.0,19.0,50.0,half_price,396g,$4.80 per 100g,Lindt Lindor Limited Edition | Round Tin 396g $4.80 per 100g,95.75,True,offer_labels_missing;regular_and_save_inferred_from_half_price,https://caau.syd1.cdn.digitaloceanspaces.com/wp-content/uploads/catalogue/coles/coles-catalogue-october-23-29-2024-vic-metro/9.jpg,https://www.catalogueau.com/coles/#catalogue=coles/coles-catalogue-october-23-29-2024-vic-metro/,displayed_price,displayed_price;grid_inference;unit_price,2,review
Coles,VIC METRO,"Coles Catalogue October 23 - 29, 2024 VIC METRO",2024-10-23,2024-10-30,10,Cadbury Sharepacks Pecks,3.0,6.0,3.0,50.0,half_price,,,SAVES3 | WASS6 | a) | Cadbury Sharepacks | Pecks | | | 120g-180g | gS,56.44,True,low_ocr_confidence;low_name_confidence_strict,https://caau.syd1.cdn.digitaloceanspaces.com/wp-content/uploads/catalogue/coles/coles-catalogue-october-23-29-2024-vic-metro/10.jpg,https://www.catalogueau.com/coles/#catalogue=coles/coles-catalogue-october-23-29-2024-vic-metro/,save_was_arithmetic,displayed_price;save_was_arithmetic,2,review
Coles,VIC METRO,"Coles Catalogue October 23 - 29, 2024 VIC METRO",2024-10-23,2024-10-30,10,The Natural Confectionery Co. 130g-230g,2.5,5.0,2.5,50.0,half_price,130g; 230g,,"SAVES2.50 | WASS5 | The Natural Confectionery Co. | 130g-230g | DAIRY MILK, THE GLASS AND A HALF DEVICE AND THE COLOUR PURPLE ARE TRADE MARKS",94.26,True,single_price_evidence,https://caau.syd1.cdn.digitaloceanspaces.com/wp-content/uploads/catalogue/coles/coles-catalogue-october-23-29-2024-vic-metro/10.jpg,https://www.catalogueau.com/coles/#catalogue=coles/coles-catalogue-october-23-29-2024-vic-metro/,save_was_arithmetic,save_was_arithmetic,1,review
Coles,VIC METRO,"Coles Catalogue October 23 - 29, 2024 VIC METRO",2024-10-23,2024-10-30,10,freddo,2.0,,,,special,,,freddo,90.77,True,offer_labels_missing;save_amount_missing;regular_price_missing;single_price_evidence,https://caau.syd1.cdn.digitaloceanspaces.com/wp-content/uploads/catalogue/coles/coles-catalogue-october-23-29-2024-vic-metro/10.jpg,https://www.catalogueau.com/coles/#catalogue=coles/coles-catalogue-october-23-29-2024-vic-metro/,displayed_price,displayed_price,1,review
Coles,VIC METRO,"Coles Catalogue October 23 - 29, 2024 VIC METRO",2024-10-23,2024-10-30,11,Mars Chocolate Bar 30g,1.0,2.2,1.2,54.55,save_amount,30g,,SAVES1.20 | Mars Chocolate Bar | 30g | ig:,79.0,True,low_name_confidence_strict;single_price_evidence,https://caau.syd1.cdn.digitaloceanspaces.com/wp-content/uploads/catalogue/coles/coles-catalogue-october-23-29-2024-vic-metro/11.jpg,https://www.catalogueau.com/coles/#catalogue=coles/coles-catalogue-october-23-29-2024-vic-metro/,displayed_price,displayed_price,1,review
Coles,VIC METRO,"Coles Catalogue October 23 - 29, 2024 VIC METRO",2024-10-23,2024-10-30,11,Nestlé Chocolate Bar 35g-50g or Reese's Cup 39g,1.25,2.5,1.25,50.0,half_price,35g; 50g; 39g,,SAVES1.25 | WASS$2.50 | Nestlé Chocolate Bar 35g-50g | or Reese's Cup 39g | Kinder! —,95.08,False,,https://caau.syd1.cdn.digitaloceanspaces.com/wp-content/uploads/catalogue/coles/coles-catalogue-october-23-29-2024-vic-metro/11.jpg,https://www.catalogueau.com/coles/#catalogue=coles/coles-catalogue-october-23-29-2024-vic-metro/,save_was_arithmetic,displayed_price;save_was_arithmetic,2,verified
Coles,VIC METRO,"Coles Catalogue October 23 - 29, 2024 VIC METRO",2024-10-23,2024-10-30,11,Sour Patch 190g or Pascall Candy 180g-300g,50.0,52.5,2.5,4.76,save_amount,190g; 180g; 300g,,SAVES2.50 | Sour Patch 190g or Pascall | Candy 180g-300g,93.19,True,single_price_evidence,https://caau.syd1.cdn.digitaloceanspaces.com/wp-content/uploads/catalogue/coles/coles-catalogue-october-23-29-2024-vic-metro/11.jpg,https://www.catalogueau.com/coles/#catalogue=coles/coles-catalogue-october-23-29-2024-vic-metro/,displayed_price,displayed_price,1,review
Coles,VIC METRO,"Coles Catalogue October 23 - 29, 2024 VIC METRO",2024-10-23,2024-10-30,11,Kinder Multipack Tronky or Happy Hippo Biscuit Bars 90g-103.5g 2nd week,3.5,5.0,1.5,30.0,save_amount,90g; 103.5g,,SAVES1.50 | Kinder Multipack Tronky or | Happy Hippo Biscuit Bars | 90g-103.5g 2nd week on sale,95.0,True,single_price_evidence,https://caau.syd1.cdn.digitaloceanspaces.com/wp-content/uploads/catalogue/coles/coles-catalogue-october-23-29-2024-vic-metro/11.jpg,https://www.catalogueau.com/coles/#catalogue=coles/coles-catalogue-october-23-29-2024-vic-metro/,displayed_price,displayed_price,1,review
Coles,VIC METRO,"Coles Catalogue October 23 - 29, 2024 VIC METRO",2024-10-23,2024-10-30,11,Gumi Yum 21g,2.4,62.4,60.0,96.15,save_amount,21g,$11.43 per 100g,SAVE 60‘ | Gumi Yum 21g | $11.43 per 100g | On sale for 2 weeks | e,96.37,False,,https://caau.syd1.cdn.digitaloceanspaces.com/wp-content/uploads/catalogue/coles/coles-catalogue-october-23-29-2024-vic-metro/11.jpg,https://www.catalogueau.com/coles/#catalogue=coles/coles-catalogue-october-23-29-2024-vic-metro/,displayed_price,displayed_price;unit_price,2,verified
Coles,VIC METRO,"Coles Catalogue October 23 - 29, 2024 VIC METRO",2024-10-23,2024-10-30,11,Coles Halloween Spooky Eyeball Biscuit 40g,1.8,21.8,20.0,91.74,save_amount,40g,$4.50 per 100,SAVE 20° | Coles Halloween Spooky Eyeball | Biscuit 40g $4.50 per 100 | From the Bakery. While stocks last. | No rainchecks | 1],92.3,True,single_price_evidence,https://caau.syd1.cdn.digitaloceanspaces.com/wp-content/uploads/catalogue/coles/coles-catalogue-october-23-29-2024-vic-metro/11.jpg,https://www.catalogueau.com/coles/#catalogue=coles/coles-catalogue-october-23-29-2024-vic-metro/,unit_price,unit_price,1,review
Coles,VIC METRO,"Coles Catalogue October 23 - 29, 2024 VIC METRO",2024-10-23,2024-10-30,11,Coles Halloween Cookies 15 Pack 150g,5.8,6.5,0.7,10.77,save_amount,15 Pack; 150g,$3.87 per 100g,SAVE70* | WASS6.50 | Coles Halloween Cookies | 15 Pack 150g $3.87 per 100g | 2nd week on sale. | While stocks last. No rainchecks,96.44,True,single_price_evidence,https://caau.syd1.cdn.digitaloceanspaces.com/wp-content/uploads/catalogue/coles/coles-catalogue-october-23-29-2024-vic-metro/11.jpg,https://www.catalogueau.com/coles/#catalogue=coles/coles-catalogue-october-23-29-2024-vic-metro/,unit_price,unit_price,1,review
Coles,VIC METRO,"Coles Catalogue October 23 - 29, 2024 VIC METRO",2024-10-23,2024-10-30,11,"Mars M&M's, Maltesers or Pods 120g-180g",8.0,12.0,4.0,33.33,save_amount,120g; 180g,,"SAVES4 | Mars M&M's, Maltesers | or Pods 120g-180g | VIC-METRO-231 0-24-298365",92.75,True,single_price_evidence,https://caau.syd1.cdn.digitaloceanspaces.com/wp-content/uploads/catalogue/coles/coles-catalogue-october-23-29-2024-vic-metro/11.jpg,https://www.catalogueau.com/coles/#catalogue=coles/coles-catalogue-october-23-29-2024-vic-metro/,displayed_price,displayed_price,1,review
Coles,VIC METRO,"Coles Catalogue October 23 - 29, 2024 VIC METRO",2024-10-23,2024-10-30,13,Bhuja Mix 140g-160g @,3.0,4.5,1.5,33.33,save_amount,140g; 160g,,WASS4.50 | WASS4.50 | Bhuja Mix 140g-160g | @,46.26,True,low_ocr_confidence;low_name_confidence_strict;single_price_evidence,https://caau.syd1.cdn.digitaloceanspaces.com/wp-content/uploads/catalogue/coles/coles-catalogue-october-23-29-2024-vic-metro/13.jpg,https://www.catalogueau.com/coles/#catalogue=coles/coles-catalogue-october-23-29-2024-vic-metro/,displayed_price,displayed_price,1,review
Coles,VIC METRO,"Coles Catalogue October 23 - 29, 2024 VIC METRO",2024-10-23,2024-10-30,13,Popcorners 130g,3.35,4.8,1.45,30.21,save_amount,130g,$2.58 per 100g,WAS$4.80_ | WAS$4.80_ | Popcorners 130g | $2.58 per 100g | =) @ | = | @,93.6,False,,https://caau.syd1.cdn.digitaloceanspaces.com/wp-content/uploads/catalogue/coles/coles-catalogue-october-23-29-2024-vic-metro/13.jpg,https://www.catalogueau.com/coles/#catalogue=coles/coles-catalogue-october-23-29-2024-vic-metro/,displayed_price,displayed_price;unit_price,2,verified
Coles,VIC METRO,"Coles Catalogue October 23 - 29, 2024 VIC METRO",2024-10-23,2024-10-30,13,Thins Potato Chips 150g-175g,3.5,5.0,1.5,30.0,save_amount,150g; 175g,,WASS5 | WASS5 | Thins Potato Chips | 150g-175g | VIC-METRO-231 0-24-298365,92.92,True,single_price_evidence,https://caau.syd1.cdn.digitaloceanspaces.com/wp-content/uploads/catalogue/coles/coles-catalogue-october-23-29-2024-vic-metro/13.jpg,https://www.catalogueau.com/coles/#catalogue=coles/coles-catalogue-october-23-29-2024-vic-metro/,displayed_price,displayed_price,1,review
Coles,VIC METRO,"Coles Catalogue October 23 - 29, 2024 VIC METRO",2024-10-23,2024-10-30,13,CC's Corn Chips 175g or Cornados 110g,3.0,,,,special,175g; 110g,,"CC's Corn Chips 175g | or Cornados 110g | PACKS | gust,",93.29,True,offer_labels_missing;save_amount_missing;regular_price_missing;inferred_price_requires_review,https://caau.syd1.cdn.digitaloceanspaces.com/wp-content/uploads/catalogue/coles/coles-catalogue-october-23-29-2024-vic-metro/13.jpg,https://www.catalogueau.com/coles/#catalogue=coles/coles-catalogue-october-23-29-2024-vic-metro/,displayed_price,displayed_price;grid_inference,1,review
Coles,VIC METRO,"Coles Catalogue October 23 - 29, 2024 VIC METRO",2024-10-23,2024-10-30,13,Smith's Potato Chips 18 Pack-20 Pack,2.0,,,,special,18 Pack; 20 Pack,,=] | ae | Smith's Potato Chips | 18 Pack-20 Pack,95.03,True,offer_labels_missing;save_amount_missing;regular_price_missing;single_price_evidence,https://caau.syd1.cdn.digitaloceanspaces.com/wp-content/uploads/catalogue/coles/coles-catalogue-october-23-29-2024-vic-metro/13.jpg,https://www.catalogueau.com/coles/#catalogue=coles/coles-catalogue-october-23-29-2024-vic-metro/,displayed_price,displayed_price,1,review
Coles,VIC METRO,"Coles Catalogue October 23 - 29, 2024 VIC METRO",2024-10-23,2024-10-30,13,Cheezels or Parkers Pretzels 6 Pack or Grainwaves 5 Pack,7.0,,,,special,6 Pack; 5 Pack,,Cheezels or Parkers Pretzels | 6 Pack or Grainwaves 5 Pack,94.75,True,offer_labels_missing;save_amount_missing;regular_price_missing;single_price_evidence,https://caau.syd1.cdn.digitaloceanspaces.com/wp-content/uploads/catalogue/coles/coles-catalogue-october-23-29-2024-vic-metro/13.jpg,https://www.catalogueau.com/coles/#catalogue=coles/coles-catalogue-october-23-29-2024-vic-metro/,displayed_price,displayed_price,1,review
Coles,VIC METRO,"Coles Catalogue October 23 - 29, 2024 VIC METRO",2024-10-23,2024-10-30,14,Halloween Paper Plates 10 Pack While stocks last. No rainchecks,10.0,,,,special,10 Pack,,Halloween Paper Plates 10 Pack | While stocks last. No rainchecks,95.59,True,offer_labels_missing;save_amount_missing;regular_price_missing;single_price_evidence,https://caau.syd1.cdn.digitaloceanspaces.com/wp-content/uploads/catalogue/coles/coles-catalogue-october-23-29-2024-vic-metro/14.jpg,https://www.catalogueau.com/coles/#catalogue=coles/coles-catalogue-october-23-29-2024-vic-metro/,displayed_price,displayed_price,1,review
Coles,VIC METRO,"Coles Catalogue October 23 - 29, 2024 VIC METRO",2024-10-23,2024-10-30,14,Halloween Serviettes 25 Pack While stocks last. No rainchecks,10.0,,,,special,25 Pack,,Halloween Serviettes 25 Pack | While stocks last. No rainchecks | MANDARNS,94.18,True,offer_labels_missing;save_amount_missing;regular_price_missing;single_price_evidence,https://caau.syd1.cdn.digitaloceanspaces.com/wp-content/uploads/catalogue/coles/coles-catalogue-october-23-29-2024-vic-metro/14.jpg,https://www.catalogueau.com/coles/#catalogue=coles/coles-catalogue-october-23-29-2024-vic-metro/,displayed_price,displayed_price,1,review
Coles,VIC METRO,"Coles Catalogue October 23 - 29, 2024 VIC METRO",2024-10-23,2024-10-30,14,Black Swan Favourites Dip 200g,7.0,,,,special,200g,$1.75 per 100g,Black Swan Favourites Dip 200g | $1.75 per 100g,96.59,True,offer_labels_missing;save_amount_missing;regular_price_missing;unit_price_conflict;single_price_evidence,https://caau.syd1.cdn.digitaloceanspaces.com/wp-content/uploads/catalogue/coles/coles-catalogue-october-23-29-2024-vic-metro/14.jpg,https://www.catalogueau.com/coles/#catalogue=coles/coles-catalogue-october-23-29-2024-vic-metro/,displayed_price,displayed_price,1,review
Coles,VIC METRO,"Coles Catalogue October 23 - 29, 2024 VIC METRO",2024-10-23,2024-10-30,14,Coles Australian Baby Cucumbers 250g Pack,3.0,,,,special,250g,$12.00 per kg,Coles Australian Baby Cucumbers | 250g Pack $12.00 per kg | VIC-METRO-231 0-24-298365,96.21,False,,https://caau.syd1.cdn.digitaloceanspaces.com/wp-content/uploads/catalogue/coles/coles-catalogue-october-23-29-2024-vic-metro/14.jpg,https://www.catalogueau.com/coles/#catalogue=coles/coles-catalogue-october-23-29-2024-vic-metro/,displayed_price,displayed_price;unit_price,2,verified
Coles,VIC METRO,"Coles Catalogue October 23 - 29, 2024 VIC METRO",2024-10-23,2024-10-30,14,Australian Snacking Carrots 200g Pack,3.0,,,,special,200g,$15.00 per kg,Australian Snacking Carrots | 200g Pack $15.00 per kg,96.15,False,,https://caau.syd1.cdn.digitaloceanspaces.com/wp-content/uploads/catalogue/coles/coles-catalogue-october-23-29-2024-vic-metro/14.jpg,https://www.catalogueau.com/coles/#catalogue=coles/coles-catalogue-october-23-29-2024-vic-metro/,displayed_price,displayed_price;unit_price,2,verified
Coles,VIC METRO,"Coles Catalogue October 23 - 29, 2024 VIC METRO",2024-10-23,2024-10-30,14,Zombie Mandarins 700g Pack,2.9,,,,special,700g,$4.14 per kg,Zombie Mandarins 700g Pack | $4.14 per kg,93.84,False,,https://caau.syd1.cdn.digitaloceanspaces.com/wp-content/uploads/catalogue/coles/coles-catalogue-october-23-29-2024-vic-metro/14.jpg,https://www.catalogueau.com/coles/#catalogue=coles/coles-catalogue-october-23-29-2024-vic-metro/,displayed_price,displayed_price;unit_price,2,verified
Coles,VIC METRO,"Coles Catalogue October 23 - 29, 2024 VIC METRO",2024-10-23,2024-10-30,15,Don Premium Melosi Smokehouse Ham Selected stores only*,26.0,341.0,315.0,92.38,save_amount,,,WAS $341 | WAS $341 | Don Premium Melosi Smokehouse | Ham Selected stores only*,93.71,True,single_price_evidence,https://caau.syd1.cdn.digitaloceanspaces.com/wp-content/uploads/catalogue/coles/coles-catalogue-october-23-29-2024-vic-metro/15.jpg,https://www.catalogueau.com/coles/#catalogue=coles/coles-catalogue-october-23-29-2024-vic-metro/,displayed_price,displayed_price,1,review
Coles,VIC METRO,"Coles Catalogue October 23 - 29, 2024 VIC METRO",2024-10-23,2024-10-30,15,Provedore Prosciutto 100g,6.5,7.5,1.0,13.33,save_amount,100g,$65.00 per kg,WASS$7.50 | WASS$7.50 | Provedore Prosciutto 100g | $65.00 per kg,94.5,False,,https://caau.syd1.cdn.digitaloceanspaces.com/wp-content/uploads/catalogue/coles/coles-catalogue-october-23-29-2024-vic-metro/15.jpg,https://www.catalogueau.com/coles/#catalogue=coles/coles-catalogue-october-23-29-2024-vic-metro/,displayed_price,displayed_price;unit_price,2,verified
Coles,VIC METRO,"Coles Catalogue October 23 - 29, 2024 VIC METRO",2024-10-23,2024-10-30,15,Primo Tuscan Salami Selected stores only*,28.5,35.0,6.5,18.57,save_amount,,,Primo Tuscan Salami | Selected stores only* | —,95.59,True,offer_labels_missing;single_price_evidence,https://caau.syd1.cdn.digitaloceanspaces.com/wp-content/uploads/catalogue/coles/coles-catalogue-october-23-29-2024-vic-metro/15.jpg,https://www.catalogueau.com/coles/#catalogue=coles/coles-catalogue-october-23-29-2024-vic-metro/,displayed_price,displayed_price,1,review
Coles,VIC METRO,"Coles Catalogue October 23 - 29, 2024 VIC METRO",2024-10-23,2024-10-30,15,King Island Cape Wickham Double Brie 200g,8.9,14.9,6.0,40.27,save_amount,200g,$44.50 per kg,WASS14.90 | WASS14.90 | King Island Cape Wickham | Double Brie 200g $44.50 per kg | VIC-METRO-231 0-24-298365,96.19,True,single_price_evidence,https://caau.syd1.cdn.digitaloceanspaces.com/wp-content/uploads/catalogue/coles/coles-catalogue-october-23-29-2024-vic-metro/15.jpg,https://www.catalogueau.com/coles/#catalogue=coles/coles-catalogue-october-23-29-2024-vic-metro/,unit_price,unit_price,1,review
Coles,VIC METRO,"Coles Catalogue October 23 - 29, 2024 VIC METRO",2024-10-23,2024-10-30,15,Westminster Flavoured Cheddar 150g,4.95,7.2,2.25,31.25,save_amount,150g,$33.00 per kg,WAS$7.20 | WAS$7.20 | Westminster Flavoured Cheddar | 150g $33.00 per kg | *For locations of Deli counter stores visit coles.com.au/range-availability,96.28,True,single_price_evidence,https://caau.syd1.cdn.digitaloceanspaces.com/wp-content/uploads/catalogue/coles/coles-catalogue-october-23-29-2024-vic-metro/15.jpg,https://www.catalogueau.com/coles/#catalogue=coles/coles-catalogue-october-23-29-2024-vic-metro/,unit_price,unit_price,1,review
Coles,VIC METRO,"Coles Catalogue October 23 - 29, 2024 VIC METRO",2024-10-23,2024-10-30,15,OB Finest Crackers 130g-150g Selected stores only*,5.0,6.5,1.5,23.08,save_amount,130g; 150g,,WASS6.50 | WASS6.50 | OB Finest Crackers 130g-150g | Selected stores only*. | On sale for 2 weeks,93.84,True,single_price_evidence,https://caau.syd1.cdn.digitaloceanspaces.com/wp-content/uploads/catalogue/coles/coles-catalogue-october-23-29-2024-vic-metro/15.jpg,https://www.catalogueau.com/coles/#catalogue=coles/coles-catalogue-october-23-29-2024-vic-metro/,displayed_price,displayed_price,1,review
Coles,VIC METRO,"Coles Catalogue October 23 - 29, 2024 VIC METRO",2024-10-23,2024-10-30,16,Peckish White Rice Crackers 90g,1.75,2.5,0.75,30.0,save_amount,90g,$1.94 per 100g,‘WAS§2.50 | ‘WAS§2.50 | Peckish White Rice Crackers 90g | $1.94 per 100g. 2nd week on sale | = | taSsal | rer,95.35,True,single_price_evidence,https://caau.syd1.cdn.digitaloceanspaces.com/wp-content/uploads/catalogue/coles/coles-catalogue-october-23-29-2024-vic-metro/16.jpg,https://www.catalogueau.com/coles/#catalogue=coles/coles-catalogue-october-23-29-2024-vic-metro/,unit_price,unit_price,1,review
Coles,VIC METRO,"Coles Catalogue October 23 - 29, 2024 VIC METRO",2024-10-23,2024-10-30,16,Edenvale 750mL,8.4,10.5,2.1,20.0,save_amount,750mL,$11.20 per litre,‘WAS$10.50_ | ‘WAS$10.50_ | Edenvale 750mL | $11.20 per litre. On sale for 2 weeks | ee | 4) | r)) mis | mais,92.3,True,single_price_evidence,https://caau.syd1.cdn.digitaloceanspaces.com/wp-content/uploads/catalogue/coles/coles-catalogue-october-23-29-2024-vic-metro/16.jpg,https://www.catalogueau.com/coles/#catalogue=coles/coles-catalogue-october-23-29-2024-vic-metro/,unit_price,unit_price,1,review
Coles,VIC METRO,"Coles Catalogue October 23 - 29, 2024 VIC METRO",2024-10-23,2024-10-30,16,Tassal Smoked Salmon 100g,9.0,11.5,2.5,21.74,save_amount,100g,$90.00 per kg,WASS11.50 | WASS11.50 | Tassal Smoked Salmon | 100g $90.00 per kg | VIC-METRO-231 0-24-298365,95.64,False,,https://caau.syd1.cdn.digitaloceanspaces.com/wp-content/uploads/catalogue/coles/coles-catalogue-october-23-29-2024-vic-metro/16.jpg,https://www.catalogueau.com/coles/#catalogue=coles/coles-catalogue-october-23-29-2024-vic-metro/,displayed_price,displayed_price;unit_price,2,verified
Coles,VIC METRO,"Coles Catalogue October 23 - 29, 2024 VIC METRO",2024-10-23,2024-10-30,16,Yumi's Dip 200g,3.5,4.5,1.0,22.22,save_amount,200g,$1.75 per 100g,WASS4.50 | WASS4.50 | Yumi's Dip 200g | $1.75 per 100g | *For locations of Deli counter stores visit coles.com.au/range-availability,94.59,False,,https://caau.syd1.cdn.digitaloceanspaces.com/wp-content/uploads/catalogue/coles/coles-catalogue-october-23-29-2024-vic-metro/16.jpg,https://www.catalogueau.com/coles/#catalogue=coles/coles-catalogue-october-23-29-2024-vic-metro/,displayed_price,displayed_price;unit_price,2,verified
Coles,VIC METRO,"Coles Catalogue October 23 - 29, 2024 VIC METRO",2024-10-23,2024-10-30,16,Red Rock Red Rock Deli Dip 135g,4.0,5.0,1.0,20.0,save_amount,135g,$2.96 per 100g,WASS5 | WASS5 | Red Rock | Red Rock Deli Dip 135g | $2.96 per 100g | *For locations of Deli counter stores visit coles.com.au/range-availability,79.0,True,low_name_confidence_strict,https://caau.syd1.cdn.digitaloceanspaces.com/wp-content/uploads/catalogue/coles/coles-catalogue-october-23-29-2024-vic-metro/16.jpg,https://www.catalogueau.com/coles/#catalogue=coles/coles-catalogue-october-23-29-2024-vic-metro/,displayed_price,displayed_price;unit_price,2,review
Coles,VIC METRO,"Coles Catalogue October 23 - 29, 2024 VIC METRO",2024-10-23,2024-10-30,16,Red Rock Deli Potato Chips 150g-165g,3.6,6.0,2.4,40.0,save_amount,150g; 165g,,WASS6 | WASS6 | Red Rock Deli | Potato Chips 150g-165g,94.79,True,single_price_evidence,https://caau.syd1.cdn.digitaloceanspaces.com/wp-content/uploads/catalogue/coles/coles-catalogue-october-23-29-2024-vic-metro/16.jpg,https://www.catalogueau.com/coles/#catalogue=coles/coles-catalogue-october-23-29-2024-vic-metro/,displayed_price,displayed_price,1,review
Coles,VIC METRO,"Coles Catalogue October 23 - 29, 2024 VIC METRO",2024-10-23,2024-10-30,16,Coles Brand Pre-Packed Antipasto 110g-135g Selected stores only#,6.0,,,,special,110g; 135g,,Coles Brand Pre-Packed Antipasto | 110g-135g Selected stores only# | (c | ‘ei | HON | 4,93.07,True,offer_labels_missing;save_amount_missing;regular_price_missing;inferred_price_requires_review,https://caau.syd1.cdn.digitaloceanspaces.com/wp-content/uploads/catalogue/coles/coles-catalogue-october-23-29-2024-vic-metro/16.jpg,https://www.catalogueau.com/coles/#catalogue=coles/coles-catalogue-october-23-29-2024-vic-metro/,displayed_price,displayed_price;grid_inference,1,review
Coles,VIC METRO,"Coles Catalogue October 23 - 29, 2024 VIC METRO",2024-10-23,2024-10-30,17,le Crackers 135¢ Red Rock Deli Style Crackers 135: ae ed per 100g. “See page 27 for T&Cs,2.5,,,,special,100g,,SAVE? oes 50 | le Crackers 135¢ | Red Rock Deli Style Crackers 135: | ae ed per 100g. “See page 27 for T&Cs | i i | il ed | ®\VieRSe Sa,79.0,True,save_amount_missing;regular_price_missing;low_name_confidence_strict;product_name_suspicious;single_price_evidence,https://caau.syd1.cdn.digitaloceanspaces.com/wp-content/uploads/catalogue/coles/coles-catalogue-october-23-29-2024-vic-metro/17.jpg,https://www.catalogueau.com/coles/#catalogue=coles/coles-catalogue-october-23-29-2024-vic-metro/,displayed_price,displayed_price,1,review
Coles,VIC METRO,"Coles Catalogue October 23 - 29, 2024 VIC METRO",2024-10-23,2024-10-30,17,Tasmanian Heritage Triple Cream Brie 125g,5.0,7.5,2.5,33.33,save_amount,125g,$40.00 per kg,"SAVE2.50 | WASS$7.50 | Tasmanian Heritage Triple Cream | Brie 125g $40.00 per kg | = | 1 | | , | Kits",96.26,False,,https://caau.syd1.cdn.digitaloceanspaces.com/wp-content/uploads/catalogue/coles/coles-catalogue-october-23-29-2024-vic-metro/17.jpg,https://www.catalogueau.com/coles/#catalogue=coles/coles-catalogue-october-23-29-2024-vic-metro/,save_was_arithmetic,displayed_price;save_was_arithmetic;unit_price,3,verified
Coles,VIC METRO,"Coles Catalogue October 23 - 29, 2024 VIC METRO",2024-10-23,2024-10-30,17,Jindi Triple Cream Brie 200g,5.9,8.5,2.6,30.59,save_amount,200g,$29.50 per kg,SAVES2.60 | WASS$8.50 | Jindi Triple Cream Brie 200g | $29.50 per kg | “4 6..,90.89,False,,https://caau.syd1.cdn.digitaloceanspaces.com/wp-content/uploads/catalogue/coles/coles-catalogue-october-23-29-2024-vic-metro/17.jpg,https://www.catalogueau.com/coles/#catalogue=coles/coles-catalogue-october-23-29-2024-vic-metro/,save_was_arithmetic,save_was_arithmetic;unit_price,2,verified
Coles,VIC METRO,"Coles Catalogue October 23 - 29, 2024 VIC METRO",2024-10-23,2024-10-30,17,Mersey Valley Cheese 235g,6.9,9.9,3.0,30.3,save_amount,235g,$29.36 per kg,"WASS9.90 | WASS9.90 | Mersey Valley Cheese 235g | $29.36 per kg. 2nd week on sale | a ———.— | —= | = | ,",96.52,False,,https://caau.syd1.cdn.digitaloceanspaces.com/wp-content/uploads/catalogue/coles/coles-catalogue-october-23-29-2024-vic-metro/17.jpg,https://www.catalogueau.com/coles/#catalogue=coles/coles-catalogue-october-23-29-2024-vic-metro/,displayed_price,displayed_price;unit_price,2,verified
Coles,VIC METRO,"Coles Catalogue October 23 - 29, 2024 VIC METRO",2024-10-23,2024-10-30,17,Arnott's Cruskits Crispbread 125g,3.0,4.0,1.0,25.0,save_amount,125g,$2.40 per 100g,"SAVE ""1 | WASS4 | Arnott's Cruskits Crispbread 125g | $2.40 per 100g | VIC-METRO-231 0-24-298365",93.45,False,,https://caau.syd1.cdn.digitaloceanspaces.com/wp-content/uploads/catalogue/coles/coles-catalogue-october-23-29-2024-vic-metro/17.jpg,https://www.catalogueau.com/coles/#catalogue=coles/coles-catalogue-october-23-29-2024-vic-metro/,save_was_arithmetic,displayed_price;save_was_arithmetic;unit_price,3,verified
Coles,VIC METRO,"Coles Catalogue October 23 - 29, 2024 VIC METRO",2024-10-23,2024-10-30,17,Nudie Orange Juice 2 Litre,8.0,9.5,1.5,15.79,save_amount,2 Litre,$4.00 per litre,SAVES1.50 | WASS9.50 | Nudie Orange Juice 2 Litre | $4.00 per litre | 7,96.18,False,,https://caau.syd1.cdn.digitaloceanspaces.com/wp-content/uploads/catalogue/coles/coles-catalogue-october-23-29-2024-vic-metro/17.jpg,https://www.catalogueau.com/coles/#catalogue=coles/coles-catalogue-october-23-29-2024-vic-metro/,save_was_arithmetic,displayed_price;save_was_arithmetic;unit_price,3,verified
Coles,VIC METRO,"Coles Catalogue October 23 - 29, 2024 VIC METRO",2024-10-23,2024-10-30,18,Australian Calypso Mangoes VIC-METRO-2310-24-298365,2.0,,,,special,,,Australian Calypso Mangoes | VIC-METRO-2310-24-298365,81.2,True,offer_labels_missing;save_amount_missing;regular_price_missing;single_price_evidence,https://caau.syd1.cdn.digitaloceanspaces.com/wp-content/uploads/catalogue/coles/coles-catalogue-october-23-29-2024-vic-metro/18.jpg,https://www.catalogueau.com/coles/#catalogue=coles/coles-catalogue-october-23-29-2024-vic-metro/,displayed_price,displayed_price,1,review
Coles,VIC METRO,"Coles Catalogue October 23 - 29, 2024 VIC METRO",2024-10-23,2024-10-30,18,Australian Raspberries 125g Punnet,5.0,,,,special,125g,$40.00 per kg,Australian Raspberries | 125g Punnet $40.00 per kg | 18,95.47,False,,https://caau.syd1.cdn.digitaloceanspaces.com/wp-content/uploads/catalogue/coles/coles-catalogue-october-23-29-2024-vic-metro/18.jpg,https://www.catalogueau.com/coles/#catalogue=coles/coles-catalogue-october-23-29-2024-vic-metro/,displayed_price,displayed_price;unit_price,2,verified
Coles,VIC METRO,"Coles Catalogue October 23 - 29, 2024 VIC METRO",2024-10-23,2024-10-30,19,Coles Australian Dry Roasted or Natural Almonds 750g Pack,10.0,13.0,3.0,23.08,save_amount,750g,$13.33 per kg,WASS13 | WASS13 | Coles Australian Dry Roasted | or Natural Almonds 750g Pack | $13.33 per kg,96.26,False,,https://caau.syd1.cdn.digitaloceanspaces.com/wp-content/uploads/catalogue/coles/coles-catalogue-october-23-29-2024-vic-metro/19.jpg,https://www.catalogueau.com/coles/#catalogue=coles/coles-catalogue-october-23-29-2024-vic-metro/,displayed_price,displayed_price;unit_price,2,verified
Coles,VIC METRO,"Coles Catalogue October 23 - 29, 2024 VIC METRO",2024-10-23,2024-10-30,19,Coles Australian Brown Onions 1kg Bag,2.5,,,,special,1kg,$2.50 per kg,Coles Australian Brown Onions 1kg Bag | $2.50 per kg,93.5,True,single_price_evidence,https://caau.syd1.cdn.digitaloceanspaces.com/wp-content/uploads/catalogue/coles/coles-catalogue-october-23-29-2024-vic-metro/19.jpg,https://www.catalogueau.com/coles/#catalogue=coles/coles-catalogue-october-23-29-2024-vic-metro/,unit_price,unit_price,1,review
Coles,VIC METRO,"Coles Catalogue October 23 - 29, 2024 VIC METRO",2024-10-23,2024-10-30,19,Australian Jazz Apples =,5.9,,,,special,,,Australian Jazz Apples | =,79.0,True,offer_labels_missing;save_amount_missing;regular_price_missing;low_name_confidence_strict;single_price_evidence,https://caau.syd1.cdn.digitaloceanspaces.com/wp-content/uploads/catalogue/coles/coles-catalogue-october-23-29-2024-vic-metro/19.jpg,https://www.catalogueau.com/coles/#catalogue=coles/coles-catalogue-october-23-29-2024-vic-metro/,displayed_price,displayed_price,1,review
Coles,VIC METRO,"Coles Catalogue October 23 - 29, 2024 VIC METRO",2024-10-23,2024-10-30,19,Coles Green Kiwifruit 6 Pack,3.9,,,,special,6 Pack,,Coles Green Kiwifruit 6 Pack | $0.65 per kiwifruit | a | Pf,93.77,True,offer_labels_missing;save_amount_missing;regular_price_missing;single_price_evidence,https://caau.syd1.cdn.digitaloceanspaces.com/wp-content/uploads/catalogue/coles/coles-catalogue-october-23-29-2024-vic-metro/19.jpg,https://www.catalogueau.com/coles/#catalogue=coles/coles-catalogue-october-23-29-2024-vic-metro/,displayed_price,displayed_price,1,review
Coles,VIC METRO,"Coles Catalogue October 23 - 29, 2024 VIC METRO",2024-10-23,2024-10-30,19,= Market Square Rainbow Crunch er Ja Salad 350g,12.0,,,,special,350g,$34.29 per kg,=~ | = Market Square Rainbow Crunch | er Ja | Salad 350g $34.29 per kg | SS | as,79.0,True,low_name_confidence_strict,https://caau.syd1.cdn.digitaloceanspaces.com/wp-content/uploads/catalogue/coles/coles-catalogue-october-23-29-2024-vic-metro/19.jpg,https://www.catalogueau.com/coles/#catalogue=coles/coles-catalogue-october-23-29-2024-vic-metro/,displayed_price,displayed_price;unit_price,2,review
Coles,VIC METRO,"Coles Catalogue October 23 - 29, 2024 VIC METRO",2024-10-23,2024-10-30,21,A— Coles Australian Lamb Loin Chops,20.0,28.0,8.0,28.57,save_amount,,,WAS$28kg | WAS$28kg | A— | Coles Australian Lamb Loin Chops | Chops | Product sold uncooked,79.0,True,low_name_confidence_strict;single_price_evidence,https://caau.syd1.cdn.digitaloceanspaces.com/wp-content/uploads/catalogue/coles/coles-catalogue-october-23-29-2024-vic-metro/21.jpg,https://www.catalogueau.com/coles/#catalogue=coles/coles-catalogue-october-23-29-2024-vic-metro/,displayed_price,displayed_price,1,review
Coles,VIC METRO,"Coles Catalogue October 23 - 29, 2024 VIC METRO",2024-10-23,2024-10-30,21,Coles Australian Pork Spare Ribs Large Tray 2nd week,17.0,21.0,4.0,19.05,save_amount,,,WASS21ig | WASS21ig | Coles Australian Pork Spare Ribs | Large Tray 2nd week on sale | GRAZE | @,96.32,True,single_price_evidence,https://caau.syd1.cdn.digitaloceanspaces.com/wp-content/uploads/catalogue/coles/coles-catalogue-october-23-29-2024-vic-metro/21.jpg,https://www.catalogueau.com/coles/#catalogue=coles/coles-catalogue-october-23-29-2024-vic-metro/,displayed_price,displayed_price,1,review
Coles,VIC METRO,"Coles Catalogue October 23 - 29, 2024 VIC METRO",2024-10-23,2024-10-30,21,Coles Australian Lamb Boneless Shoulder with Greek Style Marinade,20.0,241.0,221.0,91.7,save_amount,,,WAS$ 241 | WAS$ 241 | Coles Australian Lamb Boneless | Shoulder with Greek Style Marinade | GRAZE | easy,96.39,True,single_price_evidence,https://caau.syd1.cdn.digitaloceanspaces.com/wp-content/uploads/catalogue/coles/coles-catalogue-october-23-29-2024-vic-metro/21.jpg,https://www.catalogueau.com/coles/#catalogue=coles/coles-catalogue-october-23-29-2024-vic-metro/,displayed_price,displayed_price,1,review
Coles,VIC METRO,"Coles Catalogue October 23 - 29, 2024 VIC METRO",2024-10-23,2024-10-30,21,Coles RSPCA Approved Chicken Thigh Cutlets,8.0,9.5,1.5,15.79,save_amount,,,WASS9.50ig | WASS9.50ig | Coles RSPCA Approved Chicken | Thigh Cutlets | ‘avis eat» | J cuncers | nies,96.24,True,single_price_evidence,https://caau.syd1.cdn.digitaloceanspaces.com/wp-content/uploads/catalogue/coles/coles-catalogue-october-23-29-2024-vic-metro/21.jpg,https://www.catalogueau.com/coles/#catalogue=coles/coles-catalogue-october-23-29-2024-vic-metro/,displayed_price,displayed_price,1,review
Coles,VIC METRO,"Coles Catalogue October 23 - 29, 2024 VIC METRO",2024-10-23,2024-10-30,21,“MADE! Coles Australian No Added,11.0,13.0,2.0,15.38,save_amount,,$44.00 per kg,WASS13 | WASS13 | “MADE! | Coles Australian No Added | Hormones GRAZE Grass Fed Beef | Scotch Fillet Steak 250g | $44.00 per kg,74.61,True,low_name_confidence_strict;single_price_evidence,https://caau.syd1.cdn.digitaloceanspaces.com/wp-content/uploads/catalogue/coles/coles-catalogue-october-23-29-2024-vic-metro/21.jpg,https://www.catalogueau.com/coles/#catalogue=coles/coles-catalogue-october-23-29-2024-vic-metro/,displayed_price,displayed_price,1,review
Coles,VIC METRO,"Coles Catalogue October 23 - 29, 2024 VIC METRO",2024-10-23,2024-10-30,21,Coles Classic Burgers 400g-500g,7.5,8.5,1.0,11.76,save_amount,400g; 500g,,WASS$8.50 | WASS$8.50 | Coles Classic Burgers 400g-500g | On sale for 2 weeks,94.48,True,single_price_evidence,https://caau.syd1.cdn.digitaloceanspaces.com/wp-content/uploads/catalogue/coles/coles-catalogue-october-23-29-2024-vic-metro/21.jpg,https://www.catalogueau.com/coles/#catalogue=coles/coles-catalogue-october-23-29-2024-vic-metro/,displayed_price,displayed_price,1,review
Coles,VIC METRO,"Coles Catalogue October 23 - 29, 2024 VIC METRO",2024-10-23,2024-10-30,21,Coles Made Easy Slow Cooked Honey BB@ Pork Belly Bites 500g,11.0,14.0,3.0,21.43,save_amount,500g,$22.00 per kg,WASS14 | WASS14 | Coles Made Easy Slow Cooked | Honey BB@ Pork Belly Bites 500g | $22.00 per kg,95.54,False,,https://caau.syd1.cdn.digitaloceanspaces.com/wp-content/uploads/catalogue/coles/coles-catalogue-october-23-29-2024-vic-metro/21.jpg,https://www.catalogueau.com/coles/#catalogue=coles/coles-catalogue-october-23-29-2024-vic-metro/,displayed_price,displayed_price;unit_price,2,verified
Coles,VIC METRO,"Coles Catalogue October 23 - 29, 2024 VIC METRO",2024-10-23,2024-10-30,21,Coles Australian No Added Hormones GRAZE Grass Fed Beef Scotch Fillet Steak 250g,11.0,13.0,2.0,15.38,save_amount,250g,$44.00 per kg,Coles Australian No Added | Hormones GRAZE Grass Fed Beef | Scotch Fillet Steak 250g | $44.00 per kg,96.27,False,,https://caau.syd1.cdn.digitaloceanspaces.com/wp-content/uploads/catalogue/coles/coles-catalogue-october-23-29-2024-vic-metro/21.jpg,https://www.catalogueau.com/coles/#catalogue=coles/coles-catalogue-october-23-29-2024-vic-metro/,displayed_price,displayed_price;unit_price,2,verified
Coles,VIC METRO,"Coles Catalogue October 23 - 29, 2024 VIC METRO",2024-10-23,2024-10-30,21,Coles Australian Pork 3 Star Regular Mince 500g,4.7,,,,special,500g,$9.40 per kg,Coles Australian Pork 3 Star | Regular Mince 500g | $9.40 per kg,96.24,False,,https://caau.syd1.cdn.digitaloceanspaces.com/wp-content/uploads/catalogue/coles/coles-catalogue-october-23-29-2024-vic-metro/21.jpg,https://www.catalogueau.com/coles/#catalogue=coles/coles-catalogue-october-23-29-2024-vic-metro/,displayed_price,displayed_price;unit_price,2,verified
Coles,VIC METRO,"Coles Catalogue October 23 - 29, 2024 VIC METRO",2024-10-23,2024-10-30,21,Coles RSPCA Approved Chicken Boneless Herb & Garlic 1kg,11.0,,,,special,1kg,$11.00 per kg,Coles RSPCA Approved Chicken | Boneless Herb & Garlic 1kg | $11.00 per kg,94.51,False,,https://caau.syd1.cdn.digitaloceanspaces.com/wp-content/uploads/catalogue/coles/coles-catalogue-october-23-29-2024-vic-metro/21.jpg,https://www.catalogueau.com/coles/#catalogue=coles/coles-catalogue-october-23-29-2024-vic-metro/,displayed_price,displayed_price;unit_price,2,verified
Coles,VIC METRO,"Coles Catalogue October 23 - 29, 2024 VIC METRO",2024-10-23,2024-10-30,22,get any McCain Air Fryer Chips for,1.0,4.8,3.8,79.17,save_amount,,,SAVE 53.80 | get any McCain Air Fryer Chips for $2.00,96.4,True,single_price_evidence,https://caau.syd1.cdn.digitaloceanspaces.com/wp-content/uploads/catalogue/coles/coles-catalogue-october-23-29-2024-vic-metro/22.jpg,https://www.catalogueau.com/coles/#catalogue=coles/coles-catalogue-october-23-29-2024-vic-metro/,displayed_price,displayed_price,1,review
Coles,VIC METRO,"Coles Catalogue October 23 - 29, 2024 VIC METRO",2024-10-23,2024-10-30,22,Coles Australian Thawed Cooked Extra Large Black Tiger Prawns,34.0,39.0,5.0,12.82,save_amount,,,SAVE $5kg | WASS$39t | Coles Australian Thawed Cooked | Extra Large Black Tiger Prawns | Selected stores onl | 2nd week on sale,96.32,True,single_price_evidence,https://caau.syd1.cdn.digitaloceanspaces.com/wp-content/uploads/catalogue/coles/coles-catalogue-october-23-29-2024-vic-metro/22.jpg,https://www.catalogueau.com/coles/#catalogue=coles/coles-catalogue-october-23-29-2024-vic-metro/,save_was_arithmetic,save_was_arithmetic,1,review
Coles,VIC METRO,"Coles Catalogue October 23 - 29, 2024 VIC METRO",2024-10-23,2024-10-30,22,Bertocchi Triple Smoked Leg Ham Selected stores only*,32.0,37.5,5.5,14.67,save_amount,,,SAVE55.50kg | WAS$3750ig | Bertocchi Triple Smoked Leg Ham | Selected stores only*,94.59,True,single_price_evidence,https://caau.syd1.cdn.digitaloceanspaces.com/wp-content/uploads/catalogue/coles/coles-catalogue-october-23-29-2024-vic-metro/22.jpg,https://www.catalogueau.com/coles/#catalogue=coles/coles-catalogue-october-23-29-2024-vic-metro/,displayed_price,displayed_price,1,review
Coles,VIC METRO,"Coles Catalogue October 23 - 29, 2024 VIC METRO",2024-10-23,2024-10-30,22,Hans Twiggy Sticks 500g,11.0,15.4,4.4,28.57,save_amount,500g,$22.00 per kg,WASS$15.40 | WASS$15.40 | AUG 2024 | Hans Twiggy Sticks 500g | $22.00 per kg. Selected stores only* | =o | c00KeD,79.0,True,low_name_confidence_strict,https://caau.syd1.cdn.digitaloceanspaces.com/wp-content/uploads/catalogue/coles/coles-catalogue-october-23-29-2024-vic-metro/22.jpg,https://www.catalogueau.com/coles/#catalogue=coles/coles-catalogue-october-23-29-2024-vic-metro/,displayed_price,displayed_price;unit_price,2,review
Coles,VIC METRO,"Coles Catalogue October 23 - 29, 2024 VIC METRO",2024-10-23,2024-10-30,22,Jarlsberg Cheese Block 250g,9.45,10.5,1.05,10.0,save_amount,250g,$37.80 per kg,WASS10.50 | WASS10.50 | SEP 2024 | Jarlsberg Cheese Block 250g | $37.80 per kg | *For locations of Deli counter stores visit coles.com.au/range-availability,94.79,False,,https://caau.syd1.cdn.digitaloceanspaces.com/wp-content/uploads/catalogue/coles/coles-catalogue-october-23-29-2024-vic-metro/22.jpg,https://www.catalogueau.com/coles/#catalogue=coles/coles-catalogue-october-23-29-2024-vic-metro/,displayed_price,displayed_price;unit_price,2,verified
Coles,VIC METRO,"Coles Catalogue October 23 - 29, 2024 VIC METRO",2024-10-23,2024-10-30,22,Coles Cooked Prawns with Cocktail Sauce 260g,1.0,12.5,11.5,92.0,save_amount,260g,,WAS$12.50 | WAS$12.50 | OCT 2024 | 20. | Coles Cooked Prawns with | Cocktail Sauce 260g $42.31 per | kg. From the Meat department,96.52,True,single_price_evidence,https://caau.syd1.cdn.digitaloceanspaces.com/wp-content/uploads/catalogue/coles/coles-catalogue-october-23-29-2024-vic-metro/22.jpg,https://www.catalogueau.com/coles/#catalogue=coles/coles-catalogue-october-23-29-2024-vic-metro/,displayed_price,displayed_price,1,review
Coles,VIC METRO,"Coles Catalogue October 23 - 29, 2024 VIC METRO",2024-10-23,2024-10-30,22,Coles Tasmanian Fresh Salmon Portions Skin Off,40.0,,,,special,,,Coles Tasmanian Fresh Salmon | Portions Skin Off | Selected stores only’. | 2nd week on sale,96.25,True,offer_labels_missing;save_amount_missing;regular_price_missing;inferred_price_requires_review,https://caau.syd1.cdn.digitaloceanspaces.com/wp-content/uploads/catalogue/coles/coles-catalogue-october-23-29-2024-vic-metro/22.jpg,https://www.catalogueau.com/coles/#catalogue=coles/coles-catalogue-october-23-29-2024-vic-metro/,displayed_price,displayed_price;grid_inference,1,review
Coles,VIC METRO,"Coles Catalogue October 23 - 29, 2024 VIC METRO",2024-10-23,2024-10-30,22,Primo Rindless Short Cut Bacon Selected stores only*,17.0,,,,down_down,,,Primo Rindless Short Cut Bacon | Selected stores only*,94.62,True,save_amount_missing;regular_price_missing;single_price_evidence,https://caau.syd1.cdn.digitaloceanspaces.com/wp-content/uploads/catalogue/coles/coles-catalogue-october-23-29-2024-vic-metro/22.jpg,https://www.catalogueau.com/coles/#catalogue=coles/coles-catalogue-october-23-29-2024-vic-metro/,displayed_price,displayed_price,1,review
Coles,VIC METRO,"Coles Catalogue October 23 - 29, 2024 VIC METRO",2024-10-23,2024-10-30,23,Coles Tart Shells 150g,3.6,4.2,0.6,14.29,save_amount,150g,$2.40 per 100g,WAS$4.20 | WAS$4.20 | Coles Tart Shells 150g | $2.40 per 100g | ate | oy | RENEWABLE electnieity,95.52,True,single_price_evidence,https://caau.syd1.cdn.digitaloceanspaces.com/wp-content/uploads/catalogue/coles/coles-catalogue-october-23-29-2024-vic-metro/23.jpg,https://www.catalogueau.com/coles/#catalogue=coles/coles-catalogue-october-23-29-2024-vic-metro/,unit_price,unit_price,1,review
Coles,VIC METRO,"Coles Catalogue October 23 - 29, 2024 VIC METRO",2024-10-23,2024-10-30,23,Coles Bakery Danish 2 Pack,3.0,3.5,0.5,14.29,save_amount,2 Pack,$1.50 per each,WASS$3.50 | WASS$3.50 | Coles Bakery Danish 2 Pack | $1.50 per each. | Selected stores only,96.47,False,,https://caau.syd1.cdn.digitaloceanspaces.com/wp-content/uploads/catalogue/coles/coles-catalogue-october-23-29-2024-vic-metro/23.jpg,https://www.catalogueau.com/coles/#catalogue=coles/coles-catalogue-october-23-29-2024-vic-metro/,displayed_price,displayed_price;unit_price,2,verified
Coles,VIC METRO,"Coles Catalogue October 23 - 29, 2024 VIC METRO",2024-10-23,2024-10-30,23,"Simson's Pantry Wraps 224g, 224g-528g",3.0,5.0,2.0,40.0,save_amount,224g; 528g,,"WASS5 | WASS5 | Simson's Pantry Wraps | 224g, | 224g-528g",79.0,True,low_name_confidence_strict;single_price_evidence,https://caau.syd1.cdn.digitaloceanspaces.com/wp-content/uploads/catalogue/coles/coles-catalogue-october-23-29-2024-vic-metro/23.jpg,https://www.catalogueau.com/coles/#catalogue=coles/coles-catalogue-october-23-29-2024-vic-metro/,displayed_price,displayed_price,1,review
Coles,VIC METRO,"Coles Catalogue October 23 - 29, 2024 VIC METRO",2024-10-23,2024-10-30,23,Tip Top Thins 6 Pack 200g-240g,3.0,,,,special,6 Pack; 200g; 240g,,Tip Top Thins 6 Pack | 200g-240g | VIC-METRO-231 0-24-298365,79.0,True,offer_labels_missing;save_amount_missing;regular_price_missing;low_name_confidence_strict;inferred_price_requires_review,https://caau.syd1.cdn.digitaloceanspaces.com/wp-content/uploads/catalogue/coles/coles-catalogue-october-23-29-2024-vic-metro/23.jpg,https://www.catalogueau.com/coles/#catalogue=coles/coles-catalogue-october-23-29-2024-vic-metro/,displayed_price,displayed_price;grid_inference,1,review
Coles,VIC METRO,"Coles Catalogue October 23 - 29, 2024 VIC METRO",2024-10-23,2024-10-30,23,Coles Christmas Cookies 15 Pack 360g,16.8,,,,special,15 Pack; 360g,$4.67 per 100g,Coles Christmas Cookies | 15 Pack 360g | $4.67 per 100g. | 2nd week on sale,79.0,True,low_name_confidence_strict;single_price_evidence,https://caau.syd1.cdn.digitaloceanspaces.com/wp-content/uploads/catalogue/coles/coles-catalogue-october-23-29-2024-vic-metro/23.jpg,https://www.catalogueau.com/coles/#catalogue=coles/coles-catalogue-october-23-29-2024-vic-metro/,unit_price,unit_price,1,review
Coles,VIC METRO,"Coles Catalogue October 23 - 29, 2024 VIC METRO",2024-10-23,2024-10-30,23,"Coles Christmas Toffee, Date & Ginger Pudding 500g",7.8,,,,special,500g,$1.56 per 100g,"Coles Christmas Toffee, | Date & Ginger Pudding | per 100g | 500g $1.56 | 500g $1.56 per 100g | ee",79.0,True,low_name_confidence_strict;single_price_evidence,https://caau.syd1.cdn.digitaloceanspaces.com/wp-content/uploads/catalogue/coles/coles-catalogue-october-23-29-2024-vic-metro/23.jpg,https://www.catalogueau.com/coles/#catalogue=coles/coles-catalogue-october-23-29-2024-vic-metro/,unit_price,unit_price,1,review
Coles,VIC METRO,"Coles Catalogue October 23 - 29, 2024 VIC METRO",2024-10-23,2024-10-30,23,Coles Christmas DIY Cookie Kit 168g,7.0,,,,special,168g,$4.17 per 100g,Coles Christmas DIY Cookie Kit 168g | $4.17 per 100g,96.51,False,,https://caau.syd1.cdn.digitaloceanspaces.com/wp-content/uploads/catalogue/coles/coles-catalogue-october-23-29-2024-vic-metro/23.jpg,https://www.catalogueau.com/coles/#catalogue=coles/coles-catalogue-october-23-29-2024-vic-metro/,displayed_price,displayed_price;unit_price,2,verified
Coles,VIC METRO,"Coles Catalogue October 23 - 29, 2024 VIC METRO",2024-10-23,2024-10-30,23,Coles Christmas Apricot & Peach Pies 6 Pack 360g,5.5,,,,special,6 Pack; 360g,$1.53 per 100g,Coles Christmas Apricot & Peach Pies | 6 Pack 360g $1.53 per 100g,95.96,False,,https://caau.syd1.cdn.digitaloceanspaces.com/wp-content/uploads/catalogue/coles/coles-catalogue-october-23-29-2024-vic-metro/23.jpg,https://www.catalogueau.com/coles/#catalogue=coles/coles-catalogue-october-23-29-2024-vic-metro/,displayed_price,displayed_price;unit_price,2,verified
Coles,VIC METRO,"Coles Catalogue October 23 - 29, 2024 VIC METRO",2024-10-23,2024-10-30,23,Coles Bakery Rolls 6 Pack,2.9,,,,special,6 Pack,$0.48 per each,Coles Bakery Rolls 6 Pack | $0.48 per each. Selected stores only,96.66,True,single_price_evidence,https://caau.syd1.cdn.digitaloceanspaces.com/wp-content/uploads/catalogue/coles/coles-catalogue-october-23-29-2024-vic-metro/23.jpg,https://www.catalogueau.com/coles/#catalogue=coles/coles-catalogue-october-23-29-2024-vic-metro/,unit_price,unit_price,1,review
Coles,VIC METRO,"Coles Catalogue October 23 - 29, 2024 VIC METRO",2024-10-23,2024-10-30,23,Coles Bakery Stone Baked by Laurent Mini Pane di Casa,2.5,,,,special,,,Coles Bakery Stone Baked by | Laurent Mini Pane di Casa | Selected stores only,96.46,True,offer_labels_missing;save_amount_missing;regular_price_missing;single_price_evidence,https://caau.syd1.cdn.digitaloceanspaces.com/wp-content/uploads/catalogue/coles/coles-catalogue-october-23-29-2024-vic-metro/23.jpg,https://www.catalogueau.com/coles/#catalogue=coles/coles-catalogue-october-23-29-2024-vic-metro/,displayed_price,displayed_price,1,review
Coles,VIC METRO,"Coles Catalogue October 23 - 29, 2024 VIC METRO",2024-10-23,2024-10-30,24,Arnott's Marie or Milk Arrowroot Biscuits 250g,2.0,2.5,0.5,20.0,save_amount,250g,$0.80 per 100g,WASS2.50 | WASS2.50 | Arnott's Marie or Milk | Arrowroot Biscuits 250g | $0.80 per 100g,94.09,False,,https://caau.syd1.cdn.digitaloceanspaces.com/wp-content/uploads/catalogue/coles/coles-catalogue-october-23-29-2024-vic-metro/24.jpg,https://www.catalogueau.com/coles/#catalogue=coles/coles-catalogue-october-23-29-2024-vic-metro/,displayed_price,displayed_price;unit_price,2,verified
Coles,VIC METRO,"Coles Catalogue October 23 - 29, 2024 VIC METRO",2024-10-23,2024-10-30,24,Monster Energy Drink 4x500mL,9.1,15.2,6.1,40.13,save_amount,4x500mL,$4.55 per litre,WASS$15.20 | WASS$15.20 | Monster Energy Drink | 4x500mL $4.55 per litre | Siu,94.6,False,,https://caau.syd1.cdn.digitaloceanspaces.com/wp-content/uploads/catalogue/coles/coles-catalogue-october-23-29-2024-vic-metro/24.jpg,https://www.catalogueau.com/coles/#catalogue=coles/coles-catalogue-october-23-29-2024-vic-metro/,displayed_price,displayed_price;unit_price,2,verified
Coles,VIC METRO,"Coles Catalogue October 23 - 29, 2024 VIC METRO",2024-10-23,2024-10-30,24,Pepsi Max or Solo Soft Drink 24x375mL,20.0,36.7,16.7,45.5,save_amount,24x375mL,$2.22 per litre,WAS$36.70 | WAS$36.70 | Pepsi Max or Solo Soft | Drink 24x375mL | $2.22 per litre | — | — Cli \ | PER .,93.9,True,single_price_evidence,https://caau.syd1.cdn.digitaloceanspaces.com/wp-content/uploads/catalogue/coles/coles-catalogue-october-23-29-2024-vic-metro/24.jpg,https://www.catalogueau.com/coles/#catalogue=coles/coles-catalogue-october-23-29-2024-vic-metro/,unit_price,unit_price,1,review
Coles,VIC METRO,"Coles Catalogue October 23 - 29, 2024 VIC METRO",2024-10-23,2024-10-30,24,Coca-Cola Soft Drink 30x375mL,28.3,47.2,18.9,40.04,save_amount,30x375mL,$2.52 per litre,WAS$47.20 | WAS$47.20 | Coca-Cola Soft Drink | 30x375mL $2.52 per litre,94.17,True,single_price_evidence,https://caau.syd1.cdn.digitaloceanspaces.com/wp-content/uploads/catalogue/coles/coles-catalogue-october-23-29-2024-vic-metro/24.jpg,https://www.catalogueau.com/coles/#catalogue=coles/coles-catalogue-october-23-29-2024-vic-metro/,displayed_price,displayed_price,1,review
Coles,VIC METRO,"Coles Catalogue October 23 - 29, 2024 VIC METRO",2024-10-23,2024-10-30,24,Gatorade Sports Drink or G Active Water 600mL,2.4,4.0,1.6,40.0,save_amount,600mL,$4.00 per litre,WASS4 | WASS4 | Gatorade Sports Drink | or G Active Water | 600mL $4.00 per litre | VIC-METRO-231 0-24-298365,95.49,True,single_price_evidence,https://caau.syd1.cdn.digitaloceanspaces.com/wp-content/uploads/catalogue/coles/coles-catalogue-october-23-29-2024-vic-metro/24.jpg,https://www.catalogueau.com/coles/#catalogue=coles/coles-catalogue-october-23-29-2024-vic-metro/,unit_price,unit_price,1,review
Coles,VIC METRO,"Coles Catalogue October 23 - 29, 2024 VIC METRO",2024-10-23,2024-10-30,24,Mt Franklin Mini Cans 6x250mL,7.7,,,,special,6x250mL,$5.13 per litre,Mt Franklin Mini Cans | 6x250mL $5.13 per litre,94.91,True,offer_labels_missing;save_amount_missing;regular_price_missing;inferred_price_requires_review,https://caau.syd1.cdn.digitaloceanspaces.com/wp-content/uploads/catalogue/coles/coles-catalogue-october-23-29-2024-vic-metro/24.jpg,https://www.catalogueau.com/coles/#catalogue=coles/coles-catalogue-october-23-29-2024-vic-metro/,unit_price,grid_inference;unit_price,1,review
Coles,VIC METRO,"Coles Catalogue October 23 - 29, 2024 VIC METRO",2024-10-23,2024-10-30,24,Powerade Sports Drink 1.5 Litre,4.0,,,,special,1.5 Litre,$2.67 per litre,Powerade Sports Drink 1.5 Litre | $2.67 per litre,96.13,False,,https://caau.syd1.cdn.digitaloceanspaces.com/wp-content/uploads/catalogue/coles/coles-catalogue-october-23-29-2024-vic-metro/24.jpg,https://www.catalogueau.com/coles/#catalogue=coles/coles-catalogue-october-23-29-2024-vic-metro/,displayed_price,displayed_price;unit_price,2,verified
Coles,VIC METRO,"Coles Catalogue October 23 - 29, 2024 VIC METRO",2024-10-23,2024-10-30,24,Remedy Sodaly 4x250mL,5.9,,,,special,4x250mL,$5.90 per litre,Remedy Sodaly 4x250mL | $5.90 per litre,91.14,False,,https://caau.syd1.cdn.digitaloceanspaces.com/wp-content/uploads/catalogue/coles/coles-catalogue-october-23-29-2024-vic-metro/24.jpg,https://www.catalogueau.com/coles/#catalogue=coles/coles-catalogue-october-23-29-2024-vic-metro/,displayed_price,displayed_price;unit_price,2,verified
Coles,VIC METRO,"Coles Catalogue October 23 - 29, 2024 VIC METRO",2024-10-23,2024-10-30,24,Lindt Excellence or Lindor Block Chocolate 80g-100g,12.0,,,,special,80g; 100g,,Lindt Excellence or | Lindor Block Chocolate | 80g-100g | “Sa,94.76,True,offer_labels_missing;save_amount_missing;regular_price_missing;single_price_evidence,https://caau.syd1.cdn.digitaloceanspaces.com/wp-content/uploads/catalogue/coles/coles-catalogue-october-23-29-2024-vic-metro/24.jpg,https://www.catalogueau.com/coles/#catalogue=coles/coles-catalogue-october-23-29-2024-vic-metro/,displayed_price,displayed_price,1,review
Coles,VIC METRO,"Coles Catalogue October 23 - 29, 2024 VIC METRO",2024-10-23,2024-10-30,24,"Coca-Cola, or Mt Franklin Mini Cans",15.0,,,,special,,$5.13 per litre,"Coca-Cola, or | Mt Franklin Mini Cans | 6x250mL $5.13 per litre",95.7,True,offer_labels_missing;save_amount_missing;regular_price_missing;single_price_evidence,https://caau.syd1.cdn.digitaloceanspaces.com/wp-content/uploads/catalogue/coles/coles-catalogue-october-23-29-2024-vic-metro/24.jpg,https://www.catalogueau.com/coles/#catalogue=coles/coles-catalogue-october-23-29-2024-vic-metro/,displayed_price,displayed_price,1,review
Coles,VIC METRO,"Coles Catalogue October 23 - 29, 2024 VIC METRO",2024-10-23,2024-10-30,24,Coca-Cola Soft Drink 12x300mL,25.0,,,,special,12x300mL,$3.47 per litre,Coca-Cola Soft Drink | 12x300mL $3.47 per litre | *See page 27 for T&Cs,95.32,True,offer_labels_missing;save_amount_missing;regular_price_missing;unit_price_conflict;single_price_evidence,https://caau.syd1.cdn.digitaloceanspaces.com/wp-content/uploads/catalogue/coles/coles-catalogue-october-23-29-2024-vic-metro/24.jpg,https://www.catalogueau.com/coles/#catalogue=coles/coles-catalogue-october-23-29-2024-vic-metro/,displayed_price,displayed_price,1,review
Coles,VIC METRO,"Coles Catalogue October 23 - 29, 2024 VIC METRO",2024-10-23,2024-10-30,25,Plantwell Cholesterol Lowering Oat Milk 1 Litre,3.5,4.5,1.0,22.22,save_amount,1 Litre,$3.50 per litre,WASS4.50 | WASS4.50 | Plantwell Cholesterol Lowering | Oat Milk 1 Litre $3.50 per litre. | 2nd week on sale | —,94.94,True,single_price_evidence,https://caau.syd1.cdn.digitaloceanspaces.com/wp-content/uploads/catalogue/coles/coles-catalogue-october-23-29-2024-vic-metro/25.jpg,https://www.catalogueau.com/coles/#catalogue=coles/coles-catalogue-october-23-29-2024-vic-metro/,unit_price,unit_price,1,review
Coles,VIC METRO,"Coles Catalogue October 23 - 29, 2024 VIC METRO",2024-10-23,2024-10-30,25,Kellogg's LCMs or Nutri Grain Bars 5 Pack 100g-110g,3.55,4.5,0.95,21.11,save_amount,5 Pack; 100g; 110g,,Kellogg's LCMs or Nutri Grain | Bars 5 Pack 100g-110g | Pw),93.74,True,single_price_evidence,https://caau.syd1.cdn.digitaloceanspaces.com/wp-content/uploads/catalogue/coles/coles-catalogue-october-23-29-2024-vic-metro/25.jpg,https://www.catalogueau.com/coles/#catalogue=coles/coles-catalogue-october-23-29-2024-vic-metro/,unknown,,0,review
Coles,VIC METRO,"Coles Catalogue October 23 - 29, 2024 VIC METRO",2024-10-23,2024-10-30,25,Ocean Spray Fruit Drink 1.5 Litre,5.0,6.4,1.4,21.87,save_amount,1.5 Litre,$3.33 per litre,WASS6.40 | WASS6.40 | Ocean Spray Fruit Drink 1.5 Litre | $3.33 per litre | es,96.46,False,,https://caau.syd1.cdn.digitaloceanspaces.com/wp-content/uploads/catalogue/coles/coles-catalogue-october-23-29-2024-vic-metro/25.jpg,https://www.catalogueau.com/coles/#catalogue=coles/coles-catalogue-october-23-29-2024-vic-metro/,displayed_price,displayed_price;unit_price,2,verified
Coles,VIC METRO,"Coles Catalogue October 23 - 29, 2024 VIC METRO",2024-10-23,2024-10-30,25,Capilano 100% Australian Pure Honey Squeeze 500g,6.8,8.6,1.8,20.93,save_amount,500g,$1.36 per 100g,WAS$8.60 | WAS$8.60 | Capilano 100% Australian | Pure Honey Squeeze 500g | 'g | $1.36 per 100g | s tt | untry tk,96.26,True,single_price_evidence,https://caau.syd1.cdn.digitaloceanspaces.com/wp-content/uploads/catalogue/coles/coles-catalogue-october-23-29-2024-vic-metro/25.jpg,https://www.catalogueau.com/coles/#catalogue=coles/coles-catalogue-october-23-29-2024-vic-metro/,unit_price,unit_price,1,review
Coles,VIC METRO,"Coles Catalogue October 23 - 29, 2024 VIC METRO",2024-10-23,2024-10-30,25,Noshu Low Carb Cherry & Coconut Indulgence Bars 5 Pack 160g,6.2,8.9,2.7,30.34,save_amount,5 Pack; 160g,$3.88 per 100g,WAS$8.90 | WAS$8.90 | Noshu Low Carb Cherry & Coconut | Indulgence Bars 5 Pack 160g | 'g | $3.88 per 100g | oul | We re,94.78,True,single_price_evidence,https://caau.syd1.cdn.digitaloceanspaces.com/wp-content/uploads/catalogue/coles/coles-catalogue-october-23-29-2024-vic-metro/25.jpg,https://www.catalogueau.com/coles/#catalogue=coles/coles-catalogue-october-23-29-2024-vic-metro/,unit_price,unit_price,1,review
Coles,VIC METRO,"Coles Catalogue October 23 - 29, 2024 VIC METRO",2024-10-23,2024-10-30,25,Kellogg's Coco Pops 650g or Just Right Cereal 740g,8.0,10.0,2.0,20.0,save_amount,650g; 740g,,WASS10 | WASS10 | Kellogg's Coco Pops 650g | or Just Right Cereal 740g | Au | « | ind | SEI,95.84,True,single_price_evidence,https://caau.syd1.cdn.digitaloceanspaces.com/wp-content/uploads/catalogue/coles/coles-catalogue-october-23-29-2024-vic-metro/25.jpg,https://www.catalogueau.com/coles/#catalogue=coles/coles-catalogue-october-23-29-2024-vic-metro/,displayed_price,displayed_price,1,review
Coles,VIC METRO,"Coles Catalogue October 23 - 29, 2024 VIC METRO",2024-10-23,2024-10-30,25,Indomie Noodles 5 Pack 400g-425g,3.95,,,,everyday,5 Pack; 400g; 425g,,Indomie Noodles 5 Pack | 400g-425g | Hitiiggs,91.26,True,single_price_evidence,https://caau.syd1.cdn.digitaloceanspaces.com/wp-content/uploads/catalogue/coles/coles-catalogue-october-23-29-2024-vic-metro/25.jpg,https://www.catalogueau.com/coles/#catalogue=coles/coles-catalogue-october-23-29-2024-vic-metro/,displayed_price,displayed_price,1,review
Coles,VIC METRO,"Coles Catalogue October 23 - 29, 2024 VIC METRO",2024-10-23,2024-10-30,25,Golden Circle Tetra Fruit Drink 24x250mL,14.9,,,,everyday,24x250mL,$2.48 per litre,Golden Circle Tetra Fruit Drink | 24x250mL $2.48 per litre | |,95.53,False,,https://caau.syd1.cdn.digitaloceanspaces.com/wp-content/uploads/catalogue/coles/coles-catalogue-october-23-29-2024-vic-metro/25.jpg,https://www.catalogueau.com/coles/#catalogue=coles/coles-catalogue-october-23-29-2024-vic-metro/,displayed_price,displayed_price;unit_price,2,verified
Coles,VIC METRO,"Coles Catalogue October 23 - 29, 2024 VIC METRO",2024-10-23,2024-10-30,26,Vittoria Freeze Dried Instant Coffee 100g,7.5,12.5,5.0,40.0,save_amount,100g,$7.50 per 100g,WASS12.50 | WASS12.50 | Vittoria Freeze Dried Instant Coffee 100g | $7.50 per 100g. Excludes Decaf. | 2nd week on sale,96.25,True,single_price_evidence,https://caau.syd1.cdn.digitaloceanspaces.com/wp-content/uploads/catalogue/coles/coles-catalogue-october-23-29-2024-vic-metro/26.jpg,https://www.catalogueau.com/coles/#catalogue=coles/coles-catalogue-october-23-29-2024-vic-metro/,unit_price,unit_price,1,review
Coles,VIC METRO,"Coles Catalogue October 23 - 29, 2024 VIC METRO",2024-10-23,2024-10-30,26,Starbucks by Nespresso Coffee Capsules 36 Pack,16.9,24.0,7.1,29.58,save_amount,36 Pack,$0.47 per each,WAS$24 | WAS$24 | Starbucks by Nespresso Coffee | Capsules 36 Pack $0.47 per each | — | =) | MU! | MUSASHi,96.43,True,single_price_evidence,https://caau.syd1.cdn.digitaloceanspaces.com/wp-content/uploads/catalogue/coles/coles-catalogue-october-23-29-2024-vic-metro/26.jpg,https://www.catalogueau.com/coles/#catalogue=coles/coles-catalogue-october-23-29-2024-vic-metro/,unknown,,0,review
Coles,VIC METRO,"Coles Catalogue October 23 - 29, 2024 VIC METRO",2024-10-23,2024-10-30,26,Moccona Freeze Dried Instant Coffee 400g,19.5,32.5,13.0,40.0,save_amount,400g,$4.88 per 100g,‘WAS$32.50 | ‘WAS$32.50 | Moccona Freeze Dried Instant | Coffee 400g $4.88 per 100g | ARD | 200 | WTEC,96.14,False,,https://caau.syd1.cdn.digitaloceanspaces.com/wp-content/uploads/catalogue/coles/coles-catalogue-october-23-29-2024-vic-metro/26.jpg,https://www.catalogueau.com/coles/#catalogue=coles/coles-catalogue-october-23-29-2024-vic-metro/,displayed_price,displayed_price;unit_price,2,verified
Coles,VIC METRO,"Coles Catalogue October 23 - 29, 2024 VIC METRO",2024-10-23,2024-10-30,26,Muscle Nation Custard Protein Bar 60g,3.6,4.5,0.9,20.0,save_amount,60g,$6.00 per 100g,WASS4.50 | WASS4.50 | Muscle Nation Custard Protein Bar | 60g $6.00 per 100g,96.54,True,single_price_evidence,https://caau.syd1.cdn.digitaloceanspaces.com/wp-content/uploads/catalogue/coles/coles-catalogue-october-23-29-2024-vic-metro/26.jpg,https://www.catalogueau.com/coles/#catalogue=coles/coles-catalogue-october-23-29-2024-vic-metro/,unit_price,unit_price,1,review
Coles,VIC METRO,"Coles Catalogue October 23 - 29, 2024 VIC METRO",2024-10-23,2024-10-30,26,Carman's Nut or Muesli Bars 150g-270g,5.5,6.9,1.4,20.29,save_amount,150g; 270g,,WAS$6.90 | WAS$6.90 | Carman's Nut or Muesli Bars | 150g-270g,92.56,True,single_price_evidence,https://caau.syd1.cdn.digitaloceanspaces.com/wp-content/uploads/catalogue/coles/coles-catalogue-october-23-29-2024-vic-metro/26.jpg,https://www.catalogueau.com/coles/#catalogue=coles/coles-catalogue-october-23-29-2024-vic-metro/,displayed_price,displayed_price,1,review
Coles,VIC METRO,"Coles Catalogue October 23 - 29, 2024 VIC METRO",2024-10-23,2024-10-30,26,Musashi Crisp or Deluxe Protein Bar 60g,3.15,4.5,1.35,30.0,save_amount,60g,$5.25 per 100g,WASS4.50 | WASS4.50 | Musashi Crisp or Deluxe Protein | Bar 60g $5.25 per 100g,96.46,True,single_price_evidence,https://caau.syd1.cdn.digitaloceanspaces.com/wp-content/uploads/catalogue/coles/coles-catalogue-october-23-29-2024-vic-metro/26.jpg,https://www.catalogueau.com/coles/#catalogue=coles/coles-catalogue-october-23-29-2024-vic-metro/,unit_price,unit_price,1,review
Coles,VIC METRO,"Coles Catalogue October 23 - 29, 2024 VIC METRO",2024-10-23,2024-10-30,27,Maggi 2 Minute Noodles 5 Pack 335g-380g =,3.0,5.0,2.0,40.0,save_amount,5 Pack; 335g; 380g,,WASS5 | WASS5 | Maggi 2 Minute Noodles 5 Pack 335g-380g | = | Can | Campbell | po,77.21,True,low_name_confidence_strict;single_price_evidence,https://caau.syd1.cdn.digitaloceanspaces.com/wp-content/uploads/catalogue/coles/coles-catalogue-october-23-29-2024-vic-metro/27.jpg,https://www.catalogueau.com/coles/#catalogue=coles/coles-catalogue-october-23-29-2024-vic-metro/,displayed_price,displayed_price,1,review
Coles,VIC METRO,"Coles Catalogue October 23 - 29, 2024 VIC METRO",2024-10-23,2024-10-30,27,Heinz Ketchup 500mL,3.5,5.0,1.5,30.0,save_amount,500mL,$0.70 per 100mL,WASS5 | WASS5 | Heinz Ketchup 500mL | $0.70 per 100mL,93.87,False,,https://caau.syd1.cdn.digitaloceanspaces.com/wp-content/uploads/catalogue/coles/coles-catalogue-october-23-29-2024-vic-metro/27.jpg,https://www.catalogueau.com/coles/#catalogue=coles/coles-catalogue-october-23-29-2024-vic-metro/,displayed_price,displayed_price;unit_price,2,verified
Coles,VIC METRO,"Coles Catalogue October 23 - 29, 2024 VIC METRO",2024-10-23,2024-10-30,27,Campbell's Real Stock 1 Litre,3.5,4.5,1.0,22.22,save_amount,1 Litre,$0.35 per 100mL,WASS4.50 | WASS4.50 | Campbell's Real Stock 1 Litre | $0.35 per 100mL. | On sale for 2 weeks | aod | LPas,96.27,False,,https://caau.syd1.cdn.digitaloceanspaces.com/wp-content/uploads/catalogue/coles/coles-catalogue-october-23-29-2024-vic-metro/27.jpg,https://www.catalogueau.com/coles/#catalogue=coles/coles-catalogue-october-23-29-2024-vic-metro/,displayed_price,displayed_price;unit_price,2,verified
Coles,VIC METRO,"Coles Catalogue October 23 - 29, 2024 VIC METRO",2024-10-23,2024-10-30,27,Nutella Hazelnut Chocolate Spread 750g,8.75,11.0,2.25,20.45,save_amount,750g,$1.17 per 100g,WASS11 | WASS11 | Nutella Hazelnut Chocolate | Spread 750g $1.17 per 100g | SMEG,93.59,True,single_price_evidence,https://caau.syd1.cdn.digitaloceanspaces.com/wp-content/uploads/catalogue/coles/coles-catalogue-october-23-29-2024-vic-metro/27.jpg,https://www.catalogueau.com/coles/#catalogue=coles/coles-catalogue-october-23-29-2024-vic-metro/,unit_price,unit_price,1,review
Coles,VIC METRO,"Coles Catalogue October 23 - 29, 2024 VIC METRO",2024-10-23,2024-10-30,27,Old El Paso Spice Mix 30g-40g when you also,2.0,3.0,1.0,33.33,save_amount,30g; 40g,,WASS3 | WASS3 | Old El Paso Spice Mix 30g-40g | when you also,95.63,True,single_price_evidence,https://caau.syd1.cdn.digitaloceanspaces.com/wp-content/uploads/catalogue/coles/coles-catalogue-october-23-29-2024-vic-metro/27.jpg,https://www.catalogueau.com/coles/#catalogue=coles/coles-catalogue-october-23-29-2024-vic-metro/,displayed_price,displayed_price,1,review
Coles,VIC METRO,"Coles Catalogue October 23 - 29, 2024 VIC METRO",2024-10-23,2024-10-30,27,La Espanola Olive Oil 1 Litre,18.0,26.0,8.0,30.77,save_amount,1 Litre,$1.80 per 100mL,"WASS$26 | WASS$26 | La Espanola Olive Oil 1 Litre | $1.80 per 100mL. Excludes Organic | Spend $20 in one transaction, scan your Flybuys and receive one Bonus Kitchen Knife credit | rchase a selected product from a participating brand or product range. Limit | oduct range. Limit | of one Bonus Kitchen Knife credit applies per brand, per transaction. $20 spend excludes",95.36,False,,https://caau.syd1.cdn.digitaloceanspaces.com/wp-content/uploads/catalogue/coles/coles-catalogue-october-23-29-2024-vic-metro/27.jpg,https://www.catalogueau.com/coles/#catalogue=coles/coles-catalogue-october-23-29-2024-vic-metro/,displayed_price,displayed_price;unit_price,2,verified
Coles,VIC METRO,"Coles Catalogue October 23 - 29, 2024 VIC METRO",2024-10-23,2024-10-30,27,Campbell's Country Ladle or Chunky Soup 495g-505g,6.0,,,,special,495g; 505g,,Campbell's Country Ladle | or Chunky Soup 495g-505g | 8 | A,92.23,True,offer_labels_missing;save_amount_missing;regular_price_missing;inferred_price_requires_review,https://caau.syd1.cdn.digitaloceanspaces.com/wp-content/uploads/catalogue/coles/coles-catalogue-october-23-29-2024-vic-metro/27.jpg,https://www.catalogueau.com/coles/#catalogue=coles/coles-catalogue-october-23-29-2024-vic-metro/,displayed_price,displayed_price;grid_inference,1,review
Coles,VIC METRO,"Coles Catalogue October 23 - 29, 2024 VIC METRO",2024-10-23,2024-10-30,28,Sirena Tuna 95g,2.3,2.95,0.65,22.03,save_amount,95g,$24.21 per kg,SAVE 65° | WASS$2.95 | Sirena Tuna 95g | $24.21 per kg,94.81,True,single_price_evidence,https://caau.syd1.cdn.digitaloceanspaces.com/wp-content/uploads/catalogue/coles/coles-catalogue-october-23-29-2024-vic-metro/28.jpg,https://www.catalogueau.com/coles/#catalogue=coles/coles-catalogue-october-23-29-2024-vic-metro/,unit_price,unit_price,1,review
Coles,VIC METRO,"Coles Catalogue October 23 - 29, 2024 VIC METRO",2024-10-23,2024-10-30,28,Gravox Gravy Canister 120g-140g,4.0,5.0,1.0,20.0,save_amount,120g; 140g,,SAVE*1 | WASS5 | Gravox Gravy Canister | 120g-140g | HEINZ,93.43,False,,https://caau.syd1.cdn.digitaloceanspaces.com/wp-content/uploads/catalogue/coles/coles-catalogue-october-23-29-2024-vic-metro/28.jpg,https://www.catalogueau.com/coles/#catalogue=coles/coles-catalogue-october-23-29-2024-vic-metro/,save_was_arithmetic,displayed_price;save_was_arithmetic,2,verified
Coles,VIC METRO,"Coles Catalogue October 23 - 29, 2024 VIC METRO",2024-10-23,2024-10-30,28,Nestlé Bakers Choice Baking Chocolate Bits or Melts 200g-290g,80.0,81.2,1.2,1.48,save_amount,200g; 290g,,SAVE‘1.20 | Nestlé Bakers Choice Baking | Chocolate Bits or Melts | 200g-290g | ae Sig | CPT oCoe oe eoeoeseseeseeseTsOTeooooeoeSoeoeS | ee,79.0,True,low_name_confidence_strict;single_price_evidence,https://caau.syd1.cdn.digitaloceanspaces.com/wp-content/uploads/catalogue/coles/coles-catalogue-october-23-29-2024-vic-metro/28.jpg,https://www.catalogueau.com/coles/#catalogue=coles/coles-catalogue-october-23-29-2024-vic-metro/,displayed_price,displayed_price,1,review
Coles,VIC METRO,"Coles Catalogue October 23 - 29, 2024 VIC METRO",2024-10-23,2024-10-30,28,Heinz Seriously Good Aioli or Mayonnaise 500mL,6.5,58.3,51.8,88.85,save_amount,500mL,$1.30 per 100mL,SAVE51.80 | Heinz Seriously Good Aioli | or Mayonnaise 500mL | $1.30 per 100mL | CPT oCoe oe eoeoeseseeseeseTsOTeooooeoeSoeoeS | ved geeecece,94.0,False,,https://caau.syd1.cdn.digitaloceanspaces.com/wp-content/uploads/catalogue/coles/coles-catalogue-october-23-29-2024-vic-metro/28.jpg,https://www.catalogueau.com/coles/#catalogue=coles/coles-catalogue-october-23-29-2024-vic-metro/,displayed_price,displayed_price;unit_price,2,verified
Coles,VIC METRO,"Coles Catalogue October 23 - 29, 2024 VIC METRO",2024-10-23,2024-10-30,28,Green's Pancake Shake 300g-375g,2.0,3.5,1.5,42.86,save_amount,300g; 375g,,SAVE 70° | WASS3.50 | Green's Pancake Shake | 300g-375g | eoecece,79.0,True,low_name_confidence_strict;single_price_evidence,https://caau.syd1.cdn.digitaloceanspaces.com/wp-content/uploads/catalogue/coles/coles-catalogue-october-23-29-2024-vic-metro/28.jpg,https://www.catalogueau.com/coles/#catalogue=coles/coles-catalogue-october-23-29-2024-vic-metro/,displayed_price,displayed_price,1,review
Coles,VIC METRO,"Coles Catalogue October 23 - 29, 2024 VIC METRO",2024-10-23,2024-10-30,28,Woe ala Suave < oe cs'sbein Mee OR oS a awbe eee ema ere eoese VIC-METRO-231 0-24-298365,2.85,3.6,0.75,20.83,save_amount,,,SAVE75°‘ | WASS3.60 | ° | Woe ala Suave < oe cs'sbein Mee OR oS a awbe eee ema ere eoese | VIC-METRO-231 0-24-298365,44.02,True,low_ocr_confidence;low_name_confidence_strict;single_price_evidence,https://caau.syd1.cdn.digitaloceanspaces.com/wp-content/uploads/catalogue/coles/coles-catalogue-october-23-29-2024-vic-metro/28.jpg,https://www.catalogueau.com/coles/#catalogue=coles/coles-catalogue-october-23-29-2024-vic-metro/,displayed_price,displayed_price,1,review
Coles,VIC METRO,"Coles Catalogue October 23 - 29, 2024 VIC METRO",2024-10-23,2024-10-30,28,Cucina Matese Pasta 500g,2.6,,,,special,500g,$0.52 per 100g,Cucina Matese Pasta 500g | $0.52 per 100g | = | SIME | ae,94.36,False,,https://caau.syd1.cdn.digitaloceanspaces.com/wp-content/uploads/catalogue/coles/coles-catalogue-october-23-29-2024-vic-metro/28.jpg,https://www.catalogueau.com/coles/#catalogue=coles/coles-catalogue-october-23-29-2024-vic-metro/,displayed_price,displayed_price;unit_price,2,verified
Coles,VIC METRO,"Coles Catalogue October 23 - 29, 2024 VIC METRO",2024-10-23,2024-10-30,29,Tamar Valley Dairy The Creamery Yoghurt 170g,1.45,2.9,1.45,50.0,half_price,170g,$0.85 per 100g,SAVE51.45 | WAS$2.90 | Tamar Valley Dairy The Creamery Yoghurt | 170g $0.85 per 100g | lOve,96.56,False,,https://caau.syd1.cdn.digitaloceanspaces.com/wp-content/uploads/catalogue/coles/coles-catalogue-october-23-29-2024-vic-metro/29.jpg,https://www.catalogueau.com/coles/#catalogue=coles/coles-catalogue-october-23-29-2024-vic-metro/,displayed_price,displayed_price;unit_price,2,verified
Coles,VIC METRO,"Coles Catalogue October 23 - 29, 2024 VIC METRO",2024-10-23,2024-10-30,29,Chobani Greek Yogurt 160g,2.15,2.7,0.55,20.37,save_amount,160g,$1.34 per 100g,WAS $2.70 | WAS $2.70 | SEP 2024 | Chobani Greek Yogurt 160g | $1.34 per 100g | ==.,95.12,True,single_price_evidence,https://caau.syd1.cdn.digitaloceanspaces.com/wp-content/uploads/catalogue/coles/coles-catalogue-october-23-29-2024-vic-metro/29.jpg,https://www.catalogueau.com/coles/#catalogue=coles/coles-catalogue-october-23-29-2024-vic-metro/,unit_price,unit_price,1,review
Coles,VIC METRO,"Coles Catalogue October 23 - 29, 2024 VIC METRO",2024-10-23,2024-10-30,29,Yoplait Yoghurt 1kg,4.8,4.9,0.1,2.04,save_amount,1kg,$0.48 per 100g,WAS $4.90 | WAS $4.90 | SEP 2024 | Yoplait Yoghurt 1kg | $0.48 per 100g | =,92.22,True,single_price_evidence,https://caau.syd1.cdn.digitaloceanspaces.com/wp-content/uploads/catalogue/coles/coles-catalogue-october-23-29-2024-vic-metro/29.jpg,https://www.catalogueau.com/coles/#catalogue=coles/coles-catalogue-october-23-29-2024-vic-metro/,unit_price,unit_price,1,review
Coles,VIC METRO,"Coles Catalogue October 23 - 29, 2024 VIC METRO",2024-10-23,2024-10-30,29,Danone YoPRO Protein Yoghurt Pouch 150g,2.2,3.0,0.8,26.67,save_amount,150g,$1.47 per 100g,SAVE 80° | WASS3 | Danone YoPRO Protein Yoghurt | Pouch 150g $1.47 per 100g | ail,95.63,True,single_price_evidence,https://caau.syd1.cdn.digitaloceanspaces.com/wp-content/uploads/catalogue/coles/coles-catalogue-october-23-29-2024-vic-metro/29.jpg,https://www.catalogueau.com/coles/#catalogue=coles/coles-catalogue-october-23-29-2024-vic-metro/,unit_price,unit_price,1,review
Coles,VIC METRO,"Coles Catalogue October 23 - 29, 2024 VIC METRO",2024-10-23,2024-10-30,29,Gippsland Dairy Twist Yogurt 700g,6.3,790.0,783.7,99.2,save_amount,700g,$0.90 per 100g,SAVES1.60 | WAS$790 | Gippsland Dairy Twist Yogurt 700g | $0.90 per 100g | =) | — | = | |__d,96.07,False,,https://caau.syd1.cdn.digitaloceanspaces.com/wp-content/uploads/catalogue/coles/coles-catalogue-october-23-29-2024-vic-metro/29.jpg,https://www.catalogueau.com/coles/#catalogue=coles/coles-catalogue-october-23-29-2024-vic-metro/,displayed_price,displayed_price;unit_price,2,verified
Coles,VIC METRO,"Coles Catalogue October 23 - 29, 2024 VIC METRO",2024-10-23,2024-10-30,29,Dare Flavoured Milk 750mL,4.2,5.25,1.05,20.0,save_amount,750mL,$5.60 per litre,"SAVE51.05 | WASS5.25 | Dare Flavoured Milk 750mL | $5.60 per litre | Catalogue on sale Wed 23rd Oct until Tue 29th Oct 2024 or until Tue 5th Nov where indicated. Selected | specials commenced Wed 16th Oct. Promotional prices commence 7am Wednesday and may commence or extend | beyond the advertised date. Promotional products and prices are not available on DoorDash, UberEats or at Coles Express,",94.49,True,single_price_evidence,https://caau.syd1.cdn.digitaloceanspaces.com/wp-content/uploads/catalogue/coles/coles-catalogue-october-23-29-2024-vic-metro/29.jpg,https://www.catalogueau.com/coles/#catalogue=coles/coles-catalogue-october-23-29-2024-vic-metro/,unit_price,unit_price,1,review
Coles,VIC METRO,"Coles Catalogue October 23 - 29, 2024 VIC METRO",2024-10-23,2024-10-30,29,Ice Break Flavoured Milk 500mL,3.0,3.95,0.95,24.05,save_amount,500mL,$6.00 per litre,SAVE95* | WASS$3.95 | Ice Break Flavoured Milk 500mL | $6.00 per litre | Catalos | i | special,95.12,False,,https://caau.syd1.cdn.digitaloceanspaces.com/wp-content/uploads/catalogue/coles/coles-catalogue-october-23-29-2024-vic-metro/29.jpg,https://www.catalogueau.com/coles/#catalogue=coles/coles-catalogue-october-23-29-2024-vic-metro/,displayed_price,displayed_price;unit_price,2,verified
Coles,VIC METRO,"Coles Catalogue October 23 - 29, 2024 VIC METRO",2024-10-23,2024-10-30,29,Dare Flavoured Milk 2 Litre,6.3,7.0,0.7,10.0,save_amount,2 Litre,$3.15 per litre,SAVE7O* | WASS7 | Dare Flavoured Milk 2 Litre | $3.15 per litre. 2nd week on sale,96.49,False,,https://caau.syd1.cdn.digitaloceanspaces.com/wp-content/uploads/catalogue/coles/coles-catalogue-october-23-29-2024-vic-metro/29.jpg,https://www.catalogueau.com/coles/#catalogue=coles/coles-catalogue-october-23-29-2024-vic-metro/,displayed_price,displayed_price;unit_price,2,verified
Coles,VIC METRO,"Coles Catalogue October 23 - 29, 2024 VIC METRO",2024-10-23,2024-10-30,30,La Famiglia Garlic Bread Slices 270g,4.0,6.5,2.5,38.46,save_amount,270g,$1.48 per 100g,SAVE*2.50 | WASS6.50 | La Famiglia Garlic Bread Slices | 270g $1.48 per 100g | Bonus | Kitchen Knife,96.23,False,,https://caau.syd1.cdn.digitaloceanspaces.com/wp-content/uploads/catalogue/coles/coles-catalogue-october-23-29-2024-vic-metro/30.jpg,https://www.catalogueau.com/coles/#catalogue=coles/coles-catalogue-october-23-29-2024-vic-metro/,save_was_arithmetic,displayed_price;save_was_arithmetic;unit_price,3,verified
Coles,VIC METRO,"Coles Catalogue October 23 - 29, 2024 VIC METRO",2024-10-23,2024-10-30,30,Coles Kitchen Meal 330g-350g Peeve RESEAL,14.0,15.0,1.0,6.67,save_amount,330g; 350g,,SAVES1 | Coles Kitchen Meal 330g-350g | Peeve RESEAL | ] | (BON,75.14,True,low_name_confidence_strict;single_price_evidence,https://caau.syd1.cdn.digitaloceanspaces.com/wp-content/uploads/catalogue/coles/coles-catalogue-october-23-29-2024-vic-metro/30.jpg,https://www.catalogueau.com/coles/#catalogue=coles/coles-catalogue-october-23-29-2024-vic-metro/,displayed_price,displayed_price,1,review
Coles,VIC METRO,"Coles Catalogue October 23 - 29, 2024 VIC METRO",2024-10-23,2024-10-30,30,Rana Filled Pasta 325g,12.0,16.0,4.0,25.0,save_amount,325g,$1.85 per 100g,SAVE 54 | Rana Filled Pasta 325g | $1.85 per 100g | AUSTRALIAN | ROAST CHICKEN gs,96.28,True,unit_price_conflict;single_price_evidence,https://caau.syd1.cdn.digitaloceanspaces.com/wp-content/uploads/catalogue/coles/coles-catalogue-october-23-29-2024-vic-metro/30.jpg,https://www.catalogueau.com/coles/#catalogue=coles/coles-catalogue-october-23-29-2024-vic-metro/,displayed_price,displayed_price,1,review
Coles,VIC METRO,"Coles Catalogue October 23 - 29, 2024 VIC METRO",2024-10-23,2024-10-30,30,Coles Australian RSPCA Approved Chicken Shredded 150g,5.0,6.0,1.0,16.67,save_amount,150g,$33.33 per kg,SAVE*1 | WASS6 | Coles Australian RSPCA | Approved Chicken | Shredded 150g | $33.33 per kg,95.99,False,,https://caau.syd1.cdn.digitaloceanspaces.com/wp-content/uploads/catalogue/coles/coles-catalogue-october-23-29-2024-vic-metro/30.jpg,https://www.catalogueau.com/coles/#catalogue=coles/coles-catalogue-october-23-29-2024-vic-metro/,save_was_arithmetic,displayed_price;save_was_arithmetic;unit_price,3,verified
Coles,VIC METRO,"Coles Catalogue October 23 - 29, 2024 VIC METRO",2024-10-23,2024-10-30,30,Don Pepperoni Salami 200g,8.0,8.5,0.5,5.88,save_amount,200g,$40.00 per kg,WAS $8.50 | WAS $8.50 | AUG 2024 | Don Pepperoni Salami | 200g $40.00 per kg | 30,96.16,False,,https://caau.syd1.cdn.digitaloceanspaces.com/wp-content/uploads/catalogue/coles/coles-catalogue-october-23-29-2024-vic-metro/30.jpg,https://www.catalogueau.com/coles/#catalogue=coles/coles-catalogue-october-23-29-2024-vic-metro/,displayed_price,displayed_price;unit_price,2,verified
Coles,VIC METRO,"Coles Catalogue October 23 - 29, 2024 VIC METRO",2024-10-23,2024-10-30,30,Primo Rindless Short Cut Bacon 1kg,14.0,22.0,8.0,36.36,save_amount,1kg,$14.00 per kg,SAVES8 | WAS$22 | Primo Rindless Short Cut | Bacon 1kg $14.00 per kg | *See page 27 forT&Cs | VIC-METRO-231 0-24-298365,92.12,False,,https://caau.syd1.cdn.digitaloceanspaces.com/wp-content/uploads/catalogue/coles/coles-catalogue-october-23-29-2024-vic-metro/30.jpg,https://www.catalogueau.com/coles/#catalogue=coles/coles-catalogue-october-23-29-2024-vic-metro/,save_was_arithmetic,displayed_price;save_was_arithmetic;unit_price,3,verified
Coles,VIC METRO,"Coles Catalogue October 23 - 29, 2024 VIC METRO",2024-10-23,2024-10-30,30,Don Deli Cuts 80g-100g,3.3,4.3,1.0,23.26,save_amount,80g; 100g,,SAVES1 | WAS$4.30 | Don Deli Cuts 80g-100g | 30,94.02,False,,https://caau.syd1.cdn.digitaloceanspaces.com/wp-content/uploads/catalogue/coles/coles-catalogue-october-23-29-2024-vic-metro/30.jpg,https://www.catalogueau.com/coles/#catalogue=coles/coles-catalogue-october-23-29-2024-vic-metro/,save_was_arithmetic,displayed_price;save_was_arithmetic,2,verified
Coles,VIC METRO,"Coles Catalogue October 23 - 29, 2024 VIC METRO",2024-10-23,2024-10-30,30,Coles Pasta Sauce 425g,4.4,,,,special,425g,$1.04 per 100g,Coles Pasta Sauce 425g | $1.04 | $1.04 per 100g,96.24,True,single_price_evidence,https://caau.syd1.cdn.digitaloceanspaces.com/wp-content/uploads/catalogue/coles/coles-catalogue-october-23-29-2024-vic-metro/30.jpg,https://www.catalogueau.com/coles/#catalogue=coles/coles-catalogue-october-23-29-2024-vic-metro/,unit_price,unit_price,1,review
Coles,VIC METRO,"Coles Catalogue October 23 - 29, 2024 VIC METRO",2024-10-23,2024-10-30,30,Coles Finest Filled Gnocchi 350g,6.0,,,,special,350g,,Coles Finest Filled Gnocchi 350g | $1.71 per | Ig. | *See page 27 forT&Cs,96.34,True,offer_labels_missing;save_amount_missing;regular_price_missing;single_price_evidence,https://caau.syd1.cdn.digitaloceanspaces.com/wp-content/uploads/catalogue/coles/coles-catalogue-october-23-29-2024-vic-metro/30.jpg,https://www.catalogueau.com/coles/#catalogue=coles/coles-catalogue-october-23-29-2024-vic-metro/,displayed_price,displayed_price,1,review
Coles,VIC METRO,"Coles Catalogue October 23 - 29, 2024 VIC METRO",2024-10-23,2024-10-30,30,Coles Beef Lasagne 1.8kg,12.05,,,,special,1.8kg,$0.67 per 100g,Coles Beef Lasagne 1.8kg | $0.67 per 100g | pe | {eos cag,93.37,True,offer_labels_missing;save_amount_missing;regular_price_missing;single_price_evidence,https://caau.syd1.cdn.digitaloceanspaces.com/wp-content/uploads/catalogue/coles/coles-catalogue-october-23-29-2024-vic-metro/30.jpg,https://www.catalogueau.com/coles/#catalogue=coles/coles-catalogue-october-23-29-2024-vic-metro/,unknown,,0,review
Coles,VIC METRO,"Coles Catalogue October 23 - 29, 2024 VIC METRO",2024-10-23,2024-10-30,32,Farmers Union Greek Style or No Added Sugar Yogurt Pouch 130g,1.3,2.2,0.9,40.91,save_amount,130g,$1.00 per 100g,SAVE 90‘ | WAS$2.20 | Farmers Union Greek Style or No Added | Sugar Yogurt Pouch 130g $1.00 per 100g | itt,96.45,True,single_price_evidence,https://caau.syd1.cdn.digitaloceanspaces.com/wp-content/uploads/catalogue/coles/coles-catalogue-october-23-29-2024-vic-metro/32.jpg,https://www.catalogueau.com/coles/#catalogue=coles/coles-catalogue-october-23-29-2024-vic-metro/,unit_price,unit_price,1,review
Coles,VIC METRO,"Coles Catalogue October 23 - 29, 2024 VIC METRO",2024-10-23,2024-10-30,32,Gippsland Dairy Crafted Yogurt 150g,2.4,54.0,51.6,95.56,save_amount,150g,$1.60 per 100g,"SAVE51,60 | Gippsland Dairy Crafted Yogurt 150g | $1.60 per 100g",96.05,True,single_price_evidence,https://caau.syd1.cdn.digitaloceanspaces.com/wp-content/uploads/catalogue/coles/coles-catalogue-october-23-29-2024-vic-metro/32.jpg,https://www.catalogueau.com/coles/#catalogue=coles/coles-catalogue-october-23-29-2024-vic-metro/,unit_price,unit_price,1,review
Coles,VIC METRO,"Coles Catalogue October 23 - 29, 2024 VIC METRO",2024-10-23,2024-10-30,32,Perfect Italiano Cheese Parmesan 125g,3.5,4.5,1.0,22.22,save_amount,125g,$28.00 per kg,"SAVES1 | WAS$4.50 | Perfect Italiano Cheese | Parmesan 125g | $28.00 per kg | — | =="" | =",95.53,False,,https://caau.syd1.cdn.digitaloceanspaces.com/wp-content/uploads/catalogue/coles/coles-catalogue-october-23-29-2024-vic-metro/32.jpg,https://www.catalogueau.com/coles/#catalogue=coles/coles-catalogue-october-23-29-2024-vic-metro/,save_was_arithmetic,save_was_arithmetic;unit_price,2,verified
Coles,VIC METRO,"Coles Catalogue October 23 - 29, 2024 VIC METRO",2024-10-23,2024-10-30,32,"Bega Cheese Block, Slices or Grated 250g",6.0,7.5,1.5,20.0,save_amount,250g,$24.00 per kg,"SAVES1,50 | WASS$7.50 | Bega Cheese Block, | Slices or Grated 250g | $24.00 per kg",95.75,False,,https://caau.syd1.cdn.digitaloceanspaces.com/wp-content/uploads/catalogue/coles/coles-catalogue-october-23-29-2024-vic-metro/32.jpg,https://www.catalogueau.com/coles/#catalogue=coles/coles-catalogue-october-23-29-2024-vic-metro/,save_was_arithmetic,displayed_price;save_was_arithmetic;unit_price,3,verified
Coles,VIC METRO,"Coles Catalogue October 23 - 29, 2024 VIC METRO",2024-10-23,2024-10-30,32,Cheer Cheese Slices 500g,9.0,11.0,2.0,18.18,save_amount,500g,$18.00 per kg,SAVES2 | WASS11 | Cheer Cheese Slices | 500g $18.00 per kg | / ge | aon,96.53,False,,https://caau.syd1.cdn.digitaloceanspaces.com/wp-content/uploads/catalogue/coles/coles-catalogue-october-23-29-2024-vic-metro/32.jpg,https://www.catalogueau.com/coles/#catalogue=coles/coles-catalogue-october-23-29-2024-vic-metro/,save_was_arithmetic,displayed_price;save_was_arithmetic;unit_price,3,verified
Coles,VIC METRO,"Coles Catalogue October 23 - 29, 2024 VIC METRO",2024-10-23,2024-10-30,32,Flora ProActiv 250g,3.95,5.75,1.8,31.3,save_amount,250g,$1.58 per 100g,"SAVE‘1.80 | WASS5.75 | Flora ProActiv 250g | $1.58 per 100g | SHIR, | ° | Saag 2",93.65,False,,https://caau.syd1.cdn.digitaloceanspaces.com/wp-content/uploads/catalogue/coles/coles-catalogue-october-23-29-2024-vic-metro/32.jpg,https://www.catalogueau.com/coles/#catalogue=coles/coles-catalogue-october-23-29-2024-vic-metro/,save_was_arithmetic,displayed_price;save_was_arithmetic;unit_price,3,verified
Coles,VIC METRO,"Coles Catalogue October 23 - 29, 2024 VIC METRO",2024-10-23,2024-10-30,32,Bertocchi Long Cut or Short Cut Bacon 400g,9.5,12.0,2.5,20.83,save_amount,400g,$23.75 per kg,SAVES2.50 | Bertocchi Long Cut or | Short Cut Bacon 400g | $23.75 per kg | On sale for 2 weeks | 32,95.38,False,,https://caau.syd1.cdn.digitaloceanspaces.com/wp-content/uploads/catalogue/coles/coles-catalogue-october-23-29-2024-vic-metro/32.jpg,https://www.catalogueau.com/coles/#catalogue=coles/coles-catalogue-october-23-29-2024-vic-metro/,displayed_price,displayed_price;unit_price,2,verified
Coles,VIC METRO,"Coles Catalogue October 23 - 29, 2024 VIC METRO",2024-10-23,2024-10-30,32,AUG Coles Tasmanian,8.0,8.5,0.5,5.88,save_amount,,,WAS$8.50 | WAS$8.50 | AUG 2024 | AUG | 024 | Coles Tasmanian | Hot Smoked Salmon | Natural or Pepper 150g,79.0,True,low_name_confidence_strict;single_price_evidence,https://caau.syd1.cdn.digitaloceanspaces.com/wp-content/uploads/catalogue/coles/coles-catalogue-october-23-29-2024-vic-metro/32.jpg,https://www.catalogueau.com/coles/#catalogue=coles/coles-catalogue-october-23-29-2024-vic-metro/,displayed_price,displayed_price,1,review
Coles,VIC METRO,"Coles Catalogue October 23 - 29, 2024 VIC METRO",2024-10-23,2024-10-30,32,Devondale Blend Tub 500g,6.0,7.5,1.5,20.0,save_amount,500g,$1.20 per 100g,SAVE*1.50 | WAS$7.50 | Devondale Blend Tub | 500g $1.20 per 100g | VIC-METRO-231 0-24-298365,95.62,False,,https://caau.syd1.cdn.digitaloceanspaces.com/wp-content/uploads/catalogue/coles/coles-catalogue-october-23-29-2024-vic-metro/32.jpg,https://www.catalogueau.com/coles/#catalogue=coles/coles-catalogue-october-23-29-2024-vic-metro/,save_was_arithmetic,displayed_price;save_was_arithmetic;unit_price,3,verified
Coles,VIC METRO,"Coles Catalogue October 23 - 29, 2024 VIC METRO",2024-10-23,2024-10-30,32,Tibaldi Signature Ham Off The Bone 120g,4.0,5.0,1.0,20.0,save_amount,120g,$33.33 per kg,SAVES1 | WASS5 | Tibaldi Signature Ham | Off The Bone 120g | $33.33 per kg | 32,95.15,False,,https://caau.syd1.cdn.digitaloceanspaces.com/wp-content/uploads/catalogue/coles/coles-catalogue-october-23-29-2024-vic-metro/32.jpg,https://www.catalogueau.com/coles/#catalogue=coles/coles-catalogue-october-23-29-2024-vic-metro/,save_was_arithmetic,displayed_price;save_was_arithmetic;unit_price,3,verified
Coles,VIC METRO,"Coles Catalogue October 23 - 29, 2024 VIC METRO",2024-10-23,2024-10-30,33,Patties Party Pack 30 Pack 1.25kg,10.8,18.0,7.2,40.0,save_amount,30 Pack; 1.25kg,$0.86 per 100g,WASS18 | WASS18 | Patties Party Pack 30 Pack 1.25kg | $0.86 per 100g | <> | =,94.71,True,single_price_evidence,https://caau.syd1.cdn.digitaloceanspaces.com/wp-content/uploads/catalogue/coles/coles-catalogue-october-23-29-2024-vic-metro/33.jpg,https://www.catalogueau.com/coles/#catalogue=coles/coles-catalogue-october-23-29-2024-vic-metro/,displayed_price,displayed_price,1,review
Coles,VIC METRO,"Coles Catalogue October 23 - 29, 2024 VIC METRO",2024-10-23,2024-10-30,33,Luv a Duck Frozen Duck 2.1kg,16.0,28.3,12.3,43.46,save_amount,2.1kg,$7.62 per kg,WAS$28.30 | WAS$28.30 | Luv a Duck Frozen Duck 2.1kg | $7.62 per kg | ee | — | i | aMeCotin,92.55,False,,https://caau.syd1.cdn.digitaloceanspaces.com/wp-content/uploads/catalogue/coles/coles-catalogue-october-23-29-2024-vic-metro/33.jpg,https://www.catalogueau.com/coles/#catalogue=coles/coles-catalogue-october-23-29-2024-vic-metro/,displayed_price,displayed_price;unit_price,2,verified
Coles,VIC METRO,"Coles Catalogue October 23 - 29, 2024 VIC METRO",2024-10-23,2024-10-30,33,1&J Fish Fillets 425g,5.5,7.0,1.5,21.43,save_amount,425g,$12.94 per kg,WASS7 | WASS7 | 1&J Fish Fillets 425g | $12.94 per kg | | PUB FAVES,94.52,False,,https://caau.syd1.cdn.digitaloceanspaces.com/wp-content/uploads/catalogue/coles/coles-catalogue-october-23-29-2024-vic-metro/33.jpg,https://www.catalogueau.com/coles/#catalogue=coles/coles-catalogue-october-23-29-2024-vic-metro/,displayed_price,displayed_price;unit_price,2,verified
Coles,VIC METRO,"Coles Catalogue October 23 - 29, 2024 VIC METRO",2024-10-23,2024-10-30,33,Birds Eye Steamfresh Fish 380g,8.0,10.0,2.0,20.0,save_amount,380g,$21.05 per kg,WASS10 | WASS10 | Birds Eye Steamfresh Fish 380g | $21.05 per kg,94.8,False,,https://caau.syd1.cdn.digitaloceanspaces.com/wp-content/uploads/catalogue/coles/coles-catalogue-october-23-29-2024-vic-metro/33.jpg,https://www.catalogueau.com/coles/#catalogue=coles/coles-catalogue-october-23-29-2024-vic-metro/,displayed_price,displayed_price;unit_price,2,verified
Coles,VIC METRO,"Coles Catalogue October 23 - 29, 2024 VIC METRO",2024-10-23,2024-10-30,33,McCain Pub Size Meal 480g-500g,7.6,9.5,1.9,20.0,save_amount,480g; 500g,,WASS9.50 | WASS9.50 | McCain Pub Size Meal | 480g-500g | \g-! | J,79.0,True,low_name_confidence_strict;single_price_evidence,https://caau.syd1.cdn.digitaloceanspaces.com/wp-content/uploads/catalogue/coles/coles-catalogue-october-23-29-2024-vic-metro/33.jpg,https://www.catalogueau.com/coles/#catalogue=coles/coles-catalogue-october-23-29-2024-vic-metro/,displayed_price,displayed_price,1,review
Coles,VIC METRO,"Coles Catalogue October 23 - 29, 2024 VIC METRO",2024-10-23,2024-10-30,33,Mrs Mac's Microwaveable,2.6,3.5,0.9,25.71,save_amount,,$1.49 per 100g,WASS3.50 | WASS3.50 | Mrs Mac's | Microwaveable | Sausage Roll or Beef Pie | 175g $1.49 per 100g,94.15,True,single_price_evidence,https://caau.syd1.cdn.digitaloceanspaces.com/wp-content/uploads/catalogue/coles/coles-catalogue-october-23-29-2024-vic-metro/33.jpg,https://www.catalogueau.com/coles/#catalogue=coles/coles-catalogue-october-23-29-2024-vic-metro/,displayed_price,displayed_price,1,review
Coles,VIC METRO,"Coles Catalogue October 23 - 29, 2024 VIC METRO",2024-10-23,2024-10-30,33,On The Menu Plated Meal 320g,5.6,7.0,1.4,20.0,save_amount,320g,$1.75 per 100g,WASS7 | WASS7 | On The Menu Plated Meal | 320g $1.75 per 100g | VIC-METRO-231 0-24-298365,96.32,False,,https://caau.syd1.cdn.digitaloceanspaces.com/wp-content/uploads/catalogue/coles/coles-catalogue-october-23-29-2024-vic-metro/33.jpg,https://www.catalogueau.com/coles/#catalogue=coles/coles-catalogue-october-23-29-2024-vic-metro/,displayed_price,displayed_price;unit_price,2,verified
Coles,VIC METRO,"Coles Catalogue October 23 - 29, 2024 VIC METRO",2024-10-23,2024-10-30,33,1&J Raw Prawns Tail On or Off 500,18.0,24.0,6.0,25.0,save_amount,,$36.00 per kg,WASS24 | WASS24 | 1&J Raw Prawns Tail On | or Off 500 | $36.00 per kg,79.0,True,low_name_confidence_strict;single_price_evidence,https://caau.syd1.cdn.digitaloceanspaces.com/wp-content/uploads/catalogue/coles/coles-catalogue-october-23-29-2024-vic-metro/33.jpg,https://www.catalogueau.com/coles/#catalogue=coles/coles-catalogue-october-23-29-2024-vic-metro/,displayed_price,displayed_price,1,review
Coles,VIC METRO,"Coles Catalogue October 23 - 29, 2024 VIC METRO",2024-10-23,2024-10-30,33,Herbert Adams Slow Cooked Beef Pies 2 Pack 400g-420g,6.9,9.5,2.6,27.37,save_amount,2 Pack; 400g; 420g,,WASS9.50 | WASS9.50 | Herbert Adams Slow | Cooked Beef Pies | 2 Pack 400g-420g,95.18,True,single_price_evidence,https://caau.syd1.cdn.digitaloceanspaces.com/wp-content/uploads/catalogue/coles/coles-catalogue-october-23-29-2024-vic-metro/33.jpg,https://www.catalogueau.com/coles/#catalogue=coles/coles-catalogue-october-23-29-2024-vic-metro/,displayed_price,displayed_price,1,review
Coles,VIC METRO,"Coles Catalogue October 23 - 29, 2024 VIC METRO",2024-10-23,2024-10-30,34,Coles Kitchen Frozen Entertaining 160g-330g VIC-METRO-231 0-24-298365,15.0,,,,special,160g; 330g,,Coles Kitchen Frozen Entertaining 160g-330g | VIC-METRO-231 0-24-298365,86.27,True,offer_labels_missing;save_amount_missing;regular_price_missing;single_price_evidence,https://caau.syd1.cdn.digitaloceanspaces.com/wp-content/uploads/catalogue/coles/coles-catalogue-october-23-29-2024-vic-metro/34.jpg,https://www.catalogueau.com/coles/#catalogue=coles/coles-catalogue-october-23-29-2024-vic-metro/,displayed_price,displayed_price,1,review
Coles,VIC METRO,"Coles Catalogue October 23 - 29, 2024 VIC METRO",2024-10-23,2024-10-30,35,Hong Kong Dim Sim Kitchen Pork & Chive Dumplings or BBQ Pork Buns 300g,4.25,8.5,4.25,50.0,half_price,300g,$1.42 per 100g,SAVES4.25 | WAS$8.50 | Hong Kong Dim Sim Kitchen Pork & Chive | Dumplings or BBQ Pork Buns 300g $1.42 per 100g | Ss,95.95,False,,https://caau.syd1.cdn.digitaloceanspaces.com/wp-content/uploads/catalogue/coles/coles-catalogue-october-23-29-2024-vic-metro/35.jpg,https://www.catalogueau.com/coles/#catalogue=coles/coles-catalogue-october-23-29-2024-vic-metro/,save_was_arithmetic,save_was_arithmetic;unit_price,2,verified
Coles,VIC METRO,"Coles Catalogue October 23 - 29, 2024 VIC METRO",2024-10-23,2024-10-30,35,Sabrini Samosas 1.125kg,8.0,16.0,8.0,50.0,half_price,1.125kg,$0.71 per 100g,SAVES8 | ‘WASSI6 | Sabrini Samosas 1.125kg | $0.71 per 100g | eee,92.02,False,,https://caau.syd1.cdn.digitaloceanspaces.com/wp-content/uploads/catalogue/coles/coles-catalogue-october-23-29-2024-vic-metro/35.jpg,https://www.catalogueau.com/coles/#catalogue=coles/coles-catalogue-october-23-29-2024-vic-metro/,save_was_arithmetic,displayed_price;save_was_arithmetic,2,verified
Coles,VIC METRO,"Coles Catalogue October 23 - 29, 2024 VIC METRO",2024-10-23,2024-10-30,35,McCain Family Pizza 490g-500g [PICKE,6.8,8.5,1.7,20.0,save_amount,490g; 500g,,SAVE51.70 | WASS$8.50 | McCain Family Pizza 490g-500g | [PICKE,53.48,True,low_ocr_confidence;low_name_confidence_strict;single_price_evidence,https://caau.syd1.cdn.digitaloceanspaces.com/wp-content/uploads/catalogue/coles/coles-catalogue-october-23-29-2024-vic-metro/35.jpg,https://www.catalogueau.com/coles/#catalogue=coles/coles-catalogue-october-23-29-2024-vic-metro/,displayed_price,displayed_price,1,review
Coles,VIC METRO,"Coles Catalogue October 23 - 29, 2024 VIC METRO",2024-10-23,2024-10-30,35,Peters Connoisseur 1 Litre,9.0,12.0,3.0,25.0,save_amount,1 Litre,$0.90 per 100mL,WASS12 | WASS12 | Peters Connoisseur 1 Litre | $0.90 per 100mL. 2nd week on | sale. *See page 27 for T&Cs | \ Weis),95.63,True,single_price_evidence,https://caau.syd1.cdn.digitaloceanspaces.com/wp-content/uploads/catalogue/coles/coles-catalogue-october-23-29-2024-vic-metro/35.jpg,https://www.catalogueau.com/coles/#catalogue=coles/coles-catalogue-october-23-29-2024-vic-metro/,unit_price,unit_price,1,review
Coles,VIC METRO,"Coles Catalogue October 23 - 29, 2024 VIC METRO",2024-10-23,2024-10-30,35,Pickers Mini Italian Herb Mozzarella Sticks 230g,6.0,750.0,744.0,99.2,save_amount,230g,$2.61 per 100g,SAVES1.50 | WAS$750 | Pickers Mini Italian Herb | Mozzarella Sticks 230g | $2.61 per 100g | VIC-METRO-231 0-24-298365,96.1,False,,https://caau.syd1.cdn.digitaloceanspaces.com/wp-content/uploads/catalogue/coles/coles-catalogue-october-23-29-2024-vic-metro/35.jpg,https://www.catalogueau.com/coles/#catalogue=coles/coles-catalogue-october-23-29-2024-vic-metro/,displayed_price,displayed_price;unit_price,2,verified
Coles,VIC METRO,"Coles Catalogue October 23 - 29, 2024 VIC METRO",2024-10-23,2024-10-30,35,Streets Magnum 4 Pack-6 Pack 330mL-428mL,0.65,1.0,0.35,35.0,save_amount,4 Pack; 6 Pack; 330mL; 428mL,,Streets Magnum | 4 Pack-6 Pack | 330mL-428mL | 35,93.33,True,offer_labels_missing;single_price_evidence,https://caau.syd1.cdn.digitaloceanspaces.com/wp-content/uploads/catalogue/coles/coles-catalogue-october-23-29-2024-vic-metro/35.jpg,https://www.catalogueau.com/coles/#catalogue=coles/coles-catalogue-october-23-29-2024-vic-metro/,unknown,,0,review
Coles,VIC METRO,"Coles Catalogue October 23 - 29, 2024 VIC METRO",2024-10-23,2024-10-30,35,Nanna's Pies 450g-600g,4.0,5.0,1.0,20.0,save_amount,450g; 600g,,SAVE*1 | WASS5 | Nanna's Pies 450g-600g,90.59,False,,https://caau.syd1.cdn.digitaloceanspaces.com/wp-content/uploads/catalogue/coles/coles-catalogue-october-23-29-2024-vic-metro/35.jpg,https://www.catalogueau.com/coles/#catalogue=coles/coles-catalogue-october-23-29-2024-vic-metro/,save_was_arithmetic,displayed_price;save_was_arithmetic,2,verified
Coles,VIC METRO,"Coles Catalogue October 23 - 29, 2024 VIC METRO",2024-10-23,2024-10-30,35,Weis Bars 264mL-280mL,6.5,9.5,3.0,31.58,save_amount,264mL; 280mL,,WASS9.50 | WASS9.50 | Weis Bars 264mL-280mL | 35,92.77,True,single_price_evidence,https://caau.syd1.cdn.digitaloceanspaces.com/wp-content/uploads/catalogue/coles/coles-catalogue-october-23-29-2024-vic-metro/35.jpg,https://www.catalogueau.com/coles/#catalogue=coles/coles-catalogue-october-23-29-2024-vic-metro/,displayed_price,displayed_price,1,review
Coles,VIC METRO,"Coles Catalogue October 23 - 29, 2024 VIC METRO",2024-10-23,2024-10-30,35,Coles Simply Mixed Vegetables Tkg,980.8,,,,special,,$2.80 per kg,Coles Simply Mixed Vegetables | Tkg $2.80 per kg | —,79.0,True,offer_labels_missing;save_amount_missing;regular_price_missing;low_name_confidence_strict;inferred_price_requires_review,https://caau.syd1.cdn.digitaloceanspaces.com/wp-content/uploads/catalogue/coles/coles-catalogue-october-23-29-2024-vic-metro/35.jpg,https://www.catalogueau.com/coles/#catalogue=coles/coles-catalogue-october-23-29-2024-vic-metro/,displayed_price,displayed_price;grid_inference,1,review
Coles,VIC METRO,"Coles Catalogue October 23 - 29, 2024 VIC METRO",2024-10-23,2024-10-30,36,Peters Maxibon 4 Pack 560mL,7.0,10.5,3.5,33.33,save_amount,4 Pack; 560mL,$1.25 per 100mL,WASS10.50 | WASS10.50 | OCT 2024 | Peters Maxibon 4 Pack 560mL | $1.25 per 100mL,87.16,False,,https://caau.syd1.cdn.digitaloceanspaces.com/wp-content/uploads/catalogue/coles/coles-catalogue-october-23-29-2024-vic-metro/36.jpg,https://www.catalogueau.com/coles/#catalogue=coles/coles-catalogue-october-23-29-2024-vic-metro/,displayed_price,displayed_price;unit_price,2,verified
Coles,VIC METRO,"Coles Catalogue October 23 - 29, 2024 VIC METRO",2024-10-23,2024-10-30,36,Hershey's Tub 1 Litre,5.0,10.0,5.0,50.0,half_price,1 Litre,$0.50 per 100mL,SAVESS | WASS10 | Hershey's Tub 1 Litre | $0.50 per 100mL,96.17,False,,https://caau.syd1.cdn.digitaloceanspaces.com/wp-content/uploads/catalogue/coles/coles-catalogue-october-23-29-2024-vic-metro/36.jpg,https://www.catalogueau.com/coles/#catalogue=coles/coles-catalogue-october-23-29-2024-vic-metro/,displayed_price,displayed_price;unit_price,2,verified
Coles,VIC METRO,"Coles Catalogue October 23 - 29, 2024 VIC METRO",2024-10-23,2024-10-30,36,"Reese's, Hershey's or Violet Crumble Ice Cream 4 Pack 360mL-440mL",5.0,10.0,5.0,50.0,half_price,4 Pack; 360mL; 440mL,,"SAVESS | WASS10 | Reese's, Hershey's or Violet | Crumble Ice Cream 4 Pack | 360mL-440mL",93.92,True,single_price_evidence,https://caau.syd1.cdn.digitaloceanspaces.com/wp-content/uploads/catalogue/coles/coles-catalogue-october-23-29-2024-vic-metro/36.jpg,https://www.catalogueau.com/coles/#catalogue=coles/coles-catalogue-october-23-29-2024-vic-metro/,displayed_price,displayed_price,1,review
Coles,VIC METRO,"Coles Catalogue October 23 - 29, 2024 VIC METRO",2024-10-23,2024-10-30,36,Coles Irresistible lce Cream Mini 6 Pack 400mL,5.0,,,,special,6 Pack; 400mL,$1.25 per 100mL,Coles Irresistible lce Cream Mini 6 Pack 400mL | $1.25 per 100mL | = | 2) | s{ | yn),89.46,False,,https://caau.syd1.cdn.digitaloceanspaces.com/wp-content/uploads/catalogue/coles/coles-catalogue-october-23-29-2024-vic-metro/36.jpg,https://www.catalogueau.com/coles/#catalogue=coles/coles-catalogue-october-23-29-2024-vic-metro/,displayed_price,displayed_price;unit_price,2,verified
Coles,VIC METRO,"Coles Catalogue October 23 - 29, 2024 VIC METRO",2024-10-23,2024-10-30,36,Coles Irresistible Ice Cream 1 Litre,6.5,,,,special,1 Litre,$0.65 per 100mL,Coles Irresistible Ice Cream 1 Litre | $0.65 per 100mL,93.03,False,,https://caau.syd1.cdn.digitaloceanspaces.com/wp-content/uploads/catalogue/coles/coles-catalogue-october-23-29-2024-vic-metro/36.jpg,https://www.catalogueau.com/coles/#catalogue=coles/coles-catalogue-october-23-29-2024-vic-metro/,displayed_price,displayed_price;unit_price,2,verified
Coles,VIC METRO,"Coles Catalogue October 23 - 29, 2024 VIC METRO",2024-10-23,2024-10-30,37,Destination Italy Gelato 500mL,11.0,12.5,1.5,12.0,save_amount,500mL,$2.20 per 100mL,WAS $12.50 | WAS $12.50 | SEP 2024 | Destination Italy Gelato 500mL | $2.20 per 100mL,88.5,False,,https://caau.syd1.cdn.digitaloceanspaces.com/wp-content/uploads/catalogue/coles/coles-catalogue-october-23-29-2024-vic-metro/37.jpg,https://www.catalogueau.com/coles/#catalogue=coles/coles-catalogue-october-23-29-2024-vic-metro/,displayed_price,displayed_price;unit_price,2,verified
Coles,VIC METRO,"Coles Catalogue October 23 - 29, 2024 VIC METRO",2024-10-23,2024-10-30,37,Oreo or KitKat Sticks 4 Pack 360mL- 360mL-540mL,6.9,10.5,3.6,34.29,save_amount,4 Pack; 360mL; 540mL,,WAS $10.50 | WAS $10.50 | Oreo or KitKat Sticks 4 Pack | 360mL- | 360mL-540mL | mi,79.0,True,low_name_confidence_strict;single_price_evidence,https://caau.syd1.cdn.digitaloceanspaces.com/wp-content/uploads/catalogue/coles/coles-catalogue-october-23-29-2024-vic-metro/37.jpg,https://www.catalogueau.com/coles/#catalogue=coles/coles-catalogue-october-23-29-2024-vic-metro/,displayed_price,displayed_price,1,review
Coles,VIC METRO,"Coles Catalogue October 23 - 29, 2024 VIC METRO",2024-10-23,2024-10-30,37,McCain Beer Batter Chips 750g,4.5,5.8,1.3,22.41,save_amount,750g,$6.00 per kg,WAS $5.80 | WAS $5.80 | AUG 2024 | McCain Beer Batter Chips | 750g $6.00 per kg | Cheat | _—— | mA,96.48,False,,https://caau.syd1.cdn.digitaloceanspaces.com/wp-content/uploads/catalogue/coles/coles-catalogue-october-23-29-2024-vic-metro/37.jpg,https://www.catalogueau.com/coles/#catalogue=coles/coles-catalogue-october-23-29-2024-vic-metro/,displayed_price,displayed_price;unit_price,2,verified
Coles,VIC METRO,"Coles Catalogue October 23 - 29, 2024 VIC METRO",2024-10-23,2024-10-30,37,McCain Lil Pizzas 4 Pack 380g-400g,6.8,7.8,1.0,12.82,save_amount,4 Pack; 380g; 400g,,WAS $7.80 | WAS $7.80 | AUG 2024 | 124 | McCain Lil Pizzas 4 Pack | 380g-400g,94.17,True,single_price_evidence,https://caau.syd1.cdn.digitaloceanspaces.com/wp-content/uploads/catalogue/coles/coles-catalogue-october-23-29-2024-vic-metro/37.jpg,https://www.catalogueau.com/coles/#catalogue=coles/coles-catalogue-october-23-29-2024-vic-metro/,displayed_price,displayed_price,1,review
Coles,VIC METRO,"Coles Catalogue October 23 - 29, 2024 VIC METRO",2024-10-23,2024-10-30,37,Destination Italy Pizza 380g-434g,8.25,11.0,2.75,25.0,save_amount,380g; 434g,,WASS11 | WASS11 | AUG 2024 | Destination Italy Pizza | 380g-434g,93.51,True,single_price_evidence,https://caau.syd1.cdn.digitaloceanspaces.com/wp-content/uploads/catalogue/coles/coles-catalogue-october-23-29-2024-vic-metro/37.jpg,https://www.catalogueau.com/coles/#catalogue=coles/coles-catalogue-october-23-29-2024-vic-metro/,displayed_price,displayed_price,1,review
Coles,VIC METRO,"Coles Catalogue October 23 - 29, 2024 VIC METRO",2024-10-23,2024-10-30,37,Pampas Sheets Pastry 1kg,5.7,6.5,0.8,12.31,save_amount,1kg,$0.57 per 100g,WAS$6.50 | WAS$6.50 | SEP 2024 | Pampas Sheets Pastry Ikg | $0.57 per 100g. Excludes | Shortcrust | 37,88.36,False,,https://caau.syd1.cdn.digitaloceanspaces.com/wp-content/uploads/catalogue/coles/coles-catalogue-october-23-29-2024-vic-metro/37.jpg,https://www.catalogueau.com/coles/#catalogue=coles/coles-catalogue-october-23-29-2024-vic-metro/,displayed_price,displayed_price;unit_price,2,verified
Coles,VIC METRO,"Coles Catalogue October 23 - 29, 2024 VIC METRO",2024-10-23,2024-10-30,37,Steggles Crumbed Chicken Alphabet Nuggets 2kg,20.0,25.0,5.0,20.0,save_amount,2kg,$10.00 per kg,WAS $25 | WAS $25 | SEP 2024 | Steggles Crumbed Chicken | Alphabet Nuggets 2kg | $10.00 per kg,94.01,False,,https://caau.syd1.cdn.digitaloceanspaces.com/wp-content/uploads/catalogue/coles/coles-catalogue-october-23-29-2024-vic-metro/37.jpg,https://www.catalogueau.com/coles/#catalogue=coles/coles-catalogue-october-23-29-2024-vic-metro/,displayed_price,displayed_price;unit_price,2,verified
Coles,VIC METRO,"Coles Catalogue October 23 - 29, 2024 VIC METRO",2024-10-23,2024-10-30,37,Streets Paddle Pop 8 Pack 544mL,7.5,,,,down_down,8 Pack; 544mL,$1.38 per 100mL,Streets Paddle Pop 8 Pack | 544mL $1.38 per 100mL,93.96,False,,https://caau.syd1.cdn.digitaloceanspaces.com/wp-content/uploads/catalogue/coles/coles-catalogue-october-23-29-2024-vic-metro/37.jpg,https://www.catalogueau.com/coles/#catalogue=coles/coles-catalogue-october-23-29-2024-vic-metro/,displayed_price,displayed_price;unit_price,2,verified
Coles,VIC METRO,"Coles Catalogue October 23 - 29, 2024 VIC METRO",2024-10-23,2024-10-30,37,McCain Healthy Choice Frozen Meal 280g-350g,4.5,,,,down_down,280g; 350g,,McCain Healthy Choice | Frozen Meal 280g-350g,95.17,True,save_amount_missing;regular_price_missing;single_price_evidence,https://caau.syd1.cdn.digitaloceanspaces.com/wp-content/uploads/catalogue/coles/coles-catalogue-october-23-29-2024-vic-metro/37.jpg,https://www.catalogueau.com/coles/#catalogue=coles/coles-catalogue-october-23-29-2024-vic-metro/,displayed_price,displayed_price,1,review
Coles,VIC METRO,"Coles Catalogue October 23 - 29, 2024 VIC METRO",2024-10-23,2024-10-30,38,Décor Match Ups Container 200mL,1.75,3.5,1.75,50.0,half_price,200mL,$1.75 per each,SAVES1.75 | WASS3.50 | Décor Match Ups Container | 200mL $1.75 per each | 228 | =,95.71,False,,https://caau.syd1.cdn.digitaloceanspaces.com/wp-content/uploads/catalogue/coles/coles-catalogue-october-23-29-2024-vic-metro/38.jpg,https://www.catalogueau.com/coles/#catalogue=coles/coles-catalogue-october-23-29-2024-vic-metro/,save_was_arithmetic,displayed_price;save_was_arithmetic;unit_price,3,verified
Coles,VIC METRO,"Coles Catalogue October 23 - 29, 2024 VIC METRO",2024-10-23,2024-10-30,38,Décor Match Ups Container 500mL,2.5,5.0,2.5,50.0,half_price,500mL,$2.50 per each,SAVES2.50 | WASS5 | Décor Match Ups Container | 500mL $2.50 per each | TExcludes clearance items,95.05,False,,https://caau.syd1.cdn.digitaloceanspaces.com/wp-content/uploads/catalogue/coles/coles-catalogue-october-23-29-2024-vic-metro/38.jpg,https://www.catalogueau.com/coles/#catalogue=coles/coles-catalogue-october-23-29-2024-vic-metro/,save_was_arithmetic,displayed_price;save_was_arithmetic;unit_price,3,verified
Coles,VIC METRO,"Coles Catalogue October 23 - 29, 2024 VIC METRO",2024-10-23,2024-10-30,38,Décor Match Ups Container 2 Litre,4.5,9.0,4.5,50.0,half_price,2 Litre,$4.50 per each,SAVES4.50 | WASS9 | Décor Match Ups Container | 2 Litre $4.50 per each,96.59,False,,https://caau.syd1.cdn.digitaloceanspaces.com/wp-content/uploads/catalogue/coles/coles-catalogue-october-23-29-2024-vic-metro/38.jpg,https://www.catalogueau.com/coles/#catalogue=coles/coles-catalogue-october-23-29-2024-vic-metro/,save_was_arithmetic,displayed_price;save_was_arithmetic;unit_price,3,verified
Coles,VIC METRO,"Coles Catalogue October 23 - 29, 2024 VIC METRO",2024-10-23,2024-10-30,38,Cook with Curtis Slotted Turner,7.0,10.0,3.0,30.0,save_amount,,,SAVES3 | WASS10 | Cook with Curtis | Slotted Turner | ste | Prepaid,96.43,False,,https://caau.syd1.cdn.digitaloceanspaces.com/wp-content/uploads/catalogue/coles/coles-catalogue-october-23-29-2024-vic-metro/38.jpg,https://www.catalogueau.com/coles/#catalogue=coles/coles-catalogue-october-23-29-2024-vic-metro/,save_was_arithmetic,displayed_price;save_was_arithmetic,2,verified
Coles,VIC METRO,"Coles Catalogue October 23 - 29, 2024 VIC METRO",2024-10-23,2024-10-30,38,Tefal Easy Clean Frypan 30cm,36.0,45.0,9.0,20.0,save_amount,,,SAVES9 | ‘WAS $45 | Tefal Easy Clean Frypan | 30cm | Prepaid,94.61,False,,https://caau.syd1.cdn.digitaloceanspaces.com/wp-content/uploads/catalogue/coles/coles-catalogue-october-23-29-2024-vic-metro/38.jpg,https://www.catalogueau.com/coles/#catalogue=coles/coles-catalogue-october-23-29-2024-vic-metro/,save_was_arithmetic,displayed_price;save_was_arithmetic,2,verified
Coles,VIC METRO,"Coles Catalogue October 23 - 29, 2024 VIC METRO",2024-10-23,2024-10-30,38,Pyrex Measuring Jug 500m,6.5,11.0,4.5,40.91,save_amount,,,SAVES4.50 | WASS11 | Pyrex Measuring Jug | 500m,96.64,False,,https://caau.syd1.cdn.digitaloceanspaces.com/wp-content/uploads/catalogue/coles/coles-catalogue-october-23-29-2024-vic-metro/38.jpg,https://www.catalogueau.com/coles/#catalogue=coles/coles-catalogue-october-23-29-2024-vic-metro/,save_was_arithmetic,displayed_price;save_was_arithmetic,2,verified
Coles,VIC METRO,"Coles Catalogue October 23 - 29, 2024 VIC METRO",2024-10-23,2024-10-30,38,"Optus X Delight 2 * 6.52"" HD+ LCD display",99.0,129.0,30.0,23.26,save_amount,,,"SAVE‘30 | WASS$129 | Optus X Delight 2 | * 6.52"" HD+ LCD display | + 13MP triple Al camera | General Devices: All devices are Network Locked. Unlocking fees may apply. All included starter pack offers are | included in device packaging. Optus $35 SIM: First recharge applied on activation. For use in AU only. New services | only. All recharges revert fo standard plan price,. Terms & Fair Go policy apply. Activate by 7/3/25 for 55GB, includes",95.28,False,,https://caau.syd1.cdn.digitaloceanspaces.com/wp-content/uploads/catalogue/coles/coles-catalogue-october-23-29-2024-vic-metro/38.jpg,https://www.catalogueau.com/coles/#catalogue=coles/coles-catalogue-october-23-29-2024-vic-metro/,save_was_arithmetic,displayed_price;save_was_arithmetic,2,verified
Coles,VIC METRO,"Coles Catalogue October 23 - 29, 2024 VIC METRO",2024-10-23,2024-10-30,38,Coles Cook & Dine Can Opener,6.5,,,,special,,,Coles Cook & Dine | Can Opener | eee seit | ste,95.99,True,offer_labels_missing;save_amount_missing;regular_price_missing;inferred_price_requires_review,https://caau.syd1.cdn.digitaloceanspaces.com/wp-content/uploads/catalogue/coles/coles-catalogue-october-23-29-2024-vic-metro/38.jpg,https://www.catalogueau.com/coles/#catalogue=coles/coles-catalogue-october-23-29-2024-vic-metro/,displayed_price,displayed_price;grid_inference,1,review
Coles,VIC METRO,"Coles Catalogue October 23 - 29, 2024 VIC METRO",2024-10-23,2024-10-30,38,"Optus X Sight 3 * 6"" FWVGASG TFT display",79.0,,,,special,,,"Optus X Sight 3 | * 6"" FWVGASG TFT display | + SMP camera",86.04,True,offer_labels_missing;save_amount_missing;regular_price_missing;single_price_evidence,https://caau.syd1.cdn.digitaloceanspaces.com/wp-content/uploads/catalogue/coles/coles-catalogue-october-23-29-2024-vic-metro/38.jpg,https://www.catalogueau.com/coles/#catalogue=coles/coles-catalogue-october-23-29-2024-vic-metro/,displayed_price,displayed_price,1,review
Coles,VIC METRO,"Coles Catalogue October 23 - 29, 2024 VIC METRO",2024-10-23,2024-10-30,39,L'Oréal Paris True Match Liquid Foundation 30mL,17.0,34.0,17.0,50.0,half_price,30mL,,SAVES17 | WAS$34 | L'Oréal Paris True Match | Liquid Foundation 30mL | $5.67 per 10mL,93.18,False,,https://caau.syd1.cdn.digitaloceanspaces.com/wp-content/uploads/catalogue/coles/coles-catalogue-october-23-29-2024-vic-metro/39.jpg,https://www.catalogueau.com/coles/#catalogue=coles/coles-catalogue-october-23-29-2024-vic-metro/,save_was_arithmetic,displayed_price;save_was_arithmetic,2,verified
Coles,VIC METRO,"Coles Catalogue October 23 - 29, 2024 VIC METRO",2024-10-23,2024-10-30,39,L'Oréal Age Perfect Night or Day Cream 50mL,20.0,40.0,20.0,50.0,half_price,50mL,$40.00 per 100mL,SAVE520 | ‘WASS40 | L'Oréal Age Perfect Night | or Day Cream 50mL | $40.00 per 100mL,93.41,False,,https://caau.syd1.cdn.digitaloceanspaces.com/wp-content/uploads/catalogue/coles/coles-catalogue-october-23-29-2024-vic-metro/39.jpg,https://www.catalogueau.com/coles/#catalogue=coles/coles-catalogue-october-23-29-2024-vic-metro/,displayed_price,displayed_price;unit_price,2,verified
Coles,VIC METRO,"Coles Catalogue October 23 - 29, 2024 VIC METRO",2024-10-23,2024-10-30,39,L'Oréal Paris Clinically Proven Lash Serum 2mL,16.0,32.0,16.0,50.0,half_price,2mL,,SAVES16 | ‘WAS$32 | L'Oréal Paris Clinically | Proven Lash Serum 2mL | $80.00 per 10mL,94.38,False,,https://caau.syd1.cdn.digitaloceanspaces.com/wp-content/uploads/catalogue/coles/coles-catalogue-october-23-29-2024-vic-metro/39.jpg,https://www.catalogueau.com/coles/#catalogue=coles/coles-catalogue-october-23-29-2024-vic-metro/,save_was_arithmetic,displayed_price;save_was_arithmetic,2,verified
Coles,VIC METRO,"Coles Catalogue October 23 - 29, 2024 VIC METRO",2024-10-23,2024-10-30,39,U By Kotex Ultra Thin Pads With Wings Regular 14 Pack or Super 12 Pack,3.5,5.0,1.5,30.0,save_amount,14 Pack; 12 Pack,,SAVES1.50 | U By Kotex Ultra Thin Pads With | Wings Regular 14 Pack or Super | 12 Pack,96.5,True,single_price_evidence,https://caau.syd1.cdn.digitaloceanspaces.com/wp-content/uploads/catalogue/coles/coles-catalogue-october-23-29-2024-vic-metro/39.jpg,https://www.catalogueau.com/coles/#catalogue=coles/coles-catalogue-october-23-29-2024-vic-metro/,displayed_price,displayed_price,1,review
Coles,VIC METRO,"Coles Catalogue October 23 - 29, 2024 VIC METRO",2024-10-23,2024-10-30,39,Poise Incontinence Pads Regular 16 Pack or Super 14 Pack,110.0,112.8,2.8,2.48,save_amount,16 Pack; 14 Pack,,SAVE $2.80 | Poise Incontinence Pads Regular | 16 Pack or Super 14 Pack,96.46,True,single_price_evidence,https://caau.syd1.cdn.digitaloceanspaces.com/wp-content/uploads/catalogue/coles/coles-catalogue-october-23-29-2024-vic-metro/39.jpg,https://www.catalogueau.com/coles/#catalogue=coles/coles-catalogue-october-23-29-2024-vic-metro/,displayed_price,displayed_price,1,review
Coles,VIC METRO,"Coles Catalogue October 23 - 29, 2024 VIC METRO",2024-10-23,2024-10-30,39,Rexona Advanced 72hr Antiperspirant Aerosol Deodorant 220mL,6.5,9.5,3.0,31.58,save_amount,220mL,$2.95 per 100mL,WASS9.50 | WASS9.50 | Rexona Advanced 72hr | Antiperspirant Aerosol | Deodorant 220mL | $2.95 per 100mL,92.75,False,,https://caau.syd1.cdn.digitaloceanspaces.com/wp-content/uploads/catalogue/coles/coles-catalogue-october-23-29-2024-vic-metro/39.jpg,https://www.catalogueau.com/coles/#catalogue=coles/coles-catalogue-october-23-29-2024-vic-metro/,displayed_price,displayed_price;unit_price,2,verified
Coles,VIC METRO,"Coles Catalogue October 23 - 29, 2024 VIC METRO",2024-10-23,2024-10-30,39,TExcludes Every Day & clearance items,7.0,,,,special,,,$28.00 per 10mL | TExcludes Every Day & clearance items | 39,88.91,True,offer_labels_missing;save_amount_missing;regular_price_missing;single_price_evidence,https://caau.syd1.cdn.digitaloceanspaces.com/wp-content/uploads/catalogue/coles/coles-catalogue-october-23-29-2024-vic-metro/39.jpg,https://www.catalogueau.com/coles/#catalogue=coles/coles-catalogue-october-23-29-2024-vic-metro/,displayed_price,displayed_price,1,review
Coles,VIC METRO,"Coles Catalogue October 23 - 29, 2024 VIC METRO",2024-10-23,2024-10-30,39,E.L.F Power Grip Primer 24mL,24.0,,,,special,24mL,,E.L.F Power Grip Primer | 24mL $10.00 per 10mL,91.85,True,offer_labels_missing;save_amount_missing;regular_price_missing;single_price_evidence,https://caau.syd1.cdn.digitaloceanspaces.com/wp-content/uploads/catalogue/coles/coles-catalogue-october-23-29-2024-vic-metro/39.jpg,https://www.catalogueau.com/coles/#catalogue=coles/coles-catalogue-october-23-29-2024-vic-metro/,displayed_price,displayed_price,1,review
Coles,VIC METRO,"Coles Catalogue October 23 - 29, 2024 VIC METRO",2024-10-23,2024-10-30,39,E.L.F. Glow Reviver Lip Oil 7.6mL,18.0,,,,special,7.6mL,,E.L.F. Glow Reviver | Lip Oil 7.6mL | $23.68 per 10mL | VIC-METRO-231 0-24-298365,90.25,True,offer_labels_missing;save_amount_missing;regular_price_missing;single_price_evidence,https://caau.syd1.cdn.digitaloceanspaces.com/wp-content/uploads/catalogue/coles/coles-catalogue-october-23-29-2024-vic-metro/39.jpg,https://www.catalogueau.com/coles/#catalogue=coles/coles-catalogue-october-23-29-2024-vic-metro/,displayed_price,displayed_price,1,review
Coles,VIC METRO,"Coles Catalogue October 23 - 29, 2024 VIC METRO",2024-10-23,2024-10-30,40,Rascals Premium Nappy Pants 22 Pack-29 Pack,9.25,18.5,9.25,50.0,half_price,22 Pack; 29 Pack,,SAVES9.25 | WASS18.50 | Rascals Premium Nappy Pants | 22 Pack-29 Pack | == | |,95.08,True,single_price_evidence,https://caau.syd1.cdn.digitaloceanspaces.com/wp-content/uploads/catalogue/coles/coles-catalogue-october-23-29-2024-vic-metro/40.jpg,https://www.catalogueau.com/coles/#catalogue=coles/coles-catalogue-october-23-29-2024-vic-metro/,save_was_arithmetic,save_was_arithmetic,1,review
Coles,VIC METRO,"Coles Catalogue October 23 - 29, 2024 VIC METRO",2024-10-23,2024-10-30,40,Little Bellies Strawberry & Banana Yoghurt Melts,5.2,6.5,1.3,20.0,save_amount,,$26.00 per 100g,SAVE51.30 | WASS6.50 | Little Bellies Strawberry | & Banana Yoghurt Melts | or Mango & Banana | Coconut Melts 20 | $26.00 per 100g,96.04,True,single_price_evidence,https://caau.syd1.cdn.digitaloceanspaces.com/wp-content/uploads/catalogue/coles/coles-catalogue-october-23-29-2024-vic-metro/40.jpg,https://www.catalogueau.com/coles/#catalogue=coles/coles-catalogue-october-23-29-2024-vic-metro/,displayed_price,displayed_price,1,review
Coles,VIC METRO,"Coles Catalogue October 23 - 29, 2024 VIC METRO",2024-10-23,2024-10-30,40,Alula Gold Stage 3 Toddler or Stage 4 Junior Milk Drink 900g,20.4,25.5,5.1,20.0,save_amount,900g,$2.27 per 100g,SAVE*5.10 | ‘WAS§25.50) | Alula Gold Stage 3 | Toddler or Stage 4 | Junior Milk Drink 900g | $2.27 per 100g,96.03,False,,https://caau.syd1.cdn.digitaloceanspaces.com/wp-content/uploads/catalogue/coles/coles-catalogue-october-23-29-2024-vic-metro/40.jpg,https://www.catalogueau.com/coles/#catalogue=coles/coles-catalogue-october-23-29-2024-vic-metro/,save_was_arithmetic,displayed_price;save_was_arithmetic;unit_price,3,verified
Coles,VIC METRO,"Coles Catalogue October 23 - 29, 2024 VIC METRO",2024-10-23,2024-10-30,40,Huggies DryNites Ni,11.0,12.0,1.0,8.33,save_amount,,,"SAVE ""1 | WASS12 | Huggies DryNites | Ni | ht Time Pants | 8 | lack-10 Pack | 6",79.0,True,low_name_confidence_strict,https://caau.syd1.cdn.digitaloceanspaces.com/wp-content/uploads/catalogue/coles/coles-catalogue-october-23-29-2024-vic-metro/40.jpg,https://www.catalogueau.com/coles/#catalogue=coles/coles-catalogue-october-23-29-2024-vic-metro/,save_was_arithmetic,displayed_price;save_was_arithmetic,2,review
Coles,VIC METRO,"Coles Catalogue October 23 - 29, 2024 VIC METRO",2024-10-23,2024-10-30,40,Nestlé Nan Comfort Stage 3 Milk Drink 800g,16.8,21.0,4.2,20.0,save_amount,800g,$2.10 per 100g,SAVE%4.20 | WASS21 | Nestlé Nan Comfort | Stage 3 Milk Drink 800g | $2.10 per 100g | — | = | my Bonus,95.87,False,,https://caau.syd1.cdn.digitaloceanspaces.com/wp-content/uploads/catalogue/coles/coles-catalogue-october-23-29-2024-vic-metro/40.jpg,https://www.catalogueau.com/coles/#catalogue=coles/coles-catalogue-october-23-29-2024-vic-metro/,save_was_arithmetic,displayed_price;save_was_arithmetic;unit_price,3,verified
Coles,VIC METRO,"Coles Catalogue October 23 - 29, 2024 VIC METRO",2024-10-23,2024-10-30,40,Colgate Total Advanced Toothpaste 200g,7.0,10.0,3.0,30.0,save_amount,200g,$3.50 per 100g,SAVES3 | WASS10 | Colgate Total Advanced | Toothpaste 200g | $3.50 per 100g. | 2nd week on sale | *See page 27 for T&Cs,96.35,False,,https://caau.syd1.cdn.digitaloceanspaces.com/wp-content/uploads/catalogue/coles/coles-catalogue-october-23-29-2024-vic-metro/40.jpg,https://www.catalogueau.com/coles/#catalogue=coles/coles-catalogue-october-23-29-2024-vic-metro/,save_was_arithmetic,displayed_price;save_was_arithmetic;unit_price,3,verified
Coles,VIC METRO,"Coles Catalogue October 23 - 29, 2024 VIC METRO",2024-10-23,2024-10-30,40,Palmolive Liquid Hand Wash Refill 1 Litre,4.5,7.5,3.0,40.0,save_amount,1 Litre,,SAVES3 | WASS7.50 | Palmolive Liquid | Hand Wash Refill 1 Litre | or Naturals Body | Wash 500mL | *See page 27 for T&Cs,96.37,True,single_price_evidence,https://caau.syd1.cdn.digitaloceanspaces.com/wp-content/uploads/catalogue/coles/coles-catalogue-october-23-29-2024-vic-metro/40.jpg,https://www.catalogueau.com/coles/#catalogue=coles/coles-catalogue-october-23-29-2024-vic-metro/,save_was_arithmetic,save_was_arithmetic,1,review
Coles,VIC METRO,"Coles Catalogue October 23 - 29, 2024 VIC METRO",2024-10-23,2024-10-30,40,David Beckham Body Spray Deodorant 150mL,4.5,9.0,4.5,50.0,half_price,150mL,$3.00 per 100mL,SAVE%4.50 | WASS9 | David Beckham Body | Spray Deodorant 150mL | $3.00 per 100mL,94.95,False,,https://caau.syd1.cdn.digitaloceanspaces.com/wp-content/uploads/catalogue/coles/coles-catalogue-october-23-29-2024-vic-metro/40.jpg,https://www.catalogueau.com/coles/#catalogue=coles/coles-catalogue-october-23-29-2024-vic-metro/,save_was_arithmetic,displayed_price;save_was_arithmetic;unit_price,3,verified
Coles,VIC METRO,"Coles Catalogue October 23 - 29, 2024 VIC METRO",2024-10-23,2024-10-30,40,"Sensodyne Repair & Protect Toothpaste 100g""",8.5,12.3,3.8,30.89,save_amount,100g,$8.50 per 100g,"SAVE'3.80 | WASS12.30 | Sensodyne Repair & | Protect Toothpaste | 100g"" $8.50 per 100g",88.27,False,,https://caau.syd1.cdn.digitaloceanspaces.com/wp-content/uploads/catalogue/coles/coles-catalogue-october-23-29-2024-vic-metro/40.jpg,https://www.catalogueau.com/coles/#catalogue=coles/coles-catalogue-october-23-29-2024-vic-metro/,save_was_arithmetic,displayed_price;save_was_arithmetic;unit_price,3,verified
Coles,VIC METRO,"Coles Catalogue October 23 - 29, 2024 VIC METRO",2024-10-23,2024-10-30,41,"B.Box Lunchbox 1 Each =, Tes}",19.0,32.2,13.2,40.99,save_amount,,,"SAVE*13.20 | B.Box Lunchbox 1 Each | =, Tes}",55.29,True,low_ocr_confidence;low_name_confidence_strict;single_price_evidence,https://caau.syd1.cdn.digitaloceanspaces.com/wp-content/uploads/catalogue/coles/coles-catalogue-october-23-29-2024-vic-metro/41.jpg,https://www.catalogueau.com/coles/#catalogue=coles/coles-catalogue-october-23-29-2024-vic-metro/,displayed_price,displayed_price,1,review
Coles,VIC METRO,"Coles Catalogue October 23 - 29, 2024 VIC METRO",2024-10-23,2024-10-30,41,B.Box Insulated Drink Bottle 500mL 1 Each,2.0,16.4,14.4,87.8,save_amount,500mL,,SAVE*14.40 | B.Box Insulated Drink Bottle | 500mL 1 Each,92.62,True,single_price_evidence,https://caau.syd1.cdn.digitaloceanspaces.com/wp-content/uploads/catalogue/coles/coles-catalogue-october-23-29-2024-vic-metro/41.jpg,https://www.catalogueau.com/coles/#catalogue=coles/coles-catalogue-october-23-29-2024-vic-metro/,displayed_price,displayed_price,1,review
Coles,VIC METRO,"Coles Catalogue October 23 - 29, 2024 VIC METRO",2024-10-23,2024-10-30,41,B.Box Sippy Cup For Kids 6 Month+ 1 Each,9.9,16.5,6.6,40.0,save_amount,,,SAVES6.60 | WASS16.50 | B.Box Sippy Cup For Kids | 6 Month+ 1 Each | subo,93.85,True,single_price_evidence,https://caau.syd1.cdn.digitaloceanspaces.com/wp-content/uploads/catalogue/coles/coles-catalogue-october-23-29-2024-vic-metro/41.jpg,https://www.catalogueau.com/coles/#catalogue=coles/coles-catalogue-october-23-29-2024-vic-metro/,save_was_arithmetic,save_was_arithmetic,1,review
Coles,VIC METRO,"Coles Catalogue October 23 - 29, 2024 VIC METRO",2024-10-23,2024-10-30,41,Tommee Tippee Night Time Soothers 0-6m or 6-18m 2 Pack,7.2,12.0,4.8,40.0,save_amount,2 Pack,$3.60 per each,SAVES4.80 | WASS12 | Tommee Tippee Night Time | Soothers 0-6m or 6-18m 2 Pack | $3.60 per each | VIC-METRO-231 0-24-298365,93.52,False,,https://caau.syd1.cdn.digitaloceanspaces.com/wp-content/uploads/catalogue/coles/coles-catalogue-october-23-29-2024-vic-metro/41.jpg,https://www.catalogueau.com/coles/#catalogue=coles/coles-catalogue-october-23-29-2024-vic-metro/,save_was_arithmetic,displayed_price;save_was_arithmetic;unit_price,3,verified
Coles,VIC METRO,"Coles Catalogue October 23 - 29, 2024 VIC METRO",2024-10-23,2024-10-30,41,Sophie La Girafe Teething Ring 1 Pac!,15.9,26.5,10.6,40.0,save_amount,,,"SAVE°10.60 | WASS26.5 | Sophie La Girafe Teething Ring | 1 | 1 Pac! | cl | TExcludes Every Day, Down Down & clearance items | Al",62.29,True,low_name_confidence_strict;single_price_evidence,https://caau.syd1.cdn.digitaloceanspaces.com/wp-content/uploads/catalogue/coles/coles-catalogue-october-23-29-2024-vic-metro/41.jpg,https://www.catalogueau.com/coles/#catalogue=coles/coles-catalogue-october-23-29-2024-vic-metro/,save_was_arithmetic,save_was_arithmetic,1,review
Coles,VIC METRO,"Coles Catalogue October 23 - 29, 2024 VIC METRO",2024-10-23,2024-10-30,41,Subo Food Bottle Duck Egg 210mL 1 Each,19.2,32.0,12.8,40.0,save_amount,210mL,,SAVE 512.80 | WAS$32 | Subo Food Bottle Duck Egg | 210mL 1 Each,94.27,True,single_price_evidence,https://caau.syd1.cdn.digitaloceanspaces.com/wp-content/uploads/catalogue/coles/coles-catalogue-october-23-29-2024-vic-metro/41.jpg,https://www.catalogueau.com/coles/#catalogue=coles/coles-catalogue-october-23-29-2024-vic-metro/,save_was_arithmetic,save_was_arithmetic,1,review
Coles,VIC METRO,"Coles Catalogue October 23 - 29, 2024 VIC METRO",2024-10-23,2024-10-30,41,BABY ACCESSORIES,40.0,,,,special,,,BABY | ACCESSORIES | Exclusions apply t | Bp. | ce |,79.0,True,offer_labels_missing;save_amount_missing;regular_price_missing;low_name_confidence_strict;single_price_evidence,https://caau.syd1.cdn.digitaloceanspaces.com/wp-content/uploads/catalogue/coles/coles-catalogue-october-23-29-2024-vic-metro/41.jpg,https://www.catalogueau.com/coles/#catalogue=coles/coles-catalogue-october-23-29-2024-vic-metro/,displayed_price,displayed_price,1,review
Coles,VIC METRO,"Coles Catalogue October 23 - 29, 2024 VIC METRO",2024-10-23,2024-10-30,42,Farmers Market Home Styled Shreds Dog Food 250g,4.0,5.0,1.0,20.0,save_amount,250g,$1.60 per 100,SAVES1 | WASS5 | Farmers Market Home Styled | Shreds Dog Food 250g | $1.60 per 100: | From the chilled pet food fridge,95.55,False,,https://caau.syd1.cdn.digitaloceanspaces.com/wp-content/uploads/catalogue/coles/coles-catalogue-october-23-29-2024-vic-metro/42.jpg,https://www.catalogueau.com/coles/#catalogue=coles/coles-catalogue-october-23-29-2024-vic-metro/,save_was_arithmetic,displayed_price;save_was_arithmetic;unit_price,3,verified
Coles,VIC METRO,"Coles Catalogue October 23 - 29, 2024 VIC METRO",2024-10-23,2024-10-30,42,4 Legs Slow Cooked Dog Food 250g,4.0,5.0,1.0,20.0,save_amount,250g,,SAVE*1 | WASS5 | 4 Legs Slow Cooked Dog Food | 250g $1.60 per 10 | From the chilled pet food fridge,96.01,False,,https://caau.syd1.cdn.digitaloceanspaces.com/wp-content/uploads/catalogue/coles/coles-catalogue-october-23-29-2024-vic-metro/42.jpg,https://www.catalogueau.com/coles/#catalogue=coles/coles-catalogue-october-23-29-2024-vic-metro/,save_was_arithmetic,displayed_price;save_was_arithmetic,2,verified
Coles,VIC METRO,"Coles Catalogue October 23 - 29, 2024 VIC METRO",2024-10-23,2024-10-30,42,Fussy Cat Mince Cat Food 450g,5.2,6.5,1.3,20.0,save_amount,450g,$1.16 per 100,SAVE‘1.30 | WASS6.50 | Fussy Cat Mince Cat Food 450g | $1.16 per 100 | $1.16 | From the chilled pet food fridge,96.28,False,,https://caau.syd1.cdn.digitaloceanspaces.com/wp-content/uploads/catalogue/coles/coles-catalogue-october-23-29-2024-vic-metro/42.jpg,https://www.catalogueau.com/coles/#catalogue=coles/coles-catalogue-october-23-29-2024-vic-metro/,save_was_arithmetic,displayed_price;save_was_arithmetic;unit_price,3,verified
Coles,VIC METRO,"Coles Catalogue October 23 - 29, 2024 VIC METRO",2024-10-23,2024-10-30,42,My Dog Dog Food 6x100g,7.0,10.0,3.0,30.0,save_amount,6x100g,$1.17 per 100,SAVE*3 | WASS10 | My Dog Dog Food 6x100g | $1.17 per 100 | ig. | Excludes My Dog Shredded,94.44,False,,https://caau.syd1.cdn.digitaloceanspaces.com/wp-content/uploads/catalogue/coles/coles-catalogue-october-23-29-2024-vic-metro/42.jpg,https://www.catalogueau.com/coles/#catalogue=coles/coles-catalogue-october-23-29-2024-vic-metro/,save_was_arithmetic,displayed_price;save_was_arithmetic,2,verified
Coles,VIC METRO,"Coles Catalogue October 23 - 29, 2024 VIC METRO",2024-10-23,2024-10-30,42,Dine Daily Cat Food 7x85g,7.0,10.0,3.0,30.0,save_amount,7x85g,$1.18 per 100g,SAVES3 | WASS10 | Dine Daily Cat Food 7x85g | $1.18 per 100g | $1.18,94.22,False,,https://caau.syd1.cdn.digitaloceanspaces.com/wp-content/uploads/catalogue/coles/coles-catalogue-october-23-29-2024-vic-metro/42.jpg,https://www.catalogueau.com/coles/#catalogue=coles/coles-catalogue-october-23-29-2024-vic-metro/,save_was_arithmetic,displayed_price;save_was_arithmetic;unit_price,3,verified
Coles,VIC METRO,"Coles Catalogue October 23 - 29, 2024 VIC METRO",2024-10-23,2024-10-30,42,Vitapet Dry Dog Food 3kg,20.0,27.5,7.5,27.27,save_amount,3kg,$0.67 per 100g,WAS$27.50 | WAS$27.50 | OCT 2024 | 1024 | —_ | Vitapet Dry Dog Food 3kg | $0.67 per 100g,93.87,True,single_price_evidence,https://caau.syd1.cdn.digitaloceanspaces.com/wp-content/uploads/catalogue/coles/coles-catalogue-october-23-29-2024-vic-metro/42.jpg,https://www.catalogueau.com/coles/#catalogue=coles/coles-catalogue-october-23-29-2024-vic-metro/,displayed_price,displayed_price,1,review
Coles,VIC METRO,"Coles Catalogue October 23 - 29, 2024 VIC METRO",2024-10-23,2024-10-30,42,Vitapet Dog Treat Chicken Tenders 500g,21.0,30.0,9.0,30.0,save_amount,500g,$4.20 per 100g,"WAS$30 | WAS$30 | Vitapet Dog Treat | Chicken Tenders 500g | $4.20 per 100g | TExcludes Every Day, Down Down & clearance items | 42",95.28,False,,https://caau.syd1.cdn.digitaloceanspaces.com/wp-content/uploads/catalogue/coles/coles-catalogue-october-23-29-2024-vic-metro/42.jpg,https://www.catalogueau.com/coles/#catalogue=coles/coles-catalogue-october-23-29-2024-vic-metro/,displayed_price,displayed_price;unit_price,2,verified
Coles,VIC METRO,"Coles Catalogue October 23 - 29, 2024 VIC METRO",2024-10-23,2024-10-30,42,"Felix Cat Treats 50g-60g TExcludes Every Day, Down Down & clearance items",3.0,4.5,1.5,33.33,save_amount,50g; 60g,,"Felix Cat Treats 50g-60g | TExcludes Every Day, Down Down & clearance items",93.92,True,offer_labels_missing;single_price_evidence,https://caau.syd1.cdn.digitaloceanspaces.com/wp-content/uploads/catalogue/coles/coles-catalogue-october-23-29-2024-vic-metro/42.jpg,https://www.catalogueau.com/coles/#catalogue=coles/coles-catalogue-october-23-29-2024-vic-metro/,displayed_price,displayed_price,1,review
Coles,VIC METRO,"Coles Catalogue October 23 - 29, 2024 VIC METRO",2024-10-23,2024-10-30,42,"Chicken Tenders 500g TExcludes Every Day, Down Down & clearance items",9.0,,,,down_down,500g,,"Chicken Tenders 500g | TExcludes Every Day, Down Down & clearance items | 42",91.09,True,save_amount_missing;regular_price_missing;single_price_evidence,https://caau.syd1.cdn.digitaloceanspaces.com/wp-content/uploads/catalogue/coles/coles-catalogue-october-23-29-2024-vic-metro/42.jpg,https://www.catalogueau.com/coles/#catalogue=coles/coles-catalogue-october-23-29-2024-vic-metro/,displayed_price,displayed_price,1,review
Coles,VIC METRO,"Coles Catalogue October 23 - 29, 2024 VIC METRO",2024-10-23,2024-10-30,43,AU Chux Foam Scourer,1.0,,,,special,,$1.00 per each,WAS | WAS | AU | Chux Foam Scourer | Non Scratch or | Heavy Duty 3 Pack | $1.00 per each. | *See page 27 forT&Cs,79.0,True,save_amount_missing;regular_price_missing;low_name_confidence_strict;single_price_evidence,https://caau.syd1.cdn.digitaloceanspaces.com/wp-content/uploads/catalogue/coles/coles-catalogue-october-23-29-2024-vic-metro/43.jpg,https://www.catalogueau.com/coles/#catalogue=coles/coles-catalogue-october-23-29-2024-vic-metro/,unit_price,unit_price,1,review
Coles,VIC METRO,"Coles Catalogue October 23 - 29, 2024 VIC METRO",2024-10-23,2024-10-30,43,Domestos Thick Bleach Ocean Fresh 500mL,3.5,5.0,1.5,30.0,save_amount,500mL,$0.70 per 100mL,WAS$5 | WAS$5 | SEP 2024 | Domestos Thick Bleach | Ocean Fresh 500mL | $0.70 per 100mL,93.95,False,,https://caau.syd1.cdn.digitaloceanspaces.com/wp-content/uploads/catalogue/coles/coles-catalogue-october-23-29-2024-vic-metro/43.jpg,https://www.catalogueau.com/coles/#catalogue=coles/coles-catalogue-october-23-29-2024-vic-metro/,displayed_price,displayed_price;unit_price,2,verified
Coles,VIC METRO,"Coles Catalogue October 23 - 29, 2024 VIC METRO",2024-10-23,2024-10-30,43,Mr Clean Synthetic Chamois 1 Each,5.2,6.0,0.8,13.33,save_amount,,,AUG 2024 | Mr Clean Synthetic Chamois 1 Each,96.48,True,single_price_evidence,https://caau.syd1.cdn.digitaloceanspaces.com/wp-content/uploads/catalogue/coles/coles-catalogue-october-23-29-2024-vic-metro/43.jpg,https://www.catalogueau.com/coles/#catalogue=coles/coles-catalogue-october-23-29-2024-vic-metro/,unknown,,0,review
Coles,VIC METRO,"Coles Catalogue October 23 - 29, 2024 VIC METRO",2024-10-23,2024-10-30,43,Al Cold Power Laundry Liquid 4 Litre,22.0,36.0,14.0,38.89,save_amount,4 Litre,$5.50 per litre,WAS $36 | WAS $36 | Al | AUG 2024 | 2024 | Cold Power Laundry Liquid 4 Litre | $5.50 per litre. *See page 27 forT&Cs | 708,79.0,True,low_name_confidence_strict,https://caau.syd1.cdn.digitaloceanspaces.com/wp-content/uploads/catalogue/coles/coles-catalogue-october-23-29-2024-vic-metro/43.jpg,https://www.catalogueau.com/coles/#catalogue=coles/coles-catalogue-october-23-29-2024-vic-metro/,displayed_price,displayed_price;unit_price,2,review
Coles,VIC METRO,"Coles Catalogue October 23 - 29, 2024 VIC METRO",2024-10-23,2024-10-30,43,Air Wick Automatic Spray 174g,15.0,22.0,7.0,31.82,save_amount,174g,$8.62 per 100g,WAS $22 | WAS $22 | AUG 2024 | Air Wick Automatic Spray 174g | $8.62 per 100g,96.0,False,,https://caau.syd1.cdn.digitaloceanspaces.com/wp-content/uploads/catalogue/coles/coles-catalogue-october-23-29-2024-vic-metro/43.jpg,https://www.catalogueau.com/coles/#catalogue=coles/coles-catalogue-october-23-29-2024-vic-metro/,displayed_price,displayed_price;unit_price,2,verified
Coles,VIC METRO,"Coles Catalogue October 23 - 29, 2024 VIC METRO",2024-10-23,2024-10-30,43,Kleenex 3-Ply Soft & Thick Facial Tissues 120 Pack,3.0,,,,down_down,120 Pack,$2.50 per 100 each,Kleenex 3-Ply Soft & Thick | Facial Tissues 120 Pack | $2.50 per 100 each,93.34,False,,https://caau.syd1.cdn.digitaloceanspaces.com/wp-content/uploads/catalogue/coles/coles-catalogue-october-23-29-2024-vic-metro/43.jpg,https://www.catalogueau.com/coles/#catalogue=coles/coles-catalogue-october-23-29-2024-vic-metro/,displayed_price,displayed_price;unit_price,2,verified
Coles,VIC METRO,"Coles Catalogue October 23 - 29, 2024 VIC METRO",2024-10-23,2024-10-30,43,Oakwood Instant Shoe Polish 75mL or Renovating Polish 65g,4.0,,,,special,75mL; 65g,,Oakwood Instant Shoe Polish | 75mL or Renovating Polish 65g | On sale for 2 weeks | 43,95.66,True,offer_labels_missing;save_amount_missing;regular_price_missing;single_price_evidence,https://caau.syd1.cdn.digitaloceanspaces.com/wp-content/uploads/catalogue/coles/coles-catalogue-october-23-29-2024-vic-metro/43.jpg,https://www.catalogueau.com/coles/#catalogue=coles/coles-catalogue-october-23-29-2024-vic-metro/,displayed_price,displayed_price,1,review
Coles,VIC METRO,"Coles Catalogue October 23 - 29, 2024 VIC METRO",2024-10-23,2024-10-30,43,Ajax Spray n'Wipe Vanilla & Berries 475mL,3.5,,,,special,475mL,$0.74 per 100mL,Ajax Spray n'Wipe Vanilla | & Berries 475mL $0.74 per 100mL | VIC-METRO-231 0-24-298365,92.15,True,single_price_evidence,https://caau.syd1.cdn.digitaloceanspaces.com/wp-content/uploads/catalogue/coles/coles-catalogue-october-23-29-2024-vic-metro/43.jpg,https://www.catalogueau.com/coles/#catalogue=coles/coles-catalogue-october-23-29-2024-vic-metro/,unit_price,unit_price,1,review
Coles,VIC METRO,"Coles Catalogue October 23 - 29, 2024 VIC METRO",2024-10-23,2024-10-30,43,Sharpie S-Gel Pens Black 2 Pack 2nd week,5.5,,,,special,2 Pack,,Sharpie S-Gel Pens Black 2 Pack | 2nd week on sale,94.16,True,offer_labels_missing;save_amount_missing;regular_price_missing;single_price_evidence,https://caau.syd1.cdn.digitaloceanspaces.com/wp-content/uploads/catalogue/coles/coles-catalogue-october-23-29-2024-vic-metro/43.jpg,https://www.catalogueau.com/coles/#catalogue=coles/coles-catalogue-october-23-29-2024-vic-metro/,displayed_price,displayed_price,1,review
Coles,VIC METRO,"Coles Catalogue October 23 - 29, 2024 VIC METRO",2024-10-23,2024-10-30,45,Telstra T-Essential + 5° FWVGA+ display,59.0,,,,special,,,Telstra T-Essential | + 5° FWVGA+ display | + Rear camera | (SMP with flash) + | 2MP front camera,89.2,True,offer_labels_missing;save_amount_missing;regular_price_missing;single_price_evidence,https://caau.syd1.cdn.digitaloceanspaces.com/wp-content/uploads/catalogue/coles/coles-catalogue-october-23-29-2024-vic-metro/45.jpg,https://www.catalogueau.com/coles/#catalogue=coles/coles-catalogue-october-23-29-2024-vic-metro/,displayed_price,displayed_price,1,review
Coles,VIC METRO,"Coles Catalogue October 23 - 29, 2024 VIC METRO",2024-10-23,2024-10-30,45,JB HI-FI,15.0,,,,special,,,JB HI-FI,79.0,True,offer_labels_missing;save_amount_missing;regular_price_missing;low_name_confidence_strict;single_price_evidence,https://caau.syd1.cdn.digitaloceanspaces.com/wp-content/uploads/catalogue/coles/coles-catalogue-october-23-29-2024-vic-metro/45.jpg,https://www.catalogueau.com/coles/#catalogue=coles/coles-catalogue-october-23-29-2024-vic-metro/,displayed_price,displayed_price,1,review
Coles,VIC METRO,"Coles Catalogue October 23 - 29, 2024 VIC METRO",2024-10-23,2024-10-30,45,Best BALONG,30.0,,,,special,,,Best | BALONG,79.0,True,offer_labels_missing;save_amount_missing;regular_price_missing;low_name_confidence_strict;single_price_evidence,https://caau.syd1.cdn.digitaloceanspaces.com/wp-content/uploads/catalogue/coles/coles-catalogue-october-23-29-2024-vic-metro/45.jpg,https://www.catalogueau.com/coles/#catalogue=coles/coles-catalogue-october-23-29-2024-vic-metro/,displayed_price,displayed_price,1,review
