retailer,region,catalogue_title,catalogue_start_date,catalogue_end_date,page_number,product_name,special_price,regular_price,save_amount,discount_percent,promo_type,pack_size,unit_price_text,offer_text,ocr_confidence,needs_review,review_reason,source_page_image,source_catalogue_url,price_source,price_evidence,evidence_count,verification_status
Coles,VIC METRO,"Coles Catalogue September 11 - 17, 2024 VIC METRO",2024-09-11,2024-09-18,1,Thins Potato Chips 150g-175g or Onion Rings 85g,2.5,5.0,2.5,50.0,half_price,150g; 175g; 85g,,WASS5 | WASS5 | Thins Potato Chips | 150g-175g or | Onion Rings 85g | ay,79.0,True,low_name_confidence_strict;inferred_price_requires_review,https://caau.syd1.cdn.digitaloceanspaces.com/wp-content/uploads/catalogue/coles/coles-catalogue-september-11-17-2024-vic-metro/1.jpg,https://www.catalogueau.com/coles/#catalogue=coles/coles-catalogue-september-11-17-2024-vic-metro/,displayed_price,displayed_price;page_discount,1,review
Coles,VIC METRO,"Coles Catalogue September 11 - 17, 2024 VIC METRO",2024-09-11,2024-09-18,1,Pringles Potato Crisps 118g-134g,2.75,5.5,2.75,50.0,half_price,118g; 134g,,WAS$5.50 | WAS$5.50 | Pringles Potato Crisps | 118g-134g,79.0,True,low_name_confidence_strict;inferred_price_requires_review,https://caau.syd1.cdn.digitaloceanspaces.com/wp-content/uploads/catalogue/coles/coles-catalogue-september-11-17-2024-vic-metro/1.jpg,https://www.catalogueau.com/coles/#catalogue=coles/coles-catalogue-september-11-17-2024-vic-metro/,displayed_price,displayed_price;page_discount,1,review
Coles,VIC METRO,"Coles Catalogue September 11 - 17, 2024 VIC METRO",2024-09-11,2024-09-18,1,Peters Connoisseur 4 Pack 360mL-400mL,5.25,10.5,5.25,50.0,half_price,4 Pack; 360mL; 400mL,,WASS10.50 | WASS10.50 | Peters Connoisseur 4 Pack | 360mL-400mL | ges | Ga | fh | 5,93.81,True,inferred_price_requires_review,https://caau.syd1.cdn.digitaloceanspaces.com/wp-content/uploads/catalogue/coles/coles-catalogue-september-11-17-2024-vic-metro/1.jpg,https://www.catalogueau.com/coles/#catalogue=coles/coles-catalogue-september-11-17-2024-vic-metro/,page_discount_inference,page_discount,0,review
Coles,VIC METRO,"Coles Catalogue September 11 - 17, 2024 VIC METRO",2024-09-11,2024-09-18,1,"Coca-Cola, Fanta or Sprite Soft Drink 1.25 Litre",1.93,3.85,1.92,49.87,half_price,1.25 Litre,$1.54 per litre,"WASS3.85 | WASS3.85 | Coca-Cola, Fanta or Sprite Soft Drink | 1.25 Litre $1.54 per litre | 35° Dees",96.11,True,inferred_price_requires_review,https://caau.syd1.cdn.digitaloceanspaces.com/wp-content/uploads/catalogue/coles/coles-catalogue-september-11-17-2024-vic-metro/1.jpg,https://www.catalogueau.com/coles/#catalogue=coles/coles-catalogue-september-11-17-2024-vic-metro/,unit_price,page_discount;unit_price,1,review
Coles,VIC METRO,"Coles Catalogue September 11 - 17, 2024 VIC METRO",2024-09-11,2024-09-18,1,‘Coles Australian No Added Hormones #7 Beef Scotch Fillet Steak 2 Pack 480,18.0,20.0,2.0,10.0,save_amount,2 Pack,$37.50 per kg,‘WASS20_ | ‘WASS20_ | ‘Coles Australian No Added Hormones #7 | Beef Scotch Fillet Steak 2 Pack 480 | $37.50 per kg. Products sold uncooked | FP-VIC-METRO-1 109-24-284856,79.0,True,low_name_confidence_strict;single_price_evidence,https://caau.syd1.cdn.digitaloceanspaces.com/wp-content/uploads/catalogue/coles/coles-catalogue-september-11-17-2024-vic-metro/1.jpg,https://www.catalogueau.com/coles/#catalogue=coles/coles-catalogue-september-11-17-2024-vic-metro/,displayed_price,displayed_price,1,review
Coles,VIC METRO,"Coles Catalogue September 11 - 17, 2024 VIC METRO",2024-09-11,2024-09-18,2,MasterFoods Squeeze Tomato or Barbecue Sauce 475mL-500mL,1.9,3.8,1.9,50.0,half_price,475mL; 500mL,,WAS$3.80 | WAS$3.80 | MasterFoods Squeeze Tomato or | Barbecue Sauce 475mL-500mL | PS | De | Ups,93.92,True,inferred_price_requires_review,https://caau.syd1.cdn.digitaloceanspaces.com/wp-content/uploads/catalogue/coles/coles-catalogue-september-11-17-2024-vic-metro/2.jpg,https://www.catalogueau.com/coles/#catalogue=coles/coles-catalogue-september-11-17-2024-vic-metro/,page_discount_inference,page_discount,0,review
Coles,VIC METRO,"Coles Catalogue September 11 - 17, 2024 VIC METRO",2024-09-11,2024-09-18,2,Gatorade Sports Drink or G Active Water 600mL,2.0,4.0,2.0,50.0,half_price,600mL,$3.33 per litre,WASS4 | WASS4 | Gatorade Sports Drink or G Active | Water 600mL $3.33 per litre | a,95.29,False,,https://caau.syd1.cdn.digitaloceanspaces.com/wp-content/uploads/catalogue/coles/coles-catalogue-september-11-17-2024-vic-metro/2.jpg,https://www.catalogueau.com/coles/#catalogue=coles/coles-catalogue-september-11-17-2024-vic-metro/,displayed_price,displayed_price;page_discount;unit_price,2,verified
Coles,VIC METRO,"Coles Catalogue September 11 - 17, 2024 VIC METRO",2024-09-11,2024-09-18,2,Lindt Excellence or Lindor Block Chocolate 80g-100g,3.25,6.5,3.25,50.0,half_price,80g; 100g,,WASS6.50 | WASS6.50 | Lindt Excellence or Lindor Block | Chocolate 80g-100g | as (ad orien | ck | | — | =,94.17,True,inferred_price_requires_review,https://caau.syd1.cdn.digitaloceanspaces.com/wp-content/uploads/catalogue/coles/coles-catalogue-september-11-17-2024-vic-metro/2.jpg,https://www.catalogueau.com/coles/#catalogue=coles/coles-catalogue-september-11-17-2024-vic-metro/,displayed_price,displayed_price;page_discount,1,review
Coles,VIC METRO,"Coles Catalogue September 11 - 17, 2024 VIC METRO",2024-09-11,2024-09-18,2,Sanitarium Up & Go Liquid Breakfast 3x250mL,3.25,6.5,3.25,50.0,half_price,3x250mL,$4.33 per litre,WAS$6.50 | WAS$6.50 | Sanitarium Up & Go Liquid | Breakfast 3x250mL $4.33 per litre | — | 8,94.76,False,,https://caau.syd1.cdn.digitaloceanspaces.com/wp-content/uploads/catalogue/coles/coles-catalogue-september-11-17-2024-vic-metro/2.jpg,https://www.catalogueau.com/coles/#catalogue=coles/coles-catalogue-september-11-17-2024-vic-metro/,displayed_price,displayed_price;page_discount;unit_price,2,verified
Coles,VIC METRO,"Coles Catalogue September 11 - 17, 2024 VIC METRO",2024-09-11,2024-09-18,2,Twinings Tea Bags 80 Pack-100 Pack,6.75,13.5,6.75,50.0,half_price,80 Pack; 100 Pack,,WASS13.50 | WASS13.50 | Twinings Tea Bags | 80 Pack-100 Pack,94.58,True,inferred_price_requires_review,https://caau.syd1.cdn.digitaloceanspaces.com/wp-content/uploads/catalogue/coles/coles-catalogue-september-11-17-2024-vic-metro/2.jpg,https://www.catalogueau.com/coles/#catalogue=coles/coles-catalogue-september-11-17-2024-vic-metro/,displayed_price,displayed_price;page_discount,1,review
Coles,VIC METRO,"Coles Catalogue September 11 - 17, 2024 VIC METRO",2024-09-11,2024-09-18,2,Finish Ultimate Dishwashing Tablets 46 Pack,27.0,54.0,27.0,50.0,half_price,46 Pack,$0.59 per each,WASS54 | WASS54 | Finish Ultimate Dishwashing | Tablets 46 Pack $0.59 per each | 1,95.99,True,inferred_price_requires_review,https://caau.syd1.cdn.digitaloceanspaces.com/wp-content/uploads/catalogue/coles/coles-catalogue-september-11-17-2024-vic-metro/2.jpg,https://www.catalogueau.com/coles/#catalogue=coles/coles-catalogue-september-11-17-2024-vic-metro/,displayed_price,displayed_price;page_discount,1,review
Coles,VIC METRO,"Coles Catalogue September 11 - 17, 2024 VIC METRO",2024-09-11,2024-09-18,2,Huggies Ultra Dry Jumbo Nappies 60 Pack-108 Pack,19.5,39.0,19.5,50.0,half_price,60 Pack; 108 Pack,,WAS$39 | WAS$39 | Huggies Ultra Dry Jumbo | Nappies 60 Pack-108 Pack | } 100% Aussie < | _,95.59,True,inferred_price_requires_review,https://caau.syd1.cdn.digitaloceanspaces.com/wp-content/uploads/catalogue/coles/coles-catalogue-september-11-17-2024-vic-metro/2.jpg,https://www.catalogueau.com/coles/#catalogue=coles/coles-catalogue-september-11-17-2024-vic-metro/,page_discount_inference,page_discount,0,review
Coles,VIC METRO,"Coles Catalogue September 11 - 17, 2024 VIC METRO",2024-09-11,2024-09-18,2,Colgate Optic White Stain Fighter Enamel Care Toothpaste 100g,5.0,10.0,5.0,50.0,half_price,100g,$5.00 per 100g,WASS10 | WASS10 | Colgate Optic White Stain Fighter Enamel Care | Toothpaste 100g $5.00 per 100g | A ag # | ss | #: | £,96.31,False,,https://caau.syd1.cdn.digitaloceanspaces.com/wp-content/uploads/catalogue/coles/coles-catalogue-september-11-17-2024-vic-metro/2.jpg,https://www.catalogueau.com/coles/#catalogue=coles/coles-catalogue-september-11-17-2024-vic-metro/,displayed_price,displayed_price;page_discount;unit_price,2,verified
Coles,VIC METRO,"Coles Catalogue September 11 - 17, 2024 VIC METRO",2024-09-11,2024-09-18,3,Mars Chocolate Bar 30g-56g <7,1.1,2.2,1.1,50.0,half_price,30g; 56g,,SAVE ‘1.10 | WAS$2.20 | Mars Chocolate Bar 30g-56g | <7 | ie) | Ws,60.87,True,low_name_confidence_strict,https://caau.syd1.cdn.digitaloceanspaces.com/wp-content/uploads/catalogue/coles/coles-catalogue-september-11-17-2024-vic-metro/3.jpg,https://www.catalogueau.com/coles/#catalogue=coles/coles-catalogue-september-11-17-2024-vic-metro/,save_was_arithmetic,displayed_price;save_was_arithmetic,2,review
Coles,VIC METRO,"Coles Catalogue September 11 - 17, 2024 VIC METRO",2024-09-11,2024-09-18,3,"Darrell Lea Bullets, Twists BBs & Liquorice 168g-280g",2.75,5.5,2.75,50.0,half_price,168g; 280g,,"SAVE52.75 | WASS5.50 | Darrell Lea Bullets, Twists | BBs & Liquorice 168g-280g | net | o RON",94.33,True,single_price_evidence,https://caau.syd1.cdn.digitaloceanspaces.com/wp-content/uploads/catalogue/coles/coles-catalogue-september-11-17-2024-vic-metro/3.jpg,https://www.catalogueau.com/coles/#catalogue=coles/coles-catalogue-september-11-17-2024-vic-metro/,displayed_price,displayed_price,1,review
Coles,VIC METRO,"Coles Catalogue September 11 - 17, 2024 VIC METRO",2024-09-11,2024-09-18,3,Ritz Sharepack Mini Crackers 155g-160g,2.0,4.0,2.0,50.0,half_price,155g; 160g,,SAVES2 | WASS4 | Ritz Sharepack Mini Crackers | 155g-160g On sale for 2 weeks,94.3,False,,https://caau.syd1.cdn.digitaloceanspaces.com/wp-content/uploads/catalogue/coles/coles-catalogue-september-11-17-2024-vic-metro/3.jpg,https://www.catalogueau.com/coles/#catalogue=coles/coles-catalogue-september-11-17-2024-vic-metro/,save_was_arithmetic,displayed_price;save_was_arithmetic,2,verified
Coles,VIC METRO,"Coles Catalogue September 11 - 17, 2024 VIC METRO",2024-09-11,2024-09-18,3,Infuzions Veggie Straws 90g,2.15,4.3,2.15,50.0,half_price,90g,$2.39 per 100g,SAVES2.15 | WASS$4.30 | Infuzions Veggie Straws 90g | $2.39 per 100g | ———,94.5,False,,https://caau.syd1.cdn.digitaloceanspaces.com/wp-content/uploads/catalogue/coles/coles-catalogue-september-11-17-2024-vic-metro/3.jpg,https://www.catalogueau.com/coles/#catalogue=coles/coles-catalogue-september-11-17-2024-vic-metro/,save_was_arithmetic,displayed_price;save_was_arithmetic;unit_price,3,verified
Coles,VIC METRO,"Coles Catalogue September 11 - 17, 2024 VIC METRO",2024-09-11,2024-09-18,3,"Red Rock Deli Gourmet, Deli Style or Crostini Crackers 115g-135g",2.5,5.0,2.5,50.0,half_price,115g; 135g,,"SAVES2.50 | Red Rock Deli Gourmet, | Deli Style or Crostini Crackers | 115g-135g",94.62,True,single_price_evidence,https://caau.syd1.cdn.digitaloceanspaces.com/wp-content/uploads/catalogue/coles/coles-catalogue-september-11-17-2024-vic-metro/3.jpg,https://www.catalogueau.com/coles/#catalogue=coles/coles-catalogue-september-11-17-2024-vic-metro/,displayed_price,displayed_price,1,review
Coles,VIC METRO,"Coles Catalogue September 11 - 17, 2024 VIC METRO",2024-09-11,2024-09-18,3,Cadbury Favourites 340g,8.0,116.0,108.0,93.1,save_amount,340g,$2.35 per 100g,SAVESS | WASSI16 | Cadbury Favourites 340g | $2.35 per 100g | VIC-METRO-1 109-24-284 856,96.16,False,,https://caau.syd1.cdn.digitaloceanspaces.com/wp-content/uploads/catalogue/coles/coles-catalogue-september-11-17-2024-vic-metro/3.jpg,https://www.catalogueau.com/coles/#catalogue=coles/coles-catalogue-september-11-17-2024-vic-metro/,displayed_price,displayed_price;unit_price,2,verified
Coles,VIC METRO,"Coles Catalogue September 11 - 17, 2024 VIC METRO",2024-09-11,2024-09-18,3,Lindt Cornet 327g-333g,13.0,26.0,13.0,50.0,half_price,327g; 333g,,SAVE*13 | WASS26 | Lindt Cornet 327g-333g,92.44,False,,https://caau.syd1.cdn.digitaloceanspaces.com/wp-content/uploads/catalogue/coles/coles-catalogue-september-11-17-2024-vic-metro/3.jpg,https://www.catalogueau.com/coles/#catalogue=coles/coles-catalogue-september-11-17-2024-vic-metro/,save_was_arithmetic,displayed_price;save_was_arithmetic,2,verified
Coles,VIC METRO,"Coles Catalogue September 11 - 17, 2024 VIC METRO",2024-09-11,2024-09-18,3,Cadbury Roses Tin 600g,17.0,34.0,17.0,50.0,half_price,600g,$2.83 per 100g,SAVE‘17 | Cadbury Roses Tin 600g | $2.83 per 100g,95.75,False,,https://caau.syd1.cdn.digitaloceanspaces.com/wp-content/uploads/catalogue/coles/coles-catalogue-september-11-17-2024-vic-metro/3.jpg,https://www.catalogueau.com/coles/#catalogue=coles/coles-catalogue-september-11-17-2024-vic-metro/,displayed_price,displayed_price;unit_price,2,verified
Coles,VIC METRO,"Coles Catalogue September 11 - 17, 2024 VIC METRO",2024-09-11,2024-09-18,4,Kellogg's LCMs or Nutri Grain 5 Pack 100g-110g,2.25,4.5,2.25,50.0,half_price,5 Pack; 100g; 110g,,SAVE'2.25 | WASS4.50 | Kellogg's LCMs or Nutri Grain 5 Pack | 100g-110g | A,79.0,True,low_name_confidence_strict,https://caau.syd1.cdn.digitaloceanspaces.com/wp-content/uploads/catalogue/coles/coles-catalogue-september-11-17-2024-vic-metro/4.jpg,https://www.catalogueau.com/coles/#catalogue=coles/coles-catalogue-september-11-17-2024-vic-metro/,save_was_arithmetic,displayed_price;save_was_arithmetic,2,review
Coles,VIC METRO,"Coles Catalogue September 11 - 17, 2024 VIC METRO",2024-09-11,2024-09-18,4,Sanitarium Up & Go Liquid Breakfast 3x250mL,3.25,6.5,3.25,50.0,half_price,3x250mL,$4.33 per litre,WAS $6.50 | WAS $6.50 | Sanitarium Up & Go Liquid Breakfast | 3x250mL $4.33 per litre | ONLY | ) strves,94.91,True,inferred_price_requires_review,https://caau.syd1.cdn.digitaloceanspaces.com/wp-content/uploads/catalogue/coles/coles-catalogue-september-11-17-2024-vic-metro/4.jpg,https://www.catalogueau.com/coles/#catalogue=coles/coles-catalogue-september-11-17-2024-vic-metro/,unit_price,page_discount;unit_price,1,review
Coles,VIC METRO,"Coles Catalogue September 11 - 17, 2024 VIC METRO",2024-09-11,2024-09-18,4,Pureharvest Unsweetened Almond Milk 1 Litre,1.7,3.4,1.7,50.0,half_price,1 Litre,$1.70 per litre,SAVE‘1.70 | WAS$3.40 | Pureharvest Unsweetened | Almond Milk 1 Litre $1.70 per litre,94.77,False,,https://caau.syd1.cdn.digitaloceanspaces.com/wp-content/uploads/catalogue/coles/coles-catalogue-september-11-17-2024-vic-metro/4.jpg,https://www.catalogueau.com/coles/#catalogue=coles/coles-catalogue-september-11-17-2024-vic-metro/,save_was_arithmetic,save_was_arithmetic;unit_price,2,verified
Coles,VIC METRO,"Coles Catalogue September 11 - 17, 2024 VIC METRO",2024-09-11,2024-09-18,4,Wild Tides Tuna 95g,1.25,2.5,1.25,50.0,half_price,95g,$13.16 per kg,SAVE51.25 | ‘WAS§2.50 | Wild Tides Tuna 95g | $13.16 per kg | = | pt,96.17,False,,https://caau.syd1.cdn.digitaloceanspaces.com/wp-content/uploads/catalogue/coles/coles-catalogue-september-11-17-2024-vic-metro/4.jpg,https://www.catalogueau.com/coles/#catalogue=coles/coles-catalogue-september-11-17-2024-vic-metro/,displayed_price,displayed_price;unit_price,2,verified
Coles,VIC METRO,"Coles Catalogue September 11 - 17, 2024 VIC METRO",2024-09-11,2024-09-18,4,Coco Earth Curry 500g,3.75,7.5,3.75,50.0,half_price,500g,$0.75 per 100g,SAVES3.75 | WASS$7.50 | Coco Earth Curry 500g | $0.75 per 100g | Z | = aN,96.41,False,,https://caau.syd1.cdn.digitaloceanspaces.com/wp-content/uploads/catalogue/coles/coles-catalogue-september-11-17-2024-vic-metro/4.jpg,https://www.catalogueau.com/coles/#catalogue=coles/coles-catalogue-september-11-17-2024-vic-metro/,save_was_arithmetic,displayed_price;save_was_arithmetic;unit_price,3,verified
Coles,VIC METRO,"Coles Catalogue September 11 - 17, 2024 VIC METRO",2024-09-11,2024-09-18,4,Sunrice Medium Grain Rice 5kg,9.51,,,,special,5kg,$0.19 per 100g,SAVE ae | Sunrice Medium Grain Rice 5kg | $0.19 per 100g,93.73,True,save_amount_missing;regular_price_missing;single_price_evidence,https://caau.syd1.cdn.digitaloceanspaces.com/wp-content/uploads/catalogue/coles/coles-catalogue-september-11-17-2024-vic-metro/4.jpg,https://www.catalogueau.com/coles/#catalogue=coles/coles-catalogue-september-11-17-2024-vic-metro/,unknown,,0,review
Coles,VIC METRO,"Coles Catalogue September 11 - 17, 2024 VIC METRO",2024-09-11,2024-09-18,4,Plumrose Canned Leg Ham 450g,7.0,14.0,7.0,50.0,half_price,450g,$15.56 per kg,SAVES7 | WASS14 | Plumrose Canned Leg Ham | 450g $15.56 per kg | VIC-METRO-1 109-24-284 856,95.52,False,,https://caau.syd1.cdn.digitaloceanspaces.com/wp-content/uploads/catalogue/coles/coles-catalogue-september-11-17-2024-vic-metro/4.jpg,https://www.catalogueau.com/coles/#catalogue=coles/coles-catalogue-september-11-17-2024-vic-metro/,save_was_arithmetic,displayed_price;save_was_arithmetic;unit_price,3,verified
Coles,VIC METRO,"Coles Catalogue September 11 - 17, 2024 VIC METRO",2024-09-11,2024-09-18,4,Gold Sunset Canola or Vegetable Oil 4 Litre,15.0,30.0,15.0,50.0,half_price,4 Litre,$0.38 per 100mL,SAVES15 | WASS30 | Gold Sunset Canola or Vegetable | Oil 4 Litre $0.38 per 100mL. | 2nd week on sale,95.18,True,single_price_evidence,https://caau.syd1.cdn.digitaloceanspaces.com/wp-content/uploads/catalogue/coles/coles-catalogue-september-11-17-2024-vic-metro/4.jpg,https://www.catalogueau.com/coles/#catalogue=coles/coles-catalogue-september-11-17-2024-vic-metro/,save_was_arithmetic,save_was_arithmetic,1,review
Coles,VIC METRO,"Coles Catalogue September 11 - 17, 2024 VIC METRO",2024-09-11,2024-09-18,5,Colgate Total Advanced Toothpaste 115g,3.25,6.5,3.25,50.0,half_price,115g,$2.83 per 100g,SAVES3.25 | WAS$6.50 | Colgate Total | Advanced Toothpaste 115g | $2.83 per 100g,96.31,False,,https://caau.syd1.cdn.digitaloceanspaces.com/wp-content/uploads/catalogue/coles/coles-catalogue-september-11-17-2024-vic-metro/5.jpg,https://www.catalogueau.com/coles/#catalogue=coles/coles-catalogue-september-11-17-2024-vic-metro/,save_was_arithmetic,displayed_price;save_was_arithmetic;unit_price,3,verified
Coles,VIC METRO,"Coles Catalogue September 11 - 17, 2024 VIC METRO",2024-09-11,2024-09-18,5,Schwarzkopf Extra Care Shampoo or Conditioner 400mL,4.5,9.0,4.5,50.0,half_price,400mL,$1.13 per 100mL,SAVES4.50 | WASS9 | Schwarzkopf Extra Care | Shampoo or Conditioner 400mL | $1.13 per 100mL,94.88,False,,https://caau.syd1.cdn.digitaloceanspaces.com/wp-content/uploads/catalogue/coles/coles-catalogue-september-11-17-2024-vic-metro/5.jpg,https://www.catalogueau.com/coles/#catalogue=coles/coles-catalogue-september-11-17-2024-vic-metro/,save_was_arithmetic,save_was_arithmetic;unit_price,2,verified
Coles,VIC METRO,"Coles Catalogue September 11 - 17, 2024 VIC METRO",2024-09-11,2024-09-18,5,Lynx Antiperspirant Aerosol Deodorant 150mL,5.0,10.0,5.0,50.0,half_price,150mL,$3.33 per 100mL,SAVES5 | WASS10 | Lynx Antiperspirant | Aerosol Deodorant 150mL | $3.33 per 100mL | OT | hh,90.78,False,,https://caau.syd1.cdn.digitaloceanspaces.com/wp-content/uploads/catalogue/coles/coles-catalogue-september-11-17-2024-vic-metro/5.jpg,https://www.catalogueau.com/coles/#catalogue=coles/coles-catalogue-september-11-17-2024-vic-metro/,save_was_arithmetic,save_was_arithmetic;unit_price,2,verified
Coles,VIC METRO,"Coles Catalogue September 11 - 17, 2024 VIC METRO",2024-09-11,2024-09-18,5,Herbal Essences Classic Shampoo or Conditioner 400mL,5.25,10.5,5.25,50.0,half_price,400mL,$1.31 per 100mL,SAVES5.25 | WASS10.50 | Herbal Essences Classic | Shampoo or Conditioner 400mL | $1.31 per 100mL | ony | 04} | nM,94.91,False,,https://caau.syd1.cdn.digitaloceanspaces.com/wp-content/uploads/catalogue/coles/coles-catalogue-september-11-17-2024-vic-metro/5.jpg,https://www.catalogueau.com/coles/#catalogue=coles/coles-catalogue-september-11-17-2024-vic-metro/,save_was_arithmetic,displayed_price;save_was_arithmetic;unit_price,3,verified
Coles,VIC METRO,"Coles Catalogue September 11 - 17, 2024 VIC METRO",2024-09-11,2024-09-18,5,Schwarzkopf Brilliance Colourant 1 Pack,11.0,22.0,11.0,50.0,half_price,1 Pack,,SAVE ‘11 | WASS$22 | Schwarzkopf Brilliance | Colourant 1 Pack,95.13,True,single_price_evidence,https://caau.syd1.cdn.digitaloceanspaces.com/wp-content/uploads/catalogue/coles/coles-catalogue-september-11-17-2024-vic-metro/5.jpg,https://www.catalogueau.com/coles/#catalogue=coles/coles-catalogue-september-11-17-2024-vic-metro/,save_was_arithmetic,save_was_arithmetic,1,review
Coles,VIC METRO,"Coles Catalogue September 11 - 17, 2024 VIC METRO",2024-09-11,2024-09-18,5,Cenovis Sugarless C 500mg Tablets 160 Pack*,7.25,14.5,7.25,50.0,half_price,160 Pack,$4.53 per 100 each,SAVES7.25 | WASS14.50 | Cenovis Sugarless C | 500mg Tablets 160 Pack* | $4.53 per 100 each | “This medicine may not be right for you. Read the label before purchase. Follow the directions for use. If symptoms,93.38,False,,https://caau.syd1.cdn.digitaloceanspaces.com/wp-content/uploads/catalogue/coles/coles-catalogue-september-11-17-2024-vic-metro/5.jpg,https://www.catalogueau.com/coles/#catalogue=coles/coles-catalogue-september-11-17-2024-vic-metro/,save_was_arithmetic,displayed_price;save_was_arithmetic;unit_price,3,verified
Coles,VIC METRO,"Coles Catalogue September 11 - 17, 2024 VIC METRO",2024-09-11,2024-09-18,5,Ostelin Calcium DK2 Tablets 60 Pack*,20.5,41.0,20.5,50.0,half_price,60 Pack,$34.17 per 100 each,SAVE*20.50 | WASS41 | Ostelin Calcium DK2 Tablets | 60 Pack* $34.17 per 100 each,93.25,False,,https://caau.syd1.cdn.digitaloceanspaces.com/wp-content/uploads/catalogue/coles/coles-catalogue-september-11-17-2024-vic-metro/5.jpg,https://www.catalogueau.com/coles/#catalogue=coles/coles-catalogue-september-11-17-2024-vic-metro/,save_was_arithmetic,displayed_price;save_was_arithmetic;unit_price,3,verified
Coles,VIC METRO,"Coles Catalogue September 11 - 17, 2024 VIC METRO",2024-09-11,2024-09-18,5,Dove Shampoo or Conditioner 820mL,8.5,,,,special,820mL,$1.04 per 100mL,Dove Shampoo or Conditioner | 820mL $1.04 per 100mL,94.1,False,,https://caau.syd1.cdn.digitaloceanspaces.com/wp-content/uploads/catalogue/coles/coles-catalogue-september-11-17-2024-vic-metro/5.jpg,https://www.catalogueau.com/coles/#catalogue=coles/coles-catalogue-september-11-17-2024-vic-metro/,displayed_price,displayed_price;unit_price,2,verified
Coles,VIC METRO,"Coles Catalogue September 11 - 17, 2024 VIC METRO",2024-09-11,2024-09-18,5,Head & Shoulders Shampoo or Conditioner 660mL,10.5,,,,special,660mL,$1.59 per 100mL,Head & Shoulders Shampoo | or Conditioner 660mL | $1.59 per 100mL,93.3,False,,https://caau.syd1.cdn.digitaloceanspaces.com/wp-content/uploads/catalogue/coles/coles-catalogue-september-11-17-2024-vic-metro/5.jpg,https://www.catalogueau.com/coles/#catalogue=coles/coles-catalogue-september-11-17-2024-vic-metro/,displayed_price,displayed_price;unit_price,2,verified
Coles,VIC METRO,"Coles Catalogue September 11 - 17, 2024 VIC METRO",2024-09-11,2024-09-18,6,Finish Rinse & Shine Aid 250mL,4.0,8.0,4.0,50.0,half_price,250mL,$1.60 per 100mL,SAVE54 | WASS$8 | Finish Rinse & Shine Aid 250mL | $1.60 per 100mL,94.48,True,single_price_evidence,https://caau.syd1.cdn.digitaloceanspaces.com/wp-content/uploads/catalogue/coles/coles-catalogue-september-11-17-2024-vic-metro/6.jpg,https://www.catalogueau.com/coles/#catalogue=coles/coles-catalogue-september-11-17-2024-vic-metro/,unit_price,unit_price,1,review
Coles,VIC METRO,"Coles Catalogue September 11 - 17, 2024 VIC METRO",2024-09-11,2024-09-18,6,Sard Stain Remover 900g-1kg,5.5,11.0,5.5,50.0,half_price,900g; 1kg,,SAVE%5.50 | WASS11 | Sard Stain Remover 900g-1kg,93.49,True,single_price_evidence,https://caau.syd1.cdn.digitaloceanspaces.com/wp-content/uploads/catalogue/coles/coles-catalogue-september-11-17-2024-vic-metro/6.jpg,https://www.catalogueau.com/coles/#catalogue=coles/coles-catalogue-september-11-17-2024-vic-metro/,save_was_arithmetic,save_was_arithmetic,1,review
Coles,VIC METRO,"Coles Catalogue September 11 - 17, 2024 VIC METRO",2024-09-11,2024-09-18,6,Bref Toilet Rimblock Twin Pack 100g,5.5,11.0,5.5,50.0,half_price,100g,$5.50 per 100g,SAVES5.50 | WASS11 | Bref Toilet Rimblock Twin Pack | 100g $5.50 per 100g,95.08,False,,https://caau.syd1.cdn.digitaloceanspaces.com/wp-content/uploads/catalogue/coles/coles-catalogue-september-11-17-2024-vic-metro/6.jpg,https://www.catalogueau.com/coles/#catalogue=coles/coles-catalogue-september-11-17-2024-vic-metro/,save_was_arithmetic,displayed_price;save_was_arithmetic;unit_price,3,verified
Coles,VIC METRO,"Coles Catalogue September 11 - 17, 2024 VIC METRO",2024-09-11,2024-09-18,6,Dynamo Professional 7 In 1 Laundry Liquid 2 Litre,14.5,18.5,4.0,21.62,save_amount,2 Litre,$7.25 per litre,SAVE: e4; 50 | Dynamo Professional | 7 In 1 Laundry Liquid 2 Litre | $7.25 per litre | i,93.74,False,,https://caau.syd1.cdn.digitaloceanspaces.com/wp-content/uploads/catalogue/coles/coles-catalogue-september-11-17-2024-vic-metro/6.jpg,https://www.catalogueau.com/coles/#catalogue=coles/coles-catalogue-september-11-17-2024-vic-metro/,displayed_price,displayed_price;unit_price,2,verified
Coles,VIC METRO,"Coles Catalogue September 11 - 17, 2024 VIC METRO",2024-09-11,2024-09-18,6,Dettol Multipurpose Wipes 110 Pack,6.0,12.0,6.0,50.0,half_price,110 Pack,$5.45 per 100 each,SAVE*6 | WASS12 | Dettol Multipurpose Wipes | 110 Pack $5.45 per 100 each,95.39,False,,https://caau.syd1.cdn.digitaloceanspaces.com/wp-content/uploads/catalogue/coles/coles-catalogue-september-11-17-2024-vic-metro/6.jpg,https://www.catalogueau.com/coles/#catalogue=coles/coles-catalogue-september-11-17-2024-vic-metro/,save_was_arithmetic,displayed_price;save_was_arithmetic;unit_price,3,verified
Coles,VIC METRO,"Coles Catalogue September 11 - 17, 2024 VIC METRO",2024-09-11,2024-09-18,6,Omo Laundry Liquid 2 Litre or Powder 2kg,14.0,28.0,14.0,50.0,half_price,2 Litre; 2kg,,SAVES14 | Omo Laundry Liquid 2 Litre | or Powder 2kg | 9,79.0,True,low_name_confidence_strict;single_price_evidence,https://caau.syd1.cdn.digitaloceanspaces.com/wp-content/uploads/catalogue/coles/coles-catalogue-september-11-17-2024-vic-metro/6.jpg,https://www.catalogueau.com/coles/#catalogue=coles/coles-catalogue-september-11-17-2024-vic-metro/,displayed_price,displayed_price,1,review
Coles,VIC METRO,"Coles Catalogue September 11 - 17, 2024 VIC METRO",2024-09-11,2024-09-18,6,Ambi Pur Mini Clip Car Vent 2mL,3.0,6.0,3.0,50.0,half_price,2mL,,SAVES3 | WASS6 | Ambi Pur Mini Clip Car Vent 2mL | $15.00 per 10mL,94.02,False,,https://caau.syd1.cdn.digitaloceanspaces.com/wp-content/uploads/catalogue/coles/coles-catalogue-september-11-17-2024-vic-metro/6.jpg,https://www.catalogueau.com/coles/#catalogue=coles/coles-catalogue-september-11-17-2024-vic-metro/,save_was_arithmetic,displayed_price;save_was_arithmetic,2,verified
Coles,VIC METRO,"Coles Catalogue September 11 - 17, 2024 VIC METRO",2024-09-11,2024-09-18,6,Fluffy Concentrated Fabric Conditioner 900mL-1 Litre,4.5,9.0,4.5,50.0,half_price,900mL; 1 Litre,,SAVE%4.50 | WASS9 | Fluffy Concentrated Fabric | Conditioner 900mL-1 Litre | in one transaction. | Flybuys,94.38,True,single_price_evidence,https://caau.syd1.cdn.digitaloceanspaces.com/wp-content/uploads/catalogue/coles/coles-catalogue-september-11-17-2024-vic-metro/6.jpg,https://www.catalogueau.com/coles/#catalogue=coles/coles-catalogue-september-11-17-2024-vic-metro/,save_was_arithmetic,save_was_arithmetic,1,review
Coles,VIC METRO,"Coles Catalogue September 11 - 17, 2024 VIC METRO",2024-09-11,2024-09-18,6,Fluffy In-Wash Scent Booster Beads 500g,15.0,30.0,15.0,50.0,half_price,500g,$30.00 per kg,SAVE*15 | WASS30 | Fluffy In-Wash Scent Booster | Beads 500g $30.00 per kg | @ Spend $20 on cleaning products | ae | in one transaction.,95.6,False,,https://caau.syd1.cdn.digitaloceanspaces.com/wp-content/uploads/catalogue/coles/coles-catalogue-september-11-17-2024-vic-metro/6.jpg,https://www.catalogueau.com/coles/#catalogue=coles/coles-catalogue-september-11-17-2024-vic-metro/,save_was_arithmetic,displayed_price;save_was_arithmetic;unit_price,3,verified
Coles,VIC METRO,"Coles Catalogue September 11 - 17, 2024 VIC METRO",2024-09-11,2024-09-18,7,Décor Match Ups Container 200mL,1.75,3.5,1.75,50.0,half_price,200mL,$1.75 per each,SAVE51.75 | WASS3.50 | Décor Match Ups Container | 200mL $1.75 per each | 7) | @ | ~ Ansell,95.64,False,,https://caau.syd1.cdn.digitaloceanspaces.com/wp-content/uploads/catalogue/coles/coles-catalogue-september-11-17-2024-vic-metro/7.jpg,https://www.catalogueau.com/coles/#catalogue=coles/coles-catalogue-september-11-17-2024-vic-metro/,displayed_price,displayed_price;unit_price,2,verified
Coles,VIC METRO,"Coles Catalogue September 11 - 17, 2024 VIC METRO",2024-09-11,2024-09-18,7,Sistema Klip It Plus Containers 1 Litre 3 Pack,7.5,15.0,7.5,50.0,half_price,1 Litre; 3 Pack,$2.50 per each,SAVE‘7.50 | WASS15 | Sistema Klip It Plus Containers | 1 Litre 3 Pack $2.50 per each | a | = | ES | =,96.46,False,,https://caau.syd1.cdn.digitaloceanspaces.com/wp-content/uploads/catalogue/coles/coles-catalogue-september-11-17-2024-vic-metro/7.jpg,https://www.catalogueau.com/coles/#catalogue=coles/coles-catalogue-september-11-17-2024-vic-metro/,save_was_arithmetic,save_was_arithmetic;unit_price,2,verified
Coles,VIC METRO,"Coles Catalogue September 11 - 17, 2024 VIC METRO",2024-09-11,2024-09-18,7,Sistema Ultra Container 1.3 Litre,7.5,15.15,7.65,50.5,half_price,1.3 Litre,$7.50 per each,SAVE‘S7.65 | ‘WASSI515 | Sistema Ultra Container | 1.3 Litre $7.50 per each,95.98,False,,https://caau.syd1.cdn.digitaloceanspaces.com/wp-content/uploads/catalogue/coles/coles-catalogue-september-11-17-2024-vic-metro/7.jpg,https://www.catalogueau.com/coles/#catalogue=coles/coles-catalogue-september-11-17-2024-vic-metro/,save_was_arithmetic,displayed_price;save_was_arithmetic;unit_price,3,verified
Coles,VIC METRO,"Coles Catalogue September 11 - 17, 2024 VIC METRO",2024-09-11,2024-09-18,7,Ansell Pink Silverlined Gloves Small or Medium,1.8,3.6,1.8,50.0,half_price,,$1.80 per each,SAVE‘1.80 | WASS$3.60 | Ansell Pink Silverlined | Gloves Small or Medium | or Large 1 Pair | $1.80 per each,94.92,False,,https://caau.syd1.cdn.digitaloceanspaces.com/wp-content/uploads/catalogue/coles/coles-catalogue-september-11-17-2024-vic-metro/7.jpg,https://www.catalogueau.com/coles/#catalogue=coles/coles-catalogue-september-11-17-2024-vic-metro/,save_was_arithmetic,displayed_price;save_was_arithmetic;unit_price,3,verified
Coles,VIC METRO,"Coles Catalogue September 11 - 17, 2024 VIC METRO",2024-09-11,2024-09-18,7,Handee Ultra Paper Towel 2 Pack,1.92,3.85,1.93,50.13,half_price,2 Pack,$1.60 per 100,SAVE'1.93 | WASS3.85 | Handee Ultra Paper | Towel 2 Pack | $1.60 per 100 sheets,95.42,False,,https://caau.syd1.cdn.digitaloceanspaces.com/wp-content/uploads/catalogue/coles/coles-catalogue-september-11-17-2024-vic-metro/7.jpg,https://www.catalogueau.com/coles/#catalogue=coles/coles-catalogue-september-11-17-2024-vic-metro/,save_was_arithmetic,displayed_price;save_was_arithmetic,2,verified
Coles,VIC METRO,"Coles Catalogue September 11 - 17, 2024 VIC METRO",2024-09-11,2024-09-18,7,Décor Microsafe Easy Heat Container 800mL,3.2,6.5,3.3,50.77,save_amount,800mL,$3.20 per each,SAVES3.30 | WASS6.50 | Décor Microsafe Easy | Heat Container 800mL | $3.20 per each,93.57,False,,https://caau.syd1.cdn.digitaloceanspaces.com/wp-content/uploads/catalogue/coles/coles-catalogue-september-11-17-2024-vic-metro/7.jpg,https://www.catalogueau.com/coles/#catalogue=coles/coles-catalogue-september-11-17-2024-vic-metro/,save_was_arithmetic,save_was_arithmetic;unit_price,2,verified
Coles,VIC METRO,"Coles Catalogue September 11 - 17, 2024 VIC METRO",2024-09-11,2024-09-18,7,Shower Power Bathroom Gel 750mL,3.65,7.35,3.7,50.34,half_price,750mL,$0.49 per 100mL,SAVE3.70 | WASS7.35 | Shower Power | Bathroom Gel 750mL | $0.49 per 100mL | VIC-METRO-1109-24-284856,95.21,False,,https://caau.syd1.cdn.digitaloceanspaces.com/wp-content/uploads/catalogue/coles/coles-catalogue-september-11-17-2024-vic-metro/7.jpg,https://www.catalogueau.com/coles/#catalogue=coles/coles-catalogue-september-11-17-2024-vic-metro/,save_was_arithmetic,displayed_price;save_was_arithmetic;unit_price,3,verified
Coles,VIC METRO,"Coles Catalogue September 11 - 17, 2024 VIC METRO",2024-09-11,2024-09-18,7,Palmolive Ultra Dishwashing Liquid 950mL,4.25,8.5,4.25,50.0,half_price,950mL,$0.45 per 100mL,SAVE%4.25 | WASS$8.50 | Palmolive Ultra | Dishwashing Liquid | 950mL $0.45 per 100mL,94.95,False,,https://caau.syd1.cdn.digitaloceanspaces.com/wp-content/uploads/catalogue/coles/coles-catalogue-september-11-17-2024-vic-metro/7.jpg,https://www.catalogueau.com/coles/#catalogue=coles/coles-catalogue-september-11-17-2024-vic-metro/,save_was_arithmetic,displayed_price;save_was_arithmetic;unit_price,3,verified
Coles,VIC METRO,"Coles Catalogue September 11 - 17, 2024 VIC METRO",2024-09-11,2024-09-18,7,Undo This Mess Dishwashing Liquid 900mL,4.5,9.0,4.5,50.0,half_price,900mL,$0.50 per 100mL,SAVE%4.50 | WASS9 | Undo This Mess | Dishwashing Liquid | 900mL $0.50 per 100mL,95.34,False,,https://caau.syd1.cdn.digitaloceanspaces.com/wp-content/uploads/catalogue/coles/coles-catalogue-september-11-17-2024-vic-metro/7.jpg,https://www.catalogueau.com/coles/#catalogue=coles/coles-catalogue-september-11-17-2024-vic-metro/,save_was_arithmetic,save_was_arithmetic;unit_price,2,verified
Coles,VIC METRO,"Coles Catalogue September 11 - 17, 2024 VIC METRO",2024-09-11,2024-09-18,7,Biozet Attack Regular Laundry Liquid 2 Litre or Powder 2kg,12.0,24.0,12.0,50.0,half_price,2 Litre; 2kg,,SAVE12 | WASS24 | Biozet Attack Regular | Laundry Liquid 2 Litre | or Powder 2kg,94.92,False,,https://caau.syd1.cdn.digitaloceanspaces.com/wp-content/uploads/catalogue/coles/coles-catalogue-september-11-17-2024-vic-metro/7.jpg,https://www.catalogueau.com/coles/#catalogue=coles/coles-catalogue-september-11-17-2024-vic-metro/,save_was_arithmetic,displayed_price;save_was_arithmetic,2,verified
Coles,VIC METRO,"Coles Catalogue September 11 - 17, 2024 VIC METRO",2024-09-11,2024-09-18,7,Bref Power Active Gel Toilet Cleaner 700mL,3.5,7.0,3.5,50.0,half_price,700mL,$0.50 per 100mL,Bref Power Active Gel | Toilet Cleaner 700mL | $0.50 per 100mL | Ox: Ox.,94.78,True,offer_labels_missing;regular_and_save_inferred_from_half_price,https://caau.syd1.cdn.digitaloceanspaces.com/wp-content/uploads/catalogue/coles/coles-catalogue-september-11-17-2024-vic-metro/7.jpg,https://www.catalogueau.com/coles/#catalogue=coles/coles-catalogue-september-11-17-2024-vic-metro/,displayed_price,displayed_price;grid_inference;unit_price,2,review
Coles,VIC METRO,"Coles Catalogue September 11 - 17, 2024 VIC METRO",2024-09-11,2024-09-18,8,Bundaberg Brewed Soft Drink 4x375mL,5.6,7.35,1.75,23.81,save_amount,4x375mL,$3.73 per litre,WASS$7.35 | WASS$7.35 | Bundaberg Brewed | Soft Drink 4x375mL | $3.73 per litre,94.93,False,,https://caau.syd1.cdn.digitaloceanspaces.com/wp-content/uploads/catalogue/coles/coles-catalogue-september-11-17-2024-vic-metro/8.jpg,https://www.catalogueau.com/coles/#catalogue=coles/coles-catalogue-september-11-17-2024-vic-metro/,displayed_price,displayed_price;unit_price,2,verified
Coles,VIC METRO,"Coles Catalogue September 11 - 17, 2024 VIC METRO",2024-09-11,2024-09-18,8,"Schweppes Mixers, Soft Drink or Mineral Water 1.1 Litre",2.0,3.0,1.0,33.33,save_amount,1.1 Litre,$1.82 per litre,"WASS3 | WASS3 | Schweppes Mixers, Soft Drink | or Mineral Water 1.1 Litre | $1.82 per litre | vue | BLACK Sy SHAN",95.61,False,,https://caau.syd1.cdn.digitaloceanspaces.com/wp-content/uploads/catalogue/coles/coles-catalogue-september-11-17-2024-vic-metro/8.jpg,https://www.catalogueau.com/coles/#catalogue=coles/coles-catalogue-september-11-17-2024-vic-metro/,displayed_price,displayed_price;unit_price,2,verified
Coles,VIC METRO,"Coles Catalogue September 11 - 17, 2024 VIC METRO",2024-09-11,2024-09-18,8,Heinz Tomato Ketchup 500mL,3.5,5.0,1.5,30.0,save_amount,500mL,$0.70 per 100mL,"WASS5 | WASS5 | Heinz Tomato Ketchup 500mL | $0.70 per 100mL | wy | N ciey,",94.51,False,,https://caau.syd1.cdn.digitaloceanspaces.com/wp-content/uploads/catalogue/coles/coles-catalogue-september-11-17-2024-vic-metro/8.jpg,https://www.catalogueau.com/coles/#catalogue=coles/coles-catalogue-september-11-17-2024-vic-metro/,displayed_price,displayed_price;unit_price,2,verified
Coles,VIC METRO,"Coles Catalogue September 11 - 17, 2024 VIC METRO",2024-09-11,2024-09-18,8,Black Swan Crafted Dip 170g,3.8,4.6,0.8,17.39,save_amount,170g,$2.24 per 100g,WASS4.60 | WASS4.60 | Black Swan Crafted Dip 170g | $2.24 per 100g. On sale for 2 weeks,96.59,False,,https://caau.syd1.cdn.digitaloceanspaces.com/wp-content/uploads/catalogue/coles/coles-catalogue-september-11-17-2024-vic-metro/8.jpg,https://www.catalogueau.com/coles/#catalogue=coles/coles-catalogue-september-11-17-2024-vic-metro/,displayed_price,displayed_price;unit_price,2,verified
Coles,VIC METRO,"Coles Catalogue September 11 - 17, 2024 VIC METRO",2024-09-11,2024-09-18,8,Red Rock Deli Potato Chips 150g-165g,4.4,6.0,1.6,26.67,save_amount,150g; 165g,,WASS6 | WASS6 | Red Rock Deli Potato | Chips 150g-165g,94.41,True,single_price_evidence,https://caau.syd1.cdn.digitaloceanspaces.com/wp-content/uploads/catalogue/coles/coles-catalogue-september-11-17-2024-vic-metro/8.jpg,https://www.catalogueau.com/coles/#catalogue=coles/coles-catalogue-september-11-17-2024-vic-metro/,displayed_price,displayed_price,1,review
Coles,VIC METRO,"Coles Catalogue September 11 - 17, 2024 VIC METRO",2024-09-11,2024-09-18,8,Don Skinless Footy Franks 435g,6.0,,,,special,435g,$13.79 per kg,Don Skinless Footy Franks 435g | $13.79 per kg,96.61,False,,https://caau.syd1.cdn.digitaloceanspaces.com/wp-content/uploads/catalogue/coles/coles-catalogue-september-11-17-2024-vic-metro/8.jpg,https://www.catalogueau.com/coles/#catalogue=coles/coles-catalogue-september-11-17-2024-vic-metro/,displayed_price,displayed_price;unit_price,2,verified
Coles,VIC METRO,"Coles Catalogue September 11 - 17, 2024 VIC METRO",2024-09-11,2024-09-18,8,Arnott's Shapes Crackers 130g-190g or Salada Crispbread 250g,6.0,,,,special,130g; 190g; 250g,,Arnott's Shapes Crackers | 130g-190g or Salada | Crispbread 250g | VIC-METRO-1 109-24-284856,79.0,True,offer_labels_missing;save_amount_missing;regular_price_missing;low_name_confidence_strict;inferred_price_requires_review,https://caau.syd1.cdn.digitaloceanspaces.com/wp-content/uploads/catalogue/coles/coles-catalogue-september-11-17-2024-vic-metro/8.jpg,https://www.catalogueau.com/coles/#catalogue=coles/coles-catalogue-september-11-17-2024-vic-metro/,displayed_price,displayed_price;grid_inference,1,review
Coles,VIC METRO,"Coles Catalogue September 11 - 17, 2024 VIC METRO",2024-09-11,2024-09-18,9,Pacific West Cocktail Spring Rolls 1kg,7.5,12.5,5.0,40.0,save_amount,1kg,$0.75 per 100g,"WASS12.50 | WASS12.50 | Pacific West Cocktail Spring Rolls | 1kg $0.75 per 100g | —— | io J ye | HSE IF ORT ENSUENY,",95.52,True,single_price_evidence,https://caau.syd1.cdn.digitaloceanspaces.com/wp-content/uploads/catalogue/coles/coles-catalogue-september-11-17-2024-vic-metro/9.jpg,https://www.catalogueau.com/coles/#catalogue=coles/coles-catalogue-september-11-17-2024-vic-metro/,unit_price,unit_price,1,review
Coles,VIC METRO,"Coles Catalogue September 11 - 17, 2024 VIC METRO",2024-09-11,2024-09-18,9,Dr. Oetker Ristorante Pizza 310g-390g,6.5,9.0,2.5,27.78,save_amount,310g; 390g,,WASS9 | WASS9 | Dr. Oetker Ristorante Pizza | 310g-390g | VIC-METRO-1 109-24-284856,94.64,True,single_price_evidence,https://caau.syd1.cdn.digitaloceanspaces.com/wp-content/uploads/catalogue/coles/coles-catalogue-september-11-17-2024-vic-metro/9.jpg,https://www.catalogueau.com/coles/#catalogue=coles/coles-catalogue-september-11-17-2024-vic-metro/,displayed_price,displayed_price,1,review
Coles,VIC METRO,"Coles Catalogue September 11 - 17, 2024 VIC METRO",2024-09-11,2024-09-18,9,McCain Pub Style Fries 750g,4.2,6.0,1.8,30.0,save_amount,750g,$5.60 per kg,WASS6 | WASS6 | McCain Pub Style Fries 750g | $5.60 per kg,96.32,True,single_price_evidence,https://caau.syd1.cdn.digitaloceanspaces.com/wp-content/uploads/catalogue/coles/coles-catalogue-september-11-17-2024-vic-metro/9.jpg,https://www.catalogueau.com/coles/#catalogue=coles/coles-catalogue-september-11-17-2024-vic-metro/,unit_price,unit_price,1,review
Coles,VIC METRO,"Coles Catalogue September 11 - 17, 2024 VIC METRO",2024-09-11,2024-09-18,9,Coles Classic Burgers or Sausages 400g-550g,10.0,,,,special,400g; 550g,,Coles Classic Burgers or | Sausages 400g-550g | | | —. | = | —,94.4,True,offer_labels_missing;save_amount_missing;regular_price_missing;single_price_evidence,https://caau.syd1.cdn.digitaloceanspaces.com/wp-content/uploads/catalogue/coles/coles-catalogue-september-11-17-2024-vic-metro/9.jpg,https://www.catalogueau.com/coles/#catalogue=coles/coles-catalogue-september-11-17-2024-vic-metro/,displayed_price,displayed_price,1,review
Coles,VIC METRO,"Coles Catalogue September 11 - 17, 2024 VIC METRO",2024-09-11,2024-09-18,11,Coles Cheese Block 1kg,9.5,13.9,4.4,31.65,save_amount,1kg,$9.50 per kg,WAS $13.90 | WAS $13.90 | JUL 2024 | Coles Cheese Block 1kg | $9.50 per kg,89.97,True,single_price_evidence,https://caau.syd1.cdn.digitaloceanspaces.com/wp-content/uploads/catalogue/coles/coles-catalogue-september-11-17-2024-vic-metro/11.jpg,https://www.catalogueau.com/coles/#catalogue=coles/coles-catalogue-september-11-17-2024-vic-metro/,unit_price,unit_price,1,review
Coles,VIC METRO,"Coles Catalogue September 11 - 17, 2024 VIC METRO",2024-09-11,2024-09-18,11,Danone Activia Yoghurt 4x125g,4.5,5.75,1.25,21.74,save_amount,4x125g,$0.90 per 100g,WAS $5.75 | WAS $5.75 | AUG 2024 | Danone Activia Yoghurt | 4x125g $0.90 per 100g,95.58,False,,https://caau.syd1.cdn.digitaloceanspaces.com/wp-content/uploads/catalogue/coles/coles-catalogue-september-11-17-2024-vic-metro/11.jpg,https://www.catalogueau.com/coles/#catalogue=coles/coles-catalogue-september-11-17-2024-vic-metro/,displayed_price,displayed_price;unit_price,2,verified
Coles,VIC METRO,"Coles Catalogue September 11 - 17, 2024 VIC METRO",2024-09-11,2024-09-18,11,Pauls Plus Protein Yoghurt Blueberry or Strawberry 160g,2.3,2.9,0.6,20.69,save_amount,160g,$1.44 per 100g,WAS $2.90 | WAS $2.90 | SEP 2024 | Pauls Plus Protein Yoghurt | Blueberry or Strawberry 160g | $1.44 per 100g,96.51,False,,https://caau.syd1.cdn.digitaloceanspaces.com/wp-content/uploads/catalogue/coles/coles-catalogue-september-11-17-2024-vic-metro/11.jpg,https://www.catalogueau.com/coles/#catalogue=coles/coles-catalogue-september-11-17-2024-vic-metro/,displayed_price,displayed_price;unit_price,2,verified
Coles,VIC METRO,"Coles Catalogue September 11 - 17, 2024 VIC METRO",2024-09-11,2024-09-18,11,Chobani Greek Yogurt Passion Fruit or Mango 160g,2.15,2.7,0.55,20.37,save_amount,160g,$1.34 per 100g,WAS$2.70 | WAS$2.70 | SEP 2024 | Chobani Greek Yogurt | Passion Fruit or Mango | 160g $1.34 per 100g,95.85,False,,https://caau.syd1.cdn.digitaloceanspaces.com/wp-content/uploads/catalogue/coles/coles-catalogue-september-11-17-2024-vic-metro/11.jpg,https://www.catalogueau.com/coles/#catalogue=coles/coles-catalogue-september-11-17-2024-vic-metro/,displayed_price,displayed_price;unit_price,2,verified
Coles,VIC METRO,"Coles Catalogue September 11 - 17, 2024 VIC METRO",2024-09-11,2024-09-18,11,McCain Beer Batter Chips 750g,5.2,5.8,0.6,10.34,save_amount,750g,$6.93 per kg,WAS $5.80 | WAS $5.80 | AUG 2024 | McCain Beer Batter Chips | 750g $6.93 per kg | VIC-METRO-1 109-24-284 856,96.37,False,,https://caau.syd1.cdn.digitaloceanspaces.com/wp-content/uploads/catalogue/coles/coles-catalogue-september-11-17-2024-vic-metro/11.jpg,https://www.catalogueau.com/coles/#catalogue=coles/coles-catalogue-september-11-17-2024-vic-metro/,displayed_price,displayed_price;unit_price,2,verified
Coles,VIC METRO,"Coles Catalogue September 11 - 17, 2024 VIC METRO",2024-09-11,2024-09-18,11,Birds Eye Deli Hoki Crispy Light Batter 250g,9.0,10.0,1.0,10.0,save_amount,250g,$36.00 per kg,WAS$10 | WAS$10 | AUG 2024 | Birds Eye Deli Hoki Crispy Light | Batter 250g $36.00 per kg | 11,96.15,False,,https://caau.syd1.cdn.digitaloceanspaces.com/wp-content/uploads/catalogue/coles/coles-catalogue-september-11-17-2024-vic-metro/11.jpg,https://www.catalogueau.com/coles/#catalogue=coles/coles-catalogue-september-11-17-2024-vic-metro/,displayed_price,displayed_price;unit_price,2,verified
Coles,VIC METRO,"Coles Catalogue September 11 - 17, 2024 VIC METRO",2024-09-11,2024-09-18,11,Bio Cheese Cheddar or Pizza Shred 200g,7.0,,,,down_down,200g,$35.00 per kg,Bio Cheese Cheddar or Pizza | Shred 200g $35.00 per kg,96.35,True,single_price_evidence,https://caau.syd1.cdn.digitaloceanspaces.com/wp-content/uploads/catalogue/coles/coles-catalogue-september-11-17-2024-vic-metro/11.jpg,https://www.catalogueau.com/coles/#catalogue=coles/coles-catalogue-september-11-17-2024-vic-metro/,unit_price,unit_price,1,review
Coles,VIC METRO,"Coles Catalogue September 11 - 17, 2024 VIC METRO",2024-09-11,2024-09-18,11,Tasmanian Heritage Cheese Wedge 180g,6.5,,,,down_down,180g,$36.11 per kg,Tasmanian Heritage Cheese | Wedge 180g $36.11 per kg,95.99,True,single_price_evidence,https://caau.syd1.cdn.digitaloceanspaces.com/wp-content/uploads/catalogue/coles/coles-catalogue-september-11-17-2024-vic-metro/11.jpg,https://www.catalogueau.com/coles/#catalogue=coles/coles-catalogue-september-11-17-2024-vic-metro/,unit_price,unit_price,1,review
Coles,VIC METRO,"Coles Catalogue September 11 - 17, 2024 VIC METRO",2024-09-11,2024-09-18,12,Asparagus,100.0,,,,special,,,Asparagus,96.33,True,offer_labels_missing;save_amount_missing;regular_price_missing;single_price_evidence,https://caau.syd1.cdn.digitaloceanspaces.com/wp-content/uploads/catalogue/coles/coles-catalogue-september-11-17-2024-vic-metro/12.jpg,https://www.catalogueau.com/coles/#catalogue=coles/coles-catalogue-september-11-17-2024-vic-metro/,displayed_price,displayed_price,1,review
Coles,VIC METRO,"Coles Catalogue September 11 - 17, 2024 VIC METRO",2024-09-11,2024-09-18,13,Coles Dry Roasted or Roasted & Salted Mixed Nuts 400g Pack,9.0,12.0,3.0,25.0,save_amount,400g,$22.50 per kg,WASS12 | WASS12 | Coles Dry Roasted or Roasted | & Salted Mixed Nuts 400g Pack | $22.50 per kg,96.33,True,single_price_evidence,https://caau.syd1.cdn.digitaloceanspaces.com/wp-content/uploads/catalogue/coles/coles-catalogue-september-11-17-2024-vic-metro/13.jpg,https://www.catalogueau.com/coles/#catalogue=coles/coles-catalogue-september-11-17-2024-vic-metro/,unit_price,unit_price,1,review
Coles,VIC METRO,"Coles Catalogue September 11 - 17, 2024 VIC METRO",2024-09-11,2024-09-18,13,Coles Australian Organic Baby Beetroot 250g Pack,4.0,,,,special,250g,,Coles Australian Organic | Baby Beetroot 250g Pack | Si oe pert. | = | =a | \,79.0,True,offer_labels_missing;save_amount_missing;regular_price_missing;low_name_confidence_strict;single_price_evidence,https://caau.syd1.cdn.digitaloceanspaces.com/wp-content/uploads/catalogue/coles/coles-catalogue-september-11-17-2024-vic-metro/13.jpg,https://www.catalogueau.com/coles/#catalogue=coles/coles-catalogue-september-11-17-2024-vic-metro/,displayed_price,displayed_price,1,review
Coles,VIC METRO,"Coles Catalogue September 11 - 17, 2024 VIC METRO",2024-09-11,2024-09-18,13,Coles Australian Carrots 1kg Bag,1.5,,,,special,1kg,$1.50 per kg,Coles Australian Carrots 1kg Bag | $1.50 per kg,93.49,False,,https://caau.syd1.cdn.digitaloceanspaces.com/wp-content/uploads/catalogue/coles/coles-catalogue-september-11-17-2024-vic-metro/13.jpg,https://www.catalogueau.com/coles/#catalogue=coles/coles-catalogue-september-11-17-2024-vic-metro/,displayed_price,displayed_price;unit_price,2,verified
Coles,VIC METRO,"Coles Catalogue September 11 - 17, 2024 VIC METRO",2024-09-11,2024-09-18,13,Coles Kitchen Caesar Salad Kit 290g Pack,2.0,,,,special,290g,$15.52 per kg,Coles Kitchen Caesar Salad Kit | 290g Pack $15.52 per kg,96.38,True,offer_labels_missing;save_amount_missing;regular_price_missing;unit_price_conflict;single_price_evidence,https://caau.syd1.cdn.digitaloceanspaces.com/wp-content/uploads/catalogue/coles/coles-catalogue-september-11-17-2024-vic-metro/13.jpg,https://www.catalogueau.com/coles/#catalogue=coles/coles-catalogue-september-11-17-2024-vic-metro/,displayed_price,displayed_price,1,review
Coles,VIC METRO,"Coles Catalogue September 11 - 17, 2024 VIC METRO",2024-09-11,2024-09-18,13,Coles Australian Red Royale Potatoes 2kg Bag,4.5,,,,special,2kg,$2.25 per kg,Coles Australian Red Royale | Potatoes 2kg Bag $2.25 per kg,95.45,False,,https://caau.syd1.cdn.digitaloceanspaces.com/wp-content/uploads/catalogue/coles/coles-catalogue-september-11-17-2024-vic-metro/13.jpg,https://www.catalogueau.com/coles/#catalogue=coles/coles-catalogue-september-11-17-2024-vic-metro/,displayed_price,displayed_price;unit_price,2,verified
Coles,VIC METRO,"Coles Catalogue September 11 - 17, 2024 VIC METRO",2024-09-11,2024-09-18,13,Australian Jazz Apples 1kg Pack,4.9,,,,special,1kg,$4.90 per kg,Australian Jazz Apples 1kg Pack | $4.90 per kg,94.51,True,single_price_evidence,https://caau.syd1.cdn.digitaloceanspaces.com/wp-content/uploads/catalogue/coles/coles-catalogue-september-11-17-2024-vic-metro/13.jpg,https://www.catalogueau.com/coles/#catalogue=coles/coles-catalogue-september-11-17-2024-vic-metro/,unit_price,unit_price,1,review
Coles,VIC METRO,"Coles Catalogue September 11 - 17, 2024 VIC METRO",2024-09-11,2024-09-18,14,Primo Streaky Bacon 650g,12.5,16.8,4.3,25.6,save_amount,650g,$19.23 per kg,WASS16.80 | WASS16.80 | Primo Streaky Bacon | 650g $19.23 per kg | VIC-METRO-1 109-24-284856,96.32,True,single_price_evidence,https://caau.syd1.cdn.digitaloceanspaces.com/wp-content/uploads/catalogue/coles/coles-catalogue-september-11-17-2024-vic-metro/14.jpg,https://www.catalogueau.com/coles/#catalogue=coles/coles-catalogue-september-11-17-2024-vic-metro/,unit_price,unit_price,1,review
Coles,VIC METRO,"Coles Catalogue September 11 - 17, 2024 VIC METRO",2024-09-11,2024-09-18,14,Coles Simply Breadcrumbs 500g,2.0,,,,special,500g,$0.40 per 100g,Coles Simply | Breadcrumbs 500g | $0.40 per 100g,96.33,False,,https://caau.syd1.cdn.digitaloceanspaces.com/wp-content/uploads/catalogue/coles/coles-catalogue-september-11-17-2024-vic-metro/14.jpg,https://www.catalogueau.com/coles/#catalogue=coles/coles-catalogue-september-11-17-2024-vic-metro/,displayed_price,displayed_price;unit_price,2,verified
Coles,VIC METRO,"Coles Catalogue September 11 - 17, 2024 VIC METRO",2024-09-11,2024-09-18,14,Coles Squeezy Tomato or Barbecue Sauce 500mL,1.95,,,,special,500mL,$0.39 per 100mL,Coles Squeezy Tomato or | Barbecue Sauce 500mL | $0.39 per 100mL,93.88,True,single_price_evidence,https://caau.syd1.cdn.digitaloceanspaces.com/wp-content/uploads/catalogue/coles/coles-catalogue-september-11-17-2024-vic-metro/14.jpg,https://www.catalogueau.com/coles/#catalogue=coles/coles-catalogue-september-11-17-2024-vic-metro/,unit_price,unit_price,1,review
Coles,VIC METRO,"Coles Catalogue September 11 - 17, 2024 VIC METRO",2024-09-11,2024-09-18,14,Coles Poppy Seeds 150g,2.75,,,,special,150g,$1.83 per 100g,Coles Poppy Seeds | 150g $1.83 per 100g,96.4,False,,https://caau.syd1.cdn.digitaloceanspaces.com/wp-content/uploads/catalogue/coles/coles-catalogue-september-11-17-2024-vic-metro/14.jpg,https://www.catalogueau.com/coles/#catalogue=coles/coles-catalogue-september-11-17-2024-vic-metro/,displayed_price,displayed_price;unit_price,2,verified
Coles,VIC METRO,"Coles Catalogue September 11 - 17, 2024 VIC METRO",2024-09-11,2024-09-18,15,Qry Coles Australian No Added,17.0,19.0,2.0,10.53,save_amount,,$34.00 per kg,WASS19 | WASS19 | Qry | Coles Australian No Added | Hormones Beef Porterhouse | with Thyme Pepper Butter 500g | $34.00 per kg,60.08,True,low_name_confidence_strict;single_price_evidence,https://caau.syd1.cdn.digitaloceanspaces.com/wp-content/uploads/catalogue/coles/coles-catalogue-september-11-17-2024-vic-metro/15.jpg,https://www.catalogueau.com/coles/#catalogue=coles/coles-catalogue-september-11-17-2024-vic-metro/,displayed_price,displayed_price,1,review
Coles,VIC METRO,"Coles Catalogue September 11 - 17, 2024 VIC METRO",2024-09-11,2024-09-18,15,Coles Australian No Added Hormones Slow Cook Beef Brisket,1.3,5.0,3.7,74.0,save_amount,,,Coles Australian No Added | Hormones Slow Cook Beef Brisket | *,96.34,True,single_price_evidence,https://caau.syd1.cdn.digitaloceanspaces.com/wp-content/uploads/catalogue/coles/coles-catalogue-september-11-17-2024-vic-metro/15.jpg,https://www.catalogueau.com/coles/#catalogue=coles/coles-catalogue-september-11-17-2024-vic-metro/,unknown,,0,review
Coles,VIC METRO,"Coles Catalogue September 11 - 17, 2024 VIC METRO",2024-09-11,2024-09-18,15,Coles Australian Lamb Leg Steak 270g,7.0,8.0,1.0,12.5,save_amount,270g,$25.93 per kg,WASS8 | WASS8 | Coles Australian Lamb Leg Steak | 270g $25.93 per kg | PORK & BEEF,96.64,False,,https://caau.syd1.cdn.digitaloceanspaces.com/wp-content/uploads/catalogue/coles/coles-catalogue-september-11-17-2024-vic-metro/15.jpg,https://www.catalogueau.com/coles/#catalogue=coles/coles-catalogue-september-11-17-2024-vic-metro/,displayed_price,displayed_price;unit_price,2,verified
Coles,VIC METRO,"Coles Catalogue September 11 - 17, 2024 VIC METRO",2024-09-11,2024-09-18,15,Coles Made Easy Family Classic Slow Cooked Pork & Beef Meatballs in Tomato Sauce 800g,10.0,13.0,3.0,23.08,save_amount,800g,$12.50 per kg,WASS13 | WASS13 | Coles Made Easy Family Classic | Slow Cooked Pork & Beef | Meatballs in Tomato Sauce 800g | $12.50 per kg | ~ | Te,95.42,False,,https://caau.syd1.cdn.digitaloceanspaces.com/wp-content/uploads/catalogue/coles/coles-catalogue-september-11-17-2024-vic-metro/15.jpg,https://www.catalogueau.com/coles/#catalogue=coles/coles-catalogue-september-11-17-2024-vic-metro/,displayed_price,displayed_price;unit_price,2,verified
Coles,VIC METRO,"Coles Catalogue September 11 - 17, 2024 VIC METRO",2024-09-11,2024-09-18,15,Coles Australian Pork Loin Chops Large Tray 2nd week,16.0,193.0,177.0,91.71,save_amount,,,WASS193 | WASS193 | Coles Australian Pork Loin Chops | Large Tray 2nd week on sale | oy | Va | ES | »,96.54,True,single_price_evidence,https://caau.syd1.cdn.digitaloceanspaces.com/wp-content/uploads/catalogue/coles/coles-catalogue-september-11-17-2024-vic-metro/15.jpg,https://www.catalogueau.com/coles/#catalogue=coles/coles-catalogue-september-11-17-2024-vic-metro/,displayed_price,displayed_price,1,review
Coles,VIC METRO,"Coles Catalogue September 11 - 17, 2024 VIC METRO",2024-09-11,2024-09-18,15,Coles Australian No Added Hormones Beef Porterhouse with Thyme Pepper Butter 500g,17.0,19.0,2.0,10.53,save_amount,500g,$34.00 per kg,Coles Australian No Added | Hormones Beef Porterhouse | with Thyme Pepper Butter 500g | $34.00 per kg,95.99,False,,https://caau.syd1.cdn.digitaloceanspaces.com/wp-content/uploads/catalogue/coles/coles-catalogue-september-11-17-2024-vic-metro/15.jpg,https://www.catalogueau.com/coles/#catalogue=coles/coles-catalogue-september-11-17-2024-vic-metro/,displayed_price,displayed_price;unit_price,2,verified
Coles,VIC METRO,"Coles Catalogue September 11 - 17, 2024 VIC METRO",2024-09-11,2024-09-18,15,Coles Australian Lamb Whole or Half Leg Roast Product sold uncooked,12.0,15.0,3.0,20.0,save_amount,,,WASS15iq | WASS15iq | Coles Australian Lamb Whole or Half | Leg Roast Product sold uncooked | ant | VIC-METRO-1 109-24-284856,95.81,True,single_price_evidence,https://caau.syd1.cdn.digitaloceanspaces.com/wp-content/uploads/catalogue/coles/coles-catalogue-september-11-17-2024-vic-metro/15.jpg,https://www.catalogueau.com/coles/#catalogue=coles/coles-catalogue-september-11-17-2024-vic-metro/,displayed_price,displayed_price,1,review
Coles,VIC METRO,"Coles Catalogue September 11 - 17, 2024 VIC METRO",2024-09-11,2024-09-18,15,Coles Free Ran e RSPCA,80.8,,,,down_down,,,Coles Free Ran | e RSPCA | Approved Chicken Drumsticks,79.0,True,save_amount_missing;regular_price_missing;low_name_confidence_strict;single_price_evidence,https://caau.syd1.cdn.digitaloceanspaces.com/wp-content/uploads/catalogue/coles/coles-catalogue-september-11-17-2024-vic-metro/15.jpg,https://www.catalogueau.com/coles/#catalogue=coles/coles-catalogue-september-11-17-2024-vic-metro/,displayed_price,displayed_price,1,review
Coles,VIC METRO,"Coles Catalogue September 11 - 17, 2024 VIC METRO",2024-09-11,2024-09-18,15,Coles Made Easy Slow Cooked Beef Ragu in Tomato Sauce 700g,13.0,,,,down_down,700g,$18.57 per kg,Coles Made Easy Slow Cooked | Beef Ragu in Tomato Sauce 700g | $18.57 per kg,96.49,False,,https://caau.syd1.cdn.digitaloceanspaces.com/wp-content/uploads/catalogue/coles/coles-catalogue-september-11-17-2024-vic-metro/15.jpg,https://www.catalogueau.com/coles/#catalogue=coles/coles-catalogue-september-11-17-2024-vic-metro/,displayed_price,displayed_price;unit_price,2,verified
Coles,VIC METRO,"Coles Catalogue September 11 - 17, 2024 VIC METRO",2024-09-11,2024-09-18,15,Coles Simply RSPCA Approved Chicken Burgers Plain Crumb 1.2kg,12.0,,,,down_down,1.2kg,$10.00 per kg,Coles Simply RSPCA Approved | Chicken Burgers Plain Crumb | 1.2kg $10.00 per kg,95.73,False,,https://caau.syd1.cdn.digitaloceanspaces.com/wp-content/uploads/catalogue/coles/coles-catalogue-september-11-17-2024-vic-metro/15.jpg,https://www.catalogueau.com/coles/#catalogue=coles/coles-catalogue-september-11-17-2024-vic-metro/,displayed_price,displayed_price;unit_price,2,verified
Coles,VIC METRO,"Coles Catalogue September 11 - 17, 2024 VIC METRO",2024-09-11,2024-09-18,16,Coles Australian Fresh Barramundi Portions Skin On Selected stores only*. Product sold uncooked vy,12.4,36.14,23.74,65.69,save_amount,,,Coles Australian Fresh Barramundi Portions Skin On | Selected stores only*. Product sold uncooked vy,94.24,True,offer_labels_missing;single_price_evidence,https://caau.syd1.cdn.digitaloceanspaces.com/wp-content/uploads/catalogue/coles/coles-catalogue-september-11-17-2024-vic-metro/16.jpg,https://www.catalogueau.com/coles/#catalogue=coles/coles-catalogue-september-11-17-2024-vic-metro/,unknown,,0,review
Coles,VIC METRO,"Coles Catalogue September 11 - 17, 2024 VIC METRO",2024-09-11,2024-09-18,16,Coles Tasmanian Fresh Salmon Portions Skin On 2nd week,36.0,42.0,6.0,14.29,save_amount,,,WASS42kq | WASS42kq | Coles Tasmanian Fresh Salmon | Portions Skin On 2nd week on sale. | Selected stores only* | _,96.23,True,single_price_evidence,https://caau.syd1.cdn.digitaloceanspaces.com/wp-content/uploads/catalogue/coles/coles-catalogue-september-11-17-2024-vic-metro/16.jpg,https://www.catalogueau.com/coles/#catalogue=coles/coles-catalogue-september-11-17-2024-vic-metro/,displayed_price,displayed_price,1,review
Coles,VIC METRO,"Coles Catalogue September 11 - 17, 2024 VIC METRO",2024-09-11,2024-09-18,16,Coles Australian MSC Thawed Raw Banana Prawns,17.0,22.0,5.0,22.73,save_amount,,,WAS 22tg | WAS 22tg | Coles Australian MSC | Thawed Raw Banana Prawns | Selected stores only* | ee | $260,96.1,True,single_price_evidence,https://caau.syd1.cdn.digitaloceanspaces.com/wp-content/uploads/catalogue/coles/coles-catalogue-september-11-17-2024-vic-metro/16.jpg,https://www.catalogueau.com/coles/#catalogue=coles/coles-catalogue-september-11-17-2024-vic-metro/,displayed_price,displayed_price,1,review
Coles,VIC METRO,"Coles Catalogue September 11 - 17, 2024 VIC METRO",2024-09-11,2024-09-18,16,Don Premium Melosi Leg Ham Selected stores only*,26.0,32.1,6.1,19.0,save_amount,,,WASS32.10kg | WASS32.10kg | Don Premium Melosi Leg Ham | Selected stores only* | oer | ie,94.19,True,single_price_evidence,https://caau.syd1.cdn.digitaloceanspaces.com/wp-content/uploads/catalogue/coles/coles-catalogue-september-11-17-2024-vic-metro/16.jpg,https://www.catalogueau.com/coles/#catalogue=coles/coles-catalogue-september-11-17-2024-vic-metro/,displayed_price,displayed_price,1,review
Coles,VIC METRO,"Coles Catalogue September 11 - 17, 2024 VIC METRO",2024-09-11,2024-09-18,16,Primo Short Cut Rindless Bacon Selected stores only*,7.0,21.0,14.0,66.67,save_amount,,,WASS21ig | WASS21ig | Primo Short Cut Rindless Bacon | Selected stores only* | Fabse | *,93.88,True,single_price_evidence,https://caau.syd1.cdn.digitaloceanspaces.com/wp-content/uploads/catalogue/coles/coles-catalogue-september-11-17-2024-vic-metro/16.jpg,https://www.catalogueau.com/coles/#catalogue=coles/coles-catalogue-september-11-17-2024-vic-metro/,displayed_price,displayed_price,1,review
Coles,VIC METRO,"Coles Catalogue September 11 - 17, 2024 VIC METRO",2024-09-11,2024-09-18,16,Hans Twiggy Sticks Selected stores only*,24.0,,,,special,,,Hans Twiggy Sticks | Selected stores only*,95.38,True,offer_labels_missing;save_amount_missing;regular_price_missing;inferred_price_requires_review,https://caau.syd1.cdn.digitaloceanspaces.com/wp-content/uploads/catalogue/coles/coles-catalogue-september-11-17-2024-vic-metro/16.jpg,https://www.catalogueau.com/coles/#catalogue=coles/coles-catalogue-september-11-17-2024-vic-metro/,displayed_price,displayed_price;grid_inference,1,review
Coles,VIC METRO,"Coles Catalogue September 11 - 17, 2024 VIC METRO",2024-09-11,2024-09-18,16,Coles Brand Pre-Packed Antipasto 110g-135,6.0,,,,special,110g,,Coles Brand Pre-Packed | Antipasto 110g-135 | Selected stores only*,93.18,True,offer_labels_missing;save_amount_missing;regular_price_missing;inferred_price_requires_review,https://caau.syd1.cdn.digitaloceanspaces.com/wp-content/uploads/catalogue/coles/coles-catalogue-september-11-17-2024-vic-metro/16.jpg,https://www.catalogueau.com/coles/#catalogue=coles/coles-catalogue-september-11-17-2024-vic-metro/,displayed_price,displayed_price;grid_inference,1,review
Coles,VIC METRO,"Coles Catalogue September 11 - 17, 2024 VIC METRO",2024-09-11,2024-09-18,16,= VIC-METRO-1 109-24-284856,12.0,,,,special,,,= | VIC-METRO-1 109-24-284856,79.0,True,offer_labels_missing;save_amount_missing;regular_price_missing;low_name_confidence_strict;single_price_evidence,https://caau.syd1.cdn.digitaloceanspaces.com/wp-content/uploads/catalogue/coles/coles-catalogue-september-11-17-2024-vic-metro/16.jpg,https://www.catalogueau.com/coles/#catalogue=coles/coles-catalogue-september-11-17-2024-vic-metro/,displayed_price,displayed_price,1,review
Coles,VIC METRO,"Coles Catalogue September 11 - 17, 2024 VIC METRO",2024-09-11,2024-09-18,16,Selected stores onl *For locations of Deli counter stores visit coles.com.au /range-availability,3.0,,,,special,,,Selected stores onl | 2 | *For locations of Deli counter stores visit coles.com.au /range-availability,86.47,True,offer_labels_missing;save_amount_missing;regular_price_missing;single_price_evidence,https://caau.syd1.cdn.digitaloceanspaces.com/wp-content/uploads/catalogue/coles/coles-catalogue-september-11-17-2024-vic-metro/16.jpg,https://www.catalogueau.com/coles/#catalogue=coles/coles-catalogue-september-11-17-2024-vic-metro/,displayed_price,displayed_price,1,review
Coles,VIC METRO,"Coles Catalogue September 11 - 17, 2024 VIC METRO",2024-09-11,2024-09-18,18,Simson's Pantry Low Carb Keto 5 Pack 200g,5.0,6.0,1.0,16.67,save_amount,5 Pack; 200g,$2.50 per 100g,WAS $6 | WAS $6 | AUG 2024 | Simson's Pantry Low Carb Keto | 5 Pack 200g $2.50 per 100g | ADVERTISER PROMOTION,95.9,False,,https://caau.syd1.cdn.digitaloceanspaces.com/wp-content/uploads/catalogue/coles/coles-catalogue-september-11-17-2024-vic-metro/18.jpg,https://www.catalogueau.com/coles/#catalogue=coles/coles-catalogue-september-11-17-2024-vic-metro/,displayed_price,displayed_price;unit_price,2,verified
Coles,VIC METRO,"Coles Catalogue September 11 - 17, 2024 VIC METRO",2024-09-11,2024-09-18,19,Coles Bakery Mixed Cookies 24 Pack,6.0,6.5,0.5,7.69,save_amount,24 Pack,$0.25 per each,WAS $6.50 | WAS $6.50 | AUG 2024 | Coles Bakery Mixed Cookies | 24 Pack $0.25 per each. | Selected stores only | ef,96.41,True,single_price_evidence,https://caau.syd1.cdn.digitaloceanspaces.com/wp-content/uploads/catalogue/coles/coles-catalogue-september-11-17-2024-vic-metro/19.jpg,https://www.catalogueau.com/coles/#catalogue=coles/coles-catalogue-september-11-17-2024-vic-metro/,displayed_price,displayed_price,1,review
Coles,VIC METRO,"Coles Catalogue September 11 - 17, 2024 VIC METRO",2024-09-11,2024-09-18,19,Tip Top Thins 6 Pack 200g-240g,3.0,,,,special,6 Pack; 200g; 240g,,WAS$ | WAS$ | AUG 2024 | Tip Top Thins 6 Pack | 200g-240g | ef,94.49,True,save_amount_missing;regular_price_missing;single_price_evidence,https://caau.syd1.cdn.digitaloceanspaces.com/wp-content/uploads/catalogue/coles/coles-catalogue-september-11-17-2024-vic-metro/19.jpg,https://www.catalogueau.com/coles/#catalogue=coles/coles-catalogue-september-11-17-2024-vic-metro/,displayed_price,displayed_price,1,review
Coles,VIC METRO,"Coles Catalogue September 11 - 17, 2024 VIC METRO",2024-09-11,2024-09-18,19,Coles Simply Hamburger Rolls 6 Pack 540g or Hot Dog Rolls 6 Pack 450g,0.5,2.75,2.25,81.82,save_amount,6 Pack; 540g; 450g,,AUG 2024 | Coles Simply Hamburger | Rolls 6 Pack 540g or | Hot Dog Rolls 6 Pack 450g,96.46,True,single_price_evidence,https://caau.syd1.cdn.digitaloceanspaces.com/wp-content/uploads/catalogue/coles/coles-catalogue-september-11-17-2024-vic-metro/19.jpg,https://www.catalogueau.com/coles/#catalogue=coles/coles-catalogue-september-11-17-2024-vic-metro/,unknown,,0,review
Coles,VIC METRO,"Coles Catalogue September 11 - 17, 2024 VIC METRO",2024-09-11,2024-09-18,19,Coles Bakery Pizza Roll 2 Pack,3.5,415.0,411.5,99.16,save_amount,2 Pack,$1.75 per each,SAVE 65‘ | WASS415 | Coles Bakery Pizza Roll 2 Pack | $1.75 per each. Selected stores only | cols | KOALAC,96.46,False,,https://caau.syd1.cdn.digitaloceanspaces.com/wp-content/uploads/catalogue/coles/coles-catalogue-september-11-17-2024-vic-metro/19.jpg,https://www.catalogueau.com/coles/#catalogue=coles/coles-catalogue-september-11-17-2024-vic-metro/,displayed_price,displayed_price;unit_price,2,verified
Coles,VIC METRO,"Coles Catalogue September 11 - 17, 2024 VIC METRO",2024-09-11,2024-09-18,19,Coles Vanilla Koala Cake 583g,14.5,29.0,14.5,50.0,half_price,583g,$2.49 per 100g,SAVES14.50 | Coles Vanilla Koala Cake 583g | $2.49 per 100g. On sale for 2 weeks,95.69,False,,https://caau.syd1.cdn.digitaloceanspaces.com/wp-content/uploads/catalogue/coles/coles-catalogue-september-11-17-2024-vic-metro/19.jpg,https://www.catalogueau.com/coles/#catalogue=coles/coles-catalogue-september-11-17-2024-vic-metro/,displayed_price,displayed_price;unit_price,2,verified
Coles,VIC METRO,"Coles Catalogue September 11 - 17, 2024 VIC METRO",2024-09-11,2024-09-18,19,Coles Bakery Danish 2 Pack,3.0,3.5,0.5,14.29,save_amount,2 Pack,$1.50 per each,"SAVE50° | WASS$3.50 | Coles Bakery Danish 2 Pack | $1.50 per each. | Selected stores only | ""ae oh | aes | ""yy",96.32,False,,https://caau.syd1.cdn.digitaloceanspaces.com/wp-content/uploads/catalogue/coles/coles-catalogue-september-11-17-2024-vic-metro/19.jpg,https://www.catalogueau.com/coles/#catalogue=coles/coles-catalogue-september-11-17-2024-vic-metro/,displayed_price,displayed_price;unit_price,2,verified
Coles,VIC METRO,"Coles Catalogue September 11 - 17, 2024 VIC METRO",2024-09-11,2024-09-18,19,Coles Bakery Iced Donuts 6 Pack,3.25,3.8,0.55,14.47,save_amount,6 Pack,$0.54 per each,SAVE55* | WAS$3.80 | Coles Bakery Iced Donuts 6 Pack | $0.54 per each. | Selected stores only | rE | serving aeodeaon only | os,95.83,True,single_price_evidence,https://caau.syd1.cdn.digitaloceanspaces.com/wp-content/uploads/catalogue/coles/coles-catalogue-september-11-17-2024-vic-metro/19.jpg,https://www.catalogueau.com/coles/#catalogue=coles/coles-catalogue-september-11-17-2024-vic-metro/,unit_price,unit_price,1,review
Coles,VIC METRO,"Coles Catalogue September 11 - 17, 2024 VIC METRO",2024-09-11,2024-09-18,19,VIC-METRO-1 109-24-284 856,4.5,5.0,0.5,10.0,save_amount,,,SAVE50‘ | WASS5 | VIC-METRO-1 109-24-284 856,66.68,True,low_name_confidence_strict;single_price_evidence,https://caau.syd1.cdn.digitaloceanspaces.com/wp-content/uploads/catalogue/coles/coles-catalogue-september-11-17-2024-vic-metro/19.jpg,https://www.catalogueau.com/coles/#catalogue=coles/coles-catalogue-september-11-17-2024-vic-metro/,displayed_price,displayed_price,1,review
Coles,VIC METRO,"Coles Catalogue September 11 - 17, 2024 VIC METRO",2024-09-11,2024-09-18,19,Coles Bakery Rolls 6 Pack,2.85,,,,down_down,6 Pack,$0.48 per each,Coles Bakery Rolls 6 Pack | $0.48 per each. Selected stores only | ba: | ede | lense,96.38,True,single_price_evidence,https://caau.syd1.cdn.digitaloceanspaces.com/wp-content/uploads/catalogue/coles/coles-catalogue-september-11-17-2024-vic-metro/19.jpg,https://www.catalogueau.com/coles/#catalogue=coles/coles-catalogue-september-11-17-2024-vic-metro/,unit_price,unit_price,1,review
Coles,VIC METRO,"Coles Catalogue September 11 - 17, 2024 VIC METRO",2024-09-11,2024-09-18,20,Cadbury Dairy Milk Block Chocolate 150g-190g,4.0,6.0,2.0,33.33,save_amount,150g; 190g,,WASS6 | WASS6 | Cadbury Dairy Milk | Block Chocolate | 150g-190g | 40% MORE COCOA & 25% MORE MILK”,79.0,True,low_name_confidence_strict;single_price_evidence,https://caau.syd1.cdn.digitaloceanspaces.com/wp-content/uploads/catalogue/coles/coles-catalogue-september-11-17-2024-vic-metro/20.jpg,https://www.catalogueau.com/coles/#catalogue=coles/coles-catalogue-september-11-17-2024-vic-metro/,displayed_price,displayed_price,1,review
Coles,VIC METRO,"Coles Catalogue September 11 - 17, 2024 VIC METRO",2024-09-11,2024-09-18,20,40% MORE COCOA & 25% MORE MILK’ HAZELNUT,2.0,,,,special,,,40% MORE COCOA & 25% MORE MILK’ | HAZELNUT,94.76,True,offer_labels_missing;save_amount_missing;regular_price_missing;single_price_evidence,https://caau.syd1.cdn.digitaloceanspaces.com/wp-content/uploads/catalogue/coles/coles-catalogue-september-11-17-2024-vic-metro/20.jpg,https://www.catalogueau.com/coles/#catalogue=coles/coles-catalogue-september-11-17-2024-vic-metro/,displayed_price,displayed_price,1,review
Coles,VIC METRO,"Coles Catalogue September 11 - 17, 2024 VIC METRO",2024-09-11,2024-09-18,21,"Smith's Crinkle Cut Potato Chips, Doritos Corn Chips Big Bag 380g or Red Rock Deli Potato Chips Big Bag 290g",4.25,8.5,4.25,50.0,half_price,380g; 290g,,"SAVE%4.25 | WAS$8.50 | Smith's Crinkle Cut Potato Chips, Doritos | Corn Chips Big Bag 380g or Red Rock Deli | Potato Chips Big Bag 290g",96.0,False,,https://caau.syd1.cdn.digitaloceanspaces.com/wp-content/uploads/catalogue/coles/coles-catalogue-september-11-17-2024-vic-metro/21.jpg,https://www.catalogueau.com/coles/#catalogue=coles/coles-catalogue-september-11-17-2024-vic-metro/,save_was_arithmetic,displayed_price;save_was_arithmetic,2,verified
Coles,VIC METRO,"Coles Catalogue September 11 - 17, 2024 VIC METRO",2024-09-11,2024-09-18,21,McVitie's Digestives Tops Biscuits 100g,1.0,2.0,1.0,50.0,half_price,100g,$1.00 per 100g,SAVE*1 | WASS2 | McVitie's Digestives Tops Biscuits 100g | $1.00 per 100g | =,93.57,False,,https://caau.syd1.cdn.digitaloceanspaces.com/wp-content/uploads/catalogue/coles/coles-catalogue-september-11-17-2024-vic-metro/21.jpg,https://www.catalogueau.com/coles/#catalogue=coles/coles-catalogue-september-11-17-2024-vic-metro/,save_was_arithmetic,displayed_price;save_was_arithmetic;unit_price,3,verified
Coles,VIC METRO,"Coles Catalogue September 11 - 17, 2024 VIC METRO",2024-09-11,2024-09-18,21,The Natural Confectionery Co 130g-230g or Sour Patch 190g,3.5,5.0,1.5,30.0,save_amount,130g; 230g; 190g,,SAVES1.50 | The Natural | Confectionery Co | 130g-230g or Sour | Patch 190g,95.77,True,single_price_evidence,https://caau.syd1.cdn.digitaloceanspaces.com/wp-content/uploads/catalogue/coles/coles-catalogue-september-11-17-2024-vic-metro/21.jpg,https://www.catalogueau.com/coles/#catalogue=coles/coles-catalogue-september-11-17-2024-vic-metro/,displayed_price,displayed_price,1,review
Coles,VIC METRO,"Coles Catalogue September 11 - 17, 2024 VIC METRO",2024-09-11,2024-09-18,21,Nestlé Chocolate Fun Pack 127g-158g,4.2,6.0,1.8,30.0,save_amount,127g; 158g,,SAVE51.80 | WASS6 | Nestlé Chocolate Fun | Pack 127g-158g,93.1,True,single_price_evidence,https://caau.syd1.cdn.digitaloceanspaces.com/wp-content/uploads/catalogue/coles/coles-catalogue-september-11-17-2024-vic-metro/21.jpg,https://www.catalogueau.com/coles/#catalogue=coles/coles-catalogue-september-11-17-2024-vic-metro/,unknown,,0,review
Coles,VIC METRO,"Coles Catalogue September 11 - 17, 2024 VIC METRO",2024-09-11,2024-09-18,21,"Pepsi, Solo or Sunkist Soft Drink 1.25 Litre",5.0,6.0,1.0,16.67,save_amount,1.25 Litre,$2.00 per litre,"SAVE *1 | Pepsi, Solo or Sunkist Soft | Drink 1.25 Litre | $2.00 per litre",96.75,True,unit_price_conflict;single_price_evidence,https://caau.syd1.cdn.digitaloceanspaces.com/wp-content/uploads/catalogue/coles/coles-catalogue-september-11-17-2024-vic-metro/21.jpg,https://www.catalogueau.com/coles/#catalogue=coles/coles-catalogue-september-11-17-2024-vic-metro/,displayed_price,displayed_price,1,review
Coles,VIC METRO,"Coles Catalogue September 11 - 17, 2024 VIC METRO",2024-09-11,2024-09-18,21,Mars Chocolate Fun Size 132g-192g or Skittles Fun Size 180g,8.0,12.0,4.0,33.33,save_amount,132g; 192g; 180g,,SAVE%4 | Mars Chocolate Fun Size | 132g-192g or Skittles | Fun Size 180g,95.7,True,single_price_evidence,https://caau.syd1.cdn.digitaloceanspaces.com/wp-content/uploads/catalogue/coles/coles-catalogue-september-11-17-2024-vic-metro/21.jpg,https://www.catalogueau.com/coles/#catalogue=coles/coles-catalogue-september-11-17-2024-vic-metro/,displayed_price,displayed_price,1,review
Coles,VIC METRO,"Coles Catalogue September 11 - 17, 2024 VIC METRO",2024-09-11,2024-09-18,21,"Coca-Cola, Fanta or Sprite Soft Drink or Mt",16.4,19.0,2.6,13.68,save_amount,,$3.04 per litre,"SAVE‘2.6 | WASSI9 | Coca-Cola, Fanta or | Sprite Soft Drink or Mt | Franklin Lightly Sparkling | Water 10x375mL | $3.04 per litre | VIC-METRO-1 109-24-284 856",95.96,True,single_price_evidence,https://caau.syd1.cdn.digitaloceanspaces.com/wp-content/uploads/catalogue/coles/coles-catalogue-september-11-17-2024-vic-metro/21.jpg,https://www.catalogueau.com/coles/#catalogue=coles/coles-catalogue-september-11-17-2024-vic-metro/,save_was_arithmetic,save_was_arithmetic,1,review
Coles,VIC METRO,"Coles Catalogue September 11 - 17, 2024 VIC METRO",2024-09-11,2024-09-18,21,Pepsi Max or Solo Soft Drink 24x375mL,20.9,34.85,13.95,40.03,save_amount,24x375mL,$2.32 per litre,SAVE 513.95 | WAS $34.85 | Pepsi Max or Solo Soft | Drink 24x375mL | $2.32 per litre | 21,94.73,False,,https://caau.syd1.cdn.digitaloceanspaces.com/wp-content/uploads/catalogue/coles/coles-catalogue-september-11-17-2024-vic-metro/21.jpg,https://www.catalogueau.com/coles/#catalogue=coles/coles-catalogue-september-11-17-2024-vic-metro/,save_was_arithmetic,displayed_price;save_was_arithmetic;unit_price,3,verified
Coles,VIC METRO,"Coles Catalogue September 11 - 17, 2024 VIC METRO",2024-09-11,2024-09-18,21,Frantelle Still Water 24x600mL,13.5,18.4,4.9,26.63,save_amount,24x600mL,$0.94 per litre,SAVE°4.90 | WASS18.40 | Frantelle Still Water | 24x600mL | xe | mi | $0.94 per litre | 21,79.0,True,low_name_confidence_strict;single_price_evidence,https://caau.syd1.cdn.digitaloceanspaces.com/wp-content/uploads/catalogue/coles/coles-catalogue-september-11-17-2024-vic-metro/21.jpg,https://www.catalogueau.com/coles/#catalogue=coles/coles-catalogue-september-11-17-2024-vic-metro/,save_was_arithmetic,save_was_arithmetic,1,review
Coles,VIC METRO,"Coles Catalogue September 11 - 17, 2024 VIC METRO",2024-09-11,2024-09-18,21,Monster Energy Drink 4x!,19.0,29.6,10.6,35.81,save_amount,,$4.95 per litre,SAVE ‘10.60 | Monster Energy Drink | 4x! | 4x500mL | $4.95 per litre,79.0,True,low_name_confidence_strict;single_price_evidence,https://caau.syd1.cdn.digitaloceanspaces.com/wp-content/uploads/catalogue/coles/coles-catalogue-september-11-17-2024-vic-metro/21.jpg,https://www.catalogueau.com/coles/#catalogue=coles/coles-catalogue-september-11-17-2024-vic-metro/,displayed_price,displayed_price,1,review
Coles,VIC METRO,"Coles Catalogue September 11 - 17, 2024 VIC METRO",2024-09-11,2024-09-18,22,Peckish White Rice Crackers 90g,1.25,2.5,1.25,50.0,half_price,90g,$1.39 per 100g,SAVE51.25 | WASS2.50 | Peckish White Rice Crackers 90g | $1.39 per 100g,95.63,True,single_price_evidence,https://caau.syd1.cdn.digitaloceanspaces.com/wp-content/uploads/catalogue/coles/coles-catalogue-september-11-17-2024-vic-metro/22.jpg,https://www.catalogueau.com/coles/#catalogue=coles/coles-catalogue-september-11-17-2024-vic-metro/,unit_price,unit_price,1,review
Coles,VIC METRO,"Coles Catalogue September 11 - 17, 2024 VIC METRO",2024-09-11,2024-09-18,22,Snakata Rice Snack Crackers 65g-100g,4.0,5.5,1.5,27.27,save_amount,65g; 100g,,SAVE1.50 | Snakata Rice Snack | Crackers 65g-100g,93.69,True,single_price_evidence,https://caau.syd1.cdn.digitaloceanspaces.com/wp-content/uploads/catalogue/coles/coles-catalogue-september-11-17-2024-vic-metro/22.jpg,https://www.catalogueau.com/coles/#catalogue=coles/coles-catalogue-september-11-17-2024-vic-metro/,displayed_price,displayed_price,1,review
Coles,VIC METRO,"Coles Catalogue September 11 - 17, 2024 VIC METRO",2024-09-11,2024-09-18,22,Eclipse Mints 40g,3.2,4.0,0.8,20.0,save_amount,40g,$8.00 per 100g,SAVE 80‘ | WASS4 | Eclipse Mints 40g | $8.00 per 100g,96.67,False,,https://caau.syd1.cdn.digitaloceanspaces.com/wp-content/uploads/catalogue/coles/coles-catalogue-september-11-17-2024-vic-metro/22.jpg,https://www.catalogueau.com/coles/#catalogue=coles/coles-catalogue-september-11-17-2024-vic-metro/,displayed_price,displayed_price;unit_price,2,verified
Coles,VIC METRO,"Coles Catalogue September 11 - 17, 2024 VIC METRO",2024-09-11,2024-09-18,22,Griffin's Marvels Biscuits 165g-200g,3.5,5.0,1.5,30.0,save_amount,165g; 200g,,SAVES1.50 | WASS$5 | Griffin's Marvels Biscuits | 165g-200g | —— | SS | 4,93.15,False,,https://caau.syd1.cdn.digitaloceanspaces.com/wp-content/uploads/catalogue/coles/coles-catalogue-september-11-17-2024-vic-metro/22.jpg,https://www.catalogueau.com/coles/#catalogue=coles/coles-catalogue-september-11-17-2024-vic-metro/,save_was_arithmetic,displayed_price;save_was_arithmetic,2,verified
Coles,VIC METRO,"Coles Catalogue September 11 - 17, 2024 VIC METRO",2024-09-11,2024-09-18,22,Lindt Lindor Gift Bag 121g-125g,8.0,10.0,2.0,20.0,save_amount,121g; 125g,,SAVES2 | WASS10 | Lindt Lindor Gift Bag | 121g-125g | PACKS | 4,92.31,False,,https://caau.syd1.cdn.digitaloceanspaces.com/wp-content/uploads/catalogue/coles/coles-catalogue-september-11-17-2024-vic-metro/22.jpg,https://www.catalogueau.com/coles/#catalogue=coles/coles-catalogue-september-11-17-2024-vic-metro/,save_was_arithmetic,displayed_price;save_was_arithmetic,2,verified
Coles,VIC METRO,"Coles Catalogue September 11 - 17, 2024 VIC METRO",2024-09-11,2024-09-18,22,Arnott's Savoy or Clix Crackers 225g-250g,3.0,4.0,1.0,25.0,save_amount,225g; 250g,,SAVE*1 | Arnott's Savoy or Clix | Crackers 225g-250g | 22,93.01,True,single_price_evidence,https://caau.syd1.cdn.digitaloceanspaces.com/wp-content/uploads/catalogue/coles/coles-catalogue-september-11-17-2024-vic-metro/22.jpg,https://www.catalogueau.com/coles/#catalogue=coles/coles-catalogue-september-11-17-2024-vic-metro/,displayed_price,displayed_price,1,review
Coles,VIC METRO,"Coles Catalogue September 11 - 17, 2024 VIC METRO",2024-09-11,2024-09-18,22,Amott's Milk Arrowroot or Marie Biscuits 250g,2.0,2.5,0.5,20.0,save_amount,250g,$0.80 per 100g,SAVE 50° | WASS$2.50 | Amott's Milk Arrowroot | or Marie Biscuits 250g | $0.80 per 100g | VIC-METRO-1 109-24-284 856,79.0,True,low_name_confidence_strict,https://caau.syd1.cdn.digitaloceanspaces.com/wp-content/uploads/catalogue/coles/coles-catalogue-september-11-17-2024-vic-metro/22.jpg,https://www.catalogueau.com/coles/#catalogue=coles/coles-catalogue-september-11-17-2024-vic-metro/,displayed_price,displayed_price;unit_price,2,review
Coles,VIC METRO,"Coles Catalogue September 11 - 17, 2024 VIC METRO",2024-09-11,2024-09-18,22,Arnott's Scotch Finger or Malt'o'Milk Biscuits 250g,2.5,3.3,0.8,24.24,save_amount,250g,$1.00 per 100g,SAVE 80° | WASS$3.30 | Arnott's Scotch Finger | or Malt'o'Milk Biscuits | 250g $1.00 per 100g | 22,79.0,True,low_name_confidence_strict;single_price_evidence,https://caau.syd1.cdn.digitaloceanspaces.com/wp-content/uploads/catalogue/coles/coles-catalogue-september-11-17-2024-vic-metro/22.jpg,https://www.catalogueau.com/coles/#catalogue=coles/coles-catalogue-september-11-17-2024-vic-metro/,unit_price,unit_price,1,review
Coles,VIC METRO,"Coles Catalogue September 11 - 17, 2024 VIC METRO",2024-09-11,2024-09-18,22,Cheezels or Parkers Pretzels 6 Pack or Grainwaves 5 Pack,7.0,8.0,1.0,12.5,save_amount,6 Pack; 5 Pack,,SAVE $1 | Cheezels or Parkers | Pretzels 6 Pack or | Grainwaves 5 Pack,94.81,True,single_price_evidence,https://caau.syd1.cdn.digitaloceanspaces.com/wp-content/uploads/catalogue/coles/coles-catalogue-september-11-17-2024-vic-metro/22.jpg,https://www.catalogueau.com/coles/#catalogue=coles/coles-catalogue-september-11-17-2024-vic-metro/,displayed_price,displayed_price,1,review
Coles,VIC METRO,"Coles Catalogue September 11 - 17, 2024 VIC METRO",2024-09-11,2024-09-18,22,Coles White Rice Crackers 100:,90.0,,,,everyday,,$0.90 per 100g,| | EVERY EVERY DAY DAY | | | Coles White Rice | Crackers 100: | $0.90 per 100g,96.33,True,single_price_evidence,https://caau.syd1.cdn.digitaloceanspaces.com/wp-content/uploads/catalogue/coles/coles-catalogue-september-11-17-2024-vic-metro/22.jpg,https://www.catalogueau.com/coles/#catalogue=coles/coles-catalogue-september-11-17-2024-vic-metro/,displayed_price,displayed_price,1,review
Coles,VIC METRO,"Coles Catalogue September 11 - 17, 2024 VIC METRO",2024-09-11,2024-09-18,23,Lipton Ice Tea 6x240mL,5.0,10.0,5.0,50.0,half_price,6x240mL,$3.47 per litre,SAVES5 | WASS10 | Lipton Ice Tea 6x240mL | $3.47 per litre,93.94,False,,https://caau.syd1.cdn.digitaloceanspaces.com/wp-content/uploads/catalogue/coles/coles-catalogue-september-11-17-2024-vic-metro/23.jpg,https://www.catalogueau.com/coles/#catalogue=coles/coles-catalogue-september-11-17-2024-vic-metro/,save_was_arithmetic,displayed_price;save_was_arithmetic;unit_price,3,verified
Coles,VIC METRO,"Coles Catalogue September 11 - 17, 2024 VIC METRO",2024-09-11,2024-09-18,23,Allpress Coffee 4x240mL,7.25,14.5,7.25,50.0,half_price,4x240mL,$7.55 per litre,SAVE‘7.25 | WASS$14.50 | Allpress Coffee 4x240mL | $7.55 per litre,92.16,False,,https://caau.syd1.cdn.digitaloceanspaces.com/wp-content/uploads/catalogue/coles/coles-catalogue-september-11-17-2024-vic-metro/23.jpg,https://www.catalogueau.com/coles/#catalogue=coles/coles-catalogue-september-11-17-2024-vic-metro/,save_was_arithmetic,save_was_arithmetic;unit_price,2,verified
Coles,VIC METRO,"Coles Catalogue September 11 - 17, 2024 VIC METRO",2024-09-11,2024-09-18,23,Red Bull Energy Drink 4x250mL,7.2,11.85,4.65,39.24,save_amount,4x250mL,$7.20 per litre,SAVES4.65 | WASS11.85 | Red Bull Energy Drink | 4x250mL $7.20 per litre | + J | i] | —— | case,94.44,False,,https://caau.syd1.cdn.digitaloceanspaces.com/wp-content/uploads/catalogue/coles/coles-catalogue-september-11-17-2024-vic-metro/23.jpg,https://www.catalogueau.com/coles/#catalogue=coles/coles-catalogue-september-11-17-2024-vic-metro/,save_was_arithmetic,displayed_price;save_was_arithmetic;unit_price,3,verified
Coles,VIC METRO,"Coles Catalogue September 11 - 17, 2024 VIC METRO",2024-09-11,2024-09-18,23,Coca-Cola Soft Drink 30x375mL,28.3,47.2,18.9,40.04,save_amount,30x375mL,$2.52 per litre,SAVE518.90 | WAS$47.20 | Coca-Cola Soft Drink | 30x375mL $2.52 per litre | = | = | = | =,95.03,True,single_price_evidence,https://caau.syd1.cdn.digitaloceanspaces.com/wp-content/uploads/catalogue/coles/coles-catalogue-september-11-17-2024-vic-metro/23.jpg,https://www.catalogueau.com/coles/#catalogue=coles/coles-catalogue-september-11-17-2024-vic-metro/,unknown,,0,review
Coles,VIC METRO,"Coles Catalogue September 11 - 17, 2024 VIC METRO",2024-09-11,2024-09-18,23,Kirks Soft Drink 1.25 Litre,350.0,351.9,1.9,0.54,save_amount,1.25 Litre,$1.40 per litre,SAVE‘1.90 | Kirks Soft Drink 1.25 Litre | $1.40 per litre,95.63,True,unit_price_conflict;single_price_evidence,https://caau.syd1.cdn.digitaloceanspaces.com/wp-content/uploads/catalogue/coles/coles-catalogue-september-11-17-2024-vic-metro/23.jpg,https://www.catalogueau.com/coles/#catalogue=coles/coles-catalogue-september-11-17-2024-vic-metro/,displayed_price,displayed_price,1,review
Coles,VIC METRO,"Coles Catalogue September 11 - 17, 2024 VIC METRO",2024-09-11,2024-09-18,23,"Coca-Cola, Fanta or Sprite Soft Drink",19.0,38.0,19.0,50.0,half_price,,$2.64 per litre,"SAVE‘19 | Coca-Cola, Fanta | or Sprite Soft Drink | 12x300mL $2.64 per litre | —— | case | —",96.24,True,single_price_evidence,https://caau.syd1.cdn.digitaloceanspaces.com/wp-content/uploads/catalogue/coles/coles-catalogue-september-11-17-2024-vic-metro/23.jpg,https://www.catalogueau.com/coles/#catalogue=coles/coles-catalogue-september-11-17-2024-vic-metro/,displayed_price,displayed_price,1,review
Coles,VIC METRO,"Coles Catalogue September 11 - 17, 2024 VIC METRO",2024-09-11,2024-09-18,23,Golden Circle Juice 2 Litre,3.0,4.8,1.8,37.5,save_amount,2 Litre,$1.50 per litre,"SAVE*1.80 | WAS$4.80 | Golden Circle Juice | 2 Litre $1.50 per litre. | Excludes Pineapple, | Grape, Orange and | Orange & Mango",95.84,False,,https://caau.syd1.cdn.digitaloceanspaces.com/wp-content/uploads/catalogue/coles/coles-catalogue-september-11-17-2024-vic-metro/23.jpg,https://www.catalogueau.com/coles/#catalogue=coles/coles-catalogue-september-11-17-2024-vic-metro/,save_was_arithmetic,save_was_arithmetic;unit_price,2,verified
Coles,VIC METRO,"Coles Catalogue September 11 - 17, 2024 VIC METRO",2024-09-11,2024-09-18,23,H2 Coco Coconut Water 1 Litre,3.0,4.0,1.0,25.0,save_amount,1 Litre,$3.00 per litre,"SAVE ""1 | WASS4 | H2 Coco Coconut Water | 1 Litre $3.00 per litre | VIC-METRO-1 109-24-284 856",95.49,False,,https://caau.syd1.cdn.digitaloceanspaces.com/wp-content/uploads/catalogue/coles/coles-catalogue-september-11-17-2024-vic-metro/23.jpg,https://www.catalogueau.com/coles/#catalogue=coles/coles-catalogue-september-11-17-2024-vic-metro/,save_was_arithmetic,displayed_price;save_was_arithmetic;unit_price,3,verified
Coles,VIC METRO,"Coles Catalogue September 11 - 17, 2024 VIC METRO",2024-09-11,2024-09-18,23,Bickford's Cordial 750mL,4.0,5.0,1.0,20.0,save_amount,750mL,$5.33 per litre,SAVE*1 | WASS5 | Bickford's Cordial | 750mL $5.33 per litre | 23,94.46,False,,https://caau.syd1.cdn.digitaloceanspaces.com/wp-content/uploads/catalogue/coles/coles-catalogue-september-11-17-2024-vic-metro/23.jpg,https://www.catalogueau.com/coles/#catalogue=coles/coles-catalogue-september-11-17-2024-vic-metro/,save_was_arithmetic,displayed_price;save_was_arithmetic;unit_price,3,verified
Coles,VIC METRO,"Coles Catalogue September 11 - 17, 2024 VIC METRO",2024-09-11,2024-09-18,23,Remedy Kombucha 4x250mL,5.5,9.5,4.0,42.11,save_amount,4x250mL,$5.50 per litre,SAVES4 | WASS$9.50 | Remedy Kombucha | 4x250mL $5.50 per litre | 23,93.28,False,,https://caau.syd1.cdn.digitaloceanspaces.com/wp-content/uploads/catalogue/coles/coles-catalogue-september-11-17-2024-vic-metro/23.jpg,https://www.catalogueau.com/coles/#catalogue=coles/coles-catalogue-september-11-17-2024-vic-metro/,save_was_arithmetic,displayed_price;save_was_arithmetic;unit_price,3,verified
Coles,VIC METRO,"Coles Catalogue September 11 - 17, 2024 VIC METRO",2024-09-11,2024-09-18,24,Green's Traditional Baking Mix 380g-470g or Pancake Shake 300g-375g,2.8,3.5,0.7,20.0,save_amount,380g; 470g; 300g; 375g,,WASS3.50 | WASS3.50 | Green's Traditional Baking Mix | 380g-470g or Pancake Shake | 300g-375g | [oi,94.13,True,single_price_evidence,https://caau.syd1.cdn.digitaloceanspaces.com/wp-content/uploads/catalogue/coles/coles-catalogue-september-11-17-2024-vic-metro/24.jpg,https://www.catalogueau.com/coles/#catalogue=coles/coles-catalogue-september-11-17-2024-vic-metro/,displayed_price,displayed_price,1,review
Coles,VIC METRO,"Coles Catalogue September 11 - 17, 2024 VIC METRO",2024-09-11,2024-09-18,24,Mutti Passata 700g,3.35,4.8,1.45,30.21,save_amount,700g,$0.48 per 100g,WASS4.80 | WASS4.80 | Mutti Passata 700g | $0.48 per 100g,91.54,True,single_price_evidence,https://caau.syd1.cdn.digitaloceanspaces.com/wp-content/uploads/catalogue/coles/coles-catalogue-september-11-17-2024-vic-metro/24.jpg,https://www.catalogueau.com/coles/#catalogue=coles/coles-catalogue-september-11-17-2024-vic-metro/,unit_price,unit_price,1,review
Coles,VIC METRO,"Coles Catalogue September 11 - 17, 2024 VIC METRO",2024-09-11,2024-09-18,24,Mutti Polpa Tomatoes 400g,1.6,2.3,0.7,30.43,save_amount,400g,,"WAS$2.30 | WAS$2.30 | Mutti Polpa Tomatoes 400g | $4,00 per kg",94.54,True,single_price_evidence,https://caau.syd1.cdn.digitaloceanspaces.com/wp-content/uploads/catalogue/coles/coles-catalogue-september-11-17-2024-vic-metro/24.jpg,https://www.catalogueau.com/coles/#catalogue=coles/coles-catalogue-september-11-17-2024-vic-metro/,displayed_price,displayed_price,1,review
Coles,VIC METRO,"Coles Catalogue September 11 - 17, 2024 VIC METRO",2024-09-11,2024-09-18,24,Hellmann's Real Mayonnaise 400g,6.0,750.0,744.0,99.2,save_amount,400g,$1.50 per 100g,WAS$750 | WAS$750 | Hellmann's Real Mayonnaise | per 100g | 400g $1.50 | 400g $1.50 per 100g | | Ll) LO LB | III SIV;,79.0,True,low_name_confidence_strict,https://caau.syd1.cdn.digitaloceanspaces.com/wp-content/uploads/catalogue/coles/coles-catalogue-september-11-17-2024-vic-metro/24.jpg,https://www.catalogueau.com/coles/#catalogue=coles/coles-catalogue-september-11-17-2024-vic-metro/,displayed_price,displayed_price;unit_price,2,review
Coles,VIC METRO,"Coles Catalogue September 11 - 17, 2024 VIC METRO",2024-09-11,2024-09-18,24,White Wings Plain or Self Raising Flour 1kg,2.5,3.4,0.9,26.47,save_amount,1kg,$2.50 per kg,WASS$3.40 | WASS$3.40 | White Wings Plain or Self Raising | Flour 1kg $2.50 per kg | 2nd week on sale | FI FIIIT TY | Vyyn | SE,94.56,True,single_price_evidence,https://caau.syd1.cdn.digitaloceanspaces.com/wp-content/uploads/catalogue/coles/coles-catalogue-september-11-17-2024-vic-metro/24.jpg,https://www.catalogueau.com/coles/#catalogue=coles/coles-catalogue-september-11-17-2024-vic-metro/,unit_price,unit_price,1,review
Coles,VIC METRO,"Coles Catalogue September 11 - 17, 2024 VIC METRO",2024-09-11,2024-09-18,24,Campbell's Real Stock 500mL,2.0,2.75,0.75,27.27,save_amount,500mL,$0.40 per 100mL,WASS2.75 | WASS2.75 | Campbell's Real Stock 500mL | $0.40 per 100mL | 2nd week on sale | SORT | AS AAA AAAS SESS | Ae AAAS,94.4,False,,https://caau.syd1.cdn.digitaloceanspaces.com/wp-content/uploads/catalogue/coles/coles-catalogue-september-11-17-2024-vic-metro/24.jpg,https://www.catalogueau.com/coles/#catalogue=coles/coles-catalogue-september-11-17-2024-vic-metro/,displayed_price,displayed_price;unit_price,2,verified
Coles,VIC METRO,"Coles Catalogue September 11 - 17, 2024 VIC METRO",2024-09-11,2024-09-18,25,Sandhurst Sandwich Stackers 500g,3.3,4.2,0.9,21.43,save_amount,500g,$6.60 per kg,SAVE 90° | WAS $4.20 | Sandhurst Sandwich | Stackers 500g | $6.60 per kg,96.36,True,single_price_evidence,https://caau.syd1.cdn.digitaloceanspaces.com/wp-content/uploads/catalogue/coles/coles-catalogue-september-11-17-2024-vic-metro/25.jpg,https://www.catalogueau.com/coles/#catalogue=coles/coles-catalogue-september-11-17-2024-vic-metro/,unit_price,unit_price,1,review
Coles,VIC METRO,"Coles Catalogue September 11 - 17, 2024 VIC METRO",2024-09-11,2024-09-18,25,Old El Paso Taco Sauce 200g,3.6,4.5,0.9,20.0,save_amount,200g,$1.80 per 100g,SAVE 90‘ | WASS4.50 | Old El Paso Taco Sauce | 200g $1.80 per 100g,96.17,False,,https://caau.syd1.cdn.digitaloceanspaces.com/wp-content/uploads/catalogue/coles/coles-catalogue-september-11-17-2024-vic-metro/25.jpg,https://www.catalogueau.com/coles/#catalogue=coles/coles-catalogue-september-11-17-2024-vic-metro/,displayed_price,displayed_price;unit_price,2,verified
Coles,VIC METRO,"Coles Catalogue September 11 - 17, 2024 VIC METRO",2024-09-11,2024-09-18,25,Sirena Tuna 95g,2.3,2.95,0.65,22.03,save_amount,95g,$24.21 per kg,SAVE 65° | WASS$2.95 | Sirena Tuna 95g | $24.21 per kg,94.77,True,single_price_evidence,https://caau.syd1.cdn.digitaloceanspaces.com/wp-content/uploads/catalogue/coles/coles-catalogue-september-11-17-2024-vic-metro/25.jpg,https://www.catalogueau.com/coles/#catalogue=coles/coles-catalogue-september-11-17-2024-vic-metro/,unit_price,unit_price,1,review
Coles,VIC METRO,"Coles Catalogue September 11 - 17, 2024 VIC METRO",2024-09-11,2024-09-18,25,SPC Baked Beans or Spaghetti 420g-425g,2.0,2.5,0.5,20.0,save_amount,420g; 425g,,SAVE50° | WASS$2.50 | SPC Baked Beans or | Spaghetti 420g-425g | marion’s,93.86,True,single_price_evidence,https://caau.syd1.cdn.digitaloceanspaces.com/wp-content/uploads/catalogue/coles/coles-catalogue-september-11-17-2024-vic-metro/25.jpg,https://www.catalogueau.com/coles/#catalogue=coles/coles-catalogue-september-11-17-2024-vic-metro/,displayed_price,displayed_price,1,review
Coles,VIC METRO,"Coles Catalogue September 11 - 17, 2024 VIC METRO",2024-09-11,2024-09-18,25,Hakubaku Organic Noodles 270g,3.0,4.0,1.0,25.0,save_amount,270g,$1.11 per 100g,SAVES1 | WASS4 | Hakubaku Organic | Noodles 270g | $1.11 per 100g | VIC-METRO-1 109-24-284856,95.4,False,,https://caau.syd1.cdn.digitaloceanspaces.com/wp-content/uploads/catalogue/coles/coles-catalogue-september-11-17-2024-vic-metro/25.jpg,https://www.catalogueau.com/coles/#catalogue=coles/coles-catalogue-september-11-17-2024-vic-metro/,save_was_arithmetic,displayed_price;save_was_arithmetic;unit_price,3,verified
Coles,VIC METRO,"Coles Catalogue September 11 - 17, 2024 VIC METRO",2024-09-11,2024-09-18,25,Marion's Kitchen Meal Kit 188g-419g,5.95,8.5,2.55,30.0,save_amount,188g; 419g,,SAVE'2.55 | WASS8.50 | Marion's Kitchen Meal | Kit 188g-419g | 2nd week on sale | 25,93.0,True,single_price_evidence,https://caau.syd1.cdn.digitaloceanspaces.com/wp-content/uploads/catalogue/coles/coles-catalogue-september-11-17-2024-vic-metro/25.jpg,https://www.catalogueau.com/coles/#catalogue=coles/coles-catalogue-september-11-17-2024-vic-metro/,save_was_arithmetic,save_was_arithmetic,1,review
Coles,VIC METRO,"Coles Catalogue September 11 - 17, 2024 VIC METRO",2024-09-11,2024-09-18,25,Kewpie Mayonnaise 300g,4.3,5.5,1.2,21.82,save_amount,300g,$1.43 per 100g,SAVE*1.20 | WASS5.50 | Kewpie Mayonnaise | 300g $1.43 per 100g | 25,95.24,False,,https://caau.syd1.cdn.digitaloceanspaces.com/wp-content/uploads/catalogue/coles/coles-catalogue-september-11-17-2024-vic-metro/25.jpg,https://www.catalogueau.com/coles/#catalogue=coles/coles-catalogue-september-11-17-2024-vic-metro/,save_was_arithmetic,save_was_arithmetic;unit_price,2,verified
Coles,VIC METRO,"Coles Catalogue September 11 - 17, 2024 VIC METRO",2024-09-11,2024-09-18,25,Sanitarium So Good Soy Milk 1 Litre,2.2,,,,special,1 Litre,$2.20 per litre,Sanitarium So Good Soy | Milk 1 Litre $2.20 per litre,96.39,False,,https://caau.syd1.cdn.digitaloceanspaces.com/wp-content/uploads/catalogue/coles/coles-catalogue-september-11-17-2024-vic-metro/25.jpg,https://www.catalogueau.com/coles/#catalogue=coles/coles-catalogue-september-11-17-2024-vic-metro/,displayed_price,displayed_price;unit_price,2,verified
Coles,VIC METRO,"Coles Catalogue September 11 - 17, 2024 VIC METRO",2024-09-11,2024-09-18,25,Indomie Instant Noodles 5 Pack 400g-425g,3.0,,,,special,5 Pack; 400g; 425g,,Indomie Instant Noodles 5 Pack | 400g-425g,79.0,True,offer_labels_missing;save_amount_missing;regular_price_missing;low_name_confidence_strict;single_price_evidence,https://caau.syd1.cdn.digitaloceanspaces.com/wp-content/uploads/catalogue/coles/coles-catalogue-september-11-17-2024-vic-metro/25.jpg,https://www.catalogueau.com/coles/#catalogue=coles/coles-catalogue-september-11-17-2024-vic-metro/,displayed_price,displayed_price,1,review
Coles,VIC METRO,"Coles Catalogue September 11 - 17, 2024 VIC METRO",2024-09-11,2024-09-18,25,Coles Traditional Mayonnaise 470g,4.0,,,,special,470g,$0.85 per 100g,Coles Traditional Mayonnaise | 470g $0.85 per 100g,95.9,False,,https://caau.syd1.cdn.digitaloceanspaces.com/wp-content/uploads/catalogue/coles/coles-catalogue-september-11-17-2024-vic-metro/25.jpg,https://www.catalogueau.com/coles/#catalogue=coles/coles-catalogue-september-11-17-2024-vic-metro/,displayed_price,displayed_price;unit_price,2,verified
Coles,VIC METRO,"Coles Catalogue September 11 - 17, 2024 VIC METRO",2024-09-11,2024-09-18,27,Vittoria Freeze Dried Instant Coffee 100g,7.5,12.5,5.0,40.0,save_amount,100g,$7.50 per 100g,WASS12.50 | WASS12.50 | Vittoria Freeze Dried Instant Coffee 100g | $7.50 per 100g. Excludes Decaf | 13,96.47,False,,https://caau.syd1.cdn.digitaloceanspaces.com/wp-content/uploads/catalogue/coles/coles-catalogue-september-11-17-2024-vic-metro/27.jpg,https://www.catalogueau.com/coles/#catalogue=coles/coles-catalogue-september-11-17-2024-vic-metro/,displayed_price,displayed_price;unit_price,2,verified
Coles,VIC METRO,"Coles Catalogue September 11 - 17, 2024 VIC METRO",2024-09-11,2024-09-18,27,Jordans Granola or Oat Clusters 500g-750g or Dorset Granola or Muesli 450g,4.0,9.0,5.0,55.56,save_amount,500g; 750g; 450g,,Jordans Granola or Oat Clusters 500g-750g | or Dorset Granola or Muesli 450g | t-Bi | Wee,95.16,True,offer_labels_missing;single_price_evidence,https://caau.syd1.cdn.digitaloceanspaces.com/wp-content/uploads/catalogue/coles/coles-catalogue-september-11-17-2024-vic-metro/27.jpg,https://www.catalogueau.com/coles/#catalogue=coles/coles-catalogue-september-11-17-2024-vic-metro/,unknown,,0,review
Coles,VIC METRO,"Coles Catalogue September 11 - 17, 2024 VIC METRO",2024-09-11,2024-09-18,27,Weet-Bix Bites 500g-510g ————————,4.0,6.0,2.0,33.33,save_amount,500g; 510g,,WASS6 | WASS6 | Weet-Bix Bites 500g-510g | ———————— | — | _ | sq,52.37,True,low_ocr_confidence;low_name_confidence_strict;single_price_evidence,https://caau.syd1.cdn.digitaloceanspaces.com/wp-content/uploads/catalogue/coles/coles-catalogue-september-11-17-2024-vic-metro/27.jpg,https://www.catalogueau.com/coles/#catalogue=coles/coles-catalogue-september-11-17-2024-vic-metro/,displayed_price,displayed_price,1,review
Coles,VIC METRO,"Coles Catalogue September 11 - 17, 2024 VIC METRO",2024-09-11,2024-09-18,27,Kellogg's Nutri Grain 290g,5.5,7.0,1.5,21.43,save_amount,290g,$1.90 per 100g,WASS7 | WASS7 | Kellogg's Nutri Grain | per 100g | 290g $1.90 | 290g $1.90 per 100g | = | ——,79.0,True,low_name_confidence_strict,https://caau.syd1.cdn.digitaloceanspaces.com/wp-content/uploads/catalogue/coles/coles-catalogue-september-11-17-2024-vic-metro/27.jpg,https://www.catalogueau.com/coles/#catalogue=coles/coles-catalogue-september-11-17-2024-vic-metro/,displayed_price,displayed_price;unit_price,2,review
Coles,VIC METRO,"Coles Catalogue September 11 - 17, 2024 VIC METRO",2024-09-11,2024-09-18,27,Carman's Nut or Muesli Bars 150g-270g,5.5,6.9,1.4,20.29,save_amount,150g; 270g,,‘WAS$6.90 | ‘WAS$6.90 | Carman's Nut or Muesli | Bars 150g-270g | = | vi,79.0,True,low_name_confidence_strict;single_price_evidence,https://caau.syd1.cdn.digitaloceanspaces.com/wp-content/uploads/catalogue/coles/coles-catalogue-september-11-17-2024-vic-metro/27.jpg,https://www.catalogueau.com/coles/#catalogue=coles/coles-catalogue-september-11-17-2024-vic-metro/,displayed_price,displayed_price,1,review
Coles,VIC METRO,"Coles Catalogue September 11 - 17, 2024 VIC METRO",2024-09-11,2024-09-18,27,Uncle Tobys Protein Rolled Oats 490g,4.0,5.0,1.0,20.0,save_amount,490g,$0.82 per 100g,WASS5 | WASS5 | Uncle Tobys Protein | Rolled Oats 490g | $0.82 per 100g | VIC-METRO-1 109-24-284 856,95.36,False,,https://caau.syd1.cdn.digitaloceanspaces.com/wp-content/uploads/catalogue/coles/coles-catalogue-september-11-17-2024-vic-metro/27.jpg,https://www.catalogueau.com/coles/#catalogue=coles/coles-catalogue-september-11-17-2024-vic-metro/,displayed_price,displayed_price;unit_price,2,verified
Coles,VIC METRO,"Coles Catalogue September 11 - 17, 2024 VIC METRO",2024-09-11,2024-09-18,27,Continental Cup a Soup 2 Serves 50g-75g,2.2,2.8,0.6,21.43,save_amount,50g; 75g,,WASS$2.80 | WASS$2.80 | Continental Cup a | Soup 2 Serves 50g-75g,94.77,True,single_price_evidence,https://caau.syd1.cdn.digitaloceanspaces.com/wp-content/uploads/catalogue/coles/coles-catalogue-september-11-17-2024-vic-metro/27.jpg,https://www.catalogueau.com/coles/#catalogue=coles/coles-catalogue-september-11-17-2024-vic-metro/,displayed_price,displayed_price,1,review
Coles,VIC METRO,"Coles Catalogue September 11 - 17, 2024 VIC METRO",2024-09-11,2024-09-18,27,Monini Extra Virgin Olive Oil 750mL,14.4,24.0,9.6,40.0,save_amount,750mL,$1.92 per 100mL,WAS$24 | WAS$24 | Monini Extra Virgin | Olive Oil 750mL | $1.92 per 100mL,94.05,True,single_price_evidence,https://caau.syd1.cdn.digitaloceanspaces.com/wp-content/uploads/catalogue/coles/coles-catalogue-september-11-17-2024-vic-metro/27.jpg,https://www.catalogueau.com/coles/#catalogue=coles/coles-catalogue-september-11-17-2024-vic-metro/,unit_price,unit_price,1,review
Coles,VIC METRO,"Coles Catalogue September 11 - 17, 2024 VIC METRO",2024-09-11,2024-09-18,28,Nescafé Blend 43 250g,8.4,16.8,8.4,50.0,half_price,250g,$3.36 per 100g,WASS16.80 | WASS16.80 | Nescafé Blend 43 250g | $3.36 per 100g | ~ | a | —,94.86,True,inferred_price_requires_review,https://caau.syd1.cdn.digitaloceanspaces.com/wp-content/uploads/catalogue/coles/coles-catalogue-september-11-17-2024-vic-metro/28.jpg,https://www.catalogueau.com/coles/#catalogue=coles/coles-catalogue-september-11-17-2024-vic-metro/,unit_price,page_discount;unit_price,1,review
Coles,VIC METRO,"Coles Catalogue September 11 - 17, 2024 VIC METRO",2024-09-11,2024-09-18,28,Twinings Tea Bags 80 Pack-100 Pack =e,6.75,13.5,6.75,50.0,half_price,80 Pack; 100 Pack,,WASS13.50 | WASS13.50 | Twinings Tea Bags 80 Pack-100 Pack | =e. | ea | ° | aa | fra,47.28,True,low_ocr_confidence;low_name_confidence_strict;inferred_price_requires_review,https://caau.syd1.cdn.digitaloceanspaces.com/wp-content/uploads/catalogue/coles/coles-catalogue-september-11-17-2024-vic-metro/28.jpg,https://www.catalogueau.com/coles/#catalogue=coles/coles-catalogue-september-11-17-2024-vic-metro/,displayed_price,displayed_price;page_discount,1,review
Coles,VIC METRO,"Coles Catalogue September 11 - 17, 2024 VIC METRO",2024-09-11,2024-09-18,28,Vittoria Espresso Coffee Beans or Ground 1kg,22.0,37.0,15.0,40.54,save_amount,1kg,$2.20 per 100g,WAS$37 | WAS$37 | Vittoria Espresso Coffee Beans | or Ground 1kg $2.20 per 100g,95.32,False,,https://caau.syd1.cdn.digitaloceanspaces.com/wp-content/uploads/catalogue/coles/coles-catalogue-september-11-17-2024-vic-metro/28.jpg,https://www.catalogueau.com/coles/#catalogue=coles/coles-catalogue-september-11-17-2024-vic-metro/,displayed_price,displayed_price;unit_price,2,verified
Coles,VIC METRO,"Coles Catalogue September 11 - 17, 2024 VIC METRO",2024-09-11,2024-09-18,28,Moccona Freeze Dried Instant Coffee 200g,13.5,19.5,6.0,30.77,save_amount,200g,$6.75 per 100g,WASS19.50 | WASS19.50 | Moccona Freeze Dried Instant | Coffee 200g $6.75 per 100g | — | <a | [oid,95.65,False,,https://caau.syd1.cdn.digitaloceanspaces.com/wp-content/uploads/catalogue/coles/coles-catalogue-september-11-17-2024-vic-metro/28.jpg,https://www.catalogueau.com/coles/#catalogue=coles/coles-catalogue-september-11-17-2024-vic-metro/,displayed_price,displayed_price;unit_price,2,verified
Coles,VIC METRO,"Coles Catalogue September 11 - 17, 2024 VIC METRO",2024-09-11,2024-09-18,28,Moccona Specialty Blend Instant Coffee 200g,14.35,20.5,6.15,30.0,save_amount,200g,$7.18 per 100g,‘WAS§20.50 | ‘WAS§20.50 | Moccona Specialty Blend | Instant Coffee 200g $7.18 per 100g | = | aa] | MOURISHING EKEROY | [oid,95.89,True,single_price_evidence,https://caau.syd1.cdn.digitaloceanspaces.com/wp-content/uploads/catalogue/coles/coles-catalogue-september-11-17-2024-vic-metro/28.jpg,https://www.catalogueau.com/coles/#catalogue=coles/coles-catalogue-september-11-17-2024-vic-metro/,unit_price,unit_price,1,review
Coles,VIC METRO,"Coles Catalogue September 11 - 17, 2024 VIC METRO",2024-09-11,2024-09-18,28,Grinders Coffee Beans Tkg,17.5,35.0,17.5,50.0,half_price,,$2.45 per 100g,WAS$35 | WAS$35 | Grinders Coffee Beans | Tkg $2.45 per 100g,95.45,True,inferred_price_requires_review,https://caau.syd1.cdn.digitaloceanspaces.com/wp-content/uploads/catalogue/coles/coles-catalogue-september-11-17-2024-vic-metro/28.jpg,https://www.catalogueau.com/coles/#catalogue=coles/coles-catalogue-september-11-17-2024-vic-metro/,page_discount_inference,page_discount,0,review
Coles,VIC METRO,"Coles Catalogue September 11 - 17, 2024 VIC METRO",2024-09-11,2024-09-18,28,Lavazza A Modo Mio Coffee Capsules 16 Pack,9.45,13.5,4.05,30.0,save_amount,16 Pack,$0.59 per each,WASS13.50 | WASS13.50 | Lavazza A Modo Mio | Coffee Capsules | 16 Pack $0.59 per each,96.33,True,single_price_evidence,https://caau.syd1.cdn.digitaloceanspaces.com/wp-content/uploads/catalogue/coles/coles-catalogue-september-11-17-2024-vic-metro/28.jpg,https://www.catalogueau.com/coles/#catalogue=coles/coles-catalogue-september-11-17-2024-vic-metro/,unknown,,0,review
Coles,VIC METRO,"Coles Catalogue September 11 - 17, 2024 VIC METRO",2024-09-11,2024-09-18,28,Nestlé Milo 395g-460g,4.9,9.8,4.9,50.0,half_price,395g; 460g,,WAS$9.80 | WAS$9.80 | Nestlé Milo 395g-460g,93.05,True,inferred_price_requires_review,https://caau.syd1.cdn.digitaloceanspaces.com/wp-content/uploads/catalogue/coles/coles-catalogue-september-11-17-2024-vic-metro/28.jpg,https://www.catalogueau.com/coles/#catalogue=coles/coles-catalogue-september-11-17-2024-vic-metro/,page_discount_inference,page_discount,0,review
Coles,VIC METRO,"Coles Catalogue September 11 - 17, 2024 VIC METRO",2024-09-11,2024-09-18,28,Nestlé Milo Softpack 650g,9.5,,,,special,650g,$1.46 per 100g,Nestlé Milo Softpack | 650g $1.46 per 100g,92.3,False,,https://caau.syd1.cdn.digitaloceanspaces.com/wp-content/uploads/catalogue/coles/coles-catalogue-september-11-17-2024-vic-metro/28.jpg,https://www.catalogueau.com/coles/#catalogue=coles/coles-catalogue-september-11-17-2024-vic-metro/,displayed_price,displayed_price;unit_price,2,verified
Coles,VIC METRO,"Coles Catalogue September 11 - 17, 2024 VIC METRO",2024-09-11,2024-09-18,29,Naturopathica Fat Blaster Weight Loss Shake 465g,14.0,28.0,14.0,50.0,half_price,465g,$3.01 per 100g,WAS$28 | WAS$28 | Naturopathica Fat Blaster Weight Loss | Shake 465g $3.01 per 100g,95.87,False,,https://caau.syd1.cdn.digitaloceanspaces.com/wp-content/uploads/catalogue/coles/coles-catalogue-september-11-17-2024-vic-metro/29.jpg,https://www.catalogueau.com/coles/#catalogue=coles/coles-catalogue-september-11-17-2024-vic-metro/,displayed_price,displayed_price;page_discount;unit_price,2,verified
Coles,VIC METRO,"Coles Catalogue September 11 - 17, 2024 VIC METRO",2024-09-11,2024-09-18,29,BC Snacks High Protein Bar 40g,1.75,3.5,1.75,50.0,half_price,40g,$4.38 per 100g,WAS$3.50 | WAS$3.50 | BC Snacks High Protein Bar 40g | $4.38 per 100g | ian ane |,96.22,False,,https://caau.syd1.cdn.digitaloceanspaces.com/wp-content/uploads/catalogue/coles/coles-catalogue-september-11-17-2024-vic-metro/29.jpg,https://www.catalogueau.com/coles/#catalogue=coles/coles-catalogue-september-11-17-2024-vic-metro/,displayed_price,displayed_price;page_discount;unit_price,2,verified
Coles,VIC METRO,"Coles Catalogue September 11 - 17, 2024 VIC METRO",2024-09-11,2024-09-18,29,Bega Simply Nuts Smooth or Crunchy Peanut Butter 325g,4.4,5.5,1.1,20.0,save_amount,325g,$1.35 per 100g,WAS$5.50 | WAS$5.50 | Bega Simply Nuts Smooth or | Crunchy Peanut Butter 325g | $1.35 per 100g,95.37,True,single_price_evidence,https://caau.syd1.cdn.digitaloceanspaces.com/wp-content/uploads/catalogue/coles/coles-catalogue-september-11-17-2024-vic-metro/29.jpg,https://www.catalogueau.com/coles/#catalogue=coles/coles-catalogue-september-11-17-2024-vic-metro/,unit_price,unit_price,1,review
Coles,VIC METRO,"Coles Catalogue September 11 - 17, 2024 VIC METRO",2024-09-11,2024-09-18,29,Nutella Hazelnut Chocolate Spread 750g,7.7,11.0,3.3,30.0,save_amount,750g,$1.03 per 100g,WASS11 | WASS11 | Nutella Hazelnut Chocolate | Spread 750g $1.03 per 100g,93.59,False,,https://caau.syd1.cdn.digitaloceanspaces.com/wp-content/uploads/catalogue/coles/coles-catalogue-september-11-17-2024-vic-metro/29.jpg,https://www.catalogueau.com/coles/#catalogue=coles/coles-catalogue-september-11-17-2024-vic-metro/,displayed_price,displayed_price;unit_price,2,verified
Coles,VIC METRO,"Coles Catalogue September 11 - 17, 2024 VIC METRO",2024-09-11,2024-09-18,29,Oatly Barista Oat Milk 1 Litre,4.4,5.5,1.1,20.0,save_amount,1 Litre,$4.40 per litre,WASS5.50 | WASS5.50 | Oatly Barista Oat Milk 1 Litre | $4.40 per litre,95.13,False,,https://caau.syd1.cdn.digitaloceanspaces.com/wp-content/uploads/catalogue/coles/coles-catalogue-september-11-17-2024-vic-metro/29.jpg,https://www.catalogueau.com/coles/#catalogue=coles/coles-catalogue-september-11-17-2024-vic-metro/,displayed_price,displayed_price;unit_price,2,verified
Coles,VIC METRO,"Coles Catalogue September 11 - 17, 2024 VIC METRO",2024-09-11,2024-09-18,29,John West Salmon Tempters 95g,1.65,3.3,1.65,50.0,half_price,95g,,WASS3.30 | WASS3.30 | John West Salmon Tempters 95g | $27.37 pet kg | Catalos | special,94.03,True,inferred_price_requires_review,https://caau.syd1.cdn.digitaloceanspaces.com/wp-content/uploads/catalogue/coles/coles-catalogue-september-11-17-2024-vic-metro/29.jpg,https://www.catalogueau.com/coles/#catalogue=coles/coles-catalogue-september-11-17-2024-vic-metro/,page_discount_inference,page_discount,0,review
Coles,VIC METRO,"Coles Catalogue September 11 - 17, 2024 VIC METRO",2024-09-11,2024-09-18,29,Australia's Own Organic Almond Milk 1 Litre,2.3,3.1,0.8,25.81,save_amount,1 Litre,$2.30 per litre,"WAS$3.10 | WAS$3.10 | Australia's Own Organic Almond | Milk 1 Litre $2.30 per litre | Catalogue on sale Wed 11th Sep until Tue 17th Sep 2024 or until Tue 24th Sep where indicated. Selected | specials commenced Wed 4th Sep. Promotional prices commence 7am Wednesday and may commence or extend | beyond the advertised date. Promotional products and prices are not available on DoorDash, UberEats or at Coles Express, and",96.39,True,single_price_evidence,https://caau.syd1.cdn.digitaloceanspaces.com/wp-content/uploads/catalogue/coles/coles-catalogue-september-11-17-2024-vic-metro/29.jpg,https://www.catalogueau.com/coles/#catalogue=coles/coles-catalogue-september-11-17-2024-vic-metro/,unit_price,unit_price,1,review
Coles,VIC METRO,"Coles Catalogue September 11 - 17, 2024 VIC METRO",2024-09-11,2024-09-18,29,Uncle Tobys Protein Muesli Bars 175g,4.7,6.7,2.0,29.85,save_amount,175g,$2.69 per 100g,WASS6.70 | WASS6.70 | Uncle Tobys Protein Muesli Bars | 175g $2.69 per 100g,94.99,True,single_price_evidence,https://caau.syd1.cdn.digitaloceanspaces.com/wp-content/uploads/catalogue/coles/coles-catalogue-september-11-17-2024-vic-metro/29.jpg,https://www.catalogueau.com/coles/#catalogue=coles/coles-catalogue-september-11-17-2024-vic-metro/,unit_price,unit_price,1,review
Coles,VIC METRO,"Coles Catalogue September 11 - 17, 2024 VIC METRO",2024-09-11,2024-09-18,31,Coles PerForm Elite Plant High Protein Powder Vanilla 500g,31.0,,,,everyday,500g,$6.20 per 100g,EVERY DAY | Coles PerForm Elite Plant High | Protein Powder Vanilla 500g | $6.20 per 100g,95.82,False,,https://caau.syd1.cdn.digitaloceanspaces.com/wp-content/uploads/catalogue/coles/coles-catalogue-september-11-17-2024-vic-metro/31.jpg,https://www.catalogueau.com/coles/#catalogue=coles/coles-catalogue-september-11-17-2024-vic-metro/,displayed_price,displayed_price;unit_price,2,verified
Coles,VIC METRO,"Coles Catalogue September 11 - 17, 2024 VIC METRO",2024-09-11,2024-09-18,31,Coles PerForm Elite High Protein Bar 60g,4.0,,,,everyday,60g,$6.67 per 100g,EVERY DAY | Coles PerForm Elite High | Protein Bar 60g | $6.67 per 100g,95.49,False,,https://caau.syd1.cdn.digitaloceanspaces.com/wp-content/uploads/catalogue/coles/coles-catalogue-september-11-17-2024-vic-metro/31.jpg,https://www.catalogueau.com/coles/#catalogue=coles/coles-catalogue-september-11-17-2024-vic-metro/,displayed_price,displayed_price;unit_price,2,verified
Coles,VIC METRO,"Coles Catalogue September 11 - 17, 2024 VIC METRO",2024-09-11,2024-09-18,31,Coles PerForm Elite Whey High Protein Powder Chocolate 500g,36.0,,,,everyday,500g,$7.20 per 100g,Coles PerForm Elite Whey High | Protein Powder Chocolate 500g | $7.20 per 100g,95.59,False,,https://caau.syd1.cdn.digitaloceanspaces.com/wp-content/uploads/catalogue/coles/coles-catalogue-september-11-17-2024-vic-metro/31.jpg,https://www.catalogueau.com/coles/#catalogue=coles/coles-catalogue-september-11-17-2024-vic-metro/,displayed_price,displayed_price;unit_price,2,verified
Coles,VIC METRO,"Coles Catalogue September 11 - 17, 2024 VIC METRO",2024-09-11,2024-09-18,32,25 Degrees South Ravioli 325g,4.5,9.0,4.5,50.0,half_price,325g,$1.38 per 100g,SAVE%4.50 | 25 Degrees South Ravioli 325g | $1.38 per 100g,96.38,False,,https://caau.syd1.cdn.digitaloceanspaces.com/wp-content/uploads/catalogue/coles/coles-catalogue-september-11-17-2024-vic-metro/32.jpg,https://www.catalogueau.com/coles/#catalogue=coles/coles-catalogue-september-11-17-2024-vic-metro/,displayed_price,displayed_price;unit_price,2,verified
Coles,VIC METRO,"Coles Catalogue September 11 - 17, 2024 VIC METRO",2024-09-11,2024-09-18,32,Youfoodz Fuel'd Meal 400-444;,10.8,12.0,1.2,10.0,save_amount,,,SAVE*1.20 | WASS12 | Youfoodz Fuel'd Meal | 400-444; | i,64.68,True,low_name_confidence_strict;single_price_evidence,https://caau.syd1.cdn.digitaloceanspaces.com/wp-content/uploads/catalogue/coles/coles-catalogue-september-11-17-2024-vic-metro/32.jpg,https://www.catalogueau.com/coles/#catalogue=coles/coles-catalogue-september-11-17-2024-vic-metro/,save_was_arithmetic,save_was_arithmetic,1,review
Coles,VIC METRO,"Coles Catalogue September 11 - 17, 2024 VIC METRO",2024-09-11,2024-09-18,32,Latina Filled Pasta 375g,5.5,8.0,2.5,31.25,save_amount,375g,$1.47 per 100g,SAVE%2.50 | Latina Filled Pasta | 375g $1.47 per 100g | 020g,96.22,False,,https://caau.syd1.cdn.digitaloceanspaces.com/wp-content/uploads/catalogue/coles/coles-catalogue-september-11-17-2024-vic-metro/32.jpg,https://www.catalogueau.com/coles/#catalogue=coles/coles-catalogue-september-11-17-2024-vic-metro/,displayed_price,displayed_price;unit_price,2,verified
Coles,VIC METRO,"Coles Catalogue September 11 - 17, 2024 VIC METRO",2024-09-11,2024-09-18,32,La Famiglia Garlic Bread Slices 270g,4.0,6.5,2.5,38.46,save_amount,270g,$1.48 per 100g,SAVES2.50 | WASS$6.50 | La Famiglia Garlic | Bread Slices 270g | $1.48 per 100g | = | |,96.46,False,,https://caau.syd1.cdn.digitaloceanspaces.com/wp-content/uploads/catalogue/coles/coles-catalogue-september-11-17-2024-vic-metro/32.jpg,https://www.catalogueau.com/coles/#catalogue=coles/coles-catalogue-september-11-17-2024-vic-metro/,save_was_arithmetic,save_was_arithmetic;unit_price,2,verified
Coles,VIC METRO,"Coles Catalogue September 11 - 17, 2024 VIC METRO",2024-09-11,2024-09-18,32,Primo Rindless Short Cut Bacon 750g,12.5,16.8,4.3,25.6,save_amount,750g,$16.67 per kg,SAVE%4.30 | WASS16.80 | Primo Rindless Short | Cut Bacon 750g | $16.67 per kg | |,94.79,False,,https://caau.syd1.cdn.digitaloceanspaces.com/wp-content/uploads/catalogue/coles/coles-catalogue-september-11-17-2024-vic-metro/32.jpg,https://www.catalogueau.com/coles/#catalogue=coles/coles-catalogue-september-11-17-2024-vic-metro/,save_was_arithmetic,displayed_price;save_was_arithmetic;unit_price,3,verified
Coles,VIC METRO,"Coles Catalogue September 11 - 17, 2024 VIC METRO",2024-09-11,2024-09-18,32,Latina Pasta Sauce 425g,5.5,7.5,2.0,26.67,save_amount,425g,$1.29 per 100,WASS$7.50 | WASS$7.50 | Latina Pasta Sauce 425g | $1.29 per 100 | On sale for 2 weeks,96.58,True,single_price_evidence,https://caau.syd1.cdn.digitaloceanspaces.com/wp-content/uploads/catalogue/coles/coles-catalogue-september-11-17-2024-vic-metro/32.jpg,https://www.catalogueau.com/coles/#catalogue=coles/coles-catalogue-september-11-17-2024-vic-metro/,unit_price,unit_price,1,review
Coles,VIC METRO,"Coles Catalogue September 11 - 17, 2024 VIC METRO",2024-09-11,2024-09-18,32,Ice Break Flavoured Milk 500mL,3.0,4.1,1.1,26.83,save_amount,500mL,$6.00 per litre,SAVE51.10 | WASS4.10 | Ice Break Flavoured Milk | 500mL $6.00 per litre,95.46,False,,https://caau.syd1.cdn.digitaloceanspaces.com/wp-content/uploads/catalogue/coles/coles-catalogue-september-11-17-2024-vic-metro/32.jpg,https://www.catalogueau.com/coles/#catalogue=coles/coles-catalogue-september-11-17-2024-vic-metro/,displayed_price,displayed_price;unit_price,2,verified
Coles,VIC METRO,"Coles Catalogue September 11 - 17, 2024 VIC METRO",2024-09-11,2024-09-18,32,Don Deli Cuts 80g-100g VIC-METRO-1 109-24-284856,3.3,4.3,1.0,23.26,save_amount,80g; 100g,,SAVES1 | WASS4.30 | Don Deli Cuts 80g-100g | VIC-METRO-1 109-24-284856,88.72,False,,https://caau.syd1.cdn.digitaloceanspaces.com/wp-content/uploads/catalogue/coles/coles-catalogue-september-11-17-2024-vic-metro/32.jpg,https://www.catalogueau.com/coles/#catalogue=coles/coles-catalogue-september-11-17-2024-vic-metro/,save_was_arithmetic,displayed_price;save_was_arithmetic,2,verified
Coles,VIC METRO,"Coles Catalogue September 11 - 17, 2024 VIC METRO",2024-09-11,2024-09-18,32,Dare Flavoured Milk 750mL,4.2,5.25,1.05,20.0,save_amount,750mL,$5.60 per litre,SAVES1.05 | WASS5.25 | Dare Flavoured Milk | 750mL $5.60 per litre | 32,95.9,False,,https://caau.syd1.cdn.digitaloceanspaces.com/wp-content/uploads/catalogue/coles/coles-catalogue-september-11-17-2024-vic-metro/32.jpg,https://www.catalogueau.com/coles/#catalogue=coles/coles-catalogue-september-11-17-2024-vic-metro/,save_was_arithmetic,save_was_arithmetic;unit_price,2,verified
Coles,VIC METRO,"Coles Catalogue September 11 - 17, 2024 VIC METRO",2024-09-11,2024-09-18,32,Primo Sliced Meats 80g-100g,2.0,3.2,1.2,37.5,save_amount,80g; 100g,,SAVE $1.20 | Primo Sliced Meats | 80g-100g | 2nd week on sale | 32,79.0,True,low_name_confidence_strict;single_price_evidence,https://caau.syd1.cdn.digitaloceanspaces.com/wp-content/uploads/catalogue/coles/coles-catalogue-september-11-17-2024-vic-metro/32.jpg,https://www.catalogueau.com/coles/#catalogue=coles/coles-catalogue-september-11-17-2024-vic-metro/,displayed_price,displayed_price,1,review
Coles,VIC METRO,"Coles Catalogue September 11 - 17, 2024 VIC METRO",2024-09-11,2024-09-18,33,MeadowLea Dairy 500,4.0,5.0,1.0,20.0,save_amount,,$0.80 per 100g,SAVES1 | WASS5 | MeadowLea Dairy 500 | $0.80 per 100g. On sale for 2 weeks,93.12,False,,https://caau.syd1.cdn.digitaloceanspaces.com/wp-content/uploads/catalogue/coles/coles-catalogue-september-11-17-2024-vic-metro/33.jpg,https://www.catalogueau.com/coles/#catalogue=coles/coles-catalogue-september-11-17-2024-vic-metro/,save_was_arithmetic,displayed_price;save_was_arithmetic,2,verified
Coles,VIC METRO,"Coles Catalogue September 11 - 17, 2024 VIC METRO",2024-09-11,2024-09-18,33,Devondale Butter 250g,4.2,5.3,1.1,20.75,save_amount,250g,$1.68 per 100g,SAVE*1.10 | WASS5.30 | Devondale Butter 250g | $1.68 | $1.68 per 100g | SSS,94.51,False,,https://caau.syd1.cdn.digitaloceanspaces.com/wp-content/uploads/catalogue/coles/coles-catalogue-september-11-17-2024-vic-metro/33.jpg,https://www.catalogueau.com/coles/#catalogue=coles/coles-catalogue-september-11-17-2024-vic-metro/,save_was_arithmetic,save_was_arithmetic;unit_price,2,verified
Coles,VIC METRO,"Coles Catalogue September 11 - 17, 2024 VIC METRO",2024-09-11,2024-09-18,33,Flora ProActiv 250g,3.95,5.75,1.8,31.3,save_amount,250g,$1.58 per 100g,SAVES1.80 | WASS5.75 | Flora ProActiv 250g | $1.58 per 100g,93.57,False,,https://caau.syd1.cdn.digitaloceanspaces.com/wp-content/uploads/catalogue/coles/coles-catalogue-september-11-17-2024-vic-metro/33.jpg,https://www.catalogueau.com/coles/#catalogue=coles/coles-catalogue-september-11-17-2024-vic-metro/,save_was_arithmetic,displayed_price;save_was_arithmetic;unit_price,3,verified
Coles,VIC METRO,"Coles Catalogue September 11 - 17, 2024 VIC METRO",2024-09-11,2024-09-18,33,Mainland Buttersoft 375g,6.8,8.0,1.2,15.0,save_amount,375g,$1.81 per 100g,SAVES1.20 | Mainland Buttersoft 375g | $1.81 per 100g | @ y,93.1,False,,https://caau.syd1.cdn.digitaloceanspaces.com/wp-content/uploads/catalogue/coles/coles-catalogue-september-11-17-2024-vic-metro/33.jpg,https://www.catalogueau.com/coles/#catalogue=coles/coles-catalogue-september-11-17-2024-vic-metro/,displayed_price,displayed_price;unit_price,2,verified
Coles,VIC METRO,"Coles Catalogue September 11 - 17, 2024 VIC METRO",2024-09-11,2024-09-18,33,Flora Margarine 1kg,6.5,8.95,2.45,27.37,save_amount,1kg,$0.65 per 100g,SAVES2.45 | WASS8.95 | Flora Margarine 1kg | $0.65 per 100g,88.0,False,,https://caau.syd1.cdn.digitaloceanspaces.com/wp-content/uploads/catalogue/coles/coles-catalogue-september-11-17-2024-vic-metro/33.jpg,https://www.catalogueau.com/coles/#catalogue=coles/coles-catalogue-september-11-17-2024-vic-metro/,save_was_arithmetic,displayed_price;save_was_arithmetic;unit_price,3,verified
Coles,VIC METRO,"Coles Catalogue September 11 - 17, 2024 VIC METRO",2024-09-11,2024-09-18,33,La Casa Del Formaggio Bocconcini 220g,6.0,,,,special,220g,$27.27 per kg,La Casa Del Formaggio Bocconcini | 220g $27.27 per kg | = | ip.,94.25,False,,https://caau.syd1.cdn.digitaloceanspaces.com/wp-content/uploads/catalogue/coles/coles-catalogue-september-11-17-2024-vic-metro/33.jpg,https://www.catalogueau.com/coles/#catalogue=coles/coles-catalogue-september-11-17-2024-vic-metro/,displayed_price,displayed_price;unit_price,2,verified
Coles,VIC METRO,"Coles Catalogue September 11 - 17, 2024 VIC METRO",2024-09-11,2024-09-18,33,Coles Simply Regular Spread 1kg,3.0,,,,special,1kg,$0.30 per 100g,Coles Simply Regular Spread 1kg | $0.30 per 100g | VIC-METRO-1 109-24-284 856,95.25,False,,https://caau.syd1.cdn.digitaloceanspaces.com/wp-content/uploads/catalogue/coles/coles-catalogue-september-11-17-2024-vic-metro/33.jpg,https://www.catalogueau.com/coles/#catalogue=coles/coles-catalogue-september-11-17-2024-vic-metro/,displayed_price,displayed_price;unit_price,2,verified
Coles,VIC METRO,"Coles Catalogue September 11 - 17, 2024 VIC METRO",2024-09-11,2024-09-18,33,Coles Simply Sandwich Slices 24 Pack 500g,4.51,,,,special,24 Pack; 500g,$9.20 per kg,Coles Simply Sandwich Slices | 24 Pack 500g $9.20 per kg | 33,96.36,True,single_price_evidence,https://caau.syd1.cdn.digitaloceanspaces.com/wp-content/uploads/catalogue/coles/coles-catalogue-september-11-17-2024-vic-metro/33.jpg,https://www.catalogueau.com/coles/#catalogue=coles/coles-catalogue-september-11-17-2024-vic-metro/,unit_price,unit_price,1,review
Coles,VIC METRO,"Coles Catalogue September 11 - 17, 2024 VIC METRO",2024-09-11,2024-09-18,34,Dairy Farmers Thick & Creamy Yoghurt 140g or 150g,1.3,2.6,1.3,50.0,half_price,140g; 150g,,SAVE51.30 | WASS2.60 | Dairy Farmers Thick & Creamy Yoghurt | 140g or 150g | =,96.07,True,single_price_evidence,https://caau.syd1.cdn.digitaloceanspaces.com/wp-content/uploads/catalogue/coles/coles-catalogue-september-11-17-2024-vic-metro/34.jpg,https://www.catalogueau.com/coles/#catalogue=coles/coles-catalogue-september-11-17-2024-vic-metro/,displayed_price,displayed_price,1,review
Coles,VIC METRO,"Coles Catalogue September 11 - 17, 2024 VIC METRO",2024-09-11,2024-09-18,34,Nudie Juice 2 Litre,7.0,8.0,1.0,12.5,save_amount,2 Litre,$3.50 per litre,SAVE*1 | WASS$8 | Nudie Juice 2 Litre | $3.50 per litre. Excludes Orange Juice | 7,95.85,False,,https://caau.syd1.cdn.digitaloceanspaces.com/wp-content/uploads/catalogue/coles/coles-catalogue-september-11-17-2024-vic-metro/34.jpg,https://www.catalogueau.com/coles/#catalogue=coles/coles-catalogue-september-11-17-2024-vic-metro/,save_was_arithmetic,displayed_price;save_was_arithmetic;unit_price,3,verified
Coles,VIC METRO,"Coles Catalogue September 11 - 17, 2024 VIC METRO",2024-09-11,2024-09-18,34,Tamar Valley Dairy Greek Style Yoghurt 1kg,6.0,8.0,2.0,25.0,save_amount,1kg,$0.60 per 100g,SAVE 2 | WASS8 | Tamar Valley Dairy Greek Style | Yoghurt 1kg $0.60 per 100g | i | ——.,94.72,False,,https://caau.syd1.cdn.digitaloceanspaces.com/wp-content/uploads/catalogue/coles/coles-catalogue-september-11-17-2024-vic-metro/34.jpg,https://www.catalogueau.com/coles/#catalogue=coles/coles-catalogue-september-11-17-2024-vic-metro/,save_was_arithmetic,displayed_price;save_was_arithmetic;unit_price,3,verified
Coles,VIC METRO,"Coles Catalogue September 11 - 17, 2024 VIC METRO",2024-09-11,2024-09-18,34,Danone Ultimate Yoghurt 4x115g,3.45,5.75,2.3,40.0,save_amount,4x115g,$0.75 per 100g,SAVE2.30 | WASS$5.75 | Danone Ultimate Yoghurt 4x115g | $0.75 per 100g,94.0,False,,https://caau.syd1.cdn.digitaloceanspaces.com/wp-content/uploads/catalogue/coles/coles-catalogue-september-11-17-2024-vic-metro/34.jpg,https://www.catalogueau.com/coles/#catalogue=coles/coles-catalogue-september-11-17-2024-vic-metro/,save_was_arithmetic,displayed_price;save_was_arithmetic;unit_price,3,verified
Coles,VIC METRO,"Coles Catalogue September 11 - 17, 2024 VIC METRO",2024-09-11,2024-09-18,34,Danone YoPro Protein Yoghurt Pouch 150g,2.2,3.0,0.8,26.67,save_amount,150g,$1.47 per 100g,SAVE 80°‘ | WASS3 | Danone YoPro Protein Yoghurt | Pouch 150g $1.47 per 100g | —— SE!,95.61,True,single_price_evidence,https://caau.syd1.cdn.digitaloceanspaces.com/wp-content/uploads/catalogue/coles/coles-catalogue-september-11-17-2024-vic-metro/34.jpg,https://www.catalogueau.com/coles/#catalogue=coles/coles-catalogue-september-11-17-2024-vic-metro/,unit_price,unit_price,1,review
Coles,VIC METRO,"Coles Catalogue September 11 - 17, 2024 VIC METRO",2024-09-11,2024-09-18,34,Tamar Valley Dairy The Creamery Yoghurt 700g,6.0,7.5,1.5,20.0,save_amount,700g,$0.86 per 100g,SAVE51.50 | WAS$7.50 | Tamar Valley Dairy The | Creamery Yoghurt 700g | $0.86 per 100g. Excludes | Vanilla Bean,96.12,False,,https://caau.syd1.cdn.digitaloceanspaces.com/wp-content/uploads/catalogue/coles/coles-catalogue-september-11-17-2024-vic-metro/34.jpg,https://www.catalogueau.com/coles/#catalogue=coles/coles-catalogue-september-11-17-2024-vic-metro/,displayed_price,displayed_price;unit_price,2,verified
Coles,VIC METRO,"Coles Catalogue September 11 - 17, 2024 VIC METRO",2024-09-11,2024-09-18,34,Chobani Greek Yogurt 907g,6.3,7.9,1.6,20.25,save_amount,907g,$0.69 per 100g,SAVE*1.60 | WAS$7.90 | Chobani Greek Yogurt | 907g $0.69 per 100g | VIC-METRO-1 109-24-284856,95.81,False,,https://caau.syd1.cdn.digitaloceanspaces.com/wp-content/uploads/catalogue/coles/coles-catalogue-september-11-17-2024-vic-metro/34.jpg,https://www.catalogueau.com/coles/#catalogue=coles/coles-catalogue-september-11-17-2024-vic-metro/,save_was_arithmetic,save_was_arithmetic;unit_price,2,verified
Coles,VIC METRO,"Coles Catalogue September 11 - 17, 2024 VIC METRO",2024-09-11,2024-09-18,34,Pauls Custard Pouch 70g,1.5,1.9,0.4,21.05,save_amount,70g,$2.14 per 100g,SAVE 40°‘ | WASS1.90 | Pauls Custard Pouch | 70g $2.14 per 100g | 34,96.56,True,single_price_evidence,https://caau.syd1.cdn.digitaloceanspaces.com/wp-content/uploads/catalogue/coles/coles-catalogue-september-11-17-2024-vic-metro/34.jpg,https://www.catalogueau.com/coles/#catalogue=coles/coles-catalogue-september-11-17-2024-vic-metro/,unit_price,unit_price,1,review
Coles,VIC METRO,"Coles Catalogue September 11 - 17, 2024 VIC METRO",2024-09-11,2024-09-18,34,SAVE51.30 Dairy Farmers Thick & Creamy Yoghurt,30.0,,,,special,,,SAVE51.30 | Dairy Farmers Thick & Creamy Yoghurt | 140g or 150g,70.65,True,offer_labels_missing;save_amount_missing;regular_price_missing;low_name_confidence_strict;single_price_evidence,https://caau.syd1.cdn.digitaloceanspaces.com/wp-content/uploads/catalogue/coles/coles-catalogue-september-11-17-2024-vic-metro/34.jpg,https://www.catalogueau.com/coles/#catalogue=coles/coles-catalogue-september-11-17-2024-vic-metro/,displayed_price,displayed_price,1,review
Coles,VIC METRO,"Coles Catalogue September 11 - 17, 2024 VIC METRO",2024-09-11,2024-09-18,34,Coles Squeezie Yoghurt 70g,0.75,,,,special,70g,$1.07 per 100g,Coles Squeezie Yoghurt | 70g $1.07 per 100g,95.19,True,single_price_evidence,https://caau.syd1.cdn.digitaloceanspaces.com/wp-content/uploads/catalogue/coles/coles-catalogue-september-11-17-2024-vic-metro/34.jpg,https://www.catalogueau.com/coles/#catalogue=coles/coles-catalogue-september-11-17-2024-vic-metro/,unit_price,unit_price,1,review
Coles,VIC METRO,"Coles Catalogue September 11 - 17, 2024 VIC METRO",2024-09-11,2024-09-18,35,Mil Lel Parmesan Cheese Block 250g,7.85,10.45,2.6,24.88,save_amount,250g,$31.40 per kg,WASS10.45 | WASS10.45 | Mil Lel Parmesan Cheese Block | 250g $31.40 per kg,95.96,False,,https://caau.syd1.cdn.digitaloceanspaces.com/wp-content/uploads/catalogue/coles/coles-catalogue-september-11-17-2024-vic-metro/35.jpg,https://www.catalogueau.com/coles/#catalogue=coles/coles-catalogue-september-11-17-2024-vic-metro/,displayed_price,displayed_price;unit_price,2,verified
Coles,VIC METRO,"Coles Catalogue September 11 - 17, 2024 VIC METRO",2024-09-11,2024-09-18,35,"Bega Cheese Block, Slices or Grated 250g",6.0,750.0,744.0,99.2,save_amount,250g,$24.00 per kg,"WAS$750 | WAS$750 | Bega Cheese Block, Slices or | Grated 250g $24.00 per kg | Ve",96.27,False,,https://caau.syd1.cdn.digitaloceanspaces.com/wp-content/uploads/catalogue/coles/coles-catalogue-september-11-17-2024-vic-metro/35.jpg,https://www.catalogueau.com/coles/#catalogue=coles/coles-catalogue-september-11-17-2024-vic-metro/,displayed_price,displayed_price;unit_price,2,verified
Coles,VIC METRO,"Coles Catalogue September 11 - 17, 2024 VIC METRO",2024-09-11,2024-09-18,35,The Laughing Cow Cheese Portions 128g,3.7,5.0,1.3,26.0,save_amount,128g,$28.91 per kg,WASS5 | WASS5 | The Laughing Cow | Cheese Portions 128g | $28.91 per kg. | On sale for 2 weeks,96.38,False,,https://caau.syd1.cdn.digitaloceanspaces.com/wp-content/uploads/catalogue/coles/coles-catalogue-september-11-17-2024-vic-metro/35.jpg,https://www.catalogueau.com/coles/#catalogue=coles/coles-catalogue-september-11-17-2024-vic-metro/,displayed_price,displayed_price;unit_price,2,verified
Coles,VIC METRO,"Coles Catalogue September 11 - 17, 2024 VIC METRO",2024-09-11,2024-09-18,35,Tasmanian Heritage Triple Cream Brie 125g,5.65,750.0,744.35,99.25,save_amount,125g,$45.20 per kg,"‘WAS$750 | ‘WAS$750 | Tasmanian Heritage | Triple Cream Brie 125g | $45.20 per kg | Coles Group acknowledges the Traditional Custodians of Country throughout Australia | We recognise their strength and pay our respect fo Elders past, present and emerging",96.38,True,single_price_evidence,https://caau.syd1.cdn.digitaloceanspaces.com/wp-content/uploads/catalogue/coles/coles-catalogue-september-11-17-2024-vic-metro/35.jpg,https://www.catalogueau.com/coles/#catalogue=coles/coles-catalogue-september-11-17-2024-vic-metro/,unit_price,unit_price,1,review
Coles,VIC METRO,"Coles Catalogue September 11 - 17, 2024 VIC METRO",2024-09-11,2024-09-18,35,Mersey Valley Cheese 180g,6.2,8.65,2.45,28.32,save_amount,180g,$34.44 per kg,WASS8.65 | WASS8.65 | Mersey Valley Cheese | 180g $34.44 per kg,96.21,True,single_price_evidence,https://caau.syd1.cdn.digitaloceanspaces.com/wp-content/uploads/catalogue/coles/coles-catalogue-september-11-17-2024-vic-metro/35.jpg,https://www.catalogueau.com/coles/#catalogue=coles/coles-catalogue-september-11-17-2024-vic-metro/,unit_price,unit_price,1,review
Coles,VIC METRO,"Coles Catalogue September 11 - 17, 2024 VIC METRO",2024-09-11,2024-09-18,35,Dodoni Greek Feta 400g,15.0,18.5,3.5,18.92,save_amount,400g,$37.50 per kg,"WASS18.50 | WASS18.50 | Dodoni Greek Feta 400g | $37.50 per kg. | On sale for 2 weeks | 2&3, | i Se.",94.99,False,,https://caau.syd1.cdn.digitaloceanspaces.com/wp-content/uploads/catalogue/coles/coles-catalogue-september-11-17-2024-vic-metro/35.jpg,https://www.catalogueau.com/coles/#catalogue=coles/coles-catalogue-september-11-17-2024-vic-metro/,displayed_price,displayed_price;unit_price,2,verified
Coles,VIC METRO,"Coles Catalogue September 11 - 17, 2024 VIC METRO",2024-09-11,2024-09-18,35,"Little Entertainers Mersey Valley, Tasmanian Heritage or South Cape Cheese 80g",4.0,,,,special,80g,$50.00 per kg,"Little Entertainers Mersey Valley, | Tasmanian Heritage or South | Cape Cheese 80g $50.00 per kg",96.01,True,offer_labels_missing;save_amount_missing;regular_price_missing;inferred_price_requires_review,https://caau.syd1.cdn.digitaloceanspaces.com/wp-content/uploads/catalogue/coles/coles-catalogue-september-11-17-2024-vic-metro/35.jpg,https://www.catalogueau.com/coles/#catalogue=coles/coles-catalogue-september-11-17-2024-vic-metro/,unit_price,grid_inference;unit_price,1,review
Coles,VIC METRO,"Coles Catalogue September 11 - 17, 2024 VIC METRO",2024-09-11,2024-09-18,35,Cheer Cheese Slices 750g,14.0,,,,everyday,750g,$18.67 per kg,Cheer Cheese Slices 750g | $18.67 per kg,96.4,False,,https://caau.syd1.cdn.digitaloceanspaces.com/wp-content/uploads/catalogue/coles/coles-catalogue-september-11-17-2024-vic-metro/35.jpg,https://www.catalogueau.com/coles/#catalogue=coles/coles-catalogue-september-11-17-2024-vic-metro/,displayed_price,displayed_price;unit_price,2,verified
Coles,VIC METRO,"Coles Catalogue September 11 - 17, 2024 VIC METRO",2024-09-11,2024-09-18,35,Devondale Cheese Shredded 750g,13.5,,,,everyday,750g,$18.00 per kg,Devondale Cheese Shredded | 750g $18.00 per kg,95.56,False,,https://caau.syd1.cdn.digitaloceanspaces.com/wp-content/uploads/catalogue/coles/coles-catalogue-september-11-17-2024-vic-metro/35.jpg,https://www.catalogueau.com/coles/#catalogue=coles/coles-catalogue-september-11-17-2024-vic-metro/,displayed_price,displayed_price;unit_price,2,verified
Coles,VIC METRO,"Coles Catalogue September 11 - 17, 2024 VIC METRO",2024-09-11,2024-09-18,36,Coco Earth Chicken Tikka Masala or Smoky Butter Chicken 400g,6.0,12.0,6.0,50.0,half_price,400g,$1.50 per 100g,SAVE*6 | WASS12 | Coco Earth Chicken Tikka Masala or | Smoky Butter Chicken 400g $1.50 per 100g | [So | ) | 5,96.34,False,,https://caau.syd1.cdn.digitaloceanspaces.com/wp-content/uploads/catalogue/coles/coles-catalogue-september-11-17-2024-vic-metro/36.jpg,https://www.catalogueau.com/coles/#catalogue=coles/coles-catalogue-september-11-17-2024-vic-metro/,save_was_arithmetic,displayed_price;save_was_arithmetic;unit_price,3,verified
Coles,VIC METRO,"Coles Catalogue September 11 - 17, 2024 VIC METRO",2024-09-11,2024-09-18,36,Bulla Multi Packs 8 Pack-14 Pack 400mL-750mL,4.25,8.5,4.25,50.0,half_price,8 Pack; 14 Pack; 400mL; 750mL,,SAVE%4.25 | ‘WAS$8.50 | Bulla Multi Packs 8 Pack-14 Pack | 400mL-750mL | ij Se | ~ | i | j,79.0,True,low_name_confidence_strict;single_price_evidence,https://caau.syd1.cdn.digitaloceanspaces.com/wp-content/uploads/catalogue/coles/coles-catalogue-september-11-17-2024-vic-metro/36.jpg,https://www.catalogueau.com/coles/#catalogue=coles/coles-catalogue-september-11-17-2024-vic-metro/,save_was_arithmetic,save_was_arithmetic,1,review
Coles,VIC METRO,"Coles Catalogue September 11 - 17, 2024 VIC METRO",2024-09-11,2024-09-18,36,On The Menu Big Feast Meal,6.4,8.0,1.6,20.0,save_amount,,$1.33 per 100g,SAVE*1.60 | WASS8 | On The Menu Big Feast | Meal | $1.33 per 100g,79.0,True,low_name_confidence_strict,https://caau.syd1.cdn.digitaloceanspaces.com/wp-content/uploads/catalogue/coles/coles-catalogue-september-11-17-2024-vic-metro/36.jpg,https://www.catalogueau.com/coles/#catalogue=coles/coles-catalogue-september-11-17-2024-vic-metro/,save_was_arithmetic,displayed_price;save_was_arithmetic,2,review
Coles,VIC METRO,"Coles Catalogue September 11 - 17, 2024 VIC METRO",2024-09-11,2024-09-18,36,On The Menu Entrée Meal 260,2.7,4.5,1.8,40.0,save_amount,,$1.04 per 100g,SAVE51.80 | WASS4.50 | On The Menu Entrée | Meal 260 | $1.04 per 100g,92.49,True,single_price_evidence,https://caau.syd1.cdn.digitaloceanspaces.com/wp-content/uploads/catalogue/coles/coles-catalogue-september-11-17-2024-vic-metro/36.jpg,https://www.catalogueau.com/coles/#catalogue=coles/coles-catalogue-september-11-17-2024-vic-metro/,displayed_price,displayed_price,1,review
Coles,VIC METRO,"Coles Catalogue September 11 - 17, 2024 VIC METRO",2024-09-11,2024-09-18,36,Birds Eye Steamfresh Fish 380g,8.0,10.0,2.0,20.0,save_amount,380g,$21.05 per kg,SAVES2 | WASS10 | Birds Eye Steamfresh Fish | 380g $21.05 per kg,95.27,False,,https://caau.syd1.cdn.digitaloceanspaces.com/wp-content/uploads/catalogue/coles/coles-catalogue-september-11-17-2024-vic-metro/36.jpg,https://www.catalogueau.com/coles/#catalogue=coles/coles-catalogue-september-11-17-2024-vic-metro/,save_was_arithmetic,save_was_arithmetic;unit_price,2,verified
Coles,VIC METRO,"Coles Catalogue September 11 - 17, 2024 VIC METRO",2024-09-11,2024-09-18,36,Lean Cuisine Dinner Meal 375g,5.6,7.0,1.4,20.0,save_amount,375g,$1.49 per 100g,SAVE $1.40 | Lean Cuisine Dinner | Meal 375g | $1.49 per 100g,96.24,True,single_price_evidence,https://caau.syd1.cdn.digitaloceanspaces.com/wp-content/uploads/catalogue/coles/coles-catalogue-september-11-17-2024-vic-metro/36.jpg,https://www.catalogueau.com/coles/#catalogue=coles/coles-catalogue-september-11-17-2024-vic-metro/,unit_price,unit_price,1,review
Coles,VIC METRO,"Coles Catalogue September 11 - 17, 2024 VIC METRO",2024-09-11,2024-09-18,36,Pickers Mini Italian Herb Mozzarella Sticks,6.0,7.5,1.5,20.0,save_amount,,$2.61 per 100g,SAVES1.50 | WAS$7.50 | Pickers Mini Italian | Herb Mozzarella Sticks | or Nacho Cheese | Traingles 230g | $2.61 per 100g | 36,95.99,False,,https://caau.syd1.cdn.digitaloceanspaces.com/wp-content/uploads/catalogue/coles/coles-catalogue-september-11-17-2024-vic-metro/36.jpg,https://www.catalogueau.com/coles/#catalogue=coles/coles-catalogue-september-11-17-2024-vic-metro/,save_was_arithmetic,displayed_price;save_was_arithmetic,2,verified
Coles,VIC METRO,"Coles Catalogue September 11 - 17, 2024 VIC METRO",2024-09-11,2024-09-18,36,1&J Raw Prawns Tail On or Off 500g,18.0,24.0,6.0,25.0,save_amount,500g,$36.00 per kg,SAVES6 | WAS$24 | 1&J Raw Prawns Tail On or | Off 500g $36.00 per kg | VIC-METRO-1 109-24-284 856,96.23,False,,https://caau.syd1.cdn.digitaloceanspaces.com/wp-content/uploads/catalogue/coles/coles-catalogue-september-11-17-2024-vic-metro/36.jpg,https://www.catalogueau.com/coles/#catalogue=coles/coles-catalogue-september-11-17-2024-vic-metro/,save_was_arithmetic,displayed_price;save_was_arithmetic;unit_price,3,verified
Coles,VIC METRO,"Coles Catalogue September 11 - 17, 2024 VIC METRO",2024-09-11,2024-09-18,36,Yumi's Dip 200g,3.15,4.5,1.35,30.0,save_amount,200g,$1.58 per 100g,SAVE51.35 | WASS4.50 | Yumi's Dip 200g | $1.58 per 100g | 36,94.26,False,,https://caau.syd1.cdn.digitaloceanspaces.com/wp-content/uploads/catalogue/coles/coles-catalogue-september-11-17-2024-vic-metro/36.jpg,https://www.catalogueau.com/coles/#catalogue=coles/coles-catalogue-september-11-17-2024-vic-metro/,displayed_price,displayed_price;unit_price,2,verified
Coles,VIC METRO,"Coles Catalogue September 11 - 17, 2024 VIC METRO",2024-09-11,2024-09-18,36,Red Rock Deli Dip 135g,4.0,5.0,1.0,20.0,save_amount,135g,$2.96 per 100g,SAVES1 | WASS5 | Red Rock Deli Dip 135g | $2.96 per 100g,96.56,False,,https://caau.syd1.cdn.digitaloceanspaces.com/wp-content/uploads/catalogue/coles/coles-catalogue-september-11-17-2024-vic-metro/36.jpg,https://www.catalogueau.com/coles/#catalogue=coles/coles-catalogue-september-11-17-2024-vic-metro/,save_was_arithmetic,displayed_price;save_was_arithmetic;unit_price,3,verified
Coles,VIC METRO,"Coles Catalogue September 11 - 17, 2024 VIC METRO",2024-09-11,2024-09-18,37,Streets Calippo Multi Pack 575mL or Cyclone Multi Pack 688mL 2nd week,7.0,9.0,2.0,22.22,save_amount,575mL; 688mL,,WASS9 | WASS9 | Streets Calippo Multi Pack 575mL or Cyclone | Multi Pack 688mL 2nd week on sale | Slats | > | & | ele,93.59,True,single_price_evidence,https://caau.syd1.cdn.digitaloceanspaces.com/wp-content/uploads/catalogue/coles/coles-catalogue-september-11-17-2024-vic-metro/37.jpg,https://www.catalogueau.com/coles/#catalogue=coles/coles-catalogue-september-11-17-2024-vic-metro/,displayed_price,displayed_price,1,review
Coles,VIC METRO,"Coles Catalogue September 11 - 17, 2024 VIC METRO",2024-09-11,2024-09-18,37,Peters Connoisseur 1 Litre,9.0,12.0,3.0,25.0,save_amount,1 Litre,$0.90 per 100mL,WASS12 | WASS12 | Peters Connoisseur 1 Litre | $0.90 per 100mL,96.01,False,,https://caau.syd1.cdn.digitaloceanspaces.com/wp-content/uploads/catalogue/coles/coles-catalogue-september-11-17-2024-vic-metro/37.jpg,https://www.catalogueau.com/coles/#catalogue=coles/coles-catalogue-september-11-17-2024-vic-metro/,displayed_price,displayed_price;unit_price,2,verified
Coles,VIC METRO,"Coles Catalogue September 11 - 17, 2024 VIC METRO",2024-09-11,2024-09-18,37,Ben & Jerry's Tubs 427mL-465mL,10.0,14.5,4.5,31.03,save_amount,427mL; 465mL,,WASS14.50 | WASS14.50 | Ben & Jerry's Tubs 427mL-465mL,92.92,True,single_price_evidence,https://caau.syd1.cdn.digitaloceanspaces.com/wp-content/uploads/catalogue/coles/coles-catalogue-september-11-17-2024-vic-metro/37.jpg,https://www.catalogueau.com/coles/#catalogue=coles/coles-catalogue-september-11-17-2024-vic-metro/,displayed_price,displayed_price,1,review
Coles,VIC METRO,"Coles Catalogue September 11 - 17, 2024 VIC METRO",2024-09-11,2024-09-18,37,Peters Original 4 Litre,7.5,10.9,3.4,31.19,save_amount,4 Litre,$0.19 per 100mL,WASS10.90 | WASS10.90 | Peters Original 4 Litre | $0.19 per 100mL,96.36,True,single_price_evidence,https://caau.syd1.cdn.digitaloceanspaces.com/wp-content/uploads/catalogue/coles/coles-catalogue-september-11-17-2024-vic-metro/37.jpg,https://www.catalogueau.com/coles/#catalogue=coles/coles-catalogue-september-11-17-2024-vic-metro/,displayed_price,displayed_price,1,review
Coles,VIC METRO,"Coles Catalogue September 11 - 17, 2024 VIC METRO",2024-09-11,2024-09-18,38,Libra Body Fit Regular or Super Tampons 16 Pack,2.15,4.3,2.15,50.0,half_price,16 Pack,$0.13 per each,SAVES2.15 | WAS$4.30 | Libra Body Fit Regular or | Super Tampons 16 Pack | $0.13 per each,95.44,False,,https://caau.syd1.cdn.digitaloceanspaces.com/wp-content/uploads/catalogue/coles/coles-catalogue-september-11-17-2024-vic-metro/38.jpg,https://www.catalogueau.com/coles/#catalogue=coles/coles-catalogue-september-11-17-2024-vic-metro/,save_was_arithmetic,displayed_price;save_was_arithmetic,2,verified
Coles,VIC METRO,"Coles Catalogue September 11 - 17, 2024 VIC METRO",2024-09-11,2024-09-18,38,Tena Plus Night Pants 12 Pack,15.3,21.9,6.6,30.14,save_amount,12 Pack,$1.28 per each,SAVE%6.60 | WASS21.90 | Tena Plus Night Pants | 12 Pack $1.28 per each,96.61,True,single_price_evidence,https://caau.syd1.cdn.digitaloceanspaces.com/wp-content/uploads/catalogue/coles/coles-catalogue-september-11-17-2024-vic-metro/38.jpg,https://www.catalogueau.com/coles/#catalogue=coles/coles-catalogue-september-11-17-2024-vic-metro/,save_was_arithmetic,save_was_arithmetic,1,review
Coles,VIC METRO,"Coles Catalogue September 11 - 17, 2024 VIC METRO",2024-09-11,2024-09-18,38,Tena Continence Extra Long Liners 24 Pack,3.85,5.5,1.65,30.0,save_amount,24 Pack,$0.16 per each,SAVES1.65 | WASS$5.50 | Tena Continence Extra | Long Liners 24 Pack | $0.16 per each,96.37,False,,https://caau.syd1.cdn.digitaloceanspaces.com/wp-content/uploads/catalogue/coles/coles-catalogue-september-11-17-2024-vic-metro/38.jpg,https://www.catalogueau.com/coles/#catalogue=coles/coles-catalogue-september-11-17-2024-vic-metro/,save_was_arithmetic,displayed_price;save_was_arithmetic,2,verified
Coles,VIC METRO,"Coles Catalogue September 11 - 17, 2024 VIC METRO",2024-09-11,2024-09-18,38,Bonds Women's Damn Dry Midi Underwear 1 Pack,11.0,22.0,11.0,50.0,half_price,1 Pack,,SAVEST1 | WAS$22 | Bonds Women's Damn | Dry Midi Underwear | 1 Pack,95.98,True,single_price_evidence,https://caau.syd1.cdn.digitaloceanspaces.com/wp-content/uploads/catalogue/coles/coles-catalogue-september-11-17-2024-vic-metro/38.jpg,https://www.catalogueau.com/coles/#catalogue=coles/coles-catalogue-september-11-17-2024-vic-metro/,displayed_price,displayed_price,1,review
Coles,VIC METRO,"Coles Catalogue September 11 - 17, 2024 VIC METRO",2024-09-11,2024-09-18,38,BabyLove Bulk Nappy Pants 22 Pack-28 Pack,12.0,20.0,8.0,40.0,save_amount,22 Pack; 28 Pack,,SAVES8 | WAS$20 | BabyLove Bulk Nappy | Pants 22 Pack-28 Pack | =,94.64,False,,https://caau.syd1.cdn.digitaloceanspaces.com/wp-content/uploads/catalogue/coles/coles-catalogue-september-11-17-2024-vic-metro/38.jpg,https://www.catalogueau.com/coles/#catalogue=coles/coles-catalogue-september-11-17-2024-vic-metro/,save_was_arithmetic,displayed_price;save_was_arithmetic,2,verified
Coles,VIC METRO,"Coles Catalogue September 11 - 17, 2024 VIC METRO",2024-09-11,2024-09-18,38,Gaia Natural Baby Sleeptime Bath or Hair & Body Wash 500mL,10.2,17.0,6.8,40.0,save_amount,500mL,$2.04 per 100mL,SAVES6.80 | WASS17 | Gaia Natural Baby | Sleeptime Bath or Hair | & Body Wash 500mL | $2.04 per 100mL | VIC-METRO-1 109-24-284 856,94.83,False,,https://caau.syd1.cdn.digitaloceanspaces.com/wp-content/uploads/catalogue/coles/coles-catalogue-september-11-17-2024-vic-metro/38.jpg,https://www.catalogueau.com/coles/#catalogue=coles/coles-catalogue-september-11-17-2024-vic-metro/,save_was_arithmetic,displayed_price;save_was_arithmetic;unit_price,3,verified
Coles,VIC METRO,"Coles Catalogue September 11 - 17, 2024 VIC METRO",2024-09-11,2024-09-18,38,Little Bellies Organic Strawberry Pick-Up Sticks 7+ Months 16g,3.0,3.75,0.75,20.0,save_amount,16g,$18.75 per 100g,"SAVE 75° | WAS$3.75 | Little Bellies Organic | Strawberry Pick-Up | Sticks 7+ Months 16g | $18.75 per 100g | TExcludes Down Down, Every Day & clearance items | 38",96.07,False,,https://caau.syd1.cdn.digitaloceanspaces.com/wp-content/uploads/catalogue/coles/coles-catalogue-september-11-17-2024-vic-metro/38.jpg,https://www.catalogueau.com/coles/#catalogue=coles/coles-catalogue-september-11-17-2024-vic-metro/,displayed_price,displayed_price;unit_price,2,verified
Coles,VIC METRO,"Coles Catalogue September 11 - 17, 2024 VIC METRO",2024-09-11,2024-09-18,38,Bellamy's Organic Toddler Milk Drink,32.4,36.0,3.6,10.0,save_amount,,$3.60 per 100g,"SAVE3.60 | WAS$36 | Bellamy's Organic | Toddler Milk Drink | Stage 3 900 | $3.60 per 100g | TExcludes Down Down, Every Day & clearance items | 38",95.11,True,single_price_evidence,https://caau.syd1.cdn.digitaloceanspaces.com/wp-content/uploads/catalogue/coles/coles-catalogue-september-11-17-2024-vic-metro/38.jpg,https://www.catalogueau.com/coles/#catalogue=coles/coles-catalogue-september-11-17-2024-vic-metro/,save_was_arithmetic,save_was_arithmetic,1,review
Coles,VIC METRO,"Coles Catalogue September 11 - 17, 2024 VIC METRO",2024-09-11,2024-09-18,38,"Rafferty's Garden 4 Months+, 6 Months+",1.8,2.15,0.35,16.28,save_amount,,$1.50 per 100g,"SAVE 35° | WASS2.15 | Rafferty's Garden | 4 Months+, 6 Months+ | or 8 Months+ Baby Food | Pouch 120g $1.50 per 100g",92.58,True,single_price_evidence,https://caau.syd1.cdn.digitaloceanspaces.com/wp-content/uploads/catalogue/coles/coles-catalogue-september-11-17-2024-vic-metro/38.jpg,https://www.catalogueau.com/coles/#catalogue=coles/coles-catalogue-september-11-17-2024-vic-metro/,displayed_price,displayed_price,1,review
Coles,VIC METRO,"Coles Catalogue September 11 - 17, 2024 VIC METRO",2024-09-11,2024-09-18,38,Libra Extra Long Pads with Wings Goodnights or Maternity 10 Pack,2.5,,,,special,10 Pack,$0.25 per each,Libra Extra Long Pads with Wings | Goodnights or Maternity 10 Pack | $0.25 per each | “tan,94.84,True,single_price_evidence,https://caau.syd1.cdn.digitaloceanspaces.com/wp-content/uploads/catalogue/coles/coles-catalogue-september-11-17-2024-vic-metro/38.jpg,https://www.catalogueau.com/coles/#catalogue=coles/coles-catalogue-september-11-17-2024-vic-metro/,unit_price,unit_price,1,review
Coles,VIC METRO,"Coles Catalogue September 11 - 17, 2024 VIC METRO",2024-09-11,2024-09-18,38,Libra Extra Pads with Wings Regular 14 Pack or Super 12 Pack,2.5,,,,special,14 Pack; 12 Pack,,Libra Extra Pads with Wings | Regular 14 Pack or Super | 12 Pack | SSS | ———,96.21,True,offer_labels_missing;save_amount_missing;regular_price_missing;single_price_evidence,https://caau.syd1.cdn.digitaloceanspaces.com/wp-content/uploads/catalogue/coles/coles-catalogue-september-11-17-2024-vic-metro/38.jpg,https://www.catalogueau.com/coles/#catalogue=coles/coles-catalogue-september-11-17-2024-vic-metro/,displayed_price,displayed_price,1,review
Coles,VIC METRO,"Coles Catalogue September 11 - 17, 2024 VIC METRO",2024-09-11,2024-09-18,39,Oral B Precision Sensitive Refill Heads 2 Pack,8.0,116.0,108.0,93.1,save_amount,2 Pack,$4.00 per each,SAVES8 | WASSI16 | Oral B Precision Sensitive Refill Heads | 2 Pack $4.00 per each. 2nd week on sale | &® | 5-,96.16,False,,https://caau.syd1.cdn.digitaloceanspaces.com/wp-content/uploads/catalogue/coles/coles-catalogue-september-11-17-2024-vic-metro/39.jpg,https://www.catalogueau.com/coles/#catalogue=coles/coles-catalogue-september-11-17-2024-vic-metro/,displayed_price,displayed_price;unit_price,2,verified
Coles,VIC METRO,"Coles Catalogue September 11 - 17, 2024 VIC METRO",2024-09-11,2024-09-18,39,Palmolive Liquid Hand Wash Refill 1 Litre,3.75,750.0,746.25,99.5,save_amount,1 Litre,$0.38 per 100mL,"SAVE53.75 | ‘WAS$750 | Palmolive Liquid Hand Wash Refill 1 Litre | $0.38 per 100mL | tor, | <y | A | a",95.86,False,,https://caau.syd1.cdn.digitaloceanspaces.com/wp-content/uploads/catalogue/coles/coles-catalogue-september-11-17-2024-vic-metro/39.jpg,https://www.catalogueau.com/coles/#catalogue=coles/coles-catalogue-september-11-17-2024-vic-metro/,displayed_price,displayed_price;unit_price,2,verified
Coles,VIC METRO,"Coles Catalogue September 11 - 17, 2024 VIC METRO",2024-09-11,2024-09-18,39,Colgate Advanced Tartar & Whitening or Max Fresh Toothpaste 200g,7.0,10.0,3.0,30.0,save_amount,200g,$3.50 per 100g,SAVES3 | WASS10 | Colgate Advanced | Tartar & Whitening or | Max Fresh Toothpaste | 200g $3.50 per 100g,96.02,False,,https://caau.syd1.cdn.digitaloceanspaces.com/wp-content/uploads/catalogue/coles/coles-catalogue-september-11-17-2024-vic-metro/39.jpg,https://www.catalogueau.com/coles/#catalogue=coles/coles-catalogue-september-11-17-2024-vic-metro/,save_was_arithmetic,displayed_price;save_was_arithmetic;unit_price,3,verified
Coles,VIC METRO,"Coles Catalogue September 11 - 17, 2024 VIC METRO",2024-09-11,2024-09-18,39,Dove Advanced Care Antiperspirant Aerosol Deodorant 250mL,8.0,11.5,3.5,30.43,save_amount,250mL,$3.20 per 100mL,WASS11.50 | WASS11.50 | Dove Advanced Care | Antiperspirant Aerosol | Deodorant 250mL | $3.20 per 100mL,93.43,False,,https://caau.syd1.cdn.digitaloceanspaces.com/wp-content/uploads/catalogue/coles/coles-catalogue-september-11-17-2024-vic-metro/39.jpg,https://www.catalogueau.com/coles/#catalogue=coles/coles-catalogue-september-11-17-2024-vic-metro/,displayed_price,displayed_price;unit_price,2,verified
Coles,VIC METRO,"Coles Catalogue September 11 - 17, 2024 VIC METRO",2024-09-11,2024-09-18,39,Gillette Fusion 5 Razor Kit with 2 Refill Blades 1 Pack,15.0,21.5,6.5,30.23,save_amount,1 Pack,,SAVE%6.50 | WASS$21.50 | Gillette Fusion 5 Razor | Kit with 2 Refill Blades | 1 Pack | ),96.39,False,,https://caau.syd1.cdn.digitaloceanspaces.com/wp-content/uploads/catalogue/coles/coles-catalogue-september-11-17-2024-vic-metro/39.jpg,https://www.catalogueau.com/coles/#catalogue=coles/coles-catalogue-september-11-17-2024-vic-metro/,save_was_arithmetic,displayed_price;save_was_arithmetic,2,verified
Coles,VIC METRO,"Coles Catalogue September 11 - 17, 2024 VIC METRO",2024-09-11,2024-09-18,39,Listerine Total Care or Bright White Mouthwash 500mL,7.0,10.0,3.0,30.0,save_amount,500mL,$1.40 per 100mL,SAVES3 | WASS10 | Listerine Total Care or | Bright White Mouthwash | 500mL $1.40 per 100mL,94.25,False,,https://caau.syd1.cdn.digitaloceanspaces.com/wp-content/uploads/catalogue/coles/coles-catalogue-september-11-17-2024-vic-metro/39.jpg,https://www.catalogueau.com/coles/#catalogue=coles/coles-catalogue-september-11-17-2024-vic-metro/,save_was_arithmetic,displayed_price;save_was_arithmetic;unit_price,3,verified
Coles,VIC METRO,"Coles Catalogue September 11 - 17, 2024 VIC METRO",2024-09-11,2024-09-18,39,"Ease a Cold Capsules Cough, Cold & Flu 24 Pack*",13.3,18.3,5.0,27.32,save_amount,24 Pack,$0.55 per each,"SAVE*5 | WASS18.30 | Ease a Cold Capsules | Cough, Cold & Flu | 24 Pack* $0.55 per each",93.47,True,single_price_evidence,https://caau.syd1.cdn.digitaloceanspaces.com/wp-content/uploads/catalogue/coles/coles-catalogue-september-11-17-2024-vic-metro/39.jpg,https://www.catalogueau.com/coles/#catalogue=coles/coles-catalogue-september-11-17-2024-vic-metro/,save_was_arithmetic,save_was_arithmetic,1,review
Coles,VIC METRO,"Coles Catalogue September 11 - 17, 2024 VIC METRO",2024-09-11,2024-09-18,39,Berocca Energy Effervescents 45 Pack*,18.2,26.0,7.8,30.0,save_amount,45 Pack,$40.44 per 100 each,"SAVE‘7.80 | WAS$26 | Berocca Energy | Effervescents 45 Pack* | $40.44 per 100 each | TExcludes Every Day, Down Down & clearance items | “This medicine may not be right for you. Read the label before purchase. Follow the directions for use.",92.18,False,,https://caau.syd1.cdn.digitaloceanspaces.com/wp-content/uploads/catalogue/coles/coles-catalogue-september-11-17-2024-vic-metro/39.jpg,https://www.catalogueau.com/coles/#catalogue=coles/coles-catalogue-september-11-17-2024-vic-metro/,save_was_arithmetic,displayed_price;save_was_arithmetic;unit_price,3,verified
Coles,VIC METRO,"Coles Catalogue September 11 - 17, 2024 VIC METRO",2024-09-11,2024-09-18,39,"Metamucil 114 Doses 673g""",27.6,39.5,11.9,30.13,save_amount,673g,$4.10 per 100g,"SAVE511.90 | WAS$39.50 | Metamucil 114 Doses | 673g"" $4.10 per 100g",94.18,False,,https://caau.syd1.cdn.digitaloceanspaces.com/wp-content/uploads/catalogue/coles/coles-catalogue-september-11-17-2024-vic-metro/39.jpg,https://www.catalogueau.com/coles/#catalogue=coles/coles-catalogue-september-11-17-2024-vic-metro/,displayed_price,displayed_price;unit_price,2,verified
Coles,VIC METRO,"Coles Catalogue September 11 - 17, 2024 VIC METRO",2024-09-11,2024-09-18,39,Cenovis Magnesium Tablets 200 Pack*,13.75,27.5,13.75,50.0,half_price,200 Pack,$6.88 per 100 each,"SAVE513.75 | WAS$27.50 | Cenovis Magnesium | Tablets 200 Pack* | $6.88 per 100 each | TExcludes Every Day, Down Down & clearance items | “This medicine may not be right for you. Read the label before purchase. Follow the directions for use.",94.4,False,,https://caau.syd1.cdn.digitaloceanspaces.com/wp-content/uploads/catalogue/coles/coles-catalogue-september-11-17-2024-vic-metro/39.jpg,https://www.catalogueau.com/coles/#catalogue=coles/coles-catalogue-september-11-17-2024-vic-metro/,displayed_price,displayed_price;unit_price,2,verified
Coles,VIC METRO,"Coles Catalogue September 11 - 17, 2024 VIC METRO",2024-09-11,2024-09-18,40,Curash Fragrance Free Sensitive Skin Baby Wipes 240 Pack,8.4,14.0,5.6,40.0,save_amount,240 Pack,$3.50 per 100 each,SAVESS.60 SS | WASS14 | Curash Fragrance Free Sensitive | Skin Baby Wipes 240 Pack | $3.50 per 100 each | ——— | SS,95.94,False,,https://caau.syd1.cdn.digitaloceanspaces.com/wp-content/uploads/catalogue/coles/coles-catalogue-september-11-17-2024-vic-metro/40.jpg,https://www.catalogueau.com/coles/#catalogue=coles/coles-catalogue-september-11-17-2024-vic-metro/,save_was_arithmetic,save_was_arithmetic;unit_price,2,verified
Coles,VIC METRO,"Coles Catalogue September 11 - 17, 2024 VIC METRO",2024-09-11,2024-09-18,40,Huggies Pure Care Ultimate Nappy Pants 46 Pack-56 Pack,31.0,39.0,8.0,20.51,save_amount,46 Pack; 56 Pack,,SAVE’8. | WAS$39 | Huggies Pure Care Ultimate | Nappy Pants 46 Pack-56 Pack | on,95.59,False,,https://caau.syd1.cdn.digitaloceanspaces.com/wp-content/uploads/catalogue/coles/coles-catalogue-september-11-17-2024-vic-metro/40.jpg,https://www.catalogueau.com/coles/#catalogue=coles/coles-catalogue-september-11-17-2024-vic-metro/,save_was_arithmetic,displayed_price;save_was_arithmetic,2,verified
Coles,VIC METRO,"Coles Catalogue September 11 - 17, 2024 VIC METRO",2024-09-11,2024-09-18,40,Huggies Cucumber & Aloe or Coconut Oil Baby Wipes 80 Pack,3.5,5.0,1.5,30.0,save_amount,80 Pack,$4.38 per 100 each,SAVE*1.50 | Huggies Cucumber & Aloe or | Coconut Oil Baby Wipes 80 Pack | $4.38 per 100 each,95.65,True,single_price_evidence,https://caau.syd1.cdn.digitaloceanspaces.com/wp-content/uploads/catalogue/coles/coles-catalogue-september-11-17-2024-vic-metro/40.jpg,https://www.catalogueau.com/coles/#catalogue=coles/coles-catalogue-september-11-17-2024-vic-metro/,unit_price,unit_price,1,review
Coles,VIC METRO,"Coles Catalogue September 11 - 17, 2024 VIC METRO",2024-09-11,2024-09-18,40,Tommee Tippee Superstar Weighted Straw Cup or Training,9.0,12.0,3.0,25.0,save_amount,,,WASS12 | WASS12 | Tommee Tippee Superstar | Weighted Straw Cup or Training | Sippee Cup 6 Months+ 1 Each | 2nd week on sale | HuGsci | NAPPIES,95.56,True,single_price_evidence,https://caau.syd1.cdn.digitaloceanspaces.com/wp-content/uploads/catalogue/coles/coles-catalogue-september-11-17-2024-vic-metro/40.jpg,https://www.catalogueau.com/coles/#catalogue=coles/coles-catalogue-september-11-17-2024-vic-metro/,displayed_price,displayed_price,1,review
Coles,VIC METRO,"Coles Catalogue September 11 - 17, 2024 VIC METRO",2024-09-11,2024-09-18,40,Baby Mum Mum Rusks Blueberry & Carrot or Vegetable 36g,2.85,3.85,1.0,25.97,save_amount,36g,$7.92 per 100g,SAVES1 | WAS$3.85 | Baby Mum Mum Rusks Blueberry | & Carrot or Vegetable 36g | $7.92 per 100g,95.62,False,,https://caau.syd1.cdn.digitaloceanspaces.com/wp-content/uploads/catalogue/coles/coles-catalogue-september-11-17-2024-vic-metro/40.jpg,https://www.catalogueau.com/coles/#catalogue=coles/coles-catalogue-september-11-17-2024-vic-metro/,save_was_arithmetic,displayed_price;save_was_arithmetic;unit_price,3,verified
Coles,VIC METRO,"Coles Catalogue September 11 - 17, 2024 VIC METRO",2024-09-11,2024-09-18,40,Nestlé Nan Comfort Stage 3 Milk Drink 800g,16.8,21.0,4.2,20.0,save_amount,800g,$2.10 per 100g,SAVE%4.20 | WASS21 | Nestlé Nan Comfort Stage 3 | Milk Drink 800g $2.10 per 100g | ¢,96.3,False,,https://caau.syd1.cdn.digitaloceanspaces.com/wp-content/uploads/catalogue/coles/coles-catalogue-september-11-17-2024-vic-metro/40.jpg,https://www.catalogueau.com/coles/#catalogue=coles/coles-catalogue-september-11-17-2024-vic-metro/,save_was_arithmetic,save_was_arithmetic;unit_price,2,verified
Coles,VIC METRO,"Coles Catalogue September 11 - 17, 2024 VIC METRO",2024-09-11,2024-09-18,40,Huggies Water Baby Wipes 72 Pack or Fragrance Free 80 Pack,32.5,34.0,1.5,4.41,save_amount,72 Pack; 80 Pack,,SAVES1.50 | Huggies Water Baby | Wipes 72 Pack or | Fragrance Free 80 Pack | Contains zinc as zinc oxide. “This claim is based on a clinical study conducted at an independent laboratory. using adult skin as a suitable substitutea | for baby skin. Results showed significantly less irritation when using Hugaies® Zine Enriched layer vs control. Applies to Newborn and Infant nappies only.,96.19,True,single_price_evidence,https://caau.syd1.cdn.digitaloceanspaces.com/wp-content/uploads/catalogue/coles/coles-catalogue-september-11-17-2024-vic-metro/40.jpg,https://www.catalogueau.com/coles/#catalogue=coles/coles-catalogue-september-11-17-2024-vic-metro/,displayed_price,displayed_price,1,review
Coles,VIC METRO,"Coles Catalogue September 11 - 17, 2024 VIC METRO",2024-09-11,2024-09-18,40,Huggies Ultra Dry Jumbo Nappies 60 Pack-108 Pack,29.0,39.0,10.0,25.64,save_amount,60 Pack; 108 Pack,,SAVE*10 | WAS $39 | Huggies Ultra Dry Jumbo | Nappies 60 Pack-108 Pack,94.87,False,,https://caau.syd1.cdn.digitaloceanspaces.com/wp-content/uploads/catalogue/coles/coles-catalogue-september-11-17-2024-vic-metro/40.jpg,https://www.catalogueau.com/coles/#catalogue=coles/coles-catalogue-september-11-17-2024-vic-metro/,save_was_arithmetic,displayed_price;save_was_arithmetic,2,verified
Coles,VIC METRO,"Coles Catalogue September 11 - 17, 2024 VIC METRO",2024-09-11,2024-09-18,41,Olay Eyes Collagen Peptide 24 Eye Cream 15m,30.0,60.0,30.0,50.0,half_price,,$200.00 per 100mL,WASS60 | WASS60 | Olay Eyes Collagen Peptide | 24 Eye Cream 15m | $200.00 per 100mL | Coane,96.54,True,single_price_evidence,https://caau.syd1.cdn.digitaloceanspaces.com/wp-content/uploads/catalogue/coles/coles-catalogue-september-11-17-2024-vic-metro/41.jpg,https://www.catalogueau.com/coles/#catalogue=coles/coles-catalogue-september-11-17-2024-vic-metro/,displayed_price,displayed_price,1,review
Coles,VIC METRO,"Coles Catalogue September 11 - 17, 2024 VIC METRO",2024-09-11,2024-09-18,41,Dermaveen Extra Hydration Gentle Soap Free Wash or Intensive Moisturising Lotion 1 Litre,18.0,30.0,12.0,40.0,save_amount,1 Litre,$1.80 per 100mL,WAS$30 | WAS$30 | Dermaveen Extra Hydration | Gentle Soap Free Wash or | Intensive Moisturising Lotion | 1 Litre $1.80 per 100mL,95.13,False,,https://caau.syd1.cdn.digitaloceanspaces.com/wp-content/uploads/catalogue/coles/coles-catalogue-september-11-17-2024-vic-metro/41.jpg,https://www.catalogueau.com/coles/#catalogue=coles/coles-catalogue-september-11-17-2024-vic-metro/,displayed_price,displayed_price;unit_price,2,verified
Coles,VIC METRO,"Coles Catalogue September 11 - 17, 2024 VIC METRO",2024-09-11,2024-09-18,41,Cancer Council Daily Moisturiser Sunscreen Lotion SPF50+ 150mL*,16.5,21.0,4.5,21.43,save_amount,150mL,$11.00 per 100mL,WASS$21 | WASS$21 | Cancer Council Daily Moisturiser | Sunscreen Lotion SPF50+ 150mL* | $11.00 per 100mL,94.03,True,single_price_evidence,https://caau.syd1.cdn.digitaloceanspaces.com/wp-content/uploads/catalogue/coles/coles-catalogue-september-11-17-2024-vic-metro/41.jpg,https://www.catalogueau.com/coles/#catalogue=coles/coles-catalogue-september-11-17-2024-vic-metro/,unit_price,unit_price,1,review
Coles,VIC METRO,"Coles Catalogue September 11 - 17, 2024 VIC METRO",2024-09-11,2024-09-18,41,Dermaveen Sun Sensitive Sunscreen SPF50+ 100g*,11.0,19.0,8.0,42.11,save_amount,100g,$11.00 per 100g,"WASS19 | WASS19 | Dermaveen Sun Sensitive | Sunscreen SPF50+ 100g* | $11.00 per 100g | “This product may not be right for you. Read the warnings before purchase. Avoid prolonged exposure | to the sun.Wear protective clothing, hats and eyewear when exposed fo the sun. | Frequent reapplication is required for effective sun protection.",90.62,False,,https://caau.syd1.cdn.digitaloceanspaces.com/wp-content/uploads/catalogue/coles/coles-catalogue-september-11-17-2024-vic-metro/41.jpg,https://www.catalogueau.com/coles/#catalogue=coles/coles-catalogue-september-11-17-2024-vic-metro/,displayed_price,displayed_price;unit_price,2,verified
Coles,VIC METRO,"Coles Catalogue September 11 - 17, 2024 VIC METRO",2024-09-11,2024-09-18,42,Bosistos Multipurpose Cleaner 500mL,4.0,,,,special,500mL,$0.80 per 100mL,Bosistos Multipurpose Cleaner | 500mL $0.80 per 100mL,93.86,False,,https://caau.syd1.cdn.digitaloceanspaces.com/wp-content/uploads/catalogue/coles/coles-catalogue-september-11-17-2024-vic-metro/42.jpg,https://www.catalogueau.com/coles/#catalogue=coles/coles-catalogue-september-11-17-2024-vic-metro/,displayed_price,displayed_price;unit_price,2,verified
Coles,VIC METRO,"Coles Catalogue September 11 - 17, 2024 VIC METRO",2024-09-11,2024-09-18,42,Multix Strong & Reliable Garbage Bags 50 Pack,7.2,,,,special,50 Pack,$0.14 per each,Multix Strong & Reliable Garbage | Bags 50 Pack $0.14 per each | Se,94.94,True,offer_labels_missing;save_amount_missing;regular_price_missing;single_price_evidence,https://caau.syd1.cdn.digitaloceanspaces.com/wp-content/uploads/catalogue/coles/coles-catalogue-september-11-17-2024-vic-metro/42.jpg,https://www.catalogueau.com/coles/#catalogue=coles/coles-catalogue-september-11-17-2024-vic-metro/,displayed_price,displayed_price,1,review
Coles,VIC METRO,"Coles Catalogue September 11 - 17, 2024 VIC METRO",2024-09-11,2024-09-18,42,Ziploc Sandwich or Snack Bags 40 Pack,3.5,,,,special,40 Pack,$0.09 per each,Ziploc Sandwich or Snack Bags | 40 Pack $0.09 per each | 2nd week on sale,96.45,True,offer_labels_missing;save_amount_missing;regular_price_missing;single_price_evidence,https://caau.syd1.cdn.digitaloceanspaces.com/wp-content/uploads/catalogue/coles/coles-catalogue-september-11-17-2024-vic-metro/42.jpg,https://www.catalogueau.com/coles/#catalogue=coles/coles-catalogue-september-11-17-2024-vic-metro/,displayed_price,displayed_price,1,review
Coles,VIC METRO,"Coles Catalogue September 11 - 17, 2024 VIC METRO",2024-09-11,2024-09-18,42,Sorbent 3-Ply Silky White Toilet Tissue 16 Pack,9.0,,,,special,16 Pack,$0.31 per 100,Sorbent 3-Ply Silky White Toilet | Tissue 16 Pack $0.31 per 100 sheets,95.81,True,offer_labels_missing;save_amount_missing;regular_price_missing;single_price_evidence,https://caau.syd1.cdn.digitaloceanspaces.com/wp-content/uploads/catalogue/coles/coles-catalogue-september-11-17-2024-vic-metro/42.jpg,https://www.catalogueau.com/coles/#catalogue=coles/coles-catalogue-september-11-17-2024-vic-metro/,displayed_price,displayed_price,1,review
Coles,VIC METRO,"Coles Catalogue September 11 - 17, 2024 VIC METRO",2024-09-11,2024-09-18,42,Glen 20 Disinfectant Spray 300g,6.2,,,,special,300g,$2.07 per 100g,Glen 20 Disinfectant Spray 300g | $2.07 per 100g | oles,96.37,False,,https://caau.syd1.cdn.digitaloceanspaces.com/wp-content/uploads/catalogue/coles/coles-catalogue-september-11-17-2024-vic-metro/42.jpg,https://www.catalogueau.com/coles/#catalogue=coles/coles-catalogue-september-11-17-2024-vic-metro/,displayed_price,displayed_price;unit_price,2,verified
Coles,VIC METRO,"Coles Catalogue September 11 - 17, 2024 VIC METRO",2024-09-11,2024-09-18,42,Comfort Fabric Conditioner 900mL,7.7,,,,special,900mL,$8.56 per litre,Comfort Fabric Conditioner | 900mL $8.56 per litre,95.08,False,,https://caau.syd1.cdn.digitaloceanspaces.com/wp-content/uploads/catalogue/coles/coles-catalogue-september-11-17-2024-vic-metro/42.jpg,https://www.catalogueau.com/coles/#catalogue=coles/coles-catalogue-september-11-17-2024-vic-metro/,displayed_price,displayed_price;unit_price,2,verified
Coles,VIC METRO,"Coles Catalogue September 11 - 17, 2024 VIC METRO",2024-09-11,2024-09-18,42,Coles Ultra Biodegradable Floor Wipes Refill 24 Pack,6.0,,,,special,24 Pack,$0.25 per each,Coles Ultra Biodegradable | Floor Wipes Refill 24 Pack | $0.25 per each | 42,96.14,True,offer_labels_missing;save_amount_missing;regular_price_missing;single_price_evidence,https://caau.syd1.cdn.digitaloceanspaces.com/wp-content/uploads/catalogue/coles/coles-catalogue-september-11-17-2024-vic-metro/42.jpg,https://www.catalogueau.com/coles/#catalogue=coles/coles-catalogue-september-11-17-2024-vic-metro/,displayed_price,displayed_price,1,review
Coles,VIC METRO,"Coles Catalogue September 11 - 17, 2024 VIC METRO",2024-09-11,2024-09-18,42,Coles Ultra Glass & Window Biodegradable Wipes 50 Pack,2.5,,,,special,50 Pack,$0.05 per each,Coles Ultra Glass & Window | Biodegradable Wipes 50 Pack | $0.05 per each,95.8,True,offer_labels_missing;save_amount_missing;regular_price_missing;single_price_evidence,https://caau.syd1.cdn.digitaloceanspaces.com/wp-content/uploads/catalogue/coles/coles-catalogue-september-11-17-2024-vic-metro/42.jpg,https://www.catalogueau.com/coles/#catalogue=coles/coles-catalogue-september-11-17-2024-vic-metro/,unknown,,0,review
Coles,VIC METRO,"Coles Catalogue September 11 - 17, 2024 VIC METRO",2024-09-11,2024-09-18,43,Nature's Gift Dog Food 700g,1.75,,,,special,700g,$0.25 per 100g,Nature's Gift Dog Food 700g | $0.25 per 100g. | On sale for 2 weeks,96.67,True,single_price_evidence,https://caau.syd1.cdn.digitaloceanspaces.com/wp-content/uploads/catalogue/coles/coles-catalogue-september-11-17-2024-vic-metro/43.jpg,https://www.catalogueau.com/coles/#catalogue=coles/coles-catalogue-september-11-17-2024-vic-metro/,unit_price,unit_price,1,review
Coles,VIC METRO,"Coles Catalogue September 11 - 17, 2024 VIC METRO",2024-09-11,2024-09-18,43,Bow Wow Dog Treats Pigs Ear or Beef Roo 1 Pack,2.45,,,,special,1 Pack,$2.45 per each,Bow Wow Dog Treats Pigs Ear | or Beef Roo 1 Pack $2.45 per each,96.59,True,single_price_evidence,https://caau.syd1.cdn.digitaloceanspaces.com/wp-content/uploads/catalogue/coles/coles-catalogue-september-11-17-2024-vic-metro/43.jpg,https://www.catalogueau.com/coles/#catalogue=coles/coles-catalogue-september-11-17-2024-vic-metro/,unit_price,unit_price,1,review
Coles,VIC METRO,"Coles Catalogue September 11 - 17, 2024 VIC METRO",2024-09-11,2024-09-18,43,Optimum Dry Cat Food 1.8kg-2kg,172.0,,,,special,1.8kg; 2kg,,Optimum Dry Cat Food | 1.8kg-2kg | TExcludes clearance items,79.0,True,offer_labels_missing;save_amount_missing;regular_price_missing;low_name_confidence_strict;single_price_evidence,https://caau.syd1.cdn.digitaloceanspaces.com/wp-content/uploads/catalogue/coles/coles-catalogue-september-11-17-2024-vic-metro/43.jpg,https://www.catalogueau.com/coles/#catalogue=coles/coles-catalogue-september-11-17-2024-vic-metro/,displayed_price,displayed_price,1,review
Coles,VIC METRO,"Coles Catalogue September 11 - 17, 2024 VIC METRO",2024-09-11,2024-09-18,43,Optimum Dry Dog Food 7kg,31.5,,,,special,7kg,$0.45 per 100g,Optimum Dry Dog Food 7kg | $0.45 per 100g,94.68,True,offer_labels_missing;save_amount_missing;regular_price_missing;single_price_evidence,https://caau.syd1.cdn.digitaloceanspaces.com/wp-content/uploads/catalogue/coles/coles-catalogue-september-11-17-2024-vic-metro/43.jpg,https://www.catalogueau.com/coles/#catalogue=coles/coles-catalogue-september-11-17-2024-vic-metro/,unknown,,0,review
Coles,VIC METRO,"Coles Catalogue September 11 - 17, 2024 VIC METRO",2024-09-11,2024-09-18,44,Décor Adventurer Stainless Steel Bottle 1.2 Litre,16.75,33.5,16.75,50.0,half_price,1.2 Litre,$16.75 per each,WAS$33.50 | WAS$33.50 | Décor Adventurer Stainless Steel | Bottle 1.2 Litre $16.75 per each,96.06,True,inferred_price_requires_review,https://caau.syd1.cdn.digitaloceanspaces.com/wp-content/uploads/catalogue/coles/coles-catalogue-september-11-17-2024-vic-metro/44.jpg,https://www.catalogueau.com/coles/#catalogue=coles/coles-catalogue-september-11-17-2024-vic-metro/,unit_price,page_discount;unit_price,1,review
Coles,VIC METRO,"Coles Catalogue September 11 - 17, 2024 VIC METRO",2024-09-11,2024-09-18,44,Smash Blue Stainless Steel Bento Box 1300mL,13.75,27.5,13.75,50.0,half_price,1300mL,$13.75 per each,WASS27.50 | WASS27.50 | Smash Blue Stainless Steel Bento | Box 1300mL $13.75 per each | —= |,95.16,True,inferred_price_requires_review,https://caau.syd1.cdn.digitaloceanspaces.com/wp-content/uploads/catalogue/coles/coles-catalogue-september-11-17-2024-vic-metro/44.jpg,https://www.catalogueau.com/coles/#catalogue=coles/coles-catalogue-september-11-17-2024-vic-metro/,unit_price,page_discount;unit_price,1,review
Coles,VIC METRO,"Coles Catalogue September 11 - 17, 2024 VIC METRO",2024-09-11,2024-09-18,44,Brunnings Blood & Bone Fertiliser 2.5kg,7.0,14.0,7.0,50.0,half_price,2.5kg,,WASS14 | WASS14 | Brunnings Blood & Bone Fertiliser | 2.5kg | ‘9 | a | F | 2,79.0,True,low_name_confidence_strict;inferred_price_requires_review,https://caau.syd1.cdn.digitaloceanspaces.com/wp-content/uploads/catalogue/coles/coles-catalogue-september-11-17-2024-vic-metro/44.jpg,https://www.catalogueau.com/coles/#catalogue=coles/coles-catalogue-september-11-17-2024-vic-metro/,displayed_price,displayed_price;page_discount,1,review
Coles,VIC METRO,"Coles Catalogue September 11 - 17, 2024 VIC METRO",2024-09-11,2024-09-18,44,Duracell Coppertop Batteries AA 16 Pack or AAA 14 Pack,13.75,27.5,13.75,50.0,half_price,16 Pack; 14 Pack,,‘WAS§2750 | ‘WAS§2750 | Duracell Coppertop Batteries | AA 16 Pack or AAA 14 Pack,94.81,True,inferred_price_requires_review,https://caau.syd1.cdn.digitaloceanspaces.com/wp-content/uploads/catalogue/coles/coles-catalogue-september-11-17-2024-vic-metro/44.jpg,https://www.catalogueau.com/coles/#catalogue=coles/coles-catalogue-september-11-17-2024-vic-metro/,page_discount_inference,page_discount,0,review
Coles,VIC METRO,"Coles Catalogue September 11 - 17, 2024 VIC METRO",2024-09-11,2024-09-18,44,Air Wick Pure Auto Refill 159g,6.6,11.0,4.4,40.0,save_amount,159g,$4.15 per 100g,WASS11 | WASS11 | Air Wick Pure Auto Refill 159g | $4.15 per 100g | 33 BRITA,95.74,True,single_price_evidence,https://caau.syd1.cdn.digitaloceanspaces.com/wp-content/uploads/catalogue/coles/coles-catalogue-september-11-17-2024-vic-metro/44.jpg,https://www.catalogueau.com/coles/#catalogue=coles/coles-catalogue-september-11-17-2024-vic-metro/,unit_price,unit_price,1,review
Coles,VIC METRO,"Coles Catalogue September 11 - 17, 2024 VIC METRO",2024-09-11,2024-09-18,44,Tefal Easy Clean Frypan 30cm,22.5,45.0,22.5,50.0,half_price,,,WASS45 | WASS45 | Tefal Easy Clean Frypan 30cm,93.68,True,inferred_price_requires_review,https://caau.syd1.cdn.digitaloceanspaces.com/wp-content/uploads/catalogue/coles/coles-catalogue-september-11-17-2024-vic-metro/44.jpg,https://www.catalogueau.com/coles/#catalogue=coles/coles-catalogue-september-11-17-2024-vic-metro/,page_discount_inference,page_discount,0,review
Coles,VIC METRO,"Coles Catalogue September 11 - 17, 2024 VIC METRO",2024-09-11,2024-09-18,44,Mini Barbieland Vehicle Assortment 1 Each,5.0,10.0,5.0,50.0,half_price,,,WASS10 | WASS10 | Mini Barbieland Vehicle Assortment | 1 Each | ate”,79.0,True,low_name_confidence_strict;inferred_price_requires_review,https://caau.syd1.cdn.digitaloceanspaces.com/wp-content/uploads/catalogue/coles/coles-catalogue-september-11-17-2024-vic-metro/44.jpg,https://www.catalogueau.com/coles/#catalogue=coles/coles-catalogue-september-11-17-2024-vic-metro/,page_discount_inference,page_discount,0,review
Coles,VIC METRO,"Coles Catalogue September 11 - 17, 2024 VIC METRO",2024-09-11,2024-09-18,44,Brita Maxtra Pro Pure Performance Water Filters 2 Pack,21.5,31.0,9.5,30.65,save_amount,2 Pack,$10.75 per each,WASS31 | WASS31 | Brita Maxtra Pro Pure Performance | Water Filters 2 Pack | $10.75 per each,95.66,True,single_price_evidence,https://caau.syd1.cdn.digitaloceanspaces.com/wp-content/uploads/catalogue/coles/coles-catalogue-september-11-17-2024-vic-metro/44.jpg,https://www.catalogueau.com/coles/#catalogue=coles/coles-catalogue-september-11-17-2024-vic-metro/,unit_price,unit_price,1,review
Coles,VIC METRO,"Coles Catalogue September 11 - 17, 2024 VIC METRO",2024-09-11,2024-09-18,45,Yes optus,17.0,,,,special,,,Yes optus,78.71,True,offer_labels_missing;save_amount_missing;regular_price_missing;low_name_confidence_strict;single_price_evidence,https://caau.syd1.cdn.digitaloceanspaces.com/wp-content/uploads/catalogue/coles/coles-catalogue-september-11-17-2024-vic-metro/45.jpg,https://www.catalogueau.com/coles/#catalogue=coles/coles-catalogue-september-11-17-2024-vic-metro/,displayed_price,displayed_price,1,review
Coles,VIC METRO,"Coles Catalogue September 11 - 17, 2024 VIC METRO",2024-09-11,2024-09-18,45,"Telstra T-Essential +5"" FWVGA+ display",59.0,,,,special,,,"Telstra T-Essential | +5"" FWVGA+ display | *SMP camera",92.21,True,offer_labels_missing;save_amount_missing;regular_price_missing;single_price_evidence,https://caau.syd1.cdn.digitaloceanspaces.com/wp-content/uploads/catalogue/coles/coles-catalogue-september-11-17-2024-vic-metro/45.jpg,https://www.catalogueau.com/coles/#catalogue=coles/coles-catalogue-september-11-17-2024-vic-metro/,displayed_price,displayed_price,1,review
Coles,VIC METRO,"Coles Catalogue September 11 - 17, 2024 VIC METRO",2024-09-11,2024-09-18,45,"Telstra T-Pro +652"" IPS HD+ display",99.0,,,,special,,,"Telstra T-Pro | +652"" IPS HD+ display | +13MP triple camera",87.79,True,offer_labels_missing;save_amount_missing;regular_price_missing;single_price_evidence,https://caau.syd1.cdn.digitaloceanspaces.com/wp-content/uploads/catalogue/coles/coles-catalogue-september-11-17-2024-vic-metro/45.jpg,https://www.catalogueau.com/coles/#catalogue=coles/coles-catalogue-september-11-17-2024-vic-metro/,displayed_price,displayed_price,1,review
Coles,VIC METRO,"Coles Catalogue September 11 - 17, 2024 VIC METRO",2024-09-11,2024-09-18,47,for first renewo!,10.0,25.0,15.0,60.0,save_amount,,,"WAS$25 | WAS$25 | for first renewo! | $25 Starter Pack | + 28 day renewal, 22GB + 8GB | bonus data for first 3 renewals | + Unlimited data banking on the | same plan",79.0,True,low_name_confidence_strict;single_price_evidence,https://caau.syd1.cdn.digitaloceanspaces.com/wp-content/uploads/catalogue/coles/coles-catalogue-september-11-17-2024-vic-metro/47.jpg,https://www.catalogueau.com/coles/#catalogue=coles/coles-catalogue-september-11-17-2024-vic-metro/,displayed_price,displayed_price,1,review
Coles,VIC METRO,"Coles Catalogue September 11 - 17, 2024 VIC METRO",2024-09-11,2024-09-18,47,+ Unlimited data banking on the same plan,15.0,,,,everyday,,,+ 80GB data every 28 days | + Unlimited data banking on | the same plan | Unlimited talk & text in Aus | and to 42 countries,79.0,True,low_name_confidence_strict;single_price_evidence,https://caau.syd1.cdn.digitaloceanspaces.com/wp-content/uploads/catalogue/coles/coles-catalogue-september-11-17-2024-vic-metro/47.jpg,https://www.catalogueau.com/coles/#catalogue=coles/coles-catalogue-september-11-17-2024-vic-metro/,displayed_price,displayed_price,1,review
Coles,VIC METRO,"Coles Catalogue September 11 - 17, 2024 VIC METRO",2024-09-11,2024-09-18,47,+7 day renewal + 10GB data included,10.0,,,,special,,,$10 Starter Pack | +7 day renewal | + 10GB data included | + Unlimited talk & text in Aus | and to 42 countries,90.39,True,offer_labels_missing;save_amount_missing;regular_price_missing;single_price_evidence,https://caau.syd1.cdn.digitaloceanspaces.com/wp-content/uploads/catalogue/coles/coles-catalogue-september-11-17-2024-vic-metro/47.jpg,https://www.catalogueau.com/coles/#catalogue=coles/coles-catalogue-september-11-17-2024-vic-metro/,displayed_price,displayed_price,1,review
Coles,VIC METRO,"Coles Catalogue September 11 - 17, 2024 VIC METRO",2024-09-11,2024-09-18,47,for first renewal,15.0,,,,special,,,for first renewal | $40 Starter Pack | + 80GB data every 28 days | + Unlimited data banking on | the same plan | Unlimited talk & text in Aus,78.62,True,offer_labels_missing;save_amount_missing;regular_price_missing;low_name_confidence_strict;single_price_evidence,https://caau.syd1.cdn.digitaloceanspaces.com/wp-content/uploads/catalogue/coles/coles-catalogue-september-11-17-2024-vic-metro/47.jpg,https://www.catalogueau.com/coles/#catalogue=coles/coles-catalogue-september-11-17-2024-vic-metro/,displayed_price,displayed_price,1,review
Coles,VIC METRO,"Coles Catalogue September 11 - 17, 2024 VIC METRO",2024-09-11,2024-09-18,49,5 years warranty,6.0,,,,special,,,5 years | warranty,79.0,True,offer_labels_missing;save_amount_missing;regular_price_missing;low_name_confidence_strict;single_price_evidence,https://caau.syd1.cdn.digitaloceanspaces.com/wp-content/uploads/catalogue/coles/coles-catalogue-september-11-17-2024-vic-metro/49.jpg,https://www.catalogueau.com/coles/#catalogue=coles/coles-catalogue-september-11-17-2024-vic-metro/,displayed_price,displayed_price,1,review
