retailer,region,catalogue_title,catalogue_start_date,catalogue_end_date,page_number,product_name,special_price,regular_price,save_amount,discount_percent,promo_type,pack_size,unit_price_text,offer_text,ocr_confidence,needs_review,review_reason,source_page_image,source_catalogue_url,price_source,price_evidence,evidence_count,verification_status
Coles,VIC METRO,"Coles Catalogue March 5 - 11, 2025 VIC METRO",2025-03-05,2025-03-12,1,Bulla Creamy Classic Ice Cream Tub 2 Litre,5.5,,,,special,2 Litre,$0.28 per 100mL,‘WASSIT | ‘WASSIT | Bulla Creamy Classic | Ice Cream Tub 2 Litre | $0.28 per 100mL | 1) | — | —,95.97,True,save_amount_missing;regular_price_missing;single_price_evidence,https://caau.syd1.cdn.digitaloceanspaces.com/wp-content/uploads/catalogue/coles/coles-catalogue-march-5-11-2025-vic-metro/1.jpg,https://www.catalogueau.com/coles/#catalogue=coles/coles-catalogue-march-5-11-2025-vic-metro/,displayed_price,displayed_price,1,review
Coles,VIC METRO,"Coles Catalogue March 5 - 11, 2025 VIC METRO",2025-03-05,2025-03-12,1,Nestlé Block Chocolate 118g-180g or Darrell Lea Block Chocolate 160g-180g,3.5,7.0,3.5,50.0,half_price,118g; 180g; 160g,,WAS$7 | WAS$7 | Nestlé Block Chocolate | 118g-180g or Darrell Lea | Block Chocolate 160g-180g | Bonus,92.96,True,inferred_price_requires_review,https://caau.syd1.cdn.digitaloceanspaces.com/wp-content/uploads/catalogue/coles/coles-catalogue-march-5-11-2025-vic-metro/1.jpg,https://www.catalogueau.com/coles/#catalogue=coles/coles-catalogue-march-5-11-2025-vic-metro/,page_discount_inference,page_discount,0,review
Coles,VIC METRO,"Coles Catalogue March 5 - 11, 2025 VIC METRO",2025-03-05,2025-03-12,1,Coca-Cola Soft Drink 12x300mL,10.0,20.0,10.0,50.0,half_price,12x300mL,$2.78 per litre,WASS20 | WASS20 | Coca-Cola Soft Drink 12x300mL | $2.78 per litre | 30,93.58,False,,https://caau.syd1.cdn.digitaloceanspaces.com/wp-content/uploads/catalogue/coles/coles-catalogue-march-5-11-2025-vic-metro/1.jpg,https://www.catalogueau.com/coles/#catalogue=coles/coles-catalogue-march-5-11-2025-vic-metro/,displayed_price,displayed_price;page_discount;unit_price,2,verified
Coles,VIC METRO,"Coles Catalogue March 5 - 11, 2025 VIC METRO",2025-03-05,2025-03-12,1,Finish Ultimate Dishwashing Tablets 46 Pack,24.5,49.0,24.5,50.0,half_price,46 Pack,$0.53 per each,WASS49 | WASS49 | Finish Ultimate Dishwashing Tablets 46 Pack | $0.53 per each. *See page 38 for T&Cs,96.55,True,inferred_price_requires_review,https://caau.syd1.cdn.digitaloceanspaces.com/wp-content/uploads/catalogue/coles/coles-catalogue-march-5-11-2025-vic-metro/1.jpg,https://www.catalogueau.com/coles/#catalogue=coles/coles-catalogue-march-5-11-2025-vic-metro/,displayed_price,displayed_price;page_discount,1,review
Coles,VIC METRO,"Coles Catalogue March 5 - 11, 2025 VIC METRO",2025-03-05,2025-03-12,1,— £,14.0,28.0,14.0,50.0,half_price,,,WAS §28%g | WAS §28%g | — | £ | = | FP-VIC-METRO-0503-25-345401,64.37,True,product_name_uncertain;low_name_confidence_strict;inferred_price_requires_review,https://caau.syd1.cdn.digitaloceanspaces.com/wp-content/uploads/catalogue/coles/coles-catalogue-march-5-11-2025-vic-metro/1.jpg,https://www.catalogueau.com/coles/#catalogue=coles/coles-catalogue-march-5-11-2025-vic-metro/,page_discount_inference,page_discount,0,review
Coles,VIC METRO,"Coles Catalogue March 5 - 11, 2025 VIC METRO",2025-03-05,2025-03-12,2,Powerade Sports Drink or Active Water 600mL,2.2,4.4,2.2,50.0,half_price,600mL,$3.67 per litre,WASS$4.40 | WASS$4.40 | Powerade Sports Drink | or Active Water 600mL | $3.67 per litre,95.46,True,inferred_price_requires_review,https://caau.syd1.cdn.digitaloceanspaces.com/wp-content/uploads/catalogue/coles/coles-catalogue-march-5-11-2025-vic-metro/2.jpg,https://www.catalogueau.com/coles/#catalogue=coles/coles-catalogue-march-5-11-2025-vic-metro/,unit_price,page_discount;unit_price,1,review
Coles,VIC METRO,"Coles Catalogue March 5 - 11, 2025 VIC METRO",2025-03-05,2025-03-12,2,Nestlé Milo Cereal 350g,3.5,7.0,3.5,50.0,half_price,350g,$1.00 per 100g,WASS$7 | WASS$7 | Nestlé Milo | Cereal 350g | $1.00 | $1.00 per 100g,96.3,False,,https://caau.syd1.cdn.digitaloceanspaces.com/wp-content/uploads/catalogue/coles/coles-catalogue-march-5-11-2025-vic-metro/2.jpg,https://www.catalogueau.com/coles/#catalogue=coles/coles-catalogue-march-5-11-2025-vic-metro/,displayed_price,displayed_price;page_discount;unit_price,2,verified
Coles,VIC METRO,"Coles Catalogue March 5 - 11, 2025 VIC METRO",2025-03-05,2025-03-12,2,Raw C Coconut Water 1 Litre,2.75,5.5,2.75,50.0,half_price,1 Litre,$2.75 per litre,WASS5.50 | WASS5.50 | Raw C Coconut Water 1 Litre | $2.75 per litre | — | ‘Hu | HuGciE,95.44,True,inferred_price_requires_review,https://caau.syd1.cdn.digitaloceanspaces.com/wp-content/uploads/catalogue/coles/coles-catalogue-march-5-11-2025-vic-metro/2.jpg,https://www.catalogueau.com/coles/#catalogue=coles/coles-catalogue-march-5-11-2025-vic-metro/,unit_price,page_discount;unit_price,1,review
Coles,VIC METRO,"Coles Catalogue March 5 - 11, 2025 VIC METRO",2025-03-05,2025-03-12,2,Sunrice Medium Grain Rice 5kg,9.5,19.0,9.5,50.0,half_price,5kg,$0.19 per 100g,WASS19 | WASS19 | Sunrice Medium Grain Rice 5kg | $0.19 per 100g | DECOR VENT & SEAL PLASTIC | OR TELLFRESH CONTAINERS,93.59,True,inferred_price_requires_review,https://caau.syd1.cdn.digitaloceanspaces.com/wp-content/uploads/catalogue/coles/coles-catalogue-march-5-11-2025-vic-metro/2.jpg,https://www.catalogueau.com/coles/#catalogue=coles/coles-catalogue-march-5-11-2025-vic-metro/,page_discount_inference,page_discount,0,review
Coles,VIC METRO,"Coles Catalogue March 5 - 11, 2025 VIC METRO",2025-03-05,2025-03-12,2,Huggies Ultra Dry Jumbo Nappy Pants 48 Pack-62 Pack,19.5,39.0,19.5,50.0,half_price,48 Pack; 62 Pack,,WAS$39 | WAS$39 | Huggies Ultra Dry Jumbo Nappy Pants | 48 Pack-62 Pack | Ww | 2,94.53,True,inferred_price_requires_review,https://caau.syd1.cdn.digitaloceanspaces.com/wp-content/uploads/catalogue/coles/coles-catalogue-march-5-11-2025-vic-metro/2.jpg,https://www.catalogueau.com/coles/#catalogue=coles/coles-catalogue-march-5-11-2025-vic-metro/,page_discount_inference,page_discount,0,review
Coles,VIC METRO,"Coles Catalogue March 5 - 11, 2025 VIC METRO",2025-03-05,2025-03-12,2,Décor Vent & Seal Container 2 Litre,4.25,8.5,4.25,50.0,half_price,2 Litre,$4.25 per each,WASS$8.50 | WASS$8.50 | Décor Vent & Seal Container 2 Litre | $4.25 per each | ® e CQ,95.92,True,inferred_price_requires_review,https://caau.syd1.cdn.digitaloceanspaces.com/wp-content/uploads/catalogue/coles/coles-catalogue-march-5-11-2025-vic-metro/2.jpg,https://www.catalogueau.com/coles/#catalogue=coles/coles-catalogue-march-5-11-2025-vic-metro/,unit_price,page_discount;unit_price,1,review
Coles,VIC METRO,"Coles Catalogue March 5 - 11, 2025 VIC METRO",2025-03-05,2025-03-12,2,Cadbury Dairy Milk Easter Bunny 8,3.25,6.5,3.25,50.0,half_price,,$4.06 per 100g,WAS$6.50 | WAS$6.50 | Cadbury Dairy Milk Easter Bunny 8 | $4.06 per 100g. While stocks last. No rainchecks | VIC-METRO-0503-25-345401,95.42,True,inferred_price_requires_review,https://caau.syd1.cdn.digitaloceanspaces.com/wp-content/uploads/catalogue/coles/coles-catalogue-march-5-11-2025-vic-metro/2.jpg,https://www.catalogueau.com/coles/#catalogue=coles/coles-catalogue-march-5-11-2025-vic-metro/,page_discount_inference,page_discount,0,review
Coles,VIC METRO,"Coles Catalogue March 5 - 11, 2025 VIC METRO",2025-03-05,2025-03-12,2,Cadbury Favourites 520g,11.0,22.0,11.0,50.0,half_price,520g,$2.12 per 100g,WAS$22 | WAS$22 | Cadbury Favourites 520g | $2.12 per 100g,94.55,False,,https://caau.syd1.cdn.digitaloceanspaces.com/wp-content/uploads/catalogue/coles/coles-catalogue-march-5-11-2025-vic-metro/2.jpg,https://www.catalogueau.com/coles/#catalogue=coles/coles-catalogue-march-5-11-2025-vic-metro/,displayed_price,displayed_price;page_discount;unit_price,2,verified
Coles,VIC METRO,"Coles Catalogue March 5 - 11, 2025 VIC METRO",2025-03-05,2025-03-12,3,Cadbury Chocolate Bar 30g-55g,1.25,2.5,1.25,50.0,half_price,30g; 55g,,SAVE 51.25 | WASS$2.50 | Cadbury Chocolate Bar | 30g-55g,93.51,True,single_price_evidence,https://caau.syd1.cdn.digitaloceanspaces.com/wp-content/uploads/catalogue/coles/coles-catalogue-march-5-11-2025-vic-metro/3.jpg,https://www.catalogueau.com/coles/#catalogue=coles/coles-catalogue-march-5-11-2025-vic-metro/,save_was_arithmetic,save_was_arithmetic,1,review
Coles,VIC METRO,"Coles Catalogue March 5 - 11, 2025 VIC METRO",2025-03-05,2025-03-12,3,Oreo Cream Biscuits 1289-13!,1.4,2.8,1.4,50.0,half_price,,,SAVE51.40 | WASS$2.80 | Oreo Cream Biscuits | 1289-13! | & &,64.72,True,low_name_confidence_strict;single_price_evidence,https://caau.syd1.cdn.digitaloceanspaces.com/wp-content/uploads/catalogue/coles/coles-catalogue-march-5-11-2025-vic-metro/3.jpg,https://www.catalogueau.com/coles/#catalogue=coles/coles-catalogue-march-5-11-2025-vic-metro/,displayed_price,displayed_price,1,review
Coles,VIC METRO,"Coles Catalogue March 5 - 11, 2025 VIC METRO",2025-03-05,2025-03-12,3,Ritz Crackers 227g,1.75,3.5,1.75,50.0,half_price,227g,$0.77 per 100g,SAVE 51.75 | WASS3.50 | Ritz Crackers 227g | $0.77 per 100g,96.71,False,,https://caau.syd1.cdn.digitaloceanspaces.com/wp-content/uploads/catalogue/coles/coles-catalogue-march-5-11-2025-vic-metro/3.jpg,https://www.catalogueau.com/coles/#catalogue=coles/coles-catalogue-march-5-11-2025-vic-metro/,save_was_arithmetic,displayed_price;save_was_arithmetic;unit_price,3,verified
Coles,VIC METRO,"Coles Catalogue March 5 - 11, 2025 VIC METRO",2025-03-05,2025-03-12,3,Cobs Popcorn 80g-120g,1.75,3.5,1.75,50.0,half_price,80g; 120g,,SAVE51.75 | WASS3.50 | Cobs Popcorn 80g-120g,89.83,True,single_price_evidence,https://caau.syd1.cdn.digitaloceanspaces.com/wp-content/uploads/catalogue/coles/coles-catalogue-march-5-11-2025-vic-metro/3.jpg,https://www.catalogueau.com/coles/#catalogue=coles/coles-catalogue-march-5-11-2025-vic-metro/,unknown,,0,review
Coles,VIC METRO,"Coles Catalogue March 5 - 11, 2025 VIC METRO",2025-03-05,2025-03-12,3,Powerade Sports Drink or Active Water 600mL,2.2,4.4,2.2,50.0,half_price,600mL,$3.67 per litre,SAVE'2.20 | WASS4.40 | Powerade Sports Drink | or Active Water 600mL | $3.67 per litre,95.09,False,,https://caau.syd1.cdn.digitaloceanspaces.com/wp-content/uploads/catalogue/coles/coles-catalogue-march-5-11-2025-vic-metro/3.jpg,https://www.catalogueau.com/coles/#catalogue=coles/coles-catalogue-march-5-11-2025-vic-metro/,save_was_arithmetic,save_was_arithmetic;unit_price,2,verified
Coles,VIC METRO,"Coles Catalogue March 5 - 11, 2025 VIC METRO",2025-03-05,2025-03-12,3,Olina's Artisan Crackers 90g-100g,2.25,4.5,2.25,50.0,half_price,90g; 100g,,SAVE52.25 | WASS4.50 | Olina's Artisan Crackers | 90g-100g,92.44,True,single_price_evidence,https://caau.syd1.cdn.digitaloceanspaces.com/wp-content/uploads/catalogue/coles/coles-catalogue-march-5-11-2025-vic-metro/3.jpg,https://www.catalogueau.com/coles/#catalogue=coles/coles-catalogue-march-5-11-2025-vic-metro/,displayed_price,displayed_price,1,review
Coles,VIC METRO,"Coles Catalogue March 5 - 11, 2025 VIC METRO",2025-03-05,2025-03-12,3,Bhuja Mix 140g-160g VIC-METRO-0503-25-345401,2.25,4.5,2.25,50.0,half_price,140g; 160g,,SAVES2.25 | WAS$4.50 | Bhuja Mix 140g-160g | VIC-METRO-0503-25-345401,92.21,False,,https://caau.syd1.cdn.digitaloceanspaces.com/wp-content/uploads/catalogue/coles/coles-catalogue-march-5-11-2025-vic-metro/3.jpg,https://www.catalogueau.com/coles/#catalogue=coles/coles-catalogue-march-5-11-2025-vic-metro/,save_was_arithmetic,displayed_price;save_was_arithmetic,2,verified
Coles,VIC METRO,"Coles Catalogue March 5 - 11, 2025 VIC METRO",2025-03-05,2025-03-12,3,Allen's Lollies 140g-200g,2.5,5.0,2.5,50.0,half_price,140g; 200g,,SAVES2.50 | WASS5 | Allen's Lollies 140g-200g,93.64,False,,https://caau.syd1.cdn.digitaloceanspaces.com/wp-content/uploads/catalogue/coles/coles-catalogue-march-5-11-2025-vic-metro/3.jpg,https://www.catalogueau.com/coles/#catalogue=coles/coles-catalogue-march-5-11-2025-vic-metro/,save_was_arithmetic,displayed_price;save_was_arithmetic,2,verified
Coles,VIC METRO,"Coles Catalogue March 5 - 11, 2025 VIC METRO",2025-03-05,2025-03-12,3,"Pepsi, Solo or Schweppes Soft Drink 10x375mL",9.5,19.0,9.5,50.0,half_price,10x375mL,$2.53 per litre,"SAVE59.50 | WASS19 | Pepsi, Solo or Schweppes | Soft Drink 10x375mL | $2.53 per litre",94.99,False,,https://caau.syd1.cdn.digitaloceanspaces.com/wp-content/uploads/catalogue/coles/coles-catalogue-march-5-11-2025-vic-metro/3.jpg,https://www.catalogueau.com/coles/#catalogue=coles/coles-catalogue-march-5-11-2025-vic-metro/,displayed_price,displayed_price;unit_price,2,verified
Coles,VIC METRO,"Coles Catalogue March 5 - 11, 2025 VIC METRO",2025-03-05,2025-03-12,4,Suimin Noodle Cup 70g,1.2,2.4,1.2,50.0,half_price,70g,$1.71 per 100g,SAVE‘1.20 | WASS2.40 | Suimin Noodle Cup 70g | $1.71 per 100g,94.55,False,,https://caau.syd1.cdn.digitaloceanspaces.com/wp-content/uploads/catalogue/coles/coles-catalogue-march-5-11-2025-vic-metro/4.jpg,https://www.catalogueau.com/coles/#catalogue=coles/coles-catalogue-march-5-11-2025-vic-metro/,save_was_arithmetic,save_was_arithmetic;unit_price,2,verified
Coles,VIC METRO,"Coles Catalogue March 5 - 11, 2025 VIC METRO",2025-03-05,2025-03-12,4,Vitasoy Oat Milk 1 Litre,1.65,3.3,1.65,50.0,half_price,1 Litre,$1.65 per litre,SAVE*1.65 | WASS3.30 | Vitasoy Oat Milk 1 Litre | $1.65 per litre,95.04,False,,https://caau.syd1.cdn.digitaloceanspaces.com/wp-content/uploads/catalogue/coles/coles-catalogue-march-5-11-2025-vic-metro/4.jpg,https://www.catalogueau.com/coles/#catalogue=coles/coles-catalogue-march-5-11-2025-vic-metro/,save_was_arithmetic,displayed_price;save_was_arithmetic;unit_price,3,verified
Coles,VIC METRO,"Coles Catalogue March 5 - 11, 2025 VIC METRO",2025-03-05,2025-03-12,4,MasterFoods Squeeze Tomato or Barbecue Sauce 475mL-500mL,2.1,4.2,2.1,50.0,half_price,475mL; 500mL,,SAVE2.10 | WASS4.20 | MasterFoods Squeeze Tomato | or Barbecue Sauce | 475mL-500mL,92.66,False,,https://caau.syd1.cdn.digitaloceanspaces.com/wp-content/uploads/catalogue/coles/coles-catalogue-march-5-11-2025-vic-metro/4.jpg,https://www.catalogueau.com/coles/#catalogue=coles/coles-catalogue-march-5-11-2025-vic-metro/,save_was_arithmetic,displayed_price;save_was_arithmetic,2,verified
Coles,VIC METRO,"Coles Catalogue March 5 - 11, 2025 VIC METRO",2025-03-05,2025-03-12,4,Kellogg's K-Time Bars 165g-185g,2.75,5.5,2.75,50.0,half_price,165g; 185g,,SAVE52.75 | WASS5.50 | Kellogg's K-Time Bars | 165g-185g,86.51,True,single_price_evidence,https://caau.syd1.cdn.digitaloceanspaces.com/wp-content/uploads/catalogue/coles/coles-catalogue-march-5-11-2025-vic-metro/4.jpg,https://www.catalogueau.com/coles/#catalogue=coles/coles-catalogue-march-5-11-2025-vic-metro/,displayed_price,displayed_price,1,review
Coles,VIC METRO,"Coles Catalogue March 5 - 11, 2025 VIC METRO",2025-03-05,2025-03-12,4,The Spice Tailor Asian or Indian Meal Kit 225g-500g,3.1,6.2,3.1,50.0,half_price,225g; 500g,,SAVE53.10 | WASS6.20 | The Spice Tailor Asian or | Indian Meal Kit 225g-500g,95.26,True,single_price_evidence,https://caau.syd1.cdn.digitaloceanspaces.com/wp-content/uploads/catalogue/coles/coles-catalogue-march-5-11-2025-vic-metro/4.jpg,https://www.catalogueau.com/coles/#catalogue=coles/coles-catalogue-march-5-11-2025-vic-metro/,displayed_price,displayed_price,1,review
Coles,VIC METRO,"Coles Catalogue March 5 - 11, 2025 VIC METRO",2025-03-05,2025-03-12,4,Twinings Tea Bags 80 Pack-100 Pack,6.75,13.5,6.75,50.0,half_price,80 Pack; 100 Pack,,SAVES6.75 | WASS$13.50 | Twinings Tea Bags | 80 Pack-100 Pack | VIC-METRO-0503-25-345401,94.7,True,single_price_evidence,https://caau.syd1.cdn.digitaloceanspaces.com/wp-content/uploads/catalogue/coles/coles-catalogue-march-5-11-2025-vic-metro/4.jpg,https://www.catalogueau.com/coles/#catalogue=coles/coles-catalogue-march-5-11-2025-vic-metro/,save_was_arithmetic,save_was_arithmetic,1,review
Coles,VIC METRO,"Coles Catalogue March 5 - 11, 2025 VIC METRO",2025-03-05,2025-03-12,4,Lavazza Qualita Oro Coffee Beans or Ground 500g,12.5,25.0,12.5,50.0,half_price,500g,$2.50 per 100g,SAVE%12.50 | WAS$25 | Lavazza Qualita Oro Coffee | Beans or Ground 500g | $2.50 per 100g,94.87,False,,https://caau.syd1.cdn.digitaloceanspaces.com/wp-content/uploads/catalogue/coles/coles-catalogue-march-5-11-2025-vic-metro/4.jpg,https://www.catalogueau.com/coles/#catalogue=coles/coles-catalogue-march-5-11-2025-vic-metro/,save_was_arithmetic,displayed_price;save_was_arithmetic;unit_price,3,verified
Coles,VIC METRO,"Coles Catalogue March 5 - 11, 2025 VIC METRO",2025-03-05,2025-03-12,4,Gold Sunset Canola or Vegetable Oil 4 Litre,15.0,30.0,15.0,50.0,half_price,4 Litre,$0.38 per 100mL,SAVES15 | WAS$30 | Gold Sunset Canola or | Vegetable Oil 4 Litre | $0.38 per 100mL,96.34,False,,https://caau.syd1.cdn.digitaloceanspaces.com/wp-content/uploads/catalogue/coles/coles-catalogue-march-5-11-2025-vic-metro/4.jpg,https://www.catalogueau.com/coles/#catalogue=coles/coles-catalogue-march-5-11-2025-vic-metro/,save_was_arithmetic,displayed_price;save_was_arithmetic,2,verified
Coles,VIC METRO,"Coles Catalogue March 5 - 11, 2025 VIC METRO",2025-03-05,2025-03-12,4,Genki Forest Sparkling Water Lychee 6x330mL,0.92,,,,special,6x330mL,$0.92 per each,Genki Forest Sparkling | Water Lychee 6x330mL | $0.92 per each,94.98,True,offer_labels_missing;save_amount_missing;regular_price_missing;inferred_price_requires_review,https://caau.syd1.cdn.digitaloceanspaces.com/wp-content/uploads/catalogue/coles/coles-catalogue-march-5-11-2025-vic-metro/4.jpg,https://www.catalogueau.com/coles/#catalogue=coles/coles-catalogue-march-5-11-2025-vic-metro/,unit_price,grid_inference;unit_price,1,review
Coles,VIC METRO,"Coles Catalogue March 5 - 11, 2025 VIC METRO",2025-03-05,2025-03-12,5,Nature's Way Adult Vita Gummies Women's Multivitamin 100 Pack,12.0,24.0,12.0,50.0,half_price,100 Pack,$12.00 per 100 each,SAVE%12 | WAS$24 | Nature's Way Adult | Vita Gummies Women's | Multivitamin 100 Pack | $12.00 per 100 each,95.48,False,,https://caau.syd1.cdn.digitaloceanspaces.com/wp-content/uploads/catalogue/coles/coles-catalogue-march-5-11-2025-vic-metro/5.jpg,https://www.catalogueau.com/coles/#catalogue=coles/coles-catalogue-march-5-11-2025-vic-metro/,save_was_arithmetic,displayed_price;save_was_arithmetic;unit_price,3,verified
Coles,VIC METRO,"Coles Catalogue March 5 - 11, 2025 VIC METRO",2025-03-05,2025-03-12,5,Nature's Way Kids Smart Probiotic Choc Balls 50 Pack,8.75,17.5,8.75,50.0,half_price,50 Pack,$17.50 per 100 each,SAVES8.75 | WASS17.50 | Nature's Way Kids Smart | Probiotic Choc Balls 50 Pack | $17.50 per 100 each,96.58,False,,https://caau.syd1.cdn.digitaloceanspaces.com/wp-content/uploads/catalogue/coles/coles-catalogue-march-5-11-2025-vic-metro/5.jpg,https://www.catalogueau.com/coles/#catalogue=coles/coles-catalogue-march-5-11-2025-vic-metro/,save_was_arithmetic,save_was_arithmetic;unit_price,2,verified
Coles,VIC METRO,"Coles Catalogue March 5 - 11, 2025 VIC METRO",2025-03-05,2025-03-12,5,Nature's Way High Strength Magnesium Tablets 150 Pack,12.0,24.0,12.0,50.0,half_price,150 Pack,$8.00 per 100 each,WAS $24 | WAS $24 | Nature's Way High Strength | Magnesium Tablets 150 Pack | $8.00 per 100 each,96.09,False,,https://caau.syd1.cdn.digitaloceanspaces.com/wp-content/uploads/catalogue/coles/coles-catalogue-march-5-11-2025-vic-metro/5.jpg,https://www.catalogueau.com/coles/#catalogue=coles/coles-catalogue-march-5-11-2025-vic-metro/,displayed_price,displayed_price;unit_price,2,verified
Coles,VIC METRO,"Coles Catalogue March 5 - 11, 2025 VIC METRO",2025-03-05,2025-03-12,5,Nature's Way Adult Vita Gummies Probiotic + Prebiotic 65 Pack,12.5,25.0,12.5,50.0,half_price,65 Pack,$19.23 per 100 each,SAVE%12.50 | WAS$25 | Nature's Way Adult Vita | Gummies Probiotic + Prebiotic | 65 Pack $19.23 per 100 each,94.8,False,,https://caau.syd1.cdn.digitaloceanspaces.com/wp-content/uploads/catalogue/coles/coles-catalogue-march-5-11-2025-vic-metro/5.jpg,https://www.catalogueau.com/coles/#catalogue=coles/coles-catalogue-march-5-11-2025-vic-metro/,save_was_arithmetic,save_was_arithmetic;unit_price,2,verified
Coles,VIC METRO,"Coles Catalogue March 5 - 11, 2025 VIC METRO",2025-03-05,2025-03-12,5,Nature's Way Beauty Collagen Shots 10 Pack x 50m,19.0,38.0,19.0,50.0,half_price,10 Pack,$3.80 per 100mL,SAVE%19 | WAS$38 | Nature's Way Beauty Collagen | Shots 10 Pack x 50m | $3.80 per 100mL,96.15,False,,https://caau.syd1.cdn.digitaloceanspaces.com/wp-content/uploads/catalogue/coles/coles-catalogue-march-5-11-2025-vic-metro/5.jpg,https://www.catalogueau.com/coles/#catalogue=coles/coles-catalogue-march-5-11-2025-vic-metro/,save_was_arithmetic,displayed_price;save_was_arithmetic,2,verified
Coles,VIC METRO,"Coles Catalogue March 5 - 11, 2025 VIC METRO",2025-03-05,2025-03-12,5,Nature's Way Kids Smart Vita Gummies Multi-Vitamin Plus 120 Pack,15.0,30.0,15.0,50.0,half_price,120 Pack,$12.50 per 100 each,WASS30 | WASS30 | Nature's Way Kids Smart Vita | Gummies Multi-Vitamin Plus | 120 Pack $12.50 per 100 each,86.68,False,,https://caau.syd1.cdn.digitaloceanspaces.com/wp-content/uploads/catalogue/coles/coles-catalogue-march-5-11-2025-vic-metro/5.jpg,https://www.catalogueau.com/coles/#catalogue=coles/coles-catalogue-march-5-11-2025-vic-metro/,displayed_price,displayed_price;unit_price,2,verified
Coles,VIC METRO,"Coles Catalogue March 5 - 11, 2025 VIC METRO",2025-03-05,2025-03-12,5,Cenovis Sugarless C 500mg Tablets 160 Pack,7.25,14.5,7.25,50.0,half_price,160 Pack,,SAVE‘S7.25 | WASS14.50 | Cenovis Sugarless C 500mg | Tablets 160 Pack $4.53 per | 100 each. On sale for 2 weeks,94.46,True,single_price_evidence,https://caau.syd1.cdn.digitaloceanspaces.com/wp-content/uploads/catalogue/coles/coles-catalogue-march-5-11-2025-vic-metro/5.jpg,https://www.catalogueau.com/coles/#catalogue=coles/coles-catalogue-march-5-11-2025-vic-metro/,save_was_arithmetic,save_was_arithmetic,1,review
Coles,VIC METRO,"Coles Catalogue March 5 - 11, 2025 VIC METRO",2025-03-05,2025-03-12,5,"Cenovis Echinacea, Garlic, Zinc + C Tablets 125 Pack",15.5,31.0,15.5,50.0,half_price,125 Pack,,"SAVE‘15.50 | WASS31 | Cenovis Echinacea, Garlic, Zinc | + C Tablets 125 Pack $12.40 per | 100 each. On sale for 2 weeks",94.0,True,single_price_evidence,https://caau.syd1.cdn.digitaloceanspaces.com/wp-content/uploads/catalogue/coles/coles-catalogue-march-5-11-2025-vic-metro/5.jpg,https://www.catalogueau.com/coles/#catalogue=coles/coles-catalogue-march-5-11-2025-vic-metro/,save_was_arithmetic,save_was_arithmetic,1,review
Coles,VIC METRO,"Coles Catalogue March 5 - 11, 2025 VIC METRO",2025-03-05,2025-03-12,5,Cenovis Mega C 1000mg Tablets 60 Pack,6.75,13.5,6.75,50.0,half_price,60 Pack,,WASS13.50 | WASS13.50 | Cenovis Mega C 1000mg | Tablets 60 Pack $11.25 per | 100 each,93.4,True,single_price_evidence,https://caau.syd1.cdn.digitaloceanspaces.com/wp-content/uploads/catalogue/coles/coles-catalogue-march-5-11-2025-vic-metro/5.jpg,https://www.catalogueau.com/coles/#catalogue=coles/coles-catalogue-march-5-11-2025-vic-metro/,displayed_price,displayed_price,1,review
Coles,VIC METRO,"Coles Catalogue March 5 - 11, 2025 VIC METRO",2025-03-05,2025-03-12,5,Nature's Own Glucosamine Sulfate with Chondroitin Tablets 200 Pack,17.0,34.0,17.0,50.0,half_price,200 Pack,$8.50 per 100 each,SAVES17 | WAS$34 | Nature's Own Glucosamine | Sulfate with Chondroitin Tablets | 200 Pack $8.50 per 100 each. | On sale for 2 weeks,96.45,False,,https://caau.syd1.cdn.digitaloceanspaces.com/wp-content/uploads/catalogue/coles/coles-catalogue-march-5-11-2025-vic-metro/5.jpg,https://www.catalogueau.com/coles/#catalogue=coles/coles-catalogue-march-5-11-2025-vic-metro/,save_was_arithmetic,displayed_price;save_was_arithmetic;unit_price,3,verified
Coles,VIC METRO,"Coles Catalogue March 5 - 11, 2025 VIC METRO",2025-03-05,2025-03-12,5,Nature's Own Vitamin B12 1000mcg Tablets 150 Pack,18.0,36.0,18.0,50.0,half_price,150 Pack,$12.00 per 100 each,WAS$36 | WAS$36 | Nature's Own Vitamin B12 | 1000mcg Tablets 150 Pack | $12.00 per 100 each | On sale for 2 weeks,95.33,False,,https://caau.syd1.cdn.digitaloceanspaces.com/wp-content/uploads/catalogue/coles/coles-catalogue-march-5-11-2025-vic-metro/5.jpg,https://www.catalogueau.com/coles/#catalogue=coles/coles-catalogue-march-5-11-2025-vic-metro/,displayed_price,displayed_price;unit_price,2,verified
Coles,VIC METRO,"Coles Catalogue March 5 - 11, 2025 VIC METRO",2025-03-05,2025-03-12,5,Ostelin Calcium DK2 Tablets 60 Pack,20.5,41.0,20.5,50.0,half_price,60 Pack,$34.17 per 100 each,Ostelin Calcium DK2 Tablets | 60 Pack $34.17 per 100 each,95.09,True,offer_labels_missing;regular_and_save_inferred_from_half_price;inferred_price_requires_review,https://caau.syd1.cdn.digitaloceanspaces.com/wp-content/uploads/catalogue/coles/coles-catalogue-march-5-11-2025-vic-metro/5.jpg,https://www.catalogueau.com/coles/#catalogue=coles/coles-catalogue-march-5-11-2025-vic-metro/,unit_price,grid_inference;unit_price,1,review
Coles,VIC METRO,"Coles Catalogue March 5 - 11, 2025 VIC METRO",2025-03-05,2025-03-12,6,Schick Quattro 4 Titanium Razor Kit with 5 Refill Blades 1 Pack,8.0,46.5,38.5,82.8,save_amount,1 Pack,,"SAVE. 38,50 | Schick Quattro 4 Titanium | Razor Kit with 5 Refill Blades | 1 Pack",94.81,True,single_price_evidence,https://caau.syd1.cdn.digitaloceanspaces.com/wp-content/uploads/catalogue/coles/coles-catalogue-march-5-11-2025-vic-metro/6.jpg,https://www.catalogueau.com/coles/#catalogue=coles/coles-catalogue-march-5-11-2025-vic-metro/,displayed_price,displayed_price,1,review
Coles,VIC METRO,"Coles Catalogue March 5 - 11, 2025 VIC METRO",2025-03-05,2025-03-12,6,Beach Rd Naturals Body Bar 150g,2.0,4.0,2.0,50.0,half_price,150g,$1.33 per 100g,SAVE'2 | WASS4 | Beach Rd Naturals Body Bar | 150g $1.33 per 100g,96.44,False,,https://caau.syd1.cdn.digitaloceanspaces.com/wp-content/uploads/catalogue/coles/coles-catalogue-march-5-11-2025-vic-metro/6.jpg,https://www.catalogueau.com/coles/#catalogue=coles/coles-catalogue-march-5-11-2025-vic-metro/,save_was_arithmetic,displayed_price;save_was_arithmetic;unit_price,3,verified
Coles,VIC METRO,"Coles Catalogue March 5 - 11, 2025 VIC METRO",2025-03-05,2025-03-12,6,Colgate Total Advanced Toothpaste 115g,3.5,7.0,3.5,50.0,half_price,115g,$3.04 per 100g,SAVE°3.50 | Colgate Total Advanced | Toothpaste 115g | $3.04 per 100g,96.29,False,,https://caau.syd1.cdn.digitaloceanspaces.com/wp-content/uploads/catalogue/coles/coles-catalogue-march-5-11-2025-vic-metro/6.jpg,https://www.catalogueau.com/coles/#catalogue=coles/coles-catalogue-march-5-11-2025-vic-metro/,displayed_price,displayed_price;unit_price,2,verified
Coles,VIC METRO,"Coles Catalogue March 5 - 11, 2025 VIC METRO",2025-03-05,2025-03-12,6,Maui Shampoo or Conditioner 385mL,10.0,20.0,10.0,50.0,half_price,385mL,$2.60 per 100mL,SAVE*10 | WAS $20 | Maui Shampoo or Conditioner | 385mL $2.60 per 100mL | 2nd week on sale,94.63,False,,https://caau.syd1.cdn.digitaloceanspaces.com/wp-content/uploads/catalogue/coles/coles-catalogue-march-5-11-2025-vic-metro/6.jpg,https://www.catalogueau.com/coles/#catalogue=coles/coles-catalogue-march-5-11-2025-vic-metro/,save_was_arithmetic,displayed_price;save_was_arithmetic;unit_price,3,verified
Coles,VIC METRO,"Coles Catalogue March 5 - 11, 2025 VIC METRO",2025-03-05,2025-03-12,6,Pantene Shampoo or Conditioner 900mL,10.0,20.0,10.0,50.0,half_price,900mL,$1.11 per 100mL,SAVE*10 | ‘WAS§20_ | Pantene Shampoo or | Conditioner 900mL | $1.11 per 100mL,94.54,False,,https://caau.syd1.cdn.digitaloceanspaces.com/wp-content/uploads/catalogue/coles/coles-catalogue-march-5-11-2025-vic-metro/6.jpg,https://www.catalogueau.com/coles/#catalogue=coles/coles-catalogue-march-5-11-2025-vic-metro/,save_was_arithmetic,displayed_price;save_was_arithmetic;unit_price,3,verified
Coles,VIC METRO,"Coles Catalogue March 5 - 11, 2025 VIC METRO",2025-03-05,2025-03-12,6,Ogx Argan Oil of Morocco Shampoo or Conditioner 385mL,11.5,23.0,11.5,50.0,half_price,385mL,$2.99 per 100mL,SAVE*11.50 | Ogx Argan Oil of Morocco | Shampoo or Conditioner | 385mL $2.99 per 100mL,94.91,True,single_price_evidence,https://caau.syd1.cdn.digitaloceanspaces.com/wp-content/uploads/catalogue/coles/coles-catalogue-march-5-11-2025-vic-metro/6.jpg,https://www.catalogueau.com/coles/#catalogue=coles/coles-catalogue-march-5-11-2025-vic-metro/,unit_price,unit_price,1,review
Coles,VIC METRO,"Coles Catalogue March 5 - 11, 2025 VIC METRO",2025-03-05,2025-03-12,6,Oral B Pro 800 Cross Action or Floss Action Electric Toothbrush Black 1 Pack,50.0,100.0,50.0,50.0,half_price,1 Pack,,SAVES50 | WASS100 | Oral B Pro 800 Cross Action or | Floss Action Electric Toothbrush | Black 1 Pack,96.09,False,,https://caau.syd1.cdn.digitaloceanspaces.com/wp-content/uploads/catalogue/coles/coles-catalogue-march-5-11-2025-vic-metro/6.jpg,https://www.catalogueau.com/coles/#catalogue=coles/coles-catalogue-march-5-11-2025-vic-metro/,save_was_arithmetic,displayed_price;save_was_arithmetic,2,verified
Coles,VIC METRO,"Coles Catalogue March 5 - 11, 2025 VIC METRO",2025-03-05,2025-03-12,6,Essano Expertise Daily Hydration Shampoo or Conditioner 600mL,15.0,30.0,15.0,50.0,half_price,600mL,$2.50 per 100mL,SAVE°15 | WAS$30 | Essano Expertise Daily | Hydration Shampoo or | Conditioner 600mL | $2.50 per 100mL,94.42,False,,https://caau.syd1.cdn.digitaloceanspaces.com/wp-content/uploads/catalogue/coles/coles-catalogue-march-5-11-2025-vic-metro/6.jpg,https://www.catalogueau.com/coles/#catalogue=coles/coles-catalogue-march-5-11-2025-vic-metro/,save_was_arithmetic,displayed_price;save_was_arithmetic;unit_price,3,verified
Coles,VIC METRO,"Coles Catalogue March 5 - 11, 2025 VIC METRO",2025-03-05,2025-03-12,6,Toni & Guy Shampoo or Conditioner 600mL,15.0,30.0,15.0,50.0,half_price,600mL,$2.50 per 100mL,SAVES15 | WASS$30 | Toni & Guy Shampoo | or Conditioner 600mL | $2.50 per 100mL | VIC-METRO-0503-25-345401,94.15,False,,https://caau.syd1.cdn.digitaloceanspaces.com/wp-content/uploads/catalogue/coles/coles-catalogue-march-5-11-2025-vic-metro/6.jpg,https://www.catalogueau.com/coles/#catalogue=coles/coles-catalogue-march-5-11-2025-vic-metro/,save_was_arithmetic,displayed_price;save_was_arithmetic;unit_price,3,verified
Coles,VIC METRO,"Coles Catalogue March 5 - 11, 2025 VIC METRO",2025-03-05,2025-03-12,7,Dove Body Wash 1 Litre,8.5,17.0,8.5,50.0,half_price,1 Litre,$0.85 per 100mL,SAVES3.50 | WASS17 | Dove Body Wash 1 Litre | $0.85 per 100mL | —,96.55,True,single_price_evidence,https://caau.syd1.cdn.digitaloceanspaces.com/wp-content/uploads/catalogue/coles/coles-catalogue-march-5-11-2025-vic-metro/7.jpg,https://www.catalogueau.com/coles/#catalogue=coles/coles-catalogue-march-5-11-2025-vic-metro/,unit_price,unit_price,1,review
Coles,VIC METRO,"Coles Catalogue March 5 - 11, 2025 VIC METRO",2025-03-05,2025-03-12,7,Dove Advanced Care Antiperspirant Roll On Deodorant 50mL,2.5,5.0,2.5,50.0,half_price,50mL,$5.00 per 100mL,SAVES2.50 | Dove Advanced Care Antiperspirant Roll On | Deodorant 50mL $5.00 per 100mL,93.22,True,single_price_evidence,https://caau.syd1.cdn.digitaloceanspaces.com/wp-content/uploads/catalogue/coles/coles-catalogue-march-5-11-2025-vic-metro/7.jpg,https://www.catalogueau.com/coles/#catalogue=coles/coles-catalogue-march-5-11-2025-vic-metro/,unit_price,unit_price,1,review
Coles,VIC METRO,"Coles Catalogue March 5 - 11, 2025 VIC METRO",2025-03-05,2025-03-12,7,Dove Advanced Care Antiperspirant Aerosol Deodorant 250mL,5.75,50.0,44.25,88.5,save_amount,250mL,$2.30 per 100mL,SAVE*S.75 | WASSII.50 | Dove Advanced Care | Antiperspirant Aerosol | Deodorant 250mL | $2.30 per 100mL,94.18,False,,https://caau.syd1.cdn.digitaloceanspaces.com/wp-content/uploads/catalogue/coles/coles-catalogue-march-5-11-2025-vic-metro/7.jpg,https://www.catalogueau.com/coles/#catalogue=coles/coles-catalogue-march-5-11-2025-vic-metro/,displayed_price,displayed_price;unit_price,2,verified
Coles,VIC METRO,"Coles Catalogue March 5 - 11, 2025 VIC METRO",2025-03-05,2025-03-12,7,Dove Beauty Bar Soap 4 Pack 360g,4.25,8.5,4.25,50.0,half_price,4 Pack; 360g,$1.18 per 100g,SAVES4.25 | WAS$8.50 | Dove Beauty Bar Soap 4 Pack | 360g $1.18 per 100g,96.19,False,,https://caau.syd1.cdn.digitaloceanspaces.com/wp-content/uploads/catalogue/coles/coles-catalogue-march-5-11-2025-vic-metro/7.jpg,https://www.catalogueau.com/coles/#catalogue=coles/coles-catalogue-march-5-11-2025-vic-metro/,save_was_arithmetic,displayed_price;save_was_arithmetic;unit_price,3,verified
Coles,VIC METRO,"Coles Catalogue March 5 - 11, 2025 VIC METRO",2025-03-05,2025-03-12,7,Dettol Antibacterial Hand Wash Refill 950mL,5.0,10.0,5.0,50.0,half_price,950mL,$0.53 per 100mL,SAVES5 | WASS10 | Dettol Antibacterial Hand | Wash Refill 950mL | $0.53 per 100mL,91.64,False,,https://caau.syd1.cdn.digitaloceanspaces.com/wp-content/uploads/catalogue/coles/coles-catalogue-march-5-11-2025-vic-metro/7.jpg,https://www.catalogueau.com/coles/#catalogue=coles/coles-catalogue-march-5-11-2025-vic-metro/,save_was_arithmetic,displayed_price;save_was_arithmetic;unit_price,3,verified
Coles,VIC METRO,"Coles Catalogue March 5 - 11, 2025 VIC METRO",2025-03-05,2025-03-12,7,Stayfree Ultra Thin Pads with Wings Regular 14 Pack or All Nights 10 Pack,3.0,6.0,3.0,50.0,half_price,14 Pack; 10 Pack,,"SAVE’3 | WASS6 | Stayfree Ultra Thin Pads with | Wings Regular 14 Pack or | All Nights 10 Pack | TExcludes Every Day, Down Down & clearance items",95.66,False,,https://caau.syd1.cdn.digitaloceanspaces.com/wp-content/uploads/catalogue/coles/coles-catalogue-march-5-11-2025-vic-metro/7.jpg,https://www.catalogueau.com/coles/#catalogue=coles/coles-catalogue-march-5-11-2025-vic-metro/,save_was_arithmetic,displayed_price;save_was_arithmetic,2,verified
Coles,VIC METRO,"Coles Catalogue March 5 - 11, 2025 VIC METRO",2025-03-05,2025-03-12,7,Carefree Barely There Unscented or Aloe Liners 42 Pack,2.75,5.5,2.75,50.0,half_price,42 Pack,$0.07 per each,SAVE52.75 | WASS5.50 | Carefree Barely There | Unscented or Aloe Liners | 42 Pack $0.07 per each,96.32,True,single_price_evidence,https://caau.syd1.cdn.digitaloceanspaces.com/wp-content/uploads/catalogue/coles/coles-catalogue-march-5-11-2025-vic-metro/7.jpg,https://www.catalogueau.com/coles/#catalogue=coles/coles-catalogue-march-5-11-2025-vic-metro/,displayed_price,displayed_price,1,review
Coles,VIC METRO,"Coles Catalogue March 5 - 11, 2025 VIC METRO",2025-03-05,2025-03-12,7,Bonds Bloody Comfy Period Full Brief Heavy Assorted Sizes 1 Pack,12.5,25.0,12.5,50.0,half_price,1 Pack,,Bonds Bloody Comfy Period | Full Brief Heavy Assorted Sizes | 1 Pack,95.84,True,offer_labels_missing;regular_and_save_inferred_from_half_price;inferred_price_requires_review,https://caau.syd1.cdn.digitaloceanspaces.com/wp-content/uploads/catalogue/coles/coles-catalogue-march-5-11-2025-vic-metro/7.jpg,https://www.catalogueau.com/coles/#catalogue=coles/coles-catalogue-march-5-11-2025-vic-metro/,displayed_price,displayed_price;grid_inference,1,review
Coles,VIC METRO,"Coles Catalogue March 5 - 11, 2025 VIC METRO",2025-03-05,2025-03-12,7,Exclusions apply t,4.0,,,,special,,,Exclusions | apply t | iple moisturising | $950,90.91,True,offer_labels_missing;save_amount_missing;regular_price_missing;single_price_evidence,https://caau.syd1.cdn.digitaloceanspaces.com/wp-content/uploads/catalogue/coles/coles-catalogue-march-5-11-2025-vic-metro/7.jpg,https://www.catalogueau.com/coles/#catalogue=coles/coles-catalogue-march-5-11-2025-vic-metro/,displayed_price,displayed_price,1,review
Coles,VIC METRO,"Coles Catalogue March 5 - 11, 2025 VIC METRO",2025-03-05,2025-03-12,8,Vanish Preen Gold Oxi Action Fabric Stain Remover Spray 450mL,4.75,9.5,4.75,50.0,half_price,450mL,$10.56 per litre,SAVES4.75 | ‘WAS$9.50 | Vanish Preen Gold Oxi Action | Fabric Stain Remover Spray 450mL | $10.56 per litre,94.92,False,,https://caau.syd1.cdn.digitaloceanspaces.com/wp-content/uploads/catalogue/coles/coles-catalogue-march-5-11-2025-vic-metro/8.jpg,https://www.catalogueau.com/coles/#catalogue=coles/coles-catalogue-march-5-11-2025-vic-metro/,save_was_arithmetic,save_was_arithmetic;unit_price,2,verified
Coles,VIC METRO,"Coles Catalogue March 5 - 11, 2025 VIC METRO",2025-03-05,2025-03-12,8,Air Wick Ultimate Getaways Amalfi Coast Air Freshener 159g,4.0,8.0,4.0,50.0,half_price,159g,$2.52 per 100g,WASS8 | WASS8 | Air Wick Ultimate Getaways Amalfi Coast | Air Freshener 159g $2.52 per 100g,96.29,False,,https://caau.syd1.cdn.digitaloceanspaces.com/wp-content/uploads/catalogue/coles/coles-catalogue-march-5-11-2025-vic-metro/8.jpg,https://www.catalogueau.com/coles/#catalogue=coles/coles-catalogue-march-5-11-2025-vic-metro/,displayed_price,displayed_price;unit_price,2,verified
Coles,VIC METRO,"Coles Catalogue March 5 - 11, 2025 VIC METRO",2025-03-05,2025-03-12,8,Morning Fresh Dishwashing Liquid 900mL,4.75,9.5,4.75,50.0,half_price,900mL,$0.53 per 100mL,SAVE%4.75 | WASS9.50 | Morning Fresh Dishwashing | Liquid 900mL $0.53 per 100mL,94.69,False,,https://caau.syd1.cdn.digitaloceanspaces.com/wp-content/uploads/catalogue/coles/coles-catalogue-march-5-11-2025-vic-metro/8.jpg,https://www.catalogueau.com/coles/#catalogue=coles/coles-catalogue-march-5-11-2025-vic-metro/,save_was_arithmetic,save_was_arithmetic;unit_price,2,verified
Coles,VIC METRO,"Coles Catalogue March 5 - 11, 2025 VIC METRO",2025-03-05,2025-03-12,8,Finish Dishwasher Deep Cleaner 250mL,5.25,10.5,5.25,50.0,half_price,250mL,$2.10 per 100mL,SAVESS.25 | WASS10.50 | Finish Dishwasher Deep | Cleaner 250mL $2.10 per 100mL | *See page 38 for T&Cs,93.85,False,,https://caau.syd1.cdn.digitaloceanspaces.com/wp-content/uploads/catalogue/coles/coles-catalogue-march-5-11-2025-vic-metro/8.jpg,https://www.catalogueau.com/coles/#catalogue=coles/coles-catalogue-march-5-11-2025-vic-metro/,save_was_arithmetic,displayed_price;save_was_arithmetic;unit_price,3,verified
Coles,VIC METRO,"Coles Catalogue March 5 - 11, 2025 VIC METRO",2025-03-05,2025-03-12,8,Sard Stain Remover Powder 900g-1kg,5.5,11.0,5.5,50.0,half_price,900g; 1kg,,SAVE°5.50 | WASS11 | Sard Stain Remover Powder | 900g-1kg,76.81,True,low_name_confidence_strict;single_price_evidence,https://caau.syd1.cdn.digitaloceanspaces.com/wp-content/uploads/catalogue/coles/coles-catalogue-march-5-11-2025-vic-metro/8.jpg,https://www.catalogueau.com/coles/#catalogue=coles/coles-catalogue-march-5-11-2025-vic-metro/,save_was_arithmetic,save_was_arithmetic,1,review
Coles,VIC METRO,"Coles Catalogue March 5 - 11, 2025 VIC METRO",2025-03-05,2025-03-12,8,Biozet Attack Plus Laundry Liquid 2 Litre or Powder 2kg,13.0,26.0,13.0,50.0,half_price,2 Litre; 2kg,,SAVES13 | WAS$26 | Biozet Attack Plus Laundry | Liquid 2 Litre or Powder 2kg,95.21,False,,https://caau.syd1.cdn.digitaloceanspaces.com/wp-content/uploads/catalogue/coles/coles-catalogue-march-5-11-2025-vic-metro/8.jpg,https://www.catalogueau.com/coles/#catalogue=coles/coles-catalogue-march-5-11-2025-vic-metro/,save_was_arithmetic,displayed_price;save_was_arithmetic,2,verified
Coles,VIC METRO,"Coles Catalogue March 5 - 11, 2025 VIC METRO",2025-03-05,2025-03-12,8,Dynamo Professional Laundry Liquid 2 Litre,14.5,29.0,14.5,50.0,half_price,2 Litre,$7.25 per litre,SAVE*14.50 | WASS$29 | Dynamo Professional Laundry | Liquid 2 Litre $7.25 per litre,96.45,False,,https://caau.syd1.cdn.digitaloceanspaces.com/wp-content/uploads/catalogue/coles/coles-catalogue-march-5-11-2025-vic-metro/8.jpg,https://www.catalogueau.com/coles/#catalogue=coles/coles-catalogue-march-5-11-2025-vic-metro/,save_was_arithmetic,save_was_arithmetic;unit_price,2,verified
Coles,VIC METRO,"Coles Catalogue March 5 - 11, 2025 VIC METRO",2025-03-05,2025-03-12,8,Fluffy In-Wash Scent Booster Beads 250g,8.0,16.0,8.0,50.0,half_price,250g,$32.00 per kg,SAVES8 | WASS16 | Fluffy In-Wash Scent Booster | Beads 250g $32.00 per kg | VIC-METRO-0503-25-345401,95.5,False,,https://caau.syd1.cdn.digitaloceanspaces.com/wp-content/uploads/catalogue/coles/coles-catalogue-march-5-11-2025-vic-metro/8.jpg,https://www.catalogueau.com/coles/#catalogue=coles/coles-catalogue-march-5-11-2025-vic-metro/,save_was_arithmetic,displayed_price;save_was_arithmetic;unit_price,3,verified
Coles,VIC METRO,"Coles Catalogue March 5 - 11, 2025 VIC METRO",2025-03-05,2025-03-12,10,Nestlé Milk Chocolate Mini Eggs Bag 81g-90g,3.5,5.0,1.5,30.0,save_amount,81g; 90g,,SAVE 1.50 | WASS5 | Nestlé Milk Chocolate Mini Eggs | Bag 81g-90g | \) | I),79.0,True,low_name_confidence_strict;single_price_evidence,https://caau.syd1.cdn.digitaloceanspaces.com/wp-content/uploads/catalogue/coles/coles-catalogue-march-5-11-2025-vic-metro/10.jpg,https://www.catalogueau.com/coles/#catalogue=coles/coles-catalogue-march-5-11-2025-vic-metro/,save_was_arithmetic,save_was_arithmetic,1,review
Coles,VIC METRO,"Coles Catalogue March 5 - 11, 2025 VIC METRO",2025-03-05,2025-03-12,10,Coles Finest Swiss Chocolate Easter Eggs Bag 1,3.85,5.5,1.65,30.0,save_amount,,$3.21 per 100g,SAVES1.65 | WASS$5.50 | Coles Finest Swiss Chocolate | Easter Eggs Bag 1 | $3.21 per 100g | HAZELNUT,95.85,True,single_price_evidence,https://caau.syd1.cdn.digitaloceanspaces.com/wp-content/uploads/catalogue/coles/coles-catalogue-march-5-11-2025-vic-metro/10.jpg,https://www.catalogueau.com/coles/#catalogue=coles/coles-catalogue-march-5-11-2025-vic-metro/,save_was_arithmetic,save_was_arithmetic,1,review
Coles,VIC METRO,"Coles Catalogue March 5 - 11, 2025 VIC METRO",2025-03-05,2025-03-12,10,Mars Speckled Easter Eggs Bag 130g-1,20.0,21.8,1.8,8.26,save_amount,130g,,SAVE 1.80 | Mars Speckled Easter Eggs Bag | 130g-1,93.63,True,single_price_evidence,https://caau.syd1.cdn.digitaloceanspaces.com/wp-content/uploads/catalogue/coles/coles-catalogue-march-5-11-2025-vic-metro/10.jpg,https://www.catalogueau.com/coles/#catalogue=coles/coles-catalogue-march-5-11-2025-vic-metro/,displayed_price,displayed_price,1,review
Coles,VIC METRO,"Coles Catalogue March 5 - 11, 2025 VIC METRO",2025-03-05,2025-03-12,10,Kinder Surprise Easter Bunny 75g,4.9,7.0,2.1,30.0,save_amount,75g,$6.53 per 100g,SAVE52.10 | WASS7 | Kinder Surprise Easter Bunny 75g | $6.53 per 100g | VW | 1 2,96.32,False,,https://caau.syd1.cdn.digitaloceanspaces.com/wp-content/uploads/catalogue/coles/coles-catalogue-march-5-11-2025-vic-metro/10.jpg,https://www.catalogueau.com/coles/#catalogue=coles/coles-catalogue-march-5-11-2025-vic-metro/,displayed_price,displayed_price;unit_price,2,verified
Coles,VIC METRO,"Coles Catalogue March 5 - 11, 2025 VIC METRO",2025-03-05,2025-03-12,10,Ferrero Collection Easter Eggs Bag 100g,5.6,8.0,2.4,30.0,save_amount,100g,$5.60 per 100g,SAVE 2.40 | WASS8 | Ferrero Collection Easter Eggs | Bag 100g $5.60 per 100g | w) | sf,96.38,False,,https://caau.syd1.cdn.digitaloceanspaces.com/wp-content/uploads/catalogue/coles/coles-catalogue-march-5-11-2025-vic-metro/10.jpg,https://www.catalogueau.com/coles/#catalogue=coles/coles-catalogue-march-5-11-2025-vic-metro/,save_was_arithmetic,displayed_price;save_was_arithmetic;unit_price,3,verified
Coles,VIC METRO,"Coles Catalogue March 5 - 11, 2025 VIC METRO",2025-03-05,2025-03-12,10,Cadbury Dairy Milk Bunnies Share Pack 180g-192g,6.3,9.0,2.7,30.0,save_amount,180g; 192g,,SAVE*2.70 | WASS9 | Cadbury Dairy Milk Bunnies | Share Pack 180g-192g | as | y | sf,95.0,True,single_price_evidence,https://caau.syd1.cdn.digitaloceanspaces.com/wp-content/uploads/catalogue/coles/coles-catalogue-march-5-11-2025-vic-metro/10.jpg,https://www.catalogueau.com/coles/#catalogue=coles/coles-catalogue-march-5-11-2025-vic-metro/,save_was_arithmetic,save_was_arithmetic,1,review
Coles,VIC METRO,"Coles Catalogue March 5 - 11, 2025 VIC METRO",2025-03-05,2025-03-12,10,Lindt Gold Bunny 100g,7.0,10.0,3.0,30.0,save_amount,100g,$7.00 per 100g,WASS10 | WASS10 | Lindt Gold Bunny 100g | $7.00 per 100g,96.34,False,,https://caau.syd1.cdn.digitaloceanspaces.com/wp-content/uploads/catalogue/coles/coles-catalogue-march-5-11-2025-vic-metro/10.jpg,https://www.catalogueau.com/coles/#catalogue=coles/coles-catalogue-march-5-11-2025-vic-metro/,displayed_price,displayed_price;page_discount;unit_price,2,verified
Coles,VIC METRO,"Coles Catalogue March 5 - 11, 2025 VIC METRO",2025-03-05,2025-03-12,10,Coles Milk Chocolate Mini Eggs 500g,6.3,,,,special,500g,$1.26 per 100g,Coles Milk Chocolate Mini Eggs | 500g $1.26 per 100g | VIC-METRO-0503-25-345401,96.53,False,,https://caau.syd1.cdn.digitaloceanspaces.com/wp-content/uploads/catalogue/coles/coles-catalogue-march-5-11-2025-vic-metro/10.jpg,https://www.catalogueau.com/coles/#catalogue=coles/coles-catalogue-march-5-11-2025-vic-metro/,displayed_price,displayed_price;unit_price,2,verified
Coles,VIC METRO,"Coles Catalogue March 5 - 11, 2025 VIC METRO",2025-03-05,2025-03-12,10,Red Tulip Elegant Rabbit 200g,6.3,,,,special,200g,$3.15 per 100g,"Red Tulip Elegant Rabbit 200g | $3.15 per 100g | TExcludes Boxed Chocolates, Every Day & clearance items. While stocks last. No rainchecks | 10",96.52,False,,https://caau.syd1.cdn.digitaloceanspaces.com/wp-content/uploads/catalogue/coles/coles-catalogue-march-5-11-2025-vic-metro/10.jpg,https://www.catalogueau.com/coles/#catalogue=coles/coles-catalogue-march-5-11-2025-vic-metro/,displayed_price,displayed_price;unit_price,2,verified
Coles,VIC METRO,"Coles Catalogue March 5 - 11, 2025 VIC METRO",2025-03-05,2025-03-12,11,Cadbury Dairy Milk Chocolate Easter Egg Hunt Carton 187g,7.0,10.0,3.0,30.0,save_amount,187g,$3.74 per 100g,SAVES3 | WASS10 | Cadbury Dairy Milk Chocolate | Easter Egg Hunt Carton 187g | $3.74 per 100g | Oy,96.32,False,,https://caau.syd1.cdn.digitaloceanspaces.com/wp-content/uploads/catalogue/coles/coles-catalogue-march-5-11-2025-vic-metro/11.jpg,https://www.catalogueau.com/coles/#catalogue=coles/coles-catalogue-march-5-11-2025-vic-metro/,save_was_arithmetic,displayed_price;save_was_arithmetic;unit_price,3,verified
Coles,VIC METRO,"Coles Catalogue March 5 - 11, 2025 VIC METRO",2025-03-05,2025-03-12,11,Cadbury Humpty Dumpty Easter Egg Gift Box 132g,6.65,9.5,2.85,30.0,save_amount,132g,$5.04 per 100g,SAVES2.85 | WASS$9.50 | Cadbury Humpty Dumpty Easter | Egg Gift Box 132g $5.04 per 100g | Oo,95.92,False,,https://caau.syd1.cdn.digitaloceanspaces.com/wp-content/uploads/catalogue/coles/coles-catalogue-march-5-11-2025-vic-metro/11.jpg,https://www.catalogueau.com/coles/#catalogue=coles/coles-catalogue-march-5-11-2025-vic-metro/,save_was_arithmetic,displayed_price;save_was_arithmetic;unit_price,3,verified
Coles,VIC METRO,"Coles Catalogue March 5 - 11, 2025 VIC METRO",2025-03-05,2025-03-12,11,Cadbury Dairy Milk Chocolate Easter Egg Gift Box 153g-172g,8.4,12.0,3.6,30.0,save_amount,153g; 172g,,"SAVE'3.60 | WASS12 | Cadbury Dairy Milk Chocolate | Easter Egg Gift Box 153g-172g | TExcludes Boxed Chocolates, Every Day & clearance items. While stocks last. No rainchecks | 1]",94.44,True,single_price_evidence,https://caau.syd1.cdn.digitaloceanspaces.com/wp-content/uploads/catalogue/coles/coles-catalogue-march-5-11-2025-vic-metro/11.jpg,https://www.catalogueau.com/coles/#catalogue=coles/coles-catalogue-march-5-11-2025-vic-metro/,save_was_arithmetic,save_was_arithmetic,1,review
Coles,VIC METRO,"Coles Catalogue March 5 - 11, 2025 VIC METRO",2025-03-05,2025-03-12,11,Cadbury Dairy Milk Chocolate Easter Bunny 250g-270g,8.4,12.0,3.6,30.0,save_amount,250g; 270g,,SAVE3.60 | WASS12 | Cadbury Dairy Milk Chocolate | Easter Bunny 250g-270g,94.94,True,single_price_evidence,https://caau.syd1.cdn.digitaloceanspaces.com/wp-content/uploads/catalogue/coles/coles-catalogue-march-5-11-2025-vic-metro/11.jpg,https://www.catalogueau.com/coles/#catalogue=coles/coles-catalogue-march-5-11-2025-vic-metro/,save_was_arithmetic,save_was_arithmetic,1,review
Coles,VIC METRO,"Coles Catalogue March 5 - 11, 2025 VIC METRO",2025-03-05,2025-03-12,11,Cadbury Dairy Milk Chocolate Easter Eggs Bag 230g-243g,35.0,50.0,15.0,30.0,save_amount,230g; 243g,,WASSTI.50 | WASSTI.50 | Cadbury Dairy Milk Chocolate | Easter Eggs Bag 230g-243g | VIC-METRO-0503-25-345401,94.94,True,inferred_price_requires_review,https://caau.syd1.cdn.digitaloceanspaces.com/wp-content/uploads/catalogue/coles/coles-catalogue-march-5-11-2025-vic-metro/11.jpg,https://www.catalogueau.com/coles/#catalogue=coles/coles-catalogue-march-5-11-2025-vic-metro/,page_discount_inference,page_discount,0,review
Coles,VIC METRO,"Coles Catalogue March 5 - 11, 2025 VIC METRO",2025-03-05,2025-03-12,11,Cadbury Easter Eggs Bag 110g-125g,4.6,,,,special,110g; 125g,,Cadbury Easter Eggs Bag | 110g-125g | Se oe as | = | nes | —,79.0,True,offer_labels_missing;save_amount_missing;regular_price_missing;low_name_confidence_strict;inferred_price_requires_review,https://caau.syd1.cdn.digitaloceanspaces.com/wp-content/uploads/catalogue/coles/coles-catalogue-march-5-11-2025-vic-metro/11.jpg,https://www.catalogueau.com/coles/#catalogue=coles/coles-catalogue-march-5-11-2025-vic-metro/,displayed_price,displayed_price;grid_inference,1,review
Coles,VIC METRO,"Coles Catalogue March 5 - 11, 2025 VIC METRO",2025-03-05,2025-03-12,11,Cadbury Dairy Milk Chocolate Easter Bunny 150g-170g,60.6,,,,special,150g; 170g,,Cadbury Dairy Milk Chocolate | Easter Bunny 150g-170g,94.95,True,offer_labels_missing;save_amount_missing;regular_price_missing;inferred_price_requires_review,https://caau.syd1.cdn.digitaloceanspaces.com/wp-content/uploads/catalogue/coles/coles-catalogue-march-5-11-2025-vic-metro/11.jpg,https://www.catalogueau.com/coles/#catalogue=coles/coles-catalogue-march-5-11-2025-vic-metro/,displayed_price,displayed_price;grid_inference,1,review
Coles,VIC METRO,"Coles Catalogue March 5 - 11, 2025 VIC METRO",2025-03-05,2025-03-12,11,Cadbury Dairy Milk Chocolate Easter Egg 100g-110g,4.2,6.0,1.8,30.0,save_amount,100g; 110g,,Cadbury Dairy Milk Chocolate | Easter Egg 100g-110g | IRY MILK!,94.54,True,offer_labels_missing;single_price_evidence,https://caau.syd1.cdn.digitaloceanspaces.com/wp-content/uploads/catalogue/coles/coles-catalogue-march-5-11-2025-vic-metro/11.jpg,https://www.catalogueau.com/coles/#catalogue=coles/coles-catalogue-march-5-11-2025-vic-metro/,displayed_price,displayed_price,1,review
Coles,VIC METRO,"Coles Catalogue March 5 - 11, 2025 VIC METRO",2025-03-05,2025-03-12,12,Aust! mitten Appl,3.0,,,,special,,,Aust! | mitten Appl | VIC-METRO-0503-25-345401,71.77,True,offer_labels_missing;save_amount_missing;regular_price_missing;low_name_confidence_strict;single_price_evidence,https://caau.syd1.cdn.digitaloceanspaces.com/wp-content/uploads/catalogue/coles/coles-catalogue-march-5-11-2025-vic-metro/12.jpg,https://www.catalogueau.com/coles/#catalogue=coles/coles-catalogue-march-5-11-2025-vic-metro/,displayed_price,displayed_price,1,review
Coles,VIC METRO,"Coles Catalogue March 5 - 11, 2025 VIC METRO",2025-03-05,2025-03-12,12,Navel Oranges,7.0,,,,special,,,Navel Oranges | 12,79.0,True,offer_labels_missing;save_amount_missing;regular_price_missing;low_name_confidence_strict;single_price_evidence,https://caau.syd1.cdn.digitaloceanspaces.com/wp-content/uploads/catalogue/coles/coles-catalogue-march-5-11-2025-vic-metro/12.jpg,https://www.catalogueau.com/coles/#catalogue=coles/coles-catalogue-march-5-11-2025-vic-metro/,displayed_price,displayed_price,1,review
Coles,VIC METRO,"Coles Catalogue March 5 - 11, 2025 VIC METRO",2025-03-05,2025-03-12,13,Coles Australian Brushed Potatoes 2kg Bag,4.5,,,,special,2kg,$2.25 per kg,Coles Australian Brushed | Potatoes 2kg Bag $2.25 per kg | whe,95.43,True,single_price_evidence,https://caau.syd1.cdn.digitaloceanspaces.com/wp-content/uploads/catalogue/coles/coles-catalogue-march-5-11-2025-vic-metro/13.jpg,https://www.catalogueau.com/coles/#catalogue=coles/coles-catalogue-march-5-11-2025-vic-metro/,unit_price,unit_price,1,review
Coles,VIC METRO,"Coles Catalogue March 5 - 11, 2025 VIC METRO",2025-03-05,2025-03-12,13,"Coles Dry Roasted, Natural or Roasted & Salted Cashews 400g Pack",8.0,,,,special,400g,$20.00 per kg,"Coles Dry Roasted, Natural or Roasted & Salted | Cashews 400g Pack $20.00 per kg",95.84,False,,https://caau.syd1.cdn.digitaloceanspaces.com/wp-content/uploads/catalogue/coles/coles-catalogue-march-5-11-2025-vic-metro/13.jpg,https://www.catalogueau.com/coles/#catalogue=coles/coles-catalogue-march-5-11-2025-vic-metro/,displayed_price,displayed_price;unit_price,2,verified
Coles,VIC METRO,"Coles Catalogue March 5 - 11, 2025 VIC METRO",2025-03-05,2025-03-12,13,Coles Kitchen Family Coleslaw Kit 520g or Asian Style Salad Kit 350g,9.3,,,,special,520g; 350g,,Coles Kitchen Family Coleslaw Kit 520g | or Asian Style Salad Kit 350g,95.94,True,offer_labels_missing;save_amount_missing;regular_price_missing;single_price_evidence,https://caau.syd1.cdn.digitaloceanspaces.com/wp-content/uploads/catalogue/coles/coles-catalogue-march-5-11-2025-vic-metro/13.jpg,https://www.catalogueau.com/coles/#catalogue=coles/coles-catalogue-march-5-11-2025-vic-metro/,displayed_price,displayed_price,1,review
Coles,VIC METRO,"Coles Catalogue March 5 - 11, 2025 VIC METRO",2025-03-05,2025-03-12,13,Coles Australian Organic Baby Beetroot aS Pack #16 6. 00 es ig,4.0,,,,special,,,Coles Australian Organic Baby | Beetroot aS Pack #16 6. 00 es ig | = | = | =,78.36,True,offer_labels_missing;save_amount_missing;regular_price_missing;low_name_confidence_strict;single_price_evidence,https://caau.syd1.cdn.digitaloceanspaces.com/wp-content/uploads/catalogue/coles/coles-catalogue-march-5-11-2025-vic-metro/13.jpg,https://www.catalogueau.com/coles/#catalogue=coles/coles-catalogue-march-5-11-2025-vic-metro/,displayed_price,displayed_price,1,review
Coles,VIC METRO,"Coles Catalogue March 5 - 11, 2025 VIC METRO",2025-03-05,2025-03-12,14,Coles Finest Australian N,10.0,,,,special,,$16.67 per kg,Coles Finest Australian | N | No Added Hormones Beef | Brisket Burgers 600g | $16.67 per kg,79.0,True,offer_labels_missing;save_amount_missing;regular_price_missing;low_name_confidence_strict;single_price_evidence,https://caau.syd1.cdn.digitaloceanspaces.com/wp-content/uploads/catalogue/coles/coles-catalogue-march-5-11-2025-vic-metro/14.jpg,https://www.catalogueau.com/coles/#catalogue=coles/coles-catalogue-march-5-11-2025-vic-metro/,displayed_price,displayed_price,1,review
Coles,VIC METRO,"Coles Catalogue March 5 - 11, 2025 VIC METRO",2025-03-05,2025-03-12,14,Coles Finest Sausages 450g-500g 450g;,8.0,,,,special,450g; 500g,,Coles Finest Sausages | 450g-500g | 450g; | 14,79.0,True,offer_labels_missing;save_amount_missing;regular_price_missing;low_name_confidence_strict;single_price_evidence,https://caau.syd1.cdn.digitaloceanspaces.com/wp-content/uploads/catalogue/coles/coles-catalogue-march-5-11-2025-vic-metro/14.jpg,https://www.catalogueau.com/coles/#catalogue=coles/coles-catalogue-march-5-11-2025-vic-metro/,displayed_price,displayed_price,1,review
Coles,VIC METRO,"Coles Catalogue March 5 - 11, 2025 VIC METRO",2025-03-05,2025-03-12,14,Coles Finest Frozen Snacks 200g,12.0,,,,special,200g,$3.00 per 100g,Coles Finest Frozen Snacks | 200g $3.00 per 100g | VIC-METRO-0503-25-345401 | NC-METRO-O! | 15-345401,96.19,True,offer_labels_missing;save_amount_missing;regular_price_missing;unit_price_conflict;single_price_evidence,https://caau.syd1.cdn.digitaloceanspaces.com/wp-content/uploads/catalogue/coles/coles-catalogue-march-5-11-2025-vic-metro/14.jpg,https://www.catalogueau.com/coles/#catalogue=coles/coles-catalogue-march-5-11-2025-vic-metro/,displayed_price,displayed_price,1,review
Coles,VIC METRO,"Coles Catalogue March 5 - 11, 2025 VIC METRO",2025-03-05,2025-03-12,15,Coles Australian Lamb Boneless Shoulder Roast 2nd week,18.0,201.0,183.0,91.04,save_amount,,,"WAS $201, | WAS $201, | Coles Australian Lamb Boneless | Shoulder Roast 2nd week on sale | aE,",96.13,True,single_price_evidence,https://caau.syd1.cdn.digitaloceanspaces.com/wp-content/uploads/catalogue/coles/coles-catalogue-march-5-11-2025-vic-metro/15.jpg,https://www.catalogueau.com/coles/#catalogue=coles/coles-catalogue-march-5-11-2025-vic-metro/,displayed_price,displayed_price,1,review
Coles,VIC METRO,"Coles Catalogue March 5 - 11, 2025 VIC METRO",2025-03-05,2025-03-12,15,Coles Australian No Added Hormones Beef Chuck Casserole Steak 850g,13.5,15.0,1.5,10.0,save_amount,850g,$15.88 per kg,WASS15 | WASS15 | Coles Australian No Added | Hormones Beef Chuck Casserole | Steak 850g $15.88 per kg,96.02,False,,https://caau.syd1.cdn.digitaloceanspaces.com/wp-content/uploads/catalogue/coles/coles-catalogue-march-5-11-2025-vic-metro/15.jpg,https://www.catalogueau.com/coles/#catalogue=coles/coles-catalogue-march-5-11-2025-vic-metro/,displayed_price,displayed_price;unit_price,2,verified
Coles,VIC METRO,"Coles Catalogue March 5 - 11, 2025 VIC METRO",2025-03-05,2025-03-12,15,Coles RSPCA Approved Chicken Honey & Soy Kebabs 750g,10.0,11.5,1.5,13.04,save_amount,750g,$13.33 per kg,WASS11.50 | WASS11.50 | Coles RSPCA Approved Chicken | Honey & Soy Kebabs 750g | $13.33 per kg. 2nd week on sale,95.71,False,,https://caau.syd1.cdn.digitaloceanspaces.com/wp-content/uploads/catalogue/coles/coles-catalogue-march-5-11-2025-vic-metro/15.jpg,https://www.catalogueau.com/coles/#catalogue=coles/coles-catalogue-march-5-11-2025-vic-metro/,displayed_price,displayed_price;unit_price,2,verified
Coles,VIC METRO,"Coles Catalogue March 5 - 11, 2025 VIC METRO",2025-03-05,2025-03-12,15,Coles RSPCA Approved Chicken Southern Fried Portions 1.2kg,12.7,15.5,2.8,18.06,save_amount,1.2kg,$10.58 per kg,WASS15.50 | WASS15.50 | Coles RSPCA Approved Chicken | Southern Fried Portions 1.2kg | $10.58 per kg,95.21,False,,https://caau.syd1.cdn.digitaloceanspaces.com/wp-content/uploads/catalogue/coles/coles-catalogue-march-5-11-2025-vic-metro/15.jpg,https://www.catalogueau.com/coles/#catalogue=coles/coles-catalogue-march-5-11-2025-vic-metro/,displayed_price,displayed_price;unit_price,2,verified
Coles,VIC METRO,"Coles Catalogue March 5 - 11, 2025 VIC METRO",2025-03-05,2025-03-12,15,Coles Made Easy Chicken Breasts Filled with Garlic & Herb Butter 500g,11.5,13.0,1.5,11.54,save_amount,500g,$23.00 per kg,WASS13 | WASS13 | Coles Made Easy Chicken | Breasts Filled with Garlic & Herb | Butter 500g $23.00 per kg,96.13,True,single_price_evidence,https://caau.syd1.cdn.digitaloceanspaces.com/wp-content/uploads/catalogue/coles/coles-catalogue-march-5-11-2025-vic-metro/15.jpg,https://www.catalogueau.com/coles/#catalogue=coles/coles-catalogue-march-5-11-2025-vic-metro/,unit_price,unit_price,1,review
Coles,VIC METRO,"Coles Catalogue March 5 - 11, 2025 VIC METRO",2025-03-05,2025-03-12,15,VIC-METRO-0503-25-345401,20.0,29.0,9.0,31.03,save_amount,,,"WAS§29iq | WAS§29iq | , | ae | VIC-METRO-0503-25-345401",62.22,True,low_name_confidence_strict;single_price_evidence,https://caau.syd1.cdn.digitaloceanspaces.com/wp-content/uploads/catalogue/coles/coles-catalogue-march-5-11-2025-vic-metro/15.jpg,https://www.catalogueau.com/coles/#catalogue=coles/coles-catalogue-march-5-11-2025-vic-metro/,displayed_price,displayed_price,1,review
Coles,VIC METRO,"Coles Catalogue March 5 - 11, 2025 VIC METRO",2025-03-05,2025-03-12,15,Coles Classic Sausages 550g,5.0,,,,special,550g,$9.09 per kg,"Coles Classic Sausages 550g | $9.09 per kg | a7, | =",96.24,True,offer_labels_missing;save_amount_missing;regular_price_missing;inferred_price_requires_review,https://caau.syd1.cdn.digitaloceanspaces.com/wp-content/uploads/catalogue/coles/coles-catalogue-march-5-11-2025-vic-metro/15.jpg,https://www.catalogueau.com/coles/#catalogue=coles/coles-catalogue-march-5-11-2025-vic-metro/,unit_price,grid_inference;unit_price,1,review
Coles,VIC METRO,"Coles Catalogue March 5 - 11, 2025 VIC METRO",2025-03-05,2025-03-12,15,Coles Australian Pork Spare Ribs Large Pack,17.0,,,,down_down,,,Coles Australian Pork Spare | Ribs Large Pack,96.57,True,save_amount_missing;regular_price_missing;single_price_evidence,https://caau.syd1.cdn.digitaloceanspaces.com/wp-content/uploads/catalogue/coles/coles-catalogue-march-5-11-2025-vic-metro/15.jpg,https://www.catalogueau.com/coles/#catalogue=coles/coles-catalogue-march-5-11-2025-vic-metro/,displayed_price,displayed_price,1,review
Coles,VIC METRO,"Coles Catalogue March 5 - 11, 2025 VIC METRO",2025-03-05,2025-03-12,15,Coles RSPCA Approved Chicken Thigh Cutlets,3.5,,,,down_down,,,Coles RSPCA Approved | Chicken Thigh Cutlets,95.78,True,save_amount_missing;regular_price_missing;single_price_evidence,https://caau.syd1.cdn.digitaloceanspaces.com/wp-content/uploads/catalogue/coles/coles-catalogue-march-5-11-2025-vic-metro/15.jpg,https://www.catalogueau.com/coles/#catalogue=coles/coles-catalogue-march-5-11-2025-vic-metro/,displayed_price,displayed_price,1,review
Coles,VIC METRO,"Coles Catalogue March 5 - 11, 2025 VIC METRO",2025-03-05,2025-03-12,15,Coles Australian No Added Hormones Beef Roast Topside,16.0,,,,down_down,,,Coles Australian No Added | Hormones Beef Roast Topside,96.03,True,save_amount_missing;regular_price_missing;single_price_evidence,https://caau.syd1.cdn.digitaloceanspaces.com/wp-content/uploads/catalogue/coles/coles-catalogue-march-5-11-2025-vic-metro/15.jpg,https://www.catalogueau.com/coles/#catalogue=coles/coles-catalogue-march-5-11-2025-vic-metro/,displayed_price,displayed_price,1,review
Coles,VIC METRO,"Coles Catalogue March 5 - 11, 2025 VIC METRO",2025-03-05,2025-03-12,16,Coles Australian Fresh Black Tiger Prawns Selected stores only*,30.0,34.0,4.0,11.76,save_amount,,,WASS34Kg | WASS34Kg | Coles Australian Fresh Black Tiger Prawns | Selected stores only*. On sale for 2 weeks | — SS | 79°,95.56,True,single_price_evidence,https://caau.syd1.cdn.digitaloceanspaces.com/wp-content/uploads/catalogue/coles/coles-catalogue-march-5-11-2025-vic-metro/16.jpg,https://www.catalogueau.com/coles/#catalogue=coles/coles-catalogue-march-5-11-2025-vic-metro/,displayed_price,displayed_price,1,review
Coles,VIC METRO,"Coles Catalogue March 5 - 11, 2025 VIC METRO",2025-03-05,2025-03-12,16,Coles Silverside Selected stores only*,24.0,27.0,3.0,11.11,save_amount,,,WASS27ig | WASS27ig | Coles Silverside | Selected stores only* | =,92.72,True,single_price_evidence,https://caau.syd1.cdn.digitaloceanspaces.com/wp-content/uploads/catalogue/coles/coles-catalogue-march-5-11-2025-vic-metro/16.jpg,https://www.catalogueau.com/coles/#catalogue=coles/coles-catalogue-march-5-11-2025-vic-metro/,displayed_price,displayed_price,1,review
Coles,VIC METRO,"Coles Catalogue March 5 - 11, 2025 VIC METRO",2025-03-05,2025-03-12,16,Coles Raw Peeled Prawns 260g,12.5,,,,special,260g,$48.08 per kg,Coles Raw Peeled Prawns 260g | $48.08 per kg. From the Meat department,96.57,False,,https://caau.syd1.cdn.digitaloceanspaces.com/wp-content/uploads/catalogue/coles/coles-catalogue-march-5-11-2025-vic-metro/16.jpg,https://www.catalogueau.com/coles/#catalogue=coles/coles-catalogue-march-5-11-2025-vic-metro/,displayed_price,displayed_price;unit_price,2,verified
Coles,VIC METRO,"Coles Catalogue March 5 - 11, 2025 VIC METRO",2025-03-05,2025-03-12,16,Don Deli Leg Ham Selected stores only*,19.0,,,,special,,,Don Deli Leg Ham | Selected stores only* | <p | ae | ag,95.27,True,offer_labels_missing;save_amount_missing;regular_price_missing;single_price_evidence,https://caau.syd1.cdn.digitaloceanspaces.com/wp-content/uploads/catalogue/coles/coles-catalogue-march-5-11-2025-vic-metro/16.jpg,https://www.catalogueau.com/coles/#catalogue=coles/coles-catalogue-march-5-11-2025-vic-metro/,displayed_price,displayed_price,1,review
Coles,VIC METRO,"Coles Catalogue March 5 - 11, 2025 VIC METRO",2025-03-05,2025-03-12,16,Coles Thawed Barramundi Fillets Selected stores only*,18.0,,,,special,,,Coles Thawed Barramundi Fillets | Selected stores only*,95.2,True,offer_labels_missing;save_amount_missing;regular_price_missing;single_price_evidence,https://caau.syd1.cdn.digitaloceanspaces.com/wp-content/uploads/catalogue/coles/coles-catalogue-march-5-11-2025-vic-metro/16.jpg,https://www.catalogueau.com/coles/#catalogue=coles/coles-catalogue-march-5-11-2025-vic-metro/,displayed_price,displayed_price,1,review
Coles,VIC METRO,"Coles Catalogue March 5 - 11, 2025 VIC METRO",2025-03-05,2025-03-12,17,Tip Top English Muffins 6 Pack 400g,3.1,6.2,3.1,50.0,half_price,6 Pack; 400g,$0.78 per 100g,WASS$6.20 | WASS$6.20 | Tip Top English Muffins 6 Pack 400g | $0.78 per 100g | © with | Le ELecTRICITY | REN | a _,96.05,False,,https://caau.syd1.cdn.digitaloceanspaces.com/wp-content/uploads/catalogue/coles/coles-catalogue-march-5-11-2025-vic-metro/17.jpg,https://www.catalogueau.com/coles/#catalogue=coles/coles-catalogue-march-5-11-2025-vic-metro/,displayed_price,displayed_price;page_discount;unit_price,2,verified
Coles,VIC METRO,"Coles Catalogue March 5 - 11, 2025 VIC METRO",2025-03-05,2025-03-12,17,Mr Kipling Fancies or Bakewells 205g-250g,3.25,6.5,3.25,50.0,half_price,205g; 250g,,"WAS$6.50 | WAS$6.50 | Mr Kipling Fancies or Bakewells | 205g-250g | ayn | NS | eS | NS/,",92.01,True,inferred_price_requires_review,https://caau.syd1.cdn.digitaloceanspaces.com/wp-content/uploads/catalogue/coles/coles-catalogue-march-5-11-2025-vic-metro/17.jpg,https://www.catalogueau.com/coles/#catalogue=coles/coles-catalogue-march-5-11-2025-vic-metro/,page_discount_inference,page_discount,0,review
Coles,VIC METRO,"Coles Catalogue March 5 - 11, 2025 VIC METRO",2025-03-05,2025-03-12,17,Tip Top Thins 6 Pack 200g-240g 2nd week,1.95,3.9,1.95,50.0,half_price,6 Pack; 200g; 240g,,WAS$3.90 | WAS$3.90 | Tip Top Thins 6 Pack 200g-240g | 2nd week on sale,95.05,True,inferred_price_requires_review,https://caau.syd1.cdn.digitaloceanspaces.com/wp-content/uploads/catalogue/coles/coles-catalogue-march-5-11-2025-vic-metro/17.jpg,https://www.catalogueau.com/coles/#catalogue=coles/coles-catalogue-march-5-11-2025-vic-metro/,page_discount_inference,page_discount,0,review
Coles,VIC METRO,"Coles Catalogue March 5 - 11, 2025 VIC METRO",2025-03-05,2025-03-12,17,Simson's Pantry Wraps 336g-528g,2.5,5.0,2.5,50.0,half_price,336g; 528g,,WASS5 | WASS5 | Simson's Pantry Wraps | 336g-528g | CAL,91.9,True,inferred_price_requires_review,https://caau.syd1.cdn.digitaloceanspaces.com/wp-content/uploads/catalogue/coles/coles-catalogue-march-5-11-2025-vic-metro/17.jpg,https://www.catalogueau.com/coles/#catalogue=coles/coles-catalogue-march-5-11-2025-vic-metro/,page_discount_inference,page_discount,0,review
Coles,VIC METRO,"Coles Catalogue March 5 - 11, 2025 VIC METRO",2025-03-05,2025-03-12,17,"Coles Hot Cross Buns 3 Pack, 6 Pack or 9 Pack",2.2,4.4,2.2,50.0,half_price,3 Pack; 6 Pack; 9 Pack,,"WAS$4.40 | WAS$4.40 | Coles Hot Cross Buns | 3 Pack, 6 Pack or 9 Pack | On sale for 2 weeks. | While stocks last. No rainchecks | Fi",95.98,True,inferred_price_requires_review,https://caau.syd1.cdn.digitaloceanspaces.com/wp-content/uploads/catalogue/coles/coles-catalogue-march-5-11-2025-vic-metro/17.jpg,https://www.catalogueau.com/coles/#catalogue=coles/coles-catalogue-march-5-11-2025-vic-metro/,page_discount_inference,page_discount,0,review
Coles,VIC METRO,"Coles Catalogue March 5 - 11, 2025 VIC METRO",2025-03-05,2025-03-12,17,Coles Bakery Choc Chip Cookies 12 Pack,3.5,4.0,0.5,12.5,save_amount,12 Pack,$0.29 per each,WASS4 | WASS4 | Coles Bakery Choc Chip Cookies | 12 Pack $0.29 per each. | Selected stores only | ——_ | a a,96.4,True,single_price_evidence,https://caau.syd1.cdn.digitaloceanspaces.com/wp-content/uploads/catalogue/coles/coles-catalogue-march-5-11-2025-vic-metro/17.jpg,https://www.catalogueau.com/coles/#catalogue=coles/coles-catalogue-march-5-11-2025-vic-metro/,displayed_price,displayed_price,1,review
Coles,VIC METRO,"Coles Catalogue March 5 - 11, 2025 VIC METRO",2025-03-05,2025-03-12,17,VIC-METRO-0503-25-345401,2.5,5.0,2.5,50.0,half_price,,,WASS5 | WASS5 | VIC-METRO-0503-25-345401,92.27,True,inferred_price_requires_review,https://caau.syd1.cdn.digitaloceanspaces.com/wp-content/uploads/catalogue/coles/coles-catalogue-march-5-11-2025-vic-metro/17.jpg,https://www.catalogueau.com/coles/#catalogue=coles/coles-catalogue-march-5-11-2025-vic-metro/,page_discount_inference,page_discount,0,review
Coles,VIC METRO,"Coles Catalogue March 5 - 11, 2025 VIC METRO",2025-03-05,2025-03-12,17,Wonder White Bread 700g,4.55,,,,special,700g,$0.65 per 100g,Wonder White Bread 700g | $0.65 per 100g. | *See page 38 for T&Cs | q,96.32,True,offer_labels_missing;save_amount_missing;regular_price_missing;inferred_price_requires_review,https://caau.syd1.cdn.digitaloceanspaces.com/wp-content/uploads/catalogue/coles/coles-catalogue-march-5-11-2025-vic-metro/17.jpg,https://www.catalogueau.com/coles/#catalogue=coles/coles-catalogue-march-5-11-2025-vic-metro/,unit_price,grid_inference;unit_price,1,review
Coles,VIC METRO,"Coles Catalogue March 5 - 11, 2025 VIC METRO",2025-03-05,2025-03-12,17,Coles Finest Luxurious Fruit Hot Cross Buns 4 Pack 320:,5.5,,,,special,4 Pack,$1.38 per each,Coles Finest Luxurious Fruit Hot | Cross Buns 4 Pack 320: | $1.38 per each. On sale for 2 weeks. | While stocks last. No rainchecks | oN | at,79.0,True,low_name_confidence_strict,https://caau.syd1.cdn.digitaloceanspaces.com/wp-content/uploads/catalogue/coles/coles-catalogue-march-5-11-2025-vic-metro/17.jpg,https://www.catalogueau.com/coles/#catalogue=coles/coles-catalogue-march-5-11-2025-vic-metro/,displayed_price,displayed_price;unit_price,2,review
Coles,VIC METRO,"Coles Catalogue March 5 - 11, 2025 VIC METRO",2025-03-05,2025-03-12,18,Oreo Caramilk Cream,1.4,2.8,1.4,50.0,half_price,,$1.07 per 100g,SAVE51.40 | WASS$2.80 | Oreo | Caramilk Cream | Biscuits 131 | $1.07 per 100g,94.31,True,single_price_evidence,https://caau.syd1.cdn.digitaloceanspaces.com/wp-content/uploads/catalogue/coles/coles-catalogue-march-5-11-2025-vic-metro/18.jpg,https://www.catalogueau.com/coles/#catalogue=coles/coles-catalogue-march-5-11-2025-vic-metro/,unknown,,0,review
Coles,VIC METRO,"Coles Catalogue March 5 - 11, 2025 VIC METRO",2025-03-05,2025-03-12,18,Cobs Sour Cream & Chives,1.75,3.5,1.75,50.0,half_price,,$1.75 per 100g,SAVES1.75 | WASS3.50_ | Cobs Sour | Cream & Chives | Popcorn 100 | $1.75 per 100g,94.72,False,,https://caau.syd1.cdn.digitaloceanspaces.com/wp-content/uploads/catalogue/coles/coles-catalogue-march-5-11-2025-vic-metro/18.jpg,https://www.catalogueau.com/coles/#catalogue=coles/coles-catalogue-march-5-11-2025-vic-metro/,save_was_arithmetic,displayed_price;save_was_arithmetic,2,verified
Coles,VIC METRO,"Coles Catalogue March 5 - 11, 2025 VIC METRO",2025-03-05,2025-03-12,18,Amott's Savoy Mini Crackers 170g,3.0,4.0,1.0,25.0,save_amount,170g,$1.76 per 100g,SAVES1 | WAS $4 | Amott's Savoy Mini Crackers | 170g $1.76 per 100g | aS | SSS,94.02,False,,https://caau.syd1.cdn.digitaloceanspaces.com/wp-content/uploads/catalogue/coles/coles-catalogue-march-5-11-2025-vic-metro/18.jpg,https://www.catalogueau.com/coles/#catalogue=coles/coles-catalogue-march-5-11-2025-vic-metro/,save_was_arithmetic,displayed_price;save_was_arithmetic;unit_price,3,verified
Coles,VIC METRO,"Coles Catalogue March 5 - 11, 2025 VIC METRO",2025-03-05,2025-03-12,18,Oreo Multipack Mini Caramilk Cream Biscuits 204g,4.0,5.0,1.0,20.0,save_amount,204g,$1.96 per 100g,SAVE*1 | WASS5 | Oreo Multipack Mini Caramilk | Cream Biscuits 204g | $1.96 per 100g,95.32,False,,https://caau.syd1.cdn.digitaloceanspaces.com/wp-content/uploads/catalogue/coles/coles-catalogue-march-5-11-2025-vic-metro/18.jpg,https://www.catalogueau.com/coles/#catalogue=coles/coles-catalogue-march-5-11-2025-vic-metro/,save_was_arithmetic,save_was_arithmetic;unit_price,2,verified
Coles,VIC METRO,"Coles Catalogue March 5 - 11, 2025 VIC METRO",2025-03-05,2025-03-12,18,"Olina's Chilli, Garlic & Cashew Artisan Crackers 100g",2.25,4.5,2.25,50.0,half_price,100g,$2.25 per 100g,"SAVES2.25 | ‘WAS$4.50 | Olina's Chilli, Garlic & Cashew | Artisan Crackers 100g | $2.25 per 100g",79.0,True,low_name_confidence_strict,https://caau.syd1.cdn.digitaloceanspaces.com/wp-content/uploads/catalogue/coles/coles-catalogue-march-5-11-2025-vic-metro/18.jpg,https://www.catalogueau.com/coles/#catalogue=coles/coles-catalogue-march-5-11-2025-vic-metro/,save_was_arithmetic,displayed_price;save_was_arithmetic;unit_price,3,review
Coles,VIC METRO,"Coles Catalogue March 5 - 11, 2025 VIC METRO",2025-03-05,2025-03-12,18,Doritos Guacamole Corn Chips 150g,2.85,4.8,1.95,40.62,save_amount,150g,$1.90 per 100g,SAVE51.95 | WASS4.80 | Doritos Guacamole | Corn Chips 150g | $1.90 per 100g | VIC-METRO-0503-25-345401,96.46,False,,https://caau.syd1.cdn.digitaloceanspaces.com/wp-content/uploads/catalogue/coles/coles-catalogue-march-5-11-2025-vic-metro/18.jpg,https://www.catalogueau.com/coles/#catalogue=coles/coles-catalogue-march-5-11-2025-vic-metro/,displayed_price,displayed_price;unit_price,2,verified
Coles,VIC METRO,"Coles Catalogue March 5 - 11, 2025 VIC METRO",2025-03-05,2025-03-12,18,Smith's Tomato Sauce or Tasty Cheese Crinkle Cut Potato Chips 150g,2.85,4.8,1.95,40.62,save_amount,150g,$1.90 per 100g,SAVE51.95 | WASS4.80 | Smith's Tomato Sauce or Tasty | Cheese Crinkle Cut Potato | Chips 150g $1.90 per 100g | 18,96.43,True,single_price_evidence,https://caau.syd1.cdn.digitaloceanspaces.com/wp-content/uploads/catalogue/coles/coles-catalogue-march-5-11-2025-vic-metro/18.jpg,https://www.catalogueau.com/coles/#catalogue=coles/coles-catalogue-march-5-11-2025-vic-metro/,unit_price,unit_price,1,review
Coles,VIC METRO,"Coles Catalogue March 5 - 11, 2025 VIC METRO",2025-03-05,2025-03-12,18,Red Rock Deli Trio of Cheeses Potato Chips 165g,3.75,6.3,2.55,40.48,save_amount,165g,$2.27 per 100g,SAVE2.55 | WASS6.30 | Red Rock Deli Trio of Cheeses | Potato Chips 165g | $2.27 per 100g,96.25,False,,https://caau.syd1.cdn.digitaloceanspaces.com/wp-content/uploads/catalogue/coles/coles-catalogue-march-5-11-2025-vic-metro/18.jpg,https://www.catalogueau.com/coles/#catalogue=coles/coles-catalogue-march-5-11-2025-vic-metro/,save_was_arithmetic,save_was_arithmetic;unit_price,2,verified
Coles,VIC METRO,"Coles Catalogue March 5 - 11, 2025 VIC METRO",2025-03-05,2025-03-12,19,Kirks Soft Drink 1.25 Litre,1.7,2.85,1.15,40.35,save_amount,1.25 Litre,$1.36 per litre,SAVE51.15 | WASS2.85 | Kirks Soft Drink 1.25 Litre | $1.36 per litre,95.75,False,,https://caau.syd1.cdn.digitaloceanspaces.com/wp-content/uploads/catalogue/coles/coles-catalogue-march-5-11-2025-vic-metro/19.jpg,https://www.catalogueau.com/coles/#catalogue=coles/coles-catalogue-march-5-11-2025-vic-metro/,displayed_price,displayed_price;unit_price,2,verified
Coles,VIC METRO,"Coles Catalogue March 5 - 11, 2025 VIC METRO",2025-03-05,2025-03-12,19,McVitie's Chocolate or Plain Digestive Biscuits 266g-355g,3.3,5.5,2.2,40.0,save_amount,266g; 355g,,SAVE'2.20 | WASS5.50 | McVitie's Chocolate or Plain | Digestive Biscuits 266g-355g,93.92,True,single_price_evidence,https://caau.syd1.cdn.digitaloceanspaces.com/wp-content/uploads/catalogue/coles/coles-catalogue-march-5-11-2025-vic-metro/19.jpg,https://www.catalogueau.com/coles/#catalogue=coles/coles-catalogue-march-5-11-2025-vic-metro/,save_was_arithmetic,save_was_arithmetic,1,review
Coles,VIC METRO,"Coles Catalogue March 5 - 11, 2025 VIC METRO",2025-03-05,2025-03-12,19,Red Rock Deli Potato Chips 150g-165g,3.75,6.3,2.55,40.48,save_amount,150g; 165g,,SAVE'2.55 | WASS6.30 | Red Rock Deli Potato Chips | 150g-165g | a | == | ah | oA,92.15,True,single_price_evidence,https://caau.syd1.cdn.digitaloceanspaces.com/wp-content/uploads/catalogue/coles/coles-catalogue-march-5-11-2025-vic-metro/19.jpg,https://www.catalogueau.com/coles/#catalogue=coles/coles-catalogue-march-5-11-2025-vic-metro/,save_was_arithmetic,save_was_arithmetic,1,review
Coles,VIC METRO,"Coles Catalogue March 5 - 11, 2025 VIC METRO",2025-03-05,2025-03-12,19,Cadbury Sharepacks 120g-180g,4.2,7.0,2.8,40.0,save_amount,120g; 180g,,SAVES2.80 | WAS$7 | Cadbury Sharepacks | 120g-180g | So | Ysa | ets | no wert),79.0,True,low_name_confidence_strict;single_price_evidence,https://caau.syd1.cdn.digitaloceanspaces.com/wp-content/uploads/catalogue/coles/coles-catalogue-march-5-11-2025-vic-metro/19.jpg,https://www.catalogueau.com/coles/#catalogue=coles/coles-catalogue-march-5-11-2025-vic-metro/,save_was_arithmetic,save_was_arithmetic,1,review
Coles,VIC METRO,"Coles Catalogue March 5 - 11, 2025 VIC METRO",2025-03-05,2025-03-12,19,Monster Energy Drink 4x500mL,9.6,116.0,106.4,91.72,save_amount,4x500mL,$4.80 per litre,SAVE%6.40 | WASSI16 | Monster Energy Drink 4x500mL | $4.80 per litre | Catalogue on sale Wed 5th Mar until Tue 11th Mar 2025 or until Tue 18th Mar where indicated. Selected | specials commenced Wed 26th Feb. Promotional prices commence 7am Wednesday and may commence or extend,92.99,False,,https://caau.syd1.cdn.digitaloceanspaces.com/wp-content/uploads/catalogue/coles/coles-catalogue-march-5-11-2025-vic-metro/19.jpg,https://www.catalogueau.com/coles/#catalogue=coles/coles-catalogue-march-5-11-2025-vic-metro/,displayed_price,displayed_price;unit_price,2,verified
Coles,VIC METRO,"Coles Catalogue March 5 - 11, 2025 VIC METRO",2025-03-05,2025-03-12,19,Coca-Cola Soft Drink 24x375mL,24.75,41.25,16.5,40.0,save_amount,24x375mL,$2.75 per litre,SAVE°16.50 | WAS $41.25 | Coca-Cola Soft Drink | 24x375mL $2.75 per litre,94.51,False,,https://caau.syd1.cdn.digitaloceanspaces.com/wp-content/uploads/catalogue/coles/coles-catalogue-march-5-11-2025-vic-metro/19.jpg,https://www.catalogueau.com/coles/#catalogue=coles/coles-catalogue-march-5-11-2025-vic-metro/,save_was_arithmetic,save_was_arithmetic;unit_price,2,verified
Coles,VIC METRO,"Coles Catalogue March 5 - 11, 2025 VIC METRO",2025-03-05,2025-03-12,19,Kirks Soft Drink 10x375mL,9.0,15.0,6.0,40.0,save_amount,10x375mL,$2.40 per litre,WASS15 | WASS15 | Kirks Soft Drink 10x375mL | $2.40 per litre | Catalos | 8 | special,93.45,False,,https://caau.syd1.cdn.digitaloceanspaces.com/wp-content/uploads/catalogue/coles/coles-catalogue-march-5-11-2025-vic-metro/19.jpg,https://www.catalogueau.com/coles/#catalogue=coles/coles-catalogue-march-5-11-2025-vic-metro/,displayed_price,displayed_price;unit_price,2,verified
Coles,VIC METRO,"Coles Catalogue March 5 - 11, 2025 VIC METRO",2025-03-05,2025-03-12,19,Doritos Corn Chips or Smith's Crinkle Cut Potato Chips 150g-170g,985.85,,,,special,150g; 170g,,Doritos Corn Chips or Smith's | Crinkle Cut Potato Chips | 150g-170g,94.6,True,offer_labels_missing;save_amount_missing;regular_price_missing;inferred_price_requires_review,https://caau.syd1.cdn.digitaloceanspaces.com/wp-content/uploads/catalogue/coles/coles-catalogue-march-5-11-2025-vic-metro/19.jpg,https://www.catalogueau.com/coles/#catalogue=coles/coles-catalogue-march-5-11-2025-vic-metro/,displayed_price,displayed_price;grid_inference,1,review
Coles,VIC METRO,"Coles Catalogue March 5 - 11, 2025 VIC METRO",2025-03-05,2025-03-12,19,Remedy Sodaly 4x250mL,4.8,,,,special,4x250mL,$4.80 per litre,Remedy Sodaly 4x250mL | $4.80 per litre | (Canola.,92.39,True,offer_labels_missing;save_amount_missing;regular_price_missing;inferred_price_requires_review,https://caau.syd1.cdn.digitaloceanspaces.com/wp-content/uploads/catalogue/coles/coles-catalogue-march-5-11-2025-vic-metro/19.jpg,https://www.catalogueau.com/coles/#catalogue=coles/coles-catalogue-march-5-11-2025-vic-metro/,unit_price,grid_inference;unit_price,1,review
Coles,VIC METRO,"Coles Catalogue March 5 - 11, 2025 VIC METRO",2025-03-05,2025-03-12,20,Ferrero Raffaello Gift Box 26 Pack 260g,9.5,19.0,9.5,50.0,half_price,26 Pack; 260g,$3.65 per 100g,SAVE59.50 | WASS19 | Ferrero Raffaello Gift Box 26 Pack 260g | $3.65 per 100g | —S— | = | =,96.4,True,single_price_evidence,https://caau.syd1.cdn.digitaloceanspaces.com/wp-content/uploads/catalogue/coles/coles-catalogue-march-5-11-2025-vic-metro/20.jpg,https://www.catalogueau.com/coles/#catalogue=coles/coles-catalogue-march-5-11-2025-vic-metro/,unit_price,unit_price,1,review
Coles,VIC METRO,"Coles Catalogue March 5 - 11, 2025 VIC METRO",2025-03-05,2025-03-12,20,Lindt Lindor Eggs Bag 390g,16.0,32.0,16.0,50.0,half_price,390g,$4.10 per 100g,SAVES16 | WAS$32 | Lindt Lindor Eggs Bag 390g | $4.10 per 100g. While stocks last. No rainchecks | el,94.46,False,,https://caau.syd1.cdn.digitaloceanspaces.com/wp-content/uploads/catalogue/coles/coles-catalogue-march-5-11-2025-vic-metro/20.jpg,https://www.catalogueau.com/coles/#catalogue=coles/coles-catalogue-march-5-11-2025-vic-metro/,save_was_arithmetic,displayed_price;save_was_arithmetic;unit_price,3,verified
Coles,VIC METRO,"Coles Catalogue March 5 - 11, 2025 VIC METRO",2025-03-05,2025-03-12,20,Oreo Multipack Mini Cream Biscuits 204g,4.0,5.0,1.0,20.0,save_amount,204g,$1.96 per 100g,SAVE*1 | WASS5 | Oreo Multipack Mini Cream Biscuits 204g | $1.96 per 100g | se] | ——_— | ot | Wg,96.22,False,,https://caau.syd1.cdn.digitaloceanspaces.com/wp-content/uploads/catalogue/coles/coles-catalogue-march-5-11-2025-vic-metro/20.jpg,https://www.catalogueau.com/coles/#catalogue=coles/coles-catalogue-march-5-11-2025-vic-metro/,save_was_arithmetic,displayed_price;save_was_arithmetic;unit_price,3,verified
Coles,VIC METRO,"Coles Catalogue March 5 - 11, 2025 VIC METRO",2025-03-05,2025-03-12,20,"Mars M&M's, Maltesers or Pods 120g-180g or Skittles 120g-200g",4.2,6.0,1.8,30.0,save_amount,120g; 180g; 200g,,"SAVES1.80 | WASS6 | Mars M&M's, Maltesers or Pods 120g-180g | or Skittles 120g-200g",93.24,True,single_price_evidence,https://caau.syd1.cdn.digitaloceanspaces.com/wp-content/uploads/catalogue/coles/coles-catalogue-march-5-11-2025-vic-metro/20.jpg,https://www.catalogueau.com/coles/#catalogue=coles/coles-catalogue-march-5-11-2025-vic-metro/,save_was_arithmetic,save_was_arithmetic,1,review
Coles,VIC METRO,"Coles Catalogue March 5 - 11, 2025 VIC METRO",2025-03-05,2025-03-12,20,Cadbury Old Gold Block Chocolate 170g-180g,4.9,7.0,2.1,30.0,save_amount,170g; 180g,,SAVE52.10 | WASS7 | Cadbury Old Gold Block | Chocolate 170g-180g | VIC-METRO-0503-25-345401,94.25,True,single_price_evidence,https://caau.syd1.cdn.digitaloceanspaces.com/wp-content/uploads/catalogue/coles/coles-catalogue-march-5-11-2025-vic-metro/20.jpg,https://www.catalogueau.com/coles/#catalogue=coles/coles-catalogue-march-5-11-2025-vic-metro/,unknown,,0,review
Coles,VIC METRO,"Coles Catalogue March 5 - 11, 2025 VIC METRO",2025-03-05,2025-03-12,20,Ferrero Rocher Gift Box 30 Pack 375g,21.0,30.0,9.0,30.0,save_amount,30 Pack; 375g,$5.60 per 100g,SAVES9 | WAS$30 | Ferrero Rocher Gift Box 30 Pack | 375g $5.60 per 100g. | On sale for 2 weeks,96.37,False,,https://caau.syd1.cdn.digitaloceanspaces.com/wp-content/uploads/catalogue/coles/coles-catalogue-march-5-11-2025-vic-metro/20.jpg,https://www.catalogueau.com/coles/#catalogue=coles/coles-catalogue-march-5-11-2025-vic-metro/,save_was_arithmetic,displayed_price;save_was_arithmetic;unit_price,3,verified
Coles,VIC METRO,"Coles Catalogue March 5 - 11, 2025 VIC METRO",2025-03-05,2025-03-12,20,Lindt Lindor Bags 123g-125g,19.0,26.0,7.0,26.92,save_amount,123g; 125g,,SAVE$7 | Lindt Lindor Bags 123g-125g | On sale for 2 weeks | 20,92.62,True,single_price_evidence,https://caau.syd1.cdn.digitaloceanspaces.com/wp-content/uploads/catalogue/coles/coles-catalogue-march-5-11-2025-vic-metro/20.jpg,https://www.catalogueau.com/coles/#catalogue=coles/coles-catalogue-march-5-11-2025-vic-metro/,displayed_price,displayed_price,1,review
Coles,VIC METRO,"Coles Catalogue March 5 - 11, 2025 VIC METRO",2025-03-05,2025-03-12,21,Arnott's Multipack Bluey or Tiny Teddy Biscuits 168g-200g,4.0,5.0,1.0,20.0,save_amount,168g; 200g,,"WASS5 | WASS5 | Arnott's Multipack Bluey or | Tiny Teddy Biscuits 168g-200g | *For a chance to win, Scan | Yo | Competition dates 26/2/25 | 2/4/25,",90.79,True,single_price_evidence,https://caau.syd1.cdn.digitaloceanspaces.com/wp-content/uploads/catalogue/coles/coles-catalogue-march-5-11-2025-vic-metro/21.jpg,https://www.catalogueau.com/coles/#catalogue=coles/coles-catalogue-march-5-11-2025-vic-metro/,displayed_price,displayed_price,1,review
Coles,VIC METRO,"Coles Catalogue March 5 - 11, 2025 VIC METRO",2025-03-05,2025-03-12,21,V Energy Drink 4x250mL,8.2,11.75,3.55,30.21,save_amount,4x250mL,$8.20 per litre,WASS11.75 | WASS11.75 | V Energy Drink 4x250mL | $8.20 per litre,93.74,False,,https://caau.syd1.cdn.digitaloceanspaces.com/wp-content/uploads/catalogue/coles/coles-catalogue-march-5-11-2025-vic-metro/21.jpg,https://www.catalogueau.com/coles/#catalogue=coles/coles-catalogue-march-5-11-2025-vic-metro/,displayed_price,displayed_price;unit_price,2,verified
Coles,VIC METRO,"Coles Catalogue March 5 - 11, 2025 VIC METRO",2025-03-05,2025-03-12,21,Ocean Spray 1.5 Litre,5.0,6.4,1.4,21.87,save_amount,1.5 Litre,$3.33 per litre,WAS$6.40 | WAS$6.40 | Ocean Spray 1.5 Litre | $3.33 per litre | VIC-METRO-0503-25-345401,96.37,False,,https://caau.syd1.cdn.digitaloceanspaces.com/wp-content/uploads/catalogue/coles/coles-catalogue-march-5-11-2025-vic-metro/21.jpg,https://www.catalogueau.com/coles/#catalogue=coles/coles-catalogue-march-5-11-2025-vic-metro/,displayed_price,displayed_price;unit_price,2,verified
Coles,VIC METRO,"Coles Catalogue March 5 - 11, 2025 VIC METRO",2025-03-05,2025-03-12,21,"Schweppes Soft Drink, Mixers or Mineral Water 4x300mL",5.5,7.5,2.0,26.67,save_amount,4x300mL,$4.58 per litre,"WAS$7.50 | WAS$7.50 | Schweppes Soft Drink, Mixers | or Mineral Water 4x300mL | $4.58 per litre",93.56,False,,https://caau.syd1.cdn.digitaloceanspaces.com/wp-content/uploads/catalogue/coles/coles-catalogue-march-5-11-2025-vic-metro/21.jpg,https://www.catalogueau.com/coles/#catalogue=coles/coles-catalogue-march-5-11-2025-vic-metro/,displayed_price,displayed_price;unit_price,2,verified
Coles,VIC METRO,"Coles Catalogue March 5 - 11, 2025 VIC METRO",2025-03-05,2025-03-12,21,Arnott's Shapes Crackers 130g-190g,6.0,,,,special,130g; 190g,,"Arnott's Shapes | Crackers 130g-190g | ool value: $50,000. Winners | inners | etfats, Coles and Reddy",81.01,True,offer_labels_missing;save_amount_missing;regular_price_missing;single_price_evidence,https://caau.syd1.cdn.digitaloceanspaces.com/wp-content/uploads/catalogue/coles/coles-catalogue-march-5-11-2025-vic-metro/21.jpg,https://www.catalogueau.com/coles/#catalogue=coles/coles-catalogue-march-5-11-2025-vic-metro/,displayed_price,displayed_price,1,review
Coles,VIC METRO,"Coles Catalogue March 5 - 11, 2025 VIC METRO",2025-03-05,2025-03-12,21,Local Legends Beef Jerky 55g,4.4,,,,special,55g,$80.00 per kg,Local Legends Beef Jerky 55g | $80.00 per kg,96.55,True,single_price_evidence,https://caau.syd1.cdn.digitaloceanspaces.com/wp-content/uploads/catalogue/coles/coles-catalogue-march-5-11-2025-vic-metro/21.jpg,https://www.catalogueau.com/coles/#catalogue=coles/coles-catalogue-march-5-11-2025-vic-metro/,unit_price,unit_price,1,review
Coles,VIC METRO,"Coles Catalogue March 5 - 11, 2025 VIC METRO",2025-03-05,2025-03-12,21,Jumpy's Multipack 10 Pack,6.0,,,,special,10 Pack,$3.33 per 100g,Jumpy's Multipack 10 Pack | $3.33 per 100g | aah. |,92.04,True,offer_labels_missing;save_amount_missing;regular_price_missing;single_price_evidence,https://caau.syd1.cdn.digitaloceanspaces.com/wp-content/uploads/catalogue/coles/coles-catalogue-march-5-11-2025-vic-metro/21.jpg,https://www.catalogueau.com/coles/#catalogue=coles/coles-catalogue-march-5-11-2025-vic-metro/,displayed_price,displayed_price,1,review
Coles,VIC METRO,"Coles Catalogue March 5 - 11, 2025 VIC METRO",2025-03-05,2025-03-12,21,Tyrrells Crisps 165g,3.8,,,,special,165g,$2.30 per 100g,Tyrrells Crisps 165g | $2.30 per 100g,93.51,False,,https://caau.syd1.cdn.digitaloceanspaces.com/wp-content/uploads/catalogue/coles/coles-catalogue-march-5-11-2025-vic-metro/21.jpg,https://www.catalogueau.com/coles/#catalogue=coles/coles-catalogue-march-5-11-2025-vic-metro/,displayed_price,displayed_price;unit_price,2,verified
Coles,VIC METRO,"Coles Catalogue March 5 - 11, 2025 VIC METRO",2025-03-05,2025-03-12,22,open Pepsi or Solo,1.75,3.5,1.75,50.0,half_price,,,SAVE 51.75 | WASS3.50 | ¥ | r | — | sr | x | open,54.7,True,low_ocr_confidence;low_name_confidence_strict,https://caau.syd1.cdn.digitaloceanspaces.com/wp-content/uploads/catalogue/coles/coles-catalogue-march-5-11-2025-vic-metro/22.jpg,https://www.catalogueau.com/coles/#catalogue=coles/coles-catalogue-march-5-11-2025-vic-metro/,save_was_arithmetic,displayed_price;save_was_arithmetic,2,review
Coles,VIC METRO,"Coles Catalogue March 5 - 11, 2025 VIC METRO",2025-03-05,2025-03-12,22,"Pepsi, Solo or Schweppes Soft Drink 10x375mlL",9.5,19.0,9.5,50.0,half_price,,$2.53 per litre,"SAVES9.50 | WASS19 | Pepsi, Solo or Schweppes | Soft Drink 10x375mlL $2.53 per litre | (AFD)",88.36,False,,https://caau.syd1.cdn.digitaloceanspaces.com/wp-content/uploads/catalogue/coles/coles-catalogue-march-5-11-2025-vic-metro/22.jpg,https://www.catalogueau.com/coles/#catalogue=coles/coles-catalogue-march-5-11-2025-vic-metro/,save_was_arithmetic,displayed_price;save_was_arithmetic,2,verified
Coles,VIC METRO,"Coles Catalogue March 5 - 11, 2025 VIC METRO",2025-03-05,2025-03-12,22,Gatorade Sports Drink or * G Active Water 600mL,6.0,8.4,2.4,28.57,save_amount,600mL,$5.00 per litre,SAVE $2.40 | Gatorade Sports Drink or | * | G Active Water 600mL | $5.00 per litre,63.53,True,unit_price_conflict;low_name_confidence_strict;single_price_evidence,https://caau.syd1.cdn.digitaloceanspaces.com/wp-content/uploads/catalogue/coles/coles-catalogue-march-5-11-2025-vic-metro/22.jpg,https://www.catalogueau.com/coles/#catalogue=coles/coles-catalogue-march-5-11-2025-vic-metro/,displayed_price,displayed_price,1,review
Coles,VIC METRO,"Coles Catalogue March 5 - 11, 2025 VIC METRO",2025-03-05,2025-03-12,23,Leggo's Chunky Pasta Sauce 490g 490g-500g,2.7,4.6,1.9,41.3,save_amount,490g; 500g,,Leggo's Chunky Pasta Sauce | 490g | 490g-500g | OX | OY | x,79.0,True,low_name_confidence_strict;single_price_evidence,https://caau.syd1.cdn.digitaloceanspaces.com/wp-content/uploads/catalogue/coles/coles-catalogue-march-5-11-2025-vic-metro/23.jpg,https://www.catalogueau.com/coles/#catalogue=coles/coles-catalogue-march-5-11-2025-vic-metro/,unknown,,0,review
Coles,VIC METRO,"Coles Catalogue March 5 - 11, 2025 VIC METRO",2025-03-05,2025-03-12,23,"Cadbury Baking Chocolate Blocks, Chips or Melts 180g-225g",4.8,6.0,1.2,20.0,save_amount,180g; 225g,,"WASS6 | WASS6 | Cadbury Baking Chocolate | Blocks, Chips or Melts 180g-225g | fa | & | past",95.49,True,single_price_evidence,https://caau.syd1.cdn.digitaloceanspaces.com/wp-content/uploads/catalogue/coles/coles-catalogue-march-5-11-2025-vic-metro/23.jpg,https://www.catalogueau.com/coles/#catalogue=coles/coles-catalogue-march-5-11-2025-vic-metro/,displayed_price,displayed_price,1,review
Coles,VIC METRO,"Coles Catalogue March 5 - 11, 2025 VIC METRO",2025-03-05,2025-03-12,23,Green's Traditional Baking Mix 380g-470g 2nd week,3.0,3.8,0.8,21.05,save_amount,380g; 470g,,WASS3.80 | WASS3.80 | Green's Traditional Baking Mix | 380g-470g 2nd week on sale | 5 | Ss | Original.,95.2,True,single_price_evidence,https://caau.syd1.cdn.digitaloceanspaces.com/wp-content/uploads/catalogue/coles/coles-catalogue-march-5-11-2025-vic-metro/23.jpg,https://www.catalogueau.com/coles/#catalogue=coles/coles-catalogue-march-5-11-2025-vic-metro/,displayed_price,displayed_price,1,review
Coles,VIC METRO,"Coles Catalogue March 5 - 11, 2025 VIC METRO",2025-03-05,2025-03-12,23,Kewpie Mayonnaise 300g,4.3,5.5,1.2,21.82,save_amount,300g,$1.43 per 100g,WAS$5.50 | WAS$5.50 | Kewpie Mayonnaise | 300g $1.43 per 100g,95.57,True,single_price_evidence,https://caau.syd1.cdn.digitaloceanspaces.com/wp-content/uploads/catalogue/coles/coles-catalogue-march-5-11-2025-vic-metro/23.jpg,https://www.catalogueau.com/coles/#catalogue=coles/coles-catalogue-march-5-11-2025-vic-metro/,unit_price,unit_price,1,review
Coles,VIC METRO,"Coles Catalogue March 5 - 11, 2025 VIC METRO",2025-03-05,2025-03-12,23,La Espanola Olive Oil 1 Litre,18.0,26.0,8.0,30.77,save_amount,1 Litre,$1.80 per 100mL,WAS$26 | WAS$26 | La Espanola Olive Oil 1 Litre | $1.80 per 100mL. Excludes Organic,93.88,True,single_price_evidence,https://caau.syd1.cdn.digitaloceanspaces.com/wp-content/uploads/catalogue/coles/coles-catalogue-march-5-11-2025-vic-metro/23.jpg,https://www.catalogueau.com/coles/#catalogue=coles/coles-catalogue-march-5-11-2025-vic-metro/,unit_price,unit_price,1,review
Coles,VIC METRO,"Coles Catalogue March 5 - 11, 2025 VIC METRO",2025-03-05,2025-03-12,23,Ben's Original Flavoured Rice Pouch 240g-250g,10.0,,,,special,240g; 250g,,Ben's Original Flavoured Rice | Pouch 240g-250g,94.7,True,offer_labels_missing;save_amount_missing;regular_price_missing;inferred_price_requires_review,https://caau.syd1.cdn.digitaloceanspaces.com/wp-content/uploads/catalogue/coles/coles-catalogue-march-5-11-2025-vic-metro/23.jpg,https://www.catalogueau.com/coles/#catalogue=coles/coles-catalogue-march-5-11-2025-vic-metro/,displayed_price,displayed_price;grid_inference,1,review
Coles,VIC METRO,"Coles Catalogue March 5 - 11, 2025 VIC METRO",2025-03-05,2025-03-12,23,Cucina Matese Pasta 500g,2.8,,,,everyday,500g,$0.56 per 100g,Cucina Matese Pasta 500g | $0.56 per 100g | — | — | Green's,93.87,True,single_price_evidence,https://caau.syd1.cdn.digitaloceanspaces.com/wp-content/uploads/catalogue/coles/coles-catalogue-march-5-11-2025-vic-metro/23.jpg,https://www.catalogueau.com/coles/#catalogue=coles/coles-catalogue-march-5-11-2025-vic-metro/,unit_price,unit_price,1,review
Coles,VIC METRO,"Coles Catalogue March 5 - 11, 2025 VIC METRO",2025-03-05,2025-03-12,23,Coles Street Tortilla Wraps 10 Pack 280g,3.5,,,,everyday,10 Pack; 280g,$1.25 per 100g,Coles Street Tortilla Wraps | 10 Pack 280g $1.25 per 100g | GES | OQ; | ase,96.21,False,,https://caau.syd1.cdn.digitaloceanspaces.com/wp-content/uploads/catalogue/coles/coles-catalogue-march-5-11-2025-vic-metro/23.jpg,https://www.catalogueau.com/coles/#catalogue=coles/coles-catalogue-march-5-11-2025-vic-metro/,displayed_price,displayed_price;unit_price,2,verified
Coles,VIC METRO,"Coles Catalogue March 5 - 11, 2025 VIC METRO",2025-03-05,2025-03-12,23,Coles Pacific Yellowfin Tuna 95g,1.4,,,,everyday,95g,$14.74 per kg,Coles Pacific Yellowfin Tuna | 95g $14.74 per kg | Sm,95.08,False,,https://caau.syd1.cdn.digitaloceanspaces.com/wp-content/uploads/catalogue/coles/coles-catalogue-march-5-11-2025-vic-metro/23.jpg,https://www.catalogueau.com/coles/#catalogue=coles/coles-catalogue-march-5-11-2025-vic-metro/,displayed_price,displayed_price;unit_price,2,verified
Coles,VIC METRO,"Coles Catalogue March 5 - 11, 2025 VIC METRO",2025-03-05,2025-03-12,24,Dale St Coffee Beans or Ground Tkg,20.0,35.0,15.0,42.86,save_amount,,$2.00 per 100g,WASS35 | WASS35 | Dale | St Coffee Beans or Ground | Tkg $2.00 per 100g,79.0,True,low_name_confidence_strict;single_price_evidence,https://caau.syd1.cdn.digitaloceanspaces.com/wp-content/uploads/catalogue/coles/coles-catalogue-march-5-11-2025-vic-metro/24.jpg,https://www.catalogueau.com/coles/#catalogue=coles/coles-catalogue-march-5-11-2025-vic-metro/,displayed_price,displayed_price,1,review
Coles,VIC METRO,"Coles Catalogue March 5 - 11, 2025 VIC METRO",2025-03-05,2025-03-12,24,Uncle Tobys Muesli Bars 145g-185g or Roll Ups 94g,3.3,5.5,2.2,40.0,save_amount,145g; 185g; 94g,,Uncle Tobys Muesli Bars | 145g-185g or Roll Ups 94g,93.4,True,offer_labels_missing;single_price_evidence,https://caau.syd1.cdn.digitaloceanspaces.com/wp-content/uploads/catalogue/coles/coles-catalogue-march-5-11-2025-vic-metro/24.jpg,https://www.catalogueau.com/coles/#catalogue=coles/coles-catalogue-march-5-11-2025-vic-metro/,unknown,,0,review
Coles,VIC METRO,"Coles Catalogue March 5 - 11, 2025 VIC METRO",2025-03-05,2025-03-12,24,Vittoria Mountain Grown Coffee Beans or Ground 1kg,29.0,49.0,20.0,40.82,save_amount,1kg,$2.90 per 100g,WAS$49 | WAS$49 | Vittoria Mountain Grown Coffee | Beans or Ground Ikg | $2.90 per 100g | a,92.79,False,,https://caau.syd1.cdn.digitaloceanspaces.com/wp-content/uploads/catalogue/coles/coles-catalogue-march-5-11-2025-vic-metro/24.jpg,https://www.catalogueau.com/coles/#catalogue=coles/coles-catalogue-march-5-11-2025-vic-metro/,displayed_price,displayed_price;unit_price,2,verified
Coles,VIC METRO,"Coles Catalogue March 5 - 11, 2025 VIC METRO",2025-03-05,2025-03-12,24,Sanitarium Weet-Bix 575g,3.0,4.4,1.4,31.82,save_amount,575g,$0.52 per 100g,WASS4.40 | WASS4.40 | Sanitarium Weet-Bix 575g | $0.52 per 100g | \ disc*,92.99,False,,https://caau.syd1.cdn.digitaloceanspaces.com/wp-content/uploads/catalogue/coles/coles-catalogue-march-5-11-2025-vic-metro/24.jpg,https://www.catalogueau.com/coles/#catalogue=coles/coles-catalogue-march-5-11-2025-vic-metro/,displayed_price,displayed_price;unit_price,2,verified
Coles,VIC METRO,"Coles Catalogue March 5 - 11, 2025 VIC METRO",2025-03-05,2025-03-12,24,Kellogg's Nutri Grain Cereal 765g,8.0,10.8,2.8,25.93,save_amount,765g,$1.05 per 100g,WASS10.80 | WASS10.80 | Kellogg's Nutri Grain Cereal 765g | $1.05 per 100g. | *See page 38 for T&Cs | We,95.87,False,,https://caau.syd1.cdn.digitaloceanspaces.com/wp-content/uploads/catalogue/coles/coles-catalogue-march-5-11-2025-vic-metro/24.jpg,https://www.catalogueau.com/coles/#catalogue=coles/coles-catalogue-march-5-11-2025-vic-metro/,displayed_price,displayed_price;unit_price,2,verified
Coles,VIC METRO,"Coles Catalogue March 5 - 11, 2025 VIC METRO",2025-03-05,2025-03-12,24,Moccona Freeze Dried Instant Coffee 200g,13.6,19.5,5.9,30.26,save_amount,200g,$6.80 per 100g,"WASS19.50 | WASS19.50 | Moccona Freeze Dried Instant | Coffee 200g $6.80 per 100g | Coles Group acknowledges the Traditional Custodians of Country throughout Australia | We recognise their strength and pay our respect fo Elders past, present and emerging.",95.91,True,single_price_evidence,https://caau.syd1.cdn.digitaloceanspaces.com/wp-content/uploads/catalogue/coles/coles-catalogue-march-5-11-2025-vic-metro/24.jpg,https://www.catalogueau.com/coles/#catalogue=coles/coles-catalogue-march-5-11-2025-vic-metro/,unit_price,unit_price,1,review
Coles,VIC METRO,"Coles Catalogue March 5 - 11, 2025 VIC METRO",2025-03-05,2025-03-12,24,Vittoria Instant Coffee 400g,23.5,39.0,15.5,39.74,save_amount,400g,$5.88 per 100g,WAS$39 | WAS$39 | Vittoria Instant Coffee 400g | $5.88 per 100g | if and | merging | e | ot,96.76,False,,https://caau.syd1.cdn.digitaloceanspaces.com/wp-content/uploads/catalogue/coles/coles-catalogue-march-5-11-2025-vic-metro/24.jpg,https://www.catalogueau.com/coles/#catalogue=coles/coles-catalogue-march-5-11-2025-vic-metro/,displayed_price,displayed_price;unit_price,2,verified
Coles,VIC METRO,"Coles Catalogue March 5 - 11, 2025 VIC METRO",2025-03-05,2025-03-12,24,Sunsol Natural Muesli 500g,5.1,,,,special,500g,$1.02 per 100g,Sunsol Natural Muesli 500g | $1.02 per 100g,95.01,True,single_price_evidence,https://caau.syd1.cdn.digitaloceanspaces.com/wp-content/uploads/catalogue/coles/coles-catalogue-march-5-11-2025-vic-metro/24.jpg,https://www.catalogueau.com/coles/#catalogue=coles/coles-catalogue-march-5-11-2025-vic-metro/,unit_price,unit_price,1,review
Coles,VIC METRO,"Coles Catalogue March 5 - 11, 2025 VIC METRO",2025-03-05,2025-03-12,25,Nexba Kombucha 4x330mL,6.7,8.95,2.25,25.14,save_amount,4x330mL,$5.08 per litre,SAVE2.25 | WAS$8.95 | Nexba Kombucha 4x330mL | $5.08 per litre | ot BAG,92.25,False,,https://caau.syd1.cdn.digitaloceanspaces.com/wp-content/uploads/catalogue/coles/coles-catalogue-march-5-11-2025-vic-metro/25.jpg,https://www.catalogueau.com/coles/#catalogue=coles/coles-catalogue-march-5-11-2025-vic-metro/,save_was_arithmetic,save_was_arithmetic;unit_price,2,verified
Coles,VIC METRO,"Coles Catalogue March 5 - 11, 2025 VIC METRO",2025-03-05,2025-03-12,25,Bundaberg Brewed Drink 10x375mL,12.9,17.55,4.65,26.5,save_amount,10x375mL,$3.44 per litre,SAVE%4.65 | WASS17.55 | Bundaberg Brewed Drink | 10x375mL $3.44 per litre | Gr 5a | =,95.29,False,,https://caau.syd1.cdn.digitaloceanspaces.com/wp-content/uploads/catalogue/coles/coles-catalogue-march-5-11-2025-vic-metro/25.jpg,https://www.catalogueau.com/coles/#catalogue=coles/coles-catalogue-march-5-11-2025-vic-metro/,save_was_arithmetic,displayed_price;save_was_arithmetic;unit_price,3,verified
Coles,VIC METRO,"Coles Catalogue March 5 - 11, 2025 VIC METRO",2025-03-05,2025-03-12,25,Frantelle Natural Spring Water 24x600mL**,11.3,18.9,7.6,40.21,save_amount,24x600mL,$0.78 per litre,WASS18.90 | WASS18.90 | Frantelle Natural Spring Water | 24x600mL** $0.78 per litre,94.47,True,single_price_evidence,https://caau.syd1.cdn.digitaloceanspaces.com/wp-content/uploads/catalogue/coles/coles-catalogue-march-5-11-2025-vic-metro/25.jpg,https://www.catalogueau.com/coles/#catalogue=coles/coles-catalogue-march-5-11-2025-vic-metro/,displayed_price,displayed_price,1,review
Coles,VIC METRO,"Coles Catalogue March 5 - 11, 2025 VIC METRO",2025-03-05,2025-03-12,25,Cheezels 6 Pack or Jumpy's 5 Pack,7.0,9.0,2.0,22.22,save_amount,6 Pack; 5 Pack,,SAVE £2 | Cheezels 6 Pack or | Jumpy's 5 Pack | ** Not available for Deliver More delivery timeslots,93.36,True,single_price_evidence,https://caau.syd1.cdn.digitaloceanspaces.com/wp-content/uploads/catalogue/coles/coles-catalogue-march-5-11-2025-vic-metro/25.jpg,https://www.catalogueau.com/coles/#catalogue=coles/coles-catalogue-march-5-11-2025-vic-metro/,displayed_price,displayed_price,1,review
Coles,VIC METRO,"Coles Catalogue March 5 - 11, 2025 VIC METRO",2025-03-05,2025-03-12,25,Table of Plenty Sharepack Mini Rice Cakes 60g,3.6,4.5,0.9,20.0,save_amount,60g,,WAS $4.50 | WAS $4.50 | JAN 2025 | @i | % | wv | Table of Plenty | Sharepack Mini,95.25,True,single_price_evidence,https://caau.syd1.cdn.digitaloceanspaces.com/wp-content/uploads/catalogue/coles/coles-catalogue-march-5-11-2025-vic-metro/25.jpg,https://www.catalogueau.com/coles/#catalogue=coles/coles-catalogue-march-5-11-2025-vic-metro/,displayed_price,displayed_price,1,review
Coles,VIC METRO,"Coles Catalogue March 5 - 11, 2025 VIC METRO",2025-03-05,2025-03-12,25,** Not available for Deliver More delivery timeslots,4.0,,,,special,,,** Not available for Deliver More delivery timeslots,96.01,True,offer_labels_missing;save_amount_missing;regular_price_missing;single_price_evidence,https://caau.syd1.cdn.digitaloceanspaces.com/wp-content/uploads/catalogue/coles/coles-catalogue-march-5-11-2025-vic-metro/25.jpg,https://www.catalogueau.com/coles/#catalogue=coles/coles-catalogue-march-5-11-2025-vic-metro/,displayed_price,displayed_price,1,review
Coles,VIC METRO,"Coles Catalogue March 5 - 11, 2025 VIC METRO",2025-03-05,2025-03-12,25,"Twisties, Burger Rings or Cheetos 150g-270g",4.0,,,,special,150g; 270g,,"Twisties, Burger Rings or Cheetos | 150g-270g",92.78,True,offer_labels_missing;save_amount_missing;regular_price_missing;single_price_evidence,https://caau.syd1.cdn.digitaloceanspaces.com/wp-content/uploads/catalogue/coles/coles-catalogue-march-5-11-2025-vic-metro/25.jpg,https://www.catalogueau.com/coles/#catalogue=coles/coles-catalogue-march-5-11-2025-vic-metro/,displayed_price,displayed_price,1,review
Coles,VIC METRO,"Coles Catalogue March 5 - 11, 2025 VIC METRO",2025-03-05,2025-03-12,26,Campbell's Real Stock 1 Litre,3.5,4.5,1.0,22.22,save_amount,1 Litre,$0.35 per 100mL,"WASS4.50. | WASS4.50. | Campbell's Real Stock 1 Litre | $0.35 per 100mL | ms,",95.8,False,,https://caau.syd1.cdn.digitaloceanspaces.com/wp-content/uploads/catalogue/coles/coles-catalogue-march-5-11-2025-vic-metro/26.jpg,https://www.catalogueau.com/coles/#catalogue=coles/coles-catalogue-march-5-11-2025-vic-metro/,displayed_price,displayed_price;unit_price,2,verified
Coles,VIC METRO,"Coles Catalogue March 5 - 11, 2025 VIC METRO",2025-03-05,2025-03-12,26,Campbell's Country Ladle or Chunky Soup 495g-505g,3.5,4.5,1.0,22.22,save_amount,495g; 505g,,WASS4.50. | WASS4.50. | Campbell's Country Ladle or | Chunky Soup 495g-505g,94.56,True,single_price_evidence,https://caau.syd1.cdn.digitaloceanspaces.com/wp-content/uploads/catalogue/coles/coles-catalogue-march-5-11-2025-vic-metro/26.jpg,https://www.catalogueau.com/coles/#catalogue=coles/coles-catalogue-march-5-11-2025-vic-metro/,displayed_price,displayed_price,1,review
Coles,VIC METRO,"Coles Catalogue March 5 - 11, 2025 VIC METRO",2025-03-05,2025-03-12,26,Moro Olive Oil 500mL,12.0,16.0,4.0,25.0,save_amount,500mL,$2.40 per 100mL,‘WASSI6 | ‘WASSI6 | Moro Olive Oil 500mL | $2.40 per 100mL | Tn | a: | <i | &,94.32,False,,https://caau.syd1.cdn.digitaloceanspaces.com/wp-content/uploads/catalogue/coles/coles-catalogue-march-5-11-2025-vic-metro/26.jpg,https://www.catalogueau.com/coles/#catalogue=coles/coles-catalogue-march-5-11-2025-vic-metro/,displayed_price,displayed_price;unit_price,2,verified
Coles,VIC METRO,"Coles Catalogue March 5 - 11, 2025 VIC METRO",2025-03-05,2025-03-12,26,Chang's Hokkien Style Shelf-Fresh Noodles 800g,3.5,,,,special,800g,$0.44 per 100g,Chang's Hokkien Style Shelf-Fresh | Noodles 800g $0.44 per 100g | zi,93.76,False,,https://caau.syd1.cdn.digitaloceanspaces.com/wp-content/uploads/catalogue/coles/coles-catalogue-march-5-11-2025-vic-metro/26.jpg,https://www.catalogueau.com/coles/#catalogue=coles/coles-catalogue-march-5-11-2025-vic-metro/,displayed_price,displayed_price;unit_price,2,verified
Coles,VIC METRO,"Coles Catalogue March 5 - 11, 2025 VIC METRO",2025-03-05,2025-03-12,26,Hakubaku Organic Noodles 270g,3.5,,,,special,270g,$1.30 per 100g,Hakubaku Organic Noodles 270g | $1.30 per 100g,94.04,False,,https://caau.syd1.cdn.digitaloceanspaces.com/wp-content/uploads/catalogue/coles/coles-catalogue-march-5-11-2025-vic-metro/26.jpg,https://www.catalogueau.com/coles/#catalogue=coles/coles-catalogue-march-5-11-2025-vic-metro/,displayed_price,displayed_price;unit_price,2,verified
Coles,VIC METRO,"Coles Catalogue March 5 - 11, 2025 VIC METRO",2025-03-05,2025-03-12,26,Zafarelli Pasta 500g,2.0,,,,special,500g,$0.40 per 100g,Zafarelli Pasta 500g | $0.40 per 100g,94.02,False,,https://caau.syd1.cdn.digitaloceanspaces.com/wp-content/uploads/catalogue/coles/coles-catalogue-march-5-11-2025-vic-metro/26.jpg,https://www.catalogueau.com/coles/#catalogue=coles/coles-catalogue-march-5-11-2025-vic-metro/,displayed_price,displayed_price;unit_price,2,verified
Coles,VIC METRO,"Coles Catalogue March 5 - 11, 2025 VIC METRO",2025-03-05,2025-03-12,27,Lotus Biscoff Spread 380g-400g,6.0,,,,special,380g; 400g,,Lotus Biscoff Spread 380g-400g,92.42,True,offer_labels_missing;save_amount_missing;regular_price_missing;single_price_evidence,https://caau.syd1.cdn.digitaloceanspaces.com/wp-content/uploads/catalogue/coles/coles-catalogue-march-5-11-2025-vic-metro/27.jpg,https://www.catalogueau.com/coles/#catalogue=coles/coles-catalogue-march-5-11-2025-vic-metro/,displayed_price,displayed_price,1,review
Coles,VIC METRO,"Coles Catalogue March 5 - 11, 2025 VIC METRO",2025-03-05,2025-03-12,27,Kellogg's All Bran 530g,6.4,,,,special,530g,$1.21 per 100g,Kellogg's All Bran 530g | $1.21 per 100g,95.73,False,,https://caau.syd1.cdn.digitaloceanspaces.com/wp-content/uploads/catalogue/coles/coles-catalogue-march-5-11-2025-vic-metro/27.jpg,https://www.catalogueau.com/coles/#catalogue=coles/coles-catalogue-march-5-11-2025-vic-metro/,displayed_price,displayed_price;unit_price,2,verified
Coles,VIC METRO,"Coles Catalogue March 5 - 11, 2025 VIC METRO",2025-03-05,2025-03-12,27,Robert Timms Coffee Bags 24 Pack-28 Pack,9.5,,,,special,24 Pack; 28 Pack,,Robert Timms Coffee Bags | 24 Pack-28 Pack,94.87,True,offer_labels_missing;save_amount_missing;regular_price_missing;single_price_evidence,https://caau.syd1.cdn.digitaloceanspaces.com/wp-content/uploads/catalogue/coles/coles-catalogue-march-5-11-2025-vic-metro/27.jpg,https://www.catalogueau.com/coles/#catalogue=coles/coles-catalogue-march-5-11-2025-vic-metro/,displayed_price,displayed_price,1,review
Coles,VIC METRO,"Coles Catalogue March 5 - 11, 2025 VIC METRO",2025-03-05,2025-03-12,28,Health Lab Gluten Free Protein Ball 40g,2.0,3.5,1.5,42.86,save_amount,40g,$5.00 per 100g,SAVES1.50 | WAS$3.50 | Health Lab Gluten Free Protein Ball | 40g $5.00 per 100g | e | = Wallaby. 7,96.35,False,,https://caau.syd1.cdn.digitaloceanspaces.com/wp-content/uploads/catalogue/coles/coles-catalogue-march-5-11-2025-vic-metro/28.jpg,https://www.catalogueau.com/coles/#catalogue=coles/coles-catalogue-march-5-11-2025-vic-metro/,save_was_arithmetic,displayed_price;save_was_arithmetic;unit_price,3,verified
Coles,VIC METRO,"Coles Catalogue March 5 - 11, 2025 VIC METRO",2025-03-05,2025-03-12,28,Peckish White Rice Crackers 90g,1.5,2.5,1.0,40.0,save_amount,90g,$1.67 per 100g,WAS$2.50 | WAS$2.50 | Peckish White Rice Crackers | 90g $1.67 per 100g | wes a,95.8,False,,https://caau.syd1.cdn.digitaloceanspaces.com/wp-content/uploads/catalogue/coles/coles-catalogue-march-5-11-2025-vic-metro/28.jpg,https://www.catalogueau.com/coles/#catalogue=coles/coles-catalogue-march-5-11-2025-vic-metro/,displayed_price,displayed_price;unit_price,2,verified
Coles,VIC METRO,"Coles Catalogue March 5 - 11, 2025 VIC METRO",2025-03-05,2025-03-12,28,McKenzie's Chick Pea Flour 330g,3.0,4.0,1.0,25.0,save_amount,330g,$9.09 per kg,SAVE*1 | WASS4 | McKenzie's Chick Pea | Flour 330g $9.09 per kg. | On sale for 2 weeks | <7 | —= | —,93.06,False,,https://caau.syd1.cdn.digitaloceanspaces.com/wp-content/uploads/catalogue/coles/coles-catalogue-march-5-11-2025-vic-metro/28.jpg,https://www.catalogueau.com/coles/#catalogue=coles/coles-catalogue-march-5-11-2025-vic-metro/,save_was_arithmetic,displayed_price;save_was_arithmetic;unit_price,3,verified
Coles,VIC METRO,"Coles Catalogue March 5 - 11, 2025 VIC METRO",2025-03-05,2025-03-12,28,White Wings Unbelievably Good Baking Mix 320g-565g,42.5,95.0,52.5,55.26,save_amount,320g; 565g,,SAVE52.50 | WAS | White Wings | Unbelievably Good | Baking Mix 320g-565g,94.89,True,single_price_evidence,https://caau.syd1.cdn.digitaloceanspaces.com/wp-content/uploads/catalogue/coles/coles-catalogue-march-5-11-2025-vic-metro/28.jpg,https://www.catalogueau.com/coles/#catalogue=coles/coles-catalogue-march-5-11-2025-vic-metro/,displayed_price,displayed_price,1,review
Coles,VIC METRO,"Coles Catalogue March 5 - 11, 2025 VIC METRO",2025-03-05,2025-03-12,28,Wallaby Gluten Free Bites 150g,4.5,6.0,1.5,25.0,save_amount,150g,$3.00 per 100g,SAVE 1.50 | WASS6 | Wallaby Gluten Free Bites | 150g $3.00 per 100g | Tuy,96.43,False,,https://caau.syd1.cdn.digitaloceanspaces.com/wp-content/uploads/catalogue/coles/coles-catalogue-march-5-11-2025-vic-metro/28.jpg,https://www.catalogueau.com/coles/#catalogue=coles/coles-catalogue-march-5-11-2025-vic-metro/,save_was_arithmetic,save_was_arithmetic;unit_price,2,verified
Coles,VIC METRO,"Coles Catalogue March 5 - 11, 2025 VIC METRO",2025-03-05,2025-03-12,28,San Remo Gluten Free Pasta 200g-350g,3.5,4.5,1.0,22.22,save_amount,200g; 350g,,WASS4.50 | WASS4.50 | San Remo Gluten Free | Pasta 200g-350g | 2nd week on sale | xeon,93.61,True,single_price_evidence,https://caau.syd1.cdn.digitaloceanspaces.com/wp-content/uploads/catalogue/coles/coles-catalogue-march-5-11-2025-vic-metro/28.jpg,https://www.catalogueau.com/coles/#catalogue=coles/coles-catalogue-march-5-11-2025-vic-metro/,displayed_price,displayed_price,1,review
Coles,VIC METRO,"Coles Catalogue March 5 - 11, 2025 VIC METRO",2025-03-05,2025-03-12,28,Carman's Cookies & Cream Protein Bars 5 Pack 200g,5.5,790.0,784.5,99.3,save_amount,5 Pack; 200g,$2.75 per 100g,SAVE‘2.40 | WAS$790 | Carman's Cookies & | Cream Protein Bars | 5 Pack 200g | $2.75 per 100g | 28,95.22,False,,https://caau.syd1.cdn.digitaloceanspaces.com/wp-content/uploads/catalogue/coles/coles-catalogue-march-5-11-2025-vic-metro/28.jpg,https://www.catalogueau.com/coles/#catalogue=coles/coles-catalogue-march-5-11-2025-vic-metro/,displayed_price,displayed_price;unit_price,2,verified
Coles,VIC METRO,"Coles Catalogue March 5 - 11, 2025 VIC METRO",2025-03-05,2025-03-12,28,Munchme Nutritious Snacks 120g,6.0,7.5,1.5,20.0,save_amount,120g,$5.00 per 100g,SAVE*1.50 | WASS7.50 | Munchme Nutritious | Snacks 120g | $5.00 per 100g. | 2nd week on sale | 28,95.26,False,,https://caau.syd1.cdn.digitaloceanspaces.com/wp-content/uploads/catalogue/coles/coles-catalogue-march-5-11-2025-vic-metro/28.jpg,https://www.catalogueau.com/coles/#catalogue=coles/coles-catalogue-march-5-11-2025-vic-metro/,save_was_arithmetic,displayed_price;save_was_arithmetic;unit_price,3,verified
Coles,VIC METRO,"Coles Catalogue March 5 - 11, 2025 VIC METRO",2025-03-05,2025-03-12,28,Iddy Biddy Fruit Snacks 160g,3.9,4.4,0.5,11.36,save_amount,160g,$2.44 per 100g,WAS $4.40 | WAS $4.40 | FEB 2025 | Iddy Biddy Fruit Snacks | 160g $2.44 per 100g | VIC-METRO-0503-25-345401,95.99,False,,https://caau.syd1.cdn.digitaloceanspaces.com/wp-content/uploads/catalogue/coles/coles-catalogue-march-5-11-2025-vic-metro/28.jpg,https://www.catalogueau.com/coles/#catalogue=coles/coles-catalogue-march-5-11-2025-vic-metro/,displayed_price,displayed_price;unit_price,2,verified
Coles,VIC METRO,"Coles Catalogue March 5 - 11, 2025 VIC METRO",2025-03-05,2025-03-12,28,Freedom Crafted Blends 400g,6.3,8.5,2.2,25.88,save_amount,400g,$1.58 per 100g,SAVES2.20 | WASS$8.50 | Freedom Crafted Blends | 400g $1.58 per 100g. | 2nd week on sale,96.01,False,,https://caau.syd1.cdn.digitaloceanspaces.com/wp-content/uploads/catalogue/coles/coles-catalogue-march-5-11-2025-vic-metro/28.jpg,https://www.catalogueau.com/coles/#catalogue=coles/coles-catalogue-march-5-11-2025-vic-metro/,save_was_arithmetic,displayed_price;save_was_arithmetic;unit_price,3,verified
Coles,VIC METRO,"Coles Catalogue March 5 - 11, 2025 VIC METRO",2025-03-05,2025-03-12,29,Coles I'm Free From Muffins 2 Pack 130g,3.9,4.4,0.5,11.36,save_amount,2 Pack; 130g,$3.00 per 100g,SAVE50¢ | WAS$4.40 | Coles I'm Free From Muffins | 2 Pack 130g $3.00 per 100g,96.34,True,single_price_evidence,https://caau.syd1.cdn.digitaloceanspaces.com/wp-content/uploads/catalogue/coles/coles-catalogue-march-5-11-2025-vic-metro/29.jpg,https://www.catalogueau.com/coles/#catalogue=coles/coles-catalogue-march-5-11-2025-vic-metro/,unit_price,unit_price,1,review
Coles,VIC METRO,"Coles Catalogue March 5 - 11, 2025 VIC METRO",2025-03-05,2025-03-12,29,Coles I'm Free From Hot Cross Buns 3 Pack,4.0,4.4,0.4,9.09,save_amount,3 Pack,$1.33 per each,WASS4.40 | WASS4.40 | Coles I'm Free From Hot Cross Buns | 3 Pack $1.33 per each. | On sale for 2 weeks. While stocks last | No rainchecks,96.02,False,,https://caau.syd1.cdn.digitaloceanspaces.com/wp-content/uploads/catalogue/coles/coles-catalogue-march-5-11-2025-vic-metro/29.jpg,https://www.catalogueau.com/coles/#catalogue=coles/coles-catalogue-march-5-11-2025-vic-metro/,displayed_price,displayed_price;unit_price,2,verified
Coles,VIC METRO,"Coles Catalogue March 5 - 11, 2025 VIC METRO",2025-03-05,2025-03-12,29,Helga's Gluten Free Bread 470g-500g,7.0,7.8,0.8,10.26,save_amount,470g; 500g,,SAVE 80° | WASS$7.80 | Helga's Gluten Free Bread | 470g-500g On sale for 2 weeks,94.42,True,single_price_evidence,https://caau.syd1.cdn.digitaloceanspaces.com/wp-content/uploads/catalogue/coles/coles-catalogue-march-5-11-2025-vic-metro/29.jpg,https://www.catalogueau.com/coles/#catalogue=coles/coles-catalogue-march-5-11-2025-vic-metro/,displayed_price,displayed_price,1,review
Coles,VIC METRO,"Coles Catalogue March 5 - 11, 2025 VIC METRO",2025-03-05,2025-03-12,29,"Coles I'm Free From Spinach, Ricotta & Fetta Rolls 2 Pack 320g",5.0,6.5,1.5,23.08,save_amount,2 Pack; 320g,$1.56 per 100g,"SAVES1.50 | WASS6.50 | Coles I'm Free From Spinach, | Ricotta & Fetta Rolls 2 Pack 320g | $1.56 per 100g. On sale for 2 weeks | IM EREE",95.39,False,,https://caau.syd1.cdn.digitaloceanspaces.com/wp-content/uploads/catalogue/coles/coles-catalogue-march-5-11-2025-vic-metro/29.jpg,https://www.catalogueau.com/coles/#catalogue=coles/coles-catalogue-march-5-11-2025-vic-metro/,save_was_arithmetic,displayed_price;save_was_arithmetic;unit_price,3,verified
Coles,VIC METRO,"Coles Catalogue March 5 - 11, 2025 VIC METRO",2025-03-05,2025-03-12,29,Coles I'm Free From Garlic Bread 2 Pack 400g,5.5,7.0,1.5,21.43,save_amount,2 Pack; 400g,$1.38 per 100g,SAVES1.50 | Coles I'm Free From Garlic Bread | 2 Pack 400g $1.38 per 100g. | On sale for 2 weeks | VIC-METRO-0503-25-345401,96.3,False,,https://caau.syd1.cdn.digitaloceanspaces.com/wp-content/uploads/catalogue/coles/coles-catalogue-march-5-11-2025-vic-metro/29.jpg,https://www.catalogueau.com/coles/#catalogue=coles/coles-catalogue-march-5-11-2025-vic-metro/,displayed_price,displayed_price;unit_price,2,verified
Coles,VIC METRO,"Coles Catalogue March 5 - 11, 2025 VIC METRO",2025-03-05,2025-03-12,29,Coles I'm Free From Mini Party Pack 12 Pack 480g,9.0,11.2,2.2,19.64,save_amount,12 Pack; 480g,$1.88 per 100g,SAVES2.20 | WASS11.20 | Coles I'm Free From Mini Party Pack | 12 Pack 480g $1.88 per 100g | On sale for 2 weeks,96.39,False,,https://caau.syd1.cdn.digitaloceanspaces.com/wp-content/uploads/catalogue/coles/coles-catalogue-march-5-11-2025-vic-metro/29.jpg,https://www.catalogueau.com/coles/#catalogue=coles/coles-catalogue-march-5-11-2025-vic-metro/,save_was_arithmetic,displayed_price;save_was_arithmetic;unit_price,3,verified
Coles,VIC METRO,"Coles Catalogue March 5 - 11, 2025 VIC METRO",2025-03-05,2025-03-12,29,Coles I'm Free From Beef Pies 2 Pack 340g,7.0,8.7,1.7,19.54,save_amount,2 Pack; 340g,$2.06 per 100g,WAS$8.70 | WAS$8.70 | Coles I'm Free From Beef Pies | 2 Pack 340g $2.06 per 100g. | On sale for 2 weeks | 29,96.27,False,,https://caau.syd1.cdn.digitaloceanspaces.com/wp-content/uploads/catalogue/coles/coles-catalogue-march-5-11-2025-vic-metro/29.jpg,https://www.catalogueau.com/coles/#catalogue=coles/coles-catalogue-march-5-11-2025-vic-metro/,displayed_price,displayed_price;unit_price,2,verified
Coles,VIC METRO,"Coles Catalogue March 5 - 11, 2025 VIC METRO",2025-03-05,2025-03-12,29,Kellogg's Gluten Free Corn Flakes 270g,5.0,,,,everyday,270g,$1.85 per 100g,| EVERY DAY] DAY | Kellogg's Gluten Free Corn Flakes | 270g $1.85 per 100g | ZV \ | A? Pag™,79.0,True,low_name_confidence_strict,https://caau.syd1.cdn.digitaloceanspaces.com/wp-content/uploads/catalogue/coles/coles-catalogue-march-5-11-2025-vic-metro/29.jpg,https://www.catalogueau.com/coles/#catalogue=coles/coles-catalogue-march-5-11-2025-vic-metro/,displayed_price,displayed_price;unit_price,2,review
Coles,VIC METRO,"Coles Catalogue March 5 - 11, 2025 VIC METRO",2025-03-05,2025-03-12,29,Sanitarium Weet-Bix Gluten Free 375g,4.6,,,,special,375g,$1.23 per 100g,Sanitarium Weet-Bix Gluten Free | 375g $1.23 per 100g | — | ———,95.45,True,single_price_evidence,https://caau.syd1.cdn.digitaloceanspaces.com/wp-content/uploads/catalogue/coles/coles-catalogue-march-5-11-2025-vic-metro/29.jpg,https://www.catalogueau.com/coles/#catalogue=coles/coles-catalogue-march-5-11-2025-vic-metro/,unit_price,unit_price,1,review
Coles,VIC METRO,"Coles Catalogue March 5 - 11, 2025 VIC METRO",2025-03-05,2025-03-12,29,Coles Nut Bars Choc Coated 6 Pack 210g,3.0,,,,special,6 Pack; 210g,$1.43 per 100g,Coles Nut Bars Choc Coated 6 Pack | 210g $1.43 per 100g | AHelloggs | a Freecy,95.98,False,,https://caau.syd1.cdn.digitaloceanspaces.com/wp-content/uploads/catalogue/coles/coles-catalogue-march-5-11-2025-vic-metro/29.jpg,https://www.catalogueau.com/coles/#catalogue=coles/coles-catalogue-march-5-11-2025-vic-metro/,displayed_price,displayed_price;unit_price,2,verified
Coles,VIC METRO,"Coles Catalogue March 5 - 11, 2025 VIC METRO",2025-03-05,2025-03-12,29,Nice & Natural Fruit Fun Mix 272g,8.0,,,,everyday,272g,$2.94 per 100g,Nice & Natural Fruit Fun Mix 272g | $2.94 per 100g | =,95.11,False,,https://caau.syd1.cdn.digitaloceanspaces.com/wp-content/uploads/catalogue/coles/coles-catalogue-march-5-11-2025-vic-metro/29.jpg,https://www.catalogueau.com/coles/#catalogue=coles/coles-catalogue-march-5-11-2025-vic-metro/,displayed_price,displayed_price;unit_price,2,verified
Coles,VIC METRO,"Coles Catalogue March 5 - 11, 2025 VIC METRO",2025-03-05,2025-03-12,30,Sunrice Flavoured Rice Cakes 160g,1.25,2.5,1.25,50.0,half_price,160g,$0.78 per 100g,SAVE‘1.25 | ‘WAS§2.50 | Sunrice Flavoured Rice Cakes 160g | $0.78 per 100g,95.36,False,,https://caau.syd1.cdn.digitaloceanspaces.com/wp-content/uploads/catalogue/coles/coles-catalogue-march-5-11-2025-vic-metro/30.jpg,https://www.catalogueau.com/coles/#catalogue=coles/coles-catalogue-march-5-11-2025-vic-metro/,save_was_arithmetic,displayed_price;save_was_arithmetic;unit_price,3,verified
Coles,VIC METRO,"Coles Catalogue March 5 - 11, 2025 VIC METRO",2025-03-05,2025-03-12,30,Sunrice Brown Rice Chips 150g,2.75,5.5,2.75,50.0,half_price,150g,$1.83 per 100g,SAVE'2.75 | WASS5.50 | Sunrice Brown Rice Chips 150g | $1.83 per 100g | $1.83 | <=> - = | ee?,94.98,False,,https://caau.syd1.cdn.digitaloceanspaces.com/wp-content/uploads/catalogue/coles/coles-catalogue-march-5-11-2025-vic-metro/30.jpg,https://www.catalogueau.com/coles/#catalogue=coles/coles-catalogue-march-5-11-2025-vic-metro/,save_was_arithmetic,displayed_price;save_was_arithmetic;unit_price,3,verified
Coles,VIC METRO,"Coles Catalogue March 5 - 11, 2025 VIC METRO",2025-03-05,2025-03-12,30,The Happy Snacks Company Roasted Snacks 100g-200g,80.0,100.0,20.0,20.0,save_amount,100g; 200g,,SAVES] .20 | The Happy Snacks | Company Roasted | Snacks 100g-200g | 2nd week on sale,94.99,True,single_price_evidence,https://caau.syd1.cdn.digitaloceanspaces.com/wp-content/uploads/catalogue/coles/coles-catalogue-march-5-11-2025-vic-metro/30.jpg,https://www.catalogueau.com/coles/#catalogue=coles/coles-catalogue-march-5-11-2025-vic-metro/,displayed_price,displayed_price,1,review
Coles,VIC METRO,"Coles Catalogue March 5 - 11, 2025 VIC METRO",2025-03-05,2025-03-12,30,Healtheries Rice Wheels Gluten Free Snacks 6 Pack 126g,4.0,5.0,1.0,20.0,save_amount,6 Pack; 126g,$3.17 per 100g,SAVE*1 | WASS5 | Healtheries Rice | Wheels Gluten Free | Snacks 6 Pack 126g | $3.17 per 100g | TETEUITETIITIITETIT | mt,95.71,False,,https://caau.syd1.cdn.digitaloceanspaces.com/wp-content/uploads/catalogue/coles/coles-catalogue-march-5-11-2025-vic-metro/30.jpg,https://www.catalogueau.com/coles/#catalogue=coles/coles-catalogue-march-5-11-2025-vic-metro/,save_was_arithmetic,displayed_price;save_was_arithmetic;unit_price,3,verified
Coles,VIC METRO,"Coles Catalogue March 5 - 11, 2025 VIC METRO",2025-03-05,2025-03-12,30,Arnott's Gluten Free Scotch Finger Biscuits 170g,3.5,5.0,1.5,30.0,save_amount,170g,$2.06 per 100g,SAVE 1.50 | Arnott's Gluten Free | Scotch Finger Biscuits | 170g $2.06 per 100g,95.44,True,single_price_evidence,https://caau.syd1.cdn.digitaloceanspaces.com/wp-content/uploads/catalogue/coles/coles-catalogue-march-5-11-2025-vic-metro/30.jpg,https://www.catalogueau.com/coles/#catalogue=coles/coles-catalogue-march-5-11-2025-vic-metro/,unit_price,unit_price,1,review
Coles,VIC METRO,"Coles Catalogue March 5 - 11, 2025 VIC METRO",2025-03-05,2025-03-12,30,Calbee Harvest Snaps 120g,4.0,5.0,1.0,20.0,save_amount,120g,$3.33 per 100g,SAVES1 | WASS5 | Calbee Harvest Snaps | 120g $3.33 per 100g | bn | | arse | ae | mt,95.89,False,,https://caau.syd1.cdn.digitaloceanspaces.com/wp-content/uploads/catalogue/coles/coles-catalogue-march-5-11-2025-vic-metro/30.jpg,https://www.catalogueau.com/coles/#catalogue=coles/coles-catalogue-march-5-11-2025-vic-metro/,save_was_arithmetic,save_was_arithmetic;unit_price,2,verified
Coles,VIC METRO,"Coles Catalogue March 5 - 11, 2025 VIC METRO",2025-03-05,2025-03-12,30,Arnott's Gluten Free Original Tim Tam or TeeVee Snacks Biscuits 130g-150g,3.0,5.2,2.2,42.31,save_amount,130g; 150g,,SAVE ‘2.20 | Arnott's Gluten Free | Original Tim Tam or | TeeVee Snacks Biscuits | 130g-150g | 131 | -150,79.0,True,low_name_confidence_strict;single_price_evidence,https://caau.syd1.cdn.digitaloceanspaces.com/wp-content/uploads/catalogue/coles/coles-catalogue-march-5-11-2025-vic-metro/30.jpg,https://www.catalogueau.com/coles/#catalogue=coles/coles-catalogue-march-5-11-2025-vic-metro/,displayed_price,displayed_price,1,review
Coles,VIC METRO,"Coles Catalogue March 5 - 11, 2025 VIC METRO",2025-03-05,2025-03-12,30,Arnott's Gluten Free Barbecue Shapes 110g,4.9,5.5,0.6,10.91,save_amount,110g,$4.45 per 100g,WASS$5.50 | WASS$5.50 | JAN 2025 | Arnott's Gluten Free | Barbecue Shapes 110g | $4.45 per 100g | VIC-METRO-0503-25-345401,95.2,True,single_price_evidence,https://caau.syd1.cdn.digitaloceanspaces.com/wp-content/uploads/catalogue/coles/coles-catalogue-march-5-11-2025-vic-metro/30.jpg,https://www.catalogueau.com/coles/#catalogue=coles/coles-catalogue-march-5-11-2025-vic-metro/,unit_price,unit_price,1,review
Coles,VIC METRO,"Coles Catalogue March 5 - 11, 2025 VIC METRO",2025-03-05,2025-03-12,30,Arnott's Teeny Tiny Teddy Cereal 350g,5.0,6.0,1.0,16.67,save_amount,350g,$1.43 per 100g,SAVE51.40 | ‘WASS6. | Arnott's Teeny Tiny | Teddy Cereal 350g | $1.43 per 100g | 30,79.0,True,low_name_confidence_strict,https://caau.syd1.cdn.digitaloceanspaces.com/wp-content/uploads/catalogue/coles/coles-catalogue-march-5-11-2025-vic-metro/30.jpg,https://www.catalogueau.com/coles/#catalogue=coles/coles-catalogue-march-5-11-2025-vic-metro/,displayed_price,displayed_price;unit_price,2,review
Coles,VIC METRO,"Coles Catalogue March 5 - 11, 2025 VIC METRO",2025-03-05,2025-03-12,30,Messy Monkeys Bites 120g or Popcorn 6x13g,8.0,10.0,2.0,20.0,save_amount,120g; 6x13g,,SAVE *2 | Messy Monkeys Bites | 120g or Popcorn 6x13g | 2nd week on sale | 30,95.15,True,single_price_evidence,https://caau.syd1.cdn.digitaloceanspaces.com/wp-content/uploads/catalogue/coles/coles-catalogue-march-5-11-2025-vic-metro/30.jpg,https://www.catalogueau.com/coles/#catalogue=coles/coles-catalogue-march-5-11-2025-vic-metro/,displayed_price,displayed_price,1,review
Coles,VIC METRO,"Coles Catalogue March 5 - 11, 2025 VIC METRO",2025-03-05,2025-03-12,31,Coles Simply Pasta Sauce 510g,1.8,,,,special,510g,$0.35 per 100g,Coles Simply Pasta Sauce 510g | $0.35 per 100g | VIC-METRO-0503-25-345401,96.75,True,single_price_evidence,https://caau.syd1.cdn.digitaloceanspaces.com/wp-content/uploads/catalogue/coles/coles-catalogue-march-5-11-2025-vic-metro/31.jpg,https://www.catalogueau.com/coles/#catalogue=coles/coles-catalogue-march-5-11-2025-vic-metro/,unit_price,unit_price,1,review
Coles,VIC METRO,"Coles Catalogue March 5 - 11, 2025 VIC METRO",2025-03-05,2025-03-12,31,Coles Simply Garlic Bread Twin Pack 450g,2.23,,,,special,450g,$0.51 per 100g,Coles Simply Garlic Bread Twin Pack 450g | $0.51 per 100g,95.38,True,single_price_evidence,https://caau.syd1.cdn.digitaloceanspaces.com/wp-content/uploads/catalogue/coles/coles-catalogue-march-5-11-2025-vic-metro/31.jpg,https://www.catalogueau.com/coles/#catalogue=coles/coles-catalogue-march-5-11-2025-vic-metro/,unit_price,unit_price,1,review
Coles,VIC METRO,"Coles Catalogue March 5 - 11, 2025 VIC METRO",2025-03-05,2025-03-12,32,Haldirams Cocktail Samosas 20 Pieces 500g,5.5,11.0,5.5,50.0,half_price,500g,$1.10 per 100g,SAVE *5.50 | WASS11 | Haldirams Cocktail Samosas 20 Pieces 500g | $1.10 per 100g | SS Ss,93.63,False,,https://caau.syd1.cdn.digitaloceanspaces.com/wp-content/uploads/catalogue/coles/coles-catalogue-march-5-11-2025-vic-metro/32.jpg,https://www.catalogueau.com/coles/#catalogue=coles/coles-catalogue-march-5-11-2025-vic-metro/,save_was_arithmetic,displayed_price;save_was_arithmetic;unit_price,3,verified
Coles,VIC METRO,"Coles Catalogue March 5 - 11, 2025 VIC METRO",2025-03-05,2025-03-12,32,Birds Eye Air Baked Southern Blue Whiting Fish Fillets 380g,8.5,12.6,4.1,32.54,save_amount,380g,$22.37 per kg,SAVE%4.10 | WASS12.60 | Birds Eye Air Baked Southern | Blue Whiting Fish Fillets 380g | $22.37 per kg | NG | God | be RUSTICA,96.38,False,,https://caau.syd1.cdn.digitaloceanspaces.com/wp-content/uploads/catalogue/coles/coles-catalogue-march-5-11-2025-vic-metro/32.jpg,https://www.catalogueau.com/coles/#catalogue=coles/coles-catalogue-march-5-11-2025-vic-metro/,save_was_arithmetic,displayed_price;save_was_arithmetic;unit_price,3,verified
Coles,VIC METRO,"Coles Catalogue March 5 - 11, 2025 VIC METRO",2025-03-05,2025-03-12,32,Herbert Adams Slow Cooked Beef Pies 2 Pack 400g-420g,6.9,9.5,2.6,27.37,save_amount,2 Pack; 400g; 420g,,SAVE‘S2.60 | WASS$9.50 | Herbert Adams Slow | Cooked Beef Pies | 2 Pack 400g-420g | a | FAMILY | hits,94.49,True,single_price_evidence,https://caau.syd1.cdn.digitaloceanspaces.com/wp-content/uploads/catalogue/coles/coles-catalogue-march-5-11-2025-vic-metro/32.jpg,https://www.catalogueau.com/coles/#catalogue=coles/coles-catalogue-march-5-11-2025-vic-metro/,save_was_arithmetic,save_was_arithmetic,1,review
Coles,VIC METRO,"Coles Catalogue March 5 - 11, 2025 VIC METRO",2025-03-05,2025-03-12,32,McCain Pizza Slices 2 Pack 600:,7.0,9.0,2.0,22.22,save_amount,2 Pack,$1.17 per 100g,SAVES2 | ‘WASS9 | McCain Pizza Slices | 2 Pack 600: | $1.17 per 100g,79.0,True,low_name_confidence_strict,https://caau.syd1.cdn.digitaloceanspaces.com/wp-content/uploads/catalogue/coles/coles-catalogue-march-5-11-2025-vic-metro/32.jpg,https://www.catalogueau.com/coles/#catalogue=coles/coles-catalogue-march-5-11-2025-vic-metro/,save_was_arithmetic,displayed_price;save_was_arithmetic,2,review
Coles,VIC METRO,"Coles Catalogue March 5 - 11, 2025 VIC METRO",2025-03-05,2025-03-12,32,McCain Rustica Pizza 335g-450g,8.8,61.0,52.2,85.57,save_amount,335g; 450g,,SAVE52.20 | McCain Rustica Pizza | 335g-450g,79.0,True,low_name_confidence_strict;single_price_evidence,https://caau.syd1.cdn.digitaloceanspaces.com/wp-content/uploads/catalogue/coles/coles-catalogue-march-5-11-2025-vic-metro/32.jpg,https://www.catalogueau.com/coles/#catalogue=coles/coles-catalogue-march-5-11-2025-vic-metro/,displayed_price,displayed_price,1,review
Coles,VIC METRO,"Coles Catalogue March 5 - 11, 2025 VIC METRO",2025-03-05,2025-03-12,32,Borgs Frozen Extra Flaky Puff Pastry 4 Sheets 640g,3.6,4.5,0.9,20.0,save_amount,640g,$0.56 per 100g,SAVE 90° | WASS4.50 | Borgs Frozen Extra Flaky | Puff Pastry 4 Sheets 640g | $0.56 per 100g | Kistorante,96.16,True,single_price_evidence,https://caau.syd1.cdn.digitaloceanspaces.com/wp-content/uploads/catalogue/coles/coles-catalogue-march-5-11-2025-vic-metro/32.jpg,https://www.catalogueau.com/coles/#catalogue=coles/coles-catalogue-march-5-11-2025-vic-metro/,unit_price,unit_price,1,review
Coles,VIC METRO,"Coles Catalogue March 5 - 11, 2025 VIC METRO",2025-03-05,2025-03-12,32,Dr O Ristorante Pizza 310g-390g,6.5,9.0,2.5,27.78,save_amount,310g; 390g,,SAVE52.50 | WASS9 | Dr O Ristorante Pizza | 310g-390g | VIC-METRO-0503-25-345401,93.87,True,single_price_evidence,https://caau.syd1.cdn.digitaloceanspaces.com/wp-content/uploads/catalogue/coles/coles-catalogue-march-5-11-2025-vic-metro/32.jpg,https://www.catalogueau.com/coles/#catalogue=coles/coles-catalogue-march-5-11-2025-vic-metro/,displayed_price,displayed_price,1,review
Coles,VIC METRO,"Coles Catalogue March 5 - 11, 2025 VIC METRO",2025-03-05,2025-03-12,32,Family Faves Chicken Tenders or Chips 1kg,9.9,12.5,2.6,20.8,save_amount,1kg,$9.90 per kg,SAVE'2.60 | WASS12.50 | Family Faves Chicken | Tenders or Chips 1kg | $9.90 per kg | 32,95.37,False,,https://caau.syd1.cdn.digitaloceanspaces.com/wp-content/uploads/catalogue/coles/coles-catalogue-march-5-11-2025-vic-metro/32.jpg,https://www.catalogueau.com/coles/#catalogue=coles/coles-catalogue-march-5-11-2025-vic-metro/,save_was_arithmetic,displayed_price;save_was_arithmetic;unit_price,3,verified
Coles,VIC METRO,"Coles Catalogue March 5 - 11, 2025 VIC METRO",2025-03-05,2025-03-12,32,KB's Raw Prawns Tail On Tkg,29.0,38.0,9.0,23.68,save_amount,,$29.00 per kg,SAVES9 | WAS$38 | KB's Raw Prawns Tail On | Tkg $29.00 per kg,79.0,True,low_name_confidence_strict,https://caau.syd1.cdn.digitaloceanspaces.com/wp-content/uploads/catalogue/coles/coles-catalogue-march-5-11-2025-vic-metro/32.jpg,https://www.catalogueau.com/coles/#catalogue=coles/coles-catalogue-march-5-11-2025-vic-metro/,save_was_arithmetic,displayed_price;save_was_arithmetic,2,review
Coles,VIC METRO,"Coles Catalogue March 5 - 11, 2025 VIC METRO",2025-03-05,2025-03-12,32,Coles Cooked Peeled Prawns Tail On or Tail Off 350g,12.0,,,,special,350g,$34.29 per kg,Coles Cooked Peeled | Prawns Tail On or Tail Off | 350g $34.29 per kg | 32,95.83,False,,https://caau.syd1.cdn.digitaloceanspaces.com/wp-content/uploads/catalogue/coles/coles-catalogue-march-5-11-2025-vic-metro/32.jpg,https://www.catalogueau.com/coles/#catalogue=coles/coles-catalogue-march-5-11-2025-vic-metro/,displayed_price,displayed_price;unit_price,2,verified
Coles,VIC METRO,"Coles Catalogue March 5 - 11, 2025 VIC METRO",2025-03-05,2025-03-12,33,Streets Paddle Pop 8 Pack 544mL,4.5,9.0,4.5,50.0,half_price,8 Pack; 544mL,$0.83 per 100mL,WASS9 | WASS9 | Streets Paddle Pop 8 Pack 544mL | $0.83 per 100mL | (2,94.46,True,inferred_price_requires_review,https://caau.syd1.cdn.digitaloceanspaces.com/wp-content/uploads/catalogue/coles/coles-catalogue-march-5-11-2025-vic-metro/33.jpg,https://www.catalogueau.com/coles/#catalogue=coles/coles-catalogue-march-5-11-2025-vic-metro/,unit_price,page_discount;unit_price,1,review
Coles,VIC METRO,"Coles Catalogue March 5 - 11, 2025 VIC METRO",2025-03-05,2025-03-12,33,Peters Original Twin Pole 8 Pack 544mL-590mL,4.0,8.0,4.0,50.0,half_price,8 Pack; 544mL; 590mL,,WASS$8 | WASS$8 | Peters Original Twin Pole 8 Pack | 544mL-590mL,94.14,True,inferred_price_requires_review,https://caau.syd1.cdn.digitaloceanspaces.com/wp-content/uploads/catalogue/coles/coles-catalogue-march-5-11-2025-vic-metro/33.jpg,https://www.catalogueau.com/coles/#catalogue=coles/coles-catalogue-march-5-11-2025-vic-metro/,displayed_price,displayed_price;page_discount,1,review
Coles,VIC METRO,"Coles Catalogue March 5 - 11, 2025 VIC METRO",2025-03-05,2025-03-12,33,Mars Smooth & Creamy Ice Bars 5 Pack 247mL,6.0,9.5,3.5,36.84,save_amount,5 Pack; 247mL,$2.43 per 100mL,WASS9.50 | WASS9.50 | Mars Smooth & Creamy Ice Bars | 5 Pack 247mL $2.43 per 100mL | —__ >,94.16,False,,https://caau.syd1.cdn.digitaloceanspaces.com/wp-content/uploads/catalogue/coles/coles-catalogue-march-5-11-2025-vic-metro/33.jpg,https://www.catalogueau.com/coles/#catalogue=coles/coles-catalogue-march-5-11-2025-vic-metro/,displayed_price,displayed_price;unit_price,2,verified
Coles,VIC METRO,"Coles Catalogue March 5 - 11, 2025 VIC METRO",2025-03-05,2025-03-12,33,Ben & Jerry's Ice Cream Tub 427mL-465mL,7.25,14.5,7.25,50.0,half_price,427mL; 465mL,,WASS14.50 | WASS14.50 | Ben & Jerry's Ice Cream Tub | 427mL-465mL | »&,93.16,True,inferred_price_requires_review,https://caau.syd1.cdn.digitaloceanspaces.com/wp-content/uploads/catalogue/coles/coles-catalogue-march-5-11-2025-vic-metro/33.jpg,https://www.catalogueau.com/coles/#catalogue=coles/coles-catalogue-march-5-11-2025-vic-metro/,page_discount_inference,page_discount,0,review
Coles,VIC METRO,"Coles Catalogue March 5 - 11, 2025 VIC METRO",2025-03-05,2025-03-12,33,Peters Maxibon 4 Pack 560mL,8.5,50.0,41.5,83.0,save_amount,4 Pack; 560mL,$1.52 per 100mL,WASSTI.50 | WASSTI.50 | Peters Maxibon 4 Pack 560mL | $1.52 per 100mL,89.62,True,single_price_evidence,https://caau.syd1.cdn.digitaloceanspaces.com/wp-content/uploads/catalogue/coles/coles-catalogue-march-5-11-2025-vic-metro/33.jpg,https://www.catalogueau.com/coles/#catalogue=coles/coles-catalogue-march-5-11-2025-vic-metro/,unit_price,unit_price,1,review
Coles,VIC METRO,"Coles Catalogue March 5 - 11, 2025 VIC METRO",2025-03-05,2025-03-12,33,Streets Magnum Sticks 4 Pack-6 Pack 360mL-428mL,6.0,12.0,6.0,50.0,half_price,4 Pack; 6 Pack; 360mL; 428mL,,WASS12 | WASS12 | Streets Magnum Sticks | 4 Pack-6 Pack 360mL-428mL | VIC-METRO-0503-25-345401,94.24,True,inferred_price_requires_review,https://caau.syd1.cdn.digitaloceanspaces.com/wp-content/uploads/catalogue/coles/coles-catalogue-march-5-11-2025-vic-metro/33.jpg,https://www.catalogueau.com/coles/#catalogue=coles/coles-catalogue-march-5-11-2025-vic-metro/,page_discount_inference,page_discount,0,review
Coles,VIC METRO,"Coles Catalogue March 5 - 11, 2025 VIC METRO",2025-03-05,2025-03-12,33,Connoisseur Ice Cream Tub 1 Litre,9.0,12.0,3.0,25.0,save_amount,1 Litre,$0.90 per 100mL,WASS12 | WASS12 | Connoisseur Ice Cream Tub | 1 Litre $0.90 per 100mL,95.19,False,,https://caau.syd1.cdn.digitaloceanspaces.com/wp-content/uploads/catalogue/coles/coles-catalogue-march-5-11-2025-vic-metro/33.jpg,https://www.catalogueau.com/coles/#catalogue=coles/coles-catalogue-march-5-11-2025-vic-metro/,displayed_price,displayed_price;unit_price,2,verified
Coles,VIC METRO,"Coles Catalogue March 5 - 11, 2025 VIC METRO",2025-03-05,2025-03-12,33,Cadbury Dairy Milk Sticks 4 Pack-6 Pack 300mL-360mL,6.0,12.0,6.0,50.0,half_price,4 Pack; 6 Pack; 300mL; 360mL,,WASS12 | WASS12 | Cadbury Dairy Milk Sticks | 4 Pack-6 Pack 300mL-360mL,93.99,True,inferred_price_requires_review,https://caau.syd1.cdn.digitaloceanspaces.com/wp-content/uploads/catalogue/coles/coles-catalogue-march-5-11-2025-vic-metro/33.jpg,https://www.catalogueau.com/coles/#catalogue=coles/coles-catalogue-march-5-11-2025-vic-metro/,page_discount_inference,page_discount,0,review
Coles,VIC METRO,"Coles Catalogue March 5 - 11, 2025 VIC METRO",2025-03-05,2025-03-12,34,Perfect Italiano Grated Cheese 250g,5.8,6.5,0.7,10.77,save_amount,250g,$23.20 per kg,WAS$6.50 | WAS$6.50 | FEB 2025 | Perfect Italiano Grated | Cheese 250g $23.20 per kg. | *See page 38 forT&Cs,95.6,True,single_price_evidence,https://caau.syd1.cdn.digitaloceanspaces.com/wp-content/uploads/catalogue/coles/coles-catalogue-march-5-11-2025-vic-metro/34.jpg,https://www.catalogueau.com/coles/#catalogue=coles/coles-catalogue-march-5-11-2025-vic-metro/,unit_price,unit_price,1,review
Coles,VIC METRO,"Coles Catalogue March 5 - 11, 2025 VIC METRO",2025-03-05,2025-03-12,34,Bega Cheese Stringers 12x20g 240g,8.25,9.2,0.95,10.33,save_amount,12x20g; 240g,$34.38 per kg,WASS9.20 | WASS9.20 | FEB 2025 | Bega Cheese Stringers 12x20g | 240g $34.38 per kg,95.15,True,single_price_evidence,https://caau.syd1.cdn.digitaloceanspaces.com/wp-content/uploads/catalogue/coles/coles-catalogue-march-5-11-2025-vic-metro/34.jpg,https://www.catalogueau.com/coles/#catalogue=coles/coles-catalogue-march-5-11-2025-vic-metro/,displayed_price,displayed_price,1,review
Coles,VIC METRO,"Coles Catalogue March 5 - 11, 2025 VIC METRO",2025-03-05,2025-03-12,34,Bega Cheese Block 500g,9.5,10.5,1.0,9.52,save_amount,500g,$19.00 per kg,WAS$10.50 | WAS$10.50 | JAN 2025 | Bega Cheese Block 500g | $19.00 per kg,96.54,False,,https://caau.syd1.cdn.digitaloceanspaces.com/wp-content/uploads/catalogue/coles/coles-catalogue-march-5-11-2025-vic-metro/34.jpg,https://www.catalogueau.com/coles/#catalogue=coles/coles-catalogue-march-5-11-2025-vic-metro/,displayed_price,displayed_price;unit_price,2,verified
Coles,VIC METRO,"Coles Catalogue March 5 - 11, 2025 VIC METRO",2025-03-05,2025-03-12,34,Little Entertainers Mersey Valley,12.0,14.4,2.4,16.67,save_amount,,$50.00 per kg,"SAVE ‘2.40 | Little Entertainers | Mersey Valley, | Tasmanian Heritage or | South Cape Cheese | 80g $50.00 per kg",96.23,True,single_price_evidence,https://caau.syd1.cdn.digitaloceanspaces.com/wp-content/uploads/catalogue/coles/coles-catalogue-march-5-11-2025-vic-metro/34.jpg,https://www.catalogueau.com/coles/#catalogue=coles/coles-catalogue-march-5-11-2025-vic-metro/,displayed_price,displayed_price,1,review
Coles,VIC METRO,"Coles Catalogue March 5 - 11, 2025 VIC METRO",2025-03-05,2025-03-12,34,Tasmanian Heritage Double Cream Brie 200g,5.9,11.95,6.05,50.63,save_amount,200g,$29.50 per kg,SAVE%6.05 | WASS11.95 | Tasmanian Heritage | Double Cream Brie | 200g $29.50 per kg,96.67,False,,https://caau.syd1.cdn.digitaloceanspaces.com/wp-content/uploads/catalogue/coles/coles-catalogue-march-5-11-2025-vic-metro/34.jpg,https://www.catalogueau.com/coles/#catalogue=coles/coles-catalogue-march-5-11-2025-vic-metro/,save_was_arithmetic,displayed_price;save_was_arithmetic;unit_price,3,verified
Coles,VIC METRO,"Coles Catalogue March 5 - 11, 2025 VIC METRO",2025-03-05,2025-03-12,34,Mersey Valley Cheese 235g,6.9,9.9,3.0,30.3,save_amount,235g,$29.36 per kg,WASS9.90 | WASS9.90 | Mersey Valley Cheese | 235g $29.36 per kg,96.38,True,single_price_evidence,https://caau.syd1.cdn.digitaloceanspaces.com/wp-content/uploads/catalogue/coles/coles-catalogue-march-5-11-2025-vic-metro/34.jpg,https://www.catalogueau.com/coles/#catalogue=coles/coles-catalogue-march-5-11-2025-vic-metro/,unit_price,unit_price,1,review
Coles,VIC METRO,"Coles Catalogue March 5 - 11, 2025 VIC METRO",2025-03-05,2025-03-12,34,Great Ocean Road Cheese Block 500g,9.0,10.3,1.3,12.62,save_amount,500g,$18.00 per kg,WASS10.30 | WASS10.30 | Great Ocean Road | Cheese Block 500g | $18.00 per kg | Tag FAM HK,96.25,False,,https://caau.syd1.cdn.digitaloceanspaces.com/wp-content/uploads/catalogue/coles/coles-catalogue-march-5-11-2025-vic-metro/34.jpg,https://www.catalogueau.com/coles/#catalogue=coles/coles-catalogue-march-5-11-2025-vic-metro/,displayed_price,displayed_price;unit_price,2,verified
Coles,VIC METRO,"Coles Catalogue March 5 - 11, 2025 VIC METRO",2025-03-05,2025-03-12,34,Yumi's Dip 200g,3.5,4.5,1.0,22.22,save_amount,200g,$1.75 per 100g,SAVE*1 | WASS4.50 | Yumi's Dip 200g | $1.75 per 100g | VIC-METRO-0503-25-345401,94.35,False,,https://caau.syd1.cdn.digitaloceanspaces.com/wp-content/uploads/catalogue/coles/coles-catalogue-march-5-11-2025-vic-metro/34.jpg,https://www.catalogueau.com/coles/#catalogue=coles/coles-catalogue-march-5-11-2025-vic-metro/,save_was_arithmetic,displayed_price;save_was_arithmetic;unit_price,3,verified
Coles,VIC METRO,"Coles Catalogue March 5 - 11, 2025 VIC METRO",2025-03-05,2025-03-12,34,Bega Cheese Slices 500g,10.0,11.0,1.0,9.09,save_amount,500g,$20.00 per kg,SAVE*1 | WASS11 | Bega Cheese Slices | 500g $20.00 per kg | 34,96.23,False,,https://caau.syd1.cdn.digitaloceanspaces.com/wp-content/uploads/catalogue/coles/coles-catalogue-march-5-11-2025-vic-metro/34.jpg,https://www.catalogueau.com/coles/#catalogue=coles/coles-catalogue-march-5-11-2025-vic-metro/,save_was_arithmetic,displayed_price;save_was_arithmetic;unit_price,3,verified
Coles,VIC METRO,"Coles Catalogue March 5 - 11, 2025 VIC METRO",2025-03-05,2025-03-12,34,Black Swan Favourites Dip 200g,7.0,8.0,1.0,12.5,save_amount,200g,$1.75 per 100g,SAVES1 | Black Swan Favourites | Dip 200g $1.75 per 100g | 34,96.34,True,unit_price_conflict;single_price_evidence,https://caau.syd1.cdn.digitaloceanspaces.com/wp-content/uploads/catalogue/coles/coles-catalogue-march-5-11-2025-vic-metro/34.jpg,https://www.catalogueau.com/coles/#catalogue=coles/coles-catalogue-march-5-11-2025-vic-metro/,displayed_price,displayed_price,1,review
Coles,VIC METRO,"Coles Catalogue March 5 - 11, 2025 VIC METRO",2025-03-05,2025-03-12,34,Devondale Shredded Cheese 750,132.0,,,,special,,$18.00 per kg,Devondale Shredded | Cheese 750 | $18.00 per kg,95.4,True,offer_labels_missing;save_amount_missing;regular_price_missing;inferred_price_requires_review,https://caau.syd1.cdn.digitaloceanspaces.com/wp-content/uploads/catalogue/coles/coles-catalogue-march-5-11-2025-vic-metro/34.jpg,https://www.catalogueau.com/coles/#catalogue=coles/coles-catalogue-march-5-11-2025-vic-metro/,displayed_price,displayed_price;grid_inference,1,review
Coles,VIC METRO,"Coles Catalogue March 5 - 11, 2025 VIC METRO",2025-03-05,2025-03-12,34,FARMERS’ ea,330.0,,,,down_down,,,FARMERS’ | 7. | 50 | ea | aa | DOWN DOWN,79.0,True,save_amount_missing;regular_price_missing;low_name_confidence_strict;single_price_evidence,https://caau.syd1.cdn.digitaloceanspaces.com/wp-content/uploads/catalogue/coles/coles-catalogue-march-5-11-2025-vic-metro/34.jpg,https://www.catalogueau.com/coles/#catalogue=coles/coles-catalogue-march-5-11-2025-vic-metro/,displayed_price,displayed_price,1,review
Coles,VIC METRO,"Coles Catalogue March 5 - 11, 2025 VIC METRO",2025-03-05,2025-03-12,36,Danone Ultimate Yoghurt 4x115g,4.0,5.75,1.75,30.43,save_amount,4x115g,$0.87 per 100g,WASS5.75 | WASS5.75 | Danone Ultimate Yoghurt 4x115g | $0.87 per 100g,93.07,False,,https://caau.syd1.cdn.digitaloceanspaces.com/wp-content/uploads/catalogue/coles/coles-catalogue-march-5-11-2025-vic-metro/36.jpg,https://www.catalogueau.com/coles/#catalogue=coles/coles-catalogue-march-5-11-2025-vic-metro/,displayed_price,displayed_price;unit_price,2,verified
Coles,VIC METRO,"Coles Catalogue March 5 - 11, 2025 VIC METRO",2025-03-05,2025-03-12,36,Jaina Greek Style Yoghurt 1kg,6.5,8.3,1.8,21.69,save_amount,1kg,$0.65 per 100g,WAS$8.30 | WAS$8.30 | Jaina Greek Style Yoghurt 1kg | $0.65 per 100g | ———___——_,92.37,True,single_price_evidence,https://caau.syd1.cdn.digitaloceanspaces.com/wp-content/uploads/catalogue/coles/coles-catalogue-march-5-11-2025-vic-metro/36.jpg,https://www.catalogueau.com/coles/#catalogue=coles/coles-catalogue-march-5-11-2025-vic-metro/,unit_price,unit_price,1,review
Coles,VIC METRO,"Coles Catalogue March 5 - 11, 2025 VIC METRO",2025-03-05,2025-03-12,36,Devondale Spreadable Blend 500g,6.0,7.5,1.5,20.0,save_amount,500g,$1.20 per 100g,WAS$7.50 | WAS$7.50 | Devondale Spreadable Blend | 500g $1.20 per 100g,94.58,False,,https://caau.syd1.cdn.digitaloceanspaces.com/wp-content/uploads/catalogue/coles/coles-catalogue-march-5-11-2025-vic-metro/36.jpg,https://www.catalogueau.com/coles/#catalogue=coles/coles-catalogue-march-5-11-2025-vic-metro/,displayed_price,displayed_price;unit_price,2,verified
Coles,VIC METRO,"Coles Catalogue March 5 - 11, 2025 VIC METRO",2025-03-05,2025-03-12,36,Flora ProActiv 750g,10.8,12.0,1.2,10.0,save_amount,750g,$1.44 per 100g,WASS12 | WASS12 | Flora ProActiv 750g | $1.44 per 100g | - | — | °,93.6,True,single_price_evidence,https://caau.syd1.cdn.digitaloceanspaces.com/wp-content/uploads/catalogue/coles/coles-catalogue-march-5-11-2025-vic-metro/36.jpg,https://www.catalogueau.com/coles/#catalogue=coles/coles-catalogue-march-5-11-2025-vic-metro/,unit_price,unit_price,1,review
Coles,VIC METRO,"Coles Catalogue March 5 - 11, 2025 VIC METRO",2025-03-05,2025-03-12,36,MeadowLea Dairy Spread 500g,4.0,5.0,1.0,20.0,save_amount,500g,$0.80 per 100g,WASS5 | WASS5 | MeadowLea Dairy Spread 500g | $0.80 per 100g,92.4,False,,https://caau.syd1.cdn.digitaloceanspaces.com/wp-content/uploads/catalogue/coles/coles-catalogue-march-5-11-2025-vic-metro/36.jpg,https://www.catalogueau.com/coles/#catalogue=coles/coles-catalogue-march-5-11-2025-vic-metro/,displayed_price,displayed_price;unit_price,2,verified
Coles,VIC METRO,"Coles Catalogue March 5 - 11, 2025 VIC METRO",2025-03-05,2025-03-12,36,Vaalia Probiotics Yoghurt 900g,5.49,,,,special,900g,$0.61 per 100g,Vaalia Probiotics Yoghurt 900g | $0.61 per 100g | <-— | SoHE | Extra Spronbowe | Extra,95.41,True,offer_labels_missing;save_amount_missing;regular_price_missing;inferred_price_requires_review,https://caau.syd1.cdn.digitaloceanspaces.com/wp-content/uploads/catalogue/coles/coles-catalogue-march-5-11-2025-vic-metro/36.jpg,https://www.catalogueau.com/coles/#catalogue=coles/coles-catalogue-march-5-11-2025-vic-metro/,unit_price,grid_inference;unit_price,1,review
Coles,VIC METRO,"Coles Catalogue March 5 - 11, 2025 VIC METRO",2025-03-05,2025-03-12,37,Gippsland Dairy Mix-ins 140g,2.3,3.85,1.55,40.26,save_amount,140g,$1.64 per 100g,WASS$3.85 | WASS$3.85 | Gippsland Dairy Mix-ins 140g | $1.64 per 100g | aS | —>——_—,94.13,False,,https://caau.syd1.cdn.digitaloceanspaces.com/wp-content/uploads/catalogue/coles/coles-catalogue-march-5-11-2025-vic-metro/37.jpg,https://www.catalogueau.com/coles/#catalogue=coles/coles-catalogue-march-5-11-2025-vic-metro/,displayed_price,displayed_price;unit_price,2,verified
Coles,VIC METRO,"Coles Catalogue March 5 - 11, 2025 VIC METRO",2025-03-05,2025-03-12,37,Danone Activia No Added Sugar Yoghurt 4x125g,3.45,5.75,2.3,40.0,save_amount,4x125g,$0.69 per 100g,WASS5.75 | WASS5.75 | Danone Activia No Added Sugar Yoghurt | 4x125g $0.69 per 100g,95.41,True,single_price_evidence,https://caau.syd1.cdn.digitaloceanspaces.com/wp-content/uploads/catalogue/coles/coles-catalogue-march-5-11-2025-vic-metro/37.jpg,https://www.catalogueau.com/coles/#catalogue=coles/coles-catalogue-march-5-11-2025-vic-metro/,unit_price,unit_price,1,review
Coles,VIC METRO,"Coles Catalogue March 5 - 11, 2025 VIC METRO",2025-03-05,2025-03-12,37,Tamar Valley Dairy Kids Greek Style Yoghurt Pouch 110g,1.9,2.4,0.5,20.83,save_amount,110g,$1.73 per 100g,WASS2.40 | WASS2.40 | Tamar Valley Dairy Kids Greek Style Yoghurt | Pouch 110g $1.73 per 100g. *See page 38 for T&Cs | @ vam,95.35,True,single_price_evidence,https://caau.syd1.cdn.digitaloceanspaces.com/wp-content/uploads/catalogue/coles/coles-catalogue-march-5-11-2025-vic-metro/37.jpg,https://www.catalogueau.com/coles/#catalogue=coles/coles-catalogue-march-5-11-2025-vic-metro/,unit_price,unit_price,1,review
Coles,VIC METRO,"Coles Catalogue March 5 - 11, 2025 VIC METRO",2025-03-05,2025-03-12,37,Dairy Farmers Thick & Creamy Yoghurt 140g-150g ene,1.95,2.6,0.65,25.0,save_amount,140g; 150g,,WASS2.60 | WASS2.60 | Dairy Farmers Thick & Creamy Yoghurt 140g-150g | ene,63.36,True,low_name_confidence_strict;single_price_evidence,https://caau.syd1.cdn.digitaloceanspaces.com/wp-content/uploads/catalogue/coles/coles-catalogue-march-5-11-2025-vic-metro/37.jpg,https://www.catalogueau.com/coles/#catalogue=coles/coles-catalogue-march-5-11-2025-vic-metro/,displayed_price,displayed_price,1,review
Coles,VIC METRO,"Coles Catalogue March 5 - 11, 2025 VIC METRO",2025-03-05,2025-03-12,37,Pauls Kids Custard Pouch 70g,1.5,1.9,0.4,21.05,save_amount,70g,$2.14 per 100g,WASS1.90 | WASS1.90 | Pauls Kids Custard Pouch 70g | $2.14 per 100g | MT | ical i,96.41,False,,https://caau.syd1.cdn.digitaloceanspaces.com/wp-content/uploads/catalogue/coles/coles-catalogue-march-5-11-2025-vic-metro/37.jpg,https://www.catalogueau.com/coles/#catalogue=coles/coles-catalogue-march-5-11-2025-vic-metro/,displayed_price,displayed_price;unit_price,2,verified
Coles,VIC METRO,"Coles Catalogue March 5 - 11, 2025 VIC METRO",2025-03-05,2025-03-12,37,Chobani Fit Protein Yogurt Pouch 140g,2.2,,,,special,140g,$1.57 per 100g,Chobani Fit Protein Yogurt Pouch 140g | $1.57 per 100g,95.04,True,single_price_evidence,https://caau.syd1.cdn.digitaloceanspaces.com/wp-content/uploads/catalogue/coles/coles-catalogue-march-5-11-2025-vic-metro/37.jpg,https://www.catalogueau.com/coles/#catalogue=coles/coles-catalogue-march-5-11-2025-vic-metro/,unit_price,unit_price,1,review
Coles,VIC METRO,"Coles Catalogue March 5 - 11, 2025 VIC METRO",2025-03-05,2025-03-12,37,Yoplait Yoghurt 1kg,4.75,,,,special,1kg,$0.48 per 100g,Yoplait Yoghurt 1kg | $0.48 per 100g,91.35,False,,https://caau.syd1.cdn.digitaloceanspaces.com/wp-content/uploads/catalogue/coles/coles-catalogue-march-5-11-2025-vic-metro/37.jpg,https://www.catalogueau.com/coles/#catalogue=coles/coles-catalogue-march-5-11-2025-vic-metro/,displayed_price,displayed_price;unit_price,2,verified
Coles,VIC METRO,"Coles Catalogue March 5 - 11, 2025 VIC METRO",2025-03-05,2025-03-12,37,Farmers Union Greek Style Yogurt 950g-1kg,62.0,,,,special,950g; 1kg,,Farmers Union Greek Style Yogurt | 950g-1kg,86.52,True,offer_labels_missing;save_amount_missing;regular_price_missing;single_price_evidence,https://caau.syd1.cdn.digitaloceanspaces.com/wp-content/uploads/catalogue/coles/coles-catalogue-march-5-11-2025-vic-metro/37.jpg,https://www.catalogueau.com/coles/#catalogue=coles/coles-catalogue-march-5-11-2025-vic-metro/,displayed_price,displayed_price,1,review
Coles,VIC METRO,"Coles Catalogue March 5 - 11, 2025 VIC METRO",2025-03-05,2025-03-12,38,Rokeby Protein Smoothie 425mL,3.6,4.6,1.0,21.74,save_amount,425mL,$8.47 per litre,WASS4.60 | WASS4.60 | Rokeby Protein Smoothie 425mL | $8.47 per litre. 2nd week on sale | ps | z=,94.17,True,single_price_evidence,https://caau.syd1.cdn.digitaloceanspaces.com/wp-content/uploads/catalogue/coles/coles-catalogue-march-5-11-2025-vic-metro/38.jpg,https://www.catalogueau.com/coles/#catalogue=coles/coles-catalogue-march-5-11-2025-vic-metro/,unit_price,unit_price,1,review
Coles,VIC METRO,"Coles Catalogue March 5 - 11, 2025 VIC METRO",2025-03-05,2025-03-12,38,Table of Plenty Kefir 1kg,7.0,9.3,2.3,24.73,save_amount,1kg,$0.70 per 100g,"WASS9.30 | WASS9.30 | Table of Plenty Kefir 1kg | $0.70 per 100g | << | LAFAMIG! Gua &, = | Kg",91.73,False,,https://caau.syd1.cdn.digitaloceanspaces.com/wp-content/uploads/catalogue/coles/coles-catalogue-march-5-11-2025-vic-metro/38.jpg,https://www.catalogueau.com/coles/#catalogue=coles/coles-catalogue-march-5-11-2025-vic-metro/,displayed_price,displayed_price;unit_price,2,verified
Coles,VIC METRO,"Coles Catalogue March 5 - 11, 2025 VIC METRO",2025-03-05,2025-03-12,38,Impressed Essentials Juice 1 Litre,4.3,4.8,0.5,10.42,save_amount,1 Litre,$4.30 per litre,WASS$4.80 | WASS$4.80 | Impressed Essentials | Juice 1 Litre | $4.30 per litre | Excludes Orange,95.73,False,,https://caau.syd1.cdn.digitaloceanspaces.com/wp-content/uploads/catalogue/coles/coles-catalogue-march-5-11-2025-vic-metro/38.jpg,https://www.catalogueau.com/coles/#catalogue=coles/coles-catalogue-march-5-11-2025-vic-metro/,displayed_price,displayed_price;unit_price,2,verified
Coles,VIC METRO,"Coles Catalogue March 5 - 11, 2025 VIC METRO",2025-03-05,2025-03-12,38,Ice Break Flavoured Milk 750mL,4.2,5.25,1.05,20.0,save_amount,750mL,$5.60 per litre,WASS5.25 | WASS5.25 | Ice Break Flavoured Milk | 750mL $5.60 per litre | tassal,95.16,True,single_price_evidence,https://caau.syd1.cdn.digitaloceanspaces.com/wp-content/uploads/catalogue/coles/coles-catalogue-march-5-11-2025-vic-metro/38.jpg,https://www.catalogueau.com/coles/#catalogue=coles/coles-catalogue-march-5-11-2025-vic-metro/,unit_price,unit_price,1,review
Coles,VIC METRO,"Coles Catalogue March 5 - 11, 2025 VIC METRO",2025-03-05,2025-03-12,38,La Famiglia Garlic Bread Slices 270g,4.0,6.5,2.5,38.46,save_amount,270g,$1.48 per 100g,WASS6.50 | WASS6.50 | La Famiglia Garlic | Bread Slices 270g | $1.48 per 100g | — | {2x stow cooked,94.62,False,,https://caau.syd1.cdn.digitaloceanspaces.com/wp-content/uploads/catalogue/coles/coles-catalogue-march-5-11-2025-vic-metro/38.jpg,https://www.catalogueau.com/coles/#catalogue=coles/coles-catalogue-march-5-11-2025-vic-metro/,displayed_price,displayed_price;unit_price,2,verified
Coles,VIC METRO,"Coles Catalogue March 5 - 11, 2025 VIC METRO",2025-03-05,2025-03-12,38,Tassal Smoked Salmon 250g,16.0,21.0,5.0,23.81,save_amount,250g,$64.00 per kg,WASS21 | WASS21 | Tassal Smoked Salmon | 250g $64.00 per kg | sa | = | MAGI,94.97,True,single_price_evidence,https://caau.syd1.cdn.digitaloceanspaces.com/wp-content/uploads/catalogue/coles/coles-catalogue-march-5-11-2025-vic-metro/38.jpg,https://www.catalogueau.com/coles/#catalogue=coles/coles-catalogue-march-5-11-2025-vic-metro/,unit_price,unit_price,1,review
Coles,VIC METRO,"Coles Catalogue March 5 - 11, 2025 VIC METRO",2025-03-05,2025-03-12,38,Coles Kitchen Cheesy Garlic Pull Apart 350g,5.0,,,,special,350g,$1.43 per 100g,Coles Kitchen Cheesy | Garlic Pull Apart 350g | $1.43 per 100g | be,96.34,False,,https://caau.syd1.cdn.digitaloceanspaces.com/wp-content/uploads/catalogue/coles/coles-catalogue-march-5-11-2025-vic-metro/38.jpg,https://www.catalogueau.com/coles/#catalogue=coles/coles-catalogue-march-5-11-2025-vic-metro/,displayed_price,displayed_price;unit_price,2,verified
Coles,VIC METRO,"Coles Catalogue March 5 - 11, 2025 VIC METRO",2025-03-05,2025-03-12,38,Provedore Prosciutto or Tasting Plate 100g,12.0,,,,special,100g,$60.00 per kg,Provedore Prosciutto | or Tasting Plate 100g | $60.00 per kg | 'Spend $30 in one transd | been applied) and r | selected product from par,94.88,True,offer_labels_missing;save_amount_missing;regular_price_missing;unit_price_conflict;single_price_evidence,https://caau.syd1.cdn.digitaloceanspaces.com/wp-content/uploads/catalogue/coles/coles-catalogue-march-5-11-2025-vic-metro/38.jpg,https://www.catalogueau.com/coles/#catalogue=coles/coles-catalogue-march-5-11-2025-vic-metro/,displayed_price,displayed_price,1,review
Coles,VIC METRO,"Coles Catalogue March 5 - 11, 2025 VIC METRO",2025-03-05,2025-03-12,38,Youfoodz Regular Meal 300g; 300g-354g,16.0,,,,special,300g; 354g,,Youfoodz Regular Meal | 300g; | 300g-354g | Spend $30 in one transaction at Coles in-store and online (after savings and discounts have | been applied) and receive a Bonus Coles Magical 2 Disc Pack when you also purchase | fe a Bonus Col,79.0,True,offer_labels_missing;save_amount_missing;regular_price_missing;low_name_confidence_strict;single_price_evidence,https://caau.syd1.cdn.digitaloceanspaces.com/wp-content/uploads/catalogue/coles/coles-catalogue-march-5-11-2025-vic-metro/38.jpg,https://www.catalogueau.com/coles/#catalogue=coles/coles-catalogue-march-5-11-2025-vic-metro/,displayed_price,displayed_price,1,review
Coles,VIC METRO,"Coles Catalogue March 5 - 11, 2025 VIC METRO",2025-03-05,2025-03-12,38,Coles Kitchen Pizza 360g: 360g-410g,12.0,,,,special,360g; 410g,,Coles Kitchen Pizza | 360g: | 360g-410g | ounts hav | D pur | al 2,79.0,True,offer_labels_missing;save_amount_missing;regular_price_missing;low_name_confidence_strict;single_price_evidence,https://caau.syd1.cdn.digitaloceanspaces.com/wp-content/uploads/catalogue/coles/coles-catalogue-march-5-11-2025-vic-metro/38.jpg,https://www.catalogueau.com/coles/#catalogue=coles/coles-catalogue-march-5-11-2025-vic-metro/,displayed_price,displayed_price,1,review
Coles,VIC METRO,"Coles Catalogue March 5 - 11, 2025 VIC METRO",2025-03-05,2025-03-12,39,Rascals Premium Jumbo Nappies 54 Pack-108 Pack,27.0,,,,special,54 Pack; 108 Pack,,Rascals Premium Jumbo Nappies | 54 Pack-108 Pack,79.0,True,offer_labels_missing;save_amount_missing;regular_price_missing;low_name_confidence_strict;single_price_evidence,https://caau.syd1.cdn.digitaloceanspaces.com/wp-content/uploads/catalogue/coles/coles-catalogue-march-5-11-2025-vic-metro/39.jpg,https://www.catalogueau.com/coles/#catalogue=coles/coles-catalogue-march-5-11-2025-vic-metro/,displayed_price,displayed_price,1,review
Coles,VIC METRO,"Coles Catalogue March 5 - 11, 2025 VIC METRO",2025-03-05,2025-03-12,39,ies Baby Wipes ick-80 Pack,3.5,,,,special,80 Pack,,7088 | ies Baby Wipes | ick-80 Pack | on,88.52,True,offer_labels_missing;save_amount_missing;regular_price_missing;single_price_evidence,https://caau.syd1.cdn.digitaloceanspaces.com/wp-content/uploads/catalogue/coles/coles-catalogue-march-5-11-2025-vic-metro/39.jpg,https://www.catalogueau.com/coles/#catalogue=coles/coles-catalogue-march-5-11-2025-vic-metro/,displayed_price,displayed_price,1,review
Coles,VIC METRO,"Coles Catalogue March 5 - 11, 2025 VIC METRO",2025-03-05,2025-03-12,39,"Only Organic 4+ Months, 6+ Months or 8+ Months Baby Food Pouch 120g",2.0,,,,special,120g,$1.67 per 100g,"Only Organic 4+ Months, | 6+ Months or 8+ Months | Baby Food Pouch 120g | $1.67 per 100g",96.1,False,,https://caau.syd1.cdn.digitaloceanspaces.com/wp-content/uploads/catalogue/coles/coles-catalogue-march-5-11-2025-vic-metro/39.jpg,https://www.catalogueau.com/coles/#catalogue=coles/coles-catalogue-march-5-11-2025-vic-metro/,displayed_price,displayed_price;unit_price,2,verified
Coles,VIC METRO,"Coles Catalogue March 5 - 11, 2025 VIC METRO",2025-03-05,2025-03-12,39,Only Organic Blueberry & Apple or Carrot & Apple Rice Cakes 35g,3.5,,,,special,35g,$10.00 per 100g,Only Organic Blueberry | & Apple or Carrot & | Apple Rice Cakes 35g | $10.00 per 100g,95.69,False,,https://caau.syd1.cdn.digitaloceanspaces.com/wp-content/uploads/catalogue/coles/coles-catalogue-march-5-11-2025-vic-metro/39.jpg,https://www.catalogueau.com/coles/#catalogue=coles/coles-catalogue-march-5-11-2025-vic-metro/,displayed_price,displayed_price;unit_price,2,verified
Coles,VIC METRO,"Coles Catalogue March 5 - 11, 2025 VIC METRO",2025-03-05,2025-03-12,39,B.Box Sippy Cup for Kids 6 Months+ 1 Each,13.0,,,,special,,,B.Box Sippy Cup for | Kids 6 Months+ 1 Each | .,94.8,True,offer_labels_missing;save_amount_missing;regular_price_missing;single_price_evidence,https://caau.syd1.cdn.digitaloceanspaces.com/wp-content/uploads/catalogue/coles/coles-catalogue-march-5-11-2025-vic-metro/39.jpg,https://www.catalogueau.com/coles/#catalogue=coles/coles-catalogue-march-5-11-2025-vic-metro/,displayed_price,displayed_price,1,review
Coles,VIC METRO,"Coles Catalogue March 5 - 11, 2025 VIC METRO",2025-03-05,2025-03-12,39,B.Box Lunch Box 1 Each,26.0,,,,special,,,B.Box Lunch Box 1 Each,95.24,True,offer_labels_missing;save_amount_missing;regular_price_missing;single_price_evidence,https://caau.syd1.cdn.digitaloceanspaces.com/wp-content/uploads/catalogue/coles/coles-catalogue-march-5-11-2025-vic-metro/39.jpg,https://www.catalogueau.com/coles/#catalogue=coles/coles-catalogue-march-5-11-2025-vic-metro/,displayed_price,displayed_price,1,review
Coles,VIC METRO,"Coles Catalogue March 5 - 11, 2025 VIC METRO",2025-03-05,2025-03-12,39,Poise Pads for Bladder Leaks Regular 16 Pack or Super 14 Pack,52.5,,,,special,16 Pack; 14 Pack,,Poise Pads for Bladder | Leaks Regular 16 Pack | or Super 14 Pack,96.38,True,offer_labels_missing;save_amount_missing;regular_price_missing;single_price_evidence,https://caau.syd1.cdn.digitaloceanspaces.com/wp-content/uploads/catalogue/coles/coles-catalogue-march-5-11-2025-vic-metro/39.jpg,https://www.catalogueau.com/coles/#catalogue=coles/coles-catalogue-march-5-11-2025-vic-metro/,displayed_price,displayed_price,1,review
Coles,VIC METRO,"Coles Catalogue March 5 - 11, 2025 VIC METRO",2025-03-05,2025-03-12,39,Sunsilk Shampoo or Conditioner 350mL,4.5,,,,special,350mL,$1.29 per 100mL,Sunsilk Shampoo or | Conditioner 350mL | $1.29 per 100mL | 39,94.69,True,single_price_evidence,https://caau.syd1.cdn.digitaloceanspaces.com/wp-content/uploads/catalogue/coles/coles-catalogue-march-5-11-2025-vic-metro/39.jpg,https://www.catalogueau.com/coles/#catalogue=coles/coles-catalogue-march-5-11-2025-vic-metro/,unit_price,unit_price,1,review
Coles,VIC METRO,"Coles Catalogue March 5 - 11, 2025 VIC METRO",2025-03-05,2025-03-12,39,Nestlé NAN Comfort Stage 3 Milk Drink 800g,16.8,,,,special,800g,$2.10 per 100g,Nestlé NAN Comfort | Stage 3 Milk Drink 800g | $2.10 per 100g | VIC-METRO-0503-25-345401,96.17,True,single_price_evidence,https://caau.syd1.cdn.digitaloceanspaces.com/wp-content/uploads/catalogue/coles/coles-catalogue-march-5-11-2025-vic-metro/39.jpg,https://www.catalogueau.com/coles/#catalogue=coles/coles-catalogue-march-5-11-2025-vic-metro/,unit_price,unit_price,1,review
Coles,VIC METRO,"Coles Catalogue March 5 - 11, 2025 VIC METRO",2025-03-05,2025-03-12,40,Nivea Q10 Anti Wrinkle Extra Nourish Night Cream 50mL,15.0,30.0,15.0,50.0,half_price,50mL,$30.00 per 100mL,SAVES15 | WASS30 | Nivea Q10 Anti Wrinkle Extra Nourish | Night Cream 50mL $30.00 per 100mL,93.86,False,,https://caau.syd1.cdn.digitaloceanspaces.com/wp-content/uploads/catalogue/coles/coles-catalogue-march-5-11-2025-vic-metro/40.jpg,https://www.catalogueau.com/coles/#catalogue=coles/coles-catalogue-march-5-11-2025-vic-metro/,save_was_arithmetic,displayed_price;save_was_arithmetic;unit_price,3,verified
Coles,VIC METRO,"Coles Catalogue March 5 - 11, 2025 VIC METRO",2025-03-05,2025-03-12,40,lynx Antiperspirant Deodorant or Body Spray 165mL,4.0,8.0,4.0,50.0,half_price,165mL,$2.42 per 100mL,SAVES4 | ‘WASS8 | lynx Antiperspirant Deodorant or | Body Spray 165mL $2.42 per 100mL | tH | Tome,93.76,False,,https://caau.syd1.cdn.digitaloceanspaces.com/wp-content/uploads/catalogue/coles/coles-catalogue-march-5-11-2025-vic-metro/40.jpg,https://www.catalogueau.com/coles/#catalogue=coles/coles-catalogue-march-5-11-2025-vic-metro/,save_was_arithmetic,displayed_price;save_was_arithmetic;unit_price,3,verified
Coles,VIC METRO,"Coles Catalogue March 5 - 11, 2025 VIC METRO",2025-03-05,2025-03-12,40,Nivea Men Shaving Gel 200mL,5.0,750.0,745.0,99.33,save_amount,200mL,$2.50 per 100mL,SAVE2.50 | WAS$750 | Nivea Men Shaving Gel | 200mL $2.50 per 100mL,94.67,False,,https://caau.syd1.cdn.digitaloceanspaces.com/wp-content/uploads/catalogue/coles/coles-catalogue-march-5-11-2025-vic-metro/40.jpg,https://www.catalogueau.com/coles/#catalogue=coles/coles-catalogue-march-5-11-2025-vic-metro/,displayed_price,displayed_price;unit_price,2,verified
Coles,VIC METRO,"Coles Catalogue March 5 - 11, 2025 VIC METRO",2025-03-05,2025-03-12,40,Nivea Q10 Firming Body Lotion 400mL,6.5,11.0,4.5,40.91,save_amount,400mL,$1.63 per 100mL,SAVE%4.50 | Nivea Q10 Firming | Body Lotion 400mL | $1.63 per 100mL,94.15,True,single_price_evidence,https://caau.syd1.cdn.digitaloceanspaces.com/wp-content/uploads/catalogue/coles/coles-catalogue-march-5-11-2025-vic-metro/40.jpg,https://www.catalogueau.com/coles/#catalogue=coles/coles-catalogue-march-5-11-2025-vic-metro/,unit_price,unit_price,1,review
Coles,VIC METRO,"Coles Catalogue March 5 - 11, 2025 VIC METRO",2025-03-05,2025-03-12,40,Neutrogena Hydro Boost Water Gel Refill 50g,19.5,28.0,8.5,30.36,save_amount,50g,$39.00 per 100g,SAVES8.50 | WAS$28 | Neutrogena Hydro Boost | Water Gel Refill 50g | $39.00 per 100g | weil,96.39,False,,https://caau.syd1.cdn.digitaloceanspaces.com/wp-content/uploads/catalogue/coles/coles-catalogue-march-5-11-2025-vic-metro/40.jpg,https://www.catalogueau.com/coles/#catalogue=coles/coles-catalogue-march-5-11-2025-vic-metro/,save_was_arithmetic,displayed_price;save_was_arithmetic;unit_price,3,verified
Coles,VIC METRO,"Coles Catalogue March 5 - 11, 2025 VIC METRO",2025-03-05,2025-03-12,40,Rimmel BB Cream 30mL,11.5,17.0,5.5,32.35,save_amount,30mL,,SAVE*5.50 | WASS17 | Rimmel BB Cream 30mL | $3.83 per 10mL | a | on. | weil | (A,93.81,True,single_price_evidence,https://caau.syd1.cdn.digitaloceanspaces.com/wp-content/uploads/catalogue/coles/coles-catalogue-march-5-11-2025-vic-metro/40.jpg,https://www.catalogueau.com/coles/#catalogue=coles/coles-catalogue-march-5-11-2025-vic-metro/,save_was_arithmetic,save_was_arithmetic,1,review
Coles,VIC METRO,"Coles Catalogue March 5 - 11, 2025 VIC METRO",2025-03-05,2025-03-12,40,Sensodyne Repair & Protect Sensitive or Whitening Protect Toothpaste 100g*,7.35,12.3,4.95,40.24,save_amount,100g,$7.35 per 100g,‘WASS12.30 | ‘WASS12.30 | Sensodyne Repair & | Protect Sensitive or | Whitening Protect | Toothpaste 100g* | $7.35 per 100g | 1 Pack,79.0,True,low_name_confidence_strict,https://caau.syd1.cdn.digitaloceanspaces.com/wp-content/uploads/catalogue/coles/coles-catalogue-march-5-11-2025-vic-metro/40.jpg,https://www.catalogueau.com/coles/#catalogue=coles/coles-catalogue-march-5-11-2025-vic-metro/,displayed_price,displayed_price;unit_price,2,review
Coles,VIC METRO,"Coles Catalogue March 5 - 11, 2025 VIC METRO",2025-03-05,2025-03-12,40,Listerine Freshburst or Freshburst Zero Mouthwash 500mL,4.0,8.0,4.0,50.0,half_price,500mL,$0.80 per 100mL,WASS8 | WASS8 | Listerine Freshburst | or Freshburst Zero | Mouthwash 500mL | $0.80 per 100mL,92.56,False,,https://caau.syd1.cdn.digitaloceanspaces.com/wp-content/uploads/catalogue/coles/coles-catalogue-march-5-11-2025-vic-metro/40.jpg,https://www.catalogueau.com/coles/#catalogue=coles/coles-catalogue-march-5-11-2025-vic-metro/,displayed_price,displayed_price;unit_price,2,verified
Coles,VIC METRO,"Coles Catalogue March 5 - 11, 2025 VIC METRO",2025-03-05,2025-03-12,40,Sensodyne Daily Care or Daily Care Whitening Toothpaste 100g*,5.8,9.7,3.9,40.21,save_amount,100g,$5.80 per 100g,WAS$9.70 | WAS$9.70 | Sensodyne Daily Care | or Daily Care Whitening | Toothpaste 100g* | $5.80 per 100g,79.0,True,low_name_confidence_strict;single_price_evidence,https://caau.syd1.cdn.digitaloceanspaces.com/wp-content/uploads/catalogue/coles/coles-catalogue-march-5-11-2025-vic-metro/40.jpg,https://www.catalogueau.com/coles/#catalogue=coles/coles-catalogue-march-5-11-2025-vic-metro/,unit_price,unit_price,1,review
Coles,VIC METRO,"Coles Catalogue March 5 - 11, 2025 VIC METRO",2025-03-05,2025-03-12,40,Colgate Zig Zag Flex Medium Toothbrush 1 Pack,2.0,3.0,1.0,33.33,save_amount,1 Pack,,"Colgate Zig Zag Flex | Medium Toothbrush | 1 Pack | ‘tExcludes Down Down, Every Day & clearance items",96.37,True,offer_labels_missing;single_price_evidence,https://caau.syd1.cdn.digitaloceanspaces.com/wp-content/uploads/catalogue/coles/coles-catalogue-march-5-11-2025-vic-metro/40.jpg,https://www.catalogueau.com/coles/#catalogue=coles/coles-catalogue-march-5-11-2025-vic-metro/,displayed_price,displayed_price,1,review
Coles,VIC METRO,"Coles Catalogue March 5 - 11, 2025 VIC METRO",2025-03-05,2025-03-12,41,Dine Daily Cat Food 85g,0.95,1.6,0.65,40.62,save_amount,85g,$1.12 per 100g,SAVE: | WASS1.60 | Dine Daily Cat Food 85g | $1.12 per 100g | yes),96.58,True,single_price_evidence,https://caau.syd1.cdn.digitaloceanspaces.com/wp-content/uploads/catalogue/coles/coles-catalogue-march-5-11-2025-vic-metro/41.jpg,https://www.catalogueau.com/coles/#catalogue=coles/coles-catalogue-march-5-11-2025-vic-metro/,unit_price,unit_price,1,review
Coles,VIC METRO,"Coles Catalogue March 5 - 11, 2025 VIC METRO",2025-03-05,2025-03-12,41,Pedigree Dentastix 28 Pack,14.3,24.0,9.7,40.42,save_amount,28 Pack,$0.51 per each,WAS$24 | WAS$24 | Pedigree Dentastix 28 Pack | $0.51 per each | — | ——,93.07,True,single_price_evidence,https://caau.syd1.cdn.digitaloceanspaces.com/wp-content/uploads/catalogue/coles/coles-catalogue-march-5-11-2025-vic-metro/41.jpg,https://www.catalogueau.com/coles/#catalogue=coles/coles-catalogue-march-5-11-2025-vic-metro/,unknown,,0,review
Coles,VIC METRO,"Coles Catalogue March 5 - 11, 2025 VIC METRO",2025-03-05,2025-03-12,41,Optimum Pro Dry Dog Food 2.5kg,16.0,26.0,10.0,38.46,save_amount,2.5kg,$0.64 per 100g,"SAVE10, 60 =— = lo | Optimum Pro Dry Dog Food | 2.5kg $0.64 per 100g",96.08,True,single_price_evidence,https://caau.syd1.cdn.digitaloceanspaces.com/wp-content/uploads/catalogue/coles/coles-catalogue-march-5-11-2025-vic-metro/41.jpg,https://www.catalogueau.com/coles/#catalogue=coles/coles-catalogue-march-5-11-2025-vic-metro/,unknown,,0,review
Coles,VIC METRO,"Coles Catalogue March 5 - 11, 2025 VIC METRO",2025-03-05,2025-03-12,41,Supercoat Dry Dog Food 6.7kg-7kg,25.0,36.0,11.0,30.56,save_amount,6.7kg; 7kg,,SAVE°11 | WASS36 | Supercoat Dry Dog Food | 6.7kg-7kg | a | nai | =,93.22,False,,https://caau.syd1.cdn.digitaloceanspaces.com/wp-content/uploads/catalogue/coles/coles-catalogue-march-5-11-2025-vic-metro/41.jpg,https://www.catalogueau.com/coles/#catalogue=coles/coles-catalogue-march-5-11-2025-vic-metro/,save_was_arithmetic,displayed_price;save_was_arithmetic,2,verified
Coles,VIC METRO,"Coles Catalogue March 5 - 11, 2025 VIC METRO",2025-03-05,2025-03-12,41,Fancy Feast Classic or Creamy Delights Cat Food 85g,1.0,1.6,0.6,37.5,save_amount,85g,$1.18 per 100g,SAVE 60‘ | WASS1.60 | Fancy Feast Classic or | Creamy Delights Cat Food 85g | $1.18 | $1.18 per 100g | ro | 4,96.07,False,,https://caau.syd1.cdn.digitaloceanspaces.com/wp-content/uploads/catalogue/coles/coles-catalogue-march-5-11-2025-vic-metro/41.jpg,https://www.catalogueau.com/coles/#catalogue=coles/coles-catalogue-march-5-11-2025-vic-metro/,displayed_price,displayed_price;unit_price,2,verified
Coles,VIC METRO,"Coles Catalogue March 5 - 11, 2025 VIC METRO",2025-03-05,2025-03-12,41,4 Legs Natural + Wellness Boost Meatball Dog Food Tray 870g,6.2,780.0,773.8,99.21,save_amount,870g,$0.71 per 100g,SAVE51.60 | WAS$780 | “5 | 4 Legs Natural + Wellness Boost | Meatball Dog Food Tray 870g | $0.71 per 100g. From the chilled | pet food fridge,95.75,True,single_price_evidence,https://caau.syd1.cdn.digitaloceanspaces.com/wp-content/uploads/catalogue/coles/coles-catalogue-march-5-11-2025-vic-metro/41.jpg,https://www.catalogueau.com/coles/#catalogue=coles/coles-catalogue-march-5-11-2025-vic-metro/,unit_price,unit_price,1,review
Coles,VIC METRO,"Coles Catalogue March 5 - 11, 2025 VIC METRO",2025-03-05,2025-03-12,41,Whiskas Dry Cat Food 800g,4.9,7.0,2.1,30.0,save_amount,800g,$0.61 per 100g,SAVES2.10 | Whiskas Dry Cat Food 800g | $0.61 per 100g,95.02,True,single_price_evidence,https://caau.syd1.cdn.digitaloceanspaces.com/wp-content/uploads/catalogue/coles/coles-catalogue-march-5-11-2025-vic-metro/41.jpg,https://www.catalogueau.com/coles/#catalogue=coles/coles-catalogue-march-5-11-2025-vic-metro/,unit_price,unit_price,1,review
Coles,VIC METRO,"Coles Catalogue March 5 - 11, 2025 VIC METRO",2025-03-05,2025-03-12,41,Schmackos Dog Treats 200g,5.6,8.0,2.4,30.0,save_amount,200g,$2.80 per 100g,SAVES2.40 | Schmackos Dog Treats 200g | $2.80 per 100g | eri | [aus,91.98,False,,https://caau.syd1.cdn.digitaloceanspaces.com/wp-content/uploads/catalogue/coles/coles-catalogue-march-5-11-2025-vic-metro/41.jpg,https://www.catalogueau.com/coles/#catalogue=coles/coles-catalogue-march-5-11-2025-vic-metro/,displayed_price,displayed_price;unit_price,2,verified
Coles,VIC METRO,"Coles Catalogue March 5 - 11, 2025 VIC METRO",2025-03-05,2025-03-12,41,Pedigree Dog Food 1.2kg,4.0,,,,special,1.2kg,$3.33 per kg,Pedigree Dog Food 1.2kg | $3.33 per kg | Al,94.63,False,,https://caau.syd1.cdn.digitaloceanspaces.com/wp-content/uploads/catalogue/coles/coles-catalogue-march-5-11-2025-vic-metro/41.jpg,https://www.catalogueau.com/coles/#catalogue=coles/coles-catalogue-march-5-11-2025-vic-metro/,displayed_price,displayed_price;unit_price,2,verified
Coles,VIC METRO,"Coles Catalogue March 5 - 11, 2025 VIC METRO",2025-03-05,2025-03-12,42,Hercules TwinZip Resealable Large Storage Bags 15 Pack,3.15,3.5,0.35,10.0,save_amount,15 Pack,$0.21 per each,WAS $3.50 | WAS $3.50 | JAN 2025 | Hercules TwinZip Resealable | Large Storage Bags 15 Pack | $0.21 per each | t Time,95.33,True,single_price_evidence,https://caau.syd1.cdn.digitaloceanspaces.com/wp-content/uploads/catalogue/coles/coles-catalogue-march-5-11-2025-vic-metro/42.jpg,https://www.catalogueau.com/coles/#catalogue=coles/coles-catalogue-march-5-11-2025-vic-metro/,unknown,,0,review
Coles,VIC METRO,"Coles Catalogue March 5 - 11, 2025 VIC METRO",2025-03-05,2025-03-12,42,Coles Ultra Advanced Dishwasher Tablets 40 Pack,6.0,,,,down_down,40 Pack,$0.15 per each,Coles Ultra Advanced Dishwasher | Tablets 40 Pack $0.15 per each | Turn | tt,96.32,True,save_amount_missing;regular_price_missing;single_price_evidence,https://caau.syd1.cdn.digitaloceanspaces.com/wp-content/uploads/catalogue/coles/coles-catalogue-march-5-11-2025-vic-metro/42.jpg,https://www.catalogueau.com/coles/#catalogue=coles/coles-catalogue-march-5-11-2025-vic-metro/,displayed_price,displayed_price,1,review
Coles,VIC METRO,"Coles Catalogue March 5 - 11, 2025 VIC METRO",2025-03-05,2025-03-12,42,Ajax Spray N Wipe Vanilla & Berries 475mL,3.5,,,,down_down,475mL,$0.74 per 100mL,Ajax Spray N Wipe Vanilla | & Berries 475mL $0.74 per 100mL | a,92.88,True,single_price_evidence,https://caau.syd1.cdn.digitaloceanspaces.com/wp-content/uploads/catalogue/coles/coles-catalogue-march-5-11-2025-vic-metro/42.jpg,https://www.catalogueau.com/coles/#catalogue=coles/coles-catalogue-march-5-11-2025-vic-metro/,unit_price,unit_price,1,review
Coles,VIC METRO,"Coles Catalogue March 5 - 11, 2025 VIC METRO",2025-03-05,2025-03-12,42,Felix Cat Treats 50g-60g,2.25,,,,special,50g; 60g,,Felix Cat Treats | 50g-60g | gS,79.0,True,offer_labels_missing;save_amount_missing;regular_price_missing;low_name_confidence_strict;single_price_evidence,https://caau.syd1.cdn.digitaloceanspaces.com/wp-content/uploads/catalogue/coles/coles-catalogue-march-5-11-2025-vic-metro/42.jpg,https://www.catalogueau.com/coles/#catalogue=coles/coles-catalogue-march-5-11-2025-vic-metro/,displayed_price,displayed_price,1,review
Coles,VIC METRO,"Coles Catalogue March 5 - 11, 2025 VIC METRO",2025-03-05,2025-03-12,43,Bref Spa Moments or Blue Active In The Bowl Toilet Cleaner,2.75,11.0,8.25,75.0,save_amount,,$2.75 per each,WASS11 | WASS11 | Bref Spa Moments or Blue Active | In The Bowl Toilet Cleaner | $2.75 per each | Twin Pack 10 | *See page 38 forT&Cs,95.76,True,single_price_evidence,https://caau.syd1.cdn.digitaloceanspaces.com/wp-content/uploads/catalogue/coles/coles-catalogue-march-5-11-2025-vic-metro/43.jpg,https://www.catalogueau.com/coles/#catalogue=coles/coles-catalogue-march-5-11-2025-vic-metro/,unit_price,unit_price,1,review
Coles,VIC METRO,"Coles Catalogue March 5 - 11, 2025 VIC METRO",2025-03-05,2025-03-12,43,White King Power Toilet Gel 700mL,3.1,6.2,3.1,50.0,half_price,700mL,$0.44 per 100mL,WASS6.20 | WASS6.20 | White King Power Toilet Gel | 700mL $0.44 per 100mL | =|,94.85,False,,https://caau.syd1.cdn.digitaloceanspaces.com/wp-content/uploads/catalogue/coles/coles-catalogue-march-5-11-2025-vic-metro/43.jpg,https://www.catalogueau.com/coles/#catalogue=coles/coles-catalogue-march-5-11-2025-vic-metro/,displayed_price,displayed_price;page_discount;unit_price,2,verified
Coles,VIC METRO,"Coles Catalogue March 5 - 11, 2025 VIC METRO",2025-03-05,2025-03-12,43,Glen 20 Disinfectant Spray 375g,5.75,11.5,5.75,50.0,half_price,375g,$1.53 per 100g,WASS11.50 | WASS11.50 | Glen 20 Disinfectant Spray 375g | $1.53 per 100g | Pure,96.46,True,inferred_price_requires_review,https://caau.syd1.cdn.digitaloceanspaces.com/wp-content/uploads/catalogue/coles/coles-catalogue-march-5-11-2025-vic-metro/43.jpg,https://www.catalogueau.com/coles/#catalogue=coles/coles-catalogue-march-5-11-2025-vic-metro/,unit_price,page_discount;unit_price,1,review
Coles,VIC METRO,"Coles Catalogue March 5 - 11, 2025 VIC METRO",2025-03-05,2025-03-12,43,Pine O Cleen Disinfectant Wipes 110 Pack,6.0,12.0,6.0,50.0,half_price,110 Pack,$0.05 per each,WASS12 | WASS12 | Pine O Cleen Disinfectant Wipes | 110 Pack $0.05 per each | On sale for 2 weeks | >) > ag | a | we,95.8,True,inferred_price_requires_review,https://caau.syd1.cdn.digitaloceanspaces.com/wp-content/uploads/catalogue/coles/coles-catalogue-march-5-11-2025-vic-metro/43.jpg,https://www.catalogueau.com/coles/#catalogue=coles/coles-catalogue-march-5-11-2025-vic-metro/,displayed_price,displayed_price;page_discount,1,review
Coles,VIC METRO,"Coles Catalogue March 5 - 11, 2025 VIC METRO",2025-03-05,2025-03-12,43,Air Wick Ultimate Getaways Scented Oil Diffuser + Refill 19mL,7.0,14.0,7.0,50.0,half_price,19mL,,WASS14 | WASS14 | Air Wick Ultimate Getaways | Scented Oil Diffuser + Refill | 19mL $3.68 per 10mL | >) > ag | 9),92.04,True,inferred_price_requires_review,https://caau.syd1.cdn.digitaloceanspaces.com/wp-content/uploads/catalogue/coles/coles-catalogue-march-5-11-2025-vic-metro/43.jpg,https://www.catalogueau.com/coles/#catalogue=coles/coles-catalogue-march-5-11-2025-vic-metro/,displayed_price,displayed_price;page_discount,1,review
Coles,VIC METRO,"Coles Catalogue March 5 - 11, 2025 VIC METRO",2025-03-05,2025-03-12,43,Earthwise Laundry Capsules 26 Pack,10.0,20.0,10.0,50.0,half_price,26 Pack,$0.38 per each,WAS$20 | WAS$20 | Earthwise Laundry Capsules | 26 Pack $0.38 per each,95.53,True,inferred_price_requires_review,https://caau.syd1.cdn.digitaloceanspaces.com/wp-content/uploads/catalogue/coles/coles-catalogue-march-5-11-2025-vic-metro/43.jpg,https://www.catalogueau.com/coles/#catalogue=coles/coles-catalogue-march-5-11-2025-vic-metro/,displayed_price,displayed_price;page_discount,1,review
Coles,VIC METRO,"Coles Catalogue March 5 - 11, 2025 VIC METRO",2025-03-05,2025-03-12,44,Décor Tellfresh Cupcake Storer 4 Litre,5.5,11.0,5.5,50.0,half_price,4 Litre,$5.50 per each,SAVE$5.50 | WASSTI | Décor Tellfresh Cupcake Storer | 4 Litre $5.50 per each,93.59,True,single_price_evidence,https://caau.syd1.cdn.digitaloceanspaces.com/wp-content/uploads/catalogue/coles/coles-catalogue-march-5-11-2025-vic-metro/44.jpg,https://www.catalogueau.com/coles/#catalogue=coles/coles-catalogue-march-5-11-2025-vic-metro/,unit_price,unit_price,1,review
Coles,VIC METRO,"Coles Catalogue March 5 - 11, 2025 VIC METRO",2025-03-05,2025-03-12,44,Décor Vent & Seal Container 500mL,2.25,4.5,2.25,50.0,half_price,500mL,$2.25 per each,SAVES2.25 | WAS$4.50 | Décor Vent & Seal Container | 500mL $2.25 per each | tExcludes Décor Vent & Seal Glass Containers & clearance items,94.77,False,,https://caau.syd1.cdn.digitaloceanspaces.com/wp-content/uploads/catalogue/coles/coles-catalogue-march-5-11-2025-vic-metro/44.jpg,https://www.catalogueau.com/coles/#catalogue=coles/coles-catalogue-march-5-11-2025-vic-metro/,save_was_arithmetic,save_was_arithmetic;unit_price,2,verified
Coles,VIC METRO,"Coles Catalogue March 5 - 11, 2025 VIC METRO",2025-03-05,2025-03-12,44,Décor Vent & Seal Container 800mL,2.75,5.5,2.75,50.0,half_price,800mL,$2.75 per each,SAVES2.75 | WASS5.50 | Décor Vent & Seal Container | 800mL $2.75 per each,95.24,False,,https://caau.syd1.cdn.digitaloceanspaces.com/wp-content/uploads/catalogue/coles/coles-catalogue-march-5-11-2025-vic-metro/44.jpg,https://www.catalogueau.com/coles/#catalogue=coles/coles-catalogue-march-5-11-2025-vic-metro/,save_was_arithmetic,displayed_price;save_was_arithmetic;unit_price,3,verified
Coles,VIC METRO,"Coles Catalogue March 5 - 11, 2025 VIC METRO",2025-03-05,2025-03-12,44,Armor All Car Wash 1 Litre,9.0,10.0,1.0,10.0,save_amount,1 Litre,$0.90 per 100mL,WAS$10 | WAS$10 | FEB 2025 | Armor All Car Wash 1 Litre | $0.90 per 100mL | |e,96.48,False,,https://caau.syd1.cdn.digitaloceanspaces.com/wp-content/uploads/catalogue/coles/coles-catalogue-march-5-11-2025-vic-metro/44.jpg,https://www.catalogueau.com/coles/#catalogue=coles/coles-catalogue-march-5-11-2025-vic-metro/,displayed_price,displayed_price;unit_price,2,verified
Coles,VIC METRO,"Coles Catalogue March 5 - 11, 2025 VIC METRO",2025-03-05,2025-03-12,44,Duracell Coppertop Batteries AA or AAA 26 Pack,21.5,31.0,9.5,30.65,save_amount,26 Pack,$0.83 per each,SAVES9.50 | WASS31 | Duracell Coppertop Batteries | AA or AAA 26 Pack $0.83 per each | On sale for 2 weeks | \,94.51,True,single_price_evidence,https://caau.syd1.cdn.digitaloceanspaces.com/wp-content/uploads/catalogue/coles/coles-catalogue-march-5-11-2025-vic-metro/44.jpg,https://www.catalogueau.com/coles/#catalogue=coles/coles-catalogue-march-5-11-2025-vic-metro/,save_was_arithmetic,save_was_arithmetic,1,review
Coles,VIC METRO,"Coles Catalogue March 5 - 11, 2025 VIC METRO",2025-03-05,2025-03-12,44,Bic 4 Colour Pens 3 Pack,5.4,9.0,3.6,40.0,save_amount,3 Pack,,SAVES3.60 | Bic 4 Colour Pens 3 Pack | On sale for 2 weeks,95.93,True,single_price_evidence,https://caau.syd1.cdn.digitaloceanspaces.com/wp-content/uploads/catalogue/coles/coles-catalogue-march-5-11-2025-vic-metro/44.jpg,https://www.catalogueau.com/coles/#catalogue=coles/coles-catalogue-march-5-11-2025-vic-metro/,displayed_price,displayed_price,1,review
Coles,VIC METRO,"Coles Catalogue March 5 - 11, 2025 VIC METRO",2025-03-05,2025-03-12,44,Tefal Cook Right Non Stick Frypan 28cm,31.5,42.0,10.5,25.0,save_amount,,,SAVES10.50 | = | Tefal Cook Right Non Stick | Frypan 28cm | ——o,94.72,True,single_price_evidence,https://caau.syd1.cdn.digitaloceanspaces.com/wp-content/uploads/catalogue/coles/coles-catalogue-march-5-11-2025-vic-metro/44.jpg,https://www.catalogueau.com/coles/#catalogue=coles/coles-catalogue-march-5-11-2025-vic-metro/,displayed_price,displayed_price,1,review
Coles,VIC METRO,"Coles Catalogue March 5 - 11, 2025 VIC METRO",2025-03-05,2025-03-12,44,Produce or Banana Saver While stocks last. No rainchecks,3.0,,,,special,,,Produce or Banana Saver | While stocks last. No rainchecks,95.68,True,offer_labels_missing;save_amount_missing;regular_price_missing;single_price_evidence,https://caau.syd1.cdn.digitaloceanspaces.com/wp-content/uploads/catalogue/coles/coles-catalogue-march-5-11-2025-vic-metro/44.jpg,https://www.catalogueau.com/coles/#catalogue=coles/coles-catalogue-march-5-11-2025-vic-metro/,displayed_price,displayed_price,1,review
Coles,VIC METRO,"Coles Catalogue March 5 - 11, 2025 VIC METRO",2025-03-05,2025-03-12,47,Telstra T-Pro * 6.52” IPS HD+,99.0,129.0,30.0,23.26,save_amount,,,SAVES30 | WASS129 | Telstra T-Pro | * 6.52” IPS HD+ | display | * Triple rear | camera (13MP+ | €,92.25,False,,https://caau.syd1.cdn.digitaloceanspaces.com/wp-content/uploads/catalogue/coles/coles-catalogue-march-5-11-2025-vic-metro/47.jpg,https://www.catalogueau.com/coles/#catalogue=coles/coles-catalogue-march-5-11-2025-vic-metro/,save_was_arithmetic,displayed_price;save_was_arithmetic,2,verified
Coles,VIC METRO,"Coles Catalogue March 5 - 11, 2025 VIC METRO",2025-03-05,2025-03-12,47,"Telstra T-Elite 5G + 6.6"" HD+ display",159.0,179.0,20.0,11.17,save_amount,5G,,"SAVE$20 | WASS$179 | Telstra T-Elite 5G | + 6.6"" HD+ display | * Dual rear camera | (SOMP + 2MP) + | SMP front camera",92.04,False,,https://caau.syd1.cdn.digitaloceanspaces.com/wp-content/uploads/catalogue/coles/coles-catalogue-march-5-11-2025-vic-metro/47.jpg,https://www.catalogueau.com/coles/#catalogue=coles/coles-catalogue-march-5-11-2025-vic-metro/,save_was_arithmetic,displayed_price;save_was_arithmetic,2,verified
Coles,VIC METRO,"Coles Catalogue March 5 - 11, 2025 VIC METRO",2025-03-05,2025-03-12,47,"Oppo A38 * 6.56"" HD LCD",199.0,229.0,30.0,13.1,save_amount,,,"SAVE*30 | WAS$229 | Oppo A38 | * 6.56"" HD LCD | display | * Dual rear | camera (SOMP+ | SOMP+",91.38,False,,https://caau.syd1.cdn.digitaloceanspaces.com/wp-content/uploads/catalogue/coles/coles-catalogue-march-5-11-2025-vic-metro/47.jpg,https://www.catalogueau.com/coles/#catalogue=coles/coles-catalogue-march-5-11-2025-vic-metro/,save_was_arithmetic,displayed_price;save_was_arithmetic,2,verified
Coles,VIC METRO,"Coles Catalogue March 5 - 11, 2025 VIC METRO",2025-03-05,2025-03-12,47,~ atl,59.0,79.0,20.0,25.32,save_amount,,,SAVE‘20 | WAS$79 | ~ | atl | ~,63.83,True,low_name_confidence_strict,https://caau.syd1.cdn.digitaloceanspaces.com/wp-content/uploads/catalogue/coles/coles-catalogue-march-5-11-2025-vic-metro/47.jpg,https://www.catalogueau.com/coles/#catalogue=coles/coles-catalogue-march-5-11-2025-vic-metro/,save_was_arithmetic,displayed_price;save_was_arithmetic,2,review
Coles,VIC METRO,"Coles Catalogue March 5 - 11, 2025 VIC METRO",2025-03-05,2025-03-12,47,Trust ycur network Belong,17.0,35.0,18.0,51.43,save_amount,,,"SAVE‘18 | ‘WAS§35 | Trust ycur network | Belong $35 | Starter Pack | + Includes SIM card, | 40GB + Unlimited | calls & texts in Aus",79.0,True,low_name_confidence_strict,https://caau.syd1.cdn.digitaloceanspaces.com/wp-content/uploads/catalogue/coles/coles-catalogue-march-5-11-2025-vic-metro/47.jpg,https://www.catalogueau.com/coles/#catalogue=coles/coles-catalogue-march-5-11-2025-vic-metro/,save_was_arithmetic,displayed_price;save_was_arithmetic,2,review
