retailer,region,catalogue_title,catalogue_start_date,catalogue_end_date,page_number,product_name,special_price,regular_price,save_amount,discount_percent,promo_type,pack_size,unit_price_text,offer_text,ocr_confidence,needs_review,review_reason,source_page_image,source_catalogue_url,price_source,price_evidence,evidence_count,verification_status
Coles,VIC METRO,"Coles Catalogue April 2 - 8, 2025 VIC METRO",2025-04-02,2025-04-09,1,Cadbury Dairy Milk Chocolate Easter Bunny 80g,3.25,6.5,3.25,50.0,half_price,80g,$4.06 per 100g,WAS$6.50 | WAS$6.50 | Cadbury Dairy Milk | Chocolate Easter Bunny 80g | $4.06 per 100g. While stocks | last. No rainchecks | ‘uew)),96.06,True,inferred_price_requires_review,https://caau.syd1.cdn.digitaloceanspaces.com/wp-content/uploads/catalogue/coles/coles-catalogue-april-2-8-2025-vic-metro/1.jpg,https://www.catalogueau.com/coles/#catalogue=coles/coles-catalogue-april-2-8-2025-vic-metro/,unit_price,page_discount;unit_price,1,review
Coles,VIC METRO,"Coles Catalogue April 2 - 8, 2025 VIC METRO",2025-04-02,2025-04-09,1,Four'N Twenty Traditional Meat Pies 4 Pack 700g,4.5,9.0,4.5,50.0,half_price,4 Pack; 700g,$0.64 per 100g,WASS9 | WASS9 | Four'N Twenty Traditional | Meat Pies 4 Pack 700g | $0.64 per 100g,94.71,True,inferred_price_requires_review,https://caau.syd1.cdn.digitaloceanspaces.com/wp-content/uploads/catalogue/coles/coles-catalogue-april-2-8-2025-vic-metro/1.jpg,https://www.catalogueau.com/coles/#catalogue=coles/coles-catalogue-april-2-8-2025-vic-metro/,unit_price,page_discount;unit_price,1,review
Coles,VIC METRO,"Coles Catalogue April 2 - 8, 2025 VIC METRO",2025-04-02,2025-04-09,1,Red Rock Deli Potato Chips 150g-165g,3.15,6.3,3.15,50.0,half_price,150g; 165g,,WAS $6.30 | WAS $6.30 | Red Rock Deli Potato Chips | 150g-165g,79.0,True,low_name_confidence_strict;inferred_price_requires_review,https://caau.syd1.cdn.digitaloceanspaces.com/wp-content/uploads/catalogue/coles/coles-catalogue-april-2-8-2025-vic-metro/1.jpg,https://www.catalogueau.com/coles/#catalogue=coles/coles-catalogue-april-2-8-2025-vic-metro/,displayed_price,displayed_price;page_discount,1,review
Coles,VIC METRO,"Coles Catalogue April 2 - 8, 2025 VIC METRO",2025-04-02,2025-04-09,1,Sunrice Medium Grain Rice 5kg,9.5,19.0,9.5,50.0,half_price,5kg,$0.19 per 100g,WASS19 | WASS19 | Sunrice Medium Grain Rice 5kg | $0.19 per 100g | See page 8,94.21,True,inferred_price_requires_review,https://caau.syd1.cdn.digitaloceanspaces.com/wp-content/uploads/catalogue/coles/coles-catalogue-april-2-8-2025-vic-metro/1.jpg,https://www.catalogueau.com/coles/#catalogue=coles/coles-catalogue-april-2-8-2025-vic-metro/,displayed_price,displayed_price;page_discount,1,review
Coles,VIC METRO,"Coles Catalogue April 2 - 8, 2025 VIC METRO",2025-04-02,2025-04-09,1,fe «,12.0,24.0,12.0,50.0,half_price,,,WASS24 | WASS24 | fe | « | FP-VIC-METRO-0204-25-349503,70.75,True,low_name_confidence_strict;inferred_price_requires_review,https://caau.syd1.cdn.digitaloceanspaces.com/wp-content/uploads/catalogue/coles/coles-catalogue-april-2-8-2025-vic-metro/1.jpg,https://www.catalogueau.com/coles/#catalogue=coles/coles-catalogue-april-2-8-2025-vic-metro/,page_discount_inference,page_discount,0,review
Coles,VIC METRO,"Coles Catalogue April 2 - 8, 2025 VIC METRO",2025-04-02,2025-04-09,2,Cadbury Chocolate Bar 30g-55g,1.25,2.5,1.25,50.0,half_price,30g; 55g,,SAVES1.25 | WASS2.50 | Cadbury Chocolate Bar | 30g-55g,89.37,False,,https://caau.syd1.cdn.digitaloceanspaces.com/wp-content/uploads/catalogue/coles/coles-catalogue-april-2-8-2025-vic-metro/2.jpg,https://www.catalogueau.com/coles/#catalogue=coles/coles-catalogue-april-2-8-2025-vic-metro/,save_was_arithmetic,displayed_price;save_was_arithmetic,2,verified
Coles,VIC METRO,"Coles Catalogue April 2 - 8, 2025 VIC METRO",2025-04-02,2025-04-09,2,Philadelphia Cream Cheese Block 250g,2.85,5.7,2.85,50.0,half_price,250g,$11.40 per kg,SAVE‘2.85 | WASS$5.70 | Philadelphia Cream Cheese | Block 250g $11.40 per kg | =_ = | SS | == | Sa,96.23,False,,https://caau.syd1.cdn.digitaloceanspaces.com/wp-content/uploads/catalogue/coles/coles-catalogue-april-2-8-2025-vic-metro/2.jpg,https://www.catalogueau.com/coles/#catalogue=coles/coles-catalogue-april-2-8-2025-vic-metro/,save_was_arithmetic,save_was_arithmetic;unit_price,2,verified
Coles,VIC METRO,"Coles Catalogue April 2 - 8, 2025 VIC METRO",2025-04-02,2025-04-09,2,Nescafé Blend 43 140g-150g or Gold 90g-100g,7.25,14.5,7.25,50.0,half_price,140g; 150g; 90g; 100g,,SAVE‘S7.25 | ‘WASS14.5( | Nescafé Blend 43 140g-150g | or Gold 90g-100g | oh ae | si Bin,91.99,True,single_price_evidence,https://caau.syd1.cdn.digitaloceanspaces.com/wp-content/uploads/catalogue/coles/coles-catalogue-april-2-8-2025-vic-metro/2.jpg,https://www.catalogueau.com/coles/#catalogue=coles/coles-catalogue-april-2-8-2025-vic-metro/,save_was_arithmetic,save_was_arithmetic,1,review
Coles,VIC METRO,"Coles Catalogue April 2 - 8, 2025 VIC METRO",2025-04-02,2025-04-09,2,BabyLove Bulk Nappy Pants 22 Pack-28 Pack,10.0,20.0,10.0,50.0,half_price,22 Pack; 28 Pack,,SAVES10 | WAS$20 | BabyLove Bulk Nappy Pants | 22 Pack-28 Pack,94.15,False,,https://caau.syd1.cdn.digitaloceanspaces.com/wp-content/uploads/catalogue/coles/coles-catalogue-april-2-8-2025-vic-metro/2.jpg,https://www.catalogueau.com/coles/#catalogue=coles/coles-catalogue-april-2-8-2025-vic-metro/,save_was_arithmetic,displayed_price;save_was_arithmetic,2,verified
Coles,VIC METRO,"Coles Catalogue April 2 - 8, 2025 VIC METRO",2025-04-02,2025-04-09,2,Cold Power Laundry Liquid 2 Litre or Powder 2kg,12.0,24.0,12.0,50.0,half_price,2 Litre; 2kg,,SAVES12 | WASS24 | Cold Power Laundry Liquid | 2 Litre or Powder 2kg,95.48,False,,https://caau.syd1.cdn.digitaloceanspaces.com/wp-content/uploads/catalogue/coles/coles-catalogue-april-2-8-2025-vic-metro/2.jpg,https://www.catalogueau.com/coles/#catalogue=coles/coles-catalogue-april-2-8-2025-vic-metro/,save_was_arithmetic,displayed_price;save_was_arithmetic,2,verified
Coles,VIC METRO,"Coles Catalogue April 2 - 8, 2025 VIC METRO",2025-04-02,2025-04-09,2,Libra Ultra Thin Pads with Wings Regular 14 Pack or Super 12 Pack,3.0,6.0,3.0,50.0,half_price,14 Pack; 12 Pack,,WASS6 | WASS6 | Libra Ultra Thin Pads with | Wings Regular 14 Pack or | Super 12 Pack,96.19,True,inferred_price_requires_review,https://caau.syd1.cdn.digitaloceanspaces.com/wp-content/uploads/catalogue/coles/coles-catalogue-april-2-8-2025-vic-metro/2.jpg,https://www.catalogueau.com/coles/#catalogue=coles/coles-catalogue-april-2-8-2025-vic-metro/,displayed_price,displayed_price;page_discount,1,review
Coles,VIC METRO,"Coles Catalogue April 2 - 8, 2025 VIC METRO",2025-04-02,2025-04-09,2,Pantene Shampoo or Conditioner 900mL,10.0,20.0,10.0,50.0,half_price,900mL,$1.11 per 100mL,SAVE*10 | WAS$20 | Pantene Shampoo or | Conditioner 900mL | $1.11 per 100mL | VIC-METRO-0204-25-349503,94.4,False,,https://caau.syd1.cdn.digitaloceanspaces.com/wp-content/uploads/catalogue/coles/coles-catalogue-april-2-8-2025-vic-metro/2.jpg,https://www.catalogueau.com/coles/#catalogue=coles/coles-catalogue-april-2-8-2025-vic-metro/,save_was_arithmetic,displayed_price;save_was_arithmetic;unit_price,3,verified
Coles,VIC METRO,"Coles Catalogue April 2 - 8, 2025 VIC METRO",2025-04-02,2025-04-09,2,Slick Stick Magic Hair Wand 1 Pack or Wax Stick 50g,1.0,13.5,12.5,92.59,save_amount,1 Pack; 50g,,"SAVE°12.50 | Slick Stick Magic Hair Wand | 1 Pack or Wax Stick 50g | TExcludes Every Day, Down Down, L'Oréal Men’s range & clearance items",96.28,True,single_price_evidence,https://caau.syd1.cdn.digitaloceanspaces.com/wp-content/uploads/catalogue/coles/coles-catalogue-april-2-8-2025-vic-metro/2.jpg,https://www.catalogueau.com/coles/#catalogue=coles/coles-catalogue-april-2-8-2025-vic-metro/,displayed_price,displayed_price,1,review
Coles,VIC METRO,"Coles Catalogue April 2 - 8, 2025 VIC METRO",2025-04-02,2025-04-09,2,Revion Colorsilk Hair Colourant 1 Pack,5.0,10.0,5.0,50.0,half_price,1 Pack,,SAVE*5 | WASS10 | Revion Colorsilk Hair Colourant | 1 Pack | cl,79.0,True,low_name_confidence_strict,https://caau.syd1.cdn.digitaloceanspaces.com/wp-content/uploads/catalogue/coles/coles-catalogue-april-2-8-2025-vic-metro/2.jpg,https://www.catalogueau.com/coles/#catalogue=coles/coles-catalogue-april-2-8-2025-vic-metro/,save_was_arithmetic,displayed_price;save_was_arithmetic,2,review
Coles,VIC METRO,"Coles Catalogue April 2 - 8, 2025 VIC METRO",2025-04-02,2025-04-09,2,PANTENE PANTENE,1.0,,,,special,,,Z | Z | PANTENE | PANTENE | ‘ | ¢,79.0,True,offer_labels_missing;save_amount_missing;regular_price_missing;low_name_confidence_strict;single_price_evidence,https://caau.syd1.cdn.digitaloceanspaces.com/wp-content/uploads/catalogue/coles/coles-catalogue-april-2-8-2025-vic-metro/2.jpg,https://www.catalogueau.com/coles/#catalogue=coles/coles-catalogue-april-2-8-2025-vic-metro/,displayed_price,displayed_price,1,review
Coles,VIC METRO,"Coles Catalogue April 2 - 8, 2025 VIC METRO",2025-04-02,2025-04-09,3,Kinder Bueno Bar 39g-43g,12.0,13.5,1.5,11.11,save_amount,39g; 43g,,SAVE 1.50 | Kinder Bueno Bar 39g-43g,94.65,True,single_price_evidence,https://caau.syd1.cdn.digitaloceanspaces.com/wp-content/uploads/catalogue/coles/coles-catalogue-april-2-8-2025-vic-metro/3.jpg,https://www.catalogueau.com/coles/#catalogue=coles/coles-catalogue-april-2-8-2025-vic-metro/,displayed_price,displayed_price,1,review
Coles,VIC METRO,"Coles Catalogue April 2 - 8, 2025 VIC METRO",2025-04-02,2025-04-09,3,In A Biskit Crackers 145g-160g 2nd week,2.0,4.0,2.0,50.0,half_price,145g; 160g,,"SAVE‘2 | WASS4 | In A Biskit Crackers 145g-160g | 2nd week on sale | l""",94.4,False,,https://caau.syd1.cdn.digitaloceanspaces.com/wp-content/uploads/catalogue/coles/coles-catalogue-april-2-8-2025-vic-metro/3.jpg,https://www.catalogueau.com/coles/#catalogue=coles/coles-catalogue-april-2-8-2025-vic-metro/,save_was_arithmetic,displayed_price;save_was_arithmetic,2,verified
Coles,VIC METRO,"Coles Catalogue April 2 - 8, 2025 VIC METRO",2025-04-02,2025-04-09,3,Peckish Fancies Rice Crackers 90g,1.5,3.0,1.5,50.0,half_price,90g,$1.67 per 100g,"WASS3 | WASS3 | Peckish Fancies Rice Crackers | 90g $1.67 per 100g | ae | l""",94.97,True,single_price_evidence,https://caau.syd1.cdn.digitaloceanspaces.com/wp-content/uploads/catalogue/coles/coles-catalogue-april-2-8-2025-vic-metro/3.jpg,https://www.catalogueau.com/coles/#catalogue=coles/coles-catalogue-april-2-8-2025-vic-metro/,unit_price,unit_price,1,review
Coles,VIC METRO,"Coles Catalogue April 2 - 8, 2025 VIC METRO",2025-04-02,2025-04-09,3,Infuzions Veggie Straws 90g,2.15,4.3,2.15,50.0,half_price,90g,$2.39 per 100g,SAVE52.15 | WAS $4.30 | Infuzions Veggie Straws 90g | $2.39 per 100g,94.54,False,,https://caau.syd1.cdn.digitaloceanspaces.com/wp-content/uploads/catalogue/coles/coles-catalogue-april-2-8-2025-vic-metro/3.jpg,https://www.catalogueau.com/coles/#catalogue=coles/coles-catalogue-april-2-8-2025-vic-metro/,displayed_price,displayed_price;unit_price,2,verified
Coles,VIC METRO,"Coles Catalogue April 2 - 8, 2025 VIC METRO",2025-04-02,2025-04-09,3,Cadbury Breakaway or Chocolate Finger Biscuits 114g-180g,2.5,5.0,2.5,50.0,half_price,114g; 180g,,SAVE‘2.50 | Cadbury Breakaway or | Chocolate Finger Biscuits | 114g-180g,94.5,True,single_price_evidence,https://caau.syd1.cdn.digitaloceanspaces.com/wp-content/uploads/catalogue/coles/coles-catalogue-april-2-8-2025-vic-metro/3.jpg,https://www.catalogueau.com/coles/#catalogue=coles/coles-catalogue-april-2-8-2025-vic-metro/,displayed_price,displayed_price,1,review
Coles,VIC METRO,"Coles Catalogue April 2 - 8, 2025 VIC METRO",2025-04-02,2025-04-09,3,McVitie's Plain or Chocolate Digestive Biscuits 266g-355g,2.75,5.5,2.75,50.0,half_price,266g; 355g,,SAVE'2.75 | WASS$5.50 | McVitie's Plain or Chocolate | Digestive Biscuits 266g-355g,93.96,False,,https://caau.syd1.cdn.digitaloceanspaces.com/wp-content/uploads/catalogue/coles/coles-catalogue-april-2-8-2025-vic-metro/3.jpg,https://www.catalogueau.com/coles/#catalogue=coles/coles-catalogue-april-2-8-2025-vic-metro/,save_was_arithmetic,displayed_price;save_was_arithmetic,2,verified
Coles,VIC METRO,"Coles Catalogue April 2 - 8, 2025 VIC METRO",2025-04-02,2025-04-09,3,Darrell Lea Block Chocolate 160g-180g,3.5,7.0,3.5,50.0,half_price,160g; 180g,,SAVES3.50 | Darrell Lea Block Chocolate | 160g-180g | VIC-METRO-0204-25-349503,93.6,True,single_price_evidence,https://caau.syd1.cdn.digitaloceanspaces.com/wp-content/uploads/catalogue/coles/coles-catalogue-april-2-8-2025-vic-metro/3.jpg,https://www.catalogueau.com/coles/#catalogue=coles/coles-catalogue-april-2-8-2025-vic-metro/,displayed_price,displayed_price,1,review
Coles,VIC METRO,"Coles Catalogue April 2 - 8, 2025 VIC METRO",2025-04-02,2025-04-09,3,Kirks Soft Drink 10x375mL,7.5,15.0,7.5,50.0,half_price,10x375mL,$2.00 per litre,SAVE57.50 | WASS15 | Kirks Soft Drink 10x375mL | $2.00 per litre,93.34,False,,https://caau.syd1.cdn.digitaloceanspaces.com/wp-content/uploads/catalogue/coles/coles-catalogue-april-2-8-2025-vic-metro/3.jpg,https://www.catalogueau.com/coles/#catalogue=coles/coles-catalogue-april-2-8-2025-vic-metro/,displayed_price,displayed_price;unit_price,2,verified
Coles,VIC METRO,"Coles Catalogue April 2 - 8, 2025 VIC METRO",2025-04-02,2025-04-09,3,Ferrero Collection 15 Pack 172g or Rocher Gift Box 16 Pack 200g,9.0,18.0,9.0,50.0,half_price,15 Pack; 172g; 16 Pack; 200g,,SAVES9 | WASS18 | Ferrero Collection 15 Pack | 172g or Rocher Gift Box | 16 Pack 200g,96.53,False,,https://caau.syd1.cdn.digitaloceanspaces.com/wp-content/uploads/catalogue/coles/coles-catalogue-april-2-8-2025-vic-metro/3.jpg,https://www.catalogueau.com/coles/#catalogue=coles/coles-catalogue-april-2-8-2025-vic-metro/,save_was_arithmetic,displayed_price;save_was_arithmetic,2,verified
Coles,VIC METRO,"Coles Catalogue April 2 - 8, 2025 VIC METRO",2025-04-02,2025-04-09,4,Herbal Essences Classics Shampoo or Conditioner 600mL,7.5,15.0,7.5,50.0,half_price,600mL,$1.25 per 100mL,SAVE‘S7.50 | WAS $15 | Herbal Essences Classics | Shampoo or Conditioner | 600mL $1.25 per 100mL. | On sale for 2 weeks,95.16,False,,https://caau.syd1.cdn.digitaloceanspaces.com/wp-content/uploads/catalogue/coles/coles-catalogue-april-2-8-2025-vic-metro/4.jpg,https://www.catalogueau.com/coles/#catalogue=coles/coles-catalogue-april-2-8-2025-vic-metro/,save_was_arithmetic,save_was_arithmetic;unit_price,2,verified
Coles,VIC METRO,"Coles Catalogue April 2 - 8, 2025 VIC METRO",2025-04-02,2025-04-09,4,John Frieda Violet Crush Tone Refresh Shampoo or Conditioner 250mL,10.5,21.0,10.5,50.0,half_price,250mL,$4.20 per 100mL,SAVE*10.50 | WASS$21 | John Frieda Violet Crush | Tone Refresh Shampoo or | Conditioner 250mL | $4.20 per 100mL,95.07,False,,https://caau.syd1.cdn.digitaloceanspaces.com/wp-content/uploads/catalogue/coles/coles-catalogue-april-2-8-2025-vic-metro/4.jpg,https://www.catalogueau.com/coles/#catalogue=coles/coles-catalogue-april-2-8-2025-vic-metro/,save_was_arithmetic,displayed_price;save_was_arithmetic;unit_price,3,verified
Coles,VIC METRO,"Coles Catalogue April 2 - 8, 2025 VIC METRO",2025-04-02,2025-04-09,4,Maui Shampoo or Conditioner 385mL,10.0,20.0,10.0,50.0,half_price,385mL,$2.60 per 100mL,SAVE*10 | WASS$20 | Maui Shampoo or Conditioner | 385mL $2.60 per 100mL. | 2nd week on sale,94.63,False,,https://caau.syd1.cdn.digitaloceanspaces.com/wp-content/uploads/catalogue/coles/coles-catalogue-april-2-8-2025-vic-metro/4.jpg,https://www.catalogueau.com/coles/#catalogue=coles/coles-catalogue-april-2-8-2025-vic-metro/,save_was_arithmetic,displayed_price;save_was_arithmetic;unit_price,3,verified
Coles,VIC METRO,"Coles Catalogue April 2 - 8, 2025 VIC METRO",2025-04-02,2025-04-09,4,Monday Shampoo or Conditioner 354mL,5.0,10.0,5.0,50.0,half_price,354mL,$1.41 per 100mL,SAVE*5 | WASS10 | Monday Shampoo or | Conditioner 354mL | $1.41 per 100mL,94.67,False,,https://caau.syd1.cdn.digitaloceanspaces.com/wp-content/uploads/catalogue/coles/coles-catalogue-april-2-8-2025-vic-metro/4.jpg,https://www.catalogueau.com/coles/#catalogue=coles/coles-catalogue-april-2-8-2025-vic-metro/,save_was_arithmetic,displayed_price;save_was_arithmetic;unit_price,3,verified
Coles,VIC METRO,"Coles Catalogue April 2 - 8, 2025 VIC METRO",2025-04-02,2025-04-09,4,Dove Shampoo or Conditioner 850mL,9.75,19.5,9.75,50.0,half_price,850mL,$1.15 per 100mL,SAVES9.75 | WASS19.50 | Dove Shampoo or Conditioner | 850mL $1.15 per 100mL. | On sale for 2 weeks,94.13,False,,https://caau.syd1.cdn.digitaloceanspaces.com/wp-content/uploads/catalogue/coles/coles-catalogue-april-2-8-2025-vic-metro/4.jpg,https://www.catalogueau.com/coles/#catalogue=coles/coles-catalogue-april-2-8-2025-vic-metro/,save_was_arithmetic,save_was_arithmetic;unit_price,2,verified
Coles,VIC METRO,"Coles Catalogue April 2 - 8, 2025 VIC METRO",2025-04-02,2025-04-09,4,OC Naturals Shampoo or Conditioner 400mL,1.85,3.7,1.85,50.0,half_price,400mL,$0.46 per 100mL,"SAVES1.85 | WAS$3.70 | OC Naturals Shampoo | or Conditioner 400mL | $0.46 per 100mL | +t Excludes Every Day, Down Down, LOréal Men's range & clearance items",94.17,False,,https://caau.syd1.cdn.digitaloceanspaces.com/wp-content/uploads/catalogue/coles/coles-catalogue-april-2-8-2025-vic-metro/4.jpg,https://www.catalogueau.com/coles/#catalogue=coles/coles-catalogue-april-2-8-2025-vic-metro/,save_was_arithmetic,save_was_arithmetic;unit_price,2,verified
Coles,VIC METRO,"Coles Catalogue April 2 - 8, 2025 VIC METRO",2025-04-02,2025-04-09,4,Palmolive 3 in 1 Bluey Kids 350mL,3.0,6.0,3.0,50.0,half_price,350mL,$0.86 per 100mL,SAVES3 | WASS6 | Palmolive 3 in 1 Bluey Kids | 350mL $0.86 per 100mL,93.82,False,,https://caau.syd1.cdn.digitaloceanspaces.com/wp-content/uploads/catalogue/coles/coles-catalogue-april-2-8-2025-vic-metro/4.jpg,https://www.catalogueau.com/coles/#catalogue=coles/coles-catalogue-april-2-8-2025-vic-metro/,save_was_arithmetic,displayed_price;save_was_arithmetic;unit_price,3,verified
Coles,VIC METRO,"Coles Catalogue April 2 - 8, 2025 VIC METRO",2025-04-02,2025-04-09,4,Hask Shampoo or Conditioner 355mL,8.5,,,,special,355mL,$2.39 per 100mL,Hask Shampoo or Conditioner | 355mL $2.39 per 100mL. | On sale for 2 weeks,93.79,False,,https://caau.syd1.cdn.digitaloceanspaces.com/wp-content/uploads/catalogue/coles/coles-catalogue-april-2-8-2025-vic-metro/4.jpg,https://www.catalogueau.com/coles/#catalogue=coles/coles-catalogue-april-2-8-2025-vic-metro/,displayed_price,displayed_price;unit_price,2,verified
Coles,VIC METRO,"Coles Catalogue April 2 - 8, 2025 VIC METRO",2025-04-02,2025-04-09,4,Head & Shoulders Shampoo or Conditioner 660mL,10.5,,,,special,660mL,$1.59 per 100mL,Head & Shoulders Shampoo | or Conditioner 660mL | $1.59 per 100mL,93.51,False,,https://caau.syd1.cdn.digitaloceanspaces.com/wp-content/uploads/catalogue/coles/coles-catalogue-april-2-8-2025-vic-metro/4.jpg,https://www.catalogueau.com/coles/#catalogue=coles/coles-catalogue-april-2-8-2025-vic-metro/,displayed_price,displayed_price;unit_price,2,verified
Coles,VIC METRO,"Coles Catalogue April 2 - 8, 2025 VIC METRO",2025-04-02,2025-04-09,5,L'Oreal Elvive Extraordinary Extra Rich Oil 100mL,11.0,22.0,11.0,50.0,half_price,100mL,,SAVES11 | WAS$22 | L'Oreal Elvive Extraordinary | Extra Rich Oil 100mL $11.00 per | 100mL. *See page 33 for T&Cs | a | ch,94.78,False,,https://caau.syd1.cdn.digitaloceanspaces.com/wp-content/uploads/catalogue/coles/coles-catalogue-april-2-8-2025-vic-metro/5.jpg,https://www.catalogueau.com/coles/#catalogue=coles/coles-catalogue-april-2-8-2025-vic-metro/,save_was_arithmetic,displayed_price;save_was_arithmetic,2,verified
Coles,VIC METRO,"Coles Catalogue April 2 - 8, 2025 VIC METRO",2025-04-02,2025-04-09,5,Sunsilk Shampoo or Conditioner 350mL,3.25,6.5,3.25,50.0,half_price,350mL,$0.93 per 100mL,SAVES3.25 | WAS$6.50 | Sunsilk Shampoo | or Conditioner 350mL | $0.93 per 100mL,93.78,False,,https://caau.syd1.cdn.digitaloceanspaces.com/wp-content/uploads/catalogue/coles/coles-catalogue-april-2-8-2025-vic-metro/5.jpg,https://www.catalogueau.com/coles/#catalogue=coles/coles-catalogue-april-2-8-2025-vic-metro/,save_was_arithmetic,displayed_price;save_was_arithmetic;unit_price,3,verified
Coles,VIC METRO,"Coles Catalogue April 2 - 8, 2025 VIC METRO",2025-04-02,2025-04-09,5,Garnier Fructis Shampoo or Conditioner 315mL,4.0,8.0,4.0,50.0,half_price,315mL,,WASS8 | WASS8 | Garnier Fructis Shampoo or | Conditioner 315mL $1.27 per | 100mL. *See page 33 forT&Cs | db ch | ch | dh,93.91,True,inferred_price_requires_review,https://caau.syd1.cdn.digitaloceanspaces.com/wp-content/uploads/catalogue/coles/coles-catalogue-april-2-8-2025-vic-metro/5.jpg,https://www.catalogueau.com/coles/#catalogue=coles/coles-catalogue-april-2-8-2025-vic-metro/,page_discount_inference,page_discount,0,review
Coles,VIC METRO,"Coles Catalogue April 2 - 8, 2025 VIC METRO",2025-04-02,2025-04-09,5,Selsun Gold Dandruff Treatment Shampoo 200mL,6.25,12.5,6.25,50.0,half_price,200mL,$3.13 per 100mL,SAVE%6.25 | WASS12.50 | Selsun Gold Dandruff | Treatment Shampoo 200mL | $3.13 per 100mL,94.12,False,,https://caau.syd1.cdn.digitaloceanspaces.com/wp-content/uploads/catalogue/coles/coles-catalogue-april-2-8-2025-vic-metro/5.jpg,https://www.catalogueau.com/coles/#catalogue=coles/coles-catalogue-april-2-8-2025-vic-metro/,save_was_arithmetic,displayed_price;save_was_arithmetic;unit_price,3,verified
Coles,VIC METRO,"Coles Catalogue April 2 - 8, 2025 VIC METRO",2025-04-02,2025-04-09,5,Tresemmé Shampoo or Conditioner 940mL,8.0,16.0,8.0,50.0,half_price,940mL,$0.85 per 100mL,SAVES8 | WASS16 | Tresemmé Shampoo | or Conditioner 940mL | $0.85 per 100mL | > |,93.14,False,,https://caau.syd1.cdn.digitaloceanspaces.com/wp-content/uploads/catalogue/coles/coles-catalogue-april-2-8-2025-vic-metro/5.jpg,https://www.catalogueau.com/coles/#catalogue=coles/coles-catalogue-april-2-8-2025-vic-metro/,save_was_arithmetic,displayed_price;save_was_arithmetic;unit_price,3,verified
Coles,VIC METRO,"Coles Catalogue April 2 - 8, 2025 VIC METRO",2025-04-02,2025-04-09,5,Sukin Shampoo or Conditioner 500mL,10.0,20.0,10.0,50.0,half_price,500mL,$2.00 per 100mL,SAVES10 | ‘WAS$20 | Sukin Shampoo or | Conditioner 500mL | $2.00 per 100mL,93.84,False,,https://caau.syd1.cdn.digitaloceanspaces.com/wp-content/uploads/catalogue/coles/coles-catalogue-april-2-8-2025-vic-metro/5.jpg,https://www.catalogueau.com/coles/#catalogue=coles/coles-catalogue-april-2-8-2025-vic-metro/,save_was_arithmetic,save_was_arithmetic;unit_price,2,verified
Coles,VIC METRO,"Coles Catalogue April 2 - 8, 2025 VIC METRO",2025-04-02,2025-04-09,5,Toni & Guy Shampoo or Conditioner 250mL,9.5,19.0,9.5,50.0,half_price,250mL,$3.80 per 100mL,SAVES9.50 | WASS19 | Toni & Guy Shampoo | or Conditioner 250mL | $3.80 per 100mL,93.78,False,,https://caau.syd1.cdn.digitaloceanspaces.com/wp-content/uploads/catalogue/coles/coles-catalogue-april-2-8-2025-vic-metro/5.jpg,https://www.catalogueau.com/coles/#catalogue=coles/coles-catalogue-april-2-8-2025-vic-metro/,save_was_arithmetic,displayed_price;save_was_arithmetic;unit_price,3,verified
Coles,VIC METRO,"Coles Catalogue April 2 - 8, 2025 VIC METRO",2025-04-02,2025-04-09,5,Batiste Dry Shampoo Blush or Original 350mL,9.5,19.0,9.5,50.0,half_price,350mL,$2.71 per 100mL,"SAVES9.50 | WASS19 | Batiste Dry Shampoo Blush | or Original 350mL | $2.71 per 100mL | +t Excludes Every Day, Down Down, LOréal Men's range & clearance items",94.78,False,,https://caau.syd1.cdn.digitaloceanspaces.com/wp-content/uploads/catalogue/coles/coles-catalogue-april-2-8-2025-vic-metro/5.jpg,https://www.catalogueau.com/coles/#catalogue=coles/coles-catalogue-april-2-8-2025-vic-metro/,save_was_arithmetic,save_was_arithmetic;unit_price,2,verified
Coles,VIC METRO,"Coles Catalogue April 2 - 8, 2025 VIC METRO",2025-04-02,2025-04-09,5,1000 Hour Lash & Brow Dye Kit Dark Brown 1 Pack,10.0,20.0,10.0,50.0,half_price,1 Pack,,WAS$20 | WAS$20 | 1000 Hour Lash & Brow Dye | Kit Dark Brown 1 Pack | On sale for 2 weeks,95.98,True,inferred_price_requires_review,https://caau.syd1.cdn.digitaloceanspaces.com/wp-content/uploads/catalogue/coles/coles-catalogue-april-2-8-2025-vic-metro/5.jpg,https://www.catalogueau.com/coles/#catalogue=coles/coles-catalogue-april-2-8-2025-vic-metro/,displayed_price,displayed_price;page_discount,1,review
Coles,VIC METRO,"Coles Catalogue April 2 - 8, 2025 VIC METRO",2025-04-02,2025-04-09,6,Libra Girl Teen Pads With Wings Regular 12 Pack or Goodnights 10 Pack,3.0,6.0,3.0,50.0,half_price,12 Pack; 10 Pack,,SAVES3 | WASS6 | Libra Girl Teen Pads With Wings Regular 12 Pack | or Goodnights 10 Pack | VALUE,94.89,False,,https://caau.syd1.cdn.digitaloceanspaces.com/wp-content/uploads/catalogue/coles/coles-catalogue-april-2-8-2025-vic-metro/6.jpg,https://www.catalogueau.com/coles/#catalogue=coles/coles-catalogue-april-2-8-2025-vic-metro/,save_was_arithmetic,displayed_price;save_was_arithmetic,2,verified
Coles,VIC METRO,"Coles Catalogue April 2 - 8, 2025 VIC METRO",2025-04-02,2025-04-09,6,Blackmores Fish Oil 1000mg Capsules 400 Pack*,30.0,60.0,30.0,50.0,half_price,400 Pack,$7.50 per 100 each,SAVE530 | WASS60 | Blackmores Fish Oil 1000mg Capsules 400 Pack* | $7.50 per 100 each. *See page 33 forT&Cs,92.94,False,,https://caau.syd1.cdn.digitaloceanspaces.com/wp-content/uploads/catalogue/coles/coles-catalogue-april-2-8-2025-vic-metro/6.jpg,https://www.catalogueau.com/coles/#catalogue=coles/coles-catalogue-april-2-8-2025-vic-metro/,displayed_price,displayed_price;unit_price,2,verified
Coles,VIC METRO,"Coles Catalogue April 2 - 8, 2025 VIC METRO",2025-04-02,2025-04-09,6,Schick Quattro 4 Titanium Razor Kit with 5 Refill Blades 1 Pack,8.5,17.0,8.5,50.0,half_price,1 Pack,,SAVE*8.50 | WASS17 | Schick Quattro 4 Titanium Razor Kit | with 5 Refill Blades 1 Pack | Natu re's Way.,95.72,True,single_price_evidence,https://caau.syd1.cdn.digitaloceanspaces.com/wp-content/uploads/catalogue/coles/coles-catalogue-april-2-8-2025-vic-metro/6.jpg,https://www.catalogueau.com/coles/#catalogue=coles/coles-catalogue-april-2-8-2025-vic-metro/,save_was_arithmetic,save_was_arithmetic,1,review
Coles,VIC METRO,"Coles Catalogue April 2 - 8, 2025 VIC METRO",2025-04-02,2025-04-09,6,Nature's Way Adult Vita Gummies Multivitamins 120 Pack or Women's Multivitamins 100 Pack*,12.0,24.0,12.0,50.0,half_price,120 Pack; 100 Pack,,SAVE: S12 | Nature's Way Adult Vita | Gummies Multivitamins | 120 Pack or Women's | Multivitamins 100 Pack*,95.37,True,single_price_evidence,https://caau.syd1.cdn.digitaloceanspaces.com/wp-content/uploads/catalogue/coles/coles-catalogue-april-2-8-2025-vic-metro/6.jpg,https://www.catalogueau.com/coles/#catalogue=coles/coles-catalogue-april-2-8-2025-vic-metro/,displayed_price,displayed_price,1,review
Coles,VIC METRO,"Coles Catalogue April 2 - 8, 2025 VIC METRO",2025-04-02,2025-04-09,6,Nature's Way Adult Vita Gummies Hair Skin Nails 150 Pack*,20.0,40.0,20.0,50.0,half_price,150 Pack,$13.33 per 100 each,SAVE ‘20 | Nature's Way Adult Vita | Gummies Hair Skin Nails | 150 Pack* $13.33 per 100 each,92.84,False,,https://caau.syd1.cdn.digitaloceanspaces.com/wp-content/uploads/catalogue/coles/coles-catalogue-april-2-8-2025-vic-metro/6.jpg,https://www.catalogueau.com/coles/#catalogue=coles/coles-catalogue-april-2-8-2025-vic-metro/,displayed_price,displayed_price;unit_price,2,verified
Coles,VIC METRO,"Coles Catalogue April 2 - 8, 2025 VIC METRO",2025-04-02,2025-04-09,6,Nature's Way Beauty Collagen Tablets 120 Pack*,27.0,54.0,27.0,50.0,half_price,120 Pack,$22.50 per 100 each,SAVE527 | WAS$54 | Nature's Way Beauty Collagen | Tablets 120 Pack* | $22.50 per 100 each,95.12,False,,https://caau.syd1.cdn.digitaloceanspaces.com/wp-content/uploads/catalogue/coles/coles-catalogue-april-2-8-2025-vic-metro/6.jpg,https://www.catalogueau.com/coles/#catalogue=coles/coles-catalogue-april-2-8-2025-vic-metro/,displayed_price,displayed_price;unit_price,2,verified
Coles,VIC METRO,"Coles Catalogue April 2 - 8, 2025 VIC METRO",2025-04-02,2025-04-09,6,or Goodnights 10 Pack VALUE,3.0,6.0,3.0,50.0,half_price,10 Pack,,or Goodnights 10 Pack | VALUE,79.0,True,offer_labels_missing;low_name_confidence_strict;single_price_evidence,https://caau.syd1.cdn.digitaloceanspaces.com/wp-content/uploads/catalogue/coles/coles-catalogue-april-2-8-2025-vic-metro/6.jpg,https://www.catalogueau.com/coles/#catalogue=coles/coles-catalogue-april-2-8-2025-vic-metro/,displayed_price,displayed_price,1,review
Coles,VIC METRO,"Coles Catalogue April 2 - 8, 2025 VIC METRO",2025-04-02,2025-04-09,7,Quilton 3-Ply Softness White Toilet Tissue 6 Pack,3.25,6.5,3.25,50.0,half_price,6 Pack,$0.30 per 100,SAVES3.25 | WASS6.50 | Quilton 3-Ply Softness White Toilet Tissue 6 Pack | $0.30 per 100 sheets,94.46,False,,https://caau.syd1.cdn.digitaloceanspaces.com/wp-content/uploads/catalogue/coles/coles-catalogue-april-2-8-2025-vic-metro/7.jpg,https://www.catalogueau.com/coles/#catalogue=coles/coles-catalogue-april-2-8-2025-vic-metro/,save_was_arithmetic,displayed_price;save_was_arithmetic,2,verified
Coles,VIC METRO,"Coles Catalogue April 2 - 8, 2025 VIC METRO",2025-04-02,2025-04-09,7,WaAssiI Bref Spa Moments or Blue Active In The Bowl Toilet Cleaner Twin Pack 100g,2.75,8.25,5.5,66.67,save_amount,100g,$2.75 per each,SAVES5.50 | WaAssiI | Bref Spa Moments or Blue Active In The Bowl | Toilet Cleaner Twin Pack 100g $2.75 per each,63.83,True,low_name_confidence_strict;single_price_evidence,https://caau.syd1.cdn.digitaloceanspaces.com/wp-content/uploads/catalogue/coles/coles-catalogue-april-2-8-2025-vic-metro/7.jpg,https://www.catalogueau.com/coles/#catalogue=coles/coles-catalogue-april-2-8-2025-vic-metro/,unit_price,unit_price,1,review
Coles,VIC METRO,"Coles Catalogue April 2 - 8, 2025 VIC METRO",2025-04-02,2025-04-09,7,Cuddly Concentrate Fabric Conditioner 900mL,5.25,10.5,5.25,50.0,half_price,900mL,$5.83 per litre,SAVES5.25 | WASS$10.50 | Cuddly Concentrate Fabric | Conditioner 900mL | $5.83 per litre,94.04,False,,https://caau.syd1.cdn.digitaloceanspaces.com/wp-content/uploads/catalogue/coles/coles-catalogue-april-2-8-2025-vic-metro/7.jpg,https://www.catalogueau.com/coles/#catalogue=coles/coles-catalogue-april-2-8-2025-vic-metro/,save_was_arithmetic,displayed_price;save_was_arithmetic;unit_price,3,verified
Coles,VIC METRO,"Coles Catalogue April 2 - 8, 2025 VIC METRO",2025-04-02,2025-04-09,7,Biozet Attack Plus Laundry Liquid 2 Litre or Powder 2kg,13.0,26.0,13.0,50.0,half_price,2 Litre; 2kg,,SAVE 13 | WASS26 | Biozet Attack Plus Laundry | Liquid 2 Litre or Powder 2kg,95.11,False,,https://caau.syd1.cdn.digitaloceanspaces.com/wp-content/uploads/catalogue/coles/coles-catalogue-april-2-8-2025-vic-metro/7.jpg,https://www.catalogueau.com/coles/#catalogue=coles/coles-catalogue-april-2-8-2025-vic-metro/,save_was_arithmetic,displayed_price;save_was_arithmetic,2,verified
Coles,VIC METRO,"Coles Catalogue April 2 - 8, 2025 VIC METRO",2025-04-02,2025-04-09,7,Sard Stain Remover Powder 1.8kg,10.0,20.0,10.0,50.0,half_price,1.8kg,$5.56 per kg,SAVES10 | WAS$20 | Sard Stain Remover Powder | 1.8kg $5.56 per kg,95.31,False,,https://caau.syd1.cdn.digitaloceanspaces.com/wp-content/uploads/catalogue/coles/coles-catalogue-april-2-8-2025-vic-metro/7.jpg,https://www.catalogueau.com/coles/#catalogue=coles/coles-catalogue-april-2-8-2025-vic-metro/,save_was_arithmetic,displayed_price;save_was_arithmetic;unit_price,3,verified
Coles,VIC METRO,"Coles Catalogue April 2 - 8, 2025 VIC METRO",2025-04-02,2025-04-09,7,Chux Dishwand Heavy Duty Refill 3 Pack,3.0,6.0,3.0,50.0,half_price,3 Pack,$1.00 per each,SAVES3 | WASS6 | Chux Dishwand Heavy Duty | Refill 3 Pack $1.00 per each | VIC-METRO-0204-25-349503,95.21,False,,https://caau.syd1.cdn.digitaloceanspaces.com/wp-content/uploads/catalogue/coles/coles-catalogue-april-2-8-2025-vic-metro/7.jpg,https://www.catalogueau.com/coles/#catalogue=coles/coles-catalogue-april-2-8-2025-vic-metro/,save_was_arithmetic,displayed_price;save_was_arithmetic;unit_price,3,verified
Coles,VIC METRO,"Coles Catalogue April 2 - 8, 2025 VIC METRO",2025-04-02,2025-04-09,7,Fairy Platinum Dishwashing Tablets 52 Pack,23.0,46.0,23.0,50.0,half_price,52 Pack,$0.44 per each,SAVE523 | WASS46 | Fairy Platinum Dishwashing | Tablets 52 Pack $0.44 per each. | On sale for 2 weeks,96.56,True,single_price_evidence,https://caau.syd1.cdn.digitaloceanspaces.com/wp-content/uploads/catalogue/coles/coles-catalogue-april-2-8-2025-vic-metro/7.jpg,https://www.catalogueau.com/coles/#catalogue=coles/coles-catalogue-april-2-8-2025-vic-metro/,displayed_price,displayed_price,1,review
Coles,VIC METRO,"Coles Catalogue April 2 - 8, 2025 VIC METRO",2025-04-02,2025-04-09,9,Bulla Creamy Classics Ice Cream Cones 4 Pack 520mL,5.0,10.0,5.0,50.0,half_price,4 Pack; 520mL,$0.96 per 100mL,WASS10 | WASS10 | Bulla Creamy Classics Ice Cream | Cones 4 Pack 520mL | $0.96 per 100mL | corny,94.93,False,,https://caau.syd1.cdn.digitaloceanspaces.com/wp-content/uploads/catalogue/coles/coles-catalogue-april-2-8-2025-vic-metro/9.jpg,https://www.catalogueau.com/coles/#catalogue=coles/coles-catalogue-april-2-8-2025-vic-metro/,displayed_price,displayed_price;unit_price,2,verified
Coles,VIC METRO,"Coles Catalogue April 2 - 8, 2025 VIC METRO",2025-04-02,2025-04-09,9,Cheer Cheese Slices 500g,10.0,11.0,1.0,9.09,save_amount,500g,$20.00 per kg,WASS11 | WASS11 | Cheer Cheese Slices | 500g $20.00 per kg,96.44,False,,https://caau.syd1.cdn.digitaloceanspaces.com/wp-content/uploads/catalogue/coles/coles-catalogue-april-2-8-2025-vic-metro/9.jpg,https://www.catalogueau.com/coles/#catalogue=coles/coles-catalogue-april-2-8-2025-vic-metro/,displayed_price,displayed_price;unit_price,2,verified
Coles,VIC METRO,"Coles Catalogue April 2 - 8, 2025 VIC METRO",2025-04-02,2025-04-09,9,Sensodyne Repair & Protect Whitening or Cool Mint Toothpaste 100g**,7.35,12.3,4.95,40.24,save_amount,100g,$7.35 per 100g,WASS12.30 | WASS12.30 | Sensodyne Repair & Protect | Whitening or Cool Mint | Toothpaste 100g** | $7.35 per 100g | Lt,79.0,True,low_name_confidence_strict;single_price_evidence,https://caau.syd1.cdn.digitaloceanspaces.com/wp-content/uploads/catalogue/coles/coles-catalogue-april-2-8-2025-vic-metro/9.jpg,https://www.catalogueau.com/coles/#catalogue=coles/coles-catalogue-april-2-8-2025-vic-metro/,unit_price,unit_price,1,review
Coles,VIC METRO,"Coles Catalogue April 2 - 8, 2025 VIC METRO",2025-04-02,2025-04-09,9,Blackmores Bio Magnesium Tablets 150 Pack*,20.0,40.0,20.0,50.0,half_price,150 Pack,$13.33 per 100 each,WAS$40 | WAS$40 | Blackmores Bio Magnesium | Tablets 150 Pack* | $13.33 per 100 each | ao =| | @> HERCULES,79.0,True,low_name_confidence_strict,https://caau.syd1.cdn.digitaloceanspaces.com/wp-content/uploads/catalogue/coles/coles-catalogue-april-2-8-2025-vic-metro/9.jpg,https://www.catalogueau.com/coles/#catalogue=coles/coles-catalogue-april-2-8-2025-vic-metro/,displayed_price,displayed_price;unit_price,2,review
Coles,VIC METRO,"Coles Catalogue April 2 - 8, 2025 VIC METRO",2025-04-02,2025-04-09,9,Youfoodz Fuel'd Meal 400g: 400g-444g,19.0,,,,special,400g; 444g,,Youfoodz Fuel'd Meal | 400g: | 400g-444g,79.0,True,offer_labels_missing;save_amount_missing;regular_price_missing;low_name_confidence_strict;single_price_evidence,https://caau.syd1.cdn.digitaloceanspaces.com/wp-content/uploads/catalogue/coles/coles-catalogue-april-2-8-2025-vic-metro/9.jpg,https://www.catalogueau.com/coles/#catalogue=coles/coles-catalogue-april-2-8-2025-vic-metro/,displayed_price,displayed_price,1,review
Coles,VIC METRO,"Coles Catalogue April 2 - 8, 2025 VIC METRO",2025-04-02,2025-04-09,9,Hercules ClickZip Resealable Sandwich or Snack Bags 40 Pack,2.0,,,,special,40 Pack,$0.05 per each,Hercules ClickZip Resealable | Sandwich or Snack Bags 40 Pack | $0.05 per each | |,95.42,True,offer_labels_missing;save_amount_missing;regular_price_missing;single_price_evidence,https://caau.syd1.cdn.digitaloceanspaces.com/wp-content/uploads/catalogue/coles/coles-catalogue-april-2-8-2025-vic-metro/9.jpg,https://www.catalogueau.com/coles/#catalogue=coles/coles-catalogue-april-2-8-2025-vic-metro/,displayed_price,displayed_price,1,review
Coles,VIC METRO,"Coles Catalogue April 2 - 8, 2025 VIC METRO",2025-04-02,2025-04-09,9,Multix Aluminium Foil Wrap 10 Metres,3.0,,,,special,,,"Multix Aluminium Foil Wrap | 10 Metres $0.30 per metre | “This medicine may not be right for you. Read the label before purchase. Follow the directions for use. If symptoms | persist, talk to your healthcare professional. Vitamin and mineral supplements should not replace a balanced diet.",95.75,True,offer_labels_missing;save_amount_missing;regular_price_missing;single_price_evidence,https://caau.syd1.cdn.digitaloceanspaces.com/wp-content/uploads/catalogue/coles/coles-catalogue-april-2-8-2025-vic-metro/9.jpg,https://www.catalogueau.com/coles/#catalogue=coles/coles-catalogue-april-2-8-2025-vic-metro/,displayed_price,displayed_price,1,review
Coles,VIC METRO,"Coles Catalogue April 2 - 8, 2025 VIC METRO",2025-04-02,2025-04-09,9,Pine O Cleen Disinfectant Liquid 1.25 Litre,5.65,,,,special,1.25 Litre,$0.45 per 100mL,Pine O Cleen Disinfectant Liquid | 1.25 Litre $0.45 per 100mL,94.48,True,offer_labels_missing;save_amount_missing;regular_price_missing;single_price_evidence,https://caau.syd1.cdn.digitaloceanspaces.com/wp-content/uploads/catalogue/coles/coles-catalogue-april-2-8-2025-vic-metro/9.jpg,https://www.catalogueau.com/coles/#catalogue=coles/coles-catalogue-april-2-8-2025-vic-metro/,unknown,,0,review
Coles,VIC METRO,"Coles Catalogue April 2 - 8, 2025 VIC METRO",2025-04-02,2025-04-09,11,Coles Australian Pork Spare Ribs Large Pack,17.0,,,,special,,,Coles Australian Pork | Spare Ribs Large Pack,96.56,True,offer_labels_missing;save_amount_missing;regular_price_missing;single_price_evidence,https://caau.syd1.cdn.digitaloceanspaces.com/wp-content/uploads/catalogue/coles/coles-catalogue-april-2-8-2025-vic-metro/11.jpg,https://www.catalogueau.com/coles/#catalogue=coles/coles-catalogue-april-2-8-2025-vic-metro/,displayed_price,displayed_price,1,review
Coles,VIC METRO,"Coles Catalogue April 2 - 8, 2025 VIC METRO",2025-04-02,2025-04-09,11,Coles Australian Lamb Forequarter Chops,16.0,19.13,3.13,16.36,save_amount,,,‘WAS $1913 | ‘WAS $1913 | Coles Australian Lamb | Forequarter Chops | 2nd week on sale,94.68,True,single_price_evidence,https://caau.syd1.cdn.digitaloceanspaces.com/wp-content/uploads/catalogue/coles/coles-catalogue-april-2-8-2025-vic-metro/11.jpg,https://www.catalogueau.com/coles/#catalogue=coles/coles-catalogue-april-2-8-2025-vic-metro/,displayed_price,displayed_price,1,review
Coles,VIC METRO,"Coles Catalogue April 2 - 8, 2025 VIC METRO",2025-04-02,2025-04-09,11,Coles Australian No Added Hormones Beef Corned Silverside,10.0,11.0,1.0,9.09,save_amount,,,WAS S11ig | WAS S11ig | Coles Australian No Added | Hormones Beef Corned Silverside,95.39,True,single_price_evidence,https://caau.syd1.cdn.digitaloceanspaces.com/wp-content/uploads/catalogue/coles/coles-catalogue-april-2-8-2025-vic-metro/11.jpg,https://www.catalogueau.com/coles/#catalogue=coles/coles-catalogue-april-2-8-2025-vic-metro/,displayed_price,displayed_price,1,review
Coles,VIC METRO,"Coles Catalogue April 2 - 8, 2025 VIC METRO",2025-04-02,2025-04-09,11,Coles Free Range RSPCA Approved Chicken Breast Fillet,13.0,515.0,502.0,97.48,save_amount,,,WASS 515 | WASS 515 | Coles Free Range RSPCA | Approved Chicken Breast Fillet | = | Cy; | io | s.,96.25,True,single_price_evidence,https://caau.syd1.cdn.digitaloceanspaces.com/wp-content/uploads/catalogue/coles/coles-catalogue-april-2-8-2025-vic-metro/11.jpg,https://www.catalogueau.com/coles/#catalogue=coles/coles-catalogue-april-2-8-2025-vic-metro/,displayed_price,displayed_price,1,review
Coles,VIC METRO,"Coles Catalogue April 2 - 8, 2025 VIC METRO",2025-04-02,2025-04-09,11,Coles Made Easy Slow Cooked Beef Brisket in Peppercorn Sauce 500g,11.0,13.0,2.0,15.38,save_amount,500g,$22.00 per kg,WASS13 | WASS13 | Coles Made Easy Slow Cooked | Beef Brisket in Peppercorn | Sauce 500g $22.00 per kg | cerca | | = 448 | ~R,96.37,False,,https://caau.syd1.cdn.digitaloceanspaces.com/wp-content/uploads/catalogue/coles/coles-catalogue-april-2-8-2025-vic-metro/11.jpg,https://www.catalogueau.com/coles/#catalogue=coles/coles-catalogue-april-2-8-2025-vic-metro/,displayed_price,displayed_price;unit_price,2,verified
Coles,VIC METRO,"Coles Catalogue April 2 - 8, 2025 VIC METRO",2025-04-02,2025-04-09,11,Coles RSPCA Approved Chicken Whole Boneless Herb & Garlic,10.0,13.0,3.0,23.08,save_amount,,$10.00 per kg,WASS13 | WASS13 | Coles RSPCA Approved Chicken | Whole Boneless Herb & Garlic | Tkg $10.00 per kg | Product sold uncooked | VIC-METRO-0204-25-349503,95.8,True,single_price_evidence,https://caau.syd1.cdn.digitaloceanspaces.com/wp-content/uploads/catalogue/coles/coles-catalogue-april-2-8-2025-vic-metro/11.jpg,https://www.catalogueau.com/coles/#catalogue=coles/coles-catalogue-april-2-8-2025-vic-metro/,displayed_price,displayed_price,1,review
Coles,VIC METRO,"Coles Catalogue April 2 - 8, 2025 VIC METRO",2025-04-02,2025-04-09,11,Coles Classic Burgers 400g-500g,15.0,,,,special,400g; 500g,,Coles Classic Burgers | 400g-500g,94.28,True,offer_labels_missing;save_amount_missing;regular_price_missing;single_price_evidence,https://caau.syd1.cdn.digitaloceanspaces.com/wp-content/uploads/catalogue/coles/coles-catalogue-april-2-8-2025-vic-metro/11.jpg,https://www.catalogueau.com/coles/#catalogue=coles/coles-catalogue-april-2-8-2025-vic-metro/,displayed_price,displayed_price,1,review
Coles,VIC METRO,"Coles Catalogue April 2 - 8, 2025 VIC METRO",2025-04-02,2025-04-09,12,Australian Modi Apples F3:90,3.9,,,,special,,$3.90 per kg,Australian Modi Apples | F3:90 per kg | Loose or Ikg Pack $3.90 per kg,79.0,True,offer_labels_missing;save_amount_missing;regular_price_missing;low_name_confidence_strict;single_price_evidence,https://caau.syd1.cdn.digitaloceanspaces.com/wp-content/uploads/catalogue/coles/coles-catalogue-april-2-8-2025-vic-metro/12.jpg,https://www.catalogueau.com/coles/#catalogue=coles/coles-catalogue-april-2-8-2025-vic-metro/,displayed_price,displayed_price,1,review
Coles,VIC METRO,"Coles Catalogue April 2 - 8, 2025 VIC METRO",2025-04-02,2025-04-09,13,Coles Californian Natural Walnuts 400g Pack,8.0,10.0,2.0,20.0,save_amount,400g,$20.00 per kg,WASS10 | WASS10 | Coles Californian Natural Walnuts | 400g Pack $20.00 per kg,96.4,False,,https://caau.syd1.cdn.digitaloceanspaces.com/wp-content/uploads/catalogue/coles/coles-catalogue-april-2-8-2025-vic-metro/13.jpg,https://www.catalogueau.com/coles/#catalogue=coles/coles-catalogue-april-2-8-2025-vic-metro/,displayed_price,displayed_price;unit_price,2,verified
Coles,VIC METRO,"Coles Catalogue April 2 - 8, 2025 VIC METRO",2025-04-02,2025-04-09,13,Coles Australian Red Royale Potatoes 2kg Bag,6.0,,,,special,2kg,$3.00 per kg,Coles Australian Red Royale | Potatoes 2kg Bag | $3.00 per kg | BY pies | ar,95.12,False,,https://caau.syd1.cdn.digitaloceanspaces.com/wp-content/uploads/catalogue/coles/coles-catalogue-april-2-8-2025-vic-metro/13.jpg,https://www.catalogueau.com/coles/#catalogue=coles/coles-catalogue-april-2-8-2025-vic-metro/,displayed_price,displayed_price;unit_price,2,verified
Coles,VIC METRO,"Coles Catalogue April 2 - 8, 2025 VIC METRO",2025-04-02,2025-04-09,13,Coles Australian Baby Cucumbers 250g Pack,3.0,,,,special,250g,$12.00 per kg,Coles Australian Baby | Cucumbers 250g Pack | $12.00 per kg | PEP py Re,96.16,False,,https://caau.syd1.cdn.digitaloceanspaces.com/wp-content/uploads/catalogue/coles/coles-catalogue-april-2-8-2025-vic-metro/13.jpg,https://www.catalogueau.com/coles/#catalogue=coles/coles-catalogue-april-2-8-2025-vic-metro/,displayed_price,displayed_price;unit_price,2,verified
Coles,VIC METRO,"Coles Catalogue April 2 - 8, 2025 VIC METRO",2025-04-02,2025-04-09,13,Australian Raspberries 125g Punnet,4.0,,,,special,125g,$32.00 per kg,Australian Raspberries | 125g Punnet $32.00 per kg | ei | as | ar | yy,95.58,False,,https://caau.syd1.cdn.digitaloceanspaces.com/wp-content/uploads/catalogue/coles/coles-catalogue-april-2-8-2025-vic-metro/13.jpg,https://www.catalogueau.com/coles/#catalogue=coles/coles-catalogue-april-2-8-2025-vic-metro/,displayed_price,displayed_price;unit_price,2,verified
Coles,VIC METRO,"Coles Catalogue April 2 - 8, 2025 VIC METRO",2025-04-02,2025-04-09,13,Coles Cheesy Flavoured Nibbles 400g,9.0,,,,special,400g,$22.50 per kg,Coles Cheesy Flavoured Nibbles | 400g $22.50 per kg. Selected | stores only. While stocks last: | No rainchecks,96.3,True,single_price_evidence,https://caau.syd1.cdn.digitaloceanspaces.com/wp-content/uploads/catalogue/coles/coles-catalogue-april-2-8-2025-vic-metro/13.jpg,https://www.catalogueau.com/coles/#catalogue=coles/coles-catalogue-april-2-8-2025-vic-metro/,unit_price,unit_price,1,review
Coles,VIC METRO,"Coles Catalogue April 2 - 8, 2025 VIC METRO",2025-04-02,2025-04-09,13,Coles Kitchen Family Ranch Salad Kit 400g or Green Goddess Salad Kit 350g Pack,9.0,,,,special,400g; 350g,,Coles Kitchen Family Ranch | Salad Kit 400g or Green Goddess | Salad Kit 350g Pack,79.0,True,offer_labels_missing;save_amount_missing;regular_price_missing;low_name_confidence_strict;single_price_evidence,https://caau.syd1.cdn.digitaloceanspaces.com/wp-content/uploads/catalogue/coles/coles-catalogue-april-2-8-2025-vic-metro/13.jpg,https://www.catalogueau.com/coles/#catalogue=coles/coles-catalogue-april-2-8-2025-vic-metro/,displayed_price,displayed_price,1,review
Coles,VIC METRO,"Coles Catalogue April 2 - 8, 2025 VIC METRO",2025-04-02,2025-04-09,13,Coles Australian Baby Broccoli Bunch VIC-METRO-0204-25-349503,70.0,,,,special,,,a4 | Coles Australian Baby Broccoli Bunch | VIC-METRO-0204-25-349503,92.97,True,offer_labels_missing;save_amount_missing;regular_price_missing;single_price_evidence,https://caau.syd1.cdn.digitaloceanspaces.com/wp-content/uploads/catalogue/coles/coles-catalogue-april-2-8-2025-vic-metro/13.jpg,https://www.catalogueau.com/coles/#catalogue=coles/coles-catalogue-april-2-8-2025-vic-metro/,displayed_price,displayed_price,1,review
Coles,VIC METRO,"Coles Catalogue April 2 - 8, 2025 VIC METRO",2025-04-02,2025-04-09,15,Coles Australian Thawed Cooked Large Black Tiger Prawns,24.0,32.0,8.0,25.0,save_amount,,,WAS $32tq | WAS $32tq | Coles Australian Thawed | Cooked Large Black Tiger Prawns | Selected stores only*. | 2nd week on sale | —,96.34,True,single_price_evidence,https://caau.syd1.cdn.digitaloceanspaces.com/wp-content/uploads/catalogue/coles/coles-catalogue-april-2-8-2025-vic-metro/15.jpg,https://www.catalogueau.com/coles/#catalogue=coles/coles-catalogue-april-2-8-2025-vic-metro/,displayed_price,displayed_price,1,review
Coles,VIC METRO,"Coles Catalogue April 2 - 8, 2025 VIC METRO",2025-04-02,2025-04-09,15,Coles Australian MSC Certified Thawed Raw Banana Prawn,35.0,39.0,4.0,10.26,save_amount,,,WASS§39\g | WASS§39\g | Coles Australian MSC Certified | Thawed Raw Banana Prawn | Cutlets Selected stores only* | OCEAN,96.14,True,single_price_evidence,https://caau.syd1.cdn.digitaloceanspaces.com/wp-content/uploads/catalogue/coles/coles-catalogue-april-2-8-2025-vic-metro/15.jpg,https://www.catalogueau.com/coles/#catalogue=coles/coles-catalogue-april-2-8-2025-vic-metro/,displayed_price,displayed_price,1,review
Coles,VIC METRO,"Coles Catalogue April 2 - 8, 2025 VIC METRO",2025-04-02,2025-04-09,15,Ocean Blue Sliced Smoked Salmon 300g,16.0,19.0,3.0,15.79,save_amount,300g,$53.33 per kg,WASS19 | WASS19 | Ocean Blue Sliced Smoked | Salmon 300g $53.33 per kg. | 2nd week on sale,96.23,True,single_price_evidence,https://caau.syd1.cdn.digitaloceanspaces.com/wp-content/uploads/catalogue/coles/coles-catalogue-april-2-8-2025-vic-metro/15.jpg,https://www.catalogueau.com/coles/#catalogue=coles/coles-catalogue-april-2-8-2025-vic-metro/,unit_price,unit_price,1,review
Coles,VIC METRO,"Coles Catalogue April 2 - 8, 2025 VIC METRO",2025-04-02,2025-04-09,15,Seabounty Fresh Blue Mussels 1kg,8.0,11.0,3.0,27.27,save_amount,1kg,$8.00 per kg,WASS11 | WASS11 | Seabounty Fresh Blue Mussels 1kg | $8.00 per kg. Selected stores only*. | 2nd week on sale,93.7,False,,https://caau.syd1.cdn.digitaloceanspaces.com/wp-content/uploads/catalogue/coles/coles-catalogue-april-2-8-2025-vic-metro/15.jpg,https://www.catalogueau.com/coles/#catalogue=coles/coles-catalogue-april-2-8-2025-vic-metro/,displayed_price,displayed_price;unit_price,2,verified
Coles,VIC METRO,"Coles Catalogue April 2 - 8, 2025 VIC METRO",2025-04-02,2025-04-09,15,Coles Tasmanian Fresh Salmon Portions Skin Off Selected stores,38.0,46.0,8.0,17.39,save_amount,,,WAS $46ig | WAS $46ig | Coles Tasmanian Fresh Salmon | Portions Skin Off Selected stores | only*. On sale for 2 weeks. | Product sold uncooked,96.36,True,single_price_evidence,https://caau.syd1.cdn.digitaloceanspaces.com/wp-content/uploads/catalogue/coles/coles-catalogue-april-2-8-2025-vic-metro/15.jpg,https://www.catalogueau.com/coles/#catalogue=coles/coles-catalogue-april-2-8-2025-vic-metro/,displayed_price,displayed_price,1,review
Coles,VIC METRO,"Coles Catalogue April 2 - 8, 2025 VIC METRO",2025-04-02,2025-04-09,15,Coles Raw Peeled Prawns 260g,12.5,,,,special,260g,$48.08 per kg,Coles Raw Peeled Prawns 260g | $48.08 per kg. | From the Meat department,96.3,False,,https://caau.syd1.cdn.digitaloceanspaces.com/wp-content/uploads/catalogue/coles/coles-catalogue-april-2-8-2025-vic-metro/15.jpg,https://www.catalogueau.com/coles/#catalogue=coles/coles-catalogue-april-2-8-2025-vic-metro/,displayed_price,displayed_price;unit_price,2,verified
Coles,VIC METRO,"Coles Catalogue April 2 - 8, 2025 VIC METRO",2025-04-02,2025-04-09,15,1&J Salmon Fillets Skin On or Skin Off 500g,20.0,,,,special,500g,$40.00 per kg,1&J Salmon Fillets Skin On | or Skin Off 500g $40.00 per kg | al Pe irs,95.92,False,,https://caau.syd1.cdn.digitaloceanspaces.com/wp-content/uploads/catalogue/coles/coles-catalogue-april-2-8-2025-vic-metro/15.jpg,https://www.catalogueau.com/coles/#catalogue=coles/coles-catalogue-april-2-8-2025-vic-metro/,displayed_price,displayed_price;unit_price,2,verified
Coles,VIC METRO,"Coles Catalogue April 2 - 8, 2025 VIC METRO",2025-04-02,2025-04-09,16,Don Ham Off the Bone Selected stores only*,29.0,35.0,6.0,17.14,save_amount,,,WAS $35iq | WAS $35iq | Don Ham Off the Bone | Selected stores only* | $240 | & | PER,95.3,True,single_price_evidence,https://caau.syd1.cdn.digitaloceanspaces.com/wp-content/uploads/catalogue/coles/coles-catalogue-april-2-8-2025-vic-metro/16.jpg,https://www.catalogueau.com/coles/#catalogue=coles/coles-catalogue-april-2-8-2025-vic-metro/,displayed_price,displayed_price,1,review
Coles,VIC METRO,"Coles Catalogue April 2 - 8, 2025 VIC METRO",2025-04-02,2025-04-09,16,Coles RSPCA BBQ Roasted Chicken Breast Selected stores only*,3.25,28.14,24.89,88.45,save_amount,,,Coles RSPCA BBQ Roasted | Chicken Breast Selected stores only* | — | $320,93.69,True,offer_labels_missing;single_price_evidence,https://caau.syd1.cdn.digitaloceanspaces.com/wp-content/uploads/catalogue/coles/coles-catalogue-april-2-8-2025-vic-metro/16.jpg,https://www.catalogueau.com/coles/#catalogue=coles/coles-catalogue-april-2-8-2025-vic-metro/,unknown,,0,review
Coles,VIC METRO,"Coles Catalogue April 2 - 8, 2025 VIC METRO",2025-04-02,2025-04-09,16,Primo Cocktail Frankfurts Selected stores only*,7.0,9.5,2.5,26.32,save_amount,,,WAS$9.50iq | WAS$9.50iq | Primo Cocktail Frankfurts | Selected stores only* | LS,93.66,True,single_price_evidence,https://caau.syd1.cdn.digitaloceanspaces.com/wp-content/uploads/catalogue/coles/coles-catalogue-april-2-8-2025-vic-metro/16.jpg,https://www.catalogueau.com/coles/#catalogue=coles/coles-catalogue-april-2-8-2025-vic-metro/,displayed_price,displayed_price,1,review
Coles,VIC METRO,"Coles Catalogue April 2 - 8, 2025 VIC METRO",2025-04-02,2025-04-09,16,Don Kabana Selected stores only*,2.2,4.5,2.3,51.11,save_amount,,,Don Kabana | Selected stores only* | saa | CASTELLO,92.18,True,offer_labels_missing;single_price_evidence,https://caau.syd1.cdn.digitaloceanspaces.com/wp-content/uploads/catalogue/coles/coles-catalogue-april-2-8-2025-vic-metro/16.jpg,https://www.catalogueau.com/coles/#catalogue=coles/coles-catalogue-april-2-8-2025-vic-metro/,unknown,,0,review
Coles,VIC METRO,"Coles Catalogue April 2 - 8, 2025 VIC METRO",2025-04-02,2025-04-09,16,Jarlsberg Swiss Sliced Cheese Selected stores only*,32.0,38.0,6.0,15.79,save_amount,,,WASS38ig | WASS38ig | Jarlsberg Swiss Sliced Cheese | Selected stores only*,94.41,True,single_price_evidence,https://caau.syd1.cdn.digitaloceanspaces.com/wp-content/uploads/catalogue/coles/coles-catalogue-april-2-8-2025-vic-metro/16.jpg,https://www.catalogueau.com/coles/#catalogue=coles/coles-catalogue-april-2-8-2025-vic-metro/,displayed_price,displayed_price,1,review
Coles,VIC METRO,"Coles Catalogue April 2 - 8, 2025 VIC METRO",2025-04-02,2025-04-09,16,Don Sliced Meat 160g-200g _,5.0,6.6,1.6,24.24,save_amount,160g; 200g,,WASS6.60 | WASS6.60 | Don Sliced Meat 160g-200g | _ | Sy | $] 45,47.29,True,low_ocr_confidence;low_name_confidence_strict;single_price_evidence,https://caau.syd1.cdn.digitaloceanspaces.com/wp-content/uploads/catalogue/coles/coles-catalogue-april-2-8-2025-vic-metro/16.jpg,https://www.catalogueau.com/coles/#catalogue=coles/coles-catalogue-april-2-8-2025-vic-metro/,displayed_price,displayed_price,1,review
Coles,VIC METRO,"Coles Catalogue April 2 - 8, 2025 VIC METRO",2025-04-02,2025-04-09,16,Primo Middle Bacon Selected stores only*,14.2,19.0,4.8,25.26,save_amount,,,Primo Middle Bacon | Selected stores only*. | Product sold uncooked,95.21,True,offer_labels_missing;single_price_evidence,https://caau.syd1.cdn.digitaloceanspaces.com/wp-content/uploads/catalogue/coles/coles-catalogue-april-2-8-2025-vic-metro/16.jpg,https://www.catalogueau.com/coles/#catalogue=coles/coles-catalogue-april-2-8-2025-vic-metro/,unknown,,0,review
Coles,VIC METRO,"Coles Catalogue April 2 - 8, 2025 VIC METRO",2025-04-02,2025-04-09,16,Castello Half Moon Cheese 150g,6.25,,,,special,150g,$41.67 per kg,Castello Half Moon Cheese | 150g $41.67 per kg | or,95.12,True,offer_labels_missing;save_amount_missing;regular_price_missing;inferred_price_requires_review,https://caau.syd1.cdn.digitaloceanspaces.com/wp-content/uploads/catalogue/coles/coles-catalogue-april-2-8-2025-vic-metro/16.jpg,https://www.catalogueau.com/coles/#catalogue=coles/coles-catalogue-april-2-8-2025-vic-metro/,unit_price,grid_inference;unit_price,1,review
Coles,VIC METRO,"Coles Catalogue April 2 - 8, 2025 VIC METRO",2025-04-02,2025-04-09,17,Tip Top Raisin Toast 520g-600g 2nd week,4.5,5.5,1.0,18.18,save_amount,520g; 600g,,WASS$5.50 | WASS$5.50 | Tip Top Raisin Toast 520g-600g | 2nd week on sale | — | =] | a,95.06,True,single_price_evidence,https://caau.syd1.cdn.digitaloceanspaces.com/wp-content/uploads/catalogue/coles/coles-catalogue-april-2-8-2025-vic-metro/17.jpg,https://www.catalogueau.com/coles/#catalogue=coles/coles-catalogue-april-2-8-2025-vic-metro/,displayed_price,displayed_price,1,review
Coles,VIC METRO,"Coles Catalogue April 2 - 8, 2025 VIC METRO",2025-04-02,2025-04-09,17,Coles Bakery Cinnamon Donuts 6 Pack,2.5,2.8,0.3,10.71,save_amount,6 Pack,$0.42 per each,‘WAS$2.80 | ‘WAS$2.80 | Coles Bakery Cinnamon Donuts | 6 Pack $0.42 per each | Selected stores only,96.39,True,single_price_evidence,https://caau.syd1.cdn.digitaloceanspaces.com/wp-content/uploads/catalogue/coles/coles-catalogue-april-2-8-2025-vic-metro/17.jpg,https://www.catalogueau.com/coles/#catalogue=coles/coles-catalogue-april-2-8-2025-vic-metro/,unit_price,unit_price,1,review
Coles,VIC METRO,"Coles Catalogue April 2 - 8, 2025 VIC METRO",2025-04-02,2025-04-09,17,Coles Bakery Custard Tarts 2 Pack or Mini Custard Tarts 6 Pack,5.0,5.85,0.85,14.53,save_amount,2 Pack; 6 Pack,,WASS5.85 | WASS5.85 | Coles Bakery Custard Tarts 2 Pack | or Mini Custard Tarts 6 Pack | Selected stores only,96.23,True,single_price_evidence,https://caau.syd1.cdn.digitaloceanspaces.com/wp-content/uploads/catalogue/coles/coles-catalogue-april-2-8-2025-vic-metro/17.jpg,https://www.catalogueau.com/coles/#catalogue=coles/coles-catalogue-april-2-8-2025-vic-metro/,displayed_price,displayed_price,1,review
Coles,VIC METRO,"Coles Catalogue April 2 - 8, 2025 VIC METRO",2025-04-02,2025-04-09,17,Golden Crumpet Rounds 6 Pack 300g,2.49,,,,special,6 Pack; 300g,$0.83 per 100g,Golden Crumpet Rounds 6 Pack | 300g $0.83 per 100g | E],96.42,True,offer_labels_missing;save_amount_missing;regular_price_missing;inferred_price_requires_review,https://caau.syd1.cdn.digitaloceanspaces.com/wp-content/uploads/catalogue/coles/coles-catalogue-april-2-8-2025-vic-metro/17.jpg,https://www.catalogueau.com/coles/#catalogue=coles/coles-catalogue-april-2-8-2025-vic-metro/,unit_price,grid_inference;unit_price,1,review
Coles,VIC METRO,"Coles Catalogue April 2 - 8, 2025 VIC METRO",2025-04-02,2025-04-09,17,Coles Bakery Soft Wraps 8 Pack 360g,2.4,,,,special,8 Pack; 360g,$0.67 per 100g,Coles Bakery Soft Wraps 8 Pack | 360g $0.67 per 100g,96.65,True,single_price_evidence,https://caau.syd1.cdn.digitaloceanspaces.com/wp-content/uploads/catalogue/coles/coles-catalogue-april-2-8-2025-vic-metro/17.jpg,https://www.catalogueau.com/coles/#catalogue=coles/coles-catalogue-april-2-8-2025-vic-metro/,unit_price,unit_price,1,review
Coles,VIC METRO,"Coles Catalogue April 2 - 8, 2025 VIC METRO",2025-04-02,2025-04-09,17,Coles Muffin Bars 10 Pack 420g,5.9,,,,special,10 Pack; 420g,$1.40 per 100g,Coles Muffin Bars 10 Pack 420g | $1.40 per 100g,96.43,False,,https://caau.syd1.cdn.digitaloceanspaces.com/wp-content/uploads/catalogue/coles/coles-catalogue-april-2-8-2025-vic-metro/17.jpg,https://www.catalogueau.com/coles/#catalogue=coles/coles-catalogue-april-2-8-2025-vic-metro/,displayed_price,displayed_price;unit_price,2,verified
Coles,VIC METRO,"Coles Catalogue April 2 - 8, 2025 VIC METRO",2025-04-02,2025-04-09,17,Coles Bakery Cheesy Vegemite Scroll,75.0,,,,special,,,Coles Bakery Cheesy | Vegemite Scroll,96.49,True,offer_labels_missing;save_amount_missing;regular_price_missing;single_price_evidence,https://caau.syd1.cdn.digitaloceanspaces.com/wp-content/uploads/catalogue/coles/coles-catalogue-april-2-8-2025-vic-metro/17.jpg,https://www.catalogueau.com/coles/#catalogue=coles/coles-catalogue-april-2-8-2025-vic-metro/,displayed_price,displayed_price,1,review
Coles,VIC METRO,"Coles Catalogue April 2 - 8, 2025 VIC METRO",2025-04-02,2025-04-09,18,On bakery thi,4.0,,,,special,,,On bakery | thi | S week at Coles | View dotaits | ue | ),78.74,True,offer_labels_missing;save_amount_missing;regular_price_missing;low_name_confidence_strict;single_price_evidence,https://caau.syd1.cdn.digitaloceanspaces.com/wp-content/uploads/catalogue/coles/coles-catalogue-april-2-8-2025-vic-metro/18.jpg,https://www.catalogueau.com/coles/#catalogue=coles/coles-catalogue-april-2-8-2025-vic-metro/,displayed_price,displayed_price,1,review
Coles,VIC METRO,"Coles Catalogue April 2 - 8, 2025 VIC METRO",2025-04-02,2025-04-09,19,Lindt Easter Egg Medley Bag 415g or Lindt Assorted Easter Egg Bag 417g While stocks,20.0,40.0,20.0,50.0,half_price,415g; 417g,,SAVE‘20 | WAS$40 | Lindt Easter Egg Medley Bag | 415g or Lindt Assorted Easter | Egg Bag 417g While stocks | last. No rainchecks,96.25,False,,https://caau.syd1.cdn.digitaloceanspaces.com/wp-content/uploads/catalogue/coles/coles-catalogue-april-2-8-2025-vic-metro/19.jpg,https://www.catalogueau.com/coles/#catalogue=coles/coles-catalogue-april-2-8-2025-vic-metro/,save_was_arithmetic,displayed_price;save_was_arithmetic,2,verified
Coles,VIC METRO,"Coles Catalogue April 2 - 8, 2025 VIC METRO",2025-04-02,2025-04-09,19,Cadbury Favourites Ultimate Share 820g,16.0,32.0,16.0,50.0,half_price,820g,$1.95 per 100g,SAVES16 | WAS$32 | Cadbury Favourites Ultimate | Share 820g $1.95 per 100g,96.19,False,,https://caau.syd1.cdn.digitaloceanspaces.com/wp-content/uploads/catalogue/coles/coles-catalogue-april-2-8-2025-vic-metro/19.jpg,https://www.catalogueau.com/coles/#catalogue=coles/coles-catalogue-april-2-8-2025-vic-metro/,save_was_arithmetic,displayed_price;save_was_arithmetic;unit_price,3,verified
Coles,VIC METRO,"Coles Catalogue April 2 - 8, 2025 VIC METRO",2025-04-02,2025-04-09,19,Lindt Cornet Gift Box 327g-333g,17.0,34.0,17.0,50.0,half_price,327g; 333g,,SAVES17 | WAS$34 | Lindt Cornet Gift Box | 327g-333g | fea | i ¢,79.0,True,low_name_confidence_strict,https://caau.syd1.cdn.digitaloceanspaces.com/wp-content/uploads/catalogue/coles/coles-catalogue-april-2-8-2025-vic-metro/19.jpg,https://www.catalogueau.com/coles/#catalogue=coles/coles-catalogue-april-2-8-2025-vic-metro/,save_was_arithmetic,displayed_price;save_was_arithmetic,2,review
Coles,VIC METRO,"Coles Catalogue April 2 - 8, 2025 VIC METRO",2025-04-02,2025-04-09,19,Cadbury Easter Eggs 110g-125g or Nestlé Mini Eggs 81g-90g or Mars Speckled Eggs 130g-150g,9.0,10.0,1.0,10.0,save_amount,110g; 125g; 81g; 90g; 130g; 150g,,SAVE ‘1 | Cadbury Easter Eggs 110g-125g | or Nestlé Mini Eggs 81g-90g or | Mars Speckled Eggs 130g-150g | 2nd week on sale,93.73,True,single_price_evidence,https://caau.syd1.cdn.digitaloceanspaces.com/wp-content/uploads/catalogue/coles/coles-catalogue-april-2-8-2025-vic-metro/19.jpg,https://www.catalogueau.com/coles/#catalogue=coles/coles-catalogue-april-2-8-2025-vic-metro/,displayed_price,displayed_price,1,review
Coles,VIC METRO,"Coles Catalogue April 2 - 8, 2025 VIC METRO",2025-04-02,2025-04-09,19,Darrell Lea Easter Bunny 160g-170g,5.0,8.0,3.0,37.5,save_amount,160g; 170g,,SAVE’3 | WASS8 | Darrell Lea Easter Bunny | 160g-170g,79.0,True,low_name_confidence_strict,https://caau.syd1.cdn.digitaloceanspaces.com/wp-content/uploads/catalogue/coles/coles-catalogue-april-2-8-2025-vic-metro/19.jpg,https://www.catalogueau.com/coles/#catalogue=coles/coles-catalogue-april-2-8-2025-vic-metro/,save_was_arithmetic,displayed_price;save_was_arithmetic,2,review
Coles,VIC METRO,"Coles Catalogue April 2 - 8, 2025 VIC METRO",2025-04-02,2025-04-09,19,Red Tulip Elegant Rabbit 200g,6.0,9.0,3.0,33.33,save_amount,200g,$3.00 per 100g,SAVES3 | Red Tulip Elegant Rabbit 200g | $3.00 per 100g | SS ae we,96.57,False,,https://caau.syd1.cdn.digitaloceanspaces.com/wp-content/uploads/catalogue/coles/coles-catalogue-april-2-8-2025-vic-metro/19.jpg,https://www.catalogueau.com/coles/#catalogue=coles/coles-catalogue-april-2-8-2025-vic-metro/,displayed_price,displayed_price;unit_price,2,verified
Coles,VIC METRO,"Coles Catalogue April 2 - 8, 2025 VIC METRO",2025-04-02,2025-04-09,19,Cadbury Dairy Milk Chocolate Easter Egg Hunt Carton 306g,8.0,13.5,5.5,40.74,save_amount,306g,$2.61 per 100g,SAVES5.50 | WASS$13.50 | Cadbury Dairy Milk | Chocolate Easter Egg | Hunt Carton 306g | $2.61 per 100g | While stocks last. No rainchecks,79.0,True,low_name_confidence_strict,https://caau.syd1.cdn.digitaloceanspaces.com/wp-content/uploads/catalogue/coles/coles-catalogue-april-2-8-2025-vic-metro/19.jpg,https://www.catalogueau.com/coles/#catalogue=coles/coles-catalogue-april-2-8-2025-vic-metro/,save_was_arithmetic,displayed_price;save_was_arithmetic;unit_price,3,review
Coles,VIC METRO,"Coles Catalogue April 2 - 8, 2025 VIC METRO",2025-04-02,2025-04-09,19,Lindt Gold Bunny 200g,12.5,,,,special,200g,$6.25 per 100g,SAVE: sBip0 | Lindt Gold Bunny 200g | $6.25 per 100g,96.47,True,save_amount_missing;regular_price_missing;single_price_evidence,https://caau.syd1.cdn.digitaloceanspaces.com/wp-content/uploads/catalogue/coles/coles-catalogue-april-2-8-2025-vic-metro/19.jpg,https://www.catalogueau.com/coles/#catalogue=coles/coles-catalogue-april-2-8-2025-vic-metro/,unit_price,unit_price,1,review
Coles,VIC METRO,"Coles Catalogue April 2 - 8, 2025 VIC METRO",2025-04-02,2025-04-09,19,Cadbury Dairy Milk Chocolate Easter Egg Gift Box 153g-172g,9.0,12.0,3.0,25.0,save_amount,153g; 172g,,SAVES3 | WASS12 | Cadbury Dairy Milk | Chocolate Easter Egg | Gift Box 153g-172g | While stocks last. No rainchecks | 19,95.1,False,,https://caau.syd1.cdn.digitaloceanspaces.com/wp-content/uploads/catalogue/coles/coles-catalogue-april-2-8-2025-vic-metro/19.jpg,https://www.catalogueau.com/coles/#catalogue=coles/coles-catalogue-april-2-8-2025-vic-metro/,save_was_arithmetic,displayed_price;save_was_arithmetic,2,verified
Coles,VIC METRO,"Coles Catalogue April 2 - 8, 2025 VIC METRO",2025-04-02,2025-04-09,20,Arnott's Savoy Mini Crackers 170g,2.0,4.0,2.0,50.0,half_price,170g,$1.18 per 100g,SAVE %2 | WASS$4 | Arnott's Savoy Mini Crackers 170g | $1.18 | $1.18 per 100g | =,94.65,False,,https://caau.syd1.cdn.digitaloceanspaces.com/wp-content/uploads/catalogue/coles/coles-catalogue-april-2-8-2025-vic-metro/20.jpg,https://www.catalogueau.com/coles/#catalogue=coles/coles-catalogue-april-2-8-2025-vic-metro/,save_was_arithmetic,displayed_price;save_was_arithmetic;unit_price,3,verified
Coles,VIC METRO,"Coles Catalogue April 2 - 8, 2025 VIC METRO",2025-04-02,2025-04-09,20,Cobs Sour Cream & Chives Popcorn 100g,2.1,3.5,1.4,40.0,save_amount,100g,$2.10 per 100g,SAVE51.40 | WASS3.50 | Cobs Sour Cream & Chives Popcorn 100g | $2.10 per 100g | y | =<,95.23,False,,https://caau.syd1.cdn.digitaloceanspaces.com/wp-content/uploads/catalogue/coles/coles-catalogue-april-2-8-2025-vic-metro/20.jpg,https://www.catalogueau.com/coles/#catalogue=coles/coles-catalogue-april-2-8-2025-vic-metro/,displayed_price,displayed_price;unit_price,2,verified
Coles,VIC METRO,"Coles Catalogue April 2 - 8, 2025 VIC METRO",2025-04-02,2025-04-09,20,Doritos Guacamole Corn Chips 150g,3.5,5.0,1.5,30.0,save_amount,150g,$2.33 per 100g,SAVE*1.50 | WASS | Doritos Guacamole Corn Chips | 150g $2.33 per 100g,96.42,False,,https://caau.syd1.cdn.digitaloceanspaces.com/wp-content/uploads/catalogue/coles/coles-catalogue-april-2-8-2025-vic-metro/20.jpg,https://www.catalogueau.com/coles/#catalogue=coles/coles-catalogue-april-2-8-2025-vic-metro/,displayed_price,displayed_price;unit_price,2,verified
Coles,VIC METRO,"Coles Catalogue April 2 - 8, 2025 VIC METRO",2025-04-02,2025-04-09,20,Maltesers Raspberry 120g,4.2,6.0,1.8,30.0,save_amount,120g,$3.50 per 100g,SAVE*1.80 | Maltesers Raspberry 120g | $3.50 per 100g,94.11,False,,https://caau.syd1.cdn.digitaloceanspaces.com/wp-content/uploads/catalogue/coles/coles-catalogue-april-2-8-2025-vic-metro/20.jpg,https://www.catalogueau.com/coles/#catalogue=coles/coles-catalogue-april-2-8-2025-vic-metro/,displayed_price,displayed_price;unit_price,2,verified
Coles,VIC METRO,"Coles Catalogue April 2 - 8, 2025 VIC METRO",2025-04-02,2025-04-09,20,Nestlé Neapolitan Block Chocolate 160g,4.5,57.0,52.5,92.11,save_amount,160g,$2.81 per 100g,SAVE52.50 | Nestlé Neapolitan Block | Chocolate 160g $2.81 per 100g,95.76,True,single_price_evidence,https://caau.syd1.cdn.digitaloceanspaces.com/wp-content/uploads/catalogue/coles/coles-catalogue-april-2-8-2025-vic-metro/20.jpg,https://www.catalogueau.com/coles/#catalogue=coles/coles-catalogue-april-2-8-2025-vic-metro/,unit_price,unit_price,1,review
Coles,VIC METRO,"Coles Catalogue April 2 - 8, 2025 VIC METRO",2025-04-02,2025-04-09,20,Allen's Lollies 140g-200g VIC-METRO-0204-25-349503,50.0,51.5,1.5,2.91,save_amount,140g; 200g,,SAVE 51.50 | WASS. | Allen's Lollies 140g-200g | VIC-METRO-0204-25-349503,91.39,True,single_price_evidence,https://caau.syd1.cdn.digitaloceanspaces.com/wp-content/uploads/catalogue/coles/coles-catalogue-april-2-8-2025-vic-metro/20.jpg,https://www.catalogueau.com/coles/#catalogue=coles/coles-catalogue-april-2-8-2025-vic-metro/,displayed_price,displayed_price,1,review
Coles,VIC METRO,"Coles Catalogue April 2 - 8, 2025 VIC METRO",2025-04-02,2025-04-09,20,Cadbury Sharepacks 120g-180g or Cadbury Old Gold Block Chocolate 170g-180g,90.0,92.1,2.1,2.28,save_amount,120g; 180g; 170g,,SAVES2.10 | WASS | Cadbury Sharepacks 120g-180g | or Cadbury Old Gold Block | Chocolate 170g-180g | 20,93.71,True,single_price_evidence,https://caau.syd1.cdn.digitaloceanspaces.com/wp-content/uploads/catalogue/coles/coles-catalogue-april-2-8-2025-vic-metro/20.jpg,https://www.catalogueau.com/coles/#catalogue=coles/coles-catalogue-april-2-8-2025-vic-metro/,displayed_price,displayed_price,1,review
Coles,VIC METRO,"Coles Catalogue April 2 - 8, 2025 VIC METRO",2025-04-02,2025-04-09,20,Cadbury Dairy Milk Block Chocolate 150g-190g,8.0,14.0,6.0,42.86,save_amount,150g; 190g,,SAVE %6 | Cadbury Dairy Milk Block | Chocolate 150g-190g,94.38,True,single_price_evidence,https://caau.syd1.cdn.digitaloceanspaces.com/wp-content/uploads/catalogue/coles/coles-catalogue-april-2-8-2025-vic-metro/20.jpg,https://www.catalogueau.com/coles/#catalogue=coles/coles-catalogue-april-2-8-2025-vic-metro/,displayed_price,displayed_price,1,review
Coles,VIC METRO,"Coles Catalogue April 2 - 8, 2025 VIC METRO",2025-04-02,2025-04-09,21,Lipton Ice Tea 1.5 Litre,3.6,6.0,2.4,40.0,save_amount,1.5 Litre,$2.40 per litre,‘WASS6 | ‘WASS6 | MAR 2025 | Lipton Ice Tea 1.5 Litre | $2.40 per litre | Nene | 0%? | g,95.72,False,,https://caau.syd1.cdn.digitaloceanspaces.com/wp-content/uploads/catalogue/coles/coles-catalogue-april-2-8-2025-vic-metro/21.jpg,https://www.catalogueau.com/coles/#catalogue=coles/coles-catalogue-april-2-8-2025-vic-metro/,displayed_price,displayed_price;unit_price,2,verified
Coles,VIC METRO,"Coles Catalogue April 2 - 8, 2025 VIC METRO",2025-04-02,2025-04-09,21,Golden Circle Apple or Mango Nectar Juice,2.7,4.0,1.3,32.5,save_amount,,$1.75 per litre,SAVE‘1.30 | ‘WASS4. | Golden Circle Apple | or Mango Nectar Juice | 2 Litre $1.75 per litre,95.66,True,single_price_evidence,https://caau.syd1.cdn.digitaloceanspaces.com/wp-content/uploads/catalogue/coles/coles-catalogue-april-2-8-2025-vic-metro/21.jpg,https://www.catalogueau.com/coles/#catalogue=coles/coles-catalogue-april-2-8-2025-vic-metro/,save_was_arithmetic,save_was_arithmetic,1,review
Coles,VIC METRO,"Coles Catalogue April 2 - 8, 2025 VIC METRO",2025-04-02,2025-04-09,21,V8 Juice 1.25 Litre,3.85,5.5,1.65,30.0,save_amount,1.25 Litre,$3.08 per litre,SAVE51.65 | WASS5.50 | V8 Juice 1.25 Litre | $3.08 per litre | ieee | fai,96.03,True,single_price_evidence,https://caau.syd1.cdn.digitaloceanspaces.com/wp-content/uploads/catalogue/coles/coles-catalogue-april-2-8-2025-vic-metro/21.jpg,https://www.catalogueau.com/coles/#catalogue=coles/coles-catalogue-april-2-8-2025-vic-metro/,unit_price,unit_price,1,review
Coles,VIC METRO,"Coles Catalogue April 2 - 8, 2025 VIC METRO",2025-04-02,2025-04-09,21,Ocean Spray Fruit Drink 1.5 Litre,5.0,6.4,1.4,21.87,save_amount,1.5 Litre,$3.33 per litre,SAVES1.40 | ‘WAS$6.40 | Ocean Spray Fruit Drink | 1.5 Litre $3.33 per litre,95.9,False,,https://caau.syd1.cdn.digitaloceanspaces.com/wp-content/uploads/catalogue/coles/coles-catalogue-april-2-8-2025-vic-metro/21.jpg,https://www.catalogueau.com/coles/#catalogue=coles/coles-catalogue-april-2-8-2025-vic-metro/,save_was_arithmetic,displayed_price;save_was_arithmetic;unit_price,3,verified
Coles,VIC METRO,"Coles Catalogue April 2 - 8, 2025 VIC METRO",2025-04-02,2025-04-09,21,Peckish White Rice Crackers 90:,1.5,2.5,1.0,40.0,save_amount,,$1.67 per 100g,SAVES1 | WASS2.50 | Peckish White Rice | Crackers 90: | $1.67 per 100g | VIC-METRO-0204-25-349503,95.74,False,,https://caau.syd1.cdn.digitaloceanspaces.com/wp-content/uploads/catalogue/coles/coles-catalogue-april-2-8-2025-vic-metro/21.jpg,https://www.catalogueau.com/coles/#catalogue=coles/coles-catalogue-april-2-8-2025-vic-metro/,save_was_arithmetic,displayed_price;save_was_arithmetic,2,verified
Coles,VIC METRO,"Coles Catalogue April 2 - 8, 2025 VIC METRO",2025-04-02,2025-04-09,21,Cheezels 6 Pack 114g or CC's Corn Chips 175g,7.0,9.0,2.0,22.22,save_amount,6 Pack; 114g; 175g,,SAVE $2 | Cheezels 6 Pack 114g | or CC's Corn Chips | 175g | 21,94.61,True,single_price_evidence,https://caau.syd1.cdn.digitaloceanspaces.com/wp-content/uploads/catalogue/coles/coles-catalogue-april-2-8-2025-vic-metro/21.jpg,https://www.catalogueau.com/coles/#catalogue=coles/coles-catalogue-april-2-8-2025-vic-metro/,displayed_price,displayed_price,1,review
Coles,VIC METRO,"Coles Catalogue April 2 - 8, 2025 VIC METRO",2025-04-02,2025-04-09,21,Arnott's Tim Tam or Mint Slice Biscuits 165g-200g,8.0,11.0,3.0,27.27,save_amount,165g; 200g,,SAVE %3 | Arnott's Tim Tam or | Mint Slice Biscuits | 165g-200g | 21,93.44,True,single_price_evidence,https://caau.syd1.cdn.digitaloceanspaces.com/wp-content/uploads/catalogue/coles/coles-catalogue-april-2-8-2025-vic-metro/21.jpg,https://www.catalogueau.com/coles/#catalogue=coles/coles-catalogue-april-2-8-2025-vic-metro/,displayed_price,displayed_price,1,review
Coles,VIC METRO,"Coles Catalogue April 2 - 8, 2025 VIC METRO",2025-04-02,2025-04-09,21,Bundaberg Brewed Soft Drink 4x375mL,11.0,15.4,4.4,28.57,save_amount,4x375mL,$3.67 per litre,SAVE%4.40 | Bundaberg Brewed | Soft Drink 4x375mL | $3.67 per litre,94.79,True,unit_price_conflict;single_price_evidence,https://caau.syd1.cdn.digitaloceanspaces.com/wp-content/uploads/catalogue/coles/coles-catalogue-april-2-8-2025-vic-metro/21.jpg,https://www.catalogueau.com/coles/#catalogue=coles/coles-catalogue-april-2-8-2025-vic-metro/,displayed_price,displayed_price,1,review
Coles,VIC METRO,"Coles Catalogue April 2 - 8, 2025 VIC METRO",2025-04-02,2025-04-09,21,Remedy Sodaly 4x250mL,5.6,,,,special,4x250mL,$5.60 per litre,Remedy Sodaly | 4x250mL $5.60 per litre | LS | Mee,93.49,False,,https://caau.syd1.cdn.digitaloceanspaces.com/wp-content/uploads/catalogue/coles/coles-catalogue-april-2-8-2025-vic-metro/21.jpg,https://www.catalogueau.com/coles/#catalogue=coles/coles-catalogue-april-2-8-2025-vic-metro/,displayed_price,displayed_price;unit_price,2,verified
Coles,VIC METRO,"Coles Catalogue April 2 - 8, 2025 VIC METRO",2025-04-02,2025-04-09,21,Sodastream PepsiCo Soda Mix 440mL,3.5,,,,special,440mL,$7.95 per litre,Sodastream PepsiCo Soda Mix 440mL | $7.95 per litre,93.71,False,,https://caau.syd1.cdn.digitaloceanspaces.com/wp-content/uploads/catalogue/coles/coles-catalogue-april-2-8-2025-vic-metro/21.jpg,https://www.catalogueau.com/coles/#catalogue=coles/coles-catalogue-april-2-8-2025-vic-metro/,displayed_price,displayed_price;unit_price,2,verified
Coles,VIC METRO,"Coles Catalogue April 2 - 8, 2025 VIC METRO",2025-04-02,2025-04-09,22,Kirks Soft Drink 1.25 Litre,1.7,2.85,1.15,40.35,save_amount,1.25 Litre,$1.36 per litre,SAVE 51.15 | WAS $2.85 | Kirks Soft Drink 1.25 Litre | $1.36 per litre | = Opi,95.64,False,,https://caau.syd1.cdn.digitaloceanspaces.com/wp-content/uploads/catalogue/coles/coles-catalogue-april-2-8-2025-vic-metro/22.jpg,https://www.catalogueau.com/coles/#catalogue=coles/coles-catalogue-april-2-8-2025-vic-metro/,save_was_arithmetic,save_was_arithmetic;unit_price,2,verified
Coles,VIC METRO,"Coles Catalogue April 2 - 8, 2025 VIC METRO",2025-04-02,2025-04-09,22,Pepsi or Solo Soft Drink 1.25 Litre,2.0,3.5,1.5,42.86,save_amount,1.25 Litre,$1.60 per litre,SAVE51.50 | WAS$3.50 | Pepsi or Solo Soft Drink 1.25 Litre | $1.60 per litre,96.12,False,,https://caau.syd1.cdn.digitaloceanspaces.com/wp-content/uploads/catalogue/coles/coles-catalogue-april-2-8-2025-vic-metro/22.jpg,https://www.catalogueau.com/coles/#catalogue=coles/coles-catalogue-april-2-8-2025-vic-metro/,displayed_price,displayed_price;unit_price,2,verified
Coles,VIC METRO,"Coles Catalogue April 2 - 8, 2025 VIC METRO",2025-04-02,2025-04-09,22,Powerade Sports Drink or Active Water 600mL,2.6,4.4,1.8,40.91,save_amount,600mL,$4.33 per litre,SAVE*1.80 | WAS $4.40 | Powerade Sports Drink | or Active Water 600mL | $4.33 per litre,95.56,False,,https://caau.syd1.cdn.digitaloceanspaces.com/wp-content/uploads/catalogue/coles/coles-catalogue-april-2-8-2025-vic-metro/22.jpg,https://www.catalogueau.com/coles/#catalogue=coles/coles-catalogue-april-2-8-2025-vic-metro/,save_was_arithmetic,save_was_arithmetic;unit_price,2,verified
Coles,VIC METRO,"Coles Catalogue April 2 - 8, 2025 VIC METRO",2025-04-02,2025-04-09,22,Coca-Cola or Deep Spring Mini Cans 6x250mL,6.0,10.0,4.0,40.0,save_amount,6x250mL,$4.00 per litre,SAVES4 | WASS10 | Coca-Cola or Deep Spring Mini | Cans 6x250mL $4.00 per litre | = | SEES | Se | aa,95.0,False,,https://caau.syd1.cdn.digitaloceanspaces.com/wp-content/uploads/catalogue/coles/coles-catalogue-april-2-8-2025-vic-metro/22.jpg,https://www.catalogueau.com/coles/#catalogue=coles/coles-catalogue-april-2-8-2025-vic-metro/,save_was_arithmetic,displayed_price;save_was_arithmetic;unit_price,3,verified
Coles,VIC METRO,"Coles Catalogue April 2 - 8, 2025 VIC METRO",2025-04-02,2025-04-09,22,Monster Energy Drink 4x500mL,9.6,16.0,6.4,40.0,save_amount,4x500mL,$4.80 per litre,SAVE56.40 | WASSI6 | Monster Energy Drink 4x500mL | $4.80 per litre,94.2,False,,https://caau.syd1.cdn.digitaloceanspaces.com/wp-content/uploads/catalogue/coles/coles-catalogue-april-2-8-2025-vic-metro/22.jpg,https://www.catalogueau.com/coles/#catalogue=coles/coles-catalogue-april-2-8-2025-vic-metro/,displayed_price,displayed_price;unit_price,2,verified
Coles,VIC METRO,"Coles Catalogue April 2 - 8, 2025 VIC METRO",2025-04-02,2025-04-09,22,Red Bull Energy Drink 4x250mL,7.5,12.5,5.0,40.0,save_amount,4x250mL,$7.50 per litre,"WASS12.50 | WASS12.50 | Red Bull Energy Drink 4x250mL | $7.50 per litre | , | Fm | SEES | . k",94.7,False,,https://caau.syd1.cdn.digitaloceanspaces.com/wp-content/uploads/catalogue/coles/coles-catalogue-april-2-8-2025-vic-metro/22.jpg,https://www.catalogueau.com/coles/#catalogue=coles/coles-catalogue-april-2-8-2025-vic-metro/,displayed_price,displayed_price;unit_price,2,verified
Coles,VIC METRO,"Coles Catalogue April 2 - 8, 2025 VIC METRO",2025-04-02,2025-04-09,22,Pepsi or Solo Soft Drink 10x375mL,11.4,19.0,7.6,40.0,save_amount,10x375mL,$3.04 per litre,SAVES7.60 | WAS$19 | Pepsi or Solo Soft Drink | 10x375mL $3.04 per litre | VIC-METRO-0204-25-349503,95.44,False,,https://caau.syd1.cdn.digitaloceanspaces.com/wp-content/uploads/catalogue/coles/coles-catalogue-april-2-8-2025-vic-metro/22.jpg,https://www.catalogueau.com/coles/#catalogue=coles/coles-catalogue-april-2-8-2025-vic-metro/,save_was_arithmetic,displayed_price;save_was_arithmetic;unit_price,3,verified
Coles,VIC METRO,"Coles Catalogue April 2 - 8, 2025 VIC METRO",2025-04-02,2025-04-09,22,"Coca-Cola, Fanta or Sprite Soft Drink 12x300mL",12.0,20.0,8.0,40.0,save_amount,12x300mL,$3.33 per litre,"SAVES8 | WAS$20 | Coca-Cola, Fanta or Sprite | Soft Drink 12x300mL $3.33 per litre | 22",95.42,False,,https://caau.syd1.cdn.digitaloceanspaces.com/wp-content/uploads/catalogue/coles/coles-catalogue-april-2-8-2025-vic-metro/22.jpg,https://www.catalogueau.com/coles/#catalogue=coles/coles-catalogue-april-2-8-2025-vic-metro/,save_was_arithmetic,displayed_price;save_was_arithmetic;unit_price,3,verified
Coles,VIC METRO,"Coles Catalogue April 2 - 8, 2025 VIC METRO",2025-04-02,2025-04-09,22,Coca Cola Soft Drink 24x375mL,24.75,41.25,16.5,40.0,save_amount,24x375mL,$2.75 per litre,SAVES16.50 | WAS$41.25 | Coca Cola Soft Drink | 24x375mL $2.75 per litre,95.49,False,,https://caau.syd1.cdn.digitaloceanspaces.com/wp-content/uploads/catalogue/coles/coles-catalogue-april-2-8-2025-vic-metro/22.jpg,https://www.catalogueau.com/coles/#catalogue=coles/coles-catalogue-april-2-8-2025-vic-metro/,save_was_arithmetic,save_was_arithmetic;unit_price,2,verified
Coles,VIC METRO,"Coles Catalogue April 2 - 8, 2025 VIC METRO",2025-04-02,2025-04-09,23,Moccona Freeze Dried Instant Coffee 400g,19.5,32.5,13.0,40.0,save_amount,400g,$4.88 per 100g,WAS$32.50 | WAS$32.50 | Moccona Freeze Dried | Instant Coffee 400g | $4.88 per 100g,95.7,True,single_price_evidence,https://caau.syd1.cdn.digitaloceanspaces.com/wp-content/uploads/catalogue/coles/coles-catalogue-april-2-8-2025-vic-metro/23.jpg,https://www.catalogueau.com/coles/#catalogue=coles/coles-catalogue-april-2-8-2025-vic-metro/,unit_price,unit_price,1,review
Coles,VIC METRO,"Coles Catalogue April 2 - 8, 2025 VIC METRO",2025-04-02,2025-04-09,23,Lavazza Espresso Barista Coffee Beans 1kg,30.0,50.0,20.0,40.0,save_amount,1kg,$3.00 per 100g,WASS$50 | WASS$50 | Lavazza Espresso Barista | Coffee Beans 1kg | $3.00 per 100g,79.0,True,low_name_confidence_strict,https://caau.syd1.cdn.digitaloceanspaces.com/wp-content/uploads/catalogue/coles/coles-catalogue-april-2-8-2025-vic-metro/23.jpg,https://www.catalogueau.com/coles/#catalogue=coles/coles-catalogue-april-2-8-2025-vic-metro/,displayed_price,displayed_price;unit_price,2,review
Coles,VIC METRO,"Coles Catalogue April 2 - 8, 2025 VIC METRO",2025-04-02,2025-04-09,23,Daley St Coffee Beans 1kg,20.0,35.0,15.0,42.86,save_amount,1kg,$2.00 per 100g,WAS$35 | WAS$35 | Daley St Coffee Beans Ikg | $2.00 per 100g,91.02,False,,https://caau.syd1.cdn.digitaloceanspaces.com/wp-content/uploads/catalogue/coles/coles-catalogue-april-2-8-2025-vic-metro/23.jpg,https://www.catalogueau.com/coles/#catalogue=coles/coles-catalogue-april-2-8-2025-vic-metro/,displayed_price,displayed_price;unit_price,2,verified
Coles,VIC METRO,"Coles Catalogue April 2 - 8, 2025 VIC METRO",2025-04-02,2025-04-09,23,Nestlé Milo Cereal 350g,5.5,7.0,1.5,21.43,save_amount,350g,$1.57 per 100g,WASS7 | WASS7 | Nestlé Milo Cereal 350g | $1.57 per 100g,95.17,False,,https://caau.syd1.cdn.digitaloceanspaces.com/wp-content/uploads/catalogue/coles/coles-catalogue-april-2-8-2025-vic-metro/23.jpg,https://www.catalogueau.com/coles/#catalogue=coles/coles-catalogue-april-2-8-2025-vic-metro/,displayed_price,displayed_price;unit_price,2,verified
Coles,VIC METRO,"Coles Catalogue April 2 - 8, 2025 VIC METRO",2025-04-02,2025-04-09,23,Starbucks Nespresso Compatible Coffee Capsules 10 Pack,6.5,8.7,2.2,25.29,save_amount,10 Pack,$0.65 per each,WAS$8.70 | WAS$8.70 | Starbucks Nespresso | Compatible Coffee | Capsules 10 Pack | $0.65 per each,96.19,False,,https://caau.syd1.cdn.digitaloceanspaces.com/wp-content/uploads/catalogue/coles/coles-catalogue-april-2-8-2025-vic-metro/23.jpg,https://www.catalogueau.com/coles/#catalogue=coles/coles-catalogue-april-2-8-2025-vic-metro/,displayed_price,displayed_price;unit_price,2,verified
Coles,VIC METRO,"Coles Catalogue April 2 - 8, 2025 VIC METRO",2025-04-02,2025-04-09,23,Sanitarium So Good Unsweetened Almond,2.0,2.9,0.9,31.03,save_amount,,$2.00 per litre,WAS$2.90 | WAS$2.90 | Sanitarium So Good | Unsweetened Almond | Milk 1 Litre $2.00 per litre,96.43,True,single_price_evidence,https://caau.syd1.cdn.digitaloceanspaces.com/wp-content/uploads/catalogue/coles/coles-catalogue-april-2-8-2025-vic-metro/23.jpg,https://www.catalogueau.com/coles/#catalogue=coles/coles-catalogue-april-2-8-2025-vic-metro/,displayed_price,displayed_price,1,review
Coles,VIC METRO,"Coles Catalogue April 2 - 8, 2025 VIC METRO",2025-04-02,2025-04-09,23,Robert Timms Coffee Bags 24 Pack-28 Pack,9.45,13.5,4.05,30.0,save_amount,24 Pack; 28 Pack,,WASS13.50 | WASS13.50 | Robert Timms Coffee | Bags 24 Pack-28 Pack,95.62,True,single_price_evidence,https://caau.syd1.cdn.digitaloceanspaces.com/wp-content/uploads/catalogue/coles/coles-catalogue-april-2-8-2025-vic-metro/23.jpg,https://www.catalogueau.com/coles/#catalogue=coles/coles-catalogue-april-2-8-2025-vic-metro/,displayed_price,displayed_price,1,review
Coles,VIC METRO,"Coles Catalogue April 2 - 8, 2025 VIC METRO",2025-04-02,2025-04-09,23,Sanitarium So Good Soy Milk 1 Litre,2.2,,,,special,1 Litre,$2.20 per litre,Sanitarium So Good | Soy Milk 1 Litre | $2.20 per litre | VIC-METRO-0204-25-349503,96.61,False,,https://caau.syd1.cdn.digitaloceanspaces.com/wp-content/uploads/catalogue/coles/coles-catalogue-april-2-8-2025-vic-metro/23.jpg,https://www.catalogueau.com/coles/#catalogue=coles/coles-catalogue-april-2-8-2025-vic-metro/,displayed_price,displayed_price;unit_price,2,verified
Coles,VIC METRO,"Coles Catalogue April 2 - 8, 2025 VIC METRO",2025-04-02,2025-04-09,23,Australia's Own Barista Oat Milk 1 Litre,4.0,,,,special,1 Litre,$4.00 per litre,Australia's Own Barista Oat Milk | 1 Litre $4.00 per litre,95.37,False,,https://caau.syd1.cdn.digitaloceanspaces.com/wp-content/uploads/catalogue/coles/coles-catalogue-april-2-8-2025-vic-metro/23.jpg,https://www.catalogueau.com/coles/#catalogue=coles/coles-catalogue-april-2-8-2025-vic-metro/,displayed_price,displayed_price;unit_price,2,verified
Coles,VIC METRO,"Coles Catalogue April 2 - 8, 2025 VIC METRO",2025-04-02,2025-04-09,23,Leo Coco Belgian Hazelnut & Cocoa Spread 325g,4.5,,,,special,325g,$1.38 per 100g,Leo Coco Belgian Hazelnut | & Cocoa Spread 325g | $1.38 per 100g,96.28,True,single_price_evidence,https://caau.syd1.cdn.digitaloceanspaces.com/wp-content/uploads/catalogue/coles/coles-catalogue-april-2-8-2025-vic-metro/23.jpg,https://www.catalogueau.com/coles/#catalogue=coles/coles-catalogue-april-2-8-2025-vic-metro/,unit_price,unit_price,1,review
Coles,VIC METRO,"Coles Catalogue April 2 - 8, 2025 VIC METRO",2025-04-02,2025-04-09,24,Vitasoy Oat Milky 1 Litre,1.5,3.0,1.5,50.0,half_price,1 Litre,$1.50 per litre,SAVES1.50 | Vitasoy Oat Milky 1 Litre | $1.50 per litre,94.38,True,single_price_evidence,https://caau.syd1.cdn.digitaloceanspaces.com/wp-content/uploads/catalogue/coles/coles-catalogue-april-2-8-2025-vic-metro/24.jpg,https://www.catalogueau.com/coles/#catalogue=coles/coles-catalogue-april-2-8-2025-vic-metro/,unit_price,unit_price,1,review
Coles,VIC METRO,"Coles Catalogue April 2 - 8, 2025 VIC METRO",2025-04-02,2025-04-09,24,Uncle Tobys Bi Bowl Oats Sachets 368g,3.25,6.5,3.25,50.0,half_price,368g,$0.88 per 100g,SAVES3.25 | Uncle Tobys Bi | Bowl Oats | Sachets 368g $0.88 per 100g,94.9,False,,https://caau.syd1.cdn.digitaloceanspaces.com/wp-content/uploads/catalogue/coles/coles-catalogue-april-2-8-2025-vic-metro/24.jpg,https://www.catalogueau.com/coles/#catalogue=coles/coles-catalogue-april-2-8-2025-vic-metro/,displayed_price,displayed_price;unit_price,2,verified
Coles,VIC METRO,"Coles Catalogue April 2 - 8, 2025 VIC METRO",2025-04-02,2025-04-09,24,Kellogg's Nutri Grain Cereal 765g,5.4,10.8,5.4,50.0,half_price,765g,$0.71 per 100g,SAVE*5.40 | ‘WAS$10.80 | Kellogg's Nutri Grain Cereal | 765g $0.71 per 100g | 7,96.18,False,,https://caau.syd1.cdn.digitaloceanspaces.com/wp-content/uploads/catalogue/coles/coles-catalogue-april-2-8-2025-vic-metro/24.jpg,https://www.catalogueau.com/coles/#catalogue=coles/coles-catalogue-april-2-8-2025-vic-metro/,save_was_arithmetic,displayed_price;save_was_arithmetic;unit_price,3,verified
Coles,VIC METRO,"Coles Catalogue April 2 - 8, 2025 VIC METRO",2025-04-02,2025-04-09,24,"Nice & Natural Deluxe, Layered or Active Protein Bars 125g-200g",5.0,6.5,1.5,23.08,save_amount,125g; 200g,,"SAVE51.50 | ‘WAS$6.50 | Nice & Natural Deluxe, Layered | or Active Protein Bars 125g-200g | 12; VALUE PACK | 12 BAR PACK | Ag",95.2,True,single_price_evidence,https://caau.syd1.cdn.digitaloceanspaces.com/wp-content/uploads/catalogue/coles/coles-catalogue-april-2-8-2025-vic-metro/24.jpg,https://www.catalogueau.com/coles/#catalogue=coles/coles-catalogue-april-2-8-2025-vic-metro/,displayed_price,displayed_price,1,review
Coles,VIC METRO,"Coles Catalogue April 2 - 8, 2025 VIC METRO",2025-04-02,2025-04-09,24,Sanitarium Up&Go Liquid Breakfast 3x250mL,4.5,6.5,2.0,30.77,save_amount,3x250mL,$6.00 per litre,WAS$6.50 | WAS$6.50 | Sanitarium Up&Go Liquid | Breakfast 3x250mL $6.00 per litre | Garmans | ans,93.94,True,single_price_evidence,https://caau.syd1.cdn.digitaloceanspaces.com/wp-content/uploads/catalogue/coles/coles-catalogue-april-2-8-2025-vic-metro/24.jpg,https://www.catalogueau.com/coles/#catalogue=coles/coles-catalogue-april-2-8-2025-vic-metro/,unit_price,unit_price,1,review
Coles,VIC METRO,"Coles Catalogue April 2 - 8, 2025 VIC METRO",2025-04-02,2025-04-09,24,Noshu Low Carb Indulgence Bars 150g-160g,4.45,8.9,4.45,50.0,half_price,150g; 160g,,‘WAS$8.90 | ‘WAS$8.90 | Noshu Low Carb Indulgence Bars | 150g-160g | Noth,93.42,True,inferred_price_requires_review,https://caau.syd1.cdn.digitaloceanspaces.com/wp-content/uploads/catalogue/coles/coles-catalogue-april-2-8-2025-vic-metro/24.jpg,https://www.catalogueau.com/coles/#catalogue=coles/coles-catalogue-april-2-8-2025-vic-metro/,page_discount_inference,page_discount,0,review
Coles,VIC METRO,"Coles Catalogue April 2 - 8, 2025 VIC METRO",2025-04-02,2025-04-09,24,Kellogg's Nutri Grain or LCMs 12 Pack 240g-264g,6.0,7.5,1.5,20.0,save_amount,12 Pack; 240g; 264g,,"SAVE51.50 | WASS$7.50 | Kellogg's Nutri Grain | or LCMs 12 Pack | 240g-264g | 1-264, | On sale for 2 weeks | 24",79.0,True,low_name_confidence_strict;single_price_evidence,https://caau.syd1.cdn.digitaloceanspaces.com/wp-content/uploads/catalogue/coles/coles-catalogue-april-2-8-2025-vic-metro/24.jpg,https://www.catalogueau.com/coles/#catalogue=coles/coles-catalogue-april-2-8-2025-vic-metro/,displayed_price,displayed_price,1,review
Coles,VIC METRO,"Coles Catalogue April 2 - 8, 2025 VIC METRO",2025-04-02,2025-04-09,24,‘Carman's Nut or Muesli Bars 140g-270g,6.0,7.5,1.5,20.0,save_amount,140g; 270g,,SAVES1.50 | WASS$7.50 | ‘Carman's Nut or Muesli | Bars 140g-270g | VIC-METRO-0204-25-349503,83.33,False,,https://caau.syd1.cdn.digitaloceanspaces.com/wp-content/uploads/catalogue/coles/coles-catalogue-april-2-8-2025-vic-metro/24.jpg,https://www.catalogueau.com/coles/#catalogue=coles/coles-catalogue-april-2-8-2025-vic-metro/,save_was_arithmetic,displayed_price;save_was_arithmetic,2,verified
Coles,VIC METRO,"Coles Catalogue April 2 - 8, 2025 VIC METRO",2025-04-02,2025-04-09,24,Uncle Tobys Le Snak Value Pack 264g,8.0,10.0,2.0,20.0,save_amount,264g,$3.03 per 100g,SAVES2 | WASS10 | Uncle Tobys Le Snak | Value Pack 264g | $3.03 per 100g | 24,94.11,False,,https://caau.syd1.cdn.digitaloceanspaces.com/wp-content/uploads/catalogue/coles/coles-catalogue-april-2-8-2025-vic-metro/24.jpg,https://www.catalogueau.com/coles/#catalogue=coles/coles-catalogue-april-2-8-2025-vic-metro/,save_was_arithmetic,displayed_price;save_was_arithmetic;unit_price,3,verified
Coles,VIC METRO,"Coles Catalogue April 2 - 8, 2025 VIC METRO",2025-04-02,2025-04-09,24,Mother Earth Baked Oaty Slices 240g,3.3,,,,special,240g,$1.38 per 100g,Mother Earth Baked | Oaty Slices 240g | $1.38 per 100g,92.89,False,,https://caau.syd1.cdn.digitaloceanspaces.com/wp-content/uploads/catalogue/coles/coles-catalogue-april-2-8-2025-vic-metro/24.jpg,https://www.catalogueau.com/coles/#catalogue=coles/coles-catalogue-april-2-8-2025-vic-metro/,displayed_price,displayed_price;unit_price,2,verified
Coles,VIC METRO,"Coles Catalogue April 2 - 8, 2025 VIC METRO",2025-04-02,2025-04-09,25,Sanitarium Weet-Bix Bites 500g-510g,4.0,6.0,2.0,33.33,save_amount,500g; 510g,,SAVES2 | WASS6 | Sanitarium Weet-Bix Bites | 500g-510g | ——— | ae | SOURCE OF FIBRE,93.12,True,single_price_evidence,https://caau.syd1.cdn.digitaloceanspaces.com/wp-content/uploads/catalogue/coles/coles-catalogue-april-2-8-2025-vic-metro/25.jpg,https://www.catalogueau.com/coles/#catalogue=coles/coles-catalogue-april-2-8-2025-vic-metro/,save_was_arithmetic,save_was_arithmetic,1,review
Coles,VIC METRO,"Coles Catalogue April 2 - 8, 2025 VIC METRO",2025-04-02,2025-04-09,25,Capilano 100% Pure Australian Honey Squeeze 340g,5.25,6.6,1.35,20.45,save_amount,340g,$1.54 per 100g,SAVE51.35 | WAS$6.60 | Capilano 100% Pure Australian | Honey Squeeze 340g | $1.54 per 100g,96.58,False,,https://caau.syd1.cdn.digitaloceanspaces.com/wp-content/uploads/catalogue/coles/coles-catalogue-april-2-8-2025-vic-metro/25.jpg,https://www.catalogueau.com/coles/#catalogue=coles/coles-catalogue-april-2-8-2025-vic-metro/,displayed_price,displayed_price;unit_price,2,verified
Coles,VIC METRO,"Coles Catalogue April 2 - 8, 2025 VIC METRO",2025-04-02,2025-04-09,25,BSc Bodyscience High Protein Powder 800g,38.5,55.0,16.5,30.0,save_amount,800g,$4.81 per 100g,SAVES16.50 | WASS55 | BSc Bodyscience High Protein | Powder 800g $4.81 per 100g | US | (6) | -,95.28,False,,https://caau.syd1.cdn.digitaloceanspaces.com/wp-content/uploads/catalogue/coles/coles-catalogue-april-2-8-2025-vic-metro/25.jpg,https://www.catalogueau.com/coles/#catalogue=coles/coles-catalogue-april-2-8-2025-vic-metro/,save_was_arithmetic,save_was_arithmetic;unit_price,2,verified
Coles,VIC METRO,"Coles Catalogue April 2 - 8, 2025 VIC METRO",2025-04-02,2025-04-09,25,Moccona Café Classics Coffee Sachets 8 Pack-10 Pack,3.95,790.0,786.05,99.5,save_amount,8 Pack; 10 Pack,,SAVE $3.95 | WAS$790 | Moccona Café Classics Coffee | Sachets 8 Pack-10 Pack,95.07,True,single_price_evidence,https://caau.syd1.cdn.digitaloceanspaces.com/wp-content/uploads/catalogue/coles/coles-catalogue-april-2-8-2025-vic-metro/25.jpg,https://www.catalogueau.com/coles/#catalogue=coles/coles-catalogue-april-2-8-2025-vic-metro/,displayed_price,displayed_price,1,review
Coles,VIC METRO,"Coles Catalogue April 2 - 8, 2025 VIC METRO",2025-04-02,2025-04-09,25,Nestlé Milo Bar Value Pack 210g-270g,6.5,,,,special,210g; 270g,,Nestlé Milo Bar Value Pack | 210g-270g | DEL,93.23,True,offer_labels_missing;save_amount_missing;regular_price_missing;inferred_price_requires_review,https://caau.syd1.cdn.digitaloceanspaces.com/wp-content/uploads/catalogue/coles/coles-catalogue-april-2-8-2025-vic-metro/25.jpg,https://www.catalogueau.com/coles/#catalogue=coles/coles-catalogue-april-2-8-2025-vic-metro/,displayed_price,displayed_price;grid_inference,1,review
Coles,VIC METRO,"Coles Catalogue April 2 - 8, 2025 VIC METRO",2025-04-02,2025-04-09,26,Wild Tides Tuna 95g,1.25,2.5,1.25,50.0,half_price,95g,$13.16 per kg,"SAVES1.25, | WASS$2.50 | Wild Tides Tuna 95g | $13.16 per kg. | On sale for 2 weeks",96.16,False,,https://caau.syd1.cdn.digitaloceanspaces.com/wp-content/uploads/catalogue/coles/coles-catalogue-april-2-8-2025-vic-metro/26.jpg,https://www.catalogueau.com/coles/#catalogue=coles/coles-catalogue-april-2-8-2025-vic-metro/,save_was_arithmetic,save_was_arithmetic;unit_price,2,verified
Coles,VIC METRO,"Coles Catalogue April 2 - 8, 2025 VIC METRO",2025-04-02,2025-04-09,26,John West Salmon Tempters 95g,1.65,3.3,1.65,50.0,half_price,95g,$17.37 per kg,SAVE*1.65 | WAS$3.30 | John West Salmon Tempters | 95g $17.37 per kg,93.65,False,,https://caau.syd1.cdn.digitaloceanspaces.com/wp-content/uploads/catalogue/coles/coles-catalogue-april-2-8-2025-vic-metro/26.jpg,https://www.catalogueau.com/coles/#catalogue=coles/coles-catalogue-april-2-8-2025-vic-metro/,save_was_arithmetic,displayed_price;save_was_arithmetic;unit_price,3,verified
Coles,VIC METRO,"Coles Catalogue April 2 - 8, 2025 VIC METRO",2025-04-02,2025-04-09,26,Aunt Betty's Pudding 2 Pack 190g-220g,2.45,4.9,2.45,50.0,half_price,2 Pack; 190g; 220g,,SAVE $2.45 | WASS$4.90 | Aunt Betty's Pudding 2 Pack | 190g-220g,93.62,False,,https://caau.syd1.cdn.digitaloceanspaces.com/wp-content/uploads/catalogue/coles/coles-catalogue-april-2-8-2025-vic-metro/26.jpg,https://www.catalogueau.com/coles/#catalogue=coles/coles-catalogue-april-2-8-2025-vic-metro/,save_was_arithmetic,displayed_price;save_was_arithmetic,2,verified
Coles,VIC METRO,"Coles Catalogue April 2 - 8, 2025 VIC METRO",2025-04-02,2025-04-09,26,Green's Premium Baking Mix 380g-630g,2.75,5.5,2.75,50.0,half_price,380g; 630g,,SAVE'2.75 | WASS5.50 | Green's Premium Baking Mix | 380g-630g | A | A,79.0,True,low_name_confidence_strict,https://caau.syd1.cdn.digitaloceanspaces.com/wp-content/uploads/catalogue/coles/coles-catalogue-april-2-8-2025-vic-metro/26.jpg,https://www.catalogueau.com/coles/#catalogue=coles/coles-catalogue-april-2-8-2025-vic-metro/,save_was_arithmetic,displayed_price;save_was_arithmetic,2,review
Coles,VIC METRO,"Coles Catalogue April 2 - 8, 2025 VIC METRO",2025-04-02,2025-04-09,26,Plumrose Leg Ham 450g,7.0,14.0,7.0,50.0,half_price,450g,$15.56 per kg,SAVES7 | WASS14 | Plumrose Leg Ham 450g | $15.56 per kg,93.89,False,,https://caau.syd1.cdn.digitaloceanspaces.com/wp-content/uploads/catalogue/coles/coles-catalogue-april-2-8-2025-vic-metro/26.jpg,https://www.catalogueau.com/coles/#catalogue=coles/coles-catalogue-april-2-8-2025-vic-metro/,save_was_arithmetic,displayed_price;save_was_arithmetic;unit_price,3,verified
Coles,VIC METRO,"Coles Catalogue April 2 - 8, 2025 VIC METRO",2025-04-02,2025-04-09,26,Gold Sunset Canola or Vegetable Oil 4 Litre,15.0,30.0,15.0,50.0,half_price,4 Litre,$0.38 per 100mL,SAVE%15 | WAS$30 | Gold Sunset Canola or | Vegetable Oil 4 Litre | $0.38 per 100mL,96.6,False,,https://caau.syd1.cdn.digitaloceanspaces.com/wp-content/uploads/catalogue/coles/coles-catalogue-april-2-8-2025-vic-metro/26.jpg,https://www.catalogueau.com/coles/#catalogue=coles/coles-catalogue-april-2-8-2025-vic-metro/,save_was_arithmetic,displayed_price;save_was_arithmetic,2,verified
Coles,VIC METRO,"Coles Catalogue April 2 - 8, 2025 VIC METRO",2025-04-02,2025-04-09,26,La Espanola Olive Oil 500mL,10.0,16.0,6.0,37.5,save_amount,500mL,$2.00 per 100mL,SAVES6 | WASS16 | La Espanola Olive Oil 500mL | $2.00 per 100mL,90.65,False,,https://caau.syd1.cdn.digitaloceanspaces.com/wp-content/uploads/catalogue/coles/coles-catalogue-april-2-8-2025-vic-metro/26.jpg,https://www.catalogueau.com/coles/#catalogue=coles/coles-catalogue-april-2-8-2025-vic-metro/,save_was_arithmetic,displayed_price;save_was_arithmetic;unit_price,3,verified
Coles,VIC METRO,"Coles Catalogue April 2 - 8, 2025 VIC METRO",2025-04-02,2025-04-09,26,Sunrice Microwave Rice 450g,3.6,4.5,0.9,20.0,save_amount,450g,$0.80 per 100g,SAVE90° | WASS4.50 | Sunrice Microwave Rice 450g | $0.80 per 100g | 26,94.92,True,single_price_evidence,https://caau.syd1.cdn.digitaloceanspaces.com/wp-content/uploads/catalogue/coles/coles-catalogue-april-2-8-2025-vic-metro/26.jpg,https://www.catalogueau.com/coles/#catalogue=coles/coles-catalogue-april-2-8-2025-vic-metro/,unit_price,unit_price,1,review
Coles,VIC METRO,"Coles Catalogue April 2 - 8, 2025 VIC METRO",2025-04-02,2025-04-09,26,MasterFoods Squeeze Tomato or Barbecue Sauce 475mL-500mL,6.0,8.4,2.4,28.57,save_amount,475mL; 500mL,,SAVE ‘2.40 | MasterFoods Squeeze Tomato or | Barbecue Sauce 475mL-500mL | VIC-METRO-0204-25-349503,93.91,True,single_price_evidence,https://caau.syd1.cdn.digitaloceanspaces.com/wp-content/uploads/catalogue/coles/coles-catalogue-april-2-8-2025-vic-metro/26.jpg,https://www.catalogueau.com/coles/#catalogue=coles/coles-catalogue-april-2-8-2025-vic-metro/,displayed_price,displayed_price,1,review
Coles,VIC METRO,"Coles Catalogue April 2 - 8, 2025 VIC METRO",2025-04-02,2025-04-09,27,Maggi 2 Minute Noodle 5 Pack 335g 335g-380g,3.0,5.0,2.0,40.0,save_amount,5 Pack; 335g; 380g,,SAVES2 | ‘WAS§5 | Maggi 2 Minute Noodle 5 Pack | 335g | 335g-380g,79.0,True,low_name_confidence_strict,https://caau.syd1.cdn.digitaloceanspaces.com/wp-content/uploads/catalogue/coles/coles-catalogue-april-2-8-2025-vic-metro/27.jpg,https://www.catalogueau.com/coles/#catalogue=coles/coles-catalogue-april-2-8-2025-vic-metro/,save_was_arithmetic,displayed_price;save_was_arithmetic,2,review
Coles,VIC METRO,"Coles Catalogue April 2 - 8, 2025 VIC METRO",2025-04-02,2025-04-09,27,La Espanola Grapeseed Oil 1 Litre,9.5,16.0,6.5,40.62,save_amount,1 Litre,$0.95 per 100mL,SAVES6.50 | La Espanola Grapeseed Oil | 1 Litre $0.95 per 100mL,95.22,False,,https://caau.syd1.cdn.digitaloceanspaces.com/wp-content/uploads/catalogue/coles/coles-catalogue-april-2-8-2025-vic-metro/27.jpg,https://www.catalogueau.com/coles/#catalogue=coles/coles-catalogue-april-2-8-2025-vic-metro/,displayed_price,displayed_price;unit_price,2,verified
Coles,VIC METRO,"Coles Catalogue April 2 - 8, 2025 VIC METRO",2025-04-02,2025-04-09,27,Heinz Soup of the Day 430g,2.5,4.5,2.0,44.44,save_amount,430g,$0.58 per 100g,SAVE %2 | WASS$4.50 | Heinz Soup of the Day 430g | $0.58 per 100g | ——,96.33,False,,https://caau.syd1.cdn.digitaloceanspaces.com/wp-content/uploads/catalogue/coles/coles-catalogue-april-2-8-2025-vic-metro/27.jpg,https://www.catalogueau.com/coles/#catalogue=coles/coles-catalogue-april-2-8-2025-vic-metro/,save_was_arithmetic,displayed_price;save_was_arithmetic;unit_price,3,verified
Coles,VIC METRO,"Coles Catalogue April 2 - 8, 2025 VIC METRO",2025-04-02,2025-04-09,27,Leggo's Chunky Pasta Sauce 490g; 490g-500g,2.75,4.6,1.85,40.22,save_amount,490g; 500g,,SAVES1.85 | WASS4.60 | Leggo's Chunky Pasta Sauce | 490g; | 490g-500g | Canphii,79.0,True,low_name_confidence_strict,https://caau.syd1.cdn.digitaloceanspaces.com/wp-content/uploads/catalogue/coles/coles-catalogue-april-2-8-2025-vic-metro/27.jpg,https://www.catalogueau.com/coles/#catalogue=coles/coles-catalogue-april-2-8-2025-vic-metro/,save_was_arithmetic,displayed_price;save_was_arithmetic,2,review
Coles,VIC METRO,"Coles Catalogue April 2 - 8, 2025 VIC METRO",2025-04-02,2025-04-09,27,Rosella Condensed Soup 390g,2.0,2.8,0.8,28.57,save_amount,390g,$0.51 per 100g,SAVE 80‘ | WAS$2.80 | Rosella Condensed Soup 390g | $0.51 per 100g | Camp,96.22,False,,https://caau.syd1.cdn.digitaloceanspaces.com/wp-content/uploads/catalogue/coles/coles-catalogue-april-2-8-2025-vic-metro/27.jpg,https://www.catalogueau.com/coles/#catalogue=coles/coles-catalogue-april-2-8-2025-vic-metro/,displayed_price,displayed_price;unit_price,2,verified
Coles,VIC METRO,"Coles Catalogue April 2 - 8, 2025 VIC METRO",2025-04-02,2025-04-09,27,Kewpie Mayonnaise 500,6.0,8.0,2.0,25.0,save_amount,,$1.20 per 100g,SAVE 52 | WASS$8 | Kewpie Mayonnaise 500 | $1.20 per 100g. On sale for 2 weeks,92.61,False,,https://caau.syd1.cdn.digitaloceanspaces.com/wp-content/uploads/catalogue/coles/coles-catalogue-april-2-8-2025-vic-metro/27.jpg,https://www.catalogueau.com/coles/#catalogue=coles/coles-catalogue-april-2-8-2025-vic-metro/,save_was_arithmetic,displayed_price;save_was_arithmetic,2,verified
Coles,VIC METRO,"Coles Catalogue April 2 - 8, 2025 VIC METRO",2025-04-02,2025-04-09,27,Campbell's Real Stock 1 Litre,7.0,9.0,2.0,22.22,save_amount,1 Litre,$0.35 per 100mL,SAVE £2 | Campbell's Real Stock 1 Litre | $0.35 per 100mL | 27,96.1,True,unit_price_conflict;single_price_evidence,https://caau.syd1.cdn.digitaloceanspaces.com/wp-content/uploads/catalogue/coles/coles-catalogue-april-2-8-2025-vic-metro/27.jpg,https://www.catalogueau.com/coles/#catalogue=coles/coles-catalogue-april-2-8-2025-vic-metro/,displayed_price,displayed_price,1,review
Coles,VIC METRO,"Coles Catalogue April 2 - 8, 2025 VIC METRO",2025-04-02,2025-04-09,27,Campbell's Country Ladle or Chunky Soup 495g-505g,3.5,4.5,1.0,22.22,save_amount,495g; 505g,,WASS$4.50 | WASS$4.50 | Campbell's Country Ladle or | Chunky Soup 495g-505g | VIC-METRO-0204-25-349503,94.67,True,single_price_evidence,https://caau.syd1.cdn.digitaloceanspaces.com/wp-content/uploads/catalogue/coles/coles-catalogue-april-2-8-2025-vic-metro/27.jpg,https://www.catalogueau.com/coles/#catalogue=coles/coles-catalogue-april-2-8-2025-vic-metro/,displayed_price,displayed_price,1,review
Coles,VIC METRO,"Coles Catalogue April 2 - 8, 2025 VIC METRO",2025-04-02,2025-04-09,28,Heinz Big Red Tomato Soup 420g,2.0,2.5,0.5,20.0,save_amount,420g,$0.48 per 100g,WAS $2.50 | WAS $2.50 | APR 2025 | Heinz Big Red Tomato | Soup 420g $0.48 per 100g,96.67,False,,https://caau.syd1.cdn.digitaloceanspaces.com/wp-content/uploads/catalogue/coles/coles-catalogue-april-2-8-2025-vic-metro/28.jpg,https://www.catalogueau.com/coles/#catalogue=coles/coles-catalogue-april-2-8-2025-vic-metro/,displayed_price,displayed_price;unit_price,2,verified
Coles,VIC METRO,"Coles Catalogue April 2 - 8, 2025 VIC METRO",2025-04-02,2025-04-09,28,Heinz Tomato Ketchup 1 Litre,5.9,6.6,0.7,10.61,save_amount,1 Litre,$0.59 per 100mL,WAS $6.60 | WAS $6.60 | JAN 2025 | Heinz Tomato Ketchup 1 Litre | $0.59 per 100mL,96.41,False,,https://caau.syd1.cdn.digitaloceanspaces.com/wp-content/uploads/catalogue/coles/coles-catalogue-april-2-8-2025-vic-metro/28.jpg,https://www.catalogueau.com/coles/#catalogue=coles/coles-catalogue-april-2-8-2025-vic-metro/,displayed_price,displayed_price;unit_price,2,verified
Coles,VIC METRO,"Coles Catalogue April 2 - 8, 2025 VIC METRO",2025-04-02,2025-04-09,28,Samyang Buldak Ramen Noodles 5 Pack 650g-700g,11.0,12.5,1.5,12.0,save_amount,5 Pack; 650g; 700g,,WAS $12.50 | WAS $12.50 | MAR 2025 | Samyang Buldak Ramen | Noodles 5 Pack 650g-700g,93.57,True,single_price_evidence,https://caau.syd1.cdn.digitaloceanspaces.com/wp-content/uploads/catalogue/coles/coles-catalogue-april-2-8-2025-vic-metro/28.jpg,https://www.catalogueau.com/coles/#catalogue=coles/coles-catalogue-april-2-8-2025-vic-metro/,displayed_price,displayed_price,1,review
Coles,VIC METRO,"Coles Catalogue April 2 - 8, 2025 VIC METRO",2025-04-02,2025-04-09,28,Gravox Liquid Gravy or Finishing Sauce 165g,2.8,3.5,0.7,20.0,save_amount,165g,$1.70 per 100g,SAVE70‘ | WASS$3.50 | Gravox Liquid Gravy or Finishing Sauce 165g | $1.70 per 100g | $1.70 | ENCE NS.,95.46,True,single_price_evidence,https://caau.syd1.cdn.digitaloceanspaces.com/wp-content/uploads/catalogue/coles/coles-catalogue-april-2-8-2025-vic-metro/28.jpg,https://www.catalogueau.com/coles/#catalogue=coles/coles-catalogue-april-2-8-2025-vic-metro/,unit_price,unit_price,1,review
Coles,VIC METRO,"Coles Catalogue April 2 - 8, 2025 VIC METRO",2025-04-02,2025-04-09,28,Lee Kum Kee Ready Sauce 100g-145g,2.15,2.7,0.55,20.37,save_amount,100g; 145g,,SAVE55¢ | WASS$2.70 | Lee Kum Kee Ready Sauce 100g-145g | On sale for 2 weeks,94.52,True,single_price_evidence,https://caau.syd1.cdn.digitaloceanspaces.com/wp-content/uploads/catalogue/coles/coles-catalogue-april-2-8-2025-vic-metro/28.jpg,https://www.catalogueau.com/coles/#catalogue=coles/coles-catalogue-april-2-8-2025-vic-metro/,displayed_price,displayed_price,1,review
Coles,VIC METRO,"Coles Catalogue April 2 - 8, 2025 VIC METRO",2025-04-02,2025-04-09,28,Heinz Seriously Good Aioli or Mayonnaise 295mL,4.4,5.5,1.1,20.0,save_amount,295mL,$1.49 per 100mL,SAVE*1.10 | WASS5.50 | Heinz Seriously Good Aioli or | Mayonnaise 295mL | $1.49 per 100mL | VIC-METRO-0204-25-349503,94.03,False,,https://caau.syd1.cdn.digitaloceanspaces.com/wp-content/uploads/catalogue/coles/coles-catalogue-april-2-8-2025-vic-metro/28.jpg,https://www.catalogueau.com/coles/#catalogue=coles/coles-catalogue-april-2-8-2025-vic-metro/,save_was_arithmetic,save_was_arithmetic;unit_price,2,verified
Coles,VIC METRO,"Coles Catalogue April 2 - 8, 2025 VIC METRO",2025-04-02,2025-04-09,28,Gravox Gravy Canister 120g-140g,2.0,4.5,2.5,55.56,save_amount,120g; 140g,,SAVE ‘2.50 | Gravox Gravy Canister | 120g-140g | 28,93.67,True,single_price_evidence,https://caau.syd1.cdn.digitaloceanspaces.com/wp-content/uploads/catalogue/coles/coles-catalogue-april-2-8-2025-vic-metro/28.jpg,https://www.catalogueau.com/coles/#catalogue=coles/coles-catalogue-april-2-8-2025-vic-metro/,displayed_price,displayed_price,1,review
Coles,VIC METRO,"Coles Catalogue April 2 - 8, 2025 VIC METRO",2025-04-02,2025-04-09,28,TCC Premium Coconut Milk 400mL,2.3,,,,down_down,400mL,$0.58 per 100mL,TCC Premium Coconut Milk | 400mL $0.58 per 100mL,93.98,False,,https://caau.syd1.cdn.digitaloceanspaces.com/wp-content/uploads/catalogue/coles/coles-catalogue-april-2-8-2025-vic-metro/28.jpg,https://www.catalogueau.com/coles/#catalogue=coles/coles-catalogue-april-2-8-2025-vic-metro/,displayed_price,displayed_price;unit_price,2,verified
Coles,VIC METRO,"Coles Catalogue April 2 - 8, 2025 VIC METRO",2025-04-02,2025-04-09,29,Chobani Fit Protein Yogurt Pouch 140g,2.2,2.8,0.6,21.43,save_amount,140g,$1.57 per 100g,WASS$2.80 | WASS$2.80 | JAN 2025 | Chobani Fit Protein Yogurt | Pouch 140g $1.57 per 100g,95.52,False,,https://caau.syd1.cdn.digitaloceanspaces.com/wp-content/uploads/catalogue/coles/coles-catalogue-april-2-8-2025-vic-metro/29.jpg,https://www.catalogueau.com/coles/#catalogue=coles/coles-catalogue-april-2-8-2025-vic-metro/,displayed_price,displayed_price;unit_price,2,verified
Coles,VIC METRO,"Coles Catalogue April 2 - 8, 2025 VIC METRO",2025-04-02,2025-04-09,29,Bega Cheese Block 500g,9.5,10.5,1.0,9.52,save_amount,500g,$19.00 per kg,WAS$10.50 | WAS$10.50 | JAN 2025 | Bega Cheese Block 500g | $19.00 per kg,96.62,True,single_price_evidence,https://caau.syd1.cdn.digitaloceanspaces.com/wp-content/uploads/catalogue/coles/coles-catalogue-april-2-8-2025-vic-metro/29.jpg,https://www.catalogueau.com/coles/#catalogue=coles/coles-catalogue-april-2-8-2025-vic-metro/,unit_price,unit_price,1,review
Coles,VIC METRO,"Coles Catalogue April 2 - 8, 2025 VIC METRO",2025-04-02,2025-04-09,29,Perfect Italiano Grated Cheese 250g,5.8,6.5,0.7,10.77,save_amount,250g,$23.20 per kg,WAS $6.50 | WAS $6.50 | FEB 2025 | Perfect Italiano Grated | Cheese 250g $23.20 per kg,95.36,False,,https://caau.syd1.cdn.digitaloceanspaces.com/wp-content/uploads/catalogue/coles/coles-catalogue-april-2-8-2025-vic-metro/29.jpg,https://www.catalogueau.com/coles/#catalogue=coles/coles-catalogue-april-2-8-2025-vic-metro/,displayed_price,displayed_price;unit_price,2,verified
Coles,VIC METRO,"Coles Catalogue April 2 - 8, 2025 VIC METRO",2025-04-02,2025-04-09,29,a Cheese Stringers 12x20g,8.25,9.2,0.95,10.33,save_amount,12x20g,,WAS $9.20 | WAS $9.20 | FEB 2025 | sd | a Cheese Stringers 12x20g | 38 per kg,92.5,True,single_price_evidence,https://caau.syd1.cdn.digitaloceanspaces.com/wp-content/uploads/catalogue/coles/coles-catalogue-april-2-8-2025-vic-metro/29.jpg,https://www.catalogueau.com/coles/#catalogue=coles/coles-catalogue-april-2-8-2025-vic-metro/,displayed_price,displayed_price,1,review
Coles,VIC METRO,"Coles Catalogue April 2 - 8, 2025 VIC METRO",2025-04-02,2025-04-09,29,Jaina Greek Style Yoghurt 1kg,6.5,8.3,1.8,21.69,save_amount,1kg,$0.65 per 100g,SAVE51.80 | WAS$8.30 | Jaina Greek Style Yoghurt 1kg | $0.65 per 100g,91.31,True,single_price_evidence,https://caau.syd1.cdn.digitaloceanspaces.com/wp-content/uploads/catalogue/coles/coles-catalogue-april-2-8-2025-vic-metro/29.jpg,https://www.catalogueau.com/coles/#catalogue=coles/coles-catalogue-april-2-8-2025-vic-metro/,unit_price,unit_price,1,review
Coles,VIC METRO,"Coles Catalogue April 2 - 8, 2025 VIC METRO",2025-04-02,2025-04-09,29,"Little Entertainers Mersey Valley, Tasmanian Heritage or South Cape Cheese 80g",12.0,14.4,2.4,16.67,save_amount,80g,$50.00 per kg,"SAVE‘2.40 | Little Entertainers Mersey Valley, | Tasmanian Heritage | or South Cape Cheese 80g | $50.00 per kg",96.51,True,unit_price_conflict;single_price_evidence,https://caau.syd1.cdn.digitaloceanspaces.com/wp-content/uploads/catalogue/coles/coles-catalogue-april-2-8-2025-vic-metro/29.jpg,https://www.catalogueau.com/coles/#catalogue=coles/coles-catalogue-april-2-8-2025-vic-metro/,displayed_price,displayed_price,1,review
Coles,VIC METRO,"Coles Catalogue April 2 - 8, 2025 VIC METRO",2025-04-02,2025-04-09,29,Babybel Mini Cheeses 5x20g,5.0,6.25,1.25,20.0,save_amount,5x20g,$50.00 per kg,"SAVES1.25 | WASS6.25 | Babybel Mini Cheeses | 5x20g $50.00 per kg | Coles Group acknowledges the Traditional Custodians of Country throughout Australia | We recognise their strength and pay our respect to Elders past, present and emerging | Coles Group extends that respect to all Aboriginal and Torres Strait Islanders people,",94.89,False,,https://caau.syd1.cdn.digitaloceanspaces.com/wp-content/uploads/catalogue/coles/coles-catalogue-april-2-8-2025-vic-metro/29.jpg,https://www.catalogueau.com/coles/#catalogue=coles/coles-catalogue-april-2-8-2025-vic-metro/,save_was_arithmetic,displayed_price;save_was_arithmetic;unit_price,3,verified
Coles,VIC METRO,"Coles Catalogue April 2 - 8, 2025 VIC METRO",2025-04-02,2025-04-09,29,Mersey Valley Cheese 235g,6.9,9.9,3.0,30.3,save_amount,235g,$29.36 per kg,SAVES3 | WASS$9.90 | Mersey Valley Cheese | 235g $29.36 per kg | éE,96.49,False,,https://caau.syd1.cdn.digitaloceanspaces.com/wp-content/uploads/catalogue/coles/coles-catalogue-april-2-8-2025-vic-metro/29.jpg,https://www.catalogueau.com/coles/#catalogue=coles/coles-catalogue-april-2-8-2025-vic-metro/,save_was_arithmetic,save_was_arithmetic;unit_price,2,verified
Coles,VIC METRO,"Coles Catalogue April 2 - 8, 2025 VIC METRO",2025-04-02,2025-04-09,31,Rana Filled Pasta 300g-325g im,80.0,83.0,3.0,3.61,save_amount,300g; 325g,,"SAVE “3, 20 | Rana Filled Pasta 300g-325g | im | rv | aur | ust ey | TRIGIBL e, KRAWSERR,",58.05,True,low_ocr_confidence;low_name_confidence_strict;single_price_evidence,https://caau.syd1.cdn.digitaloceanspaces.com/wp-content/uploads/catalogue/coles/coles-catalogue-april-2-8-2025-vic-metro/31.jpg,https://www.catalogueau.com/coles/#catalogue=coles/coles-catalogue-april-2-8-2025-vic-metro/,displayed_price,displayed_price,1,review
Coles,VIC METRO,"Coles Catalogue April 2 - 8, 2025 VIC METRO",2025-04-02,2025-04-09,31,Big M Flavoured Milk 600mL,2.9,3.7,0.8,21.62,save_amount,600mL,$4.83 per litre,"SAVE 80° | WAS$3.70 | Big M Flavoured Milk 600mL | $4.83 per litre | “ ot § OLUTEY, ae | BY | di | ~ ie",93.65,False,,https://caau.syd1.cdn.digitaloceanspaces.com/wp-content/uploads/catalogue/coles/coles-catalogue-april-2-8-2025-vic-metro/31.jpg,https://www.catalogueau.com/coles/#catalogue=coles/coles-catalogue-april-2-8-2025-vic-metro/,displayed_price,displayed_price;unit_price,2,verified
Coles,VIC METRO,"Coles Catalogue April 2 - 8, 2025 VIC METRO",2025-04-02,2025-04-09,31,Dare Flavoured Milk 500mL,3.3,415.0,411.7,99.2,save_amount,500mL,$6.60 per litre,"SAVE 85° | WAS$415 | Dare Flavoured Milk 500mL | $6.60 per litre | Ror | C4 | seo 0M gy | iy,",93.44,True,single_price_evidence,https://caau.syd1.cdn.digitaloceanspaces.com/wp-content/uploads/catalogue/coles/coles-catalogue-april-2-8-2025-vic-metro/31.jpg,https://www.catalogueau.com/coles/#catalogue=coles/coles-catalogue-april-2-8-2025-vic-metro/,unit_price,unit_price,1,review
Coles,VIC METRO,"Coles Catalogue April 2 - 8, 2025 VIC METRO",2025-04-02,2025-04-09,31,Nudie Orange Juice 1 Litre,5.5,6.5,1.0,15.38,save_amount,1 Litre,$5.50 per litre,SAVES1 | WASS6.50 | Nudie Orange Juice | 1 Litre $5.50 per litre | C4,95.93,False,,https://caau.syd1.cdn.digitaloceanspaces.com/wp-content/uploads/catalogue/coles/coles-catalogue-april-2-8-2025-vic-metro/31.jpg,https://www.catalogueau.com/coles/#catalogue=coles/coles-catalogue-april-2-8-2025-vic-metro/,save_was_arithmetic,displayed_price;save_was_arithmetic;unit_price,3,verified
Coles,VIC METRO,"Coles Catalogue April 2 - 8, 2025 VIC METRO",2025-04-02,2025-04-09,31,Yumi's Dip 200g,3.5,4.5,1.0,22.22,save_amount,200g,$1.75 per 100g,SAVES1 | WAS$4.50 | Yumi's Dip 200g | $1.75 per 100g | $1.75,94.7,False,,https://caau.syd1.cdn.digitaloceanspaces.com/wp-content/uploads/catalogue/coles/coles-catalogue-april-2-8-2025-vic-metro/31.jpg,https://www.catalogueau.com/coles/#catalogue=coles/coles-catalogue-april-2-8-2025-vic-metro/,save_was_arithmetic,displayed_price;save_was_arithmetic;unit_price,3,verified
Coles,VIC METRO,"Coles Catalogue April 2 - 8, 2025 VIC METRO",2025-04-02,2025-04-09,31,Yumi's Falafel Balls 200g,4.62,6.5,1.88,28.92,save_amount,200g,$2.31 per 100g,SAVES1.30 | WASS6.50 | Yumi's Falafel Balls 200g | $2.31 per 100g | Le | | 7 | 4,95.58,True,single_price_evidence,https://caau.syd1.cdn.digitaloceanspaces.com/wp-content/uploads/catalogue/coles/coles-catalogue-april-2-8-2025-vic-metro/31.jpg,https://www.catalogueau.com/coles/#catalogue=coles/coles-catalogue-april-2-8-2025-vic-metro/,unit_price,unit_price,1,review
Coles,VIC METRO,"Coles Catalogue April 2 - 8, 2025 VIC METRO",2025-04-02,2025-04-09,31,Western Star Spreadable Blend 500g,6.0,7.0,1.0,14.29,save_amount,500g,$1.20 per 100g,SAVES1 | WASS7 | Western Star Spreadable Blend | 500g $1.20 per 100g | con: | RRs | HEAT EAL | 4 | Beef Lasagne,95.27,False,,https://caau.syd1.cdn.digitaloceanspaces.com/wp-content/uploads/catalogue/coles/coles-catalogue-april-2-8-2025-vic-metro/31.jpg,https://www.catalogueau.com/coles/#catalogue=coles/coles-catalogue-april-2-8-2025-vic-metro/,save_was_arithmetic,displayed_price;save_was_arithmetic;unit_price,3,verified
Coles,VIC METRO,"Coles Catalogue April 2 - 8, 2025 VIC METRO",2025-04-02,2025-04-09,31,Coles Kitchen Garlic Baguette Twin Pack 450g,3.2,,,,special,450g,$0.71 per 100g,Coles Kitchen Garlic Baguette | Twin Pack 450g $0.71 per 100g | 31,96.17,True,single_price_evidence,https://caau.syd1.cdn.digitaloceanspaces.com/wp-content/uploads/catalogue/coles/coles-catalogue-april-2-8-2025-vic-metro/31.jpg,https://www.catalogueau.com/coles/#catalogue=coles/coles-catalogue-april-2-8-2025-vic-metro/,unit_price,unit_price,1,review
Coles,VIC METRO,"Coles Catalogue April 2 - 8, 2025 VIC METRO",2025-04-02,2025-04-09,32,Coles Nature's Kitchen Firm Tofu 300g,2.3,,,,special,300g,$0.77 per 100g,Coles Nature's Kitchen Firm | Tofu 300g $0.77 per 100g,95.91,False,,https://caau.syd1.cdn.digitaloceanspaces.com/wp-content/uploads/catalogue/coles/coles-catalogue-april-2-8-2025-vic-metro/32.jpg,https://www.catalogueau.com/coles/#catalogue=coles/coles-catalogue-april-2-8-2025-vic-metro/,displayed_price,displayed_price;unit_price,2,verified
Coles,VIC METRO,"Coles Catalogue April 2 - 8, 2025 VIC METRO",2025-04-02,2025-04-09,32,Coles Nature's Kitchen Sundried Tomato Pesto 180g,2.4,,,,special,180g,$1.33 per 100g,Coles Nature's Kitchen | Sundried Tomato Pesto 180g | $1.33 per 100g,95.43,False,,https://caau.syd1.cdn.digitaloceanspaces.com/wp-content/uploads/catalogue/coles/coles-catalogue-april-2-8-2025-vic-metro/32.jpg,https://www.catalogueau.com/coles/#catalogue=coles/coles-catalogue-april-2-8-2025-vic-metro/,displayed_price,displayed_price;unit_price,2,verified
Coles,VIC METRO,"Coles Catalogue April 2 - 8, 2025 VIC METRO",2025-04-02,2025-04-09,33,Hershey's or Reese's Ice Cream Tub 1 Litre,5.0,10.0,5.0,50.0,half_price,1 Litre,$0.50 per 100mL,WASS10 | WASS10 | Hershey's or Reese's Ice Cream Tub | 1 Litre $0.50 per 100mL | 7,95.29,False,,https://caau.syd1.cdn.digitaloceanspaces.com/wp-content/uploads/catalogue/coles/coles-catalogue-april-2-8-2025-vic-metro/33.jpg,https://www.catalogueau.com/coles/#catalogue=coles/coles-catalogue-april-2-8-2025-vic-metro/,displayed_price,displayed_price;page_discount;unit_price,2,verified
Coles,VIC METRO,"Coles Catalogue April 2 - 8, 2025 VIC METRO",2025-04-02,2025-04-09,33,Bulla Creamy Classics Ice Cream Cones 4 Pack 520mL,5.0,10.0,5.0,50.0,half_price,4 Pack; 520mL,$0.96 per 100mL,WASS10 | WASS10 | Bulla Creamy Classics Ice Cream Cones | 4 Pack 520mL $0.96 per 100mL,94.22,False,,https://caau.syd1.cdn.digitaloceanspaces.com/wp-content/uploads/catalogue/coles/coles-catalogue-april-2-8-2025-vic-metro/33.jpg,https://www.catalogueau.com/coles/#catalogue=coles/coles-catalogue-april-2-8-2025-vic-metro/,displayed_price,displayed_price;page_discount;unit_price,2,verified
Coles,VIC METRO,"Coles Catalogue April 2 - 8, 2025 VIC METRO",2025-04-02,2025-04-09,33,Haagen-Dazs Ice Cream Tub 457mL,8.1,13.5,5.4,40.0,save_amount,457mL,$1.77 per 100mL,WASS13.50 | WASS13.50 | Haagen-Dazs Ice Cream Tub 457mL | $1.77 per 100mL | L | 1 SF,79.61,True,low_name_confidence_strict,https://caau.syd1.cdn.digitaloceanspaces.com/wp-content/uploads/catalogue/coles/coles-catalogue-april-2-8-2025-vic-metro/33.jpg,https://www.catalogueau.com/coles/#catalogue=coles/coles-catalogue-april-2-8-2025-vic-metro/,displayed_price,displayed_price;unit_price,2,review
Coles,VIC METRO,"Coles Catalogue April 2 - 8, 2025 VIC METRO",2025-04-02,2025-04-09,33,Streets Magnum Sticks 4 Pack-6 Pack 360mL-428mL,6.0,12.0,6.0,50.0,half_price,4 Pack; 6 Pack; 360mL; 428mL,,WASS12 | WASS12 | Streets Magnum Sticks 4 Pack-6 Pack | 360mL-428mL | PS,92.15,True,inferred_price_requires_review,https://caau.syd1.cdn.digitaloceanspaces.com/wp-content/uploads/catalogue/coles/coles-catalogue-april-2-8-2025-vic-metro/33.jpg,https://www.catalogueau.com/coles/#catalogue=coles/coles-catalogue-april-2-8-2025-vic-metro/,page_discount_inference,page_discount,0,review
Coles,VIC METRO,"Coles Catalogue April 2 - 8, 2025 VIC METRO",2025-04-02,2025-04-09,33,Peters Maxibon 4 Pack 560mL,8.5,11.5,3.0,26.09,save_amount,4 Pack; 560mL,$1.52 per 100mL,WASS11.50 | WASS11.50 | Peters Maxibon 4 Pack 560mL | $1.52 per 100mL | Glass Container,90.21,True,single_price_evidence,https://caau.syd1.cdn.digitaloceanspaces.com/wp-content/uploads/catalogue/coles/coles-catalogue-april-2-8-2025-vic-metro/33.jpg,https://www.catalogueau.com/coles/#catalogue=coles/coles-catalogue-april-2-8-2025-vic-metro/,unit_price,unit_price,1,review
Coles,VIC METRO,"Coles Catalogue April 2 - 8, 2025 VIC METRO",2025-04-02,2025-04-09,33,Streets Calippo 8 Pack 575mL or Cyclone Sticks 10 Pack 688mL,4.5,9.0,4.5,50.0,half_price,8 Pack; 575mL; 10 Pack; 688mL,,"WASS9 | WASS9 | Streets Calippo 8 Pack 575mL | or Cyclone Sticks 10 Pack 688mL | Spend $20 in one transaction, scan your Flybuys and receive one bonus | Glass Container credit when you also purchase a selected product from | d participating brand or product range. Limit of one bonus Glass Container",93.87,True,inferred_price_requires_review,https://caau.syd1.cdn.digitaloceanspaces.com/wp-content/uploads/catalogue/coles/coles-catalogue-april-2-8-2025-vic-metro/33.jpg,https://www.catalogueau.com/coles/#catalogue=coles/coles-catalogue-april-2-8-2025-vic-metro/,page_discount_inference,page_discount,0,review
Coles,VIC METRO,"Coles Catalogue April 2 - 8, 2025 VIC METRO",2025-04-02,2025-04-09,33,Peters Original Tub 4 Litre,8.8,10.9,2.1,19.27,save_amount,4 Litre,$0.22 per 100mL,WASS10.90 | WASS10.90 | Peters Original Tub 4 Litre | $0.22 per 100mL | oe | d participating brand or product range. Limit of one bonus Glass Container,96.68,True,single_price_evidence,https://caau.syd1.cdn.digitaloceanspaces.com/wp-content/uploads/catalogue/coles/coles-catalogue-april-2-8-2025-vic-metro/33.jpg,https://www.catalogueau.com/coles/#catalogue=coles/coles-catalogue-april-2-8-2025-vic-metro/,unknown,,0,review
Coles,VIC METRO,"Coles Catalogue April 2 - 8, 2025 VIC METRO",2025-04-02,2025-04-09,34,R 2025 McCain Red Box Plated Meal 320g,6.5,7.5,1.0,13.33,save_amount,320g,$2.03 per 100g,WAS $7.50 | WAS $7.50 | R 2025 | McCain Red Box Plated Meal | 320g $2.03 per 100g,96.47,False,,https://caau.syd1.cdn.digitaloceanspaces.com/wp-content/uploads/catalogue/coles/coles-catalogue-april-2-8-2025-vic-metro/34.jpg,https://www.catalogueau.com/coles/#catalogue=coles/coles-catalogue-april-2-8-2025-vic-metro/,displayed_price,displayed_price;unit_price,2,verified
Coles,VIC METRO,"Coles Catalogue April 2 - 8, 2025 VIC METRO",2025-04-02,2025-04-09,34,R 2025 On the Menu Entrée Meal 260g,3.8,4.5,0.7,15.56,save_amount,260g,$1.46 per 100g,WAS $4.50 | WAS $4.50 | R 2025 | On the Menu Entrée Meal | 260g $1.46 per 100g,96.06,True,single_price_evidence,https://caau.syd1.cdn.digitaloceanspaces.com/wp-content/uploads/catalogue/coles/coles-catalogue-april-2-8-2025-vic-metro/34.jpg,https://www.catalogueau.com/coles/#catalogue=coles/coles-catalogue-april-2-8-2025-vic-metro/,unit_price,unit_price,1,review
Coles,VIC METRO,"Coles Catalogue April 2 - 8, 2025 VIC METRO",2025-04-02,2025-04-09,34,"Heinz Steamfresh Carrots, Corn & Brocolli 450g",4.0,4.5,0.5,11.11,save_amount,450g,$8.89 per kg,"WAS $4.50 | WAS $4.50 | MAR 2025 | Heinz Steamfresh Carrots, | Corn & Brocolli 450g | $8.89 per kg",93.45,False,,https://caau.syd1.cdn.digitaloceanspaces.com/wp-content/uploads/catalogue/coles/coles-catalogue-april-2-8-2025-vic-metro/34.jpg,https://www.catalogueau.com/coles/#catalogue=coles/coles-catalogue-april-2-8-2025-vic-metro/,displayed_price,displayed_price;unit_price,2,verified
Coles,VIC METRO,"Coles Catalogue April 2 - 8, 2025 VIC METRO",2025-04-02,2025-04-09,34,Family Faves Chicken Tenders or Chips 1kg,9.9,12.5,2.6,20.8,save_amount,1kg,$9.90 per kg,SAVE2.60 | WASS12.50 | Family Faves Chicken Tenders | or Chips 1kg $9.90 per kg | ORIGINAL ~~ | Id,94.21,False,,https://caau.syd1.cdn.digitaloceanspaces.com/wp-content/uploads/catalogue/coles/coles-catalogue-april-2-8-2025-vic-metro/34.jpg,https://www.catalogueau.com/coles/#catalogue=coles/coles-catalogue-april-2-8-2025-vic-metro/,save_was_arithmetic,displayed_price;save_was_arithmetic;unit_price,3,verified
Coles,VIC METRO,"Coles Catalogue April 2 - 8, 2025 VIC METRO",2025-04-02,2025-04-09,34,McCain Pub Style Fries 750g,4.8,6.0,1.2,20.0,save_amount,750g,$6.40 per kg,SAVES1.20 | McCain Pub Style Fries 750g | $6.40 per kg | <=,95.98,True,single_price_evidence,https://caau.syd1.cdn.digitaloceanspaces.com/wp-content/uploads/catalogue/coles/coles-catalogue-april-2-8-2025-vic-metro/34.jpg,https://www.catalogueau.com/coles/#catalogue=coles/coles-catalogue-april-2-8-2025-vic-metro/,unit_price,unit_price,1,review
Coles,VIC METRO,"Coles Catalogue April 2 - 8, 2025 VIC METRO",2025-04-02,2025-04-09,34,Birds Eye Deli Crispy Light Batter Fish 250g,8.0,10.0,2.0,20.0,save_amount,250g,$32.00 per kg,SAVES2 | WASS10 | Birds Eye Deli Crispy Light Batter | Fish 250g $32.00 per kg,96.4,False,,https://caau.syd1.cdn.digitaloceanspaces.com/wp-content/uploads/catalogue/coles/coles-catalogue-april-2-8-2025-vic-metro/34.jpg,https://www.catalogueau.com/coles/#catalogue=coles/coles-catalogue-april-2-8-2025-vic-metro/,save_was_arithmetic,displayed_price;save_was_arithmetic;unit_price,3,verified
Coles,VIC METRO,"Coles Catalogue April 2 - 8, 2025 VIC METRO",2025-04-02,2025-04-09,34,Core Powerfoods Frozen Meal 350g,7.5,9.5,2.0,21.05,save_amount,350g,$2.14 per 100g,SAVE $2 | WASS9.50 | Core Powerfoods Frozen Meal | 350g $2.14 per 100g | VIC-METRO-0204-25-349503,94.96,False,,https://caau.syd1.cdn.digitaloceanspaces.com/wp-content/uploads/catalogue/coles/coles-catalogue-april-2-8-2025-vic-metro/34.jpg,https://www.catalogueau.com/coles/#catalogue=coles/coles-catalogue-april-2-8-2025-vic-metro/,save_was_arithmetic,displayed_price;save_was_arithmetic;unit_price,3,verified
Coles,VIC METRO,"Coles Catalogue April 2 - 8, 2025 VIC METRO",2025-04-02,2025-04-09,34,1&J Fish Fillets 425g,5.5,7.0,1.5,21.43,save_amount,425g,$12.94 per kg,SAVES1.50 | WASS7 | 1&J Fish Fillets 425g | $12.94 per kg | 34,95.6,False,,https://caau.syd1.cdn.digitaloceanspaces.com/wp-content/uploads/catalogue/coles/coles-catalogue-april-2-8-2025-vic-metro/34.jpg,https://www.catalogueau.com/coles/#catalogue=coles/coles-catalogue-april-2-8-2025-vic-metro/,save_was_arithmetic,displayed_price;save_was_arithmetic;unit_price,3,verified
Coles,VIC METRO,"Coles Catalogue April 2 - 8, 2025 VIC METRO",2025-04-02,2025-04-09,34,Sealord Hoki Fillets 280g-300g Excludes Gluten Free,6.3,9.0,2.7,30.0,save_amount,280g; 300g,,Sealord Hoki Fillets 280g-300g | Excludes Gluten Free | a= | LOADED MAC & CHEESE) | sce He oes,94.25,True,product_name_suspicious;single_price_evidence,https://caau.syd1.cdn.digitaloceanspaces.com/wp-content/uploads/catalogue/coles/coles-catalogue-april-2-8-2025-vic-metro/34.jpg,https://www.catalogueau.com/coles/#catalogue=coles/coles-catalogue-april-2-8-2025-vic-metro/,displayed_price,displayed_price,1,review
Coles,VIC METRO,"Coles Catalogue April 2 - 8, 2025 VIC METRO",2025-04-02,2025-04-09,35,Herbert Adams Slow Cooked Beef Pies 2 Pack 400g,6.9,9.5,2.6,27.37,save_amount,2 Pack; 400g,$1.73 per 100g,WASS9.50 | WASS9.50 | Herbert Adams Slow Cooked Beef Pies | 2 Pack 400g $1.73 per 100g | Ce,96.32,True,single_price_evidence,https://caau.syd1.cdn.digitaloceanspaces.com/wp-content/uploads/catalogue/coles/coles-catalogue-april-2-8-2025-vic-metro/35.jpg,https://www.catalogueau.com/coles/#catalogue=coles/coles-catalogue-april-2-8-2025-vic-metro/,unit_price,unit_price,1,review
Coles,VIC METRO,"Coles Catalogue April 2 - 8, 2025 VIC METRO",2025-04-02,2025-04-09,35,McCain Family Pizza 490g-500g Times,6.8,8.5,1.7,20.0,save_amount,490g; 500g,,WAS$8.50 | WAS$8.50 | McCain Family Pizza 490g-500g | Times,76.3,True,low_name_confidence_strict;single_price_evidence,https://caau.syd1.cdn.digitaloceanspaces.com/wp-content/uploads/catalogue/coles/coles-catalogue-april-2-8-2025-vic-metro/35.jpg,https://www.catalogueau.com/coles/#catalogue=coles/coles-catalogue-april-2-8-2025-vic-metro/,displayed_price,displayed_price,1,review
Coles,VIC METRO,"Coles Catalogue April 2 - 8, 2025 VIC METRO",2025-04-02,2025-04-09,35,Patties Party Pack 30 Pack 1.25kg,14.4,18.0,3.6,20.0,save_amount,30 Pack; 1.25kg,$1.15 per 100g,WASS18 | WASS18 | Patties Party Pack 30 Pack 1.25kg | $1.15 per 100g | $1.15,95.37,True,single_price_evidence,https://caau.syd1.cdn.digitaloceanspaces.com/wp-content/uploads/catalogue/coles/coles-catalogue-april-2-8-2025-vic-metro/35.jpg,https://www.catalogueau.com/coles/#catalogue=coles/coles-catalogue-april-2-8-2025-vic-metro/,displayed_price,displayed_price,1,review
Coles,VIC METRO,"Coles Catalogue April 2 - 8, 2025 VIC METRO",2025-04-02,2025-04-09,35,The Sweetporium Co Ice Cream Sticks 4 Pack 380mL,7.0,,,,special,4 Pack; 380mL,$1.84 per 100mL,The Sweetporium Co Ice Cream Sticks 4 Pack | 380mL $1.84 per 100mL,92.68,False,,https://caau.syd1.cdn.digitaloceanspaces.com/wp-content/uploads/catalogue/coles/coles-catalogue-april-2-8-2025-vic-metro/35.jpg,https://www.catalogueau.com/coles/#catalogue=coles/coles-catalogue-april-2-8-2025-vic-metro/,displayed_price,displayed_price;unit_price,2,verified
Coles,VIC METRO,"Coles Catalogue April 2 - 8, 2025 VIC METRO",2025-04-02,2025-04-09,35,Denada No Added Sugar Dessert Tub 473mL,10.5,,,,special,473mL,$2.22 per 100mL,Denada No Added Sugar Dessert Tub 473mL | $2.22 per 100mL | I,94.79,False,,https://caau.syd1.cdn.digitaloceanspaces.com/wp-content/uploads/catalogue/coles/coles-catalogue-april-2-8-2025-vic-metro/35.jpg,https://www.catalogueau.com/coles/#catalogue=coles/coles-catalogue-april-2-8-2025-vic-metro/,displayed_price,displayed_price;unit_price,2,verified
Coles,VIC METRO,"Coles Catalogue April 2 - 8, 2025 VIC METRO",2025-04-02,2025-04-09,35,Coles Finest Ti Coles Finest Tiger Prawn Selection Dim Sim 12 Pack 300g,14.0,,,,special,12 Pack; 300g,$4.67 per 100g,Coles Finest Ti | Coles Finest Tiger Prawn Selection Dim Sim | 12 Pack 300g $4.67 per 100g. While stocks last. | No rainchecks | Catalogue on sale Wed 2nd Apr until Tue 8th Apr 2025 or until Tue 15th Apr where indicated.Selected specials | commenced Wed 26th Mar. Promotional prices commence 7am Wednesday and may commence or extend beyond,79.0,True,low_name_confidence_strict,https://caau.syd1.cdn.digitaloceanspaces.com/wp-content/uploads/catalogue/coles/coles-catalogue-april-2-8-2025-vic-metro/35.jpg,https://www.catalogueau.com/coles/#catalogue=coles/coles-catalogue-april-2-8-2025-vic-metro/,displayed_price,displayed_price;unit_price,2,review
Coles,VIC METRO,"Coles Catalogue April 2 - 8, 2025 VIC METRO",2025-04-02,2025-04-09,36,Oral B 3D White Luxe Glamorous White Toothpaste 95g,5.0,10.0,5.0,50.0,half_price,95g,$5.26 per 100g,SAVESS. | WASS10 | Oral B 3D White Luxe Glamorous White | Toothpaste 95g $5.26 per 100g | <a,96.19,False,,https://caau.syd1.cdn.digitaloceanspaces.com/wp-content/uploads/catalogue/coles/coles-catalogue-april-2-8-2025-vic-metro/36.jpg,https://www.catalogueau.com/coles/#catalogue=coles/coles-catalogue-april-2-8-2025-vic-metro/,displayed_price,displayed_price;unit_price,2,verified
Coles,VIC METRO,"Coles Catalogue April 2 - 8, 2025 VIC METRO",2025-04-02,2025-04-09,36,Oral B Pro 1500X Sensitive Clean Electric Toothbrush 1 Pack,65.0,130.0,65.0,50.0,half_price,1 Pack,,SAVE‘ | WASS130 | Oral B Pro 1500X Sensitive Clean Electric | Toothbrush 1 Pack,95.62,True,single_price_evidence,https://caau.syd1.cdn.digitaloceanspaces.com/wp-content/uploads/catalogue/coles/coles-catalogue-april-2-8-2025-vic-metro/36.jpg,https://www.catalogueau.com/coles/#catalogue=coles/coles-catalogue-april-2-8-2025-vic-metro/,displayed_price,displayed_price,1,review
Coles,VIC METRO,"Coles Catalogue April 2 - 8, 2025 VIC METRO",2025-04-02,2025-04-09,36,Col ate Sensitive Pro Relief,7.5,11.0,3.5,31.82,save_amount,,$6.82 per 100g,SAVES3.50 | Col | ate Sensitive Pro Relief | i | Whi | Whitening Toothpaste 110g | $6.82 per 100g,96.13,True,single_price_evidence,https://caau.syd1.cdn.digitaloceanspaces.com/wp-content/uploads/catalogue/coles/coles-catalogue-april-2-8-2025-vic-metro/36.jpg,https://www.catalogueau.com/coles/#catalogue=coles/coles-catalogue-april-2-8-2025-vic-metro/,displayed_price,displayed_price,1,review
Coles,VIC METRO,"Coles Catalogue April 2 - 8, 2025 VIC METRO",2025-04-02,2025-04-09,36,Palmolive Naturals Body Wash 1 Litre,7.0,12.0,5.0,41.67,save_amount,1 Litre,$0.70 per 100mL,SAVESS | WASS12 | Palmolive Naturals Body Wash | 1 Litre $0.70 per 100mL,95.48,False,,https://caau.syd1.cdn.digitaloceanspaces.com/wp-content/uploads/catalogue/coles/coles-catalogue-april-2-8-2025-vic-metro/36.jpg,https://www.catalogueau.com/coles/#catalogue=coles/coles-catalogue-april-2-8-2025-vic-metro/,displayed_price,displayed_price;unit_price,2,verified
Coles,VIC METRO,"Coles Catalogue April 2 - 8, 2025 VIC METRO",2025-04-02,2025-04-09,36,Nivea Antiperspirant Aerosol Deodorant 250mL,5.7,9.5,3.8,40.0,save_amount,250mL,$2.28 per 100mL,SAVE*3.80 | WASS9.50 | Nivea Antiperspirant | Aerosol Deodorant 250mL | $2.28 per 100mL,93.53,False,,https://caau.syd1.cdn.digitaloceanspaces.com/wp-content/uploads/catalogue/coles/coles-catalogue-april-2-8-2025-vic-metro/36.jpg,https://www.catalogueau.com/coles/#catalogue=coles/coles-catalogue-april-2-8-2025-vic-metro/,save_was_arithmetic,save_was_arithmetic;unit_price,2,verified
Coles,VIC METRO,"Coles Catalogue April 2 - 8, 2025 VIC METRO",2025-04-02,2025-04-09,36,Lynx Antiperspirant Aerosol Deodorant or Body Spray 165mL,5.5,8.0,2.5,31.25,save_amount,165mL,$3.33 per 100mL,SAVES2.50 | WASS8 | Lynx Antiperspirant | Aerosol Deodorant | or Body Spray 165mL | $3.33 per 100mL | 36,94.63,False,,https://caau.syd1.cdn.digitaloceanspaces.com/wp-content/uploads/catalogue/coles/coles-catalogue-april-2-8-2025-vic-metro/36.jpg,https://www.catalogueau.com/coles/#catalogue=coles/coles-catalogue-april-2-8-2025-vic-metro/,save_was_arithmetic,displayed_price;save_was_arithmetic;unit_price,3,verified
Coles,VIC METRO,"Coles Catalogue April 2 - 8, 2025 VIC METRO",2025-04-02,2025-04-09,36,Rexona Clinical Protection Antiperspirant Aerosol Deodorant 180mL,8.0,12.0,4.0,33.33,save_amount,180mL,$4.44 per 100mL,SAVE*4 | WASS12 | Rexona Clinical Protection | Antiperspirant Aerosol | Deodorant 180mL | $4.44 per 100mL,93.66,False,,https://caau.syd1.cdn.digitaloceanspaces.com/wp-content/uploads/catalogue/coles/coles-catalogue-april-2-8-2025-vic-metro/36.jpg,https://www.catalogueau.com/coles/#catalogue=coles/coles-catalogue-april-2-8-2025-vic-metro/,save_was_arithmetic,displayed_price;save_was_arithmetic;unit_price,3,verified
Coles,VIC METRO,"Coles Catalogue April 2 - 8, 2025 VIC METRO",2025-04-02,2025-04-09,36,Revion ColorStay Brow Pencil 0.35g,46.0,53.5,7.5,14.02,save_amount,0.35g,,SAVES7.50 | Revion ColorStay | Brow Pencil 0.35g | $471.43 per 10g | VIC-METRO-0204-25-349503,92.39,True,single_price_evidence,https://caau.syd1.cdn.digitaloceanspaces.com/wp-content/uploads/catalogue/coles/coles-catalogue-april-2-8-2025-vic-metro/36.jpg,https://www.catalogueau.com/coles/#catalogue=coles/coles-catalogue-april-2-8-2025-vic-metro/,displayed_price,displayed_price,1,review
Coles,VIC METRO,"Coles Catalogue April 2 - 8, 2025 VIC METRO",2025-04-02,2025-04-09,36,Cetaphil Gentle Skin Cleanser 500mL,13.0,22.0,9.0,40.91,save_amount,500mL,$2.60 per 100mL,"SAVES9 | ‘WAS$22, | Cetaphil Gentle Skin | Cleanser 500mL | $2.60 per 100mL | 36",93.09,False,,https://caau.syd1.cdn.digitaloceanspaces.com/wp-content/uploads/catalogue/coles/coles-catalogue-april-2-8-2025-vic-metro/36.jpg,https://www.catalogueau.com/coles/#catalogue=coles/coles-catalogue-april-2-8-2025-vic-metro/,save_was_arithmetic,displayed_price;save_was_arithmetic;unit_price,3,verified
Coles,VIC METRO,"Coles Catalogue April 2 - 8, 2025 VIC METRO",2025-04-02,2025-04-09,37,WaterWipes Baby Wipes 180 Pack,14.0,,,,special,180 Pack,$7.78 per 100 each,WaterWipes Baby Wipes | 180 Pack $7.78 per 100 each | GLOW,95.56,False,,https://caau.syd1.cdn.digitaloceanspaces.com/wp-content/uploads/catalogue/coles/coles-catalogue-april-2-8-2025-vic-metro/37.jpg,https://www.catalogueau.com/coles/#catalogue=coles/coles-catalogue-april-2-8-2025-vic-metro/,displayed_price,displayed_price;unit_price,2,verified
Coles,VIC METRO,"Coles Catalogue April 2 - 8, 2025 VIC METRO",2025-04-02,2025-04-09,37,Tena Insta Dry Continence Pads Extra Long 6 Pack or Mini Plus 16 Pack,5.0,,,,special,6 Pack; 16 Pack,,Tena Insta Dry Continence Pads | Extra Long 6 Pack or Mini Plus | 16 Pack,96.39,True,offer_labels_missing;save_amount_missing;regular_price_missing;single_price_evidence,https://caau.syd1.cdn.digitaloceanspaces.com/wp-content/uploads/catalogue/coles/coles-catalogue-april-2-8-2025-vic-metro/37.jpg,https://www.catalogueau.com/coles/#catalogue=coles/coles-catalogue-april-2-8-2025-vic-metro/,displayed_price,displayed_price,1,review
Coles,VIC METRO,"Coles Catalogue April 2 - 8, 2025 VIC METRO",2025-04-02,2025-04-09,37,Tena Plus Continence Night Pants Size L 12 Pack,17.5,,,,special,12 Pack,$1.46 per each,Tena Plus Continence Night | Pants Size L 12 Pack | $1.46 per each,95.38,True,offer_labels_missing;save_amount_missing;regular_price_missing;single_price_evidence,https://caau.syd1.cdn.digitaloceanspaces.com/wp-content/uploads/catalogue/coles/coles-catalogue-april-2-8-2025-vic-metro/37.jpg,https://www.catalogueau.com/coles/#catalogue=coles/coles-catalogue-april-2-8-2025-vic-metro/,displayed_price,displayed_price,1,review
Coles,VIC METRO,"Coles Catalogue April 2 - 8, 2025 VIC METRO",2025-04-02,2025-04-09,37,Glow Lab Body Wash 900mL,9.0,,,,special,900mL,$1.00 per 100mL,Glow Lab Body | Wash 900mL | $1.00 per 100mL | 37,79.0,True,low_name_confidence_strict,https://caau.syd1.cdn.digitaloceanspaces.com/wp-content/uploads/catalogue/coles/coles-catalogue-april-2-8-2025-vic-metro/37.jpg,https://www.catalogueau.com/coles/#catalogue=coles/coles-catalogue-april-2-8-2025-vic-metro/,displayed_price,displayed_price;unit_price,2,review
Coles,VIC METRO,"Coles Catalogue April 2 - 8, 2025 VIC METRO",2025-04-02,2025-04-09,37,low Lab Hand G Wash 300mL,4.0,,,,special,300mL,$1.33 per 100mL,low Lab Hand | G | Wash 300mL | $1.33 per 100mL,79.0,True,low_name_confidence_strict,https://caau.syd1.cdn.digitaloceanspaces.com/wp-content/uploads/catalogue/coles/coles-catalogue-april-2-8-2025-vic-metro/37.jpg,https://www.catalogueau.com/coles/#catalogue=coles/coles-catalogue-april-2-8-2025-vic-metro/,displayed_price,displayed_price;unit_price,2,review
Coles,VIC METRO,"Coles Catalogue April 2 - 8, 2025 VIC METRO",2025-04-02,2025-04-09,38,Palmolive Ultra Dishwashing Liquid 950mL,4.25,8.5,4.25,50.0,half_price,950mL,$0.45 per 100mL,SAVE%4.25 | WAS$8.50 | Palmolive Ultra Dishwashing | Liquid 950mL $0.45 per 100mL | “as,93.92,False,,https://caau.syd1.cdn.digitaloceanspaces.com/wp-content/uploads/catalogue/coles/coles-catalogue-april-2-8-2025-vic-metro/38.jpg,https://www.catalogueau.com/coles/#catalogue=coles/coles-catalogue-april-2-8-2025-vic-metro/,save_was_arithmetic,displayed_price;save_was_arithmetic;unit_price,3,verified
Coles,VIC METRO,"Coles Catalogue April 2 - 8, 2025 VIC METRO",2025-04-02,2025-04-09,38,Finish Rinse & Shine Aid 250mL,4.0,8.0,4.0,50.0,half_price,250mL,$1.60 per 100mL,SAVE54 | WASS8 | Finish Rinse & Shine Aid | 250mL $1.60 per 100mL | “as,94.05,False,,https://caau.syd1.cdn.digitaloceanspaces.com/wp-content/uploads/catalogue/coles/coles-catalogue-april-2-8-2025-vic-metro/38.jpg,https://www.catalogueau.com/coles/#catalogue=coles/coles-catalogue-april-2-8-2025-vic-metro/,displayed_price,displayed_price;unit_price,2,verified
Coles,VIC METRO,"Coles Catalogue April 2 - 8, 2025 VIC METRO",2025-04-02,2025-04-09,38,White King Toilet Gel 700mL,3.1,6.2,3.1,50.0,half_price,700mL,$0.44 per 100mL,SAVE53.10 | WASS$6.20 | White King Toilet Gel 700mL | $0.44 per 100mL,94.89,True,single_price_evidence,https://caau.syd1.cdn.digitaloceanspaces.com/wp-content/uploads/catalogue/coles/coles-catalogue-april-2-8-2025-vic-metro/38.jpg,https://www.catalogueau.com/coles/#catalogue=coles/coles-catalogue-april-2-8-2025-vic-metro/,unit_price,unit_price,1,review
Coles,VIC METRO,"Coles Catalogue April 2 - 8, 2025 VIC METRO",2025-04-02,2025-04-09,38,Earth Choice Antibacterial All Purpose Cleaner 600mL,2.5,4.0,1.5,37.5,save_amount,600mL,$0.42 per 100mL,SAVE*1.50 | Earth Choice Antibacterial All Purpose Cleaner | 600mL $0.42 per 100mL,93.89,True,single_price_evidence,https://caau.syd1.cdn.digitaloceanspaces.com/wp-content/uploads/catalogue/coles/coles-catalogue-april-2-8-2025-vic-metro/38.jpg,https://www.catalogueau.com/coles/#catalogue=coles/coles-catalogue-april-2-8-2025-vic-metro/,unit_price,unit_price,1,review
Coles,VIC METRO,"Coles Catalogue April 2 - 8, 2025 VIC METRO",2025-04-02,2025-04-09,38,Glen 20 Disinfectant Spray 300g,5.5,9.5,4.0,42.11,save_amount,300g,$1.83 per 100g,WASS9.50 | WASS9.50 | Glen 20 Disinfectant Spray 300g | $1.83 per 100g | EXTRA LARGE PACK 159 | ‘ | goa | al,96.69,True,single_price_evidence,https://caau.syd1.cdn.digitaloceanspaces.com/wp-content/uploads/catalogue/coles/coles-catalogue-april-2-8-2025-vic-metro/38.jpg,https://www.catalogueau.com/coles/#catalogue=coles/coles-catalogue-april-2-8-2025-vic-metro/,unit_price,unit_price,1,review
Coles,VIC METRO,"Coles Catalogue April 2 - 8, 2025 VIC METRO",2025-04-02,2025-04-09,38,Dettol Multipurpose Disinfectant Wipes 150 Pack,7.5,15.0,7.5,50.0,half_price,150 Pack,$0.05 per each,WASS$15 | WASS$15 | APR 2025 | Dettol Multipurpose Disinfectant Wipes 150 Pack | $0.05 per each,95.59,True,inferred_price_requires_review,https://caau.syd1.cdn.digitaloceanspaces.com/wp-content/uploads/catalogue/coles/coles-catalogue-april-2-8-2025-vic-metro/38.jpg,https://www.catalogueau.com/coles/#catalogue=coles/coles-catalogue-april-2-8-2025-vic-metro/,page_discount_inference,page_discount,0,review
Coles,VIC METRO,"Coles Catalogue April 2 - 8, 2025 VIC METRO",2025-04-02,2025-04-09,38,Temptations Cat Treats 85g,4.0,5.5,1.5,27.27,save_amount,85g,$4.71 per 100g,SAVES1.50 | WASS5.50 | Temptations Cat Treats 85g | $4.71 per 100g,81.31,False,,https://caau.syd1.cdn.digitaloceanspaces.com/wp-content/uploads/catalogue/coles/coles-catalogue-april-2-8-2025-vic-metro/38.jpg,https://www.catalogueau.com/coles/#catalogue=coles/coles-catalogue-april-2-8-2025-vic-metro/,save_was_arithmetic,displayed_price;save_was_arithmetic;unit_price,3,verified
Coles,VIC METRO,"Coles Catalogue April 2 - 8, 2025 VIC METRO",2025-04-02,2025-04-09,38,Premi-Yum Free Range Chicken Mince Dog or Cat Food 2kg,8.5,11.0,2.5,22.73,save_amount,2kg,$4.25 per kg,WASS11 | WASS11 | JAN 2025 | Premi-Yum Free Range Chicken | Mince Dog or Cat Food 2kg | $4.25 per kg. | From the chilled pet food fridge,95.04,False,,https://caau.syd1.cdn.digitaloceanspaces.com/wp-content/uploads/catalogue/coles/coles-catalogue-april-2-8-2025-vic-metro/38.jpg,https://www.catalogueau.com/coles/#catalogue=coles/coles-catalogue-april-2-8-2025-vic-metro/,displayed_price,displayed_price;unit_price,2,verified
Coles,VIC METRO,"Coles Catalogue April 2 - 8, 2025 VIC METRO",2025-04-02,2025-04-09,38,Optimum Dog Food 400g,2.8,3.45,0.65,18.84,save_amount,400g,$0.70 per 100g,WAS $3.45 | WAS $3.45 | MAR 2025 | Optimum Dog Food 400g | $0.70 per 100g | 38,96.4,True,single_price_evidence,https://caau.syd1.cdn.digitaloceanspaces.com/wp-content/uploads/catalogue/coles/coles-catalogue-april-2-8-2025-vic-metro/38.jpg,https://www.catalogueau.com/coles/#catalogue=coles/coles-catalogue-april-2-8-2025-vic-metro/,unit_price,unit_price,1,review
Coles,VIC METRO,"Coles Catalogue April 2 - 8, 2025 VIC METRO",2025-04-02,2025-04-09,39,Dine Daily Cat Food 85g,0.95,1.6,0.65,40.62,save_amount,85g,$1.12 per 100g,SAVE 65‘ | WASS1.60 | Dine Daily Cat Food 85g | $1.12 per 100g | $1.12 | Tao,96.12,True,single_price_evidence,https://caau.syd1.cdn.digitaloceanspaces.com/wp-content/uploads/catalogue/coles/coles-catalogue-april-2-8-2025-vic-metro/39.jpg,https://www.catalogueau.com/coles/#catalogue=coles/coles-catalogue-april-2-8-2025-vic-metro/,unit_price,unit_price,1,review
Coles,VIC METRO,"Coles Catalogue April 2 - 8, 2025 VIC METRO",2025-04-02,2025-04-09,39,Whiskas Favourites Cat Food 12x85g,9.0,13.0,4.0,30.77,save_amount,12x85g,$0.88 per 100g,SAVES4 | WASS13 | Whiskas Favourites Cat Food | 12x85g $0.88 per 100g,95.05,False,,https://caau.syd1.cdn.digitaloceanspaces.com/wp-content/uploads/catalogue/coles/coles-catalogue-april-2-8-2025-vic-metro/39.jpg,https://www.catalogueau.com/coles/#catalogue=coles/coles-catalogue-april-2-8-2025-vic-metro/,save_was_arithmetic,displayed_price;save_was_arithmetic;unit_price,3,verified
Coles,VIC METRO,"Coles Catalogue April 2 - 8, 2025 VIC METRO",2025-04-02,2025-04-09,39,Fussy Cat Grainfree Dry Cat Food 500g,4.5,6.5,2.0,30.77,save_amount,500g,$0.90 per 100g,SAVE 52 | WASS6.50 | Fussy Cat Grainfree Dry Cat Food | 500g $0.90 per 100g | Ce ey,95.48,False,,https://caau.syd1.cdn.digitaloceanspaces.com/wp-content/uploads/catalogue/coles/coles-catalogue-april-2-8-2025-vic-metro/39.jpg,https://www.catalogueau.com/coles/#catalogue=coles/coles-catalogue-april-2-8-2025-vic-metro/,save_was_arithmetic,save_was_arithmetic;unit_price,2,verified
Coles,VIC METRO,"Coles Catalogue April 2 - 8, 2025 VIC METRO",2025-04-02,2025-04-09,39,Optimum Dry Cat Food 1.8kg-2kg,20.0,25.0,5.0,20.0,save_amount,1.8kg; 2kg,,SAVES | WASS25 | Optimum Dry Cat Food | 1.8kg-2kg,94.0,True,single_price_evidence,https://caau.syd1.cdn.digitaloceanspaces.com/wp-content/uploads/catalogue/coles/coles-catalogue-april-2-8-2025-vic-metro/39.jpg,https://www.catalogueau.com/coles/#catalogue=coles/coles-catalogue-april-2-8-2025-vic-metro/,displayed_price,displayed_price,1,review
Coles,VIC METRO,"Coles Catalogue April 2 - 8, 2025 VIC METRO",2025-04-02,2025-04-09,39,Pedigree Dry Dog Food 2.5kg-3kg,12.0,15.0,3.0,20.0,save_amount,2.5kg; 3kg,,SAVE*3 | WASS15 | Pedigree Dry Dog Food | 2.5kg-3kg | ——,94.2,False,,https://caau.syd1.cdn.digitaloceanspaces.com/wp-content/uploads/catalogue/coles/coles-catalogue-april-2-8-2025-vic-metro/39.jpg,https://www.catalogueau.com/coles/#catalogue=coles/coles-catalogue-april-2-8-2025-vic-metro/,save_was_arithmetic,displayed_price;save_was_arithmetic,2,verified
Coles,VIC METRO,"Coles Catalogue April 2 - 8, 2025 VIC METRO",2025-04-02,2025-04-09,39,Nature's Gift Meatballs Dog Food 700g,4.2,6.0,1.8,30.0,save_amount,700g,$0.60 per 100g,SAVE*1.80 | WASS6 | Nature's Gift Meatballs Dog Food | 700g $0.60 per 100g. | From the chilled pet food fridge | 39,79.0,True,low_name_confidence_strict,https://caau.syd1.cdn.digitaloceanspaces.com/wp-content/uploads/catalogue/coles/coles-catalogue-april-2-8-2025-vic-metro/39.jpg,https://www.catalogueau.com/coles/#catalogue=coles/coles-catalogue-april-2-8-2025-vic-metro/,save_was_arithmetic,save_was_arithmetic;unit_price,2,review
Coles,VIC METRO,"Coles Catalogue April 2 - 8, 2025 VIC METRO",2025-04-02,2025-04-09,39,Pedigree Dentastix 28 Pack,17.0,24.0,7.0,29.17,save_amount,28 Pack,,SAVES7 | WASS$24 | Pedigree Dentastix 28 Pack | 0.61 per each,93.52,False,,https://caau.syd1.cdn.digitaloceanspaces.com/wp-content/uploads/catalogue/coles/coles-catalogue-april-2-8-2025-vic-metro/39.jpg,https://www.catalogueau.com/coles/#catalogue=coles/coles-catalogue-april-2-8-2025-vic-metro/,save_was_arithmetic,displayed_price;save_was_arithmetic,2,verified
Coles,VIC METRO,"Coles Catalogue April 2 - 8, 2025 VIC METRO",2025-04-02,2025-04-09,39,Schmackos Dog Treats 200g,6.4,,,,special,200g,$3.20 per 100g,Schmackos Dog Treats 200g | $3.20 per 100g | VIC-METRO-0204-25-349503,94.83,True,offer_labels_missing;save_amount_missing;regular_price_missing;inferred_price_requires_review,https://caau.syd1.cdn.digitaloceanspaces.com/wp-content/uploads/catalogue/coles/coles-catalogue-april-2-8-2025-vic-metro/39.jpg,https://www.catalogueau.com/coles/#catalogue=coles/coles-catalogue-april-2-8-2025-vic-metro/,unit_price,grid_inference;unit_price,1,review
Coles,VIC METRO,"Coles Catalogue April 2 - 8, 2025 VIC METRO",2025-04-02,2025-04-09,41,Smash Blue Stainless Steel Bento Box 1300mL,13.75,27.5,13.75,50.0,half_price,1300mL,$13.75 per each,SAVE*13.75 ‘ | WAS$27.50 | Smash Blue Stainless Steel | Bento Box 1300mL | $13.75 per each | me | BA,94.81,False,,https://caau.syd1.cdn.digitaloceanspaces.com/wp-content/uploads/catalogue/coles/coles-catalogue-april-2-8-2025-vic-metro/41.jpg,https://www.catalogueau.com/coles/#catalogue=coles/coles-catalogue-april-2-8-2025-vic-metro/,save_was_arithmetic,save_was_arithmetic;unit_price,2,verified
Coles,VIC METRO,"Coles Catalogue April 2 - 8, 2025 VIC METRO",2025-04-02,2025-04-09,41,Smash Blue Stainless Steel Barista Cup 350mL,13.0,26.0,13.0,50.0,half_price,350mL,$13.00 per each,SAVES13 | WAS$26 | Smash Blue Stainless Steel | Barista Cup 350mL | $13.00 per each,95.18,False,,https://caau.syd1.cdn.digitaloceanspaces.com/wp-content/uploads/catalogue/coles/coles-catalogue-april-2-8-2025-vic-metro/41.jpg,https://www.catalogueau.com/coles/#catalogue=coles/coles-catalogue-april-2-8-2025-vic-metro/,save_was_arithmetic,displayed_price;save_was_arithmetic;unit_price,3,verified
Coles,VIC METRO,"Coles Catalogue April 2 - 8, 2025 VIC METRO",2025-04-02,2025-04-09,41,Smash Stainless Steel Colour Change Sipper 750mL,8.0,16.0,8.0,50.0,half_price,750mL,$8.00 per each,WASS16 | WASS16 | Smash Stainless Steel Colour | Change Sipper 750mL | $8.00 per each | je,94.06,False,,https://caau.syd1.cdn.digitaloceanspaces.com/wp-content/uploads/catalogue/coles/coles-catalogue-april-2-8-2025-vic-metro/41.jpg,https://www.catalogueau.com/coles/#catalogue=coles/coles-catalogue-april-2-8-2025-vic-metro/,displayed_price,displayed_price;page_discount;unit_price,2,verified
Coles,VIC METRO,"Coles Catalogue April 2 - 8, 2025 VIC METRO",2025-04-02,2025-04-09,41,NRG Batteries AA or AAA 24 Pack,13.25,26.5,13.25,50.0,half_price,24 Pack,$0.55 per each,SAVES13.25 | WASS$26.50 | NRG Batteries AA or AAA 24 Pack | $0.55 per each | - | mes | tis,96.13,False,,https://caau.syd1.cdn.digitaloceanspaces.com/wp-content/uploads/catalogue/coles/coles-catalogue-april-2-8-2025-vic-metro/41.jpg,https://www.catalogueau.com/coles/#catalogue=coles/coles-catalogue-april-2-8-2025-vic-metro/,save_was_arithmetic,displayed_price;save_was_arithmetic,2,verified
Coles,VIC METRO,"Coles Catalogue April 2 - 8, 2025 VIC METRO",2025-04-02,2025-04-09,41,Tefal Cook Right Non Stick Frypan 24cm,25.5,34.0,8.5,25.0,save_amount,,,SAVES8.50 | WAS$34 | Tefal Cook Right Non Stick | Frypan 24cm | aS | mes,94.93,True,single_price_evidence,https://caau.syd1.cdn.digitaloceanspaces.com/wp-content/uploads/catalogue/coles/coles-catalogue-april-2-8-2025-vic-metro/41.jpg,https://www.catalogueau.com/coles/#catalogue=coles/coles-catalogue-april-2-8-2025-vic-metro/,save_was_arithmetic,save_was_arithmetic,1,review
Coles,VIC METRO,"Coles Catalogue April 2 - 8, 2025 VIC METRO",2025-04-02,2025-04-09,41,Redheads Turbo Gasmatch,7.0,14.0,7.0,50.0,half_price,,$7.00 per each,WASS14 | WASS14 | Redheads Turbo Gasmatch | $7.00 per each,94.08,False,,https://caau.syd1.cdn.digitaloceanspaces.com/wp-content/uploads/catalogue/coles/coles-catalogue-april-2-8-2025-vic-metro/41.jpg,https://www.catalogueau.com/coles/#catalogue=coles/coles-catalogue-april-2-8-2025-vic-metro/,displayed_price,displayed_price;page_discount;unit_price,2,verified
Coles,VIC METRO,"Coles Catalogue April 2 - 8, 2025 VIC METRO",2025-04-02,2025-04-09,41,Easter Paint Your Own Bunny or Wooden,9.0,,,,special,,,Easter Paint Your Own | Bunny or Wooden | Decorations,96.66,True,offer_labels_missing;save_amount_missing;regular_price_missing;single_price_evidence,https://caau.syd1.cdn.digitaloceanspaces.com/wp-content/uploads/catalogue/coles/coles-catalogue-april-2-8-2025-vic-metro/41.jpg,https://www.catalogueau.com/coles/#catalogue=coles/coles-catalogue-april-2-8-2025-vic-metro/,displayed_price,displayed_price,1,review
Coles,VIC METRO,"Coles Catalogue April 2 - 8, 2025 VIC METRO",2025-04-02,2025-04-09,41,Easter Craft Case or Fluffy Bunny Easter,9.0,,,,special,,,Easter Craft Case | or Fluffy Bunny Easter | Basket,96.48,True,offer_labels_missing;save_amount_missing;regular_price_missing;single_price_evidence,https://caau.syd1.cdn.digitaloceanspaces.com/wp-content/uploads/catalogue/coles/coles-catalogue-april-2-8-2025-vic-metro/41.jpg,https://www.catalogueau.com/coles/#catalogue=coles/coles-catalogue-april-2-8-2025-vic-metro/,displayed_price,displayed_price,1,review
Coles,VIC METRO,"Coles Catalogue April 2 - 8, 2025 VIC METRO",2025-04-02,2025-04-09,43,"Telstra T-Inspire +6"" LCD display",79.0,99.0,20.0,20.2,save_amount,,,"SAVE520 | WASS99 | Telstra T-Inspire | +6"" LCD display | +Rear camera (8MP) + 5MP front camera | ¢ 32GB internal memory | +3000mAh battery",91.05,True,single_price_evidence,https://caau.syd1.cdn.digitaloceanspaces.com/wp-content/uploads/catalogue/coles/coles-catalogue-april-2-8-2025-vic-metro/43.jpg,https://www.catalogueau.com/coles/#catalogue=coles/coles-catalogue-april-2-8-2025-vic-metro/,displayed_price,displayed_price,1,review
Coles,VIC METRO,"Coles Catalogue April 2 - 8, 2025 VIC METRO",2025-04-02,2025-04-09,43,"Motorola G04 *6.6"" 90Hz",129.0,149.0,20.0,13.42,save_amount,,,"SAVE*20 | WASS149 | Motorola G04 | *6.6"" 90Hz | LCD display | *Rear camera | (I6MP with flash) + | SMP front camera",78.27,True,low_name_confidence_strict,https://caau.syd1.cdn.digitaloceanspaces.com/wp-content/uploads/catalogue/coles/coles-catalogue-april-2-8-2025-vic-metro/43.jpg,https://www.catalogueau.com/coles/#catalogue=coles/coles-catalogue-april-2-8-2025-vic-metro/,save_was_arithmetic,displayed_price;save_was_arithmetic,2,review
Coles,VIC METRO,"Coles Catalogue April 2 - 8, 2025 VIC METRO",2025-04-02,2025-04-09,43,Nokia C22 *6.5° HD+,159.0,179.0,20.0,11.17,save_amount,,,SAVE*20 | WASS179 | Nokia C22 | *6.5° HD+ | LCD display | «Dual rear camera | (13MP + 2MP) + | 8MP front camera,82.54,False,,https://caau.syd1.cdn.digitaloceanspaces.com/wp-content/uploads/catalogue/coles/coles-catalogue-april-2-8-2025-vic-metro/43.jpg,https://www.catalogueau.com/coles/#catalogue=coles/coles-catalogue-april-2-8-2025-vic-metro/,save_was_arithmetic,displayed_price;save_was_arithmetic,2,verified
Coles,VIC METRO,"Coles Catalogue April 2 - 8, 2025 VIC METRO",2025-04-02,2025-04-09,43,iPhone XR 64GB Premium Refurbished,279.0,399.0,120.0,30.08,save_amount,,,"SAVE*120 | WAS$399 | iPhone XR 64GB Premium | Refurbished | regional areas and continues to expand. Check our coverage ma | a & | Manufactured by TCL, Motor | fol",96.01,True,single_price_evidence,https://caau.syd1.cdn.digitaloceanspaces.com/wp-content/uploads/catalogue/coles/coles-catalogue-april-2-8-2025-vic-metro/43.jpg,https://www.catalogueau.com/coles/#catalogue=coles/coles-catalogue-april-2-8-2025-vic-metro/,save_was_arithmetic,save_was_arithmetic,1,review
