retailer,region,catalogue_title,catalogue_start_date,catalogue_end_date,page_number,product_name,special_price,regular_price,save_amount,discount_percent,promo_type,pack_size,unit_price_text,offer_text,ocr_confidence,needs_review,review_reason,source_page_image,source_catalogue_url,price_source,price_evidence,evidence_count,verification_status
Coles,VIC METRO,"Coles Catalogue July 23 - 29, 2025 VIC METRO",2025-07-23,2025-07-30,1,Sanitarium Up&Go Liquid Breakfast 6x250mL,6.3,12.6,6.3,50.0,half_price,6x250mL,$4.20 per litre,WASS12.60 | WASS12.60 | Sanitarium Up&Go | Liquid Breakfast 6x250mL | $4.20 per litre | ¢,92.83,False,,https://caau.syd1.cdn.digitaloceanspaces.com/wp-content/uploads/catalogue/coles/coles-catalogue-july-23-29-2025-vic-metro/1.jpg,https://www.catalogueau.com/coles/#catalogue=coles/coles-catalogue-july-23-29-2025-vic-metro/,displayed_price,displayed_price;page_discount;unit_price,2,verified
Coles,VIC METRO,"Coles Catalogue July 23 - 29, 2025 VIC METRO",2025-07-23,2025-07-30,1,"Uncle Tobys Muesli Bars 145g-185g, Roll Ups 94g or Le Snak 132g",2.75,5.5,2.75,50.0,half_price,145g; 185g; 94g; 132g,,"WASS$5.50 | WASS$5.50 | Uncle Tobys Muesli Bars | 145g-185g, Roll Ups 94g | or Le Snak 132g | ——. | Do | gat",93.94,True,inferred_price_requires_review,https://caau.syd1.cdn.digitaloceanspaces.com/wp-content/uploads/catalogue/coles/coles-catalogue-july-23-29-2025-vic-metro/1.jpg,https://www.catalogueau.com/coles/#catalogue=coles/coles-catalogue-july-23-29-2025-vic-metro/,page_discount_inference,page_discount,0,review
Coles,VIC METRO,"Coles Catalogue July 23 - 29, 2025 VIC METRO",2025-07-23,2025-07-30,1,Arnott's Shapes Crackers 130g =,2.0,4.0,2.0,50.0,half_price,130g,,WASS4 | WASS4 | Arnott's Shapes Crackers | 130g = | MONEY | oN A | we noe,79.0,True,low_name_confidence_strict;inferred_price_requires_review,https://caau.syd1.cdn.digitaloceanspaces.com/wp-content/uploads/catalogue/coles/coles-catalogue-july-23-29-2025-vic-metro/1.jpg,https://www.catalogueau.com/coles/#catalogue=coles/coles-catalogue-july-23-29-2025-vic-metro/,displayed_price,displayed_price;page_discount,1,review
Coles,VIC METRO,"Coles Catalogue July 23 - 29, 2025 VIC METRO",2025-07-23,2025-07-30,1,Sorbent 3-Ply Silky White Toilet Paper 16 Pack,7.0,14.0,7.0,50.0,half_price,16 Pack,$0.24 per 100,WASS14 | WASS14 | Sorbent 3-Ply Silky White Toilet Paper | 16 Pack $0.24 per 100 sheets | Spend $20 and scan or link your | registered Flybuys for your chance,95.62,True,inferred_price_requires_review,https://caau.syd1.cdn.digitaloceanspaces.com/wp-content/uploads/catalogue/coles/coles-catalogue-july-23-29-2025-vic-metro/1.jpg,https://www.catalogueau.com/coles/#catalogue=coles/coles-catalogue-july-23-29-2025-vic-metro/,displayed_price,displayed_price;page_discount,1,review
Coles,VIC METRO,"Coles Catalogue July 23 - 29, 2025 VIC METRO",2025-07-23,2025-07-30,1,Coles Australian Pork & Beef Bolognese Mince Regular 500g,5.0,6.5,1.5,23.08,save_amount,500g,$10.00 per kg,WASS6.50 | WASS6.50 | Coles Australian Pork & Beef Bolognese | Mince Regular 500g $10.00 per kg | Product sold uncooked | FP-VIC-METRO-2307-25-435600,96.19,False,,https://caau.syd1.cdn.digitaloceanspaces.com/wp-content/uploads/catalogue/coles/coles-catalogue-july-23-29-2025-vic-metro/1.jpg,https://www.catalogueau.com/coles/#catalogue=coles/coles-catalogue-july-23-29-2025-vic-metro/,displayed_price,displayed_price;unit_price,2,verified
Coles,VIC METRO,"Coles Catalogue July 23 - 29, 2025 VIC METRO",2025-07-23,2025-07-30,1,pack ea,6.0,,,,special,,,"""6 | 30 | 6, | pack | ea | — 2""",93.86,True,offer_labels_missing;save_amount_missing;regular_price_missing;single_price_evidence,https://caau.syd1.cdn.digitaloceanspaces.com/wp-content/uploads/catalogue/coles/coles-catalogue-july-23-29-2025-vic-metro/1.jpg,https://www.catalogueau.com/coles/#catalogue=coles/coles-catalogue-july-23-29-2025-vic-metro/,displayed_price,displayed_price,1,review
Coles,VIC METRO,"Coles Catalogue July 23 - 29, 2025 VIC METRO",2025-07-23,2025-07-30,2,John West Tuna 95g,1.35,2.7,1.35,50.0,half_price,95g,$14.21 per kg,SAVE'1.35 | ‘WAS§2.70 | John West Tuna 95g | $14.21 per kg | Vy,94.45,False,,https://caau.syd1.cdn.digitaloceanspaces.com/wp-content/uploads/catalogue/coles/coles-catalogue-july-23-29-2025-vic-metro/2.jpg,https://www.catalogueau.com/coles/#catalogue=coles/coles-catalogue-july-23-29-2025-vic-metro/,save_was_arithmetic,displayed_price;save_was_arithmetic;unit_price,3,verified
Coles,VIC METRO,"Coles Catalogue July 23 - 29, 2025 VIC METRO",2025-07-23,2025-07-30,2,Cobs Popcorn 80g-120g,1.75,3.5,1.75,50.0,half_price,80g; 120g,,SAVE51.75 | ‘WAS$3.50_ | Cobs Popcorn 80g-120g,79.0,True,low_name_confidence_strict;single_price_evidence,https://caau.syd1.cdn.digitaloceanspaces.com/wp-content/uploads/catalogue/coles/coles-catalogue-july-23-29-2025-vic-metro/2.jpg,https://www.catalogueau.com/coles/#catalogue=coles/coles-catalogue-july-23-29-2025-vic-metro/,unknown,,0,review
Coles,VIC METRO,"Coles Catalogue July 23 - 29, 2025 VIC METRO",2025-07-23,2025-07-30,2,Sanitarium Weet-Bix Bites Cereal 500g-51,3.0,6.0,3.0,50.0,half_price,500g,,SAVE*3 | WASS6 | Sanitarium Weet-Bix Bites | Cereal 500g-51 | *See page 10 forl&Cs,92.5,False,,https://caau.syd1.cdn.digitaloceanspaces.com/wp-content/uploads/catalogue/coles/coles-catalogue-july-23-29-2025-vic-metro/2.jpg,https://www.catalogueau.com/coles/#catalogue=coles/coles-catalogue-july-23-29-2025-vic-metro/,save_was_arithmetic,displayed_price;save_was_arithmetic,2,verified
Coles,VIC METRO,"Coles Catalogue July 23 - 29, 2025 VIC METRO",2025-07-23,2025-07-30,2,Tip Top English Muffins 6 Pack 360g-400g,3.1,6.2,3.1,50.0,half_price,6 Pack; 360g; 400g,,SAVE53.10 | WASS6.20 | Tip Top English Muffins 6 Pack | 360g-400g | O==,79.0,True,low_name_confidence_strict;single_price_evidence,https://caau.syd1.cdn.digitaloceanspaces.com/wp-content/uploads/catalogue/coles/coles-catalogue-july-23-29-2025-vic-metro/2.jpg,https://www.catalogueau.com/coles/#catalogue=coles/coles-catalogue-july-23-29-2025-vic-metro/,displayed_price,displayed_price,1,review
Coles,VIC METRO,"Coles Catalogue July 23 - 29, 2025 VIC METRO",2025-07-23,2025-07-30,2,Cadbury Sharepack 120g-180g,3.5,7.0,3.5,50.0,half_price,120g; 180g,,SAVE *3.50 | WASS7 | Cadbury Sharepack | 120g-180g | 4) | BODY,79.0,True,low_name_confidence_strict,https://caau.syd1.cdn.digitaloceanspaces.com/wp-content/uploads/catalogue/coles/coles-catalogue-july-23-29-2025-vic-metro/2.jpg,https://www.catalogueau.com/coles/#catalogue=coles/coles-catalogue-july-23-29-2025-vic-metro/,save_was_arithmetic,displayed_price;save_was_arithmetic,2,review
Coles,VIC METRO,"Coles Catalogue July 23 - 29, 2025 VIC METRO",2025-07-23,2025-07-30,2,Streets Golden Gaytime Sticks 4 Pack 400mL,5.0,10.0,5.0,50.0,half_price,4 Pack; 400mL,$1.25 per 100mL,SAVE*5 | WASS10 | Streets Golden Gaytime Sticks | 4 Pack 400mL $1.25 per 100mL | —,93.47,False,,https://caau.syd1.cdn.digitaloceanspaces.com/wp-content/uploads/catalogue/coles/coles-catalogue-july-23-29-2025-vic-metro/2.jpg,https://www.catalogueau.com/coles/#catalogue=coles/coles-catalogue-july-23-29-2025-vic-metro/,save_was_arithmetic,displayed_price;save_was_arithmetic;unit_price,3,verified
Coles,VIC METRO,"Coles Catalogue July 23 - 29, 2025 VIC METRO",2025-07-23,2025-07-30,2,Radiant Laundry Liquid 2 Litre or Powder 2kg,10.0,20.0,10.0,50.0,half_price,2 Litre; 2kg,,SAVE510 | WAS$20 | Radiant Laundry Liquid | 2 Litre or Powder 2kg,95.54,True,single_price_evidence,https://caau.syd1.cdn.digitaloceanspaces.com/wp-content/uploads/catalogue/coles/coles-catalogue-july-23-29-2025-vic-metro/2.jpg,https://www.catalogueau.com/coles/#catalogue=coles/coles-catalogue-july-23-29-2025-vic-metro/,displayed_price,displayed_price,1,review
Coles,VIC METRO,"Coles Catalogue July 23 - 29, 2025 VIC METRO",2025-07-23,2025-07-30,2,Red Bull Energy Drink 8x250mL,10.5,21.0,10.5,50.0,half_price,8x250mL,$5.25 per litre,SAVE10.50 | WASS$21 | Red Bull Energy Drink 8x250mL | $5.25 per litre | VIC-METRO-2307-25-435600,94.74,False,,https://caau.syd1.cdn.digitaloceanspaces.com/wp-content/uploads/catalogue/coles/coles-catalogue-july-23-29-2025-vic-metro/2.jpg,https://www.catalogueau.com/coles/#catalogue=coles/coles-catalogue-july-23-29-2025-vic-metro/,save_was_arithmetic,save_was_arithmetic;unit_price,2,verified
Coles,VIC METRO,"Coles Catalogue July 23 - 29, 2025 VIC METRO",2025-07-23,2025-07-30,2,Dove Body Wash 1 Litre,9.5,19.0,9.5,50.0,half_price,1 Litre,$0.95 per 100mL,"SAVES9.50 | WASS19 | Dove Body Wash 1 Litre | $0.95 per 100mL | TExcludes Every Day, Down Down & clearance items | 2",96.75,False,,https://caau.syd1.cdn.digitaloceanspaces.com/wp-content/uploads/catalogue/coles/coles-catalogue-july-23-29-2025-vic-metro/2.jpg,https://www.catalogueau.com/coles/#catalogue=coles/coles-catalogue-july-23-29-2025-vic-metro/,save_was_arithmetic,displayed_price;save_was_arithmetic;unit_price,3,verified
Coles,VIC METRO,"Coles Catalogue July 23 - 29, 2025 VIC METRO",2025-07-23,2025-07-30,3,Cadbury Chocolate Bar 30g-55g,1.2,3.0,1.8,60.0,save_amount,30g; 55g,,SAVE*1.80 | WASS$3 | Cadbury Chocolate Bar | 30g-55g,93.55,False,,https://caau.syd1.cdn.digitaloceanspaces.com/wp-content/uploads/catalogue/coles/coles-catalogue-july-23-29-2025-vic-metro/3.jpg,https://www.catalogueau.com/coles/#catalogue=coles/coles-catalogue-july-23-29-2025-vic-metro/,save_was_arithmetic,displayed_price;save_was_arithmetic,2,verified
Coles,VIC METRO,"Coles Catalogue July 23 - 29, 2025 VIC METRO",2025-07-23,2025-07-30,3,Fantastic Delites Rice Snacks 100g,1.4,2.8,1.4,50.0,half_price,100g,$1.40 per 100g,SAVE51.40 | WASS2.80 | Fantastic Delites Rice Snacks | 100g $1.40 per 100g | a3,95.48,False,,https://caau.syd1.cdn.digitaloceanspaces.com/wp-content/uploads/catalogue/coles/coles-catalogue-july-23-29-2025-vic-metro/3.jpg,https://www.catalogueau.com/coles/#catalogue=coles/coles-catalogue-july-23-29-2025-vic-metro/,displayed_price,displayed_price;unit_price,2,verified
Coles,VIC METRO,"Coles Catalogue July 23 - 29, 2025 VIC METRO",2025-07-23,2025-07-30,3,McVities Plain or Milk Chocolate Digestives 266g-355g,2.75,5.5,2.75,50.0,half_price,266g; 355g,,SAVE'2.75 | WAS$5.50 | McVities Plain or Milk | Chocolate Digestives | 266g-355g,88.31,False,,https://caau.syd1.cdn.digitaloceanspaces.com/wp-content/uploads/catalogue/coles/coles-catalogue-july-23-29-2025-vic-metro/3.jpg,https://www.catalogueau.com/coles/#catalogue=coles/coles-catalogue-july-23-29-2025-vic-metro/,save_was_arithmetic,displayed_price;save_was_arithmetic,2,verified
Coles,VIC METRO,"Coles Catalogue July 23 - 29, 2025 VIC METRO",2025-07-23,2025-07-30,3,Arnott's TeeVee Snacks Biscuits 175g,2.75,5.5,2.75,50.0,half_price,175g,$1.57 per 100g,SAVE‘2.75 | WASS5.50 | Arnott's TeeVee Snacks | Biscuits 175g $1.57 per 100g,95.04,False,,https://caau.syd1.cdn.digitaloceanspaces.com/wp-content/uploads/catalogue/coles/coles-catalogue-july-23-29-2025-vic-metro/3.jpg,https://www.catalogueau.com/coles/#catalogue=coles/coles-catalogue-july-23-29-2025-vic-metro/,save_was_arithmetic,displayed_price;save_was_arithmetic;unit_price,3,verified
Coles,VIC METRO,"Coles Catalogue July 23 - 29, 2025 VIC METRO",2025-07-23,2025-07-30,3,Lipton Ice Tea 1.5 Litre,2.75,5.5,2.75,50.0,half_price,1.5 Litre,$1.83 per litre,SAVE52.75 | WASS5.50 | Lipton Ice Tea 1.5 Litre | $1.83 per litre | fon | SPECIAL EDITION | Os,96.32,True,single_price_evidence,https://caau.syd1.cdn.digitaloceanspaces.com/wp-content/uploads/catalogue/coles/coles-catalogue-july-23-29-2025-vic-metro/3.jpg,https://www.catalogueau.com/coles/#catalogue=coles/coles-catalogue-july-23-29-2025-vic-metro/,unit_price,unit_price,1,review
Coles,VIC METRO,"Coles Catalogue July 23 - 29, 2025 VIC METRO",2025-07-23,2025-07-30,3,Griffin's Marvels Biscuits 165g-200g,3.0,6.0,3.0,50.0,half_price,165g; 200g,,SAVES3 | WASS6 | Griffin's Marvels Biscuits | 165g-200g On sale for 2 weeks | Os,95.69,False,,https://caau.syd1.cdn.digitaloceanspaces.com/wp-content/uploads/catalogue/coles/coles-catalogue-july-23-29-2025-vic-metro/3.jpg,https://www.catalogueau.com/coles/#catalogue=coles/coles-catalogue-july-23-29-2025-vic-metro/,save_was_arithmetic,displayed_price;save_was_arithmetic,2,verified
Coles,VIC METRO,"Coles Catalogue July 23 - 29, 2025 VIC METRO",2025-07-23,2025-07-30,3,Red Rock Deli Potato Chips 150g-165g,3.15,6.3,3.15,50.0,half_price,150g; 165g,,SAVES3.15 | WASS6.30 | Red Rock Deli Potato Chips | 150g-165g | VIC-METRO-2307-25-435600,93.83,False,,https://caau.syd1.cdn.digitaloceanspaces.com/wp-content/uploads/catalogue/coles/coles-catalogue-july-23-29-2025-vic-metro/3.jpg,https://www.catalogueau.com/coles/#catalogue=coles/coles-catalogue-july-23-29-2025-vic-metro/,save_was_arithmetic,displayed_price;save_was_arithmetic,2,verified
Coles,VIC METRO,"Coles Catalogue July 23 - 29, 2025 VIC METRO",2025-07-23,2025-07-30,3,Cadbury Old Gold Block Chocolate 170g-180g,4.0,8.0,4.0,50.0,half_price,170g; 180g,,SAVES4 | WASS8 | Cadbury Old Gold Block | Chocolate 170g-180g,94.57,False,,https://caau.syd1.cdn.digitaloceanspaces.com/wp-content/uploads/catalogue/coles/coles-catalogue-july-23-29-2025-vic-metro/3.jpg,https://www.catalogueau.com/coles/#catalogue=coles/coles-catalogue-july-23-29-2025-vic-metro/,save_was_arithmetic,displayed_price;save_was_arithmetic,2,verified
Coles,VIC METRO,"Coles Catalogue July 23 - 29, 2025 VIC METRO",2025-07-23,2025-07-30,3,Lindt Lindor Gift Box 232g-235g,14.0,28.0,14.0,50.0,half_price,232g; 235g,,SAVES14 | WAS$28 | Lindt Lindor Gift Box | 232g-235g,87.93,False,,https://caau.syd1.cdn.digitaloceanspaces.com/wp-content/uploads/catalogue/coles/coles-catalogue-july-23-29-2025-vic-metro/3.jpg,https://www.catalogueau.com/coles/#catalogue=coles/coles-catalogue-july-23-29-2025-vic-metro/,save_was_arithmetic,displayed_price;save_was_arithmetic,2,verified
Coles,VIC METRO,"Coles Catalogue July 23 - 29, 2025 VIC METRO",2025-07-23,2025-07-30,4,Continental Soup Sensations 2 Serves 40g-70g,1.75,3.5,1.75,50.0,half_price,40g; 70g,,SAVE*1.75 | WASS$3.50 | Continental Soup Sensations | 2 Serves 40g-70g,94.45,False,,https://caau.syd1.cdn.digitaloceanspaces.com/wp-content/uploads/catalogue/coles/coles-catalogue-july-23-29-2025-vic-metro/4.jpg,https://www.catalogueau.com/coles/#catalogue=coles/coles-catalogue-july-23-29-2025-vic-metro/,save_was_arithmetic,displayed_price;save_was_arithmetic,2,verified
Coles,VIC METRO,"Coles Catalogue July 23 - 29, 2025 VIC METRO",2025-07-23,2025-07-30,4,Aunt Betty's Puddings 2 Pack 190g-220g 2nd week,2.0,4.9,2.9,59.18,save_amount,2 Pack; 190g; 220g,,SAVE*2.90 | WASS4.90 | Aunt Betty's Puddings 2 Pack | 190g-220g 2nd week on sale,95.38,False,,https://caau.syd1.cdn.digitaloceanspaces.com/wp-content/uploads/catalogue/coles/coles-catalogue-july-23-29-2025-vic-metro/4.jpg,https://www.catalogueau.com/coles/#catalogue=coles/coles-catalogue-july-23-29-2025-vic-metro/,save_was_arithmetic,displayed_price;save_was_arithmetic,2,verified
Coles,VIC METRO,"Coles Catalogue July 23 - 29, 2025 VIC METRO",2025-07-23,2025-07-30,4,Campbell's Real Stock 1 Litre,2.25,4.5,2.25,50.0,half_price,1 Litre,$0.23 per 100mL,SAVE‘2.25 | WAS$4.50 | Campbell's Real Stock 1 Litre | $0.23 per 100mL,96.26,False,,https://caau.syd1.cdn.digitaloceanspaces.com/wp-content/uploads/catalogue/coles/coles-catalogue-july-23-29-2025-vic-metro/4.jpg,https://www.catalogueau.com/coles/#catalogue=coles/coles-catalogue-july-23-29-2025-vic-metro/,save_was_arithmetic,displayed_price;save_was_arithmetic;unit_price,3,verified
Coles,VIC METRO,"Coles Catalogue July 23 - 29, 2025 VIC METRO",2025-07-23,2025-07-30,4,Ovaltine Sleep Calming Choc 400g,7.0,14.0,7.0,50.0,half_price,400g,$1.75 per 100g,SAVES7 | WASS14 | Ovaltine Sleep Calming | Choc 400g $1.75 per 100g,95.32,False,,https://caau.syd1.cdn.digitaloceanspaces.com/wp-content/uploads/catalogue/coles/coles-catalogue-july-23-29-2025-vic-metro/4.jpg,https://www.catalogueau.com/coles/#catalogue=coles/coles-catalogue-july-23-29-2025-vic-metro/,save_was_arithmetic,displayed_price;save_was_arithmetic;unit_price,3,verified
Coles,VIC METRO,"Coles Catalogue July 23 - 29, 2025 VIC METRO",2025-07-23,2025-07-30,4,Betty Crocker Baking Mix 370g-450g,3.0,6.0,3.0,50.0,half_price,370g; 450g,,SAVES3 | WASS$6 | Betty Crocker Baking Mix | 370g-450g,94.78,False,,https://caau.syd1.cdn.digitaloceanspaces.com/wp-content/uploads/catalogue/coles/coles-catalogue-july-23-29-2025-vic-metro/4.jpg,https://www.catalogueau.com/coles/#catalogue=coles/coles-catalogue-july-23-29-2025-vic-metro/,save_was_arithmetic,displayed_price;save_was_arithmetic,2,verified
Coles,VIC METRO,"Coles Catalogue July 23 - 29, 2025 VIC METRO",2025-07-23,2025-07-30,4,Moccona Café Classic Coffee Sachets 10 Pack,3.95,7.9,3.95,50.0,half_price,10 Pack,,SAVE%3.95 | WASS$7.90 | Moccona Café Classic Coffee | Sachets 10 Pack $0.40 per | each.*See page 10 for T&Cs,95.4,True,single_price_evidence,https://caau.syd1.cdn.digitaloceanspaces.com/wp-content/uploads/catalogue/coles/coles-catalogue-july-23-29-2025-vic-metro/4.jpg,https://www.catalogueau.com/coles/#catalogue=coles/coles-catalogue-july-23-29-2025-vic-metro/,save_was_arithmetic,save_was_arithmetic,1,review
Coles,VIC METRO,"Coles Catalogue July 23 - 29, 2025 VIC METRO",2025-07-23,2025-07-30,4,Heinz Seriously Good Aioli or Mayonnaise 500mL,4.15,8.3,4.15,50.0,half_price,500mL,$0.83 per 100mL,SAVE%4.15 | WASS8.30 | Heinz Seriously Good Aioli | or Mayonnaise 500mL | $0.83 per 100mL | VIC-METRO-2307-25-435600,94.18,False,,https://caau.syd1.cdn.digitaloceanspaces.com/wp-content/uploads/catalogue/coles/coles-catalogue-july-23-29-2025-vic-metro/4.jpg,https://www.catalogueau.com/coles/#catalogue=coles/coles-catalogue-july-23-29-2025-vic-metro/,save_was_arithmetic,save_was_arithmetic;unit_price,2,verified
Coles,VIC METRO,"Coles Catalogue July 23 - 29, 2025 VIC METRO",2025-07-23,2025-07-30,4,Sunrice Jasmine Rice 5kg,13.5,27.0,13.5,50.0,half_price,5kg,$0.27 per 100g,SAVES13.50 | Sunrice Jasmine Rice 5kg | $0.27 per 100g,94.0,True,single_price_evidence,https://caau.syd1.cdn.digitaloceanspaces.com/wp-content/uploads/catalogue/coles/coles-catalogue-july-23-29-2025-vic-metro/4.jpg,https://www.catalogueau.com/coles/#catalogue=coles/coles-catalogue-july-23-29-2025-vic-metro/,unknown,,0,review
Coles,VIC METRO,"Coles Catalogue July 23 - 29, 2025 VIC METRO",2025-07-23,2025-07-30,4,Gold Sunset Vegetable or Canola Oil 4 Litre,15.0,30.0,15.0,50.0,half_price,4 Litre,$0.38 per 100mL,SAVES15 | WAS$30 | Gold Sunset Vegetable or | Canola Oil 4 Litre | $0.38 per 100mL,96.63,False,,https://caau.syd1.cdn.digitaloceanspaces.com/wp-content/uploads/catalogue/coles/coles-catalogue-july-23-29-2025-vic-metro/4.jpg,https://www.catalogueau.com/coles/#catalogue=coles/coles-catalogue-july-23-29-2025-vic-metro/,save_was_arithmetic,displayed_price;save_was_arithmetic,2,verified
Coles,VIC METRO,"Coles Catalogue July 23 - 29, 2025 VIC METRO",2025-07-23,2025-07-30,5,Bulla Creamy Classics Ice Cream Tub 2 Litre,5.5,55.5,50.0,90.09,save_amount,2 Litre,$0.28 per 100mL,SAVE et 50 | Bulla Creamy Classics Ice Cream Tub | 2 Litre $0.28 per 100mL | — | a,94.38,True,single_price_evidence,https://caau.syd1.cdn.digitaloceanspaces.com/wp-content/uploads/catalogue/coles/coles-catalogue-july-23-29-2025-vic-metro/5.jpg,https://www.catalogueau.com/coles/#catalogue=coles/coles-catalogue-july-23-29-2025-vic-metro/,unknown,,0,review
Coles,VIC METRO,"Coles Catalogue July 23 - 29, 2025 VIC METRO",2025-07-23,2025-07-30,5,Flora ProActiv 250g,2.85,5.75,2.9,50.43,half_price,250g,$1.14 per 100g,SAVE‘2.90 | WASS5.75 | Flora ProActiv 250g | $1.14 per 100g,93.66,False,,https://caau.syd1.cdn.digitaloceanspaces.com/wp-content/uploads/catalogue/coles/coles-catalogue-july-23-29-2025-vic-metro/5.jpg,https://www.catalogueau.com/coles/#catalogue=coles/coles-catalogue-july-23-29-2025-vic-metro/,save_was_arithmetic,displayed_price;save_was_arithmetic;unit_price,3,verified
Coles,VIC METRO,"Coles Catalogue July 23 - 29, 2025 VIC METRO",2025-07-23,2025-07-30,5,Hong Kong Dim Sim Kitchen Pork & Chive Dumplings 300g,4.25,8.5,4.25,50.0,half_price,300g,$1.42 per 100g,SAVES4.25 | WASS8.50 | Hong Kong Dim Sim Kitchen | Pork & Chive Dumplings | 300g $1.42 per 100g,96.34,False,,https://caau.syd1.cdn.digitaloceanspaces.com/wp-content/uploads/catalogue/coles/coles-catalogue-july-23-29-2025-vic-metro/5.jpg,https://www.catalogueau.com/coles/#catalogue=coles/coles-catalogue-july-23-29-2025-vic-metro/,save_was_arithmetic,save_was_arithmetic;unit_price,2,verified
Coles,VIC METRO,"Coles Catalogue July 23 - 29, 2025 VIC METRO",2025-07-23,2025-07-30,5,Hershey's or Reese's Ice Cream Tub 1 Litre,5.0,10.0,5.0,50.0,half_price,1 Litre,$0.50 per 100mL,SAVE*5 | WASS10 | Hershey's or Reese's Ice | Cream Tub 1 Litre | $0.50 per 100mL,95.85,False,,https://caau.syd1.cdn.digitaloceanspaces.com/wp-content/uploads/catalogue/coles/coles-catalogue-july-23-29-2025-vic-metro/5.jpg,https://www.catalogueau.com/coles/#catalogue=coles/coles-catalogue-july-23-29-2025-vic-metro/,save_was_arithmetic,displayed_price;save_was_arithmetic;unit_price,3,verified
Coles,VIC METRO,"Coles Catalogue July 23 - 29, 2025 VIC METRO",2025-07-23,2025-07-30,5,On The Menu Filled Pasta 600g,5.5,11.0,5.5,50.0,half_price,600g,$0.92 per 100g,SAVE $5.50 | WASS11 | On The Menu Filled Pasta | 600g $0.92 per 100g | VIC-METRO-2307-25-435600,96.04,False,,https://caau.syd1.cdn.digitaloceanspaces.com/wp-content/uploads/catalogue/coles/coles-catalogue-july-23-29-2025-vic-metro/5.jpg,https://www.catalogueau.com/coles/#catalogue=coles/coles-catalogue-july-23-29-2025-vic-metro/,save_was_arithmetic,displayed_price;save_was_arithmetic;unit_price,3,verified
Coles,VIC METRO,"Coles Catalogue July 23 - 29, 2025 VIC METRO",2025-07-23,2025-07-30,5,KB's Battered Bites 1kg,13.75,27.5,13.75,50.0,half_price,1kg,$13.75 per kg,SAVES13.75 | WASS27.50 | KB's Battered Bites 1kg | $13.75 per kg,92.94,False,,https://caau.syd1.cdn.digitaloceanspaces.com/wp-content/uploads/catalogue/coles/coles-catalogue-july-23-29-2025-vic-metro/5.jpg,https://www.catalogueau.com/coles/#catalogue=coles/coles-catalogue-july-23-29-2025-vic-metro/,save_was_arithmetic,displayed_price;save_was_arithmetic;unit_price,3,verified
Coles,VIC METRO,"Coles Catalogue July 23 - 29, 2025 VIC METRO",2025-07-23,2025-07-30,5,KB's Tender Squid Chips Lightly Crumbed 1kg,15.75,31.5,15.75,50.0,half_price,1kg,$15.75 per kg,SAVES15.75 | WASS$31.50 | KB's Tender Squid Chips | Lightly Crumbed Ikg | $15.75 per kg,90.21,False,,https://caau.syd1.cdn.digitaloceanspaces.com/wp-content/uploads/catalogue/coles/coles-catalogue-july-23-29-2025-vic-metro/5.jpg,https://www.catalogueau.com/coles/#catalogue=coles/coles-catalogue-july-23-29-2025-vic-metro/,save_was_arithmetic,save_was_arithmetic;unit_price,2,verified
Coles,VIC METRO,"Coles Catalogue July 23 - 29, 2025 VIC METRO",2025-07-23,2025-07-30,6,Nivea Rich Nourishing or Express Hydration Body Lotion 400mL,4.75,9.5,4.75,50.0,half_price,400mL,$1.19 per 100mL,SAVES4.75 | WASS9.50 | Nivea Rich Nourishing or Express | Hydration Body Lotion 400mL | $1.19 per 100mL,95.36,False,,https://caau.syd1.cdn.digitaloceanspaces.com/wp-content/uploads/catalogue/coles/coles-catalogue-july-23-29-2025-vic-metro/6.jpg,https://www.catalogueau.com/coles/#catalogue=coles/coles-catalogue-july-23-29-2025-vic-metro/,save_was_arithmetic,save_was_arithmetic;unit_price,2,verified
Coles,VIC METRO,"Coles Catalogue July 23 - 29, 2025 VIC METRO",2025-07-23,2025-07-30,6,Nivea Antiperspirant Aerosol Deodorant 250mL,4.75,9.5,4.75,50.0,half_price,250mL,$1.90 per 100mL,SAVES4.75 | WASS9.50 | Nivea Antiperspirant Aerosol Deodorant | 250mL $1.90 per 100mL,93.45,False,,https://caau.syd1.cdn.digitaloceanspaces.com/wp-content/uploads/catalogue/coles/coles-catalogue-july-23-29-2025-vic-metro/6.jpg,https://www.catalogueau.com/coles/#catalogue=coles/coles-catalogue-july-23-29-2025-vic-metro/,save_was_arithmetic,save_was_arithmetic;unit_price,2,verified
Coles,VIC METRO,"Coles Catalogue July 23 - 29, 2025 VIC METRO",2025-07-23,2025-07-30,6,Nivea Soft Moisturising Cream Jar 200mL,6.0,12.0,6.0,50.0,half_price,200mL,$3.00 per 100mL,SAVES6 | WASS12 | Nivea Soft Moisturising Cream Jar 200mL | $3.00 per 100mL,95.28,False,,https://caau.syd1.cdn.digitaloceanspaces.com/wp-content/uploads/catalogue/coles/coles-catalogue-july-23-29-2025-vic-metro/6.jpg,https://www.catalogueau.com/coles/#catalogue=coles/coles-catalogue-july-23-29-2025-vic-metro/,save_was_arithmetic,displayed_price;save_was_arithmetic;unit_price,3,verified
Coles,VIC METRO,"Coles Catalogue July 23 - 29, 2025 VIC METRO",2025-07-23,2025-07-30,6,Colgate Optic White Purple Teeth,17.5,35.0,17.5,50.0,half_price,,$43.75 per 100mL,"SAVE517.50 | ‘WAS§35, | Colgate Optic | White Purple Teeth | Whitening Serum | Pump 40mL | $43.75 per 100mL. | Cream 50g",96.75,True,single_price_evidence,https://caau.syd1.cdn.digitaloceanspaces.com/wp-content/uploads/catalogue/coles/coles-catalogue-july-23-29-2025-vic-metro/6.jpg,https://www.catalogueau.com/coles/#catalogue=coles/coles-catalogue-july-23-29-2025-vic-metro/,unknown,,0,review
Coles,VIC METRO,"Coles Catalogue July 23 - 29, 2025 VIC METRO",2025-07-23,2025-07-30,6,Colgate Advanced Tartar & Whitening or Max Fresh Toothpaste 200g,5.0,10.0,5.0,50.0,half_price,200g,$2.50 per 100g,SAVE $5 | WASS10 | Colgate Advanced | Tartar & Whitening or | Max Fresh Toothpaste | 200g $2.50 per 100g. | *See page 10 forT&Cs,95.99,False,,https://caau.syd1.cdn.digitaloceanspaces.com/wp-content/uploads/catalogue/coles/coles-catalogue-july-23-29-2025-vic-metro/6.jpg,https://www.catalogueau.com/coles/#catalogue=coles/coles-catalogue-july-23-29-2025-vic-metro/,save_was_arithmetic,displayed_price;save_was_arithmetic;unit_price,3,verified
Coles,VIC METRO,"Coles Catalogue July 23 - 29, 2025 VIC METRO",2025-07-23,2025-07-30,6,Lynx Fine Fragrance Aerosol Deodorant 150mL,5.0,10.0,5.0,50.0,half_price,150mL,$3.33 per 100mL,SAVES. | WASS10 | Lynx Fine | Fragrance Aerosol | Deodorant 150mL | $3.33 per 100mL,94.98,False,,https://caau.syd1.cdn.digitaloceanspaces.com/wp-content/uploads/catalogue/coles/coles-catalogue-july-23-29-2025-vic-metro/6.jpg,https://www.catalogueau.com/coles/#catalogue=coles/coles-catalogue-july-23-29-2025-vic-metro/,displayed_price,displayed_price;unit_price,2,verified
Coles,VIC METRO,"Coles Catalogue July 23 - 29, 2025 VIC METRO",2025-07-23,2025-07-30,6,Olay Regenerist Micro Sculpt Night Cream 50g,30.0,60.0,30.0,50.0,half_price,50g,$60.00 per 100g,SAVES30 | ‘WAS§60 | Olay Regenerist | Micro Sculpt Night | Cream 50g | $60.00 per 100g,95.03,False,,https://caau.syd1.cdn.digitaloceanspaces.com/wp-content/uploads/catalogue/coles/coles-catalogue-july-23-29-2025-vic-metro/6.jpg,https://www.catalogueau.com/coles/#catalogue=coles/coles-catalogue-july-23-29-2025-vic-metro/,save_was_arithmetic,displayed_price;save_was_arithmetic;unit_price,3,verified
Coles,VIC METRO,"Coles Catalogue July 23 - 29, 2025 VIC METRO",2025-07-23,2025-07-30,6,Nivea Antiperspirant Roll On Deodorant 50mL,2.5,,,,special,50mL,$5.00 per 100mL,Nivea Antiperspirant Roll On | Deodorant 50mL $5.00 per 100mL,93.08,True,single_price_evidence,https://caau.syd1.cdn.digitaloceanspaces.com/wp-content/uploads/catalogue/coles/coles-catalogue-july-23-29-2025-vic-metro/6.jpg,https://www.catalogueau.com/coles/#catalogue=coles/coles-catalogue-july-23-29-2025-vic-metro/,unit_price,unit_price,1,review
Coles,VIC METRO,"Coles Catalogue July 23 - 29, 2025 VIC METRO",2025-07-23,2025-07-30,7,Palmolive Naturals Body Wash 1 Litre,6.0,12.0,6.0,50.0,half_price,1 Litre,$0.60 per 100mL,SAVE°6 | WASS12 | Palmolive Naturals Body | Wash 1 Litre $0.60 per 100mL,95.28,False,,https://caau.syd1.cdn.digitaloceanspaces.com/wp-content/uploads/catalogue/coles/coles-catalogue-july-23-29-2025-vic-metro/7.jpg,https://www.catalogueau.com/coles/#catalogue=coles/coles-catalogue-july-23-29-2025-vic-metro/,save_was_arithmetic,displayed_price;save_was_arithmetic;unit_price,3,verified
Coles,VIC METRO,"Coles Catalogue July 23 - 29, 2025 VIC METRO",2025-07-23,2025-07-30,7,Nivea Body Wash 1 Litre,8.5,17.0,8.5,50.0,half_price,1 Litre,$0.85 per 100mL,SAVES8.50 | WASS17 | Nivea Body Wash 1 Litre | $0.85 per 100mL. | 2nd week on sale,96.3,False,,https://caau.syd1.cdn.digitaloceanspaces.com/wp-content/uploads/catalogue/coles/coles-catalogue-july-23-29-2025-vic-metro/7.jpg,https://www.catalogueau.com/coles/#catalogue=coles/coles-catalogue-july-23-29-2025-vic-metro/,save_was_arithmetic,save_was_arithmetic;unit_price,2,verified
Coles,VIC METRO,"Coles Catalogue July 23 - 29, 2025 VIC METRO",2025-07-23,2025-07-30,7,Palmolive Luminous Oils Body Wash 750mL,6.0,12.0,6.0,50.0,half_price,750mL,$0.80 per 100mL,WASS12 | WASS12 | Palmolive Luminous Oils Body | Wash 750mL $0.80 per 100mL | AA,94.55,False,,https://caau.syd1.cdn.digitaloceanspaces.com/wp-content/uploads/catalogue/coles/coles-catalogue-july-23-29-2025-vic-metro/7.jpg,https://www.catalogueau.com/coles/#catalogue=coles/coles-catalogue-july-23-29-2025-vic-metro/,displayed_price,displayed_price;page_discount;unit_price,2,verified
Coles,VIC METRO,"Coles Catalogue July 23 - 29, 2025 VIC METRO",2025-07-23,2025-07-30,7,Thankyou Body Wash 1 Litre,8.97,17.95,8.98,50.03,half_price,1 Litre,$0.90 per 100mL,SAVES8.98 | WASS17.95 | Thankyou Body Wash 1 Litre | $0.90 per 100mL,95.88,False,,https://caau.syd1.cdn.digitaloceanspaces.com/wp-content/uploads/catalogue/coles/coles-catalogue-july-23-29-2025-vic-metro/7.jpg,https://www.catalogueau.com/coles/#catalogue=coles/coles-catalogue-july-23-29-2025-vic-metro/,save_was_arithmetic,displayed_price;save_was_arithmetic;unit_price,3,verified
Coles,VIC METRO,"Coles Catalogue July 23 - 29, 2025 VIC METRO",2025-07-23,2025-07-30,7,Glow Lab Body Wash 900mL,9.0,18.0,9.0,50.0,half_price,900mL,$1.00 per 100mL,"SAVES9 | WASS18 | Glow Lab Body Wash 900mL | $1.00 per 100mL | TExcluding Every Day, Down Down & clearance items.",94.54,False,,https://caau.syd1.cdn.digitaloceanspaces.com/wp-content/uploads/catalogue/coles/coles-catalogue-july-23-29-2025-vic-metro/7.jpg,https://www.catalogueau.com/coles/#catalogue=coles/coles-catalogue-july-23-29-2025-vic-metro/,save_was_arithmetic,displayed_price;save_was_arithmetic;unit_price,3,verified
Coles,VIC METRO,"Coles Catalogue July 23 - 29, 2025 VIC METRO",2025-07-23,2025-07-30,7,Sundae Body Shower Foam 265mL,10.0,20.0,10.0,50.0,half_price,265mL,$3.77 per 100mL,SAVE510 | WAS$20 | Sundae Body Shower Foam | 265mL $3.77 per 100mL,94.65,False,,https://caau.syd1.cdn.digitaloceanspaces.com/wp-content/uploads/catalogue/coles/coles-catalogue-july-23-29-2025-vic-metro/7.jpg,https://www.catalogueau.com/coles/#catalogue=coles/coles-catalogue-july-23-29-2025-vic-metro/,displayed_price,displayed_price;unit_price,2,verified
Coles,VIC METRO,"Coles Catalogue July 23 - 29, 2025 VIC METRO",2025-07-23,2025-07-30,7,Tresemmé Shampoo or Conditioner 940mL,9.25,18.5,9.25,50.0,half_price,940mL,$0.98 per 100mL,"SAVES9,25 | WASS18.50 | Tresemmé Shampoo or | Conditioner 940mL | $0.98 per 100mL",92.59,False,,https://caau.syd1.cdn.digitaloceanspaces.com/wp-content/uploads/catalogue/coles/coles-catalogue-july-23-29-2025-vic-metro/7.jpg,https://www.catalogueau.com/coles/#catalogue=coles/coles-catalogue-july-23-29-2025-vic-metro/,save_was_arithmetic,displayed_price;save_was_arithmetic;unit_price,3,verified
Coles,VIC METRO,"Coles Catalogue July 23 - 29, 2025 VIC METRO",2025-07-23,2025-07-30,7,Dove Advanced Body Wash 700mL,11.0,22.0,11.0,50.0,half_price,700mL,$1.57 per 100mL,SAVE S11 | WAS$22 | Dove Advanced Body Wash | 700mL $1.57 per 100mL | VIC-METRO-2307-25-435600,93.89,False,,https://caau.syd1.cdn.digitaloceanspaces.com/wp-content/uploads/catalogue/coles/coles-catalogue-july-23-29-2025-vic-metro/7.jpg,https://www.catalogueau.com/coles/#catalogue=coles/coles-catalogue-july-23-29-2025-vic-metro/,save_was_arithmetic,displayed_price;save_was_arithmetic;unit_price,3,verified
Coles,VIC METRO,"Coles Catalogue July 23 - 29, 2025 VIC METRO",2025-07-23,2025-07-30,7,Ogx Argan Oil of Morocco Shampoo or Conditioner 385mL,11.51,23.02,11.51,50.0,half_price,385mL,$2.99 per 100mL,Ogx Argan Oil of Morocco | Shampoo or Conditioner | 385mL $2.99 per 100mL,95.0,True,offer_labels_missing;regular_and_save_inferred_from_half_price;inferred_price_requires_review,https://caau.syd1.cdn.digitaloceanspaces.com/wp-content/uploads/catalogue/coles/coles-catalogue-july-23-29-2025-vic-metro/7.jpg,https://www.catalogueau.com/coles/#catalogue=coles/coles-catalogue-july-23-29-2025-vic-metro/,unit_price,grid_inference;unit_price,1,review
Coles,VIC METRO,"Coles Catalogue July 23 - 29, 2025 VIC METRO",2025-07-23,2025-07-30,8,Viva Paper Towel 2 Pack,2.25,4.5,2.25,50.0,half_price,2 Pack,$1.88 per 100,SAVE‘S2.25 | WASS4.50 | Viva Paper Towel 2 Pack | $1.88 per 100 sheets,96.15,True,single_price_evidence,https://caau.syd1.cdn.digitaloceanspaces.com/wp-content/uploads/catalogue/coles/coles-catalogue-july-23-29-2025-vic-metro/8.jpg,https://www.catalogueau.com/coles/#catalogue=coles/coles-catalogue-july-23-29-2025-vic-metro/,save_was_arithmetic,save_was_arithmetic,1,review
Coles,VIC METRO,"Coles Catalogue July 23 - 29, 2025 VIC METRO",2025-07-23,2025-07-30,8,White King Power Toilet Cleaning Gel 700mL,3.1,6.2,3.1,50.0,half_price,700mL,$0.44 per 100mL,SAVE*3.10 | WASS$6.20 | White King Power Toilet | Cleaning Gel 700mL | $0.44 per 100mL,95.51,False,,https://caau.syd1.cdn.digitaloceanspaces.com/wp-content/uploads/catalogue/coles/coles-catalogue-july-23-29-2025-vic-metro/8.jpg,https://www.catalogueau.com/coles/#catalogue=coles/coles-catalogue-july-23-29-2025-vic-metro/,save_was_arithmetic,save_was_arithmetic;unit_price,2,verified
Coles,VIC METRO,"Coles Catalogue July 23 - 29, 2025 VIC METRO",2025-07-23,2025-07-30,8,Pine O Cleen Disinfectant Liquid 1.25 Litre,4.0,8.0,4.0,50.0,half_price,1.25 Litre,$0.32 per 100mL,SAVE%4 | WASS8 | Pine O Cleen Disinfectant | Liquid 1.25 Litre | $0.32 per 100mL,95.46,False,,https://caau.syd1.cdn.digitaloceanspaces.com/wp-content/uploads/catalogue/coles/coles-catalogue-july-23-29-2025-vic-metro/8.jpg,https://www.catalogueau.com/coles/#catalogue=coles/coles-catalogue-july-23-29-2025-vic-metro/,save_was_arithmetic,displayed_price;save_was_arithmetic,2,verified
Coles,VIC METRO,"Coles Catalogue July 23 - 29, 2025 VIC METRO",2025-07-23,2025-07-30,8,Glen 20 Disinfectant Spray 300g,4.75,9.5,4.75,50.0,half_price,300g,$1.58 per 100g,SAVE%4.75 | WASS9.50 | Glen 20 Disinfectant Spray | 300g $1.58 per 100g | i,95.81,False,,https://caau.syd1.cdn.digitaloceanspaces.com/wp-content/uploads/catalogue/coles/coles-catalogue-july-23-29-2025-vic-metro/8.jpg,https://www.catalogueau.com/coles/#catalogue=coles/coles-catalogue-july-23-29-2025-vic-metro/,save_was_arithmetic,save_was_arithmetic;unit_price,2,verified
Coles,VIC METRO,"Coles Catalogue July 23 - 29, 2025 VIC METRO",2025-07-23,2025-07-30,8,Comfort Fabric Conditioner 800mL,4.5,9.0,4.5,50.0,half_price,800mL,$5.63 per litre,SAVE%4.50 | WASS9 | Comfort Fabric Conditioner | 800mL $5.63 per litre | pbc,95.22,False,,https://caau.syd1.cdn.digitaloceanspaces.com/wp-content/uploads/catalogue/coles/coles-catalogue-july-23-29-2025-vic-metro/8.jpg,https://www.catalogueau.com/coles/#catalogue=coles/coles-catalogue-july-23-29-2025-vic-metro/,save_was_arithmetic,save_was_arithmetic;unit_price,2,verified
Coles,VIC METRO,"Coles Catalogue July 23 - 29, 2025 VIC METRO",2025-07-23,2025-07-30,8,Finish Ultimate Dishwashing Tablets 62 Pack,30.0,60.0,30.0,50.0,half_price,62 Pack,$0.48 per each,SAVES30 | WASS$60 | Finish Ultimate Dishwashing | Tablets 62 Pack $0.48 per each | ALLROUND Bes ae,96.44,False,,https://caau.syd1.cdn.digitaloceanspaces.com/wp-content/uploads/catalogue/coles/coles-catalogue-july-23-29-2025-vic-metro/8.jpg,https://www.catalogueau.com/coles/#catalogue=coles/coles-catalogue-july-23-29-2025-vic-metro/,save_was_arithmetic,displayed_price;save_was_arithmetic,2,verified
Coles,VIC METRO,"Coles Catalogue July 23 - 29, 2025 VIC METRO",2025-07-23,2025-07-30,8,Cold Power Laundry Liquid 2 Litre or Powder 2k,12.0,24.0,12.0,50.0,half_price,2 Litre,,SAVES12 | WASS$24 | Cold Power Laundry Liquid | 2 Litre or Powder 2k | *See page 10 for T&Cs,95.04,False,,https://caau.syd1.cdn.digitaloceanspaces.com/wp-content/uploads/catalogue/coles/coles-catalogue-july-23-29-2025-vic-metro/8.jpg,https://www.catalogueau.com/coles/#catalogue=coles/coles-catalogue-july-23-29-2025-vic-metro/,save_was_arithmetic,displayed_price;save_was_arithmetic,2,verified
Coles,VIC METRO,"Coles Catalogue July 23 - 29, 2025 VIC METRO",2025-07-23,2025-07-30,8,Radiant Laundry Liquid 1.8 Litre,10.0,20.0,10.0,50.0,half_price,1.8 Litre,$5.56 per litre,SAVES10 | WAS$20 | Radiant Laundry Liquid | 1.8 Litre $5.56 per litre | VIC-METRO-2307-25-435600,95.85,False,,https://caau.syd1.cdn.digitaloceanspaces.com/wp-content/uploads/catalogue/coles/coles-catalogue-july-23-29-2025-vic-metro/8.jpg,https://www.catalogueau.com/coles/#catalogue=coles/coles-catalogue-july-23-29-2025-vic-metro/,save_was_arithmetic,displayed_price;save_was_arithmetic;unit_price,3,verified
Coles,VIC METRO,"Coles Catalogue July 23 - 29, 2025 VIC METRO",2025-07-23,2025-07-30,8,Radiant Laundry Capsules 28 Pack,11.0,22.0,11.0,50.0,half_price,28 Pack,$0.39 per each,SAVE S11 | WAS$22 | Radiant Laundry Capsules | 28 Pack $0.39 per each,96.37,False,,https://caau.syd1.cdn.digitaloceanspaces.com/wp-content/uploads/catalogue/coles/coles-catalogue-july-23-29-2025-vic-metro/8.jpg,https://www.catalogueau.com/coles/#catalogue=coles/coles-catalogue-july-23-29-2025-vic-metro/,save_was_arithmetic,displayed_price;save_was_arithmetic,2,verified
Coles,VIC METRO,"Coles Catalogue July 23 - 29, 2025 VIC METRO",2025-07-23,2025-07-30,9,Bref In The Bow! Toilet Cleaner 2 Pack 100g,5.5,11.0,5.5,50.0,half_price,2 Pack; 100g,$2.75 per each,WASS11 | WASS11 | Bref In The Bow! Toilet Cleaner | 2 Pack 100g $2.75 per each,95.8,False,,https://caau.syd1.cdn.digitaloceanspaces.com/wp-content/uploads/catalogue/coles/coles-catalogue-july-23-29-2025-vic-metro/9.jpg,https://www.catalogueau.com/coles/#catalogue=coles/coles-catalogue-july-23-29-2025-vic-metro/,displayed_price,displayed_price;page_discount;unit_price,2,verified
Coles,VIC METRO,"Coles Catalogue July 23 - 29, 2025 VIC METRO",2025-07-23,2025-07-30,9,Morning Fresh Dishwashin Liquid 680mL,4.5,9.0,4.5,50.0,half_price,680mL,$0.66 per 100mL,WASS9 | WASS9 | Morning Fresh Dishwashin | Liquid 680mL $0.66 per 100mL | SS | yp | ¥ | LP,79.0,True,low_name_confidence_strict;inferred_price_requires_review,https://caau.syd1.cdn.digitaloceanspaces.com/wp-content/uploads/catalogue/coles/coles-catalogue-july-23-29-2025-vic-metro/9.jpg,https://www.catalogueau.com/coles/#catalogue=coles/coles-catalogue-july-23-29-2025-vic-metro/,unit_price,page_discount;unit_price,1,review
Coles,VIC METRO,"Coles Catalogue July 23 - 29, 2025 VIC METRO",2025-07-23,2025-07-30,9,Sard Stain Remover Powder 900g,5.5,11.0,5.5,50.0,half_price,900g,$6.11 per kg,WASST11 | WASST11 | Sard Stain Remover Powder 900g | $6.11 per kg | SS,96.2,True,inferred_price_requires_review,https://caau.syd1.cdn.digitaloceanspaces.com/wp-content/uploads/catalogue/coles/coles-catalogue-july-23-29-2025-vic-metro/9.jpg,https://www.catalogueau.com/coles/#catalogue=coles/coles-catalogue-july-23-29-2025-vic-metro/,unit_price,page_discount;unit_price,1,review
Coles,VIC METRO,"Coles Catalogue July 23 - 29, 2025 VIC METRO",2025-07-23,2025-07-30,9,Botanica by Air Wick Reed Diffuser 80mL,10.0,20.0,10.0,50.0,half_price,80mL,,WAS$20 | WAS$20 | Botanica by Air Wick Reed | Diffuser 80mL $1.25 per 10mL | USAIN BOLT | THE WORLD'S FASTEST MAN,92.17,True,inferred_price_requires_review,https://caau.syd1.cdn.digitaloceanspaces.com/wp-content/uploads/catalogue/coles/coles-catalogue-july-23-29-2025-vic-metro/9.jpg,https://www.catalogueau.com/coles/#catalogue=coles/coles-catalogue-july-23-29-2025-vic-metro/,displayed_price,displayed_price;page_discount,1,review
Coles,VIC METRO,"Coles Catalogue July 23 - 29, 2025 VIC METRO",2025-07-23,2025-07-30,9,Botanica by Air Wick Scented Candle 1 Each,10.0,20.0,10.0,50.0,half_price,,$10.00 per each,WAS$20 | WAS$20 | Botanica by Air Wick Scented | Candle 1 Each $10.00 per each,96.53,False,,https://caau.syd1.cdn.digitaloceanspaces.com/wp-content/uploads/catalogue/coles/coles-catalogue-july-23-29-2025-vic-metro/9.jpg,https://www.catalogueau.com/coles/#catalogue=coles/coles-catalogue-july-23-29-2025-vic-metro/,displayed_price,displayed_price;page_discount;unit_price,2,verified
Coles,VIC METRO,"Coles Catalogue July 23 - 29, 2025 VIC METRO",2025-07-23,2025-07-30,9,Décor Adventurer Stainless Steel Bottle 1.2 Litre,16.75,33.5,16.75,50.0,half_price,1.2 Litre,$16.75 per each,WAS$33.50 | WAS$33.50 | Décor Adventurer Stainless Steel | Bottle 1.2 Litre $16.75 per each,96.19,True,inferred_price_requires_review,https://caau.syd1.cdn.digitaloceanspaces.com/wp-content/uploads/catalogue/coles/coles-catalogue-july-23-29-2025-vic-metro/9.jpg,https://www.catalogueau.com/coles/#catalogue=coles/coles-catalogue-july-23-29-2025-vic-metro/,unit_price,page_discount;unit_price,1,review
Coles,VIC METRO,"Coles Catalogue July 23 - 29, 2025 VIC METRO",2025-07-23,2025-07-30,9,Omo Expert Wonder Wash 1.18 Litre,10.5,21.0,10.5,50.0,half_price,1.18 Litre,$8.90 per litre,‘WASS21 | ‘WASS21 | Omo Expert Wonder Wash | 1.18 Litre $8.90 per litre,95.7,False,,https://caau.syd1.cdn.digitaloceanspaces.com/wp-content/uploads/catalogue/coles/coles-catalogue-july-23-29-2025-vic-metro/9.jpg,https://www.catalogueau.com/coles/#catalogue=coles/coles-catalogue-july-23-29-2025-vic-metro/,displayed_price,displayed_price;page_discount;unit_price,2,verified
Coles,VIC METRO,"Coles Catalogue July 23 - 29, 2025 VIC METRO",2025-07-23,2025-07-30,11,Primo Sliced Meat 80g-100g 2nd week,3.0,3.95,0.95,24.05,save_amount,80g; 100g,,SAVE95* | WASS3.95 | Primo Sliced Meat 80g-100g | 2nd week on sale,94.63,True,single_price_evidence,https://caau.syd1.cdn.digitaloceanspaces.com/wp-content/uploads/catalogue/coles/coles-catalogue-july-23-29-2025-vic-metro/11.jpg,https://www.catalogueau.com/coles/#catalogue=coles/coles-catalogue-july-23-29-2025-vic-metro/,displayed_price,displayed_price,1,review
Coles,VIC METRO,"Coles Catalogue July 23 - 29, 2025 VIC METRO",2025-07-23,2025-07-30,11,Danone YoPro Protein Yoghurt Pouch 150g,2.4,3.0,0.6,20.0,save_amount,150g,$1.60 per 100g,SAVE 60‘ | WASS3 | Danone YoPro Protein Yoghurt | Pouch 150g $1.60 per 100g,95.47,False,,https://caau.syd1.cdn.digitaloceanspaces.com/wp-content/uploads/catalogue/coles/coles-catalogue-july-23-29-2025-vic-metro/11.jpg,https://www.catalogueau.com/coles/#catalogue=coles/coles-catalogue-july-23-29-2025-vic-metro/,displayed_price,displayed_price;unit_price,2,verified
Coles,VIC METRO,"Coles Catalogue July 23 - 29, 2025 VIC METRO",2025-07-23,2025-07-30,11,Dare Flavoured Milk 500mL,2.95,4.25,1.3,30.59,save_amount,500mL,$5.90 per litre,SAVE°1.30 | WASS$4.25 | Dare Flavoured Milk 500mL | $5.90 per litre | — | — | el,94.16,False,,https://caau.syd1.cdn.digitaloceanspaces.com/wp-content/uploads/catalogue/coles/coles-catalogue-july-23-29-2025-vic-metro/11.jpg,https://www.catalogueau.com/coles/#catalogue=coles/coles-catalogue-july-23-29-2025-vic-metro/,save_was_arithmetic,displayed_price;save_was_arithmetic;unit_price,3,verified
Coles,VIC METRO,"Coles Catalogue July 23 - 29, 2025 VIC METRO",2025-07-23,2025-07-30,11,Moccona 99% Sugar Free Coffee Sachets 10 Pack,3.95,790.0,786.05,99.5,save_amount,10 Pack,$0.40 per each,SAVES3.95 | WAS$790 | Moccona 99% Sugar Free Coffee | Sachets 10 Pack $0.40 per each,96.02,False,,https://caau.syd1.cdn.digitaloceanspaces.com/wp-content/uploads/catalogue/coles/coles-catalogue-july-23-29-2025-vic-metro/11.jpg,https://www.catalogueau.com/coles/#catalogue=coles/coles-catalogue-july-23-29-2025-vic-metro/,displayed_price,displayed_price;unit_price,2,verified
Coles,VIC METRO,"Coles Catalogue July 23 - 29, 2025 VIC METRO",2025-07-23,2025-07-30,11,McCain Pizza Slices 2 Pack 60!,7.0,9.0,2.0,22.22,save_amount,2 Pack,$1.17 per 100g,SAVE 52 | McCain Pizza Slices 2 Pack 60! | $1.17 | $1.17 per 100g,93.29,True,single_price_evidence,https://caau.syd1.cdn.digitaloceanspaces.com/wp-content/uploads/catalogue/coles/coles-catalogue-july-23-29-2025-vic-metro/11.jpg,https://www.catalogueau.com/coles/#catalogue=coles/coles-catalogue-july-23-29-2025-vic-metro/,displayed_price,displayed_price,1,review
Coles,VIC METRO,"Coles Catalogue July 23 - 29, 2025 VIC METRO",2025-07-23,2025-07-30,11,Fanta or Sprite Soft Drink 12x300mL,12.0,20.0,8.0,40.0,save_amount,12x300mL,$3.33 per litre,SAVESS | WASS$20 | Fanta or Sprite Soft Drink | 12x300mL $3.33 per litre | VIC-METRO-2307-25-435600,95.28,False,,https://caau.syd1.cdn.digitaloceanspaces.com/wp-content/uploads/catalogue/coles/coles-catalogue-july-23-29-2025-vic-metro/11.jpg,https://www.catalogueau.com/coles/#catalogue=coles/coles-catalogue-july-23-29-2025-vic-metro/,displayed_price,displayed_price;unit_price,2,verified
Coles,VIC METRO,"Coles Catalogue July 23 - 29, 2025 VIC METRO",2025-07-23,2025-07-30,11,Dettol Pro Fresh Shower Gel 950mL,6.0,12.0,6.0,50.0,half_price,950mL,$0.63 per 100mL,SAVES6 | WASS12 | Dettol Pro Fresh Shower Gel | 950mL $0.63 per 100mL | *See page 10 for T&Cs | 1],93.23,False,,https://caau.syd1.cdn.digitaloceanspaces.com/wp-content/uploads/catalogue/coles/coles-catalogue-july-23-29-2025-vic-metro/11.jpg,https://www.catalogueau.com/coles/#catalogue=coles/coles-catalogue-july-23-29-2025-vic-metro/,save_was_arithmetic,displayed_price;save_was_arithmetic;unit_price,3,verified
Coles,VIC METRO,"Coles Catalogue July 23 - 29, 2025 VIC METRO",2025-07-23,2025-07-30,11,Pantene Miracles Hyaluron Shampoo 375mL or Conditioner 350mL,6.5,,,,special,375mL; 350mL,,Pantene Miracles Hyaluron | Shampoo 375mL or | Conditioner 350mL,92.54,True,offer_labels_missing;save_amount_missing;regular_price_missing;single_price_evidence,https://caau.syd1.cdn.digitaloceanspaces.com/wp-content/uploads/catalogue/coles/coles-catalogue-july-23-29-2025-vic-metro/11.jpg,https://www.catalogueau.com/coles/#catalogue=coles/coles-catalogue-july-23-29-2025-vic-metro/,displayed_price,displayed_price,1,review
Coles,VIC METRO,"Coles Catalogue July 23 - 29, 2025 VIC METRO",2025-07-23,2025-07-30,12,FINGER i — BiscuITS —,1.0,,,,everyday,,,FINGER | i — BiscuITS —,79.0,True,low_name_confidence_strict;single_price_evidence,https://caau.syd1.cdn.digitaloceanspaces.com/wp-content/uploads/catalogue/coles/coles-catalogue-july-23-29-2025-vic-metro/12.jpg,https://www.catalogueau.com/coles/#catalogue=coles/coles-catalogue-july-23-29-2025-vic-metro/,displayed_price,displayed_price,1,review
Coles,VIC METRO,"Coles Catalogue July 23 - 29, 2025 VIC METRO",2025-07-23,2025-07-30,12,Coles Fruit Puree Pouch 90g,1.1,,,,everyday,90g,$12.22 per kg,Coles Fruit Puree Pouch 90g | $12.22 per kg | 32°,96.42,False,,https://caau.syd1.cdn.digitaloceanspaces.com/wp-content/uploads/catalogue/coles/coles-catalogue-july-23-29-2025-vic-metro/12.jpg,https://www.catalogueau.com/coles/#catalogue=coles/coles-catalogue-july-23-29-2025-vic-metro/,displayed_price,displayed_price;unit_price,2,verified
Coles,VIC METRO,"Coles Catalogue July 23 - 29, 2025 VIC METRO",2025-07-23,2025-07-30,12,Coles Instant Noodles 5 Pack 425g,2.0,,,,everyday,5 Pack; 425g,$0.47 per 100g,Coles Instant Noodles 5 Pack | 425g $0.47 per 100g | q | G,96.27,False,,https://caau.syd1.cdn.digitaloceanspaces.com/wp-content/uploads/catalogue/coles/coles-catalogue-july-23-29-2025-vic-metro/12.jpg,https://www.catalogueau.com/coles/#catalogue=coles/coles-catalogue-july-23-29-2025-vic-metro/,displayed_price,displayed_price;unit_price,2,verified
Coles,VIC METRO,"Coles Catalogue July 23 - 29, 2025 VIC METRO",2025-07-23,2025-07-30,12,Coles Fruit Flavoured Sticks 24 Pack 480g,5.0,,,,everyday,24 Pack; 480g,$1.04 per 100g,Coles Fruit Flavoured Sticks | 24 Pack 480g $1.04 per 100g | =,96.5,False,,https://caau.syd1.cdn.digitaloceanspaces.com/wp-content/uploads/catalogue/coles/coles-catalogue-july-23-29-2025-vic-metro/12.jpg,https://www.catalogueau.com/coles/#catalogue=coles/coles-catalogue-july-23-29-2025-vic-metro/,displayed_price,displayed_price;unit_price,2,verified
Coles,VIC METRO,"Coles Catalogue July 23 - 29, 2025 VIC METRO",2025-07-23,2025-07-30,12,Coles Mini Choc Chip Cookies 8 Pack 180g,2.5,,,,everyday,8 Pack; 180g,$1.39 per 100g,Coles Mini Choc Chip | Cookies 8 Pack 180g | $1.39 per 100g,96.29,False,,https://caau.syd1.cdn.digitaloceanspaces.com/wp-content/uploads/catalogue/coles/coles-catalogue-july-23-29-2025-vic-metro/12.jpg,https://www.catalogueau.com/coles/#catalogue=coles/coles-catalogue-july-23-29-2025-vic-metro/,displayed_price,displayed_price;unit_price,2,verified
Coles,VIC METRO,"Coles Catalogue July 23 - 29, 2025 VIC METRO",2025-07-23,2025-07-30,12,Coles Fruit Drink 6x250mL,3.7,,,,everyday,6x250mL,$2.47 per litre,Coles Fruit Drink 6x250mL | $2.47 per litre,93.66,False,,https://caau.syd1.cdn.digitaloceanspaces.com/wp-content/uploads/catalogue/coles/coles-catalogue-july-23-29-2025-vic-metro/12.jpg,https://www.catalogueau.com/coles/#catalogue=coles/coles-catalogue-july-23-29-2025-vic-metro/,displayed_price,displayed_price;unit_price,2,verified
Coles,VIC METRO,"Coles Catalogue July 23 - 29, 2025 VIC METRO",2025-07-23,2025-07-30,12,Coles Caramelised Biscuit Spread 400g,5.0,,,,everyday,400g,$1.25 per 100g,Coles Caramelised Biscuit | Spread 400g $1.25 per 100g | VIC-METRO-2307-25-435600,94.85,False,,https://caau.syd1.cdn.digitaloceanspaces.com/wp-content/uploads/catalogue/coles/coles-catalogue-july-23-29-2025-vic-metro/12.jpg,https://www.catalogueau.com/coles/#catalogue=coles/coles-catalogue-july-23-29-2025-vic-metro/,displayed_price,displayed_price;unit_price,2,verified
Coles,VIC METRO,"Coles Catalogue July 23 - 29, 2025 VIC METRO",2025-07-23,2025-07-30,12,Coles Cheese Spread Snack Packs 300g,5.0,,,,everyday,300g,$1.67 per 100g,Coles Cheese Spread Snack | Packs 300g $1.67 per 100g,96.17,False,,https://caau.syd1.cdn.digitaloceanspaces.com/wp-content/uploads/catalogue/coles/coles-catalogue-july-23-29-2025-vic-metro/12.jpg,https://www.catalogueau.com/coles/#catalogue=coles/coles-catalogue-july-23-29-2025-vic-metro/,displayed_price,displayed_price;unit_price,2,verified
Coles,VIC METRO,"Coles Catalogue July 23 - 29, 2025 VIC METRO",2025-07-23,2025-07-30,12,Coles Flavoured Milk 6x200mL,5.2,,,,everyday,6x200mL,$4.33 per litre,Coles Flavoured Milk 6x200mL | $4.33 per litre,94.46,True,single_price_evidence,https://caau.syd1.cdn.digitaloceanspaces.com/wp-content/uploads/catalogue/coles/coles-catalogue-july-23-29-2025-vic-metro/12.jpg,https://www.catalogueau.com/coles/#catalogue=coles/coles-catalogue-july-23-29-2025-vic-metro/,unit_price,unit_price,1,review
Coles,VIC METRO,"Coles Catalogue July 23 - 29, 2025 VIC METRO",2025-07-23,2025-07-30,13,Real Foods Corn Thins 125g-150g,1.05,210.0,208.95,99.5,save_amount,125g; 150g,,SAVES1.05 | WAS$210 | Real Foods Corn Thins | 125g-150g | =,91.29,True,single_price_evidence,https://caau.syd1.cdn.digitaloceanspaces.com/wp-content/uploads/catalogue/coles/coles-catalogue-july-23-29-2025-vic-metro/13.jpg,https://www.catalogueau.com/coles/#catalogue=coles/coles-catalogue-july-23-29-2025-vic-metro/,displayed_price,displayed_price,1,review
Coles,VIC METRO,"Coles Catalogue July 23 - 29, 2025 VIC METRO",2025-07-23,2025-07-30,13,Cobs Popcorn 80g-120g,1.75,3.5,1.75,50.0,half_price,80g; 120g,,SAVES1.75 | WAS$3.50 | Cobs Popcorn 80g-120g,91.59,True,single_price_evidence,https://caau.syd1.cdn.digitaloceanspaces.com/wp-content/uploads/catalogue/coles/coles-catalogue-july-23-29-2025-vic-metro/13.jpg,https://www.catalogueau.com/coles/#catalogue=coles/coles-catalogue-july-23-29-2025-vic-metro/,save_was_arithmetic,save_was_arithmetic,1,review
Coles,VIC METRO,"Coles Catalogue July 23 - 29, 2025 VIC METRO",2025-07-23,2025-07-30,13,Sunbites Grain Waves 170g,2.5,5.0,2.5,50.0,half_price,170g,$1.47 per 100g,SAVE%2.50 | Sunbites Grain Waves 170g | $1.47 per 100g,94.6,False,,https://caau.syd1.cdn.digitaloceanspaces.com/wp-content/uploads/catalogue/coles/coles-catalogue-july-23-29-2025-vic-metro/13.jpg,https://www.catalogueau.com/coles/#catalogue=coles/coles-catalogue-july-23-29-2025-vic-metro/,displayed_price,displayed_price;unit_price,2,verified
Coles,VIC METRO,"Coles Catalogue July 23 - 29, 2025 VIC METRO",2025-07-23,2025-07-30,13,Natural Chip Co. Potato Chips 175g,2.5,5.0,2.5,50.0,half_price,175g,$1.43 per 100g,SAVE2.50 | WASS5S | Natural Chip Co. Potato Chips 175g | $1.43 per 100g | $1.43,95.89,False,,https://caau.syd1.cdn.digitaloceanspaces.com/wp-content/uploads/catalogue/coles/coles-catalogue-july-23-29-2025-vic-metro/13.jpg,https://www.catalogueau.com/coles/#catalogue=coles/coles-catalogue-july-23-29-2025-vic-metro/,save_was_arithmetic,displayed_price;save_was_arithmetic;unit_price,3,verified
Coles,VIC METRO,"Coles Catalogue July 23 - 29, 2025 VIC METRO",2025-07-23,2025-07-30,13,Golden Circle Tetra 1 Litre,2.0,2.7,0.7,25.93,save_amount,1 Litre,$2.00 per litre,Golden Circle Tetra 1 Litre | $2.00 per litre. Excludes Pineapple | (SMITHS | RUNG,96.57,False,,https://caau.syd1.cdn.digitaloceanspaces.com/wp-content/uploads/catalogue/coles/coles-catalogue-july-23-29-2025-vic-metro/13.jpg,https://www.catalogueau.com/coles/#catalogue=coles/coles-catalogue-july-23-29-2025-vic-metro/,displayed_price,displayed_price;unit_price,2,verified
Coles,VIC METRO,"Coles Catalogue July 23 - 29, 2025 VIC METRO",2025-07-23,2025-07-30,13,Golden Circle Cordial 2 Litre,4.4,5.5,1.1,20.0,save_amount,2 Litre,$2.20 per litre,SAVE*1.10 | WASS5.50 | Golden Circle Cordial 2 Litre | $2.20 per litre | 5 acs | | cxs 6 pus,96.5,False,,https://caau.syd1.cdn.digitaloceanspaces.com/wp-content/uploads/catalogue/coles/coles-catalogue-july-23-29-2025-vic-metro/13.jpg,https://www.catalogueau.com/coles/#catalogue=coles/coles-catalogue-july-23-29-2025-vic-metro/,save_was_arithmetic,save_was_arithmetic;unit_price,2,verified
Coles,VIC METRO,"Coles Catalogue July 23 - 29, 2025 VIC METRO",2025-07-23,2025-07-30,13,Remedy Sodaly 4x250mL,5.75,8.25,2.5,30.3,save_amount,4x250mL,$5.75 per litre,SAVE°2.50 | WASS$8.25 | Remedy Sodaly 4x250mL | $5.75 per litre | cxs 6 pus,92.12,False,,https://caau.syd1.cdn.digitaloceanspaces.com/wp-content/uploads/catalogue/coles/coles-catalogue-july-23-29-2025-vic-metro/13.jpg,https://www.catalogueau.com/coles/#catalogue=coles/coles-catalogue-july-23-29-2025-vic-metro/,save_was_arithmetic,save_was_arithmetic;unit_price,2,verified
Coles,VIC METRO,"Coles Catalogue July 23 - 29, 2025 VIC METRO",2025-07-23,2025-07-30,13,Smith's Crinkle Cut or Double Crunch Potato Chips 150g-170g,3.5,5.0,1.5,30.0,save_amount,150g; 170g,,SAVE51.50 | WASS5 | Smith's Crinkle Cut or Double | Crunch Potato Chips 150g-170g | VIC-METRO-2307-25-435600,95.39,True,single_price_evidence,https://caau.syd1.cdn.digitaloceanspaces.com/wp-content/uploads/catalogue/coles/coles-catalogue-july-23-29-2025-vic-metro/13.jpg,https://www.catalogueau.com/coles/#catalogue=coles/coles-catalogue-july-23-29-2025-vic-metro/,unknown,,0,review
Coles,VIC METRO,"Coles Catalogue July 23 - 29, 2025 VIC METRO",2025-07-23,2025-07-30,13,Jumpy's 5 Pack or Cheezels 6 Pack,7.0,9.0,2.0,22.22,save_amount,5 Pack; 6 Pack,,SAVE $2 | Jumpy's 5 Pack or Cheezels | 6 Pack | 13,79.0,True,low_name_confidence_strict;single_price_evidence,https://caau.syd1.cdn.digitaloceanspaces.com/wp-content/uploads/catalogue/coles/coles-catalogue-july-23-29-2025-vic-metro/13.jpg,https://www.catalogueau.com/coles/#catalogue=coles/coles-catalogue-july-23-29-2025-vic-metro/,displayed_price,displayed_price,1,review
Coles,VIC METRO,"Coles Catalogue July 23 - 29, 2025 VIC METRO",2025-07-23,2025-07-30,13,Healtheries Fun Mix Potato Stix 12 Pack 240g,8.5,,,,everyday,12 Pack; 240g,$3.54 per 100g,EVERY DAY | Healtheries Fun Mix Potato Stix | 12 Pack 240g $3.54 per 100g,95.58,True,single_price_evidence,https://caau.syd1.cdn.digitaloceanspaces.com/wp-content/uploads/catalogue/coles/coles-catalogue-july-23-29-2025-vic-metro/13.jpg,https://www.catalogueau.com/coles/#catalogue=coles/coles-catalogue-july-23-29-2025-vic-metro/,unit_price,unit_price,1,review
Coles,VIC METRO,"Coles Catalogue July 23 - 29, 2025 VIC METRO",2025-07-23,2025-07-30,14,San Remo Sin le Snack La Pasta 80g,1.0,1.4,0.4,28.57,save_amount,80g,$1.25 per 100g,WAS$1.40 | WAS$1.40 | JUN 2025 | San Remo Sin | le Snack La Pasta | 80g $1.25 per 100g | INI | inne,96.46,False,,https://caau.syd1.cdn.digitaloceanspaces.com/wp-content/uploads/catalogue/coles/coles-catalogue-july-23-29-2025-vic-metro/14.jpg,https://www.catalogueau.com/coles/#catalogue=coles/coles-catalogue-july-23-29-2025-vic-metro/,displayed_price,displayed_price;unit_price,2,verified
Coles,VIC METRO,"Coles Catalogue July 23 - 29, 2025 VIC METRO",2025-07-23,2025-07-30,14,Edgell Snack Can 70,1.2,1.6,0.4,25.0,save_amount,,$17.14 per kg,SAVE 40° | WASS1.60 | Edgell Snack Can 70 | $17.14 per kg. On sale for 2 weeks | .,96.53,True,single_price_evidence,https://caau.syd1.cdn.digitaloceanspaces.com/wp-content/uploads/catalogue/coles/coles-catalogue-july-23-29-2025-vic-metro/14.jpg,https://www.catalogueau.com/coles/#catalogue=coles/coles-catalogue-july-23-29-2025-vic-metro/,displayed_price,displayed_price,1,review
Coles,VIC METRO,"Coles Catalogue July 23 - 29, 2025 VIC METRO",2025-07-23,2025-07-30,14,Bega Smooth or Crunchy Peanut Butter 375g,4.5,5.8,1.3,22.41,save_amount,375g,$1.20 per 100g,SAVE1.30 | WASS$5.80 | Bega Smooth or Crunchy | Peanut Butter 375g | $1.20 per 100g | VIC-METRO-2307-25-435600,96.05,False,,https://caau.syd1.cdn.digitaloceanspaces.com/wp-content/uploads/catalogue/coles/coles-catalogue-july-23-29-2025-vic-metro/14.jpg,https://www.catalogueau.com/coles/#catalogue=coles/coles-catalogue-july-23-29-2025-vic-metro/,save_was_arithmetic,save_was_arithmetic;unit_price,2,verified
Coles,VIC METRO,"Coles Catalogue July 23 - 29, 2025 VIC METRO",2025-07-23,2025-07-30,14,Nestlé Milo Cereal 535g-620g,6.6,9.5,2.9,30.53,save_amount,535g; 620g,,SAVE2.90 | WASS9.50 | Nestlé Milo Cereal 535g-620g | 14,92.22,True,single_price_evidence,https://caau.syd1.cdn.digitaloceanspaces.com/wp-content/uploads/catalogue/coles/coles-catalogue-july-23-29-2025-vic-metro/14.jpg,https://www.catalogueau.com/coles/#catalogue=coles/coles-catalogue-july-23-29-2025-vic-metro/,save_was_arithmetic,save_was_arithmetic,1,review
Coles,VIC METRO,"Coles Catalogue July 23 - 29, 2025 VIC METRO",2025-07-23,2025-07-30,14,Kellogg's Nutri Grain 470g or Special K Cereal 500g,7.0,9.0,2.0,22.22,save_amount,470g; 500g,,SAVES2 | WASS9 | Kellogg's Nutri Grain 470g | or Special K Cereal 500g,95.52,False,,https://caau.syd1.cdn.digitaloceanspaces.com/wp-content/uploads/catalogue/coles/coles-catalogue-july-23-29-2025-vic-metro/14.jpg,https://www.catalogueau.com/coles/#catalogue=coles/coles-catalogue-july-23-29-2025-vic-metro/,save_was_arithmetic,displayed_price;save_was_arithmetic,2,verified
Coles,VIC METRO,"Coles Catalogue July 23 - 29, 2025 VIC METRO",2025-07-23,2025-07-30,14,Coles Raspberry Jelly 4 Pack 500g,2.1,,,,special,4 Pack; 500g,$0.42 per 100g,Coles Raspberry Jelly | 4 Pack 500g $0.42 per 100g | =,96.05,True,single_price_evidence,https://caau.syd1.cdn.digitaloceanspaces.com/wp-content/uploads/catalogue/coles/coles-catalogue-july-23-29-2025-vic-metro/14.jpg,https://www.catalogueau.com/coles/#catalogue=coles/coles-catalogue-july-23-29-2025-vic-metro/,unit_price,unit_price,1,review
Coles,VIC METRO,"Coles Catalogue July 23 - 29, 2025 VIC METRO",2025-07-23,2025-07-30,14,Coles Jam 450g,2.5,,,,special,450g,$0.56 per 100g,Coles Jam 450g | $0.56 per 100g | UNCLE. ps | UN | VALUE | T@B',96.67,True,single_price_evidence,https://caau.syd1.cdn.digitaloceanspaces.com/wp-content/uploads/catalogue/coles/coles-catalogue-july-23-29-2025-vic-metro/14.jpg,https://www.catalogueau.com/coles/#catalogue=coles/coles-catalogue-july-23-29-2025-vic-metro/,unit_price,unit_price,1,review
Coles,VIC METRO,"Coles Catalogue July 23 - 29, 2025 VIC METRO",2025-07-23,2025-07-30,14,Vegemite 150g,4.0,,,,special,150g,$2.67 per 100g,Vegemite 150g | $2.67 per 100g,96.31,False,,https://caau.syd1.cdn.digitaloceanspaces.com/wp-content/uploads/catalogue/coles/coles-catalogue-july-23-29-2025-vic-metro/14.jpg,https://www.catalogueau.com/coles/#catalogue=coles/coles-catalogue-july-23-29-2025-vic-metro/,displayed_price,displayed_price;unit_price,2,verified
Coles,VIC METRO,"Coles Catalogue July 23 - 29, 2025 VIC METRO",2025-07-23,2025-07-30,14,Uncle Tobys Roll Ups Value Pack 234g,9.0,,,,special,234g,$3.85 per 100g,Uncle Tobys Roll Ups Value Pack | 234g $3.85 per 100g,95.7,False,,https://caau.syd1.cdn.digitaloceanspaces.com/wp-content/uploads/catalogue/coles/coles-catalogue-july-23-29-2025-vic-metro/14.jpg,https://www.catalogueau.com/coles/#catalogue=coles/coles-catalogue-july-23-29-2025-vic-metro/,displayed_price,displayed_price;unit_price,2,verified
Coles,VIC METRO,"Coles Catalogue July 23 - 29, 2025 VIC METRO",2025-07-23,2025-07-30,15,Chobani Greek Yogurt Pouch 140g,2.15,2.7,0.55,20.37,save_amount,140g,$1.54 per 100g,WAS $2.70 | WAS $2.70 | MAY 2025 | Chobani Greek Yogurt Pouch | 140g $1.54 | 140g $1.54 per 100g | per 100g,79.0,True,low_name_confidence_strict;single_price_evidence,https://caau.syd1.cdn.digitaloceanspaces.com/wp-content/uploads/catalogue/coles/coles-catalogue-july-23-29-2025-vic-metro/15.jpg,https://www.catalogueau.com/coles/#catalogue=coles/coles-catalogue-july-23-29-2025-vic-metro/,unit_price,unit_price,1,review
Coles,VIC METRO,"Coles Catalogue July 23 - 29, 2025 VIC METRO",2025-07-23,2025-07-30,15,Yoplait Petit Miam Yoghurt Pouch 70g,6.0,7.62,1.62,21.26,save_amount,70g,,SAVE ‘1.62 | Yoplait Petit Miam Yoghurt | Pouch 70g $1.19 per T00g. | On sale for 2 weeks,93.45,True,single_price_evidence,https://caau.syd1.cdn.digitaloceanspaces.com/wp-content/uploads/catalogue/coles/coles-catalogue-july-23-29-2025-vic-metro/15.jpg,https://www.catalogueau.com/coles/#catalogue=coles/coles-catalogue-july-23-29-2025-vic-metro/,displayed_price,displayed_price,1,review
Coles,VIC METRO,"Coles Catalogue July 23 - 29, 2025 VIC METRO",2025-07-23,2025-07-30,15,Farmers Union Greek Style or No Added Sugar Kids Yogurt Pouch 130g,8.0,11.0,3.0,27.27,save_amount,130g,$1.23 per 100g,SAVE *3 | Farmers Union Greek Style or | No Added Sugar Kids Yogurt | Pouch 130g $1.23 per 100g,96.61,True,unit_price_conflict;single_price_evidence,https://caau.syd1.cdn.digitaloceanspaces.com/wp-content/uploads/catalogue/coles/coles-catalogue-july-23-29-2025-vic-metro/15.jpg,https://www.catalogueau.com/coles/#catalogue=coles/coles-catalogue-july-23-29-2025-vic-metro/,displayed_price,displayed_price,1,review
Coles,VIC METRO,"Coles Catalogue July 23 - 29, 2025 VIC METRO",2025-07-23,2025-07-30,15,Babybel Mini Cheeses 5 Pack 5x20g,5.0,6.25,1.25,20.0,save_amount,5 Pack; 5x20g,$50.00 per kg,SAVE51.25 | WASS6.25 | Babybel Mini Cheeses 5 Pack | 5x20g $50.00 per kg. | On sale for 2 weeks,94.78,False,,https://caau.syd1.cdn.digitaloceanspaces.com/wp-content/uploads/catalogue/coles/coles-catalogue-july-23-29-2025-vic-metro/15.jpg,https://www.catalogueau.com/coles/#catalogue=coles/coles-catalogue-july-23-29-2025-vic-metro/,displayed_price,displayed_price;unit_price,2,verified
Coles,VIC METRO,"Coles Catalogue July 23 - 29, 2025 VIC METRO",2025-07-23,2025-07-30,15,Nuffin Mini Dips 2 Pack 2x50g,5.0,6.0,1.0,16.67,save_amount,2 Pack; 2x50g,$2.50 per 100g,SAVES1 | Nuffin Mini Dips 2 Pack 2x50g | $2.50 per 100g,93.98,True,unit_price_conflict;single_price_evidence,https://caau.syd1.cdn.digitaloceanspaces.com/wp-content/uploads/catalogue/coles/coles-catalogue-july-23-29-2025-vic-metro/15.jpg,https://www.catalogueau.com/coles/#catalogue=coles/coles-catalogue-july-23-29-2025-vic-metro/,displayed_price,displayed_price,1,review
Coles,VIC METRO,"Coles Catalogue July 23 - 29, 2025 VIC METRO",2025-07-23,2025-07-30,15,Great Ocean Road Cheese Block 500g,9.0,10.3,1.3,12.62,save_amount,500g,$18.00 per kg,WAS $10.30 | WAS $10.30 | MAY 2025 | Great Ocean Road Cheese | Block 500g $18.00 per kg,96.37,False,,https://caau.syd1.cdn.digitaloceanspaces.com/wp-content/uploads/catalogue/coles/coles-catalogue-july-23-29-2025-vic-metro/15.jpg,https://www.catalogueau.com/coles/#catalogue=coles/coles-catalogue-july-23-29-2025-vic-metro/,displayed_price,displayed_price;unit_price,2,verified
Coles,VIC METRO,"Coles Catalogue July 23 - 29, 2025 VIC METRO",2025-07-23,2025-07-30,15,Western Star Spreadable Blend 500g,6.0,750.0,744.0,99.2,save_amount,500g,$1.20 per 100g,SAVES1.50 | WAS$750 | Western Star Spreadable Blend | 500g $1.20 per 100g | VIC-METRO-2307-25-435600,94.81,True,single_price_evidence,https://caau.syd1.cdn.digitaloceanspaces.com/wp-content/uploads/catalogue/coles/coles-catalogue-july-23-29-2025-vic-metro/15.jpg,https://www.catalogueau.com/coles/#catalogue=coles/coles-catalogue-july-23-29-2025-vic-metro/,unit_price,unit_price,1,review
Coles,VIC METRO,"Coles Catalogue July 23 - 29, 2025 VIC METRO",2025-07-23,2025-07-30,15,Cheer Cheese Slices Refill 250g,5.5,7.0,1.5,21.43,save_amount,250g,$22.00 per kg,SAVES1.50 | Cheer Cheese Slices Refill | 250g $22.00 per kg | 15,95.89,True,single_price_evidence,https://caau.syd1.cdn.digitaloceanspaces.com/wp-content/uploads/catalogue/coles/coles-catalogue-july-23-29-2025-vic-metro/15.jpg,https://www.catalogueau.com/coles/#catalogue=coles/coles-catalogue-july-23-29-2025-vic-metro/,unit_price,unit_price,1,review
Coles,VIC METRO,"Coles Catalogue July 23 - 29, 2025 VIC METRO",2025-07-23,2025-07-30,15,Primo Stackers Multipack 3x50g,10.0,,,,special,3x50g,$6.67 per 100g,Primo Stackers Multipack | 3x50g $6.67 per 100g. | *See page 10 for T&Cs,95.78,False,,https://caau.syd1.cdn.digitaloceanspaces.com/wp-content/uploads/catalogue/coles/coles-catalogue-july-23-29-2025-vic-metro/15.jpg,https://www.catalogueau.com/coles/#catalogue=coles/coles-catalogue-july-23-29-2025-vic-metro/,displayed_price,displayed_price;unit_price,2,verified
Coles,VIC METRO,"Coles Catalogue July 23 - 29, 2025 VIC METRO",2025-07-23,2025-07-30,16,Chobani Greek or Greek No Sugar Added Yogurt 150g-160g,1.6,2.7,1.1,40.74,save_amount,150g; 160g,,SAVE51.10 | WASS2.70 | Chobani Greek or Greek No | Sugar Added Yogurt 150g-160g,94.16,True,single_price_evidence,https://caau.syd1.cdn.digitaloceanspaces.com/wp-content/uploads/catalogue/coles/coles-catalogue-july-23-29-2025-vic-metro/16.jpg,https://www.catalogueau.com/coles/#catalogue=coles/coles-catalogue-july-23-29-2025-vic-metro/,displayed_price,displayed_price,1,review
Coles,VIC METRO,"Coles Catalogue July 23 - 29, 2025 VIC METRO",2025-07-23,2025-07-30,16,Gippsland Dairy Mix-Ins Yogurt 140g,2.3,3.85,1.55,40.26,save_amount,140g,$1.64 per 100g,SAVES1.55 | Gippsland Dairy Mix-Ins Yogurt | 140g $1.64 per 100g,94.75,False,,https://caau.syd1.cdn.digitaloceanspaces.com/wp-content/uploads/catalogue/coles/coles-catalogue-july-23-29-2025-vic-metro/16.jpg,https://www.catalogueau.com/coles/#catalogue=coles/coles-catalogue-july-23-29-2025-vic-metro/,displayed_price,displayed_price;unit_price,2,verified
Coles,VIC METRO,"Coles Catalogue July 23 - 29, 2025 VIC METRO",2025-07-23,2025-07-30,16,Danone Activia No Added Sugar Yoghurt 4x125g,3.45,5.75,2.3,40.0,save_amount,4x125g,,SAVE%2.30 | WASS5.75 | Danone Activia No Added | Sugar Yoghurt 4x125g $0.69 per | 100g.*See page 10 for T&Cs,95.17,True,single_price_evidence,https://caau.syd1.cdn.digitaloceanspaces.com/wp-content/uploads/catalogue/coles/coles-catalogue-july-23-29-2025-vic-metro/16.jpg,https://www.catalogueau.com/coles/#catalogue=coles/coles-catalogue-july-23-29-2025-vic-metro/,save_was_arithmetic,save_was_arithmetic,1,review
Coles,VIC METRO,"Coles Catalogue July 23 - 29, 2025 VIC METRO",2025-07-23,2025-07-30,16,Tamar Valley Dairy Greek Style Yoghurt 1kg,6.0,780.0,774.0,99.23,save_amount,1kg,$0.60 per 100g,SAVES1.80 | ‘WAS$780 | Tamar Valley Dairy Greek Style | Yoghurt 1kg $0.60 per 100g | <= | nilia | a,94.86,False,,https://caau.syd1.cdn.digitaloceanspaces.com/wp-content/uploads/catalogue/coles/coles-catalogue-july-23-29-2025-vic-metro/16.jpg,https://www.catalogueau.com/coles/#catalogue=coles/coles-catalogue-july-23-29-2025-vic-metro/,displayed_price,displayed_price;unit_price,2,verified
Coles,VIC METRO,"Coles Catalogue July 23 - 29, 2025 VIC METRO",2025-07-23,2025-07-30,16,Tamar Valley Dairy Kids Yoghurt Pouch 110g,8.0,12.0,4.0,33.33,save_amount,110g,$1.45 per 100g,SAVES4 | Tamar Valley Dairy Kids Yoghurt Pouch | 110g $1.45 per 100g | ULTI,96.36,True,unit_price_conflict;single_price_evidence,https://caau.syd1.cdn.digitaloceanspaces.com/wp-content/uploads/catalogue/coles/coles-catalogue-july-23-29-2025-vic-metro/16.jpg,https://www.catalogueau.com/coles/#catalogue=coles/coles-catalogue-july-23-29-2025-vic-metro/,displayed_price,displayed_price,1,review
Coles,VIC METRO,"Coles Catalogue July 23 - 29, 2025 VIC METRO",2025-07-23,2025-07-30,16,Danone Ultimate Double Cream Yoghurt 4x115g,4.5,5.75,1.25,21.74,save_amount,4x115g,$0.98 per 100g,WAS $5.75 | WAS $5.75 | JUN 2025 | Danone Ultimate Double Cream | Yoghurt 4x115g $0.98 per 100g | *See page 10 forT&Cs,95.5,True,single_price_evidence,https://caau.syd1.cdn.digitaloceanspaces.com/wp-content/uploads/catalogue/coles/coles-catalogue-july-23-29-2025-vic-metro/16.jpg,https://www.catalogueau.com/coles/#catalogue=coles/coles-catalogue-july-23-29-2025-vic-metro/,unit_price,unit_price,1,review
Coles,VIC METRO,"Coles Catalogue July 23 - 29, 2025 VIC METRO",2025-07-23,2025-07-30,16,Dairy Farmers Thick & Creamy Yoghurt 550g-600g,3.85,5.5,1.65,30.0,save_amount,550g; 600g,,SAVE51.65 | WASS5.50 | Dairy Farmers Thick & Creamy | Yoghurt 550g-600g,93.71,True,single_price_evidence,https://caau.syd1.cdn.digitaloceanspaces.com/wp-content/uploads/catalogue/coles/coles-catalogue-july-23-29-2025-vic-metro/16.jpg,https://www.catalogueau.com/coles/#catalogue=coles/coles-catalogue-july-23-29-2025-vic-metro/,displayed_price,displayed_price,1,review
Coles,VIC METRO,"Coles Catalogue July 23 - 29, 2025 VIC METRO",2025-07-23,2025-07-30,16,Chobani Fit Protein Greek Yogurt 160g,2.2,2.8,0.6,21.43,save_amount,160g,$1.38 per 100g,"WASS2.80 | WASS2.80 | Chobani Fit Protein Greek Yogurt | 160g $1.38 per 100g | Coles Group acknowledges the Traditional Custodians of Country throughout Australia. | We recognise their strength and pay our respect fo Elders past, present and emerging.",95.82,False,,https://caau.syd1.cdn.digitaloceanspaces.com/wp-content/uploads/catalogue/coles/coles-catalogue-july-23-29-2025-vic-metro/16.jpg,https://www.catalogueau.com/coles/#catalogue=coles/coles-catalogue-july-23-29-2025-vic-metro/,displayed_price,displayed_price;unit_price,2,verified
Coles,VIC METRO,"Coles Catalogue July 23 - 29, 2025 VIC METRO",2025-07-23,2025-07-30,19,Coles Australian Dry Roasted or Natural Almonds 750g,12.0,16.0,4.0,25.0,save_amount,750g,$16.00 per kg,‘WASSI6 | ‘WASSI6 | Coles Australian Dry Roasted or | Natural Almonds 750g | $16.00 per kg | ae,96.16,False,,https://caau.syd1.cdn.digitaloceanspaces.com/wp-content/uploads/catalogue/coles/coles-catalogue-july-23-29-2025-vic-metro/19.jpg,https://www.catalogueau.com/coles/#catalogue=coles/coles-catalogue-july-23-29-2025-vic-metro/,displayed_price,displayed_price;unit_price,2,verified
Coles,VIC METRO,"Coles Catalogue July 23 - 29, 2025 VIC METRO",2025-07-23,2025-07-30,19,Australian Cara Cara Oranges,3.0,,,,special,,$3.00 per kg,Australian Cara Cara Oranges | $3.00 per kg | ‘Sy | in,96.3,True,offer_labels_missing;save_amount_missing;regular_price_missing;single_price_evidence,https://caau.syd1.cdn.digitaloceanspaces.com/wp-content/uploads/catalogue/coles/coles-catalogue-july-23-29-2025-vic-metro/19.jpg,https://www.catalogueau.com/coles/#catalogue=coles/coles-catalogue-july-23-29-2025-vic-metro/,displayed_price,displayed_price,1,review
Coles,VIC METRO,"Coles Catalogue July 23 - 29, 2025 VIC METRO",2025-07-23,2025-07-30,19,Australian Eureka Blueberries 200g Punnet,8.0,,,,special,200g,$40.00 per kg,Australian Eureka Blueberries | 200g Punnet $40.00 per kg | \ | Sy | ie,94.8,False,,https://caau.syd1.cdn.digitaloceanspaces.com/wp-content/uploads/catalogue/coles/coles-catalogue-july-23-29-2025-vic-metro/19.jpg,https://www.catalogueau.com/coles/#catalogue=coles/coles-catalogue-july-23-29-2025-vic-metro/,displayed_price,displayed_price;unit_price,2,verified
Coles,VIC METRO,"Coles Catalogue July 23 - 29, 2025 VIC METRO",2025-07-23,2025-07-30,19,Coles Kitchen Creme Royale Potato Mash 350g Pack,5.0,,,,special,350g,$14.29 per kg,Coles Kitchen Creme Royale | Potato Mash 350g Pack | $14.29 per kg,96.44,False,,https://caau.syd1.cdn.digitaloceanspaces.com/wp-content/uploads/catalogue/coles/coles-catalogue-july-23-29-2025-vic-metro/19.jpg,https://www.catalogueau.com/coles/#catalogue=coles/coles-catalogue-july-23-29-2025-vic-metro/,displayed_price,displayed_price;unit_price,2,verified
Coles,VIC METRO,"Coles Catalogue July 23 - 29, 2025 VIC METRO",2025-07-23,2025-07-30,19,Australian Kanzi Apples,5.9,,,,special,,$5.90 per kg,Australian Kanzi Apples | $5.90 per kg,94.05,True,offer_labels_missing;save_amount_missing;regular_price_missing;single_price_evidence,https://caau.syd1.cdn.digitaloceanspaces.com/wp-content/uploads/catalogue/coles/coles-catalogue-july-23-29-2025-vic-metro/19.jpg,https://www.catalogueau.com/coles/#catalogue=coles/coles-catalogue-july-23-29-2025-vic-metro/,displayed_price,displayed_price,1,review
Coles,VIC METRO,"Coles Catalogue July 23 - 29, 2025 VIC METRO",2025-07-23,2025-07-30,20,Cucina Matese Traditional Passata 700g,2.8,3.5,0.7,20.0,save_amount,700g,$0.40 per 100g,WASS3.50 | WASS3.50 | Cucina Matese Traditional | Passata 700g $0.40 per 100g. | *See page 10 forl&Cs,94.74,False,,https://caau.syd1.cdn.digitaloceanspaces.com/wp-content/uploads/catalogue/coles/coles-catalogue-july-23-29-2025-vic-metro/20.jpg,https://www.catalogueau.com/coles/#catalogue=coles/coles-catalogue-july-23-29-2025-vic-metro/,displayed_price,displayed_price;unit_price,2,verified
Coles,VIC METRO,"Coles Catalogue July 23 - 29, 2025 VIC METRO",2025-07-23,2025-07-30,20,Coles Australian Beef & Pork Meatballs 560g,7.0,,,,special,560g,$12.50 per kg,Coles Australian Beef & Pork | Meatballs 560g $12.50 per kg. | Product sold uncooked,92.37,False,,https://caau.syd1.cdn.digitaloceanspaces.com/wp-content/uploads/catalogue/coles/coles-catalogue-july-23-29-2025-vic-metro/20.jpg,https://www.catalogueau.com/coles/#catalogue=coles/coles-catalogue-july-23-29-2025-vic-metro/,displayed_price,displayed_price;unit_price,2,verified
Coles,VIC METRO,"Coles Catalogue July 23 - 29, 2025 VIC METRO",2025-07-23,2025-07-30,20,Cucina Matese Casarecce Pasta 500g,2.8,,,,special,500g,$0.56 per 100g,Cucina Matese Casarecce | Pasta 500g $0.56 per 100g. | *See page 10 forT&Cs | VIC-METRO-2307-25-435600,94.03,True,single_price_evidence,https://caau.syd1.cdn.digitaloceanspaces.com/wp-content/uploads/catalogue/coles/coles-catalogue-july-23-29-2025-vic-metro/20.jpg,https://www.catalogueau.com/coles/#catalogue=coles/coles-catalogue-july-23-29-2025-vic-metro/,unit_price,unit_price,1,review
Coles,VIC METRO,"Coles Catalogue July 23 - 29, 2025 VIC METRO",2025-07-23,2025-07-30,20,Coles Shredded Parmesan 250g,6.4,,,,special,250g,$25.60 per kg,Coles Shredded Parmesan | 250g $25.60 per kg,96.19,True,single_price_evidence,https://caau.syd1.cdn.digitaloceanspaces.com/wp-content/uploads/catalogue/coles/coles-catalogue-july-23-29-2025-vic-metro/20.jpg,https://www.catalogueau.com/coles/#catalogue=coles/coles-catalogue-july-23-29-2025-vic-metro/,unit_price,unit_price,1,review
Coles,VIC METRO,"Coles Catalogue July 23 - 29, 2025 VIC METRO",2025-07-23,2025-07-30,21,Coles Free Range RSPCA Approved Chicken Breast,12.0,15.0,3.0,20.0,save_amount,,$12.00 per kg,SAVE $3kg | WASS15ig | Coles Free Range RSPCA | Approved Chicken Breast | Large Pack $12.00 per kg. | Product sold uncooked,96.33,False,,https://caau.syd1.cdn.digitaloceanspaces.com/wp-content/uploads/catalogue/coles/coles-catalogue-july-23-29-2025-vic-metro/21.jpg,https://www.catalogueau.com/coles/#catalogue=coles/coles-catalogue-july-23-29-2025-vic-metro/,save_was_arithmetic,displayed_price;save_was_arithmetic,2,verified
Coles,VIC METRO,"Coles Catalogue July 23 - 29, 2025 VIC METRO",2025-07-23,2025-07-30,21,Coles Australian Pork Belly Roast Boneless,18.0,20.0,2.0,10.0,save_amount,,$18.00 per kg,WAS $20kg | WAS $20kg | JUN 2025 | Coles Australian Pork Belly Roast | Boneless $18.00 per kg | coke,96.21,True,single_price_evidence,https://caau.syd1.cdn.digitaloceanspaces.com/wp-content/uploads/catalogue/coles/coles-catalogue-july-23-29-2025-vic-metro/21.jpg,https://www.catalogueau.com/coles/#catalogue=coles/coles-catalogue-july-23-29-2025-vic-metro/,displayed_price,displayed_price,1,review
Coles,VIC METRO,"Coles Catalogue July 23 - 29, 2025 VIC METRO",2025-07-23,2025-07-30,21,Coles Made Easy Slow Cooked Lamb Shanks in Red Wine Sauce 900g,14.0,16.0,2.0,12.5,down_down,900g,$15.56 per kg,DOWN DOWN | JUN 2025 | Coles Made Easy Slow Cooked | Lamb Shanks in Red Wine Sauce | 900g $15.56 per kg,96.16,True,single_price_evidence,https://caau.syd1.cdn.digitaloceanspaces.com/wp-content/uploads/catalogue/coles/coles-catalogue-july-23-29-2025-vic-metro/21.jpg,https://www.catalogueau.com/coles/#catalogue=coles/coles-catalogue-july-23-29-2025-vic-metro/,unit_price,unit_price,1,review
Coles,VIC METRO,"Coles Catalogue July 23 - 29, 2025 VIC METRO",2025-07-23,2025-07-30,21,Coles Australian No Added Hormones Beef Oyster Blade Steak 500g,10.0,13.0,3.0,23.08,save_amount,500g,$20.00 per kg,SAVES3 | WASS13 | Coles Australian No Added | Hormones Beef Oyster Blade | Steak 500g $20.00 per kg,96.3,False,,https://caau.syd1.cdn.digitaloceanspaces.com/wp-content/uploads/catalogue/coles/coles-catalogue-july-23-29-2025-vic-metro/21.jpg,https://www.catalogueau.com/coles/#catalogue=coles/coles-catalogue-july-23-29-2025-vic-metro/,save_was_arithmetic,displayed_price;save_was_arithmetic;unit_price,3,verified
Coles,VIC METRO,"Coles Catalogue July 23 - 29, 2025 VIC METRO",2025-07-23,2025-07-30,21,Coles Finest Sausages 450g-500g,8.0,9.0,1.0,11.11,save_amount,450g; 500g,,SAVE*1 | WASS9 | Coles Finest Sausages | 450g-500g On sale for 2 weeks,95.55,False,,https://caau.syd1.cdn.digitaloceanspaces.com/wp-content/uploads/catalogue/coles/coles-catalogue-july-23-29-2025-vic-metro/21.jpg,https://www.catalogueau.com/coles/#catalogue=coles/coles-catalogue-july-23-29-2025-vic-metro/,save_was_arithmetic,displayed_price;save_was_arithmetic,2,verified
Coles,VIC METRO,"Coles Catalogue July 23 - 29, 2025 VIC METRO",2025-07-23,2025-07-30,21,VIC-METRO-2307-25-435600,15.0,16.0,1.0,6.25,save_amount,,,SAVE $1 | VIC-METRO-2307-25-435600,92.11,True,single_price_evidence,https://caau.syd1.cdn.digitaloceanspaces.com/wp-content/uploads/catalogue/coles/coles-catalogue-july-23-29-2025-vic-metro/21.jpg,https://www.catalogueau.com/coles/#catalogue=coles/coles-catalogue-july-23-29-2025-vic-metro/,displayed_price,displayed_price,1,review
Coles,VIC METRO,"Coles Catalogue July 23 - 29, 2025 VIC METRO",2025-07-23,2025-07-30,21,Coles Australian No Added Hormones Beef Roast Topside,16.0,,,,down_down,,$16.00 per kg,Coles Australian No Added | Hormones Beef Roast Topside | $16.00 per kg | ===,96.18,True,save_amount_missing;regular_price_missing;single_price_evidence,https://caau.syd1.cdn.digitaloceanspaces.com/wp-content/uploads/catalogue/coles/coles-catalogue-july-23-29-2025-vic-metro/21.jpg,https://www.catalogueau.com/coles/#catalogue=coles/coles-catalogue-july-23-29-2025-vic-metro/,displayed_price,displayed_price,1,review
Coles,VIC METRO,"Coles Catalogue July 23 - 29, 2025 VIC METRO",2025-07-23,2025-07-30,21,Coles Australian Lamb Forequarter Chops,18.0,,,,down_down,,$18.00 per kg,Coles Australian Lamb | Forequarter Chops $18.00 per kg | 2nd week on sale,95.69,True,save_amount_missing;regular_price_missing;single_price_evidence,https://caau.syd1.cdn.digitaloceanspaces.com/wp-content/uploads/catalogue/coles/coles-catalogue-july-23-29-2025-vic-metro/21.jpg,https://www.catalogueau.com/coles/#catalogue=coles/coles-catalogue-july-23-29-2025-vic-metro/,displayed_price,displayed_price,1,review
Coles,VIC METRO,"Coles Catalogue July 23 - 29, 2025 VIC METRO",2025-07-23,2025-07-30,22,Mission Wraps 8 Pack 567g,4.5,5.5,1.0,18.18,save_amount,8 Pack; 567g,$0.79 per 100g,SAVES1 | WASS5.50 | Mission Wraps 8 Pack 567g | $0.79 per 100g | ES,96.6,False,,https://caau.syd1.cdn.digitaloceanspaces.com/wp-content/uploads/catalogue/coles/coles-catalogue-july-23-29-2025-vic-metro/22.jpg,https://www.catalogueau.com/coles/#catalogue=coles/coles-catalogue-july-23-29-2025-vic-metro/,save_was_arithmetic,save_was_arithmetic;unit_price,2,verified
Coles,VIC METRO,"Coles Catalogue July 23 - 29, 2025 VIC METRO",2025-07-23,2025-07-30,22,Coles Bakery Stone Baked by Laurent Mini Pane di Casa,2.75,3.25,0.5,15.38,save_amount,,$2.75 per each,SAVE50° | WASS3.25 | Coles Bakery Stone Baked by Laurent Mini | Pane di Casa $2.75 per each. Selected stores only | Ms | Kipling | 6 | vi,96.38,False,,https://caau.syd1.cdn.digitaloceanspaces.com/wp-content/uploads/catalogue/coles/coles-catalogue-july-23-29-2025-vic-metro/22.jpg,https://www.catalogueau.com/coles/#catalogue=coles/coles-catalogue-july-23-29-2025-vic-metro/,displayed_price,displayed_price;unit_price,2,verified
Coles,VIC METRO,"Coles Catalogue July 23 - 29, 2025 VIC METRO",2025-07-23,2025-07-30,22,Mr Kipling Fancies or Bakewells 205g-250g,3.5,6.5,3.0,46.15,save_amount,205g; 250g,,SAVES3 | WASS$6.50 | Mr Kipling Fancies or Bakewells | 205g-250g,92.1,True,single_price_evidence,https://caau.syd1.cdn.digitaloceanspaces.com/wp-content/uploads/catalogue/coles/coles-catalogue-july-23-29-2025-vic-metro/22.jpg,https://www.catalogueau.com/coles/#catalogue=coles/coles-catalogue-july-23-29-2025-vic-metro/,save_was_arithmetic,save_was_arithmetic,1,review
Coles,VIC METRO,"Coles Catalogue July 23 - 29, 2025 VIC METRO",2025-07-23,2025-07-30,22,Coles Bakery Tear & Share,4.0,5.0,1.0,20.0,save_amount,,$4.00 per each,SAVE‘1 | WASS5 | Coles Bakery Tear & Share | $4.00 per each. Selected stores only | VIC-METRO-2307-25-435600,95.77,False,,https://caau.syd1.cdn.digitaloceanspaces.com/wp-content/uploads/catalogue/coles/coles-catalogue-july-23-29-2025-vic-metro/22.jpg,https://www.catalogueau.com/coles/#catalogue=coles/coles-catalogue-july-23-29-2025-vic-metro/,save_was_arithmetic,displayed_price;save_was_arithmetic;unit_price,3,verified
Coles,VIC METRO,"Coles Catalogue July 23 - 29, 2025 VIC METRO",2025-07-23,2025-07-30,22,Coles Pikelets 8 Pack 200g,2.5,,,,special,8 Pack; 200g,$1.25 per 100g,Coles Pikelets 8 Pack 200g | $1.25 per 100g | eee | &,94.32,True,single_price_evidence,https://caau.syd1.cdn.digitaloceanspaces.com/wp-content/uploads/catalogue/coles/coles-catalogue-july-23-29-2025-vic-metro/22.jpg,https://www.catalogueau.com/coles/#catalogue=coles/coles-catalogue-july-23-29-2025-vic-metro/,unit_price,unit_price,1,review
Coles,VIC METRO,"Coles Catalogue July 23 - 29, 2025 VIC METRO",2025-07-23,2025-07-30,22,Coles Bakery Rolls 6 Pack,3.0,,,,special,6 Pack,$0.50 per each,Coles Bakery Rolls 6 Pack | $0.50 per each. | Selected stores only,96.63,False,,https://caau.syd1.cdn.digitaloceanspaces.com/wp-content/uploads/catalogue/coles/coles-catalogue-july-23-29-2025-vic-metro/22.jpg,https://www.catalogueau.com/coles/#catalogue=coles/coles-catalogue-july-23-29-2025-vic-metro/,displayed_price,displayed_price;unit_price,2,verified
Coles,VIC METRO,"Coles Catalogue July 23 - 29, 2025 VIC METRO",2025-07-23,2025-07-30,23,Don Honey Ham,22.0,261.0,239.0,91.57,save_amount,,$22.00 per kg,WAS $261 | WAS $261 | Don Honey Ham | $22.00 per kg. | Selected stores only*. | 2nd week on sale,96.72,True,single_price_evidence,https://caau.syd1.cdn.digitaloceanspaces.com/wp-content/uploads/catalogue/coles/coles-catalogue-july-23-29-2025-vic-metro/23.jpg,https://www.catalogueau.com/coles/#catalogue=coles/coles-catalogue-july-23-29-2025-vic-metro/,displayed_price,displayed_price,1,review
Coles,VIC METRO,"Coles Catalogue July 23 - 29, 2025 VIC METRO",2025-07-23,2025-07-30,23,Hans Twiggy Sticks,22.0,36.0,14.0,38.89,save_amount,,$22.00 per kg,WAS$36ig | WAS$36ig | Hans Twiggy Sticks | $22.00 per kg. Selected stores only*,96.46,True,single_price_evidence,https://caau.syd1.cdn.digitaloceanspaces.com/wp-content/uploads/catalogue/coles/coles-catalogue-july-23-29-2025-vic-metro/23.jpg,https://www.catalogueau.com/coles/#catalogue=coles/coles-catalogue-july-23-29-2025-vic-metro/,displayed_price,displayed_price,1,review
Coles,VIC METRO,"Coles Catalogue July 23 - 29, 2025 VIC METRO",2025-07-23,2025-07-30,23,Tassal Smoked Salmon 250g,16.0,21.0,5.0,23.81,save_amount,250g,$64.00 per kg,WAS$21 | WAS$21 | Tassal Smoked Salmon 250g | $64.00 per kg,95.03,True,single_price_evidence,https://caau.syd1.cdn.digitaloceanspaces.com/wp-content/uploads/catalogue/coles/coles-catalogue-july-23-29-2025-vic-metro/23.jpg,https://www.catalogueau.com/coles/#catalogue=coles/coles-catalogue-july-23-29-2025-vic-metro/,unit_price,unit_price,1,review
Coles,VIC METRO,"Coles Catalogue July 23 - 29, 2025 VIC METRO",2025-07-23,2025-07-30,23,KB's Seafood Marinara Mix,16.0,,,,special,,$16.00 per kg,KB's Seafood Marinara Mix | $16.00 per kg. Selected stores only*,96.3,True,offer_labels_missing;save_amount_missing;regular_price_missing;single_price_evidence,https://caau.syd1.cdn.digitaloceanspaces.com/wp-content/uploads/catalogue/coles/coles-catalogue-july-23-29-2025-vic-metro/23.jpg,https://www.catalogueau.com/coles/#catalogue=coles/coles-catalogue-july-23-29-2025-vic-metro/,displayed_price,displayed_price,1,review
Coles,VIC METRO,"Coles Catalogue July 23 - 29, 2025 VIC METRO",2025-07-23,2025-07-30,23,Coles Thawed Raw Peeled Prawn Meat,30.3,,,,special,,$30.00 per kg,Coles Thawed Raw Peeled Prawn Meat | $30.00 per kg. Selected stores only*,96.49,True,offer_labels_missing;save_amount_missing;regular_price_missing;single_price_evidence,https://caau.syd1.cdn.digitaloceanspaces.com/wp-content/uploads/catalogue/coles/coles-catalogue-july-23-29-2025-vic-metro/23.jpg,https://www.catalogueau.com/coles/#catalogue=coles/coles-catalogue-july-23-29-2025-vic-metro/,unknown,,0,review
Coles,VIC METRO,"Coles Catalogue July 23 - 29, 2025 VIC METRO",2025-07-23,2025-07-30,24,Allen's Lollies 140g-200g,3.5,5.0,1.5,30.0,save_amount,140g; 200g,,WASS5 | WASS5 | Allen's Lollies 140g-200g,93.48,True,single_price_evidence,https://caau.syd1.cdn.digitaloceanspaces.com/wp-content/uploads/catalogue/coles/coles-catalogue-july-23-29-2025-vic-metro/24.jpg,https://www.catalogueau.com/coles/#catalogue=coles/coles-catalogue-july-23-29-2025-vic-metro/,displayed_price,displayed_price,1,review
Coles,VIC METRO,"Coles Catalogue July 23 - 29, 2025 VIC METRO",2025-07-23,2025-07-30,24,Nestlé Block Chocolate 118g-180g,1.5,7.0,5.5,78.57,save_amount,118g; 180g,,"WASS7 | WASS7 | Nestlé Block Chocolate | 118g-180g | a, | a | ARNOTTS | i",93.77,True,single_price_evidence,https://caau.syd1.cdn.digitaloceanspaces.com/wp-content/uploads/catalogue/coles/coles-catalogue-july-23-29-2025-vic-metro/24.jpg,https://www.catalogueau.com/coles/#catalogue=coles/coles-catalogue-july-23-29-2025-vic-metro/,displayed_price,displayed_price,1,review
Coles,VIC METRO,"Coles Catalogue July 23 - 29, 2025 VIC METRO",2025-07-23,2025-07-30,25,Powerade Sports Drink or Active Water 600mL,2.6,4.4,1.8,40.91,save_amount,600mL,$4.33 per litre,SAVE‘1.80 | WASS4.40 | Powerade Sports Drink or Active | Water 600mL $4.33 per litre | = | <a | Ses | at,95.06,False,,https://caau.syd1.cdn.digitaloceanspaces.com/wp-content/uploads/catalogue/coles/coles-catalogue-july-23-29-2025-vic-metro/25.jpg,https://www.catalogueau.com/coles/#catalogue=coles/coles-catalogue-july-23-29-2025-vic-metro/,save_was_arithmetic,displayed_price;save_was_arithmetic;unit_price,3,verified
Coles,VIC METRO,"Coles Catalogue July 23 - 29, 2025 VIC METRO",2025-07-23,2025-07-30,25,Raw C Coconut Water 1 Litre,3.3,5.5,2.2,40.0,save_amount,1 Litre,$3.30 per litre,SAVES2.20 | WASS5.50 | Raw C Coconut Water 1 Litre | $3.30 per litre | LS | Wei | bs,95.63,False,,https://caau.syd1.cdn.digitaloceanspaces.com/wp-content/uploads/catalogue/coles/coles-catalogue-july-23-29-2025-vic-metro/25.jpg,https://www.catalogueau.com/coles/#catalogue=coles/coles-catalogue-july-23-29-2025-vic-metro/,save_was_arithmetic,save_was_arithmetic;unit_price,2,verified
Coles,VIC METRO,"Coles Catalogue July 23 - 29, 2025 VIC METRO",2025-07-23,2025-07-30,25,Pepsi or Solo Soft Drink 1.25 Litre,2.0,3.5,1.5,42.86,save_amount,1.25 Litre,$1.60 per litre,SAVE51.50 | WASS3.50 | Pepsi or Solo Soft Drink 1.25 Litre | $1.60 per litre | ee,96.05,False,,https://caau.syd1.cdn.digitaloceanspaces.com/wp-content/uploads/catalogue/coles/coles-catalogue-july-23-29-2025-vic-metro/25.jpg,https://www.catalogueau.com/coles/#catalogue=coles/coles-catalogue-july-23-29-2025-vic-metro/,displayed_price,displayed_price;unit_price,2,verified
Coles,VIC METRO,"Coles Catalogue July 23 - 29, 2025 VIC METRO",2025-07-23,2025-07-30,25,V Energy Drink 4x250mL,7.0,11.75,4.75,40.43,save_amount,4x250mL,$7.00 per litre,SAVES4.75 | WASS$11.75 | V Energy Drink 4x250mL | $7.00 per litre | —_— —= | — Ss | = | Lae,93.68,False,,https://caau.syd1.cdn.digitaloceanspaces.com/wp-content/uploads/catalogue/coles/coles-catalogue-july-23-29-2025-vic-metro/25.jpg,https://www.catalogueau.com/coles/#catalogue=coles/coles-catalogue-july-23-29-2025-vic-metro/,save_was_arithmetic,displayed_price;save_was_arithmetic;unit_price,3,verified
Coles,VIC METRO,"Coles Catalogue July 23 - 29, 2025 VIC METRO",2025-07-23,2025-07-30,25,Kirks Soft Drink 10x375mL,9.0,15.0,6.0,40.0,save_amount,10x375mL,$2.40 per litre,SAVE56 | WASS15 | Kirks Soft Drink 10x375mL | $2.40 per litre | Cel | ——— | = | nent,92.49,False,,https://caau.syd1.cdn.digitaloceanspaces.com/wp-content/uploads/catalogue/coles/coles-catalogue-july-23-29-2025-vic-metro/25.jpg,https://www.catalogueau.com/coles/#catalogue=coles/coles-catalogue-july-23-29-2025-vic-metro/,displayed_price,displayed_price;unit_price,2,verified
Coles,VIC METRO,"Coles Catalogue July 23 - 29, 2025 VIC METRO",2025-07-23,2025-07-30,25,Monster Energy Drink 4x500mL,9.6,16.0,6.4,40.0,save_amount,4x500mL,$4.80 per litre,SAVES6.40 | WASS16 | Monster Energy Drink 4x500mL | $4.80 per litre | —— | — | —— | Bonus,93.92,False,,https://caau.syd1.cdn.digitaloceanspaces.com/wp-content/uploads/catalogue/coles/coles-catalogue-july-23-29-2025-vic-metro/25.jpg,https://www.catalogueau.com/coles/#catalogue=coles/coles-catalogue-july-23-29-2025-vic-metro/,save_was_arithmetic,displayed_price;save_was_arithmetic;unit_price,3,verified
Coles,VIC METRO,"Coles Catalogue July 23 - 29, 2025 VIC METRO",2025-07-23,2025-07-30,25,Pepsi or Solo Soft Drink or Schweppes Sparkling Water,11.4,19.0,7.6,40.0,save_amount,,$3.04 per litre,SAVES7.60 | WASS19 | Pepsi or Solo Soft Drink or | Schweppes Sparkling Water | 10x375mL $3.04 per litre | VIC-METRO-2307-25-435600,96.59,False,,https://caau.syd1.cdn.digitaloceanspaces.com/wp-content/uploads/catalogue/coles/coles-catalogue-july-23-29-2025-vic-metro/25.jpg,https://www.catalogueau.com/coles/#catalogue=coles/coles-catalogue-july-23-29-2025-vic-metro/,save_was_arithmetic,displayed_price;save_was_arithmetic,2,verified
Coles,VIC METRO,"Coles Catalogue July 23 - 29, 2025 VIC METRO",2025-07-23,2025-07-30,25,Coca-Cola Soft Drink 12x300mL,12.0,20.0,8.0,40.0,save_amount,12x300mL,$3.33 per litre,SAVES8 | WASS20 | Coca-Cola Soft Drink 12x300mL | $3.33 per litre | 25,94.38,False,,https://caau.syd1.cdn.digitaloceanspaces.com/wp-content/uploads/catalogue/coles/coles-catalogue-july-23-29-2025-vic-metro/25.jpg,https://www.catalogueau.com/coles/#catalogue=coles/coles-catalogue-july-23-29-2025-vic-metro/,save_was_arithmetic,displayed_price;save_was_arithmetic;unit_price,3,verified
Coles,VIC METRO,"Coles Catalogue July 23 - 29, 2025 VIC METRO",2025-07-23,2025-07-30,25,Fanta or Sprite Soft Drink 24x375mL,24.75,41.25,16.5,40.0,save_amount,24x375mL,$2.75 per litre,SAVE°16.50 | WAS$41.25 | Fanta or Sprite Soft Drink | 24x375mL $2.75 per litre | *See page 10 for T&Cs,95.11,False,,https://caau.syd1.cdn.digitaloceanspaces.com/wp-content/uploads/catalogue/coles/coles-catalogue-july-23-29-2025-vic-metro/25.jpg,https://www.catalogueau.com/coles/#catalogue=coles/coles-catalogue-july-23-29-2025-vic-metro/,save_was_arithmetic,save_was_arithmetic;unit_price,2,verified
Coles,VIC METRO,"Coles Catalogue July 23 - 29, 2025 VIC METRO",2025-07-23,2025-07-30,26,Solo Lemon Energy Drink 250mL,2.4,,,,special,250mL,$9.60 per litre,"Solo Lemon Energy Drink 250mL | | $9.60 per litre | a | oe | ==,",94.48,False,,https://caau.syd1.cdn.digitaloceanspaces.com/wp-content/uploads/catalogue/coles/coles-catalogue-july-23-29-2025-vic-metro/26.jpg,https://www.catalogueau.com/coles/#catalogue=coles/coles-catalogue-july-23-29-2025-vic-metro/,displayed_price,displayed_price;unit_price,2,verified
Coles,VIC METRO,"Coles Catalogue July 23 - 29, 2025 VIC METRO",2025-07-23,2025-07-30,27,Sharwood's Simmer Sauce 420g,2.5,5.0,2.5,50.0,half_price,420g,$0.60 per 100g,SAVES2.50 | Sharwood's Simmer Sauce | 420g $0.60 per 100g | sop) amy,95.39,True,single_price_evidence,https://caau.syd1.cdn.digitaloceanspaces.com/wp-content/uploads/catalogue/coles/coles-catalogue-july-23-29-2025-vic-metro/27.jpg,https://www.catalogueau.com/coles/#catalogue=coles/coles-catalogue-july-23-29-2025-vic-metro/,unit_price,unit_price,1,review
Coles,VIC METRO,"Coles Catalogue July 23 - 29, 2025 VIC METRO",2025-07-23,2025-07-30,27,Plumrose Canned Leg Ham 340g,5.25,10.5,5.25,50.0,half_price,340g,$15.44 per kg,SAVE%5.25 | WASS10.50 | Plumrose Canned Leg Ham | 340g $15.44 per kg | =,95.18,False,,https://caau.syd1.cdn.digitaloceanspaces.com/wp-content/uploads/catalogue/coles/coles-catalogue-july-23-29-2025-vic-metro/27.jpg,https://www.catalogueau.com/coles/#catalogue=coles/coles-catalogue-july-23-29-2025-vic-metro/,save_was_arithmetic,displayed_price;save_was_arithmetic;unit_price,3,verified
Coles,VIC METRO,"Coles Catalogue July 23 - 29, 2025 VIC METRO",2025-07-23,2025-07-30,27,The Spice Tailor Asian or Indian Meal Kit 225g-500g,3.1,6.2,3.1,50.0,half_price,225g; 500g,,SAVES3.10 | WASS6.20 | The Spice Tailor Asian or | Indian Meal Kit 225g-500g | Buldse,95.42,False,,https://caau.syd1.cdn.digitaloceanspaces.com/wp-content/uploads/catalogue/coles/coles-catalogue-july-23-29-2025-vic-metro/27.jpg,https://www.catalogueau.com/coles/#catalogue=coles/coles-catalogue-july-23-29-2025-vic-metro/,save_was_arithmetic,displayed_price;save_was_arithmetic,2,verified
Coles,VIC METRO,"Coles Catalogue July 23 - 29, 2025 VIC METRO",2025-07-23,2025-07-30,27,Old El Paso Taco Sauce 200g,3.15,4.5,1.35,30.0,save_amount,200g,$1.58 per 100g,SAVES1.35 | WASS$4.50 | Old El Paso Taco Sauce 200g | $1.58 per 100g | a,95.61,False,,https://caau.syd1.cdn.digitaloceanspaces.com/wp-content/uploads/catalogue/coles/coles-catalogue-july-23-29-2025-vic-metro/27.jpg,https://www.catalogueau.com/coles/#catalogue=coles/coles-catalogue-july-23-29-2025-vic-metro/,save_was_arithmetic,displayed_price;save_was_arithmetic;unit_price,3,verified
Coles,VIC METRO,"Coles Catalogue July 23 - 29, 2025 VIC METRO",2025-07-23,2025-07-30,27,Samyang Buldak Ramen Noodles 5 Pack 650g-700g,9.95,12.5,2.55,20.4,save_amount,5 Pack; 650g; 700g,,SAVES2.55 | WASS12.50 | Samyang Buldak Ramen | Noodles 5 Pack 650g-700g | ———,93.34,False,,https://caau.syd1.cdn.digitaloceanspaces.com/wp-content/uploads/catalogue/coles/coles-catalogue-july-23-29-2025-vic-metro/27.jpg,https://www.catalogueau.com/coles/#catalogue=coles/coles-catalogue-july-23-29-2025-vic-metro/,save_was_arithmetic,displayed_price;save_was_arithmetic,2,verified
Coles,VIC METRO,"Coles Catalogue July 23 - 29, 2025 VIC METRO",2025-07-23,2025-07-30,27,Cobram Estate Extra Virgin Olive Oil 750mL,20.0,25.0,5.0,20.0,save_amount,750mL,$2.67 per 100mL,SAVES5 | WAS$25 | Cobram Estate Extra Virgin Olive | Oil 750mL $2.67 per 100mL,89.99,False,,https://caau.syd1.cdn.digitaloceanspaces.com/wp-content/uploads/catalogue/coles/coles-catalogue-july-23-29-2025-vic-metro/27.jpg,https://www.catalogueau.com/coles/#catalogue=coles/coles-catalogue-july-23-29-2025-vic-metro/,save_was_arithmetic,displayed_price;save_was_arithmetic;unit_price,3,verified
Coles,VIC METRO,"Coles Catalogue July 23 - 29, 2025 VIC METRO",2025-07-23,2025-07-30,27,Coles Beans 420g,1.1,,,,everyday,420g,$2.62 per kg,EVERY DAY) | Coles Beans 420g | $2.62 per kg | VIC-METRO-2307-25-435600,96.63,False,,https://caau.syd1.cdn.digitaloceanspaces.com/wp-content/uploads/catalogue/coles/coles-catalogue-july-23-29-2025-vic-metro/27.jpg,https://www.catalogueau.com/coles/#catalogue=coles/coles-catalogue-july-23-29-2025-vic-metro/,displayed_price,displayed_price;unit_price,2,verified
Coles,VIC METRO,"Coles Catalogue July 23 - 29, 2025 VIC METRO",2025-07-23,2025-07-30,27,Coles Italian Tomatoes 400g,1.1,,,,everyday,400g,$2.75 per kg,EVERY DAY | Coles Italian Tomatoes 400g | $2.75 per kg | 27,95.33,False,,https://caau.syd1.cdn.digitaloceanspaces.com/wp-content/uploads/catalogue/coles/coles-catalogue-july-23-29-2025-vic-metro/27.jpg,https://www.catalogueau.com/coles/#catalogue=coles/coles-catalogue-july-23-29-2025-vic-metro/,displayed_price,displayed_price;unit_price,2,verified
Coles,VIC METRO,"Coles Catalogue July 23 - 29, 2025 VIC METRO",2025-07-23,2025-07-30,27,Coles Asia Thick Egg Noodles 340g,2.15,,,,everyday,340g,$0.63 per 100g,EVERY DAY | Coles Asia Thick Egg Noodles | 340g $0.63 per 100g,96.61,False,,https://caau.syd1.cdn.digitaloceanspaces.com/wp-content/uploads/catalogue/coles/coles-catalogue-july-23-29-2025-vic-metro/27.jpg,https://www.catalogueau.com/coles/#catalogue=coles/coles-catalogue-july-23-29-2025-vic-metro/,displayed_price,displayed_price;unit_price,2,verified
Coles,VIC METRO,"Coles Catalogue July 23 - 29, 2025 VIC METRO",2025-07-23,2025-07-30,28,SPC Baked Beans 425g,1.5,2.5,1.0,40.0,save_amount,425g,$0.35 per 100g,SAVES1 | WASS2.50 | SPC Baked Beans 425g | $0.35 per 100g. 2nd week on sale | —— | - Gree | Greens | ns,96.31,False,,https://caau.syd1.cdn.digitaloceanspaces.com/wp-content/uploads/catalogue/coles/coles-catalogue-july-23-29-2025-vic-metro/28.jpg,https://www.catalogueau.com/coles/#catalogue=coles/coles-catalogue-july-23-29-2025-vic-metro/,save_was_arithmetic,displayed_price;save_was_arithmetic;unit_price,3,verified
Coles,VIC METRO,"Coles Catalogue July 23 - 29, 2025 VIC METRO",2025-07-23,2025-07-30,28,Moro Olive Oil 1 Litre,16.0,27.0,11.0,40.74,save_amount,1 Litre,$1.60 per 100mL,SAVES11 | WAS$27 | Moro Olive Oil 1 Litre | $1.60 per 100mL,96.03,False,,https://caau.syd1.cdn.digitaloceanspaces.com/wp-content/uploads/catalogue/coles/coles-catalogue-july-23-29-2025-vic-metro/28.jpg,https://www.catalogueau.com/coles/#catalogue=coles/coles-catalogue-july-23-29-2025-vic-metro/,save_was_arithmetic,displayed_price;save_was_arithmetic;unit_price,3,verified
Coles,VIC METRO,"Coles Catalogue July 23 - 29, 2025 VIC METRO",2025-07-23,2025-07-30,28,Heinz Ketchup 500mL,4.0,5.0,1.0,20.0,save_amount,500mL,$0.80 per 100mL,SAVE*1 | WASS5 | Heinz Ketchup 500mL | $0.80 per 100mL. | On sale for 2 weeks,93.49,False,,https://caau.syd1.cdn.digitaloceanspaces.com/wp-content/uploads/catalogue/coles/coles-catalogue-july-23-29-2025-vic-metro/28.jpg,https://www.catalogueau.com/coles/#catalogue=coles/coles-catalogue-july-23-29-2025-vic-metro/,save_was_arithmetic,displayed_price;save_was_arithmetic;unit_price,3,verified
Coles,VIC METRO,"Coles Catalogue July 23 - 29, 2025 VIC METRO",2025-07-23,2025-07-30,28,Kewpie Mayonnaise 300g,4.3,5.5,1.2,21.82,save_amount,300g,$1.43 per 100g,SAVE*1.20 | WASS5.50 | Kewpie Mayonnaise 300g | $1.43 per 100g,95.16,False,,https://caau.syd1.cdn.digitaloceanspaces.com/wp-content/uploads/catalogue/coles/coles-catalogue-july-23-29-2025-vic-metro/28.jpg,https://www.catalogueau.com/coles/#catalogue=coles/coles-catalogue-july-23-29-2025-vic-metro/,save_was_arithmetic,save_was_arithmetic;unit_price,2,verified
Coles,VIC METRO,"Coles Catalogue July 23 - 29, 2025 VIC METRO",2025-07-23,2025-07-30,28,Green's Traditional Baking Mix 350g-470g,3.0,3.8,0.8,21.05,save_amount,350g; 470g,,SAVE 80‘ | WASS3.80 | Green's Traditional Baking Mix | 350g-470g On sale for 2 weeks,95.23,True,single_price_evidence,https://caau.syd1.cdn.digitaloceanspaces.com/wp-content/uploads/catalogue/coles/coles-catalogue-july-23-29-2025-vic-metro/28.jpg,https://www.catalogueau.com/coles/#catalogue=coles/coles-catalogue-july-23-29-2025-vic-metro/,displayed_price,displayed_price,1,review
Coles,VIC METRO,"Coles Catalogue July 23 - 29, 2025 VIC METRO",2025-07-23,2025-07-30,28,Maggi 2 Minute Instant Noodles 12 Pack 864g-888g,9.0,10.0,1.0,10.0,save_amount,12 Pack; 864g; 888g,,WAS$10. | WAS$10. | MAY 2025 | Maggi 2 Minute Instant Noodles | 12 Pack 864g-888g,93.88,True,single_price_evidence,https://caau.syd1.cdn.digitaloceanspaces.com/wp-content/uploads/catalogue/coles/coles-catalogue-july-23-29-2025-vic-metro/28.jpg,https://www.catalogueau.com/coles/#catalogue=coles/coles-catalogue-july-23-29-2025-vic-metro/,displayed_price,displayed_price,1,review
Coles,VIC METRO,"Coles Catalogue July 23 - 29, 2025 VIC METRO",2025-07-23,2025-07-30,28,Gravox Liquid Gravy or Finishing Sauce 165g,5.0,7.0,2.0,28.57,save_amount,165g,$1.52 per 100g,SAVE $2 | Gravox Liquid Gravy or Finishing | Sauce 165g $1.52 per 100g | VIC-METRO-2307-25-435600,95.93,True,unit_price_conflict;single_price_evidence,https://caau.syd1.cdn.digitaloceanspaces.com/wp-content/uploads/catalogue/coles/coles-catalogue-july-23-29-2025-vic-metro/28.jpg,https://www.catalogueau.com/coles/#catalogue=coles/coles-catalogue-july-23-29-2025-vic-metro/,displayed_price,displayed_price,1,review
Coles,VIC METRO,"Coles Catalogue July 23 - 29, 2025 VIC METRO",2025-07-23,2025-07-30,28,Campbell's Country Ladle or Chunky Soup 495g-505g,6.0,9.0,3.0,33.33,save_amount,495g; 505g,,SAVE $3 | Campbell's Country Ladle | or Chunky Soup 495g-505g | On sale for 2 weeks | 28,94.88,True,single_price_evidence,https://caau.syd1.cdn.digitaloceanspaces.com/wp-content/uploads/catalogue/coles/coles-catalogue-july-23-29-2025-vic-metro/28.jpg,https://www.catalogueau.com/coles/#catalogue=coles/coles-catalogue-july-23-29-2025-vic-metro/,displayed_price,displayed_price,1,review
Coles,VIC METRO,"Coles Catalogue July 23 - 29, 2025 VIC METRO",2025-07-23,2025-07-30,29,Coles Organic Beans 420g,1.5,,,,special,420g,$3.57 per kg,Coles Organic Beans 420g | $3.57 per kg,96.25,True,single_price_evidence,https://caau.syd1.cdn.digitaloceanspaces.com/wp-content/uploads/catalogue/coles/coles-catalogue-july-23-29-2025-vic-metro/29.jpg,https://www.catalogueau.com/coles/#catalogue=coles/coles-catalogue-july-23-29-2025-vic-metro/,unit_price,unit_price,1,review
Coles,VIC METRO,"Coles Catalogue July 23 - 29, 2025 VIC METRO",2025-07-23,2025-07-30,29,Coles Organic Wholemeal Spirals Pasta 500g,1.95,,,,special,500g,$0.39 per 100g,Coles Organic Wholemeal | Spirals Pasta 500g | $0.39 per 100g,94.46,False,,https://caau.syd1.cdn.digitaloceanspaces.com/wp-content/uploads/catalogue/coles/coles-catalogue-july-23-29-2025-vic-metro/29.jpg,https://www.catalogueau.com/coles/#catalogue=coles/coles-catalogue-july-23-29-2025-vic-metro/,displayed_price,displayed_price;unit_price,2,verified
Coles,VIC METRO,"Coles Catalogue July 23 - 29, 2025 VIC METRO",2025-07-23,2025-07-30,29,Coles Organic Coconut Milk 400g,935.0,,,,special,400g,$0.59 per 100mL,Coles Organic Coconut | Milk 400g $0.59 per 100mL,95.31,True,offer_labels_missing;save_amount_missing;regular_price_missing;single_price_evidence,https://caau.syd1.cdn.digitaloceanspaces.com/wp-content/uploads/catalogue/coles/coles-catalogue-july-23-29-2025-vic-metro/29.jpg,https://www.catalogueau.com/coles/#catalogue=coles/coles-catalogue-july-23-29-2025-vic-metro/,displayed_price,displayed_price,1,review
Coles,VIC METRO,"Coles Catalogue July 23 - 29, 2025 VIC METRO",2025-07-23,2025-07-30,29,Coles Organic Australian Rolled Oats 500g,3.0,,,,special,500g,$0.60 per 100g,Coles Organic Australian | Rolled Oats 500g | $0.60 per 100g | 29,96.36,False,,https://caau.syd1.cdn.digitaloceanspaces.com/wp-content/uploads/catalogue/coles/coles-catalogue-july-23-29-2025-vic-metro/29.jpg,https://www.catalogueau.com/coles/#catalogue=coles/coles-catalogue-july-23-29-2025-vic-metro/,displayed_price,displayed_price;unit_price,2,verified
Coles,VIC METRO,"Coles Catalogue July 23 - 29, 2025 VIC METRO",2025-07-23,2025-07-30,29,Coles Organic Smooth Peanut Butter 375g,6.0,,,,special,375g,$1.60 per 100g,Coles Organic Smooth Peanut | Butter 375g $1.60 per 100g,96.35,False,,https://caau.syd1.cdn.digitaloceanspaces.com/wp-content/uploads/catalogue/coles/coles-catalogue-july-23-29-2025-vic-metro/29.jpg,https://www.catalogueau.com/coles/#catalogue=coles/coles-catalogue-july-23-29-2025-vic-metro/,displayed_price,displayed_price;unit_price,2,verified
Coles,VIC METRO,"Coles Catalogue July 23 - 29, 2025 VIC METRO",2025-07-23,2025-07-30,29,Coles Organic Pasta Sauce 500g,2.5,,,,special,500g,$0.50 per 100g,Coles Organic Pasta Sauce | 500g $0.50 per 100g | VIC-METRO-2307-25-435600,96.11,False,,https://caau.syd1.cdn.digitaloceanspaces.com/wp-content/uploads/catalogue/coles/coles-catalogue-july-23-29-2025-vic-metro/29.jpg,https://www.catalogueau.com/coles/#catalogue=coles/coles-catalogue-july-23-29-2025-vic-metro/,displayed_price,displayed_price;unit_price,2,verified
Coles,VIC METRO,"Coles Catalogue July 23 - 29, 2025 VIC METRO",2025-07-23,2025-07-30,30,St. Dalfour Fruit Spread 284g,4.8,5.7,0.9,15.79,save_amount,284g,$1.69 per 100g,WAS $5.70 | WAS $5.70 | JUN 2025 | St. Dalfour Fruit Spread 284g | $1.69 per 100g,94.82,False,,https://caau.syd1.cdn.digitaloceanspaces.com/wp-content/uploads/catalogue/coles/coles-catalogue-july-23-29-2025-vic-metro/30.jpg,https://www.catalogueau.com/coles/#catalogue=coles/coles-catalogue-july-23-29-2025-vic-metro/,displayed_price,displayed_price;unit_price,2,verified
Coles,VIC METRO,"Coles Catalogue July 23 - 29, 2025 VIC METRO",2025-07-23,2025-07-30,30,99th Monkey Unsalted & Smooth Almond Butter 200g,5.9,7.0,1.1,15.71,save_amount,200g,$2.95 per 100g,WAS $7 | WAS $7 | MAY 2025 | 99th Monkey Unsalted & Smooth | Almond Butter 200g | $2.95 per 100g,95.73,True,single_price_evidence,https://caau.syd1.cdn.digitaloceanspaces.com/wp-content/uploads/catalogue/coles/coles-catalogue-july-23-29-2025-vic-metro/30.jpg,https://www.catalogueau.com/coles/#catalogue=coles/coles-catalogue-july-23-29-2025-vic-metro/,unit_price,unit_price,1,review
Coles,VIC METRO,"Coles Catalogue July 23 - 29, 2025 VIC METRO",2025-07-23,2025-07-30,30,Capilano 100% Pure Australian Honey Squeeze 340g,5.9,6.6,0.7,10.61,save_amount,340g,$1.74 per 100g,WAS $6.60 | WAS $6.60 | JUN 2025 | Capilano 100% Pure Australian | Honey Squeeze 340g | $1.74 per 100g,96.44,False,,https://caau.syd1.cdn.digitaloceanspaces.com/wp-content/uploads/catalogue/coles/coles-catalogue-july-23-29-2025-vic-metro/30.jpg,https://www.catalogueau.com/coles/#catalogue=coles/coles-catalogue-july-23-29-2025-vic-metro/,displayed_price,displayed_price;unit_price,2,verified
Coles,VIC METRO,"Coles Catalogue July 23 - 29, 2025 VIC METRO",2025-07-23,2025-07-30,30,Milklab 1 Litre,4.4,5.5,1.1,20.0,save_amount,1 Litre,$4.40 per litre,SAVES1.10 | WASS5.50 | Milklab 1 Litre | $4.40 per litre,93.86,False,,https://caau.syd1.cdn.digitaloceanspaces.com/wp-content/uploads/catalogue/coles/coles-catalogue-july-23-29-2025-vic-metro/30.jpg,https://www.catalogueau.com/coles/#catalogue=coles/coles-catalogue-july-23-29-2025-vic-metro/,save_was_arithmetic,save_was_arithmetic;unit_price,2,verified
Coles,VIC METRO,"Coles Catalogue July 23 - 29, 2025 VIC METRO",2025-07-23,2025-07-30,30,Mayver's Lovli Spoon Peanut Butter 450g,5.6,7.0,1.4,20.0,save_amount,450g,$1.24 per 100g,SAVE*1.40 | Mayver's Lovli Spoon Peanut | Butter 450g $1.24 per 100g | INDULGE IN,94.43,False,,https://caau.syd1.cdn.digitaloceanspaces.com/wp-content/uploads/catalogue/coles/coles-catalogue-july-23-29-2025-vic-metro/30.jpg,https://www.catalogueau.com/coles/#catalogue=coles/coles-catalogue-july-23-29-2025-vic-metro/,displayed_price,displayed_price;unit_price,2,verified
Coles,VIC METRO,"Coles Catalogue July 23 - 29, 2025 VIC METRO",2025-07-23,2025-07-30,30,Lavazza Espresso Barista Coffee Beans 1kg,35.0,50.0,15.0,30.0,save_amount,1kg,$3.50 per 100g,SAVES15 | WAS$50 | Lavazza Espresso Barista Coffee | Beans 1kg $3.50 per 100g,92.97,False,,https://caau.syd1.cdn.digitaloceanspaces.com/wp-content/uploads/catalogue/coles/coles-catalogue-july-23-29-2025-vic-metro/30.jpg,https://www.catalogueau.com/coles/#catalogue=coles/coles-catalogue-july-23-29-2025-vic-metro/,save_was_arithmetic,displayed_price;save_was_arithmetic;unit_price,3,verified
Coles,VIC METRO,"Coles Catalogue July 23 - 29, 2025 VIC METRO",2025-07-23,2025-07-30,30,— Moccona 99% Sugar Free Coffee Sachets 10 Pack,3.95,7.9,3.95,50.0,half_price,10 Pack,$0.40 per each,SAVE°3.95 | WASS7.90 | — Moccona 99% | Sugar Free Coffee | Sachets 10 Pack | $0.40 per each | *See page 10 for T&Cs,79.0,True,low_name_confidence_strict,https://caau.syd1.cdn.digitaloceanspaces.com/wp-content/uploads/catalogue/coles/coles-catalogue-july-23-29-2025-vic-metro/30.jpg,https://www.catalogueau.com/coles/#catalogue=coles/coles-catalogue-july-23-29-2025-vic-metro/,save_was_arithmetic,displayed_price;save_was_arithmetic;unit_price,3,review
Coles,VIC METRO,"Coles Catalogue July 23 - 29, 2025 VIC METRO",2025-07-23,2025-07-30,31,Pic's Peanut Butter 380g,4.5,7.5,3.0,40.0,save_amount,380g,$1.18 per 100g,WAS$7.50 | WAS$7.50 | Pic's Peanut Butter 380g | $1.18 per 100g | $1.18 | So | (Seite,95.97,False,,https://caau.syd1.cdn.digitaloceanspaces.com/wp-content/uploads/catalogue/coles/coles-catalogue-july-23-29-2025-vic-metro/31.jpg,https://www.catalogueau.com/coles/#catalogue=coles/coles-catalogue-july-23-29-2025-vic-metro/,displayed_price,displayed_price;unit_price,2,verified
Coles,VIC METRO,"Coles Catalogue July 23 - 29, 2025 VIC METRO",2025-07-23,2025-07-30,31,Vittoria Freeze Dried Instant Coffee 200g,16.1,23.0,6.9,30.0,save_amount,200g,$8.05 per 100g,SAVE'6.90 | WASS | Vittoria Freeze Dried Instant | Coffee 200g $8.05 per 100g,96.15,True,single_price_evidence,https://caau.syd1.cdn.digitaloceanspaces.com/wp-content/uploads/catalogue/coles/coles-catalogue-july-23-29-2025-vic-metro/31.jpg,https://www.catalogueau.com/coles/#catalogue=coles/coles-catalogue-july-23-29-2025-vic-metro/,unit_price,unit_price,1,review
Coles,VIC METRO,"Coles Catalogue July 23 - 29, 2025 VIC METRO",2025-07-23,2025-07-30,31,Nescafé Blend 43 500g or Gold 400g,20.0,30.0,10.0,33.33,save_amount,500g; 400g,,SAVES10 | WAS$30 | Nescafé Blend 43 500g | or Gold 400g | 27 | FeorN See,95.75,False,,https://caau.syd1.cdn.digitaloceanspaces.com/wp-content/uploads/catalogue/coles/coles-catalogue-july-23-29-2025-vic-metro/31.jpg,https://www.catalogueau.com/coles/#catalogue=coles/coles-catalogue-july-23-29-2025-vic-metro/,save_was_arithmetic,displayed_price;save_was_arithmetic,2,verified
Coles,VIC METRO,"Coles Catalogue July 23 - 29, 2025 VIC METRO",2025-07-23,2025-07-30,31,Sanitarium So Good Oat Milk 1 Litre,2.0,2.8,0.8,28.57,save_amount,1 Litre,$2.00 per litre,SAVE 80°‘ | WASS2.80 | Sanitarium So Good Oat Milk | 1 Litre $2.00 per litre,96.08,False,,https://caau.syd1.cdn.digitaloceanspaces.com/wp-content/uploads/catalogue/coles/coles-catalogue-july-23-29-2025-vic-metro/31.jpg,https://www.catalogueau.com/coles/#catalogue=coles/coles-catalogue-july-23-29-2025-vic-metro/,displayed_price,displayed_price;unit_price,2,verified
Coles,VIC METRO,"Coles Catalogue July 23 - 29, 2025 VIC METRO",2025-07-23,2025-07-30,31,Muscle Nation Custard Protein Bar 60g,3.0,4.5,1.5,33.33,save_amount,60g,$5.00 per 100g,"SAVE51,50 | WASS$4.50 | Muscle Nation Custard Protein Bar | 60g $5.00 per 100g | VIC-METRO-2307-25-435600",79.0,True,low_name_confidence_strict,https://caau.syd1.cdn.digitaloceanspaces.com/wp-content/uploads/catalogue/coles/coles-catalogue-july-23-29-2025-vic-metro/31.jpg,https://www.catalogueau.com/coles/#catalogue=coles/coles-catalogue-july-23-29-2025-vic-metro/,displayed_price,displayed_price;unit_price,2,review
Coles,VIC METRO,"Coles Catalogue July 23 - 29, 2025 VIC METRO",2025-07-23,2025-07-30,31,Musashi Energy Drink 500mL,3.5,4.5,1.0,22.22,save_amount,500mL,$7.00 per litre,SAVES1 | WASS4.50 | Musashi Energy Drink 500mL | $7.00 per litre | 31,94.52,False,,https://caau.syd1.cdn.digitaloceanspaces.com/wp-content/uploads/catalogue/coles/coles-catalogue-july-23-29-2025-vic-metro/31.jpg,https://www.catalogueau.com/coles/#catalogue=coles/coles-catalogue-july-23-29-2025-vic-metro/,save_was_arithmetic,displayed_price;save_was_arithmetic;unit_price,3,verified
Coles,VIC METRO,"Coles Catalogue July 23 - 29, 2025 VIC METRO",2025-07-23,2025-07-30,31,BSc Bodyscience High Protein Powder 800g,38.0,55.0,17.0,30.91,save_amount,800g,$4.75 per 100g,SAVES17 | WAS$55 | BSc Bodyscience High Protein | Powder 800g $4.75 per 100g,95.04,False,,https://caau.syd1.cdn.digitaloceanspaces.com/wp-content/uploads/catalogue/coles/coles-catalogue-july-23-29-2025-vic-metro/31.jpg,https://www.catalogueau.com/coles/#catalogue=coles/coles-catalogue-july-23-29-2025-vic-metro/,save_was_arithmetic,displayed_price;save_was_arithmetic;unit_price,3,verified
Coles,VIC METRO,"Coles Catalogue July 23 - 29, 2025 VIC METRO",2025-07-23,2025-07-30,31,Moccona Freeze Dried Instant Coffee 95g-100g Excludes decaf,8.5,14.5,6.0,41.38,save_amount,95g; 100g,,Moccona Freeze Dried Instant Coffee 95g-100g | Excludes decaf. *See page 10 for T&Cs,91.07,True,offer_labels_missing;product_name_suspicious;single_price_evidence,https://caau.syd1.cdn.digitaloceanspaces.com/wp-content/uploads/catalogue/coles/coles-catalogue-july-23-29-2025-vic-metro/31.jpg,https://www.catalogueau.com/coles/#catalogue=coles/coles-catalogue-july-23-29-2025-vic-metro/,displayed_price,displayed_price,1,review
Coles,VIC METRO,"Coles Catalogue July 23 - 29, 2025 VIC METRO",2025-07-23,2025-07-30,32,Sanitarium Weet-Bix 575g,2.2,4.4,2.2,50.0,half_price,575g,$0.38 per 100g,SAVE2.20 | WAS$4.40 | Sanitarium Weet-Bix 575g | $0.38 per 100g,92.36,False,,https://caau.syd1.cdn.digitaloceanspaces.com/wp-content/uploads/catalogue/coles/coles-catalogue-july-23-29-2025-vic-metro/32.jpg,https://www.catalogueau.com/coles/#catalogue=coles/coles-catalogue-july-23-29-2025-vic-metro/,save_was_arithmetic,displayed_price;save_was_arithmetic;unit_price,3,verified
Coles,VIC METRO,"Coles Catalogue July 23 - 29, 2025 VIC METRO",2025-07-23,2025-07-30,32,Sanitarium Weet-Bix Bites Cereal 500g-510g,3.0,6.0,3.0,50.0,half_price,500g; 510g,,SAVES3 | WASS6 | Sanitarium Weet-Bix Bites Cereal | 500g-510g,93.16,False,,https://caau.syd1.cdn.digitaloceanspaces.com/wp-content/uploads/catalogue/coles/coles-catalogue-july-23-29-2025-vic-metro/32.jpg,https://www.catalogueau.com/coles/#catalogue=coles/coles-catalogue-july-23-29-2025-vic-metro/,save_was_arithmetic,displayed_price;save_was_arithmetic,2,verified
Coles,VIC METRO,"Coles Catalogue July 23 - 29, 2025 VIC METRO",2025-07-23,2025-07-30,32,Heritage Mill Clusters 750g,5.5,790.0,784.5,99.3,save_amount,750g,$0.73 per 100g,SAVE%2.40 | ‘WAS$790 | Heritage Mill Clusters 750g | $0.73 per 100g | s 20! VALUE PACK,96.38,False,,https://caau.syd1.cdn.digitaloceanspaces.com/wp-content/uploads/catalogue/coles/coles-catalogue-july-23-29-2025-vic-metro/32.jpg,https://www.catalogueau.com/coles/#catalogue=coles/coles-catalogue-july-23-29-2025-vic-metro/,displayed_price,displayed_price;unit_price,2,verified
Coles,VIC METRO,"Coles Catalogue July 23 - 29, 2025 VIC METRO",2025-07-23,2025-07-30,32,Uncle Tobys Cheerios 450g-560g,6.0,750.0,744.0,99.2,save_amount,450g; 560g,,SAVES1.50 | ‘WAS$750 | Uncle Tobys Cheerios | 450g-560g | —,93.31,True,single_price_evidence,https://caau.syd1.cdn.digitaloceanspaces.com/wp-content/uploads/catalogue/coles/coles-catalogue-july-23-29-2025-vic-metro/32.jpg,https://www.catalogueau.com/coles/#catalogue=coles/coles-catalogue-july-23-29-2025-vic-metro/,displayed_price,displayed_price,1,review
Coles,VIC METRO,"Coles Catalogue July 23 - 29, 2025 VIC METRO",2025-07-23,2025-07-30,32,Sanitarium So Good Almond Milk 1 Litre,2.0,2.9,0.9,31.03,save_amount,1 Litre,$2.00 per litre,SAVE 90‘ | WASS2.90 | Sanitarium So Good Almond Milk | 1 Litre $2.00 per litre | FAMILY PACK | — | i,96.21,False,,https://caau.syd1.cdn.digitaloceanspaces.com/wp-content/uploads/catalogue/coles/coles-catalogue-july-23-29-2025-vic-metro/32.jpg,https://www.catalogueau.com/coles/#catalogue=coles/coles-catalogue-july-23-29-2025-vic-metro/,displayed_price,displayed_price;unit_price,2,verified
Coles,VIC METRO,"Coles Catalogue July 23 - 29, 2025 VIC METRO",2025-07-23,2025-07-30,32,Vittoria Mountain Grown Coffee Beans or Ground 1kg,43.0,62.0,19.0,30.65,save_amount,1kg,$4.30 per 100g,SAVE*19 | WASS62 | Vittoria Mountain Grown | Coffee Beans or Ground 1kg | $4.30 per 100g,93.86,False,,https://caau.syd1.cdn.digitaloceanspaces.com/wp-content/uploads/catalogue/coles/coles-catalogue-july-23-29-2025-vic-metro/32.jpg,https://www.catalogueau.com/coles/#catalogue=coles/coles-catalogue-july-23-29-2025-vic-metro/,save_was_arithmetic,displayed_price;save_was_arithmetic;unit_price,3,verified
Coles,VIC METRO,"Coles Catalogue July 23 - 29, 2025 VIC METRO",2025-07-23,2025-07-30,32,Kellogg's K-Time Family Pack 315g-333g 315g,7.2,,,,special,315g; 333g,,Kellogg's K-Time Family Pack | 315g-333g | 315g | VIC-METRO-2307-25-435600,79.0,True,offer_labels_missing;save_amount_missing;regular_price_missing;low_name_confidence_strict;single_price_evidence,https://caau.syd1.cdn.digitaloceanspaces.com/wp-content/uploads/catalogue/coles/coles-catalogue-july-23-29-2025-vic-metro/32.jpg,https://www.catalogueau.com/coles/#catalogue=coles/coles-catalogue-july-23-29-2025-vic-metro/,displayed_price,displayed_price,1,review
Coles,VIC METRO,"Coles Catalogue July 23 - 29, 2025 VIC METRO",2025-07-23,2025-07-30,32,Uncle Tobys Oats Quick Sachets Value Pack 680g,9.5,,,,special,680g,$1.40 per 100g,Uncle Tobys Oats Quick Sachets | Value Pack 680g $1.40 per 100g | 32,95.77,False,,https://caau.syd1.cdn.digitaloceanspaces.com/wp-content/uploads/catalogue/coles/coles-catalogue-july-23-29-2025-vic-metro/32.jpg,https://www.catalogueau.com/coles/#catalogue=coles/coles-catalogue-july-23-29-2025-vic-metro/,displayed_price,displayed_price;unit_price,2,verified
Coles,VIC METRO,"Coles Catalogue July 23 - 29, 2025 VIC METRO",2025-07-23,2025-07-30,33,Perfect Italiano Parmesan Cheese 125g,4.0,4.5,0.5,11.11,save_amount,125g,$32.00 per kg,WASS4.50 | WASS4.50 | MAY 2025 | Perfect Italiano Parmesan Cheese | 125g $32.00 per kg,95.84,False,,https://caau.syd1.cdn.digitaloceanspaces.com/wp-content/uploads/catalogue/coles/coles-catalogue-july-23-29-2025-vic-metro/33.jpg,https://www.catalogueau.com/coles/#catalogue=coles/coles-catalogue-july-23-29-2025-vic-metro/,displayed_price,displayed_price;unit_price,2,verified
Coles,VIC METRO,"Coles Catalogue July 23 - 29, 2025 VIC METRO",2025-07-23,2025-07-30,33,MAY Riverina Haloumi 180g,5.8,6.6,0.8,12.12,save_amount,180g,$32.22 per kg,WAS$6.60 | WAS$6.60 | MAY | 025 | Riverina Haloumi 180g | $32.22 per kg,79.0,True,low_name_confidence_strict;single_price_evidence,https://caau.syd1.cdn.digitaloceanspaces.com/wp-content/uploads/catalogue/coles/coles-catalogue-july-23-29-2025-vic-metro/33.jpg,https://www.catalogueau.com/coles/#catalogue=coles/coles-catalogue-july-23-29-2025-vic-metro/,unit_price,unit_price,1,review
Coles,VIC METRO,"Coles Catalogue July 23 - 29, 2025 VIC METRO",2025-07-23,2025-07-30,33,Cracker Barrel Cheese Block or Slices 250g,7.0,9.2,2.2,23.91,save_amount,250g,$28.00 per kg,WAS$9.20 | WAS$9.20 | APR 2025 | Cracker Barrel Cheese Block or Slices | 250g $28.00 per kg,96.34,False,,https://caau.syd1.cdn.digitaloceanspaces.com/wp-content/uploads/catalogue/coles/coles-catalogue-july-23-29-2025-vic-metro/33.jpg,https://www.catalogueau.com/coles/#catalogue=coles/coles-catalogue-july-23-29-2025-vic-metro/,displayed_price,displayed_price;unit_price,2,verified
Coles,VIC METRO,"Coles Catalogue July 23 - 29, 2025 VIC METRO",2025-07-23,2025-07-30,33,"Liddells Cheese Block, Slices or Shredded 250g",6.75,7.5,0.75,10.0,save_amount,250g,$27.00 per kg,"WAS $7.50 | WAS $7.50 | MAY 2025 | Liddells Cheese Block, Slices or Shredded | 250g $27.00 per kg",95.57,False,,https://caau.syd1.cdn.digitaloceanspaces.com/wp-content/uploads/catalogue/coles/coles-catalogue-july-23-29-2025-vic-metro/33.jpg,https://www.catalogueau.com/coles/#catalogue=coles/coles-catalogue-july-23-29-2025-vic-metro/,displayed_price,displayed_price;unit_price,2,verified
Coles,VIC METRO,"Coles Catalogue July 23 - 29, 2025 VIC METRO",2025-07-23,2025-07-30,33,South Cape Brie 200g,6.0,6.8,0.8,11.76,save_amount,200g,$30.00 per kg,WAS $6.80 | WAS $6.80 | MAY 2025 | South Cape Brie 200g | $30.00 per kg | 33,95.96,False,,https://caau.syd1.cdn.digitaloceanspaces.com/wp-content/uploads/catalogue/coles/coles-catalogue-july-23-29-2025-vic-metro/33.jpg,https://www.catalogueau.com/coles/#catalogue=coles/coles-catalogue-july-23-29-2025-vic-metro/,displayed_price,displayed_price;unit_price,2,verified
Coles,VIC METRO,"Coles Catalogue July 23 - 29, 2025 VIC METRO",2025-07-23,2025-07-30,33,Tasmanian Heritage Double Cream Brie or Camembert 200g,7.0,,,,down_down,200g,$35.00 per kg,Tasmanian Heritage | Double Cream Brie or | Camembert 200g | $35.00 per kg,96.49,False,,https://caau.syd1.cdn.digitaloceanspaces.com/wp-content/uploads/catalogue/coles/coles-catalogue-july-23-29-2025-vic-metro/33.jpg,https://www.catalogueau.com/coles/#catalogue=coles/coles-catalogue-july-23-29-2025-vic-metro/,displayed_price,displayed_price;unit_price,2,verified
Coles,VIC METRO,"Coles Catalogue July 23 - 29, 2025 VIC METRO",2025-07-23,2025-07-30,33,La Casa Del Formaggio Bocconcini 220g,6.0,,,,down_down,220g,$27.27 per kg,La Casa Del Formaggio | Bocconcini 220g | $27.27 per kg,92.94,False,,https://caau.syd1.cdn.digitaloceanspaces.com/wp-content/uploads/catalogue/coles/coles-catalogue-july-23-29-2025-vic-metro/33.jpg,https://www.catalogueau.com/coles/#catalogue=coles/coles-catalogue-july-23-29-2025-vic-metro/,displayed_price,displayed_price;unit_price,2,verified
Coles,VIC METRO,"Coles Catalogue July 23 - 29, 2025 VIC METRO",2025-07-23,2025-07-30,33,Coles Shredded Cheese 250g,5.5,,,,down_down,250g,$22.00 per kg,Coles Shredded Cheese | 250g $22.00 per kg | VIC-METRO-2307-25-435600,96.29,False,,https://caau.syd1.cdn.digitaloceanspaces.com/wp-content/uploads/catalogue/coles/coles-catalogue-july-23-29-2025-vic-metro/33.jpg,https://www.catalogueau.com/coles/#catalogue=coles/coles-catalogue-july-23-29-2025-vic-metro/,displayed_price,displayed_price;unit_price,2,verified
Coles,VIC METRO,"Coles Catalogue July 23 - 29, 2025 VIC METRO",2025-07-23,2025-07-30,34,Nuttelex Spread 500g,4.5,5.2,0.7,13.46,save_amount,500g,$0.90 per 100g,WASS$5.20 | WASS$5.20 | MAY 2025 | Nuttelex Spread 500g | $0.90 per 100g,94.48,False,,https://caau.syd1.cdn.digitaloceanspaces.com/wp-content/uploads/catalogue/coles/coles-catalogue-july-23-29-2025-vic-metro/34.jpg,https://www.catalogueau.com/coles/#catalogue=coles/coles-catalogue-july-23-29-2025-vic-metro/,displayed_price,displayed_price;unit_price,2,verified
Coles,VIC METRO,"Coles Catalogue July 23 - 29, 2025 VIC METRO",2025-07-23,2025-07-30,34,JUN 2 Coles Kitchen Soup 550g,5.0,5.5,0.5,9.09,save_amount,550g,$0.91 per 100g,WASS$5.50 | WASS$5.50 | JUN 2 | 2025 | Coles Kitchen Soup 550g | $0.91 per 100g,79.0,True,low_name_confidence_strict,https://caau.syd1.cdn.digitaloceanspaces.com/wp-content/uploads/catalogue/coles/coles-catalogue-july-23-29-2025-vic-metro/34.jpg,https://www.catalogueau.com/coles/#catalogue=coles/coles-catalogue-july-23-29-2025-vic-metro/,displayed_price,displayed_price;unit_price,2,review
Coles,VIC METRO,"Coles Catalogue July 23 - 29, 2025 VIC METRO",2025-07-23,2025-07-30,34,Youfoodz Fuel'd Meal 400g-436g,10.0,12.0,2.0,16.67,save_amount,400g; 436g,,WAS $12 | WAS $12 | JUN 2025 | Youfoodz Fuel'd Meal | 400g-436g | gS,79.0,True,low_name_confidence_strict;single_price_evidence,https://caau.syd1.cdn.digitaloceanspaces.com/wp-content/uploads/catalogue/coles/coles-catalogue-july-23-29-2025-vic-metro/34.jpg,https://www.catalogueau.com/coles/#catalogue=coles/coles-catalogue-july-23-29-2025-vic-metro/,displayed_price,displayed_price,1,review
Coles,VIC METRO,"Coles Catalogue July 23 - 29, 2025 VIC METRO",2025-07-23,2025-07-30,34,Obela Garnished Hommus Dip 220g,4.0,5.5,1.5,27.27,save_amount,220g,$1.82 per 100g,SAVE51.50 | WASS$5.50 | Obela Garnished Hommus Dip | 220g $1.82 per 100g | F) Super: | re | Nat | _,94.55,True,single_price_evidence,https://caau.syd1.cdn.digitaloceanspaces.com/wp-content/uploads/catalogue/coles/coles-catalogue-july-23-29-2025-vic-metro/34.jpg,https://www.catalogueau.com/coles/#catalogue=coles/coles-catalogue-july-23-29-2025-vic-metro/,unit_price,unit_price,1,review
Coles,VIC METRO,"Coles Catalogue July 23 - 29, 2025 VIC METRO",2025-07-23,2025-07-30,34,Black Swan Favourites Dip 180g-200g,3.5,4.5,1.0,22.22,save_amount,180g; 200g,,SAVES1 | WAS$4.50 | Black Swan Favourites Dip | 180g-200g,93.27,False,,https://caau.syd1.cdn.digitaloceanspaces.com/wp-content/uploads/catalogue/coles/coles-catalogue-july-23-29-2025-vic-metro/34.jpg,https://www.catalogueau.com/coles/#catalogue=coles/coles-catalogue-july-23-29-2025-vic-metro/,save_was_arithmetic,displayed_price;save_was_arithmetic,2,verified
Coles,VIC METRO,"Coles Catalogue July 23 - 29, 2025 VIC METRO",2025-07-23,2025-07-30,34,Remedy Kombucha 750mL,5.9,7.5,1.6,21.33,save_amount,750mL,$7.87 per litre,WAS $7.50 | WAS $7.50 | MAY 2025 | Remedy Kombucha 750mL | $7.87 per litre,92.04,False,,https://caau.syd1.cdn.digitaloceanspaces.com/wp-content/uploads/catalogue/coles/coles-catalogue-july-23-29-2025-vic-metro/34.jpg,https://www.catalogueau.com/coles/#catalogue=coles/coles-catalogue-july-23-29-2025-vic-metro/,displayed_price,displayed_price;unit_price,2,verified
Coles,VIC METRO,"Coles Catalogue July 23 - 29, 2025 VIC METRO",2025-07-23,2025-07-30,34,On The Menu Bolognese Sauce 425g,5.0,7.5,2.5,33.33,save_amount,425g,$1.18 per 100g,SAVE*2.50 | WASS$7.50 | On The Menu Bolognese Sauce | 425g $1.18 per 100g | VIC-METRO-2307-25-435600,96.15,False,,https://caau.syd1.cdn.digitaloceanspaces.com/wp-content/uploads/catalogue/coles/coles-catalogue-july-23-29-2025-vic-metro/34.jpg,https://www.catalogueau.com/coles/#catalogue=coles/coles-catalogue-july-23-29-2025-vic-metro/,save_was_arithmetic,displayed_price;save_was_arithmetic;unit_price,3,verified
Coles,VIC METRO,"Coles Catalogue July 23 - 29, 2025 VIC METRO",2025-07-23,2025-07-30,34,Super Nature Wellness Bowl 350g,4.7,7.9,3.2,40.51,save_amount,350g,$1.34 per 100g,SAVES3.20 | WASS$7.90 | Super Nature Wellness Bowl | 350g $1.34 per 100g | 34,94.82,False,,https://caau.syd1.cdn.digitaloceanspaces.com/wp-content/uploads/catalogue/coles/coles-catalogue-july-23-29-2025-vic-metro/34.jpg,https://www.catalogueau.com/coles/#catalogue=coles/coles-catalogue-july-23-29-2025-vic-metro/,save_was_arithmetic,save_was_arithmetic;unit_price,2,verified
Coles,VIC METRO,"Coles Catalogue July 23 - 29, 2025 VIC METRO",2025-07-23,2025-07-30,34,Pasta Italia Pasta 400g,5.0,,,,down_down,400g,$1.25 per 100g,Pasta Italia Pasta 400g | $1.25 per 100g,95.81,False,,https://caau.syd1.cdn.digitaloceanspaces.com/wp-content/uploads/catalogue/coles/coles-catalogue-july-23-29-2025-vic-metro/34.jpg,https://www.catalogueau.com/coles/#catalogue=coles/coles-catalogue-july-23-29-2025-vic-metro/,displayed_price,displayed_price;unit_price,2,verified
Coles,VIC METRO,"Coles Catalogue July 23 - 29, 2025 VIC METRO",2025-07-23,2025-07-30,35,Streets Magnum Sticks 4 Pack-6 Pack 360mL-428mL 2nd week,8.0,12.0,4.0,33.33,save_amount,4 Pack; 6 Pack; 360mL; 428mL,,WASS12 | WASS12 | Streets Magnum Sticks 4 Pack-6 Pack | 360mL-428mL 2nd week on sale | ie | Gustedl | — | Me,94.32,True,single_price_evidence,https://caau.syd1.cdn.digitaloceanspaces.com/wp-content/uploads/catalogue/coles/coles-catalogue-july-23-29-2025-vic-metro/35.jpg,https://www.catalogueau.com/coles/#catalogue=coles/coles-catalogue-july-23-29-2025-vic-metro/,displayed_price,displayed_price,1,review
Coles,VIC METRO,"Coles Catalogue July 23 - 29, 2025 VIC METRO",2025-07-23,2025-07-30,35,Connoisseur Ice Cream Sticks 4 Pack-6 Pack 360mL-400mL,8.5,12.0,3.5,29.17,save_amount,4 Pack; 6 Pack; 360mL; 400mL,,WASS12 | WASS12 | Connoisseur Ice Cream Sticks | 4 Pack-6 Pack 360mL-400mL | wis s0qge | Ou | ‘ AL BAKED *,93.46,True,single_price_evidence,https://caau.syd1.cdn.digitaloceanspaces.com/wp-content/uploads/catalogue/coles/coles-catalogue-july-23-29-2025-vic-metro/35.jpg,https://www.catalogueau.com/coles/#catalogue=coles/coles-catalogue-july-23-29-2025-vic-metro/,displayed_price,displayed_price,1,review
Coles,VIC METRO,"Coles Catalogue July 23 - 29, 2025 VIC METRO",2025-07-23,2025-07-30,35,Birds Eye Air Baked Southern Blue Whiting Fish Fillets 380g,8.5,12.6,4.1,32.54,save_amount,380g,$22.37 per kg,WASS$12.60 | WASS$12.60 | Birds Eye Air Baked Southern Blue | Whiting Fish Fillets 380g | $22.37 per kg,96.36,True,single_price_evidence,https://caau.syd1.cdn.digitaloceanspaces.com/wp-content/uploads/catalogue/coles/coles-catalogue-july-23-29-2025-vic-metro/35.jpg,https://www.catalogueau.com/coles/#catalogue=coles/coles-catalogue-july-23-29-2025-vic-metro/,unit_price,unit_price,1,review
Coles,VIC METRO,"Coles Catalogue July 23 - 29, 2025 VIC METRO",2025-07-23,2025-07-30,35,Four'N Twenty Angus Beef Pies 4 Pack 700g,8.9,12.5,3.6,28.8,save_amount,4 Pack; 700g,$1.27 per 100g,WASS12.50 | WASS12.50 | Four'N Twenty Angus Beef Pies | 4 Pack 700g $1.27 per 100g,94.29,True,single_price_evidence,https://caau.syd1.cdn.digitaloceanspaces.com/wp-content/uploads/catalogue/coles/coles-catalogue-july-23-29-2025-vic-metro/35.jpg,https://www.catalogueau.com/coles/#catalogue=coles/coles-catalogue-july-23-29-2025-vic-metro/,unit_price,unit_price,1,review
Coles,VIC METRO,"Coles Catalogue July 23 - 29, 2025 VIC METRO",2025-07-23,2025-07-30,35,Twisted Licks Zero Sugar Rich Chocolate Dessert Sticks 4 Pack 320mL,5.7,9.5,3.8,40.0,save_amount,4 Pack; 320mL,$1.78 per 100mL,WASS$9.50 | WASS$9.50 | Twisted Licks Zero Sugar Rich | Chocolate Dessert Sticks 4 Pack | 320mL $1.78 per 100mL,94.37,False,,https://caau.syd1.cdn.digitaloceanspaces.com/wp-content/uploads/catalogue/coles/coles-catalogue-july-23-29-2025-vic-metro/35.jpg,https://www.catalogueau.com/coles/#catalogue=coles/coles-catalogue-july-23-29-2025-vic-metro/,displayed_price,displayed_price;unit_price,2,verified
Coles,VIC METRO,"Coles Catalogue July 23 - 29, 2025 VIC METRO",2025-07-23,2025-07-30,35,Nanna's Classic Apple Crumble 5 Pack 550g,5.0,,,,down_down,5 Pack; 550g,$0.91 per 100g,Nanna's Classic Apple | Crumble 5 Pack 550g | $0.91 per 100g,95.21,False,,https://caau.syd1.cdn.digitaloceanspaces.com/wp-content/uploads/catalogue/coles/coles-catalogue-july-23-29-2025-vic-metro/35.jpg,https://www.catalogueau.com/coles/#catalogue=coles/coles-catalogue-july-23-29-2025-vic-metro/,displayed_price,displayed_price;unit_price,2,verified
Coles,VIC METRO,"Coles Catalogue July 23 - 29, 2025 VIC METRO",2025-07-23,2025-07-30,35,Toscano Petite Liege Style Waffles 6 Pack 270g,6.0,,,,down_down,6 Pack; 270g,$2.22 per 100g,Toscano Petite Liege Style | Waffles 6 Pack 270g | $2.22 per 100g,96.39,False,,https://caau.syd1.cdn.digitaloceanspaces.com/wp-content/uploads/catalogue/coles/coles-catalogue-july-23-29-2025-vic-metro/35.jpg,https://www.catalogueau.com/coles/#catalogue=coles/coles-catalogue-july-23-29-2025-vic-metro/,displayed_price,displayed_price;unit_price,2,verified
Coles,VIC METRO,"Coles Catalogue July 23 - 29, 2025 VIC METRO",2025-07-23,2025-07-30,35,The Sweetporium Co Ice Cream Tub 1 Litre,8.0,,,,down_down,1 Litre,$0.80 per 100mL,The Sweetporium Co Ice | Cream Tub 1 Litre | $0.80 per 100mL,93.75,False,,https://caau.syd1.cdn.digitaloceanspaces.com/wp-content/uploads/catalogue/coles/coles-catalogue-july-23-29-2025-vic-metro/35.jpg,https://www.catalogueau.com/coles/#catalogue=coles/coles-catalogue-july-23-29-2025-vic-metro/,displayed_price,displayed_price;unit_price,2,verified
Coles,VIC METRO,"Coles Catalogue July 23 - 29, 2025 VIC METRO",2025-07-23,2025-07-30,35,Canon Foods Chicken Nuggets Tkg,6.5,,,,down_down,,$6.50 per kg,Canon Foods Chicken Nuggets | Tkg $6.50 per kg,79.0,True,save_amount_missing;regular_price_missing;low_name_confidence_strict;single_price_evidence,https://caau.syd1.cdn.digitaloceanspaces.com/wp-content/uploads/catalogue/coles/coles-catalogue-july-23-29-2025-vic-metro/35.jpg,https://www.catalogueau.com/coles/#catalogue=coles/coles-catalogue-july-23-29-2025-vic-metro/,displayed_price,displayed_price,1,review
Coles,VIC METRO,"Coles Catalogue July 23 - 29, 2025 VIC METRO",2025-07-23,2025-07-30,35,Coles Frozen Crumbed Chicken Chips Tkg,10.0,,,,down_down,,$10.00 per kg,Coles Frozen Crumbed Chicken | Chips Tkg $10.00 per kg,91.05,True,save_amount_missing;regular_price_missing;single_price_evidence,https://caau.syd1.cdn.digitaloceanspaces.com/wp-content/uploads/catalogue/coles/coles-catalogue-july-23-29-2025-vic-metro/35.jpg,https://www.catalogueau.com/coles/#catalogue=coles/coles-catalogue-july-23-29-2025-vic-metro/,displayed_price,displayed_price,1,review
Coles,VIC METRO,"Coles Catalogue July 23 - 29, 2025 VIC METRO",2025-07-23,2025-07-30,36,Haldirams Cocktail Samosa 20 Pieces 500g,6.0,12.0,6.0,50.0,half_price,500g,$1.20 per 100g,‘WASSI2 | ‘WASSI2 | Haldirams Cocktail Samosa 20 Pieces | 500g $1.20 | 500g $1.20 per 100g | per 100g,79.0,True,low_name_confidence_strict,https://caau.syd1.cdn.digitaloceanspaces.com/wp-content/uploads/catalogue/coles/coles-catalogue-july-23-29-2025-vic-metro/36.jpg,https://www.catalogueau.com/coles/#catalogue=coles/coles-catalogue-july-23-29-2025-vic-metro/,displayed_price,displayed_price;page_discount;unit_price,2,review
Coles,VIC METRO,"Coles Catalogue July 23 - 29, 2025 VIC METRO",2025-07-23,2025-07-30,36,Coco Earth Smoky Charcoal Butter Chicken 400g,6.0,12.0,6.0,50.0,half_price,400g,$1.50 per 100g,WASSI2 | WASSI2 | Coco Earth Smoky Charcoal Butter | Chicken 400g $1.50 per 100g | “ig | 16 | 16,96.34,False,,https://caau.syd1.cdn.digitaloceanspaces.com/wp-content/uploads/catalogue/coles/coles-catalogue-july-23-29-2025-vic-metro/36.jpg,https://www.catalogueau.com/coles/#catalogue=coles/coles-catalogue-july-23-29-2025-vic-metro/,displayed_price,displayed_price;page_discount;unit_price,2,verified
Coles,VIC METRO,"Coles Catalogue July 23 - 29, 2025 VIC METRO",2025-07-23,2025-07-30,36,Pacific West Samosas & Puffs 16 Pack 360g,3.8,6.5,2.7,41.54,save_amount,16 Pack; 360g,$1.06 per 100g,"WASS6.50 | WASS6.50 | Pacific West Samosas & Puffs 16 Pack 360g | $1.06 per 100g. On sale for 2 weeks | =? | Si""",94.93,True,single_price_evidence,https://caau.syd1.cdn.digitaloceanspaces.com/wp-content/uploads/catalogue/coles/coles-catalogue-july-23-29-2025-vic-metro/36.jpg,https://www.catalogueau.com/coles/#catalogue=coles/coles-catalogue-july-23-29-2025-vic-metro/,unit_price,unit_price,1,review
Coles,VIC METRO,"Coles Catalogue July 23 - 29, 2025 VIC METRO",2025-07-23,2025-07-30,36,Katoomba Garlic Naan Bread 4 Pack 320g,3.3,4.5,1.2,26.67,save_amount,4 Pack; 320g,$1.03 per 100g,WAS$4.50 | WAS$4.50 | Katoomba Garlic Naan Bread 4 Pack 320g | $1.03 per 100g | RANI,96.49,True,single_price_evidence,https://caau.syd1.cdn.digitaloceanspaces.com/wp-content/uploads/catalogue/coles/coles-catalogue-july-23-29-2025-vic-metro/36.jpg,https://www.catalogueau.com/coles/#catalogue=coles/coles-catalogue-july-23-29-2025-vic-metro/,unit_price,unit_price,1,review
Coles,VIC METRO,"Coles Catalogue July 23 - 29, 2025 VIC METRO",2025-07-23,2025-07-30,36,Katoomba Original Roti Bread 15 Pack 975g,8.5,,,,special,15 Pack; 975g,$0.87 per 100g,"WASSTI | WASSTI | Katoomba Original Roti Bread 15 Pack 975g | $0.87 per 100g | Catalogue on sale Wed 23rd Jul until Tue 29th Jul 2025 or until Tue 5th Aug where indicated.Selected specials | commenced Wed 16th Jul. Promotional prices commence 7am Wednesday and may commence or extend beyond the | advertised date. Promotional products and prices are not available on DoorDash, UberEats or at Coles Express, and may not",96.74,True,save_amount_missing;regular_price_missing;single_price_evidence,https://caau.syd1.cdn.digitaloceanspaces.com/wp-content/uploads/catalogue/coles/coles-catalogue-july-23-29-2025-vic-metro/36.jpg,https://www.catalogueau.com/coles/#catalogue=coles/coles-catalogue-july-23-29-2025-vic-metro/,unit_price,unit_price,1,review
Coles,VIC METRO,"Coles Catalogue July 23 - 29, 2025 VIC METRO",2025-07-23,2025-07-30,37,Little Bellies Softcorn 8g,1.8,2.0,0.2,10.0,save_amount,8g,$22.50 per 100g,WAS$2. | WAS$2. | MAY 2025 | Little Bellies Softcorn 8g | $22.50 per 100g | VIC-METRO-2307-25-435600,93.89,False,,https://caau.syd1.cdn.digitaloceanspaces.com/wp-content/uploads/catalogue/coles/coles-catalogue-july-23-29-2025-vic-metro/37.jpg,https://www.catalogueau.com/coles/#catalogue=coles/coles-catalogue-july-23-29-2025-vic-metro/,displayed_price,displayed_price;unit_price,2,verified
Coles,VIC METRO,"Coles Catalogue July 23 - 29, 2025 VIC METRO",2025-07-23,2025-07-30,37,Rascals Premium Baby Wipes 72 Pack-80 Pack,3.0,,,,special,72 Pack; 80 Pack,,Rascals Premium Baby Wipes | 72 Pack-80 Pack | — | ante mere | @,95.12,True,offer_labels_missing;save_amount_missing;regular_price_missing;single_price_evidence,https://caau.syd1.cdn.digitaloceanspaces.com/wp-content/uploads/catalogue/coles/coles-catalogue-july-23-29-2025-vic-metro/37.jpg,https://www.catalogueau.com/coles/#catalogue=coles/coles-catalogue-july-23-29-2025-vic-metro/,displayed_price,displayed_price,1,review
Coles,VIC METRO,"Coles Catalogue July 23 - 29, 2025 VIC METRO",2025-07-23,2025-07-30,37,Rascals Premium Nappies 26 Pack-54 Pack,12.9,,,,special,26 Pack; 54 Pack,,Rascals Premium Nappies | 26 Pack-54 Pack | _,95.19,True,offer_labels_missing;save_amount_missing;regular_price_missing;single_price_evidence,https://caau.syd1.cdn.digitaloceanspaces.com/wp-content/uploads/catalogue/coles/coles-catalogue-july-23-29-2025-vic-metro/37.jpg,https://www.catalogueau.com/coles/#catalogue=coles/coles-catalogue-july-23-29-2025-vic-metro/,displayed_price,displayed_price,1,review
Coles,VIC METRO,"Coles Catalogue July 23 - 29, 2025 VIC METRO",2025-07-23,2025-07-30,37,Johnson's Baby Shampoo or Bedtime Bath 500mL,6.6,,,,special,500mL,$1.32 per 100mL,Johnson's Baby Shampoo | or Bedtime Bath 500mL | $1.32 per 100mL | =,95.4,False,,https://caau.syd1.cdn.digitaloceanspaces.com/wp-content/uploads/catalogue/coles/coles-catalogue-july-23-29-2025-vic-metro/37.jpg,https://www.catalogueau.com/coles/#catalogue=coles/coles-catalogue-july-23-29-2025-vic-metro/,displayed_price,displayed_price;unit_price,2,verified
Coles,VIC METRO,"Coles Catalogue July 23 - 29, 2025 VIC METRO",2025-07-23,2025-07-30,37,WaterWipes Baby Wipes 180 Pack,14.0,,,,special,180 Pack,$7.78 per 100 each,WaterWipes Baby | Wipes 180 Pack | $7.78 per 100 each,94.42,False,,https://caau.syd1.cdn.digitaloceanspaces.com/wp-content/uploads/catalogue/coles/coles-catalogue-july-23-29-2025-vic-metro/37.jpg,https://www.catalogueau.com/coles/#catalogue=coles/coles-catalogue-july-23-29-2025-vic-metro/,displayed_price,displayed_price;unit_price,2,verified
Coles,VIC METRO,"Coles Catalogue July 23 - 29, 2025 VIC METRO",2025-07-23,2025-07-30,37,BabyLove Sleepy Night Pants 8 Pack or 9 Pack,11.0,,,,special,8 Pack; 9 Pack,,BabyLove Sleepy Night | Pants 8 Pack or 9 Pack | oe,95.47,True,offer_labels_missing;save_amount_missing;regular_price_missing;single_price_evidence,https://caau.syd1.cdn.digitaloceanspaces.com/wp-content/uploads/catalogue/coles/coles-catalogue-july-23-29-2025-vic-metro/37.jpg,https://www.catalogueau.com/coles/#catalogue=coles/coles-catalogue-july-23-29-2025-vic-metro/,displayed_price,displayed_price,1,review
Coles,VIC METRO,"Coles Catalogue July 23 - 29, 2025 VIC METRO",2025-07-23,2025-07-30,37,BabyLove Cosifit Jumbo Nappies 48 Pack-84 Pack,24.0,,,,special,48 Pack; 84 Pack,,BabyLove Cosifit | Jumbo Nappies | 48 Pack-84 Pack,93.78,True,offer_labels_missing;save_amount_missing;regular_price_missing;single_price_evidence,https://caau.syd1.cdn.digitaloceanspaces.com/wp-content/uploads/catalogue/coles/coles-catalogue-july-23-29-2025-vic-metro/37.jpg,https://www.catalogueau.com/coles/#catalogue=coles/coles-catalogue-july-23-29-2025-vic-metro/,displayed_price,displayed_price,1,review
Coles,VIC METRO,"Coles Catalogue July 23 - 29, 2025 VIC METRO",2025-07-23,2025-07-30,37,"Rafferty's Garden 4+ Months, 6+ Months",4.8,,,,down_down,,$1.50 per 100g,"Rafferty's Garden | 4+ Months, 6+ Months | or 8+ Months Baby | Food Pouch 120g | $1.50 per 100g | On sale for 2 weeks",94.56,True,save_amount_missing;regular_price_missing;single_price_evidence,https://caau.syd1.cdn.digitaloceanspaces.com/wp-content/uploads/catalogue/coles/coles-catalogue-july-23-29-2025-vic-metro/37.jpg,https://www.catalogueau.com/coles/#catalogue=coles/coles-catalogue-july-23-29-2025-vic-metro/,displayed_price,displayed_price,1,review
Coles,VIC METRO,"Coles Catalogue July 23 - 29, 2025 VIC METRO",2025-07-23,2025-07-30,37,B.Box Lunch Box or Insulated Drink Bottle 350mL 1 Each,19.5,,,,down_down,350mL,$19.50 per each,B.Box Lunch Box or | Insulated Drink Bottle | 350mL 1 Each | $19.50 per each | 2nd week on sale | 37,95.01,False,,https://caau.syd1.cdn.digitaloceanspaces.com/wp-content/uploads/catalogue/coles/coles-catalogue-july-23-29-2025-vic-metro/37.jpg,https://www.catalogueau.com/coles/#catalogue=coles/coles-catalogue-july-23-29-2025-vic-metro/,displayed_price,displayed_price;unit_price,2,verified
Coles,VIC METRO,"Coles Catalogue July 23 - 29, 2025 VIC METRO",2025-07-23,2025-07-30,37,Nestlé NAN SupremePro Stage 4 Milk Drink 800g,24.0,,,,down_down,800g,$3.00 per 100g,Nestlé NAN SupremePro | Stage 4 Milk Drink 800g | $3.00 per 100g,92.11,False,,https://caau.syd1.cdn.digitaloceanspaces.com/wp-content/uploads/catalogue/coles/coles-catalogue-july-23-29-2025-vic-metro/37.jpg,https://www.catalogueau.com/coles/#catalogue=coles/coles-catalogue-july-23-29-2025-vic-metro/,displayed_price,displayed_price;unit_price,2,verified
Coles,VIC METRO,"Coles Catalogue July 23 - 29, 2025 VIC METRO",2025-07-23,2025-07-30,38,Swisse Ultiboost Zinc+ Tablets 120 Pack*,14.75,29.5,14.75,50.0,half_price,120 Pack,$12.29 per 100 each,WAS$29.50 | WAS$29.50 | Swisse Ultiboost Zinc+ | Tablets 120 Pack* | $12.29 per 100 each,92.58,True,inferred_price_requires_review,https://caau.syd1.cdn.digitaloceanspaces.com/wp-content/uploads/catalogue/coles/coles-catalogue-july-23-29-2025-vic-metro/38.jpg,https://www.catalogueau.com/coles/#catalogue=coles/coles-catalogue-july-23-29-2025-vic-metro/,unit_price,page_discount;unit_price,1,review
Coles,VIC METRO,"Coles Catalogue July 23 - 29, 2025 VIC METRO",2025-07-23,2025-07-30,38,Swisse Ultiboost Iron Tablets 30 Pack*,7.5,15.0,7.5,50.0,half_price,30 Pack,$25.00 per 100 each,WASS15 | WASS15 | Swisse Ultiboost Iron | Tablets 30 Pack* | $25.00 per 100 each | =,93.05,True,inferred_price_requires_review,https://caau.syd1.cdn.digitaloceanspaces.com/wp-content/uploads/catalogue/coles/coles-catalogue-july-23-29-2025-vic-metro/38.jpg,https://www.catalogueau.com/coles/#catalogue=coles/coles-catalogue-july-23-29-2025-vic-metro/,unit_price,page_discount;unit_price,1,review
Coles,VIC METRO,"Coles Catalogue July 23 - 29, 2025 VIC METRO",2025-07-23,2025-07-30,38,Only Organic Blueberry & Apple or Carrot & Apple Rice Cakes 35g,3.5,4.0,0.5,12.5,save_amount,35g,$10.00 per 100g,"WASS$4 | WASS$4 | Only Organic Blueberry & Apple | or Carrot & Apple Rice Cakes 35g | $10.00 per 100g | ne,",95.3,True,single_price_evidence,https://caau.syd1.cdn.digitaloceanspaces.com/wp-content/uploads/catalogue/coles/coles-catalogue-july-23-29-2025-vic-metro/38.jpg,https://www.catalogueau.com/coles/#catalogue=coles/coles-catalogue-july-23-29-2025-vic-metro/,unit_price,unit_price,1,review
Coles,VIC METRO,"Coles Catalogue July 23 - 29, 2025 VIC METRO",2025-07-23,2025-07-30,38,Karicare Stage 3 or 4 Milk Drink 900g,18.0,20.0,2.0,10.0,save_amount,900g,$2.00 per 100g,WAS$20 | WAS$20 | Karicare Stage 3 or 4 Milk Drink | 900g $2.00 per 100g,96.08,False,,https://caau.syd1.cdn.digitaloceanspaces.com/wp-content/uploads/catalogue/coles/coles-catalogue-july-23-29-2025-vic-metro/38.jpg,https://www.catalogueau.com/coles/#catalogue=coles/coles-catalogue-july-23-29-2025-vic-metro/,displayed_price,displayed_price;unit_price,2,verified
Coles,VIC METRO,"Coles Catalogue July 23 - 29, 2025 VIC METRO",2025-07-23,2025-07-30,38,Swisse Ultiboost Magnesium Tablets 200 Pack*,24.75,49.5,24.75,50.0,half_price,200 Pack,$12.38 per 100 each,"WASS49.50 | WASS49.50 | Swisse Ultiboost Magnesium | Tablets 200 Pack* | $12.38 per 100 each | “This medicine may not be right for you. Read the label before purchase. Follow the directions for use. If symptoms | persist, talk to your healthcare professional. Vitamin and mineral supplements should not replace a balanced diet.",92.84,True,inferred_price_requires_review,https://caau.syd1.cdn.digitaloceanspaces.com/wp-content/uploads/catalogue/coles/coles-catalogue-july-23-29-2025-vic-metro/38.jpg,https://www.catalogueau.com/coles/#catalogue=coles/coles-catalogue-july-23-29-2025-vic-metro/,unit_price,page_discount;unit_price,1,review
Coles,VIC METRO,"Coles Catalogue July 23 - 29, 2025 VIC METRO",2025-07-23,2025-07-30,38,Swisse Ultiboost Odourless Super Strength Wild Fish Oil Capsules 200 Pack”,27.5,55.0,27.5,50.0,half_price,200 Pack,$13.75 per 100 each,WASS55 | WASS55 | Swisse Ultiboost Odourless Super | Strength Wild Fish Oil Capsules | 200 Pack” $13.75 per 100 each,91.71,True,inferred_price_requires_review,https://caau.syd1.cdn.digitaloceanspaces.com/wp-content/uploads/catalogue/coles/coles-catalogue-july-23-29-2025-vic-metro/38.jpg,https://www.catalogueau.com/coles/#catalogue=coles/coles-catalogue-july-23-29-2025-vic-metro/,unit_price,page_discount;unit_price,1,review
Coles,VIC METRO,"Coles Catalogue July 23 - 29, 2025 VIC METRO",2025-07-23,2025-07-30,38,Libra Dry Pads with Wings Extra or Ultra Thin 12 Pack,4.55,6.5,1.95,30.0,save_amount,12 Pack,$0.38 per each,WASS6.50 | WASS6.50 | Libra Dry Pads with Wings | Extra or Ultra Thin 12 Pack | $0.38 per each,95.36,True,single_price_evidence,https://caau.syd1.cdn.digitaloceanspaces.com/wp-content/uploads/catalogue/coles/coles-catalogue-july-23-29-2025-vic-metro/38.jpg,https://www.catalogueau.com/coles/#catalogue=coles/coles-catalogue-july-23-29-2025-vic-metro/,unknown,,0,review
Coles,VIC METRO,"Coles Catalogue July 23 - 29, 2025 VIC METRO",2025-07-23,2025-07-30,38,SUPER STRENGT! MAGNESIUM,2.0,,,,special,,,SUPER STRENGT! | MAGNESIUM | WILD FISH OI! | ao | Ez,88.07,True,offer_labels_missing;save_amount_missing;regular_price_missing;single_price_evidence,https://caau.syd1.cdn.digitaloceanspaces.com/wp-content/uploads/catalogue/coles/coles-catalogue-july-23-29-2025-vic-metro/38.jpg,https://www.catalogueau.com/coles/#catalogue=coles/coles-catalogue-july-23-29-2025-vic-metro/,displayed_price,displayed_price,1,review
Coles,VIC METRO,"Coles Catalogue July 23 - 29, 2025 VIC METRO",2025-07-23,2025-07-30,39,Batiste Dry Shampoo 200mL,10.0,14.0,4.0,28.57,save_amount,200mL,$5.00 per 100mL,WAS $14 | WAS $14 | JUN 2025 | Batiste Dry Shampoo 200mL | $5.00 per 100mL,94.42,False,,https://caau.syd1.cdn.digitaloceanspaces.com/wp-content/uploads/catalogue/coles/coles-catalogue-july-23-29-2025-vic-metro/39.jpg,https://www.catalogueau.com/coles/#catalogue=coles/coles-catalogue-july-23-29-2025-vic-metro/,displayed_price,displayed_price;unit_price,2,verified
Coles,VIC METRO,"Coles Catalogue July 23 - 29, 2025 VIC METRO",2025-07-23,2025-07-30,39,Rexona Antiperspirant Aerosol Deodorant 250mL,5.5,8.5,3.0,35.29,save_amount,250mL,$2.20 per 100mL,SAVES3 | WASS8.50 | Rexona Antiperspirant Aerosol | Deodorant 250mL | $2.20 per 100mL,92.88,False,,https://caau.syd1.cdn.digitaloceanspaces.com/wp-content/uploads/catalogue/coles/coles-catalogue-july-23-29-2025-vic-metro/39.jpg,https://www.catalogueau.com/coles/#catalogue=coles/coles-catalogue-july-23-29-2025-vic-metro/,save_was_arithmetic,save_was_arithmetic;unit_price,2,verified
Coles,VIC METRO,"Coles Catalogue July 23 - 29, 2025 VIC METRO",2025-07-23,2025-07-30,39,Tena Proskin Maxi Continence Pants Size M or L 10 Pack,36.0,45.0,9.0,20.0,save_amount,10 Pack,$3.60 per each,SAVES9 | WASS$45 | Tena Proskin Maxi Continence | Pants Size M or L 10 Pack | $3.60 per each | ‘m= | HALEON,94.13,False,,https://caau.syd1.cdn.digitaloceanspaces.com/wp-content/uploads/catalogue/coles/coles-catalogue-july-23-29-2025-vic-metro/39.jpg,https://www.catalogueau.com/coles/#catalogue=coles/coles-catalogue-july-23-29-2025-vic-metro/,save_was_arithmetic,displayed_price;save_was_arithmetic;unit_price,3,verified
Coles,VIC METRO,"Coles Catalogue July 23 - 29, 2025 VIC METRO",2025-07-23,2025-07-30,39,Vicks VapoDrops Original Menthol Lozenges 24 Pack*,4.0,5.9,1.9,32.2,save_amount,24 Pack,$0.17 per each,SAVES1.90 | WAS$5.90 | Vicks VapoDrops Original | Menthol Lozenges 24 Pack* | $0.17 per each,94.3,False,,https://caau.syd1.cdn.digitaloceanspaces.com/wp-content/uploads/catalogue/coles/coles-catalogue-july-23-29-2025-vic-metro/39.jpg,https://www.catalogueau.com/coles/#catalogue=coles/coles-catalogue-july-23-29-2025-vic-metro/,save_was_arithmetic,displayed_price;save_was_arithmetic,2,verified
Coles,VIC METRO,"Coles Catalogue July 23 - 29, 2025 VIC METRO",2025-07-23,2025-07-30,39,Panadol Extra Paracetamol Caplets 16 Pack”,5.45,6.35,0.9,14.17,save_amount,16 Pack,$0.34 per each,"SAVE 85° | WASS$6.35 | Panadol Extra Paracetamol | Caplets 16 Pack” $0.34 per each | 2nd week on sale | “This medicine may not be right for you. Read the label before purchase. Follow the directions for use. | If symptoms persist, talk fo your healthcare professional. Incorrect use could be harmful.",91.47,True,single_price_evidence,https://caau.syd1.cdn.digitaloceanspaces.com/wp-content/uploads/catalogue/coles/coles-catalogue-july-23-29-2025-vic-metro/39.jpg,https://www.catalogueau.com/coles/#catalogue=coles/coles-catalogue-july-23-29-2025-vic-metro/,unknown,,0,review
Coles,VIC METRO,"Coles Catalogue July 23 - 29, 2025 VIC METRO",2025-07-23,2025-07-30,39,Metamucil Daily Fibre Supplement Orange Smooth 114 Doses 673g*,33.5,39.5,6.0,15.19,save_amount,673g,$4.98 per 100g,SAVES6 | WAS$§39.50 | Metamucil Daily Fibre Supplement | Orange Smooth 114 Doses 673g* | $4.98 per 100g,94.63,False,,https://caau.syd1.cdn.digitaloceanspaces.com/wp-content/uploads/catalogue/coles/coles-catalogue-july-23-29-2025-vic-metro/39.jpg,https://www.catalogueau.com/coles/#catalogue=coles/coles-catalogue-july-23-29-2025-vic-metro/,save_was_arithmetic,save_was_arithmetic;unit_price,2,verified
Coles,VIC METRO,"Coles Catalogue July 23 - 29, 2025 VIC METRO",2025-07-23,2025-07-30,39,Pantene Miracles Hyaluron Shampoo 375mL or eu Conditioner 350mL,6.3,13.0,6.7,51.54,save_amount,375mL; 350mL,,Pantene Miracles Hyaluron | Shampoo 375mL or | eu | Conditioner 350mL | = | Thoroughly,75.82,True,offer_labels_missing;low_name_confidence_strict;single_price_evidence,https://caau.syd1.cdn.digitaloceanspaces.com/wp-content/uploads/catalogue/coles/coles-catalogue-july-23-29-2025-vic-metro/39.jpg,https://www.catalogueau.com/coles/#catalogue=coles/coles-catalogue-july-23-29-2025-vic-metro/,unknown,,0,review
Coles,VIC METRO,"Coles Catalogue July 23 - 29, 2025 VIC METRO",2025-07-23,2025-07-30,39,Pantene Hyaluron Be,7.5,15.0,7.5,50.0,half_price,,,SAVE57.50 | WASS15 | a | Pantene Hyaluron | Be | Hydration Lock Hair | PANTENE | Serum 140mL,63.22,True,low_name_confidence_strict;single_price_evidence,https://caau.syd1.cdn.digitaloceanspaces.com/wp-content/uploads/catalogue/coles/coles-catalogue-july-23-29-2025-vic-metro/39.jpg,https://www.catalogueau.com/coles/#catalogue=coles/coles-catalogue-july-23-29-2025-vic-metro/,displayed_price,displayed_price,1,review
Coles,VIC METRO,"Coles Catalogue July 23 - 29, 2025 VIC METRO",2025-07-23,2025-07-30,41,Bow Wow Bully Stick Dog Treat 1 Pack,7.0,10.0,3.0,30.0,save_amount,1 Pack,$7.00 per each,SAVE 53 | WASS10 | Bow Wow Bully Stick Dog Treat | 1 Pack $7.00 per each | ( AyD | og,96.49,False,,https://caau.syd1.cdn.digitaloceanspaces.com/wp-content/uploads/catalogue/coles/coles-catalogue-july-23-29-2025-vic-metro/41.jpg,https://www.catalogueau.com/coles/#catalogue=coles/coles-catalogue-july-23-29-2025-vic-metro/,save_was_arithmetic,displayed_price;save_was_arithmetic;unit_price,3,verified
Coles,VIC METRO,"Coles Catalogue July 23 - 29, 2025 VIC METRO",2025-07-23,2025-07-30,41,Pedi ree Dentastix 28 Pack,16.8,24.0,7.2,30.0,save_amount,28 Pack,$0.60 per each,SAVE$7.20 | WAS$24 | Pedi | ree Dentastix 28 Pack | $0.60 per each | ——,94.56,False,,https://caau.syd1.cdn.digitaloceanspaces.com/wp-content/uploads/catalogue/coles/coles-catalogue-july-23-29-2025-vic-metro/41.jpg,https://www.catalogueau.com/coles/#catalogue=coles/coles-catalogue-july-23-29-2025-vic-metro/,save_was_arithmetic,displayed_price;save_was_arithmetic,2,verified
Coles,VIC METRO,"Coles Catalogue July 23 - 29, 2025 VIC METRO",2025-07-23,2025-07-30,41,Schmackos Dog Treats 200g,5.5,8.0,2.5,31.25,save_amount,200g,$2.75 per 100g,SAVE%2.50 | Schmackos Dog Treats 200g | $2.75 per 100g | a | or,94.57,False,,https://caau.syd1.cdn.digitaloceanspaces.com/wp-content/uploads/catalogue/coles/coles-catalogue-july-23-29-2025-vic-metro/41.jpg,https://www.catalogueau.com/coles/#catalogue=coles/coles-catalogue-july-23-29-2025-vic-metro/,displayed_price,displayed_price;unit_price,2,verified
Coles,VIC METRO,"Coles Catalogue July 23 - 29, 2025 VIC METRO",2025-07-23,2025-07-30,41,My Dog Dog Food Tray 100g,1.25,1.8,0.55,30.56,save_amount,100g,$1.25 per 100,SAVE55* | WASS1.80 | My Dog Dog Food Tray 100g | $1.25 per 100 | Excludes My Dog Shredded | poernroeny,96.16,True,single_price_evidence,https://caau.syd1.cdn.digitaloceanspaces.com/wp-content/uploads/catalogue/coles/coles-catalogue-july-23-29-2025-vic-metro/41.jpg,https://www.catalogueau.com/coles/#catalogue=coles/coles-catalogue-july-23-29-2025-vic-metro/,unit_price,unit_price,1,review
Coles,VIC METRO,"Coles Catalogue July 23 - 29, 2025 VIC METRO",2025-07-23,2025-07-30,41,Optimum Dry Dog Food 2.5kg-3kg,16.1,23.0,6.9,30.0,save_amount,2.5kg; 3kg,,SAVES6.90 | Optimum Dry Dog Food | 2.5kg-3kg | & | ~,94.37,True,single_price_evidence,https://caau.syd1.cdn.digitaloceanspaces.com/wp-content/uploads/catalogue/coles/coles-catalogue-july-23-29-2025-vic-metro/41.jpg,https://www.catalogueau.com/coles/#catalogue=coles/coles-catalogue-july-23-29-2025-vic-metro/,displayed_price,displayed_price,1,review
Coles,VIC METRO,"Coles Catalogue July 23 - 29, 2025 VIC METRO",2025-07-23,2025-07-30,41,Whiskas Dry Cat Food 800g,4.5,7.0,2.5,35.71,save_amount,800g,$0.56 per 100g,SAVE$2.50 | Whiskas Dry Cat Food 800g | $0.56 per 100g,94.81,True,single_price_evidence,https://caau.syd1.cdn.digitaloceanspaces.com/wp-content/uploads/catalogue/coles/coles-catalogue-july-23-29-2025-vic-metro/41.jpg,https://www.catalogueau.com/coles/#catalogue=coles/coles-catalogue-july-23-29-2025-vic-metro/,unit_price,unit_price,1,review
Coles,VIC METRO,"Coles Catalogue July 23 - 29, 2025 VIC METRO",2025-07-23,2025-07-30,41,Whiskas Oh So Cat Food 12x85g,10.15,14.5,4.35,30.0,save_amount,12x85g,$1.00 per 100g,SAVES4.35 | WASS$14.50 | Whiskas Oh So Cat Food 12x85g | $1.00 per 100g,93.69,False,,https://caau.syd1.cdn.digitaloceanspaces.com/wp-content/uploads/catalogue/coles/coles-catalogue-july-23-29-2025-vic-metro/41.jpg,https://www.catalogueau.com/coles/#catalogue=coles/coles-catalogue-july-23-29-2025-vic-metro/,save_was_arithmetic,displayed_price;save_was_arithmetic;unit_price,3,verified
Coles,VIC METRO,"Coles Catalogue July 23 - 29, 2025 VIC METRO",2025-07-23,2025-07-30,41,Fussy Cat Grainfree Dry Cat Food 2.5kg,15.9,26.5,10.6,40.0,save_amount,2.5kg,$0.64 per 100g,SAVES10.60 | WASS$26.50 | Fussy Cat Grainfree Dry Cat | Food 2.5kg $0.64 per 100g,94.21,True,single_price_evidence,https://caau.syd1.cdn.digitaloceanspaces.com/wp-content/uploads/catalogue/coles/coles-catalogue-july-23-29-2025-vic-metro/41.jpg,https://www.catalogueau.com/coles/#catalogue=coles/coles-catalogue-july-23-29-2025-vic-metro/,save_was_arithmetic,save_was_arithmetic,1,review
Coles,VIC METRO,"Coles Catalogue July 23 - 29, 2025 VIC METRO",2025-07-23,2025-07-30,41,Woofin' Good Dog Treat Biscuits 800g,9.05,11.0,1.95,17.73,save_amount,800g,$1.13 per 100g,WASS11 | WASS11 | JUL 2025 | Woofin' Good Dog Treat Biscuits | 800g $1.13 per 100g,95.71,True,single_price_evidence,https://caau.syd1.cdn.digitaloceanspaces.com/wp-content/uploads/catalogue/coles/coles-catalogue-july-23-29-2025-vic-metro/41.jpg,https://www.catalogueau.com/coles/#catalogue=coles/coles-catalogue-july-23-29-2025-vic-metro/,unit_price,unit_price,1,review
Coles,VIC METRO,"Coles Catalogue July 23 - 29, 2025 VIC METRO",2025-07-23,2025-07-30,42,Décor Tellfresh Container 1.75 Litre,3.75,7.5,3.75,50.0,half_price,1.75 Litre,$3.75 per each,SAVES3.75 | WASS$7.50 | Décor Tellfresh Container | 1.75 Litre $3.75 per each | RAIS | ay.,94.9,False,,https://caau.syd1.cdn.digitaloceanspaces.com/wp-content/uploads/catalogue/coles/coles-catalogue-july-23-29-2025-vic-metro/42.jpg,https://www.catalogueau.com/coles/#catalogue=coles/coles-catalogue-july-23-29-2025-vic-metro/,save_was_arithmetic,save_was_arithmetic;unit_price,2,verified
Coles,VIC METRO,"Coles Catalogue July 23 - 29, 2025 VIC METRO",2025-07-23,2025-07-30,42,Décor Tellfresh Container 250mL,2.1,4.2,2.1,50.0,half_price,250mL,$2.10 per each,SAVE52.10 | WASS$4.20 | Décor Tellfresh Container | 250mL $2.10 per each | i) | (,85.78,True,single_price_evidence,https://caau.syd1.cdn.digitaloceanspaces.com/wp-content/uploads/catalogue/coles/coles-catalogue-july-23-29-2025-vic-metro/42.jpg,https://www.catalogueau.com/coles/#catalogue=coles/coles-catalogue-july-23-29-2025-vic-metro/,unit_price,unit_price,1,review
Coles,VIC METRO,"Coles Catalogue July 23 - 29, 2025 VIC METRO",2025-07-23,2025-07-30,42,Kleenex 3-Ply Wellbeing Facial Tissues 140 Pack,3.6,4.5,0.9,20.0,save_amount,140 Pack,$2.57 per 100,SAVE 90° | WASS4.50 | Kleenex 3-Ply Wellbeing Facial | Tissues 140 Pack | $2.57 per 100 sheets,95.65,True,single_price_evidence,https://caau.syd1.cdn.digitaloceanspaces.com/wp-content/uploads/catalogue/coles/coles-catalogue-july-23-29-2025-vic-metro/42.jpg,https://www.catalogueau.com/coles/#catalogue=coles/coles-catalogue-july-23-29-2025-vic-metro/,displayed_price,displayed_price,1,review
Coles,VIC METRO,"Coles Catalogue July 23 - 29, 2025 VIC METRO",2025-07-23,2025-07-30,42,Duracell Coppertop Batteries AA or AAA 26 Pack,21.5,31.0,9.5,30.65,save_amount,26 Pack,$0.83 per each,SAVES9.50 | WASS31 | Duracell Coppertop Batteries AA | or AAA 26 Pack $0.83 per each,94.71,False,,https://caau.syd1.cdn.digitaloceanspaces.com/wp-content/uploads/catalogue/coles/coles-catalogue-july-23-29-2025-vic-metro/42.jpg,https://www.catalogueau.com/coles/#catalogue=coles/coles-catalogue-july-23-29-2025-vic-metro/,save_was_arithmetic,displayed_price;save_was_arithmetic,2,verified
Coles,VIC METRO,"Coles Catalogue July 23 - 29, 2025 VIC METRO",2025-07-23,2025-07-30,42,Smash Blue Stainless Steel Bento Box 1300mL,16.5,27.5,11.0,40.0,save_amount,1300mL,$16.50 per each,"SAVES11 | ‘was$2750 | Smash Blue Stainless Steel Bento | Box 1300mL $16.50 per each | ""T** SUPPORTING AUSTRALIAN J0BS | 13 | Hu",95.0,False,,https://caau.syd1.cdn.digitaloceanspaces.com/wp-content/uploads/catalogue/coles/coles-catalogue-july-23-29-2025-vic-metro/42.jpg,https://www.catalogueau.com/coles/#catalogue=coles/coles-catalogue-july-23-29-2025-vic-metro/,save_was_arithmetic,save_was_arithmetic;unit_price,2,verified
Coles,VIC METRO,"Coles Catalogue July 23 - 29, 2025 VIC METRO",2025-07-23,2025-07-30,42,Belkin Boostcharge USB-A Lightning Cable White,17.0,24.95,7.95,31.86,save_amount,,,SAVE‘7.95 | WASS24.95 | Belkin Boostcharge USB-A Lightning | Cable White On sale for 2 weeks | Flybuys,93.85,False,,https://caau.syd1.cdn.digitaloceanspaces.com/wp-content/uploads/catalogue/coles/coles-catalogue-july-23-29-2025-vic-metro/42.jpg,https://www.catalogueau.com/coles/#catalogue=coles/coles-catalogue-july-23-29-2025-vic-metro/,save_was_arithmetic,displayed_price;save_was_arithmetic,2,verified
Coles,VIC METRO,"Coles Catalogue July 23 - 29, 2025 VIC METRO",2025-07-23,2025-07-30,42,Tefal Cook Right Non Stick Frypan 28cm,31.5,42.0,10.5,25.0,save_amount,,,SAVES10.50 | Tefal Cook Right Non Stick | Frypan 28cm | $50 or $100 TCN Her,94.95,True,single_price_evidence,https://caau.syd1.cdn.digitaloceanspaces.com/wp-content/uploads/catalogue/coles/coles-catalogue-july-23-29-2025-vic-metro/42.jpg,https://www.catalogueau.com/coles/#catalogue=coles/coles-catalogue-july-23-29-2025-vic-metro/,displayed_price,displayed_price,1,review
Coles,VIC METRO,"Coles Catalogue July 23 - 29, 2025 VIC METRO",2025-07-23,2025-07-30,42,Jiffy Firelighters 24 Pack,32.95,,,,special,24 Pack,$0.16 per each,Jiffy Firelighters 24 Pack | $0.16 per each,93.1,True,offer_labels_missing;save_amount_missing;regular_price_missing;inferred_price_requires_review,https://caau.syd1.cdn.digitaloceanspaces.com/wp-content/uploads/catalogue/coles/coles-catalogue-july-23-29-2025-vic-metro/42.jpg,https://www.catalogueau.com/coles/#catalogue=coles/coles-catalogue-july-23-29-2025-vic-metro/,displayed_price,displayed_price;grid_inference,1,review
Coles,VIC METRO,"Coles Catalogue July 23 - 29, 2025 VIC METRO",2025-07-23,2025-07-30,45,100cB bonus data to bank on activation,33.0,,,,special,,,100cB | bonus data to bank on activation | 4 | Reo! | wr,79.0,True,offer_labels_missing;save_amount_missing;regular_price_missing;low_name_confidence_strict;product_name_suspicious;single_price_evidence,https://caau.syd1.cdn.digitaloceanspaces.com/wp-content/uploads/catalogue/coles/coles-catalogue-july-23-29-2025-vic-metro/45.jpg,https://www.catalogueau.com/coles/#catalogue=coles/coles-catalogue-july-23-29-2025-vic-metro/,displayed_price,displayed_price,1,review
