retailer,region,catalogue_title,catalogue_start_date,catalogue_end_date,page_number,product_name,special_price,regular_price,save_amount,discount_percent,promo_type,pack_size,unit_price_text,offer_text,ocr_confidence,needs_review,review_reason,source_page_image,source_catalogue_url,price_source,price_evidence,evidence_count,verification_status
Coles,VIC METRO,"Coles Catalogue August 20 - 26, 2025 VIC METRO",2025-08-20,2025-08-27,1,Allen's Lollies 140g-200g eer,2.5,5.0,2.5,50.0,half_price,140g; 200g,,WASS5 | WASS5 | Allen's Lollies 140g-200g | eer,62.31,True,low_name_confidence_strict;inferred_price_requires_review,https://caau.syd1.cdn.digitaloceanspaces.com/wp-content/uploads/catalogue/coles/coles-catalogue-august-20-26-2025-vic-metro/1.jpg,https://www.catalogueau.com/coles/#catalogue=coles/coles-catalogue-august-20-26-2025-vic-metro/,displayed_price,displayed_price;page_discount,1,review
Coles,VIC METRO,"Coles Catalogue August 20 - 26, 2025 VIC METRO",2025-08-20,2025-08-27,1,Arnott's Tim Tam Biscuits 165g-200g,3.0,6.0,3.0,50.0,half_price,165g; 200g,,WASS6 | WASS6 | Arnott's Tim Tam Biscuits | 165g-200g,79.0,True,low_name_confidence_strict;inferred_price_requires_review,https://caau.syd1.cdn.digitaloceanspaces.com/wp-content/uploads/catalogue/coles/coles-catalogue-august-20-26-2025-vic-metro/1.jpg,https://www.catalogueau.com/coles/#catalogue=coles/coles-catalogue-august-20-26-2025-vic-metro/,displayed_price,displayed_price;page_discount,1,review
Coles,VIC METRO,"Coles Catalogue August 20 - 26, 2025 VIC METRO",2025-08-20,2025-08-27,1,John West Tuna 95g,1.35,2.7,1.35,50.0,half_price,95g,$14.21 per kg,WASS2.70 | WASS2.70 | John West Tuna 95g | $14.21 per kg | WIN | MONEY,96.19,False,,https://caau.syd1.cdn.digitaloceanspaces.com/wp-content/uploads/catalogue/coles/coles-catalogue-august-20-26-2025-vic-metro/1.jpg,https://www.catalogueau.com/coles/#catalogue=coles/coles-catalogue-august-20-26-2025-vic-metro/,displayed_price,displayed_price;page_discount;unit_price,2,verified
Coles,VIC METRO,"Coles Catalogue August 20 - 26, 2025 VIC METRO",2025-08-20,2025-08-27,1,1&J Raw Peeled Prawns Tail On or Tail Off 500g,12.0,24.0,12.0,50.0,half_price,500g,$24.00 per kg,WAS$24 | WAS$24 | 1&J Raw Peeled Prawns Tail On or | Tail Off 500g $24.00 per kg | Spend $20 and scan or link your | registered Flybuys for your chance,96.26,False,,https://caau.syd1.cdn.digitaloceanspaces.com/wp-content/uploads/catalogue/coles/coles-catalogue-august-20-26-2025-vic-metro/1.jpg,https://www.catalogueau.com/coles/#catalogue=coles/coles-catalogue-august-20-26-2025-vic-metro/,displayed_price,displayed_price;page_discount;unit_price,2,verified
Coles,VIC METRO,"Coles Catalogue August 20 - 26, 2025 VIC METRO",2025-08-20,2025-08-27,1,Coles RSPCA Approved Chicken Breast Fillet Value Pack,3.0,,,,special,,$8.50 per kg,Coles RSPCA Approved Chicken Breast Fillet | Value Pack $8.50 per kg. | While stocks last. No rainchecks | FP-VIC-METRO-2008-25-456800,96.03,True,offer_labels_missing;save_amount_missing;regular_price_missing;single_price_evidence,https://caau.syd1.cdn.digitaloceanspaces.com/wp-content/uploads/catalogue/coles/coles-catalogue-august-20-26-2025-vic-metro/1.jpg,https://www.catalogueau.com/coles/#catalogue=coles/coles-catalogue-august-20-26-2025-vic-metro/,displayed_price,displayed_price,1,review
Coles,VIC METRO,"Coles Catalogue August 20 - 26, 2025 VIC METRO",2025-08-20,2025-08-27,2,Doritos Corn Chips or Red Rock Deli Potato Chips Party Size Bag 290g-380g,4.25,8.5,4.25,50.0,half_price,290g; 380g,,‘WAS$8.50 | ‘WAS$8.50 | Doritos Corn Chips or Red | Rock Deli Potato Chips Party | Size Bag 290g-380g | a,95.41,True,inferred_price_requires_review,https://caau.syd1.cdn.digitaloceanspaces.com/wp-content/uploads/catalogue/coles/coles-catalogue-august-20-26-2025-vic-metro/2.jpg,https://www.catalogueau.com/coles/#catalogue=coles/coles-catalogue-august-20-26-2025-vic-metro/,page_discount_inference,page_discount,0,review
Coles,VIC METRO,"Coles Catalogue August 20 - 26, 2025 VIC METRO",2025-08-20,2025-08-27,2,Uncle Tobys Plus Cereal 620g,4.4,8.8,4.4,50.0,half_price,620g,,WASS8.80 | WASS8.80 | Uncle Tobys Plus Cereal | 620g- | =,75.76,True,low_name_confidence_strict;inferred_price_requires_review,https://caau.syd1.cdn.digitaloceanspaces.com/wp-content/uploads/catalogue/coles/coles-catalogue-august-20-26-2025-vic-metro/2.jpg,https://www.catalogueau.com/coles/#catalogue=coles/coles-catalogue-august-20-26-2025-vic-metro/,page_discount_inference,page_discount,0,review
Coles,VIC METRO,"Coles Catalogue August 20 - 26, 2025 VIC METRO",2025-08-20,2025-08-27,2,Connoisseur Ice Cream Sticks 4 Pack-6 Pack 360mL-400mL,6.0,12.0,6.0,50.0,half_price,4 Pack; 6 Pack; 360mL; 400mL,,WASS12 | WASS12 | Connoisseur Ice Cream Sticks | 4 Pack-6 Pack 360mL-400mL,93.89,True,inferred_price_requires_review,https://caau.syd1.cdn.digitaloceanspaces.com/wp-content/uploads/catalogue/coles/coles-catalogue-august-20-26-2025-vic-metro/2.jpg,https://www.catalogueau.com/coles/#catalogue=coles/coles-catalogue-august-20-26-2025-vic-metro/,displayed_price,displayed_price;page_discount,1,review
Coles,VIC METRO,"Coles Catalogue August 20 - 26, 2025 VIC METRO",2025-08-20,2025-08-27,2,L'Oréal Elvive Colour Protect Shampoo or Conditioner 340mL,5.0,10.0,5.0,50.0,half_price,340mL,$1.47 per 100mL,WASS10 | WASS10 | L'Oréal Elvive Colour Protect | Shampoo or Conditioner | 340mL $1.47 per 100mL | J,94.62,False,,https://caau.syd1.cdn.digitaloceanspaces.com/wp-content/uploads/catalogue/coles/coles-catalogue-august-20-26-2025-vic-metro/2.jpg,https://www.catalogueau.com/coles/#catalogue=coles/coles-catalogue-august-20-26-2025-vic-metro/,displayed_price,displayed_price;page_discount;unit_price,2,verified
Coles,VIC METRO,"Coles Catalogue August 20 - 26, 2025 VIC METRO",2025-08-20,2025-08-27,2,BabyLove Bulk Nappy Pants 22 Pack-28 Pack,10.0,20.0,10.0,50.0,half_price,22 Pack; 28 Pack,,WAS$20 | WAS$20 | BabyLove Bulk Nappy Pants | 22 Pack-28 Pack | 44 | +,79.0,True,low_name_confidence_strict;inferred_price_requires_review,https://caau.syd1.cdn.digitaloceanspaces.com/wp-content/uploads/catalogue/coles/coles-catalogue-august-20-26-2025-vic-metro/2.jpg,https://www.catalogueau.com/coles/#catalogue=coles/coles-catalogue-august-20-26-2025-vic-metro/,displayed_price,displayed_price;page_discount,1,review
Coles,VIC METRO,"Coles Catalogue August 20 - 26, 2025 VIC METRO",2025-08-20,2025-08-27,2,Cold Power Laundry Liquid 2 Litre or Powder 2k,12.0,24.0,12.0,50.0,half_price,2 Litre,,WAS§24 | WAS§24 | Cold Power Laundry Liquid | 2 Litre or Powder 2k | ds | *See page 14 forT&,96.33,True,inferred_price_requires_review,https://caau.syd1.cdn.digitaloceanspaces.com/wp-content/uploads/catalogue/coles/coles-catalogue-august-20-26-2025-vic-metro/2.jpg,https://www.catalogueau.com/coles/#catalogue=coles/coles-catalogue-august-20-26-2025-vic-metro/,displayed_price,displayed_price;page_discount,1,review
Coles,VIC METRO,"Coles Catalogue August 20 - 26, 2025 VIC METRO",2025-08-20,2025-08-27,2,Australian Gourmet Tomatoes: ae 1kg Pack or,4.9,,,,special,1kg,$4.90 per kg,Australian Gourmet Tomatoes: | ae | 1kg Pack or per kg $4.90 per kg,73.06,True,low_name_confidence_strict;product_name_suspicious;single_price_evidence,https://caau.syd1.cdn.digitaloceanspaces.com/wp-content/uploads/catalogue/coles/coles-catalogue-august-20-26-2025-vic-metro/2.jpg,https://www.catalogueau.com/coles/#catalogue=coles/coles-catalogue-august-20-26-2025-vic-metro/,unit_price,unit_price,1,review
Coles,VIC METRO,"Coles Catalogue August 20 - 26, 2025 VIC METRO",2025-08-20,2025-08-27,2,VIC-METRO-2008-25-456800,4.9,,,,special,,,VIC-METRO-2008-25-456800,80.48,True,offer_labels_missing;save_amount_missing;regular_price_missing;single_price_evidence,https://caau.syd1.cdn.digitaloceanspaces.com/wp-content/uploads/catalogue/coles/coles-catalogue-august-20-26-2025-vic-metro/2.jpg,https://www.catalogueau.com/coles/#catalogue=coles/coles-catalogue-august-20-26-2025-vic-metro/,displayed_price,displayed_price,1,review
Coles,VIC METRO,"Coles Catalogue August 20 - 26, 2025 VIC METRO",2025-08-20,2025-08-27,3,Moccona Café Classic Coffee Sachets 10 Pack,3.95,790.0,786.05,99.5,save_amount,10 Pack,$0.40 per each,SAVES3.95 | ‘WAS$790 | Moccona Café Classic | Coffee Sachets 10 Pack | $0.40 per each. | *See page 14 for T&Cs,95.49,False,,https://caau.syd1.cdn.digitaloceanspaces.com/wp-content/uploads/catalogue/coles/coles-catalogue-august-20-26-2025-vic-metro/3.jpg,https://www.catalogueau.com/coles/#catalogue=coles/coles-catalogue-august-20-26-2025-vic-metro/,displayed_price,displayed_price;unit_price,2,verified
Coles,VIC METRO,"Coles Catalogue August 20 - 26, 2025 VIC METRO",2025-08-20,2025-08-27,3,Aunt Betty's Pudding 2 Pack 190g-220g,2.45,4.9,2.45,50.0,half_price,2 Pack; 190g; 220g,,SAVE52.45 | WASS$4.90 | Aunt Betty's Pudding 2 Pack | 190g-220g,79.0,True,low_name_confidence_strict;single_price_evidence,https://caau.syd1.cdn.digitaloceanspaces.com/wp-content/uploads/catalogue/coles/coles-catalogue-august-20-26-2025-vic-metro/3.jpg,https://www.catalogueau.com/coles/#catalogue=coles/coles-catalogue-august-20-26-2025-vic-metro/,displayed_price,displayed_price,1,review
Coles,VIC METRO,"Coles Catalogue August 20 - 26, 2025 VIC METRO",2025-08-20,2025-08-27,3,La Espanola Olive Oil 1 Litre,13.0,26.0,13.0,50.0,half_price,1 Litre,$1.30 per 100mL,SAVE 513 | WASS$26 | La Espanola Olive Oil 1 Litre | $1.30 per 100mL. | Excludes Organic,94.83,False,,https://caau.syd1.cdn.digitaloceanspaces.com/wp-content/uploads/catalogue/coles/coles-catalogue-august-20-26-2025-vic-metro/3.jpg,https://www.catalogueau.com/coles/#catalogue=coles/coles-catalogue-august-20-26-2025-vic-metro/,save_was_arithmetic,displayed_price;save_was_arithmetic;unit_price,3,verified
Coles,VIC METRO,"Coles Catalogue August 20 - 26, 2025 VIC METRO",2025-08-20,2025-08-27,3,Uncle Tobys Muesli Bars 145g-185g,2.75,5.5,2.75,50.0,half_price,145g; 185g,,SAVE52.75 | WAS$5.50 | Uncle Tobys Muesli Bars | 145g-185g | —,91.64,True,single_price_evidence,https://caau.syd1.cdn.digitaloceanspaces.com/wp-content/uploads/catalogue/coles/coles-catalogue-august-20-26-2025-vic-metro/3.jpg,https://www.catalogueau.com/coles/#catalogue=coles/coles-catalogue-august-20-26-2025-vic-metro/,displayed_price,displayed_price,1,review
Coles,VIC METRO,"Coles Catalogue August 20 - 26, 2025 VIC METRO",2025-08-20,2025-08-27,3,Uncle Tobys Roll Ups 94g,2.75,5.5,2.75,50.0,half_price,94g,$2.93 per 100g,SAVE52.75 | WASS5.50 | Uncle Tobys Roll Ups 94g | $2.93 per 100g | = | Nestle,93.92,False,,https://caau.syd1.cdn.digitaloceanspaces.com/wp-content/uploads/catalogue/coles/coles-catalogue-august-20-26-2025-vic-metro/3.jpg,https://www.catalogueau.com/coles/#catalogue=coles/coles-catalogue-august-20-26-2025-vic-metro/,displayed_price,displayed_price;unit_price,2,verified
Coles,VIC METRO,"Coles Catalogue August 20 - 26, 2025 VIC METRO",2025-08-20,2025-08-27,3,Uncle Tobys Oats Quick Sachets 280g-350g,3.15,6.3,3.15,50.0,half_price,280g; 350g,,SAVES3.15 | ‘WAS$6.30 | Uncle Tobys Oats Quick | Sachets 280g-350g | ee | a,93.35,True,single_price_evidence,https://caau.syd1.cdn.digitaloceanspaces.com/wp-content/uploads/catalogue/coles/coles-catalogue-august-20-26-2025-vic-metro/3.jpg,https://www.catalogueau.com/coles/#catalogue=coles/coles-catalogue-august-20-26-2025-vic-metro/,save_was_arithmetic,save_was_arithmetic,1,review
Coles,VIC METRO,"Coles Catalogue August 20 - 26, 2025 VIC METRO",2025-08-20,2025-08-27,3,Uncle Tobys Cheerios 450g-560g,3.75,7.5,3.75,50.0,half_price,450g; 560g,,SAVE$3.75 | WASS$7.50 | Uncle Tobys Cheerios | 450g-560g | VIC-METRO-2008-25-456800,92.76,False,,https://caau.syd1.cdn.digitaloceanspaces.com/wp-content/uploads/catalogue/coles/coles-catalogue-august-20-26-2025-vic-metro/3.jpg,https://www.catalogueau.com/coles/#catalogue=coles/coles-catalogue-august-20-26-2025-vic-metro/,save_was_arithmetic,displayed_price;save_was_arithmetic,2,verified
Coles,VIC METRO,"Coles Catalogue August 20 - 26, 2025 VIC METRO",2025-08-20,2025-08-27,3,Nestlé Milo Cereal 535g-620g,4.75,9.5,4.75,50.0,half_price,535g; 620g,,SAVE%4.75 | WASS9.50 | Nestlé Milo Cereal 535g-620g,93.38,True,single_price_evidence,https://caau.syd1.cdn.digitaloceanspaces.com/wp-content/uploads/catalogue/coles/coles-catalogue-august-20-26-2025-vic-metro/3.jpg,https://www.catalogueau.com/coles/#catalogue=coles/coles-catalogue-august-20-26-2025-vic-metro/,save_was_arithmetic,save_was_arithmetic,1,review
Coles,VIC METRO,"Coles Catalogue August 20 - 26, 2025 VIC METRO",2025-08-20,2025-08-27,3,Sunrice Jasmine Rice 5kg,132.0,264.0,132.0,50.0,half_price,5kg,$0.27 per 100g,Sunrice Jasmine Rice 5kg | $0.27 per 100g,93.71,True,offer_labels_missing;regular_and_save_inferred_from_half_price;inferred_price_requires_review,https://caau.syd1.cdn.digitaloceanspaces.com/wp-content/uploads/catalogue/coles/coles-catalogue-august-20-26-2025-vic-metro/3.jpg,https://www.catalogueau.com/coles/#catalogue=coles/coles-catalogue-august-20-26-2025-vic-metro/,displayed_price,displayed_price;grid_inference,1,review
Coles,VIC METRO,"Coles Catalogue August 20 - 26, 2025 VIC METRO",2025-08-20,2025-08-27,4,Cadbury Chocolate Bar 30g-55g,1.2,3.0,1.8,60.0,save_amount,30g; 55g,,SAVES1.80 | Cadbury Chocolate Bar | 30g-55g,93.43,True,single_price_evidence,https://caau.syd1.cdn.digitaloceanspaces.com/wp-content/uploads/catalogue/coles/coles-catalogue-august-20-26-2025-vic-metro/4.jpg,https://www.catalogueau.com/coles/#catalogue=coles/coles-catalogue-august-20-26-2025-vic-metro/,displayed_price,displayed_price,1,review
Coles,VIC METRO,"Coles Catalogue August 20 - 26, 2025 VIC METRO",2025-08-20,2025-08-27,4,Arnott's Wagon Wheels Biscuits 190g,2.75,5.5,2.75,50.0,half_price,190g,$1.45 per 100g,SAVE52.75 | WASS5.50 | Arnott's Wagon Wheels Biscuits | 190g $1.45 per 100g | — | — | Dw. | oo be,95.54,True,single_price_evidence,https://caau.syd1.cdn.digitaloceanspaces.com/wp-content/uploads/catalogue/coles/coles-catalogue-august-20-26-2025-vic-metro/4.jpg,https://www.catalogueau.com/coles/#catalogue=coles/coles-catalogue-august-20-26-2025-vic-metro/,unit_price,unit_price,1,review
Coles,VIC METRO,"Coles Catalogue August 20 - 26, 2025 VIC METRO",2025-08-20,2025-08-27,4,Skittles 120g-200g uh,3.0,6.0,3.0,50.0,half_price,120g; 200g,,SAVES3 | WASS6 | Skittles 120g-200g | uh | oo be,47.45,True,low_ocr_confidence;low_name_confidence_strict,https://caau.syd1.cdn.digitaloceanspaces.com/wp-content/uploads/catalogue/coles/coles-catalogue-august-20-26-2025-vic-metro/4.jpg,https://www.catalogueau.com/coles/#catalogue=coles/coles-catalogue-august-20-26-2025-vic-metro/,save_was_arithmetic,displayed_price;save_was_arithmetic,2,review
Coles,VIC METRO,"Coles Catalogue August 20 - 26, 2025 VIC METRO",2025-08-20,2025-08-27,4,Cadbury Sharepack 120g-180g or Darrell Lea Block Chocolate 160g-170g,3.5,7.0,3.5,50.0,half_price,120g; 180g; 160g; 170g,,SAVES3.50 | Cadbury Sharepack | 120g-180g or Darrell Lea Block | Chocolate 160g-170g,93.64,True,single_price_evidence,https://caau.syd1.cdn.digitaloceanspaces.com/wp-content/uploads/catalogue/coles/coles-catalogue-august-20-26-2025-vic-metro/4.jpg,https://www.catalogueau.com/coles/#catalogue=coles/coles-catalogue-august-20-26-2025-vic-metro/,displayed_price,displayed_price,1,review
Coles,VIC METRO,"Coles Catalogue August 20 - 26, 2025 VIC METRO",2025-08-20,2025-08-27,4,Cadbury Old Gold Block Chocolate 170g-180g,4.0,8.0,4.0,50.0,half_price,170g; 180g,,SAVES4 | WASS8 | Cadbury Old Gold Block | Chocolate 170g-180g,94.52,False,,https://caau.syd1.cdn.digitaloceanspaces.com/wp-content/uploads/catalogue/coles/coles-catalogue-august-20-26-2025-vic-metro/4.jpg,https://www.catalogueau.com/coles/#catalogue=coles/coles-catalogue-august-20-26-2025-vic-metro/,save_was_arithmetic,displayed_price;save_was_arithmetic,2,verified
Coles,VIC METRO,"Coles Catalogue August 20 - 26, 2025 VIC METRO",2025-08-20,2025-08-27,4,Cadbury Chocolate Coated Fruit or Nut Jar 270g-340g,6.5,13.0,6.5,50.0,half_price,270g; 340g,,SAVES6.50 | Cadbury Chocolate Coated | Fruit or Nut Jar 270g-340g,95.16,True,single_price_evidence,https://caau.syd1.cdn.digitaloceanspaces.com/wp-content/uploads/catalogue/coles/coles-catalogue-august-20-26-2025-vic-metro/4.jpg,https://www.catalogueau.com/coles/#catalogue=coles/coles-catalogue-august-20-26-2025-vic-metro/,displayed_price,displayed_price,1,review
Coles,VIC METRO,"Coles Catalogue August 20 - 26, 2025 VIC METRO",2025-08-20,2025-08-27,4,Cadbury Favourites 264g-265g,7.0,14.0,7.0,50.0,half_price,264g; 265g,,SAVES7 | WASS14 | Cadbury Favourites | 264g-265g | VIC-METRO-2008-25-456800,92.74,False,,https://caau.syd1.cdn.digitaloceanspaces.com/wp-content/uploads/catalogue/coles/coles-catalogue-august-20-26-2025-vic-metro/4.jpg,https://www.catalogueau.com/coles/#catalogue=coles/coles-catalogue-august-20-26-2025-vic-metro/,save_was_arithmetic,displayed_price;save_was_arithmetic,2,verified
Coles,VIC METRO,"Coles Catalogue August 20 - 26, 2025 VIC METRO",2025-08-20,2025-08-27,4,Darrell Lea Rocklea Road Gift Box 290g,9.0,18.0,9.0,50.0,half_price,290g,$3.10 per 100g,SAVES9 | WASS18 | Darrell Lea Rocklea Road | Gift Box 290g $3.10 per 100g. | *See page 14 for T&Cs,95.22,False,,https://caau.syd1.cdn.digitaloceanspaces.com/wp-content/uploads/catalogue/coles/coles-catalogue-august-20-26-2025-vic-metro/4.jpg,https://www.catalogueau.com/coles/#catalogue=coles/coles-catalogue-august-20-26-2025-vic-metro/,save_was_arithmetic,displayed_price;save_was_arithmetic;unit_price,3,verified
Coles,VIC METRO,"Coles Catalogue August 20 - 26, 2025 VIC METRO",2025-08-20,2025-08-27,4,Ferrero Collection 15 Pack 172g or Rocher Gift Box 16 Pack 200g 2nd week,9.5,19.0,9.5,50.0,half_price,15 Pack; 172g; 16 Pack; 200g,,SAVES9.50 | WASS19 | Ferrero Collection 15 Pack | 172g or Rocher Gift Box | 16 Pack 200g 2nd week on sale,96.58,False,,https://caau.syd1.cdn.digitaloceanspaces.com/wp-content/uploads/catalogue/coles/coles-catalogue-august-20-26-2025-vic-metro/4.jpg,https://www.catalogueau.com/coles/#catalogue=coles/coles-catalogue-august-20-26-2025-vic-metro/,save_was_arithmetic,displayed_price;save_was_arithmetic,2,verified
Coles,VIC METRO,"Coles Catalogue August 20 - 26, 2025 VIC METRO",2025-08-20,2025-08-27,5,Pringles Potato Crisps 53g,1.35,2.7,1.35,50.0,half_price,53g,$2.55 per 100g,SAVES1.35 | WASS2.70 | Pringles Potato Crisps 53g | $2.55 per 100g,96.64,False,,https://caau.syd1.cdn.digitaloceanspaces.com/wp-content/uploads/catalogue/coles/coles-catalogue-august-20-26-2025-vic-metro/5.jpg,https://www.catalogueau.com/coles/#catalogue=coles/coles-catalogue-august-20-26-2025-vic-metro/,save_was_arithmetic,displayed_price;save_was_arithmetic;unit_price,3,verified
Coles,VIC METRO,"Coles Catalogue August 20 - 26, 2025 VIC METRO",2025-08-20,2025-08-27,5,Vege Chips 100g or Rice Crackers 75g,2.45,4.9,2.45,50.0,half_price,100g; 75g,,SAVES2.45 | WAS $4.90 | Vege Chips 100g or | Rice Crackers 75g,96.11,False,,https://caau.syd1.cdn.digitaloceanspaces.com/wp-content/uploads/catalogue/coles/coles-catalogue-august-20-26-2025-vic-metro/5.jpg,https://www.catalogueau.com/coles/#catalogue=coles/coles-catalogue-august-20-26-2025-vic-metro/,save_was_arithmetic,displayed_price;save_was_arithmetic,2,verified
Coles,VIC METRO,"Coles Catalogue August 20 - 26, 2025 VIC METRO",2025-08-20,2025-08-27,5,Sunbites Grain Waves 170g,2.5,5.0,2.5,50.0,half_price,170g,$1.47 per 100g,SAVES2.50 | WASS5 | Sunbites Grain Waves 170g | $1.47 per 100g,94.54,False,,https://caau.syd1.cdn.digitaloceanspaces.com/wp-content/uploads/catalogue/coles/coles-catalogue-august-20-26-2025-vic-metro/5.jpg,https://www.catalogueau.com/coles/#catalogue=coles/coles-catalogue-august-20-26-2025-vic-metro/,save_was_arithmetic,save_was_arithmetic;unit_price,2,verified
Coles,VIC METRO,"Coles Catalogue August 20 - 26, 2025 VIC METRO",2025-08-20,2025-08-27,5,"Schweppes Mixers, Soft Drink or Mineral Water 4x300mL",3.75,7.5,3.75,50.0,half_price,4x300mL,$3.13 per litre,"SAVES3.75 | WASS$7.50 | Schweppes Mixers, Soft Drink | or Mineral Water 4x300mL | $3.13 per litre",95.2,False,,https://caau.syd1.cdn.digitaloceanspaces.com/wp-content/uploads/catalogue/coles/coles-catalogue-august-20-26-2025-vic-metro/5.jpg,https://www.catalogueau.com/coles/#catalogue=coles/coles-catalogue-august-20-26-2025-vic-metro/,save_was_arithmetic,displayed_price;save_was_arithmetic;unit_price,3,verified
Coles,VIC METRO,"Coles Catalogue August 20 - 26, 2025 VIC METRO",2025-08-20,2025-08-27,5,Arnott's Savoy or Clix Crackers 225g-250g,3.0,4.0,1.0,25.0,save_amount,225g; 250g,,SAVE*1 | WASS4 | Arnott's Savoy or Clix Crackers | 225g-250g | VIC-METRO-2008-25-456800,79.0,True,low_name_confidence_strict,https://caau.syd1.cdn.digitaloceanspaces.com/wp-content/uploads/catalogue/coles/coles-catalogue-august-20-26-2025-vic-metro/5.jpg,https://www.catalogueau.com/coles/#catalogue=coles/coles-catalogue-august-20-26-2025-vic-metro/,save_was_arithmetic,displayed_price;save_was_arithmetic,2,review
Coles,VIC METRO,"Coles Catalogue August 20 - 26, 2025 VIC METRO",2025-08-20,2025-08-27,5,Arnott's Cruskits Crispbread 125g,3.0,4.0,1.0,25.0,save_amount,125g,,SAVE*1 | WAS $4 | Arnott's Cruskits Crispbread 125g | $2.40 per | Ig. | On sale for 2 weeks | 5,92.29,True,single_price_evidence,https://caau.syd1.cdn.digitaloceanspaces.com/wp-content/uploads/catalogue/coles/coles-catalogue-august-20-26-2025-vic-metro/5.jpg,https://www.catalogueau.com/coles/#catalogue=coles/coles-catalogue-august-20-26-2025-vic-metro/,save_was_arithmetic,save_was_arithmetic,1,review
Coles,VIC METRO,"Coles Catalogue August 20 - 26, 2025 VIC METRO",2025-08-20,2025-08-27,5,Arnott's Shapes Crackers 130g-190g 30g,6.0,8.0,2.0,25.0,save_amount,130g; 190g; 30g,,SAVE $2 | Arnott's Shapes Crackers | 130g-190g | 30g-,79.0,True,low_name_confidence_strict;single_price_evidence,https://caau.syd1.cdn.digitaloceanspaces.com/wp-content/uploads/catalogue/coles/coles-catalogue-august-20-26-2025-vic-metro/5.jpg,https://www.catalogueau.com/coles/#catalogue=coles/coles-catalogue-august-20-26-2025-vic-metro/,displayed_price,displayed_price,1,review
Coles,VIC METRO,"Coles Catalogue August 20 - 26, 2025 VIC METRO",2025-08-20,2025-08-27,5,Thins Potato Chips 150g-175g,2.5,,,,special,150g; 175g,,Thins Potato Chips 150g-175g,93.76,True,offer_labels_missing;save_amount_missing;regular_price_missing;single_price_evidence,https://caau.syd1.cdn.digitaloceanspaces.com/wp-content/uploads/catalogue/coles/coles-catalogue-august-20-26-2025-vic-metro/5.jpg,https://www.catalogueau.com/coles/#catalogue=coles/coles-catalogue-august-20-26-2025-vic-metro/,displayed_price,displayed_price,1,review
Coles,VIC METRO,"Coles Catalogue August 20 - 26, 2025 VIC METRO",2025-08-20,2025-08-27,5,McVitie's Go Ahead Biscuits 4 Pack 174g,2.5,,,,special,4 Pack; 174g,$1.44 per 100g,McVitie's Go Ahead Biscuits | 4 Pack 174g $1.44 per 100g,79.0,True,low_name_confidence_strict,https://caau.syd1.cdn.digitaloceanspaces.com/wp-content/uploads/catalogue/coles/coles-catalogue-august-20-26-2025-vic-metro/5.jpg,https://www.catalogueau.com/coles/#catalogue=coles/coles-catalogue-august-20-26-2025-vic-metro/,displayed_price,displayed_price;unit_price,2,review
Coles,VIC METRO,"Coles Catalogue August 20 - 26, 2025 VIC METRO",2025-08-20,2025-08-27,6,Bulla Creamy Classics Ice Cream Tub 2 Litre,5.5,11.0,5.5,50.0,half_price,2 Litre,$0.28 per 100,SAVE$5.50 | WASS11 | Bulla Creamy Classics Ice Cream Tub 2 Litre | $0.28 per 100m,95.52,False,,https://caau.syd1.cdn.digitaloceanspaces.com/wp-content/uploads/catalogue/coles/coles-catalogue-august-20-26-2025-vic-metro/6.jpg,https://www.catalogueau.com/coles/#catalogue=coles/coles-catalogue-august-20-26-2025-vic-metro/,save_was_arithmetic,displayed_price;save_was_arithmetic,2,verified
Coles,VIC METRO,"Coles Catalogue August 20 - 26, 2025 VIC METRO",2025-08-20,2025-08-27,6,Streets Golden Gaytime Sticks 4 Pack 400mL,5.0,10.0,5.0,50.0,half_price,4 Pack; 400mL,$1.25 per 100mL,SAVESS | WASS10 | Streets Golden Gaytime Sticks 4 Pack | 400mL $1.25 per 100mL | | CONNOISSEUR,92.9,False,,https://caau.syd1.cdn.digitaloceanspaces.com/wp-content/uploads/catalogue/coles/coles-catalogue-august-20-26-2025-vic-metro/6.jpg,https://www.catalogueau.com/coles/#catalogue=coles/coles-catalogue-august-20-26-2025-vic-metro/,displayed_price,displayed_price;unit_price,2,verified
Coles,VIC METRO,"Coles Catalogue August 20 - 26, 2025 VIC METRO",2025-08-20,2025-08-27,6,Hershey's or Reese's Ice Cream Tub 1 Litre,5.0,10.0,5.0,50.0,half_price,1 Litre,$0.50 per 100mL,SAVES5 | WASS10 | Hershey's or Reese's Ice Cream | Tub 1 Litre $0.50 per 100mL,94.66,False,,https://caau.syd1.cdn.digitaloceanspaces.com/wp-content/uploads/catalogue/coles/coles-catalogue-august-20-26-2025-vic-metro/6.jpg,https://www.catalogueau.com/coles/#catalogue=coles/coles-catalogue-august-20-26-2025-vic-metro/,save_was_arithmetic,displayed_price;save_was_arithmetic;unit_price,3,verified
Coles,VIC METRO,"Coles Catalogue August 20 - 26, 2025 VIC METRO",2025-08-20,2025-08-27,6,Connoisseur Ice Cream Sticks 4 Pack-6 Pack 360mL-400mL,6.0,12.0,6.0,50.0,half_price,4 Pack; 6 Pack; 360mL; 400mL,,SAVES6 | WASS12 | Connoisseur Ice Cream | Sticks 4 Pack-6 Pack | 360mL-400mL,93.44,False,,https://caau.syd1.cdn.digitaloceanspaces.com/wp-content/uploads/catalogue/coles/coles-catalogue-august-20-26-2025-vic-metro/6.jpg,https://www.catalogueau.com/coles/#catalogue=coles/coles-catalogue-august-20-26-2025-vic-metro/,save_was_arithmetic,displayed_price;save_was_arithmetic,2,verified
Coles,VIC METRO,"Coles Catalogue August 20 - 26, 2025 VIC METRO",2025-08-20,2025-08-27,6,Mrs Mac’s Microwaveable per 100g Pie 175g,1.75,3.5,1.75,50.0,half_price,100g; 175g,$1.00 per 100g,SAVES1.75 | WASS$3.50 | Mrs Mac’s Microwaveable | per 100g | Pie 175g $1.00 | Pie 175g $1.00 per 100g,79.0,True,low_name_confidence_strict,https://caau.syd1.cdn.digitaloceanspaces.com/wp-content/uploads/catalogue/coles/coles-catalogue-august-20-26-2025-vic-metro/6.jpg,https://www.catalogueau.com/coles/#catalogue=coles/coles-catalogue-august-20-26-2025-vic-metro/,save_was_arithmetic,save_was_arithmetic;unit_price,2,review
Coles,VIC METRO,"Coles Catalogue August 20 - 26, 2025 VIC METRO",2025-08-20,2025-08-27,6,Chan's Yum Cha Premium Dim Sum Selection 460g,6.0,12.0,6.0,50.0,half_price,460g,$1.30 per 100g,SAVES6 | WASS12 | Chan's Yum Cha Premium | Dim Sum Selection 460g | $1.30 per 100g | VIC-METRO-2008-25-456800,95.88,False,,https://caau.syd1.cdn.digitaloceanspaces.com/wp-content/uploads/catalogue/coles/coles-catalogue-august-20-26-2025-vic-metro/6.jpg,https://www.catalogueau.com/coles/#catalogue=coles/coles-catalogue-august-20-26-2025-vic-metro/,save_was_arithmetic,displayed_price;save_was_arithmetic;unit_price,3,verified
Coles,VIC METRO,"Coles Catalogue August 20 - 26, 2025 VIC METRO",2025-08-20,2025-08-27,6,KB's Whiting Battered Bites Tkg,13.75,27.5,13.75,50.0,half_price,,$13.75 per kg,SAVE 513.75 | WAS$2750 | KB's Whiting Battered Bites | Tkg $13.75 per kg,79.0,True,low_name_confidence_strict;single_price_evidence,https://caau.syd1.cdn.digitaloceanspaces.com/wp-content/uploads/catalogue/coles/coles-catalogue-august-20-26-2025-vic-metro/6.jpg,https://www.catalogueau.com/coles/#catalogue=coles/coles-catalogue-august-20-26-2025-vic-metro/,save_was_arithmetic,save_was_arithmetic,1,review
Coles,VIC METRO,"Coles Catalogue August 20 - 26, 2025 VIC METRO",2025-08-20,2025-08-27,6,KB's Lightly Crumbed Squid Chips Tkg,15.75,31.5,15.75,50.0,half_price,,$15.75 per kg,SAVE°15.75 | WASS$31.50 | KB's Lightly Crumbed Squid | Chips Tkg $15.75 per kg,94.24,True,single_price_evidence,https://caau.syd1.cdn.digitaloceanspaces.com/wp-content/uploads/catalogue/coles/coles-catalogue-august-20-26-2025-vic-metro/6.jpg,https://www.catalogueau.com/coles/#catalogue=coles/coles-catalogue-august-20-26-2025-vic-metro/,save_was_arithmetic,save_was_arithmetic,1,review
Coles,VIC METRO,"Coles Catalogue August 20 - 26, 2025 VIC METRO",2025-08-20,2025-08-27,7,Sistema Hydrate Active Bottle 800mL,7.0,14.0,7.0,50.0,half_price,800mL,$7.00 per each,SAVES7 | WASS14 | Sistema Hydrate Active Bottle | 800mL $7.00 per each,95.71,False,,https://caau.syd1.cdn.digitaloceanspaces.com/wp-content/uploads/catalogue/coles/coles-catalogue-august-20-26-2025-vic-metro/7.jpg,https://www.catalogueau.com/coles/#catalogue=coles/coles-catalogue-august-20-26-2025-vic-metro/,save_was_arithmetic,displayed_price;save_was_arithmetic;unit_price,3,verified
Coles,VIC METRO,"Coles Catalogue August 20 - 26, 2025 VIC METRO",2025-08-20,2025-08-27,7,Sistema To Go Maxi Fold Up Lunch Cooler,6.05,12.1,6.05,50.0,half_price,,$6.05 per each,SAVES6.05 | WASS$12.10 | Sistema To Go Maxi Fold Up | Lunch Cooler $6.05 per each,96.03,False,,https://caau.syd1.cdn.digitaloceanspaces.com/wp-content/uploads/catalogue/coles/coles-catalogue-august-20-26-2025-vic-metro/7.jpg,https://www.catalogueau.com/coles/#catalogue=coles/coles-catalogue-august-20-26-2025-vic-metro/,save_was_arithmetic,save_was_arithmetic;unit_price,2,verified
Coles,VIC METRO,"Coles Catalogue August 20 - 26, 2025 VIC METRO",2025-08-20,2025-08-27,7,Sistema To Go Ribbon Lunch Box 1.1 Litre,5.5,11.0,5.5,50.0,half_price,1.1 Litre,$5.50 per each,SAVE. | WASS11 | Sistema To Go Ribbon Lunch | Box 1.1 Litre $5.50 per each | ee a,96.08,True,single_price_evidence,https://caau.syd1.cdn.digitaloceanspaces.com/wp-content/uploads/catalogue/coles/coles-catalogue-august-20-26-2025-vic-metro/7.jpg,https://www.catalogueau.com/coles/#catalogue=coles/coles-catalogue-august-20-26-2025-vic-metro/,unit_price,unit_price,1,review
Coles,VIC METRO,"Coles Catalogue August 20 - 26, 2025 VIC METRO",2025-08-20,2025-08-27,7,Mirabella 14W GLS LED Light Globes 2 Pack,8.25,16.5,8.25,50.0,half_price,2 Pack,$4.13 per each,SAVES8.25 | WASS16.50 | Mirabella 14W GLS LED Light | Globes 2 Pack $4.13 per each,95.44,False,,https://caau.syd1.cdn.digitaloceanspaces.com/wp-content/uploads/catalogue/coles/coles-catalogue-august-20-26-2025-vic-metro/7.jpg,https://www.catalogueau.com/coles/#catalogue=coles/coles-catalogue-august-20-26-2025-vic-metro/,save_was_arithmetic,displayed_price;save_was_arithmetic;unit_price,3,verified
Coles,VIC METRO,"Coles Catalogue August 20 - 26, 2025 VIC METRO",2025-08-20,2025-08-27,7,Redheads Turbo Gas Match,7.0,14.0,7.0,50.0,half_price,,$7.00 per each,SAVE‘7 | WASSI4 | Redheads Turbo Gas Match | $7.00 per each. | 2nd week on sale,96.05,False,,https://caau.syd1.cdn.digitaloceanspaces.com/wp-content/uploads/catalogue/coles/coles-catalogue-august-20-26-2025-vic-metro/7.jpg,https://www.catalogueau.com/coles/#catalogue=coles/coles-catalogue-august-20-26-2025-vic-metro/,save_was_arithmetic,displayed_price;save_was_arithmetic;unit_price,3,verified
Coles,VIC METRO,"Coles Catalogue August 20 - 26, 2025 VIC METRO",2025-08-20,2025-08-27,7,Duracell Coppertop Batteries AA 16 Pack or AAA 14 Pack,13.75,27.5,13.75,50.0,half_price,16 Pack; 14 Pack,,SAVE*13.75 | WAS$2750 | Duracell Coppertop Batteries | AA 16 Pack or AAA 14 Pack | VIC-METRO-2008-25-456800,94.51,True,single_price_evidence,https://caau.syd1.cdn.digitaloceanspaces.com/wp-content/uploads/catalogue/coles/coles-catalogue-august-20-26-2025-vic-metro/7.jpg,https://www.catalogueau.com/coles/#catalogue=coles/coles-catalogue-august-20-26-2025-vic-metro/,save_was_arithmetic,save_was_arithmetic,1,review
Coles,VIC METRO,"Coles Catalogue August 20 - 26, 2025 VIC METRO",2025-08-20,2025-08-27,7,Elmer's Gue Strawberry Donut 1 Each,6.0,12.0,6.0,50.0,half_price,,,SAVE%6 | WASS12 | Elmer's Gue Strawberry Donut | 1 Each,94.44,False,,https://caau.syd1.cdn.digitaloceanspaces.com/wp-content/uploads/catalogue/coles/coles-catalogue-august-20-26-2025-vic-metro/7.jpg,https://www.catalogueau.com/coles/#catalogue=coles/coles-catalogue-august-20-26-2025-vic-metro/,save_was_arithmetic,displayed_price;save_was_arithmetic,2,verified
Coles,VIC METRO,"Coles Catalogue August 20 - 26, 2025 VIC METRO",2025-08-20,2025-08-27,7,Décor Microsafe Easy Heat Container 800mL,3.25,6.5,3.25,50.0,half_price,800mL,$3.25 per each,Décor Microsafe Easy Heat | Container 800mL | $3.25 per each,93.17,True,offer_labels_missing;regular_and_save_inferred_from_half_price;inferred_price_requires_review,https://caau.syd1.cdn.digitaloceanspaces.com/wp-content/uploads/catalogue/coles/coles-catalogue-august-20-26-2025-vic-metro/7.jpg,https://www.catalogueau.com/coles/#catalogue=coles/coles-catalogue-august-20-26-2025-vic-metro/,unit_price,grid_inference;unit_price,1,review
Coles,VIC METRO,"Coles Catalogue August 20 - 26, 2025 VIC METRO",2025-08-20,2025-08-27,7,Papermate Inkjoy 300rt Ballpoint Pens 4 Pack,950.5,1901.0,950.5,50.0,half_price,4 Pack,,Papermate Inkjoy 300rt | Ballpoint Pens 4 Pack,94.13,True,offer_labels_missing;regular_and_save_inferred_from_half_price;inferred_price_requires_review,https://caau.syd1.cdn.digitaloceanspaces.com/wp-content/uploads/catalogue/coles/coles-catalogue-august-20-26-2025-vic-metro/7.jpg,https://www.catalogueau.com/coles/#catalogue=coles/coles-catalogue-august-20-26-2025-vic-metro/,displayed_price,displayed_price;grid_inference,1,review
Coles,VIC METRO,"Coles Catalogue August 20 - 26, 2025 VIC METRO",2025-08-20,2025-08-27,8,L'Oréal Elvive Glycolic Gloss Shampoo 200mL or Conditioner 150mL,9.5,19.0,9.5,50.0,half_price,200mL; 150mL,,SAVES9.50 | WASS19 | L'Oréal Elvive Glycolic | Gloss Shampoo 200mL or | Conditioner 150mL,92.22,False,,https://caau.syd1.cdn.digitaloceanspaces.com/wp-content/uploads/catalogue/coles/coles-catalogue-august-20-26-2025-vic-metro/8.jpg,https://www.catalogueau.com/coles/#catalogue=coles/coles-catalogue-august-20-26-2025-vic-metro/,save_was_arithmetic,displayed_price;save_was_arithmetic,2,verified
Coles,VIC METRO,"Coles Catalogue August 20 - 26, 2025 VIC METRO",2025-08-20,2025-08-27,8,Garnier Olia Hair Colourant 1 Pack,11.0,22.0,11.0,50.0,half_price,1 Pack,$11.00 per each,SAVE S11 | WAS$22 | Garnier Olia Hair Colourant | 1 Pack $11.00 per each,94.12,False,,https://caau.syd1.cdn.digitaloceanspaces.com/wp-content/uploads/catalogue/coles/coles-catalogue-august-20-26-2025-vic-metro/8.jpg,https://www.catalogueau.com/coles/#catalogue=coles/coles-catalogue-august-20-26-2025-vic-metro/,save_was_arithmetic,displayed_price;save_was_arithmetic;unit_price,3,verified
Coles,VIC METRO,"Coles Catalogue August 20 - 26, 2025 VIC METRO",2025-08-20,2025-08-27,8,L'Oréal Elvive Treatment Extraordinary Oil 100mL,11.0,22.0,11.0,50.0,half_price,100mL,$11.00 per 100mL,SAVES11 | WAS$22 | L'Oréal Elvive Treatment | Extraordinary Oil 100mL | $11.00 per 100mL,93.91,False,,https://caau.syd1.cdn.digitaloceanspaces.com/wp-content/uploads/catalogue/coles/coles-catalogue-august-20-26-2025-vic-metro/8.jpg,https://www.catalogueau.com/coles/#catalogue=coles/coles-catalogue-august-20-26-2025-vic-metro/,save_was_arithmetic,displayed_price;save_was_arithmetic;unit_price,3,verified
Coles,VIC METRO,"Coles Catalogue August 20 - 26, 2025 VIC METRO",2025-08-20,2025-08-27,8,L'Oréal Excellence Colourant 1 Pack,13.5,27.0,13.5,50.0,half_price,1 Pack,$13.50 per each,SAVE 513.50 | WAS$27 | L'Oréal Excellence | Colourant 1 Pack | $13.50 per each,94.25,False,,https://caau.syd1.cdn.digitaloceanspaces.com/wp-content/uploads/catalogue/coles/coles-catalogue-august-20-26-2025-vic-metro/8.jpg,https://www.catalogueau.com/coles/#catalogue=coles/coles-catalogue-august-20-26-2025-vic-metro/,save_was_arithmetic,displayed_price;save_was_arithmetic;unit_price,3,verified
Coles,VIC METRO,"Coles Catalogue August 20 - 26, 2025 VIC METRO",2025-08-20,2025-08-27,8,Maybelline Age Rewind Concealer 6mL,11.5,23.0,11.5,50.0,half_price,6mL,,SAVE 11.50 | WAS$23 | Maybelline Age | Rewind Concealer | 6mL $19.17 per 10mL | ml,94.25,True,single_price_evidence,https://caau.syd1.cdn.digitaloceanspaces.com/wp-content/uploads/catalogue/coles/coles-catalogue-august-20-26-2025-vic-metro/8.jpg,https://www.catalogueau.com/coles/#catalogue=coles/coles-catalogue-august-20-26-2025-vic-metro/,save_was_arithmetic,save_was_arithmetic,1,review
Coles,VIC METRO,"Coles Catalogue August 20 - 26, 2025 VIC METRO",2025-08-20,2025-08-27,8,L'Oréal True Match Liquid Foundation 30mL,17.0,34.0,17.0,50.0,half_price,30mL,,SAVE 517 | WAS $34 | L'Oréal True Match | Liquid Foundation | 30mL $5.67 per 10mL | a,92.96,False,,https://caau.syd1.cdn.digitaloceanspaces.com/wp-content/uploads/catalogue/coles/coles-catalogue-august-20-26-2025-vic-metro/8.jpg,https://www.catalogueau.com/coles/#catalogue=coles/coles-catalogue-august-20-26-2025-vic-metro/,save_was_arithmetic,displayed_price;save_was_arithmetic,2,verified
Coles,VIC METRO,"Coles Catalogue August 20 - 26, 2025 VIC METRO",2025-08-20,2025-08-27,8,L'Oréal Men Pure Carbon Face Wash 100mL,6.0,12.0,6.0,50.0,half_price,100mL,$6.00 per 100mL,SAVES6 | WASS$12 | L'Oréal Men Pure | Carbon Face Wash | 100mL | $6.00 per 100mL,93.42,False,,https://caau.syd1.cdn.digitaloceanspaces.com/wp-content/uploads/catalogue/coles/coles-catalogue-august-20-26-2025-vic-metro/8.jpg,https://www.catalogueau.com/coles/#catalogue=coles/coles-catalogue-august-20-26-2025-vic-metro/,save_was_arithmetic,displayed_price;save_was_arithmetic;unit_price,3,verified
Coles,VIC METRO,"Coles Catalogue August 20 - 26, 2025 VIC METRO",2025-08-20,2025-08-27,8,Garnier Micellar Cleansing Water 400mL,8.5,17.0,8.5,50.0,half_price,400mL,$2.13 per 100mL,"SAVES8.50 | WASS17 | Garnier Micellar | Cleansing Water | 400mL | mi | $2.13 per 100mL | TExcludes Every Day, Down Down & clearance items",79.0,True,low_name_confidence_strict,https://caau.syd1.cdn.digitaloceanspaces.com/wp-content/uploads/catalogue/coles/coles-catalogue-august-20-26-2025-vic-metro/8.jpg,https://www.catalogueau.com/coles/#catalogue=coles/coles-catalogue-august-20-26-2025-vic-metro/,save_was_arithmetic,displayed_price;save_was_arithmetic;unit_price,3,review
Coles,VIC METRO,"Coles Catalogue August 20 - 26, 2025 VIC METRO",2025-08-20,2025-08-27,8,L'Oréal Revitalift Anti-Wrinkle Night Cream 50mL,20.0,40.0,20.0,50.0,half_price,50mL,$40.00 per 100mL,"SAVE‘20 | WAS$40 | L'Oréal Revitalift | Anti-Wrinkle Night | Cream 50mL | $40.00 per 100mL | TExcludes Every Day, Down Down & clearance items",92.42,False,,https://caau.syd1.cdn.digitaloceanspaces.com/wp-content/uploads/catalogue/coles/coles-catalogue-august-20-26-2025-vic-metro/8.jpg,https://www.catalogueau.com/coles/#catalogue=coles/coles-catalogue-august-20-26-2025-vic-metro/,save_was_arithmetic,displayed_price;save_was_arithmetic;unit_price,3,verified
Coles,VIC METRO,"Coles Catalogue August 20 - 26, 2025 VIC METRO",2025-08-20,2025-08-27,8,L'Oréal Revitalift Filler Plumping Serum 30mL,30.0,60.0,30.0,50.0,half_price,30mL,$100.00 per 100mL,SAVES30 | ‘WASS60 | L'Oréal Revitalift Filler | Plumping Serum 30mL | $100.00 per 100mL,92.51,False,,https://caau.syd1.cdn.digitaloceanspaces.com/wp-content/uploads/catalogue/coles/coles-catalogue-august-20-26-2025-vic-metro/8.jpg,https://www.catalogueau.com/coles/#catalogue=coles/coles-catalogue-august-20-26-2025-vic-metro/,save_was_arithmetic,displayed_price;save_was_arithmetic;unit_price,3,verified
Coles,VIC METRO,"Coles Catalogue August 20 - 26, 2025 VIC METRO",2025-08-20,2025-08-27,8,Maybelline SuperStay Vinyl Ink Lipstick 4.2mL,132.5,,,,special,4.2mL,,Maybelline SuperStay | Vinyl Ink Lipstick | 4.2mL $32.14 per 10mL,92.14,True,offer_labels_missing;save_amount_missing;regular_price_missing;single_price_evidence,https://caau.syd1.cdn.digitaloceanspaces.com/wp-content/uploads/catalogue/coles/coles-catalogue-august-20-26-2025-vic-metro/8.jpg,https://www.catalogueau.com/coles/#catalogue=coles/coles-catalogue-august-20-26-2025-vic-metro/,displayed_price,displayed_price,1,review
Coles,VIC METRO,"Coles Catalogue August 20 - 26, 2025 VIC METRO",2025-08-20,2025-08-27,9,People Shampoo or Conditioner 350mL,8.0,16.0,8.0,50.0,half_price,350mL,$2.29 per 100mL,SAVE*8. | WASS16 | People Shampoo or | Conditioner 350mL | $2.29 per 100mL,94.56,False,,https://caau.syd1.cdn.digitaloceanspaces.com/wp-content/uploads/catalogue/coles/coles-catalogue-august-20-26-2025-vic-metro/9.jpg,https://www.catalogueau.com/coles/#catalogue=coles/coles-catalogue-august-20-26-2025-vic-metro/,save_was_arithmetic,displayed_price;save_was_arithmetic;unit_price,3,verified
Coles,VIC METRO,"Coles Catalogue August 20 - 26, 2025 VIC METRO",2025-08-20,2025-08-27,9,Sunsilk Shampoo or Conditioner 700mL,6.75,13.5,6.75,50.0,half_price,700mL,$0.96 per 100mL,SAVES6.75 | WASS13.50 | Sunsilk Shampoo or | Conditioner 700mL | $0.96 per 100mL,94.77,False,,https://caau.syd1.cdn.digitaloceanspaces.com/wp-content/uploads/catalogue/coles/coles-catalogue-august-20-26-2025-vic-metro/9.jpg,https://www.catalogueau.com/coles/#catalogue=coles/coles-catalogue-august-20-26-2025-vic-metro/,save_was_arithmetic,displayed_price;save_was_arithmetic;unit_price,3,verified
Coles,VIC METRO,"Coles Catalogue August 20 - 26, 2025 VIC METRO",2025-08-20,2025-08-27,9,Swisse Ultiboost Odourless High Strength Wild Fish Oil Capsules 200 Pack*,24.75,49.5,24.75,50.0,half_price,200 Pack,$12.38 per 100 each,SAVE 524.75 | WASS49.50 | Swisse Ultiboost Odourless | High Strength Wild Fish Oil | Capsules 200 Pack* | $12.38 per 100 each. | 2nd week on sale,93.96,False,,https://caau.syd1.cdn.digitaloceanspaces.com/wp-content/uploads/catalogue/coles/coles-catalogue-august-20-26-2025-vic-metro/9.jpg,https://www.catalogueau.com/coles/#catalogue=coles/coles-catalogue-august-20-26-2025-vic-metro/,save_was_arithmetic,save_was_arithmetic;unit_price,2,verified
Coles,VIC METRO,"Coles Catalogue August 20 - 26, 2025 VIC METRO",2025-08-20,2025-08-27,9,Swisse Ultiboost Magnesium Tablets 200 Pack*,24.75,49.5,24.75,50.0,half_price,200 Pack,$12.38 per 100 each,SAVE°24.75 | WASS49.50 | Swisse Ultiboost Magnesium | Tablets 200 Pack* | $12.38 per 100 each | 2nd week on sale,92.93,False,,https://caau.syd1.cdn.digitaloceanspaces.com/wp-content/uploads/catalogue/coles/coles-catalogue-august-20-26-2025-vic-metro/9.jpg,https://www.catalogueau.com/coles/#catalogue=coles/coles-catalogue-august-20-26-2025-vic-metro/,save_was_arithmetic,save_was_arithmetic;unit_price,2,verified
Coles,VIC METRO,"Coles Catalogue August 20 - 26, 2025 VIC METRO",2025-08-20,2025-08-27,9,Swisse Ultiboost Iron Tablets 30 Pack*,7.5,115.0,107.5,93.48,save_amount,30 Pack,$25.00 per 100 each,SAVE57.50 | WASSI15 | Swisse Ultiboost Iron Tablets | 30 Pack* $25.00 per 100 each | 2nd week on sale,90.58,True,single_price_evidence,https://caau.syd1.cdn.digitaloceanspaces.com/wp-content/uploads/catalogue/coles/coles-catalogue-august-20-26-2025-vic-metro/9.jpg,https://www.catalogueau.com/coles/#catalogue=coles/coles-catalogue-august-20-26-2025-vic-metro/,unit_price,unit_price,1,review
Coles,VIC METRO,"Coles Catalogue August 20 - 26, 2025 VIC METRO",2025-08-20,2025-08-27,9,Oral B Pro Health Advanced Deep Clean or Whitening Toothpaste 110g,3.0,6.0,3.0,50.0,half_price,110g,$2.73 per 100g,SAVE53 | WASS6 | Oral B Pro Health Advanced | Deep Clean or Whitening | Toothpaste 110g | $2.73 per 100g,96.22,False,,https://caau.syd1.cdn.digitaloceanspaces.com/wp-content/uploads/catalogue/coles/coles-catalogue-august-20-26-2025-vic-metro/9.jpg,https://www.catalogueau.com/coles/#catalogue=coles/coles-catalogue-august-20-26-2025-vic-metro/,displayed_price,displayed_price;unit_price,2,verified
Coles,VIC METRO,"Coles Catalogue August 20 - 26, 2025 VIC METRO",2025-08-20,2025-08-27,9,Oral B iO2 Electric Toothbrush White or Black 1 Pack,80.0,160.0,80.0,50.0,half_price,1 Pack,$80.00 per each,SAVE‘80 | WASS160 | Oral B iO2 Electric Toothbrush | White or Black 1 Pack | $80.00 per each. | On sale for 2 weeks,93.74,False,,https://caau.syd1.cdn.digitaloceanspaces.com/wp-content/uploads/catalogue/coles/coles-catalogue-august-20-26-2025-vic-metro/9.jpg,https://www.catalogueau.com/coles/#catalogue=coles/coles-catalogue-august-20-26-2025-vic-metro/,save_was_arithmetic,displayed_price;save_was_arithmetic;unit_price,3,verified
Coles,VIC METRO,"Coles Catalogue August 20 - 26, 2025 VIC METRO",2025-08-20,2025-08-27,9,Voost Effervescent Tablets 20 Pack*,5.5,11.0,5.5,50.0,half_price,20 Pack,$27.50 per 100 each,SAVES5.50 | WASS11 | Voost Effervescent Tablets | 20 Pack* $27.50 per 100 each: | 2nd week on sale,92.63,False,,https://caau.syd1.cdn.digitaloceanspaces.com/wp-content/uploads/catalogue/coles/coles-catalogue-august-20-26-2025-vic-metro/9.jpg,https://www.catalogueau.com/coles/#catalogue=coles/coles-catalogue-august-20-26-2025-vic-metro/,save_was_arithmetic,save_was_arithmetic;unit_price,2,verified
Coles,VIC METRO,"Coles Catalogue August 20 - 26, 2025 VIC METRO",2025-08-20,2025-08-27,9,Ogx Bond Protein Shampoo or Conditioner 385mL,12.51,25.02,12.51,50.0,half_price,385mL,$3.25 per 100mL,Ogx Bond Protein Shampoo | or Conditioner 385mL | $3.25 per 100mL,94.0,True,offer_labels_missing;regular_and_save_inferred_from_half_price;inferred_price_requires_review,https://caau.syd1.cdn.digitaloceanspaces.com/wp-content/uploads/catalogue/coles/coles-catalogue-august-20-26-2025-vic-metro/9.jpg,https://www.catalogueau.com/coles/#catalogue=coles/coles-catalogue-august-20-26-2025-vic-metro/,unit_price,grid_inference;unit_price,1,review
Coles,VIC METRO,"Coles Catalogue August 20 - 26, 2025 VIC METRO",2025-08-20,2025-08-27,10,Comfort Fabric Conditioner 800mL,4.5,9.0,4.5,50.0,half_price,800mL,$5.63 per litre,SAVE%4.50 | Comfort Fabric Conditioner | 800mL $5.63 per litre,95.22,True,single_price_evidence,https://caau.syd1.cdn.digitaloceanspaces.com/wp-content/uploads/catalogue/coles/coles-catalogue-august-20-26-2025-vic-metro/10.jpg,https://www.catalogueau.com/coles/#catalogue=coles/coles-catalogue-august-20-26-2025-vic-metro/,unit_price,unit_price,1,review
Coles,VIC METRO,"Coles Catalogue August 20 - 26, 2025 VIC METRO",2025-08-20,2025-08-27,10,Radiant Laundry Liquid 2 Litre or Powder 2kg,10.0,20.0,10.0,50.0,half_price,2 Litre; 2kg,,SAVES10 | WAS$20 | Radiant Laundry Liquid | 2 Litre or Powder 2kg | ae,95.43,False,,https://caau.syd1.cdn.digitaloceanspaces.com/wp-content/uploads/catalogue/coles/coles-catalogue-august-20-26-2025-vic-metro/10.jpg,https://www.catalogueau.com/coles/#catalogue=coles/coles-catalogue-august-20-26-2025-vic-metro/,save_was_arithmetic,displayed_price;save_was_arithmetic,2,verified
Coles,VIC METRO,"Coles Catalogue August 20 - 26, 2025 VIC METRO",2025-08-20,2025-08-27,10,Downy Light Laundry Scent Booster Beads 379g,1.5,17.0,15.5,91.18,save_amount,379g,,SAVE 515.50 | Downy Light Laundry Scent | Booster Beads 379g $40.90 | per kg. On sale for 2 weeks,96.53,True,single_price_evidence,https://caau.syd1.cdn.digitaloceanspaces.com/wp-content/uploads/catalogue/coles/coles-catalogue-august-20-26-2025-vic-metro/10.jpg,https://www.catalogueau.com/coles/#catalogue=coles/coles-catalogue-august-20-26-2025-vic-metro/,displayed_price,displayed_price,1,review
Coles,VIC METRO,"Coles Catalogue August 20 - 26, 2025 VIC METRO",2025-08-20,2025-08-27,10,Domestos Disinfectant Bleach 1.25 Litre,3.3,6.6,3.3,50.0,half_price,1.25 Litre,$0.26 per 100mL,SAVES3.30 | WASS$6.60 | Domestos Disinfectant | Bleach 1.25 Litre | $0.26 per 100mL,95.6,True,single_price_evidence,https://caau.syd1.cdn.digitaloceanspaces.com/wp-content/uploads/catalogue/coles/coles-catalogue-august-20-26-2025-vic-metro/10.jpg,https://www.catalogueau.com/coles/#catalogue=coles/coles-catalogue-august-20-26-2025-vic-metro/,save_was_arithmetic,save_was_arithmetic,1,review
Coles,VIC METRO,"Coles Catalogue August 20 - 26, 2025 VIC METRO",2025-08-20,2025-08-27,10,Fluffy Concentrated Fabric Conditioner 2 Litre,8.0,16.0,8.0,50.0,half_price,2 Litre,$4.00 per litre,WASS16 | WASS16 | Fluffy Concentrated Fabric | Conditioner 2 Litre | $4.00 per litre,96.56,False,,https://caau.syd1.cdn.digitaloceanspaces.com/wp-content/uploads/catalogue/coles/coles-catalogue-august-20-26-2025-vic-metro/10.jpg,https://www.catalogueau.com/coles/#catalogue=coles/coles-catalogue-august-20-26-2025-vic-metro/,displayed_price,displayed_price;page_discount;unit_price,2,verified
Coles,VIC METRO,"Coles Catalogue August 20 - 26, 2025 VIC METRO",2025-08-20,2025-08-27,10,Vanish Napisan Oxi Action Gold Pro Stain Remover 2kg,18.0,36.0,18.0,50.0,half_price,2kg,,SAVE°18 | ‘WAS$36 | Vanish Napisan Oxi Action | Gold Pro Stain Remover 2kg | 9.00 per kg | *See page 14 for T&Cs,94.6,False,,https://caau.syd1.cdn.digitaloceanspaces.com/wp-content/uploads/catalogue/coles/coles-catalogue-august-20-26-2025-vic-metro/10.jpg,https://www.catalogueau.com/coles/#catalogue=coles/coles-catalogue-august-20-26-2025-vic-metro/,save_was_arithmetic,displayed_price;save_was_arithmetic,2,verified
Coles,VIC METRO,"Coles Catalogue August 20 - 26, 2025 VIC METRO",2025-08-20,2025-08-27,10,Morning Fresh Dishwashing Liquid 400mL,3.0,6.0,3.0,50.0,half_price,400mL,$0.75 per 100mL,SAVES3 | WASS6 | Morning Fresh Dishwashing | Liquid 400mL $0.75 per 100mL,94.13,False,,https://caau.syd1.cdn.digitaloceanspaces.com/wp-content/uploads/catalogue/coles/coles-catalogue-august-20-26-2025-vic-metro/10.jpg,https://www.catalogueau.com/coles/#catalogue=coles/coles-catalogue-august-20-26-2025-vic-metro/,save_was_arithmetic,displayed_price;save_was_arithmetic;unit_price,3,verified
Coles,VIC METRO,"Coles Catalogue August 20 - 26, 2025 VIC METRO",2025-08-20,2025-08-27,10,Finish Ultimate Dishwashing Tablets 62 Pack,30.0,60.0,30.0,50.0,half_price,62 Pack,$0.48 per each,SAVES30 | WASS$60 | Finish Ultimate Dishwashing | Tablets 62 Pack | $0.48 per each,96.46,False,,https://caau.syd1.cdn.digitaloceanspaces.com/wp-content/uploads/catalogue/coles/coles-catalogue-august-20-26-2025-vic-metro/10.jpg,https://www.catalogueau.com/coles/#catalogue=coles/coles-catalogue-august-20-26-2025-vic-metro/,save_was_arithmetic,displayed_price;save_was_arithmetic,2,verified
Coles,VIC METRO,"Coles Catalogue August 20 - 26, 2025 VIC METRO",2025-08-20,2025-08-27,11,Harpic Fresh Power Liquid 700mL or Fresh Power In The Bowl Toilet Cleaner 39g,3.5,7.0,3.5,50.0,half_price,700mL; 39g,,SAVE 53.50 | WAS$7 | Harpic Fresh Power Liquid | 700mL or Fresh Power In The | Bowl Toilet Cleaner 39g,94.56,False,,https://caau.syd1.cdn.digitaloceanspaces.com/wp-content/uploads/catalogue/coles/coles-catalogue-august-20-26-2025-vic-metro/11.jpg,https://www.catalogueau.com/coles/#catalogue=coles/coles-catalogue-august-20-26-2025-vic-metro/,save_was_arithmetic,displayed_price;save_was_arithmetic,2,verified
Coles,VIC METRO,"Coles Catalogue August 20 - 26, 2025 VIC METRO",2025-08-20,2025-08-27,11,Harpic Hygienic & Fresh Sticker Adhesive Toilet Block 2 Pack,3.5,7.0,3.5,50.0,half_price,2 Pack,$1.75 per each,SAVE*3.50 | WASS7 | Harpic Hygienic & Fresh | Sticker Adhesive Toilet Block | 2 Pack $1.75 per each | ae,79.0,True,low_name_confidence_strict,https://caau.syd1.cdn.digitaloceanspaces.com/wp-content/uploads/catalogue/coles/coles-catalogue-august-20-26-2025-vic-metro/11.jpg,https://www.catalogueau.com/coles/#catalogue=coles/coles-catalogue-august-20-26-2025-vic-metro/,save_was_arithmetic,save_was_arithmetic;unit_price,2,review
Coles,VIC METRO,"Coles Catalogue August 20 - 26, 2025 VIC METRO",2025-08-20,2025-08-27,11,Easy Off Bam Bathroom Cleaning Spray 750mL,4.25,8.5,4.25,50.0,half_price,750mL,$0.57 per 100mL,SAVE%4.25 | WASS8.50 | Easy Off Bam Bathroom | Cleaning Spray 750mL | $0.57 per 100mL,94.86,False,,https://caau.syd1.cdn.digitaloceanspaces.com/wp-content/uploads/catalogue/coles/coles-catalogue-august-20-26-2025-vic-metro/11.jpg,https://www.catalogueau.com/coles/#catalogue=coles/coles-catalogue-august-20-26-2025-vic-metro/,save_was_arithmetic,save_was_arithmetic;unit_price,2,verified
Coles,VIC METRO,"Coles Catalogue August 20 - 26, 2025 VIC METRO",2025-08-20,2025-08-27,11,Botanica by Air Wick Reed Diffuser 80mL,10.0,20.0,10.0,50.0,half_price,80mL,,SAVES10 | WAS$20 | Botanica by Air Wick Reed | Diffuser 80mL $1.25 per 10mL,92.88,False,,https://caau.syd1.cdn.digitaloceanspaces.com/wp-content/uploads/catalogue/coles/coles-catalogue-august-20-26-2025-vic-metro/11.jpg,https://www.catalogueau.com/coles/#catalogue=coles/coles-catalogue-august-20-26-2025-vic-metro/,save_was_arithmetic,displayed_price;save_was_arithmetic,2,verified
Coles,VIC METRO,"Coles Catalogue August 20 - 26, 2025 VIC METRO",2025-08-20,2025-08-27,11,Earth Choice Cove Surface Cleaner 475mL,5.0,10.0,5.0,50.0,half_price,475mL,$1.05 per 100mL,Earth Choice Cove | Surface Cleaner 475mL | $1.05 per 100mL,95.18,False,,https://caau.syd1.cdn.digitaloceanspaces.com/wp-content/uploads/catalogue/coles/coles-catalogue-august-20-26-2025-vic-metro/11.jpg,https://www.catalogueau.com/coles/#catalogue=coles/coles-catalogue-august-20-26-2025-vic-metro/,displayed_price,displayed_price;unit_price,2,verified
Coles,VIC METRO,"Coles Catalogue August 20 - 26, 2025 VIC METRO",2025-08-20,2025-08-27,11,Glen 20 Disinfectant Spray 300g,4.75,9.5,4.75,50.0,half_price,300g,$1.58 per 100g,SAVES4.75 | WASS9.50 | Glen 20 Disinfectant Spray | 300g $1.58 per 100g,96.42,False,,https://caau.syd1.cdn.digitaloceanspaces.com/wp-content/uploads/catalogue/coles/coles-catalogue-august-20-26-2025-vic-metro/11.jpg,https://www.catalogueau.com/coles/#catalogue=coles/coles-catalogue-august-20-26-2025-vic-metro/,save_was_arithmetic,save_was_arithmetic;unit_price,2,verified
Coles,VIC METRO,"Coles Catalogue August 20 - 26, 2025 VIC METRO",2025-08-20,2025-08-27,11,Pine O Cleen Disinfectant Wipes 110 Pack,6.0,12.0,6.0,50.0,half_price,110 Pack,$0.05 per each,WASS$12 | WASS$12 | Pine O Cleen Disinfectant | Wipes 110 Pack | $0.05 per each,95.77,True,inferred_price_requires_review,https://caau.syd1.cdn.digitaloceanspaces.com/wp-content/uploads/catalogue/coles/coles-catalogue-august-20-26-2025-vic-metro/11.jpg,https://www.catalogueau.com/coles/#catalogue=coles/coles-catalogue-august-20-26-2025-vic-metro/,displayed_price,displayed_price;page_discount,1,review
Coles,VIC METRO,"Coles Catalogue August 20 - 26, 2025 VIC METRO",2025-08-20,2025-08-27,11,Botanica by Air Wick Non-Aerosol Room Spray 236mL,4.5,,,,special,236mL,$1.91 per 100mL,Botanica by Air Wick | Non-Aerosol Room Spray | 236mL $1.91 per 100mL,94.49,True,single_price_evidence,https://caau.syd1.cdn.digitaloceanspaces.com/wp-content/uploads/catalogue/coles/coles-catalogue-august-20-26-2025-vic-metro/11.jpg,https://www.catalogueau.com/coles/#catalogue=coles/coles-catalogue-august-20-26-2025-vic-metro/,unit_price,unit_price,1,review
Coles,VIC METRO,"Coles Catalogue August 20 - 26, 2025 VIC METRO",2025-08-20,2025-08-27,12,Handee Ultra Paper Towel 4 Pack,3.0,6.0,3.0,50.0,half_price,4 Pack,$1.67 per 100,WASS6 | WASS6 | Handee Ultra Paper Towel 4 Pack | $1.67 per 100 sheets | a,94.68,True,inferred_price_requires_review,https://caau.syd1.cdn.digitaloceanspaces.com/wp-content/uploads/catalogue/coles/coles-catalogue-august-20-26-2025-vic-metro/12.jpg,https://www.catalogueau.com/coles/#catalogue=coles/coles-catalogue-august-20-26-2025-vic-metro/,page_discount_inference,page_discount,0,review
Coles,VIC METRO,"Coles Catalogue August 20 - 26, 2025 VIC METRO",2025-08-20,2025-08-27,12,Pine O Cleen 3X!,3.5,7.0,3.5,50.0,half_price,,,WASS7 | WASS7 | Pine O Cleen | 3X! | Multipurpose | | | Trigger 750mL | »,76.39,True,low_name_confidence_strict;inferred_price_requires_review,https://caau.syd1.cdn.digitaloceanspaces.com/wp-content/uploads/catalogue/coles/coles-catalogue-august-20-26-2025-vic-metro/12.jpg,https://www.catalogueau.com/coles/#catalogue=coles/coles-catalogue-august-20-26-2025-vic-metro/,displayed_price,displayed_price;page_discount,1,review
Coles,VIC METRO,"Coles Catalogue August 20 - 26, 2025 VIC METRO",2025-08-20,2025-08-27,12,Pine O Cleen Disinfectant Wipes 110 Pack,6.0,12.0,6.0,50.0,half_price,110 Pack,$0.05 per each,WASS12 | WASS12 | Pine O Cleen Disinfectant Wipes | 110 Pack $0.05 per each | Always read the label and follow the directions for use.,95.35,True,inferred_price_requires_review,https://caau.syd1.cdn.digitaloceanspaces.com/wp-content/uploads/catalogue/coles/coles-catalogue-august-20-26-2025-vic-metro/12.jpg,https://www.catalogueau.com/coles/#catalogue=coles/coles-catalogue-august-20-26-2025-vic-metro/,displayed_price,displayed_price;page_discount,1,review
Coles,VIC METRO,"Coles Catalogue August 20 - 26, 2025 VIC METRO",2025-08-20,2025-08-27,12,Glen 20 Gold Disinfectant Spray 300g,4.75,9.5,4.75,50.0,half_price,300g,$1.58 per 100g,WASS9.50 | WASS9.50 | Glen 20 Gold Disinfectant | Spray 300g $1.58 per 100g | TRUSTED DISINFECTION,96.53,True,inferred_price_requires_review,https://caau.syd1.cdn.digitaloceanspaces.com/wp-content/uploads/catalogue/coles/coles-catalogue-august-20-26-2025-vic-metro/12.jpg,https://www.catalogueau.com/coles/#catalogue=coles/coles-catalogue-august-20-26-2025-vic-metro/,unit_price,page_discount;unit_price,1,review
Coles,VIC METRO,"Coles Catalogue August 20 - 26, 2025 VIC METRO",2025-08-20,2025-08-27,12,ADVERTISER PR,750.0,,,,special,,,ADVERTISER PR,96.57,True,offer_labels_missing;save_amount_missing;regular_price_missing;inferred_price_requires_review,https://caau.syd1.cdn.digitaloceanspaces.com/wp-content/uploads/catalogue/coles/coles-catalogue-august-20-26-2025-vic-metro/12.jpg,https://www.catalogueau.com/coles/#catalogue=coles/coles-catalogue-august-20-26-2025-vic-metro/,displayed_price,displayed_price;grid_inference,1,review
Coles,VIC METRO,"Coles Catalogue August 20 - 26, 2025 VIC METRO",2025-08-20,2025-08-27,12,Pine O Cleen Pomegranate Floor Cleaner 1.5 Litre,7.0,,,,special,1.5 Litre,$0.47 per 100mL,Pine O Cleen Pomegranate | Floor Cleaner 1.5 Litre | $0.47 per 100mL,95.18,True,offer_labels_missing;save_amount_missing;regular_price_missing;single_price_evidence,https://caau.syd1.cdn.digitaloceanspaces.com/wp-content/uploads/catalogue/coles/coles-catalogue-august-20-26-2025-vic-metro/12.jpg,https://www.catalogueau.com/coles/#catalogue=coles/coles-catalogue-august-20-26-2025-vic-metro/,displayed_price,displayed_price,1,review
Coles,VIC METRO,"Coles Catalogue August 20 - 26, 2025 VIC METRO",2025-08-20,2025-08-27,12,Coles Multi-Purpose Disposable Gloves 100 Pack,8.0,,,,special,100 Pack,$0.08 per each,Coles Multi-Purpose Disposable | Gloves 100 Pack | $0.08 per each,95.96,True,offer_labels_missing;save_amount_missing;regular_price_missing;single_price_evidence,https://caau.syd1.cdn.digitaloceanspaces.com/wp-content/uploads/catalogue/coles/coles-catalogue-august-20-26-2025-vic-metro/12.jpg,https://www.catalogueau.com/coles/#catalogue=coles/coles-catalogue-august-20-26-2025-vic-metro/,displayed_price,displayed_price,1,review
Coles,VIC METRO,"Coles Catalogue August 20 - 26, 2025 VIC METRO",2025-08-20,2025-08-27,12,Biozet Attack Laundry Liquid 4 Litre,36.0,,,,special,4 Litre,$9.00 per litre,Biozet Attack Laundry Liquid | 4 Litre $9.00 per litre | While stocks last. No rainchecks,95.61,False,,https://caau.syd1.cdn.digitaloceanspaces.com/wp-content/uploads/catalogue/coles/coles-catalogue-august-20-26-2025-vic-metro/12.jpg,https://www.catalogueau.com/coles/#catalogue=coles/coles-catalogue-august-20-26-2025-vic-metro/,displayed_price,displayed_price;unit_price,2,verified
Coles,VIC METRO,"Coles Catalogue August 20 - 26, 2025 VIC METRO",2025-08-20,2025-08-27,13,Coles Ultra Antibacterial Multipurpose Biodegradable Wipes 100 Pack,4.45,,,,special,100 Pack,$0.04 per each,"Coles Ultra Antibacterial | Multipurpose Biodegradable | Wipes 100 Pack $0.04 per each | ""lop | articipate. Entries drawn 23/9/25. | 5,000 Flybuys Points. Fourth Prize",96.24,True,offer_labels_missing;save_amount_missing;regular_price_missing;single_price_evidence,https://caau.syd1.cdn.digitaloceanspaces.com/wp-content/uploads/catalogue/coles/coles-catalogue-august-20-26-2025-vic-metro/13.jpg,https://www.catalogueau.com/coles/#catalogue=coles/coles-catalogue-august-20-26-2025-vic-metro/,displayed_price,displayed_price,1,review
Coles,VIC METRO,"Coles Catalogue August 20 - 26, 2025 VIC METRO",2025-08-20,2025-08-27,13,Coles Ultra Advanced Dishwasher Tablets 40 Pack,6.0,,,,special,40 Pack,$0.15 per each,Coles Ultra Advanced | Dishwasher Tablets 40 Pack | $0.15 per each | **Competition dates 20/08/25 to 16/9/25. Entrants must be an AU res 18+ and a registered Flybuys member to participate. Entries drawn 23/9/25. | i,96.05,True,offer_labels_missing;save_amount_missing;regular_price_missing;single_price_evidence,https://caau.syd1.cdn.digitaloceanspaces.com/wp-content/uploads/catalogue/coles/coles-catalogue-august-20-26-2025-vic-metro/13.jpg,https://www.catalogueau.com/coles/#catalogue=coles/coles-catalogue-august-20-26-2025-vic-metro/,displayed_price,displayed_price,1,review
Coles,VIC METRO,"Coles Catalogue August 20 - 26, 2025 VIC METRO",2025-08-20,2025-08-27,13,Coles Ultra Stain Remover 750mL,2.1,,,,special,750mL,$2.80 per litre,"Coles Ultra Stain Remover | 750mL $2.80 per litre | First Prize | 3 | 1,000,000 Flybu | 200",95.51,False,,https://caau.syd1.cdn.digitaloceanspaces.com/wp-content/uploads/catalogue/coles/coles-catalogue-august-20-26-2025-vic-metro/13.jpg,https://www.catalogueau.com/coles/#catalogue=coles/coles-catalogue-august-20-26-2025-vic-metro/,displayed_price,displayed_price;unit_price,2,verified
Coles,VIC METRO,"Coles Catalogue August 20 - 26, 2025 VIC METRO",2025-08-20,2025-08-27,15,Danone YoPro Protein Yoghurt 160g,2.4,3.0,0.6,20.0,save_amount,160g,$1.50 per 100g,SAVE 60‘ | WASS3 | Danone YoPro Protein Yoghurt 160g | $1.50 per 100g | OASOHD AUBAR « ReAds « PROHOTIEE,94.11,False,,https://caau.syd1.cdn.digitaloceanspaces.com/wp-content/uploads/catalogue/coles/coles-catalogue-august-20-26-2025-vic-metro/15.jpg,https://www.catalogueau.com/coles/#catalogue=coles/coles-catalogue-august-20-26-2025-vic-metro/,displayed_price,displayed_price;unit_price,2,verified
Coles,VIC METRO,"Coles Catalogue August 20 - 26, 2025 VIC METRO",2025-08-20,2025-08-27,15,Harvest Snaps Pea Crisps 120g or Scoopers 90g,2.5,5.0,2.5,50.0,half_price,120g; 90g,,SAVE52.50 | WASS5 | Harvest Snaps Pea Crisps 120g | or Scoopers 90g | = | =,95.03,True,single_price_evidence,https://caau.syd1.cdn.digitaloceanspaces.com/wp-content/uploads/catalogue/coles/coles-catalogue-august-20-26-2025-vic-metro/15.jpg,https://www.catalogueau.com/coles/#catalogue=coles/coles-catalogue-august-20-26-2025-vic-metro/,displayed_price,displayed_price,1,review
Coles,VIC METRO,"Coles Catalogue August 20 - 26, 2025 VIC METRO",2025-08-20,2025-08-27,15,Danone YoPro Perform Protein Yoghurt Pouch 175g,2.95,3.7,0.75,20.27,save_amount,175g,$1.69 per 100g,SAVE 75° | ‘WAS$3.70 | Danone YoPro Perform Protein | Yoghurt Pouch 175g | $1.69 per 100g,94.92,False,,https://caau.syd1.cdn.digitaloceanspaces.com/wp-content/uploads/catalogue/coles/coles-catalogue-august-20-26-2025-vic-metro/15.jpg,https://www.catalogueau.com/coles/#catalogue=coles/coles-catalogue-august-20-26-2025-vic-metro/,displayed_price,displayed_price;unit_price,2,verified
Coles,VIC METRO,"Coles Catalogue August 20 - 26, 2025 VIC METRO",2025-08-20,2025-08-27,15,Dare Flavoured Milk 500mL,3.4,4.25,0.85,20.0,save_amount,500mL,$6.80 per litre,SAVE 85° | WASS4.25 | Dare Flavoured Milk 500mL | $6.80 per litre,92.84,False,,https://caau.syd1.cdn.digitaloceanspaces.com/wp-content/uploads/catalogue/coles/coles-catalogue-august-20-26-2025-vic-metro/15.jpg,https://www.catalogueau.com/coles/#catalogue=coles/coles-catalogue-august-20-26-2025-vic-metro/,displayed_price,displayed_price;unit_price,2,verified
Coles,VIC METRO,"Coles Catalogue August 20 - 26, 2025 VIC METRO",2025-08-20,2025-08-27,15,Primo Rindless Short Cut Bacon Tkg,12.0,22.0,10.0,45.45,save_amount,,$12.00 per kg,SAVE*10 | WASS$22 | Primo Rindless Short Cut Bacon | Tkg $12.00 per kg | VIC-METRO-2008-25-456800,79.0,True,low_name_confidence_strict,https://caau.syd1.cdn.digitaloceanspaces.com/wp-content/uploads/catalogue/coles/coles-catalogue-august-20-26-2025-vic-metro/15.jpg,https://www.catalogueau.com/coles/#catalogue=coles/coles-catalogue-august-20-26-2025-vic-metro/,save_was_arithmetic,displayed_price;save_was_arithmetic,2,review
Coles,VIC METRO,"Coles Catalogue August 20 - 26, 2025 VIC METRO",2025-08-20,2025-08-27,15,Fanta or Sprite Soft Drink 12x300mL,12.0,20.0,8.0,40.0,save_amount,12x300mL,$3.33 per litre,SAVES8 | WAS$20 | Fanta or Sprite Soft Drink | 12x300mL $3.33 per litre,95.62,False,,https://caau.syd1.cdn.digitaloceanspaces.com/wp-content/uploads/catalogue/coles/coles-catalogue-august-20-26-2025-vic-metro/15.jpg,https://www.catalogueau.com/coles/#catalogue=coles/coles-catalogue-august-20-26-2025-vic-metro/,save_was_arithmetic,displayed_price;save_was_arithmetic;unit_price,3,verified
Coles,VIC METRO,"Coles Catalogue August 20 - 26, 2025 VIC METRO",2025-08-20,2025-08-27,15,Moccona Freeze Dried Instant or Flavoured Infused Coffee 95g-100g Excludes Decaf,10.0,14.5,4.5,31.03,save_amount,95g; 100g,,Moccona Freeze Dried Instant | or Flavoured Infused Coffee | 95g-100g Excludes Decaf | *See page 14 forT&Cs | 15,95.54,True,offer_labels_missing;product_name_suspicious;single_price_evidence,https://caau.syd1.cdn.digitaloceanspaces.com/wp-content/uploads/catalogue/coles/coles-catalogue-august-20-26-2025-vic-metro/15.jpg,https://www.catalogueau.com/coles/#catalogue=coles/coles-catalogue-august-20-26-2025-vic-metro/,displayed_price,displayed_price,1,review
Coles,VIC METRO,"Coles Catalogue August 20 - 26, 2025 VIC METRO",2025-08-20,2025-08-27,16,"Desktop Basketball, Soccer or Golf Mug",8.0,,,,special,,$8.00 per each,"Desktop Basketball, Soccer | or Golf Mug $8.00 per each",96.73,False,,https://caau.syd1.cdn.digitaloceanspaces.com/wp-content/uploads/catalogue/coles/coles-catalogue-august-20-26-2025-vic-metro/16.jpg,https://www.catalogueau.com/coles/#catalogue=coles/coles-catalogue-august-20-26-2025-vic-metro/,displayed_price,displayed_price;unit_price,2,verified
Coles,VIC METRO,"Coles Catalogue August 20 - 26, 2025 VIC METRO",2025-08-20,2025-08-27,16,Men's Cotton Crew Sport Socks in Gift Box 3 Pack,9.0,,,,special,3 Pack,,Men's Cotton Crew | Sport Socks in Gift Box | 3 Pack,96.12,True,offer_labels_missing;save_amount_missing;regular_price_missing;single_price_evidence,https://caau.syd1.cdn.digitaloceanspaces.com/wp-content/uploads/catalogue/coles/coles-catalogue-august-20-26-2025-vic-metro/16.jpg,https://www.catalogueau.com/coles/#catalogue=coles/coles-catalogue-august-20-26-2025-vic-metro/,displayed_price,displayed_price,1,review
Coles,VIC METRO,"Coles Catalogue August 20 - 26, 2025 VIC METRO",2025-08-20,2025-08-27,16,Men's Soff Slipper or Men's Toiletry Bag,8.0,,,,special,,,Men's Soff Slipper or | Men's Toiletry Bag | While stocks last. No rainchecks,93.53,True,offer_labels_missing;save_amount_missing;regular_price_missing;single_price_evidence,https://caau.syd1.cdn.digitaloceanspaces.com/wp-content/uploads/catalogue/coles/coles-catalogue-august-20-26-2025-vic-metro/16.jpg,https://www.catalogueau.com/coles/#catalogue=coles/coles-catalogue-august-20-26-2025-vic-metro/,displayed_price,displayed_price,1,review
Coles,VIC METRO,"Coles Catalogue August 20 - 26, 2025 VIC METRO",2025-08-20,2025-08-27,16,Hallmark,6.0,,,,special,,,Hallmark $6.00 Father's | Day Card Range may | vary by store | vena | N,96.58,True,offer_labels_missing;save_amount_missing;regular_price_missing;single_price_evidence,https://caau.syd1.cdn.digitaloceanspaces.com/wp-content/uploads/catalogue/coles/coles-catalogue-august-20-26-2025-vic-metro/16.jpg,https://www.catalogueau.com/coles/#catalogue=coles/coles-catalogue-august-20-26-2025-vic-metro/,displayed_price,displayed_price,1,review
Coles,VIC METRO,"Coles Catalogue August 20 - 26, 2025 VIC METRO",2025-08-20,2025-08-27,16,Nutribullet,89.0,,,,special,,,Nutribullet,79.0,True,offer_labels_missing;save_amount_missing;regular_price_missing;low_name_confidence_strict;single_price_evidence,https://caau.syd1.cdn.digitaloceanspaces.com/wp-content/uploads/catalogue/coles/coles-catalogue-august-20-26-2025-vic-metro/16.jpg,https://www.catalogueau.com/coles/#catalogue=coles/coles-catalogue-august-20-26-2025-vic-metro/,displayed_price,displayed_price,1,review
Coles,VIC METRO,"Coles Catalogue August 20 - 26, 2025 VIC METRO",2025-08-20,2025-08-27,17,Tip Top English Muffins 6 Pack 360g-400g,3.1,6.2,3.1,50.0,half_price,6 Pack; 360g; 400g,,SAVE*3.10 | WASS6.20 | Tip Top English Muffins 6 Pack | 360g-400g | a,93.71,False,,https://caau.syd1.cdn.digitaloceanspaces.com/wp-content/uploads/catalogue/coles/coles-catalogue-august-20-26-2025-vic-metro/17.jpg,https://www.catalogueau.com/coles/#catalogue=coles/coles-catalogue-august-20-26-2025-vic-metro/,save_was_arithmetic,displayed_price;save_was_arithmetic,2,verified
Coles,VIC METRO,"Coles Catalogue August 20 - 26, 2025 VIC METRO",2025-08-20,2025-08-27,17,Simson's Pantry Premium Wraps 8 Pack-12 Pack 336g-528g,3.0,5.0,2.0,40.0,save_amount,8 Pack; 12 Pack; 336g; 528g,,SAVES2 | WASS5 | Simson's Pantry Premium Wraps | 8 Pack-12 Pack 336g-528g | st,92.83,True,single_price_evidence,https://caau.syd1.cdn.digitaloceanspaces.com/wp-content/uploads/catalogue/coles/coles-catalogue-august-20-26-2025-vic-metro/17.jpg,https://www.catalogueau.com/coles/#catalogue=coles/coles-catalogue-august-20-26-2025-vic-metro/,save_was_arithmetic,save_was_arithmetic,1,review
Coles,VIC METRO,"Coles Catalogue August 20 - 26, 2025 VIC METRO",2025-08-20,2025-08-27,17,Coles Bakery Cinnamon Donuts 6 Pack,2.5,2.8,0.3,10.71,save_amount,6 Pack,$0.42 per each,SAVE30¢ | WASS2.80 | Coles Bakery Cinnamon Donuts | 6 Pack $0.42 per each. | Selected stores only | —_— | elder,96.41,True,single_price_evidence,https://caau.syd1.cdn.digitaloceanspaces.com/wp-content/uploads/catalogue/coles/coles-catalogue-august-20-26-2025-vic-metro/17.jpg,https://www.catalogueau.com/coles/#catalogue=coles/coles-catalogue-august-20-26-2025-vic-metro/,unit_price,unit_price,1,review
Coles,VIC METRO,"Coles Catalogue August 20 - 26, 2025 VIC METRO",2025-08-20,2025-08-27,17,Coles Bakery Tear & Share,4.0,5.0,1.0,20.0,save_amount,,$4.00 per each,SAVES1 | WASS5 | Coles Bakery Tear & Share | $4.00 per each. | Selected stores only | CAKE,95.66,False,,https://caau.syd1.cdn.digitaloceanspaces.com/wp-content/uploads/catalogue/coles/coles-catalogue-august-20-26-2025-vic-metro/17.jpg,https://www.catalogueau.com/coles/#catalogue=coles/coles-catalogue-august-20-26-2025-vic-metro/,save_was_arithmetic,displayed_price;save_was_arithmetic;unit_price,3,verified
Coles,VIC METRO,"Coles Catalogue August 20 - 26, 2025 VIC METRO",2025-08-20,2025-08-27,17,Coles Bakery Stone Baked by Laurent Pane di Casa,4.5,5.0,0.5,10.0,save_amount,,$4.50 per each,SAVE50¢ | WASS5 | Coles Bakery Stone Baked by | Laurent Pane di Casa | $4.50 per each. Selected stores only | |,96.56,True,single_price_evidence,https://caau.syd1.cdn.digitaloceanspaces.com/wp-content/uploads/catalogue/coles/coles-catalogue-august-20-26-2025-vic-metro/17.jpg,https://www.catalogueau.com/coles/#catalogue=coles/coles-catalogue-august-20-26-2025-vic-metro/,unit_price,unit_price,1,review
Coles,VIC METRO,"Coles Catalogue August 20 - 26, 2025 VIC METRO",2025-08-20,2025-08-27,17,Golden Crumpet Squares 6 Pack 425g,3.5,5.0,1.5,30.0,save_amount,6 Pack; 425g,$0.82 per 100g,SAVES1.50 | Golden Crumpet Squares 6 Pack | 425g $0.82 per 100g,96.18,False,,https://caau.syd1.cdn.digitaloceanspaces.com/wp-content/uploads/catalogue/coles/coles-catalogue-august-20-26-2025-vic-metro/17.jpg,https://www.catalogueau.com/coles/#catalogue=coles/coles-catalogue-august-20-26-2025-vic-metro/,displayed_price,displayed_price;unit_price,2,verified
Coles,VIC METRO,"Coles Catalogue August 20 - 26, 2025 VIC METRO",2025-08-20,2025-08-27,17,Cadbury Cake Bars or Mini Rolls 105g-125g,3.9,6.5,2.6,40.0,save_amount,105g; 125g,,SAVE2.60 | WASS6.50 | Cadbury Cake Bars or | Mini Rolls 105g-125g,94.74,False,,https://caau.syd1.cdn.digitaloceanspaces.com/wp-content/uploads/catalogue/coles/coles-catalogue-august-20-26-2025-vic-metro/17.jpg,https://www.catalogueau.com/coles/#catalogue=coles/coles-catalogue-august-20-26-2025-vic-metro/,save_was_arithmetic,displayed_price;save_was_arithmetic,2,verified
Coles,VIC METRO,"Coles Catalogue August 20 - 26, 2025 VIC METRO",2025-08-20,2025-08-27,17,La Fournée Doree Brioche Buns 250g,5.5,6.6,1.1,16.67,save_amount,250g,$2.20 per 100g,SAVE*1.10 | WASS6.60 | La Fournée Doree Brioche Buns | 250g $2.20 per 100g. | Excludes Vegan | LZ,95.24,False,,https://caau.syd1.cdn.digitaloceanspaces.com/wp-content/uploads/catalogue/coles/coles-catalogue-august-20-26-2025-vic-metro/17.jpg,https://www.catalogueau.com/coles/#catalogue=coles/coles-catalogue-august-20-26-2025-vic-metro/,save_was_arithmetic,displayed_price;save_was_arithmetic;unit_price,3,verified
Coles,VIC METRO,"Coles Catalogue August 20 - 26, 2025 VIC METRO",2025-08-20,2025-08-27,17,MUFFINS ORIGINAL,7.0,,,,special,,,MUFFINS | ORIGINAL | ‘ | | toe | LS PACK | | =,79.0,True,offer_labels_missing;save_amount_missing;regular_price_missing;low_name_confidence_strict;single_price_evidence,https://caau.syd1.cdn.digitaloceanspaces.com/wp-content/uploads/catalogue/coles/coles-catalogue-august-20-26-2025-vic-metro/17.jpg,https://www.catalogueau.com/coles/#catalogue=coles/coles-catalogue-august-20-26-2025-vic-metro/,displayed_price,displayed_price,1,review
Coles,VIC METRO,"Coles Catalogue August 20 - 26, 2025 VIC METRO",2025-08-20,2025-08-27,17,Coles Bakery Loaf 680g,3.0,,,,special,680g,$0.44 per 100g,Coles Bakery Loaf 680g | $0.44 per 100g. | Selected stores only | 17,96.4,False,,https://caau.syd1.cdn.digitaloceanspaces.com/wp-content/uploads/catalogue/coles/coles-catalogue-august-20-26-2025-vic-metro/17.jpg,https://www.catalogueau.com/coles/#catalogue=coles/coles-catalogue-august-20-26-2025-vic-metro/,displayed_price,displayed_price;unit_price,2,verified
Coles,VIC METRO,"Coles Catalogue August 20 - 26, 2025 VIC METRO",2025-08-20,2025-08-27,17,Tip Top The One Bread 700g,4.5,,,,special,700g,$0.64 per 100g,Tip Top The One Bread 700g | $0.64 per 100g,95.66,True,single_price_evidence,https://caau.syd1.cdn.digitaloceanspaces.com/wp-content/uploads/catalogue/coles/coles-catalogue-august-20-26-2025-vic-metro/17.jpg,https://www.catalogueau.com/coles/#catalogue=coles/coles-catalogue-august-20-26-2025-vic-metro/,unit_price,unit_price,1,review
Coles,VIC METRO,"Coles Catalogue August 20 - 26, 2025 VIC METRO",2025-08-20,2025-08-27,18,Coles RSPCA Approved Chicken Kyiv Garlic Butter 700g,6.5,8.0,1.5,18.75,save_amount,700g,$9.29 per kg,WASS8 | WASS8 | Coles RSPCA Approved Chicken | Kyiv Garlic Butter 700g | $9.29 per kg | — | =,96.43,False,,https://caau.syd1.cdn.digitaloceanspaces.com/wp-content/uploads/catalogue/coles/coles-catalogue-august-20-26-2025-vic-metro/18.jpg,https://www.catalogueau.com/coles/#catalogue=coles/coles-catalogue-august-20-26-2025-vic-metro/,displayed_price,displayed_price;unit_price,2,verified
Coles,VIC METRO,"Coles Catalogue August 20 - 26, 2025 VIC METRO",2025-08-20,2025-08-27,18,Coles Finest Sausages 450g-500g,8.0,9.0,1.0,11.11,save_amount,450g; 500g,,WASS9 | WASS9 | Coles Finest Sausages | 450g-500g,79.0,True,low_name_confidence_strict;single_price_evidence,https://caau.syd1.cdn.digitaloceanspaces.com/wp-content/uploads/catalogue/coles/coles-catalogue-august-20-26-2025-vic-metro/18.jpg,https://www.catalogueau.com/coles/#catalogue=coles/coles-catalogue-august-20-26-2025-vic-metro/,displayed_price,displayed_price,1,review
Coles,VIC METRO,"Coles Catalogue August 20 - 26, 2025 VIC METRO",2025-08-20,2025-08-27,18,Coles Made Easy Slow Cooked Honey BB@ Pork Belly Bites 500g,11.0,14.0,3.0,21.43,save_amount,500g,$22.00 per kg,WASS14 | WASS14 | Coles Made Easy Slow Cooked | Honey BB@ Pork Belly Bites 500g | $22.00 per kg | eae] | rsral | £m,94.79,False,,https://caau.syd1.cdn.digitaloceanspaces.com/wp-content/uploads/catalogue/coles/coles-catalogue-august-20-26-2025-vic-metro/18.jpg,https://www.catalogueau.com/coles/#catalogue=coles/coles-catalogue-august-20-26-2025-vic-metro/,displayed_price,displayed_price;unit_price,2,verified
Coles,VIC METRO,"Coles Catalogue August 20 - 26, 2025 VIC METRO",2025-08-20,2025-08-27,18,Coles Australian No Added Hormones Beef Chuck Casserole Steak 850g,12.0,15.0,3.0,20.0,save_amount,850g,$14.12 per kg,WASS15 | WASS15 | Coles Australian No Added Hormones Beef | Chuck Casserole Steak 850g $14.12 per kg | VIC-METRO-2008-25-456800,96.28,False,,https://caau.syd1.cdn.digitaloceanspaces.com/wp-content/uploads/catalogue/coles/coles-catalogue-august-20-26-2025-vic-metro/18.jpg,https://www.catalogueau.com/coles/#catalogue=coles/coles-catalogue-august-20-26-2025-vic-metro/,displayed_price,displayed_price;unit_price,2,verified
Coles,VIC METRO,"Coles Catalogue August 20 - 26, 2025 VIC METRO",2025-08-20,2025-08-27,18,Coles Australian Pork Loin Roast Boneless,12.0,15.0,3.0,20.0,save_amount,,$12.00 per kg,WASS15ig | WASS15ig | Coles Australian Pork Loin | Roast Boneless | $12.00 per kg. On sale for 2 weeks,96.33,True,single_price_evidence,https://caau.syd1.cdn.digitaloceanspaces.com/wp-content/uploads/catalogue/coles/coles-catalogue-august-20-26-2025-vic-metro/18.jpg,https://www.catalogueau.com/coles/#catalogue=coles/coles-catalogue-august-20-26-2025-vic-metro/,displayed_price,displayed_price,1,review
Coles,VIC METRO,"Coles Catalogue August 20 - 26, 2025 VIC METRO",2025-08-20,2025-08-27,18,Coles Australian Lamb Forequarter Chops,18.0,21.0,3.0,14.29,save_amount,,$18.00 per kg,WASS21ig | WASS21ig | Coles Australian Lamb | Forequarter Chops $18.00 per kg,95.46,True,single_price_evidence,https://caau.syd1.cdn.digitaloceanspaces.com/wp-content/uploads/catalogue/coles/coles-catalogue-august-20-26-2025-vic-metro/18.jpg,https://www.catalogueau.com/coles/#catalogue=coles/coles-catalogue-august-20-26-2025-vic-metro/,displayed_price,displayed_price,1,review
Coles,VIC METRO,"Coles Catalogue August 20 - 26, 2025 VIC METRO",2025-08-20,2025-08-27,19,Primo Middle Bacon,14.5,191.0,176.5,92.41,save_amount,,$14.50 per kg,WASS191g | WASS191g | Primo Middle Bacon | $14.50 per kg. Selected stores only’. | Product sold uncooked. On sale for 2 weeks. | *See page 14 forT&CS,96.3,True,single_price_evidence,https://caau.syd1.cdn.digitaloceanspaces.com/wp-content/uploads/catalogue/coles/coles-catalogue-august-20-26-2025-vic-metro/19.jpg,https://www.catalogueau.com/coles/#catalogue=coles/coles-catalogue-august-20-26-2025-vic-metro/,displayed_price,displayed_price,1,review
Coles,VIC METRO,"Coles Catalogue August 20 - 26, 2025 VIC METRO",2025-08-20,2025-08-27,19,Don Honey Ham,22.0,28.0,6.0,21.43,save_amount,,$22.00 per kg,WAS $28: | WAS $28: | Don Honey Ham | $22.00 per kg. Selected stores only* | 2nd week on sale,96.56,True,single_price_evidence,https://caau.syd1.cdn.digitaloceanspaces.com/wp-content/uploads/catalogue/coles/coles-catalogue-august-20-26-2025-vic-metro/19.jpg,https://www.catalogueau.com/coles/#catalogue=coles/coles-catalogue-august-20-26-2025-vic-metro/,displayed_price,displayed_price,1,review
Coles,VIC METRO,"Coles Catalogue August 20 - 26, 2025 VIC METRO",2025-08-20,2025-08-27,19,Hans Twiggy Sticks 500g,11.0,16.0,5.0,31.25,save_amount,500g,$22.00 per kg,WASSI6 | WASSI6 | Hans Twiggy Sticks 500g | $22.00 per kg. Selected stores | only*. On sale for 2 weeks | Ready | to eat,96.6,False,,https://caau.syd1.cdn.digitaloceanspaces.com/wp-content/uploads/catalogue/coles/coles-catalogue-august-20-26-2025-vic-metro/19.jpg,https://www.catalogueau.com/coles/#catalogue=coles/coles-catalogue-august-20-26-2025-vic-metro/,displayed_price,displayed_price;unit_price,2,verified
Coles,VIC METRO,"Coles Catalogue August 20 - 26, 2025 VIC METRO",2025-08-20,2025-08-27,19,Don Kabana,3.3,4.5,1.2,26.67,save_amount,,$3.30 per each,WASS4.50 | WASS4.50 | Don Kabana | $3.30 per each. Selected stores | only*. On sale for 2 weeks,91.74,True,single_price_evidence,https://caau.syd1.cdn.digitaloceanspaces.com/wp-content/uploads/catalogue/coles/coles-catalogue-august-20-26-2025-vic-metro/19.jpg,https://www.catalogueau.com/coles/#catalogue=coles/coles-catalogue-august-20-26-2025-vic-metro/,unit_price,unit_price,1,review
Coles,VIC METRO,"Coles Catalogue August 20 - 26, 2025 VIC METRO",2025-08-20,2025-08-27,19,Karumba Australian MSC Certified Thawed Raw Banana Prawns,17.0,20.0,3.0,15.0,save_amount,,$17.00 per kg,WASS20iq | WASS20iq | Karumba Australian MSC Certified Thawed | Raw Banana Prawns $17.00 per kg | Selected stores only*. On sale for 2 weeks,95.85,True,single_price_evidence,https://caau.syd1.cdn.digitaloceanspaces.com/wp-content/uploads/catalogue/coles/coles-catalogue-august-20-26-2025-vic-metro/19.jpg,https://www.catalogueau.com/coles/#catalogue=coles/coles-catalogue-august-20-26-2025-vic-metro/,displayed_price,displayed_price,1,review
Coles,VIC METRO,"Coles Catalogue August 20 - 26, 2025 VIC METRO",2025-08-20,2025-08-27,19,KB's Seafood Marinara Mix 16.00 per k,16.0,,,,special,,,KB's Seafood Marinara Mix | 16.00 per k | Selected stores only*,92.79,True,offer_labels_missing;save_amount_missing;regular_price_missing;single_price_evidence,https://caau.syd1.cdn.digitaloceanspaces.com/wp-content/uploads/catalogue/coles/coles-catalogue-august-20-26-2025-vic-metro/19.jpg,https://www.catalogueau.com/coles/#catalogue=coles/coles-catalogue-august-20-26-2025-vic-metro/,displayed_price,displayed_price,1,review
Coles,VIC METRO,"Coles Catalogue August 20 - 26, 2025 VIC METRO",2025-08-20,2025-08-27,19,Coles Classic Homestyle No Added Hormones Hot Roast Beef,15.0,,,,special,,$15.00 per each,Coles Classic Homestyle No | Added Hormones Hot Roast Beef | $15.00 per each | Selected stores only*,95.98,False,,https://caau.syd1.cdn.digitaloceanspaces.com/wp-content/uploads/catalogue/coles/coles-catalogue-august-20-26-2025-vic-metro/19.jpg,https://www.catalogueau.com/coles/#catalogue=coles/coles-catalogue-august-20-26-2025-vic-metro/,displayed_price,displayed_price;unit_price,2,verified
Coles,VIC METRO,"Coles Catalogue August 20 - 26, 2025 VIC METRO",2025-08-20,2025-08-27,19,Unicorn Classic Camembert or Brie 125g,5.5,,,,special,125g,$44.00 per kg,Unicorn Classic Camembert | or Brie 125g $44.00 per kg,95.96,False,,https://caau.syd1.cdn.digitaloceanspaces.com/wp-content/uploads/catalogue/coles/coles-catalogue-august-20-26-2025-vic-metro/19.jpg,https://www.catalogueau.com/coles/#catalogue=coles/coles-catalogue-august-20-26-2025-vic-metro/,displayed_price,displayed_price;unit_price,2,verified
Coles,VIC METRO,"Coles Catalogue August 20 - 26, 2025 VIC METRO",2025-08-20,2025-08-27,21,"Coles Dry Roasted, Natural or Smoked Almonds 400g Pack",8.0,10.0,2.0,20.0,save_amount,400g,$20.00 per kg,"WASS10 | WASS10 | Coles Dry Roasted, Natural or | Smoked Almonds 400g Pack | $20.00 per kg | an | LE",96.38,True,single_price_evidence,https://caau.syd1.cdn.digitaloceanspaces.com/wp-content/uploads/catalogue/coles/coles-catalogue-august-20-26-2025-vic-metro/21.jpg,https://www.catalogueau.com/coles/#catalogue=coles/coles-catalogue-august-20-26-2025-vic-metro/,unit_price,unit_price,1,review
Coles,VIC METRO,"Coles Catalogue August 20 - 26, 2025 VIC METRO",2025-08-20,2025-08-27,21,"Coles Kitchen Potato, Egg & Bacon Salad 650g Pack or Tabbouleh Salad 460g Pack",10.0,12.0,2.0,16.67,save_amount,650g; 460g,,"WASS12 | WASS12 | Coles Kitchen Potato, Egg & | Bacon Salad 650g Pack or | Tabbouleh Salad 460g Pack | tm 6",95.76,True,single_price_evidence,https://caau.syd1.cdn.digitaloceanspaces.com/wp-content/uploads/catalogue/coles/coles-catalogue-august-20-26-2025-vic-metro/21.jpg,https://www.catalogueau.com/coles/#catalogue=coles/coles-catalogue-august-20-26-2025-vic-metro/,displayed_price,displayed_price,1,review
Coles,VIC METRO,"Coles Catalogue August 20 - 26, 2025 VIC METRO",2025-08-20,2025-08-27,21,Australian Orri Mandarins,454.0,,,,special,,$4.50 per kg,Australian Orri Mandarins | $4.50 per kg,91.78,True,offer_labels_missing;save_amount_missing;regular_price_missing;inferred_price_requires_review,https://caau.syd1.cdn.digitaloceanspaces.com/wp-content/uploads/catalogue/coles/coles-catalogue-august-20-26-2025-vic-metro/21.jpg,https://www.catalogueau.com/coles/#catalogue=coles/coles-catalogue-august-20-26-2025-vic-metro/,displayed_price,displayed_price;grid_inference,1,review
Coles,VIC METRO,"Coles Catalogue August 20 - 26, 2025 VIC METRO",2025-08-20,2025-08-27,21,Coles Australian Washed Carisma Potatoes 2kg Bag:,5.5,,,,special,2kg,,Coles Australian Washed Carisma Potatoes | 2kg Bag: | per: Kg,79.0,True,offer_labels_missing;save_amount_missing;regular_price_missing;low_name_confidence_strict;single_price_evidence,https://caau.syd1.cdn.digitaloceanspaces.com/wp-content/uploads/catalogue/coles/coles-catalogue-august-20-26-2025-vic-metro/21.jpg,https://www.catalogueau.com/coles/#catalogue=coles/coles-catalogue-august-20-26-2025-vic-metro/,displayed_price,displayed_price,1,review
Coles,VIC METRO,"Coles Catalogue August 20 - 26, 2025 VIC METRO",2025-08-20,2025-08-27,21,Australian Green Zuc hini,4.9,,,,special,,$4.90 per kg,~ | Australian Green Zuc hini | $4.90 per kg | oe | Es,79.0,True,offer_labels_missing;save_amount_missing;regular_price_missing;low_name_confidence_strict;single_price_evidence,https://caau.syd1.cdn.digitaloceanspaces.com/wp-content/uploads/catalogue/coles/coles-catalogue-august-20-26-2025-vic-metro/21.jpg,https://www.catalogueau.com/coles/#catalogue=coles/coles-catalogue-august-20-26-2025-vic-metro/,unknown,,0,review
Coles,VIC METRO,"Coles Catalogue August 20 - 26, 2025 VIC METRO",2025-08-20,2025-08-27,22,Kirks Soft Drink 1.25 Litre,1.7,2.85,1.15,40.35,save_amount,1.25 Litre,$1.36 per litre,SAVES1.15 | ‘WAS§2.85 | Kirks Soft Drink 1.25 Litre | $1.36 per litre | zz | | om em | \,95.61,False,,https://caau.syd1.cdn.digitaloceanspaces.com/wp-content/uploads/catalogue/coles/coles-catalogue-august-20-26-2025-vic-metro/22.jpg,https://www.catalogueau.com/coles/#catalogue=coles/coles-catalogue-august-20-26-2025-vic-metro/,save_was_arithmetic,displayed_price;save_was_arithmetic;unit_price,3,verified
Coles,VIC METRO,"Coles Catalogue August 20 - 26, 2025 VIC METRO",2025-08-20,2025-08-27,22,Pepsi or Solo Soft Drink 1.25 Litre,2.0,3.5,1.5,42.86,save_amount,1.25 Litre,$1.60 per litre,SAVE51.50 | WAS$3.50 | Pepsi or Solo Soft Drink 1.25 Litre | $1.60 per litre | \,96.17,False,,https://caau.syd1.cdn.digitaloceanspaces.com/wp-content/uploads/catalogue/coles/coles-catalogue-august-20-26-2025-vic-metro/22.jpg,https://www.catalogueau.com/coles/#catalogue=coles/coles-catalogue-august-20-26-2025-vic-metro/,displayed_price,displayed_price;unit_price,2,verified
Coles,VIC METRO,"Coles Catalogue August 20 - 26, 2025 VIC METRO",2025-08-20,2025-08-27,22,Powerade Sports Drink or Active Water 600mL,2.6,4.4,1.8,40.91,save_amount,600mL,$4.33 per litre,SAVE‘1.80 | WAS$4.40 | Powerade Sports Drink or | Active Water 600mL | $4.33 per litre,94.47,False,,https://caau.syd1.cdn.digitaloceanspaces.com/wp-content/uploads/catalogue/coles/coles-catalogue-august-20-26-2025-vic-metro/22.jpg,https://www.catalogueau.com/coles/#catalogue=coles/coles-catalogue-august-20-26-2025-vic-metro/,save_was_arithmetic,save_was_arithmetic;unit_price,2,verified
Coles,VIC METRO,"Coles Catalogue August 20 - 26, 2025 VIC METRO",2025-08-20,2025-08-27,22,Raw C Coconut Water 1 Litre,3.3,5.5,2.2,40.0,save_amount,1 Litre,$3.30 per litre,SAVES2.20 | WASS5.50 | Raw C Coconut Water 1 Litre | $3.30 per litre. 2nd week on sale | -_ | ae | tr | 4,95.39,False,,https://caau.syd1.cdn.digitaloceanspaces.com/wp-content/uploads/catalogue/coles/coles-catalogue-august-20-26-2025-vic-metro/22.jpg,https://www.catalogueau.com/coles/#catalogue=coles/coles-catalogue-august-20-26-2025-vic-metro/,save_was_arithmetic,save_was_arithmetic;unit_price,2,verified
Coles,VIC METRO,"Coles Catalogue August 20 - 26, 2025 VIC METRO",2025-08-20,2025-08-27,22,V Energy Drink 4x250mL,7.0,11.75,4.75,40.43,save_amount,4x250mL,$7.00 per litre,SAVES4.75 | WASS11.75 | V Energy Drink 4x250mL | $7.00 per litre | See | ———,93.61,False,,https://caau.syd1.cdn.digitaloceanspaces.com/wp-content/uploads/catalogue/coles/coles-catalogue-august-20-26-2025-vic-metro/22.jpg,https://www.catalogueau.com/coles/#catalogue=coles/coles-catalogue-august-20-26-2025-vic-metro/,save_was_arithmetic,displayed_price;save_was_arithmetic;unit_price,3,verified
Coles,VIC METRO,"Coles Catalogue August 20 - 26, 2025 VIC METRO",2025-08-20,2025-08-27,22,Monster Energy Drink 4x500mL,9.6,16.0,6.4,40.0,save_amount,4x500mL,$4.80 per litre,SAVES6.40 | WASS16 | Monster Energy Drink 4x500mL | $4.80 per litre | ——— | =,94.27,False,,https://caau.syd1.cdn.digitaloceanspaces.com/wp-content/uploads/catalogue/coles/coles-catalogue-august-20-26-2025-vic-metro/22.jpg,https://www.catalogueau.com/coles/#catalogue=coles/coles-catalogue-august-20-26-2025-vic-metro/,save_was_arithmetic,displayed_price;save_was_arithmetic;unit_price,3,verified
Coles,VIC METRO,"Coles Catalogue August 20 - 26, 2025 VIC METRO",2025-08-20,2025-08-27,22,Kirks Soft Drink 10x375mL,9.0,15.0,6.0,40.0,save_amount,10x375mL,$2.40 per litre,SAVES6 | WASS15 | Kirks Soft Drink 10x375mL | $2.40 per litre | VIC-METRO-2008-25-456800,93.43,False,,https://caau.syd1.cdn.digitaloceanspaces.com/wp-content/uploads/catalogue/coles/coles-catalogue-august-20-26-2025-vic-metro/22.jpg,https://www.catalogueau.com/coles/#catalogue=coles/coles-catalogue-august-20-26-2025-vic-metro/,save_was_arithmetic,displayed_price;save_was_arithmetic;unit_price,3,verified
Coles,VIC METRO,"Coles Catalogue August 20 - 26, 2025 VIC METRO",2025-08-20,2025-08-27,22,Pepsi or Solo Soft Drink 10x375mL,11.4,19.0,7.6,40.0,save_amount,10x375mL,$3.04 per litre,SAVES7.60 | WASS19 | Pepsi or Solo Soft Drink 10x375mL | $3.04 per litre | 22,91.64,False,,https://caau.syd1.cdn.digitaloceanspaces.com/wp-content/uploads/catalogue/coles/coles-catalogue-august-20-26-2025-vic-metro/22.jpg,https://www.catalogueau.com/coles/#catalogue=coles/coles-catalogue-august-20-26-2025-vic-metro/,save_was_arithmetic,displayed_price;save_was_arithmetic;unit_price,3,verified
Coles,VIC METRO,"Coles Catalogue August 20 - 26, 2025 VIC METRO",2025-08-20,2025-08-27,22,Schweppes Infused Sparkling Water 10x375mL,11.4,19.0,7.6,40.0,save_amount,10x375mL,$3.04 per litre,SAVES7.60 | WASS19 | Schweppes Infused Sparkling | Water 10x375mL $3.04 per litre,95.11,False,,https://caau.syd1.cdn.digitaloceanspaces.com/wp-content/uploads/catalogue/coles/coles-catalogue-august-20-26-2025-vic-metro/22.jpg,https://www.catalogueau.com/coles/#catalogue=coles/coles-catalogue-august-20-26-2025-vic-metro/,save_was_arithmetic,displayed_price;save_was_arithmetic;unit_price,3,verified
Coles,VIC METRO,"Coles Catalogue August 20 - 26, 2025 VIC METRO",2025-08-20,2025-08-27,23,Nestlé Aero Strawberry Block Chocolate 118g,4.5,7.0,2.5,35.71,save_amount,118g,$3.81 per 100g,SAVES2.50 | Nestlé Aero Strawberry Block Chocolate | 118g $3.81 per 100g,95.86,True,single_price_evidence,https://caau.syd1.cdn.digitaloceanspaces.com/wp-content/uploads/catalogue/coles/coles-catalogue-august-20-26-2025-vic-metro/23.jpg,https://www.catalogueau.com/coles/#catalogue=coles/coles-catalogue-august-20-26-2025-vic-metro/,unit_price,unit_price,1,review
Coles,VIC METRO,"Coles Catalogue August 20 - 26, 2025 VIC METRO",2025-08-20,2025-08-27,23,Life Savers Blue Raspberry Sherbert Fizz Stix 200g,3.5,5.0,1.5,30.0,save_amount,200g,$1.75 per 100g,SAVES1.50 | Life Savers Blue Raspberry Sherbert Fizz Stix | 200g $1.75 per 100g,95.3,False,,https://caau.syd1.cdn.digitaloceanspaces.com/wp-content/uploads/catalogue/coles/coles-catalogue-august-20-26-2025-vic-metro/23.jpg,https://www.catalogueau.com/coles/#catalogue=coles/coles-catalogue-august-20-26-2025-vic-metro/,displayed_price,displayed_price;unit_price,2,verified
Coles,VIC METRO,"Coles Catalogue August 20 - 26, 2025 VIC METRO",2025-08-20,2025-08-27,23,Always Fresh Grissini or Crustini Crackers 120g-125g,4.0,4.5,0.5,11.11,save_amount,120g; 125g,,WAS $4.50 | WAS $4.50 | JUL 2025 | Always Fresh Grissini | or Crustini Crackers | 120g-125g,92.77,True,single_price_evidence,https://caau.syd1.cdn.digitaloceanspaces.com/wp-content/uploads/catalogue/coles/coles-catalogue-august-20-26-2025-vic-metro/23.jpg,https://www.catalogueau.com/coles/#catalogue=coles/coles-catalogue-august-20-26-2025-vic-metro/,displayed_price,displayed_price,1,review
Coles,VIC METRO,"Coles Catalogue August 20 - 26, 2025 VIC METRO",2025-08-20,2025-08-27,23,Smith's Crinkle Cut or Double Crunch Potato Chips 150g-170g,3.5,5.0,1.5,30.0,save_amount,150g; 170g,,SAVE1.50 | Smith's Crinkle Cut or | Double Crunch Potato | Chips 150g-170g,94.81,True,single_price_evidence,https://caau.syd1.cdn.digitaloceanspaces.com/wp-content/uploads/catalogue/coles/coles-catalogue-august-20-26-2025-vic-metro/23.jpg,https://www.catalogueau.com/coles/#catalogue=coles/coles-catalogue-august-20-26-2025-vic-metro/,displayed_price,displayed_price,1,review
Coles,VIC METRO,"Coles Catalogue August 20 - 26, 2025 VIC METRO",2025-08-20,2025-08-27,23,"Mars M&Ms, Maltesers or Pods 120g-180g",90.0,142.1,52.1,36.66,save_amount,120g; 180g,,"SAVE52.10 | Mars M&Ms, Maltesers | or Pods 120g-180g",93.1,True,single_price_evidence,https://caau.syd1.cdn.digitaloceanspaces.com/wp-content/uploads/catalogue/coles/coles-catalogue-august-20-26-2025-vic-metro/23.jpg,https://www.catalogueau.com/coles/#catalogue=coles/coles-catalogue-august-20-26-2025-vic-metro/,displayed_price,displayed_price,1,review
Coles,VIC METRO,"Coles Catalogue August 20 - 26, 2025 VIC METRO",2025-08-20,2025-08-27,23,Jumpy's or Kettle Potato Chips 5 Pack 90g-92g,7.0,9.0,2.0,22.22,save_amount,5 Pack; 90g; 92g,,SAVE 52 | Jumpy's or Kettle Potato | Chips 5 Pack 90g-92g | =.,93.92,True,single_price_evidence,https://caau.syd1.cdn.digitaloceanspaces.com/wp-content/uploads/catalogue/coles/coles-catalogue-august-20-26-2025-vic-metro/23.jpg,https://www.catalogueau.com/coles/#catalogue=coles/coles-catalogue-august-20-26-2025-vic-metro/,displayed_price,displayed_price,1,review
Coles,VIC METRO,"Coles Catalogue August 20 - 26, 2025 VIC METRO",2025-08-20,2025-08-27,23,Coca-Cola or Deep Spring Soft Drink or Mt Franklin Sparkling,7.0,10.0,3.0,30.0,save_amount,,$4.67 per litre,WASS10 | WASS10 | Coca-Cola or Deep | Spring Soft Drink or | Mt Franklin Sparkling | Water 6x250mL | $4.67 per litre,95.04,True,single_price_evidence,https://caau.syd1.cdn.digitaloceanspaces.com/wp-content/uploads/catalogue/coles/coles-catalogue-august-20-26-2025-vic-metro/23.jpg,https://www.catalogueau.com/coles/#catalogue=coles/coles-catalogue-august-20-26-2025-vic-metro/,displayed_price,displayed_price,1,review
Coles,VIC METRO,"Coles Catalogue August 20 - 26, 2025 VIC METRO",2025-08-20,2025-08-27,23,Golden Circle Tetra Juice 1 Litre,2.0,2.7,0.7,25.93,save_amount,1 Litre,$2.00 per litre,SAVE70‘ | WAS§2.70 | Golden Circle Tetra | Juice 1 Litre $2.00 per litre | Excludes Pineapple | VIC-METRO-2008-25-456800,96.44,False,,https://caau.syd1.cdn.digitaloceanspaces.com/wp-content/uploads/catalogue/coles/coles-catalogue-august-20-26-2025-vic-metro/23.jpg,https://www.catalogueau.com/coles/#catalogue=coles/coles-catalogue-august-20-26-2025-vic-metro/,displayed_price,displayed_price;unit_price,2,verified
Coles,VIC METRO,"Coles Catalogue August 20 - 26, 2025 VIC METRO",2025-08-20,2025-08-27,23,Golden Circle Tetra Fruit Drink 6x250mL,4.0,51.1,47.1,92.17,save_amount,6x250mL,$2.67 per litre,SAVES1.10 | WASS$5110 | Golden Circle Tetra | Fruit Drink 6x250mL | $2.67 per litre | 23,95.17,True,single_price_evidence,https://caau.syd1.cdn.digitaloceanspaces.com/wp-content/uploads/catalogue/coles/coles-catalogue-august-20-26-2025-vic-metro/23.jpg,https://www.catalogueau.com/coles/#catalogue=coles/coles-catalogue-august-20-26-2025-vic-metro/,unit_price,unit_price,1,review
Coles,VIC METRO,"Coles Catalogue August 20 - 26, 2025 VIC METRO",2025-08-20,2025-08-27,23,Golden Circle Cordial 2 Litre,4.4,5.5,1.1,20.0,save_amount,2 Litre,$2.20 per litre,SAVE51.10 | WASS5.50 | Golden Circle Cordial | 2 Litre $2.20 per litre | 23,96.37,True,single_price_evidence,https://caau.syd1.cdn.digitaloceanspaces.com/wp-content/uploads/catalogue/coles/coles-catalogue-august-20-26-2025-vic-metro/23.jpg,https://www.catalogueau.com/coles/#catalogue=coles/coles-catalogue-august-20-26-2025-vic-metro/,unit_price,unit_price,1,review
Coles,VIC METRO,"Coles Catalogue August 20 - 26, 2025 VIC METRO",2025-08-20,2025-08-27,24,Campbell's Country Ladle Soup 495g-505g,2.25,4.5,2.25,50.0,half_price,495g; 505g,,SAVE52.25 | WASS4.50 | Campbell's Country Ladle | Soup 495g-505g,94.28,True,single_price_evidence,https://caau.syd1.cdn.digitaloceanspaces.com/wp-content/uploads/catalogue/coles/coles-catalogue-august-20-26-2025-vic-metro/24.jpg,https://www.catalogueau.com/coles/#catalogue=coles/coles-catalogue-august-20-26-2025-vic-metro/,displayed_price,displayed_price,1,review
Coles,VIC METRO,"Coles Catalogue August 20 - 26, 2025 VIC METRO",2025-08-20,2025-08-27,24,Leggo's Chunky Pasta Sauce 490g-500g,2.3,4.6,2.3,50.0,half_price,490g; 500g,,SAVE 52.30 | WAS$4.60 | Leggo's Chunky Pasta Sauce | 490g-500g | arapr-ro-ear |,92.36,False,,https://caau.syd1.cdn.digitaloceanspaces.com/wp-content/uploads/catalogue/coles/coles-catalogue-august-20-26-2025-vic-metro/24.jpg,https://www.catalogueau.com/coles/#catalogue=coles/coles-catalogue-august-20-26-2025-vic-metro/,save_was_arithmetic,displayed_price;save_was_arithmetic,2,verified
Coles,VIC METRO,"Coles Catalogue August 20 - 26, 2025 VIC METRO",2025-08-20,2025-08-27,24,Sharwood's Simmer Sauce 420g,2.5,5.0,2.5,50.0,half_price,420g,$0.60 per 100g,SAVES2.50 | Sharwood's Simmer Sauce | 420g $0.60 per 100g,94.94,False,,https://caau.syd1.cdn.digitaloceanspaces.com/wp-content/uploads/catalogue/coles/coles-catalogue-august-20-26-2025-vic-metro/24.jpg,https://www.catalogueau.com/coles/#catalogue=coles/coles-catalogue-august-20-26-2025-vic-metro/,displayed_price,displayed_price;unit_price,2,verified
Coles,VIC METRO,"Coles Catalogue August 20 - 26, 2025 VIC METRO",2025-08-20,2025-08-27,24,Gravox Liquid Gravy or Finishing Sauce 165g,2.5,3.5,1.0,28.57,save_amount,165g,$1.52 per 100g,SAVE 51 | WAS$3.50_ | Gravox Liquid Gravy or Finishing | Sauce 165g $1.52 per 100g | 2nd week on sale,96.11,False,,https://caau.syd1.cdn.digitaloceanspaces.com/wp-content/uploads/catalogue/coles/coles-catalogue-august-20-26-2025-vic-metro/24.jpg,https://www.catalogueau.com/coles/#catalogue=coles/coles-catalogue-august-20-26-2025-vic-metro/,save_was_arithmetic,displayed_price;save_was_arithmetic;unit_price,3,verified
Coles,VIC METRO,"Coles Catalogue August 20 - 26, 2025 VIC METRO",2025-08-20,2025-08-27,24,Sirena Tuna Ready Meal 170g,3.3,4.3,1.0,23.26,save_amount,170g,$1.94 per 100g,SAVE 51 | WASS$4.30 | Sirena Tuna Ready Meal 170g | $1.94 per 100g | $1.94,95.05,False,,https://caau.syd1.cdn.digitaloceanspaces.com/wp-content/uploads/catalogue/coles/coles-catalogue-august-20-26-2025-vic-metro/24.jpg,https://www.catalogueau.com/coles/#catalogue=coles/coles-catalogue-august-20-26-2025-vic-metro/,save_was_arithmetic,displayed_price;save_was_arithmetic;unit_price,3,verified
Coles,VIC METRO,"Coles Catalogue August 20 - 26, 2025 VIC METRO",2025-08-20,2025-08-27,24,Campbell's Real Stock 1 Litre,3.5,4.5,1.0,22.22,save_amount,1 Litre,$0.35 per 100mL,WASS$4.50 | WASS$4.50 | Campbell's Real Stock | 1 Litre $0.35 per 100mL,94.91,False,,https://caau.syd1.cdn.digitaloceanspaces.com/wp-content/uploads/catalogue/coles/coles-catalogue-august-20-26-2025-vic-metro/24.jpg,https://www.catalogueau.com/coles/#catalogue=coles/coles-catalogue-august-20-26-2025-vic-metro/,displayed_price,displayed_price;unit_price,2,verified
Coles,VIC METRO,"Coles Catalogue August 20 - 26, 2025 VIC METRO",2025-08-20,2025-08-27,24,Alfa One Rice Bran Oil 3 Litre,13.0,16.5,3.5,21.21,save_amount,3 Litre,$0.43 per 100mL,SAVES3.50 | WASS$16.50 | Alfa One Rice Bran Oil | 3 Litre $0.43 per 100mL | 24,93.57,False,,https://caau.syd1.cdn.digitaloceanspaces.com/wp-content/uploads/catalogue/coles/coles-catalogue-august-20-26-2025-vic-metro/24.jpg,https://www.catalogueau.com/coles/#catalogue=coles/coles-catalogue-august-20-26-2025-vic-metro/,save_was_arithmetic,displayed_price;save_was_arithmetic,2,verified
Coles,VIC METRO,"Coles Catalogue August 20 - 26, 2025 VIC METRO",2025-08-20,2025-08-27,24,Obap Roasted Seaweed 8 Pack 40g,4.35,5.45,1.1,20.18,save_amount,8 Pack; 40g,$10.88 per 100g,SAVE51.10 | WASS5.45 | Obap Roasted | Seaweed 8 Pack 40g | $10.88 per 100g | VIC-METRO-2008-25-456800,95.55,False,,https://caau.syd1.cdn.digitaloceanspaces.com/wp-content/uploads/catalogue/coles/coles-catalogue-august-20-26-2025-vic-metro/24.jpg,https://www.catalogueau.com/coles/#catalogue=coles/coles-catalogue-august-20-26-2025-vic-metro/,displayed_price,displayed_price;unit_price,2,verified
Coles,VIC METRO,"Coles Catalogue August 20 - 26, 2025 VIC METRO",2025-08-20,2025-08-27,24,Squeaky Gate Extra Virgin Olive Oil 750mL,16.0,20.0,4.0,20.0,save_amount,750mL,$2.13 per 100mL,SAVES4 | WAS$20 | Squeaky Gate Extra | Virgin Olive Oil 750mL | $2.13 per 100mL | 24,95.22,False,,https://caau.syd1.cdn.digitaloceanspaces.com/wp-content/uploads/catalogue/coles/coles-catalogue-august-20-26-2025-vic-metro/24.jpg,https://www.catalogueau.com/coles/#catalogue=coles/coles-catalogue-august-20-26-2025-vic-metro/,save_was_arithmetic,displayed_price;save_was_arithmetic;unit_price,3,verified
Coles,VIC METRO,"Coles Catalogue August 20 - 26, 2025 VIC METRO",2025-08-20,2025-08-27,24,Moro Extra Virgin Olive Oil 4 Litre,45.0,65.0,20.0,30.77,save_amount,4 Litre,$1.13 per 100mL,SAVES20 | WASS65 | Moro Extra Virgin Olive Oil | 4 Litre $1.13 per 100mL,92.21,False,,https://caau.syd1.cdn.digitaloceanspaces.com/wp-content/uploads/catalogue/coles/coles-catalogue-august-20-26-2025-vic-metro/24.jpg,https://www.catalogueau.com/coles/#catalogue=coles/coles-catalogue-august-20-26-2025-vic-metro/,save_was_arithmetic,displayed_price;save_was_arithmetic,2,verified
Coles,VIC METRO,"Coles Catalogue August 20 - 26, 2025 VIC METRO",2025-08-20,2025-08-27,25,Barilla Pasta Sauce 400g,3.4,4.3,0.9,20.93,save_amount,400g,$0.85 per 100g,SAVE51.50 | ‘WAS$4.30 | Barilla Pasta Sauce 400g | $0.85 per 100g | — | < Green:,96.42,False,,https://caau.syd1.cdn.digitaloceanspaces.com/wp-content/uploads/catalogue/coles/coles-catalogue-august-20-26-2025-vic-metro/25.jpg,https://www.catalogueau.com/coles/#catalogue=coles/coles-catalogue-august-20-26-2025-vic-metro/,displayed_price,displayed_price;unit_price,2,verified
Coles,VIC METRO,"Coles Catalogue August 20 - 26, 2025 VIC METRO",2025-08-20,2025-08-27,25,Barilla Penne Rigate No. 73 or Spaghetti No. 5 Pasta 500g,2.8,3.5,0.7,20.0,save_amount,500g,$0.56 per 100g,"SAVE 70° | ‘WAS$3.50 | Barilla Penne Rigate No. 73 or Spaghetti No. 5 Pasta | 500g $0.56 per 100g | = — | 5558""",95.21,True,single_price_evidence,https://caau.syd1.cdn.digitaloceanspaces.com/wp-content/uploads/catalogue/coles/coles-catalogue-august-20-26-2025-vic-metro/25.jpg,https://www.catalogueau.com/coles/#catalogue=coles/coles-catalogue-august-20-26-2025-vic-metro/,unit_price,unit_price,1,review
Coles,VIC METRO,"Coles Catalogue August 20 - 26, 2025 VIC METRO",2025-08-20,2025-08-27,25,Heinz Baked Beanz or Spaghetti 535g-555g,2.5,3.8,1.3,34.21,save_amount,535g; 555g,,SAVE*1.30 | WASS3.80 | Heinz Baked Beanz or Spaghetti | 535g-555g,79.0,True,low_name_confidence_strict;single_price_evidence,https://caau.syd1.cdn.digitaloceanspaces.com/wp-content/uploads/catalogue/coles/coles-catalogue-august-20-26-2025-vic-metro/25.jpg,https://www.catalogueau.com/coles/#catalogue=coles/coles-catalogue-august-20-26-2025-vic-metro/,save_was_arithmetic,save_was_arithmetic,1,review
Coles,VIC METRO,"Coles Catalogue August 20 - 26, 2025 VIC METRO",2025-08-20,2025-08-27,25,Goulburn Valley Peaches in Juice 700g,3.8,5.0,1.2,24.0,save_amount,700g,$5.43 per kg,SAVE*1.20 | WASS | Goulburn Valley Peaches in Juice | 700g $5.43 per kg,95.57,True,single_price_evidence,https://caau.syd1.cdn.digitaloceanspaces.com/wp-content/uploads/catalogue/coles/coles-catalogue-august-20-26-2025-vic-metro/25.jpg,https://www.catalogueau.com/coles/#catalogue=coles/coles-catalogue-august-20-26-2025-vic-metro/,unit_price,unit_price,1,review
Coles,VIC METRO,"Coles Catalogue August 20 - 26, 2025 VIC METRO",2025-08-20,2025-08-27,25,Green's Deluxe Baking Mix 380g-630g,3.8,5.5,1.7,30.91,save_amount,380g; 630g,,SAVE*1.70 | WASS$5.50 | Green's Deluxe Baking Mix | 380g-630g,94.22,True,single_price_evidence,https://caau.syd1.cdn.digitaloceanspaces.com/wp-content/uploads/catalogue/coles/coles-catalogue-august-20-26-2025-vic-metro/25.jpg,https://www.catalogueau.com/coles/#catalogue=coles/coles-catalogue-august-20-26-2025-vic-metro/,save_was_arithmetic,save_was_arithmetic,1,review
Coles,VIC METRO,"Coles Catalogue August 20 - 26, 2025 VIC METRO",2025-08-20,2025-08-27,25,Nescafé Espresso Coffee Concentrate 500mL,5.5,6.0,0.5,8.33,save_amount,500mL,$1.10 per 100mL,SAVE%5.50 | WASST1 | Nescafé Espresso Coffee | Concentrate 500mL | $1.10 per 100mL,93.6,True,single_price_evidence,https://caau.syd1.cdn.digitaloceanspaces.com/wp-content/uploads/catalogue/coles/coles-catalogue-august-20-26-2025-vic-metro/25.jpg,https://www.catalogueau.com/coles/#catalogue=coles/coles-catalogue-august-20-26-2025-vic-metro/,unit_price,unit_price,1,review
Coles,VIC METRO,"Coles Catalogue August 20 - 26, 2025 VIC METRO",2025-08-20,2025-08-27,25,Nescafé Flavoured Instant Coffee 95g,15.0,22.0,7.0,31.82,save_amount,95g,$7.89 per 100g,SAVE‘7 | Nescafé Flavoured | Instant Coffee 95g | $7.89 per 100g | ADVERTISER PROMOTION,95.22,True,unit_price_conflict;single_price_evidence,https://caau.syd1.cdn.digitaloceanspaces.com/wp-content/uploads/catalogue/coles/coles-catalogue-august-20-26-2025-vic-metro/25.jpg,https://www.catalogueau.com/coles/#catalogue=coles/coles-catalogue-august-20-26-2025-vic-metro/,displayed_price,displayed_price,1,review
Coles,VIC METRO,"Coles Catalogue August 20 - 26, 2025 VIC METRO",2025-08-20,2025-08-27,25,— < Green:,400.0,,,,special,,,— | < Green: | ns,79.0,True,offer_labels_missing;save_amount_missing;regular_price_missing;low_name_confidence_strict;inferred_price_requires_review,https://caau.syd1.cdn.digitaloceanspaces.com/wp-content/uploads/catalogue/coles/coles-catalogue-august-20-26-2025-vic-metro/25.jpg,https://www.catalogueau.com/coles/#catalogue=coles/coles-catalogue-august-20-26-2025-vic-metro/,displayed_price,displayed_price;grid_inference,1,review
Coles,VIC METRO,"Coles Catalogue August 20 - 26, 2025 VIC METRO",2025-08-20,2025-08-27,26,Coles Simply Tuna in Springwater 425g,3.3,,,,special,425g,$7.76 per kg,Coles Simply Tuna in Springwater | 425g $7.76 per kg,79.0,True,low_name_confidence_strict,https://caau.syd1.cdn.digitaloceanspaces.com/wp-content/uploads/catalogue/coles/coles-catalogue-august-20-26-2025-vic-metro/26.jpg,https://www.catalogueau.com/coles/#catalogue=coles/coles-catalogue-august-20-26-2025-vic-metro/,displayed_price,displayed_price;unit_price,2,review
Coles,VIC METRO,"Coles Catalogue August 20 - 26, 2025 VIC METRO",2025-08-20,2025-08-27,26,Coles Simply Spirals Pasta 500g,0.9,,,,special,500g,$0.18 per 100g,Coles Simply Spirals Pasta 500g | $0.18 per 100g | VIC-METRO-2008-25-456800,96.07,True,single_price_evidence,https://caau.syd1.cdn.digitaloceanspaces.com/wp-content/uploads/catalogue/coles/coles-catalogue-august-20-26-2025-vic-metro/26.jpg,https://www.catalogueau.com/coles/#catalogue=coles/coles-catalogue-august-20-26-2025-vic-metro/,unit_price,unit_price,1,review
Coles,VIC METRO,"Coles Catalogue August 20 - 26, 2025 VIC METRO",2025-08-20,2025-08-27,27,"Coles Soft Drink, Mixers or Soda 1.25 Litre",1.15,,,,everyday,1.25 Litre,$0.92 per litre,"Coles Soft Drink, Mixers or | Soda 1.25 Litre $0.92 per litre | cz",95.81,False,,https://caau.syd1.cdn.digitaloceanspaces.com/wp-content/uploads/catalogue/coles/coles-catalogue-august-20-26-2025-vic-metro/27.jpg,https://www.catalogueau.com/coles/#catalogue=coles/coles-catalogue-august-20-26-2025-vic-metro/,displayed_price,displayed_price;unit_price,2,verified
Coles,VIC METRO,"Coles Catalogue August 20 - 26, 2025 VIC METRO",2025-08-20,2025-08-27,27,Coles Microwave Popcorn 100g,0.95,,,,everyday,100g,$0.95 per 100g,Coles Microwave Popcorn | 100g $0.95 per 100g,96.27,True,single_price_evidence,https://caau.syd1.cdn.digitaloceanspaces.com/wp-content/uploads/catalogue/coles/coles-catalogue-august-20-26-2025-vic-metro/27.jpg,https://www.catalogueau.com/coles/#catalogue=coles/coles-catalogue-august-20-26-2025-vic-metro/,unit_price,unit_price,1,review
Coles,VIC METRO,"Coles Catalogue August 20 - 26, 2025 VIC METRO",2025-08-20,2025-08-27,27,Coles Fruit Puree Pouch 90g,1.1,,,,everyday,90g,$12.22 per kg,Coles Fruit Puree Pouch 90g | $12.22 per kg | Dom,96.22,True,single_price_evidence,https://caau.syd1.cdn.digitaloceanspaces.com/wp-content/uploads/catalogue/coles/coles-catalogue-august-20-26-2025-vic-metro/27.jpg,https://www.catalogueau.com/coles/#catalogue=coles/coles-catalogue-august-20-26-2025-vic-metro/,unit_price,unit_price,1,review
Coles,VIC METRO,"Coles Catalogue August 20 - 26, 2025 VIC METRO",2025-08-20,2025-08-27,27,ea Coles Jam Fancy Biscuits,7.0,,,,everyday,,$1.07 per 100g,50 | ea | Coles Jam Fancy Biscuits | 140g $1.07 per 100g,95.41,True,single_price_evidence,https://caau.syd1.cdn.digitaloceanspaces.com/wp-content/uploads/catalogue/coles/coles-catalogue-august-20-26-2025-vic-metro/27.jpg,https://www.catalogueau.com/coles/#catalogue=coles/coles-catalogue-august-20-26-2025-vic-metro/,displayed_price,displayed_price,1,review
Coles,VIC METRO,"Coles Catalogue August 20 - 26, 2025 VIC METRO",2025-08-20,2025-08-27,27,Coles Pink & White Marshmallows 150g,2.1,,,,everyday,150g,$1.40 per 100g,Coles Pink & White | Marshmallows 150g | $1.40 per 100g,95.91,True,single_price_evidence,https://caau.syd1.cdn.digitaloceanspaces.com/wp-content/uploads/catalogue/coles/coles-catalogue-august-20-26-2025-vic-metro/27.jpg,https://www.catalogueau.com/coles/#catalogue=coles/coles-catalogue-august-20-26-2025-vic-metro/,unit_price,unit_price,1,review
Coles,VIC METRO,"Coles Catalogue August 20 - 26, 2025 VIC METRO",2025-08-20,2025-08-27,27,Coles Party Mix 150g,1.5,,,,everyday,150g,$1.00 per 100g,Coles Party Mix 150g | $1.00 | $1.00 per 100g,96.46,False,,https://caau.syd1.cdn.digitaloceanspaces.com/wp-content/uploads/catalogue/coles/coles-catalogue-august-20-26-2025-vic-metro/27.jpg,https://www.catalogueau.com/coles/#catalogue=coles/coles-catalogue-august-20-26-2025-vic-metro/,displayed_price,displayed_price;unit_price,2,verified
Coles,VIC METRO,"Coles Catalogue August 20 - 26, 2025 VIC METRO",2025-08-20,2025-08-27,27,Coles Protein Bars 5 Pack 190g,4.0,,,,everyday,5 Pack; 190g,$2.11 per 100g,Coles Protein Bars 5 Pack 190g | $2.11 per 100g,96.41,False,,https://caau.syd1.cdn.digitaloceanspaces.com/wp-content/uploads/catalogue/coles/coles-catalogue-august-20-26-2025-vic-metro/27.jpg,https://www.catalogueau.com/coles/#catalogue=coles/coles-catalogue-august-20-26-2025-vic-metro/,displayed_price,displayed_price;unit_price,2,verified
Coles,VIC METRO,"Coles Catalogue August 20 - 26, 2025 VIC METRO",2025-08-20,2025-08-27,27,Coles Lightly Sparkling Water 12x500mL,7.8,,,,everyday,12x500mL,$1.30 per litre,Coles Lightly Sparkling Water | 12x500mL $1.30 per litre,95.2,False,,https://caau.syd1.cdn.digitaloceanspaces.com/wp-content/uploads/catalogue/coles/coles-catalogue-august-20-26-2025-vic-metro/27.jpg,https://www.catalogueau.com/coles/#catalogue=coles/coles-catalogue-august-20-26-2025-vic-metro/,displayed_price,displayed_price;unit_price,2,verified
Coles,VIC METRO,"Coles Catalogue August 20 - 26, 2025 VIC METRO",2025-08-20,2025-08-27,28,Minor Fit Minor Figures Barista Oat Milk,3.7,4.4,0.7,15.91,save_amount,,$3.70 per litre,WAS $4.40 | WAS $4.40 | Minor Fit | Minor Figures Barista Oat Milk | es | 1 Litre S. | 1 Litre $3.70 per litre,79.0,True,low_name_confidence_strict;single_price_evidence,https://caau.syd1.cdn.digitaloceanspaces.com/wp-content/uploads/catalogue/coles/coles-catalogue-august-20-26-2025-vic-metro/28.jpg,https://www.catalogueau.com/coles/#catalogue=coles/coles-catalogue-august-20-26-2025-vic-metro/,displayed_price,displayed_price,1,review
Coles,VIC METRO,"Coles Catalogue August 20 - 26, 2025 VIC METRO",2025-08-20,2025-08-27,28,St. Dalfour Fruit Spread 284g,4.8,5.7,0.9,15.79,save_amount,284g,$1.69 per 100g,WASS$5.70 | WASS$5.70 | JUN 2025 | St. Dalfour Fruit Spread 284g | $1.69 per 100g,94.99,False,,https://caau.syd1.cdn.digitaloceanspaces.com/wp-content/uploads/catalogue/coles/coles-catalogue-august-20-26-2025-vic-metro/28.jpg,https://www.catalogueau.com/coles/#catalogue=coles/coles-catalogue-august-20-26-2025-vic-metro/,displayed_price,displayed_price;unit_price,2,verified
Coles,VIC METRO,"Coles Catalogue August 20 - 26, 2025 VIC METRO",2025-08-20,2025-08-27,28,Sanitarium So Good Barista Soy Milk 1 Litre,2.0,3.0,1.0,33.33,save_amount,1 Litre,$2.00 per litre,SAVE*1 | WASS3 | Sanitarium So Good Barista | Soy Milk 1 Litre $2.00 per litre | t=,96.19,False,,https://caau.syd1.cdn.digitaloceanspaces.com/wp-content/uploads/catalogue/coles/coles-catalogue-august-20-26-2025-vic-metro/28.jpg,https://www.catalogueau.com/coles/#catalogue=coles/coles-catalogue-august-20-26-2025-vic-metro/,save_was_arithmetic,displayed_price;save_was_arithmetic;unit_price,3,verified
Coles,VIC METRO,"Coles Catalogue August 20 - 26, 2025 VIC METRO",2025-08-20,2025-08-27,28,Nescafé Gold 180g-200g Bonus),13.5,20.0,6.5,32.5,save_amount,180g; 200g,,"SAVE56.50 | WAS $20 | Nescafé Gold 180g-200g | Bonus) | entry,",93.51,True,product_name_suspicious;single_price_evidence,https://caau.syd1.cdn.digitaloceanspaces.com/wp-content/uploads/catalogue/coles/coles-catalogue-august-20-26-2025-vic-metro/28.jpg,https://www.catalogueau.com/coles/#catalogue=coles/coles-catalogue-august-20-26-2025-vic-metro/,unknown,,0,review
Coles,VIC METRO,"Coles Catalogue August 20 - 26, 2025 VIC METRO",2025-08-20,2025-08-27,28,Lavazza Qualita Oro Coffee Beans or Ground 500g,16.0,32.0,16.0,50.0,half_price,500g,$3.20 per 100g,SAVE%16 | WASS$32 | Lavazza Qualita Oro Coffee Beans | or Ground 500g $3.20 per 100g | — | pe | FFE | ),95.38,False,,https://caau.syd1.cdn.digitaloceanspaces.com/wp-content/uploads/catalogue/coles/coles-catalogue-august-20-26-2025-vic-metro/28.jpg,https://www.catalogueau.com/coles/#catalogue=coles/coles-catalogue-august-20-26-2025-vic-metro/,save_was_arithmetic,save_was_arithmetic;unit_price,2,verified
Coles,VIC METRO,"Coles Catalogue August 20 - 26, 2025 VIC METRO",2025-08-20,2025-08-27,28,Starbucks by Nespresso Coffee Capsules 36 Pack,19.45,69.45,50.0,71.99,save_amount,36 Pack,$0.54 per each,SAVE'.50 | Starbucks by Nespresso Coffee | Capsules 36 Pack $0.54 per each | 28,96.34,True,single_price_evidence,https://caau.syd1.cdn.digitaloceanspaces.com/wp-content/uploads/catalogue/coles/coles-catalogue-august-20-26-2025-vic-metro/28.jpg,https://www.catalogueau.com/coles/#catalogue=coles/coles-catalogue-august-20-26-2025-vic-metro/,unknown,,0,review
Coles,VIC METRO,"Coles Catalogue August 20 - 26, 2025 VIC METRO",2025-08-20,2025-08-27,28,Vittoria Espresso Coffee Beans or Ground 1kg,39.0,56.0,17.0,30.36,save_amount,1kg,$3.90 per 100g,SAVES17 | WASS$56 | Vittoria Espresso Coffee Beans | or Ground 1kg $3.90 per 100g,95.03,False,,https://caau.syd1.cdn.digitaloceanspaces.com/wp-content/uploads/catalogue/coles/coles-catalogue-august-20-26-2025-vic-metro/28.jpg,https://www.catalogueau.com/coles/#catalogue=coles/coles-catalogue-august-20-26-2025-vic-metro/,save_was_arithmetic,displayed_price;save_was_arithmetic;unit_price,3,verified
Coles,VIC METRO,"Coles Catalogue August 20 - 26, 2025 VIC METRO",2025-08-20,2025-08-27,28,Moccona Specialty Blend Instant Coffee 200g,17.0,24.6,7.6,30.89,save_amount,200g,$8.50 per 100g,WASS24.60 | WASS24.60 | Moccona Specialty Blend Instant | Coffee 200g $8.50 per 100g. | *See page 14 for T&Cs | VIC-METRO-2008-25-456800,95.27,False,,https://caau.syd1.cdn.digitaloceanspaces.com/wp-content/uploads/catalogue/coles/coles-catalogue-august-20-26-2025-vic-metro/28.jpg,https://www.catalogueau.com/coles/#catalogue=coles/coles-catalogue-august-20-26-2025-vic-metro/,displayed_price,displayed_price;unit_price,2,verified
Coles,VIC METRO,"Coles Catalogue August 20 - 26, 2025 VIC METRO",2025-08-20,2025-08-27,28,JUL 20: Minor Fit,3.7,4.4,0.7,15.91,down_down,,$3.70 per litre,DOWN DOWN | JUL 20: | Minor Fit | Minor Figures Barista Oat Milk | es | 1 Litre S. | 1 Litre $3.70 per litre,78.99,True,low_name_confidence_strict;single_price_evidence,https://caau.syd1.cdn.digitaloceanspaces.com/wp-content/uploads/catalogue/coles/coles-catalogue-august-20-26-2025-vic-metro/28.jpg,https://www.catalogueau.com/coles/#catalogue=coles/coles-catalogue-august-20-26-2025-vic-metro/,displayed_price,displayed_price,1,review
Coles,VIC METRO,"Coles Catalogue August 20 - 26, 2025 VIC METRO",2025-08-20,2025-08-27,28,Dorset Granola 450g,7.0,,,,down_down,450g,$1.56 per 100g,Dorset Granola 450g | $1.56 per 100g,96.74,False,,https://caau.syd1.cdn.digitaloceanspaces.com/wp-content/uploads/catalogue/coles/coles-catalogue-august-20-26-2025-vic-metro/28.jpg,https://www.catalogueau.com/coles/#catalogue=coles/coles-catalogue-august-20-26-2025-vic-metro/,displayed_price,displayed_price;unit_price,2,verified
Coles,VIC METRO,"Coles Catalogue August 20 - 26, 2025 VIC METRO",2025-08-20,2025-08-27,29,Vittoria Freeze Dried Instant Coffee 400g,23.0,39.0,16.0,41.03,save_amount,400g,$5.75 per 100g,SAVE%16 | WAS | Vittoria Freeze Dried Instant Coffee | 400g $5.75 per 100g | —,96.02,False,,https://caau.syd1.cdn.digitaloceanspaces.com/wp-content/uploads/catalogue/coles/coles-catalogue-august-20-26-2025-vic-metro/29.jpg,https://www.catalogueau.com/coles/#catalogue=coles/coles-catalogue-august-20-26-2025-vic-metro/,displayed_price,displayed_price;unit_price,2,verified
Coles,VIC METRO,"Coles Catalogue August 20 - 26, 2025 VIC METRO",2025-08-20,2025-08-27,29,Bega Smooth or Crunchy Peanut Butter 375g,4.5,5.8,1.3,22.41,save_amount,375g,$1.20 per 100g,SAVE*1.30 | WASS5.80 | Bega Smooth or Crunchy Peanut | Butter 375g $1.20 per 100g | te Me | 1. | MAYVERS | ty,96.47,False,,https://caau.syd1.cdn.digitaloceanspaces.com/wp-content/uploads/catalogue/coles/coles-catalogue-august-20-26-2025-vic-metro/29.jpg,https://www.catalogueau.com/coles/#catalogue=coles/coles-catalogue-august-20-26-2025-vic-metro/,save_was_arithmetic,displayed_price;save_was_arithmetic;unit_price,3,verified
Coles,VIC METRO,"Coles Catalogue August 20 - 26, 2025 VIC METRO",2025-08-20,2025-08-27,29,Nice & Natural Protein Bars 125g-200g,5.0,6.5,1.5,23.08,save_amount,125g; 200g,,SAVE51.50 | WASS6.50 | Nice & Natural Protein Bars | 125g-200g | — | Hilloggs | —,79.0,True,low_name_confidence_strict;single_price_evidence,https://caau.syd1.cdn.digitaloceanspaces.com/wp-content/uploads/catalogue/coles/coles-catalogue-august-20-26-2025-vic-metro/29.jpg,https://www.catalogueau.com/coles/#catalogue=coles/coles-catalogue-august-20-26-2025-vic-metro/,displayed_price,displayed_price,1,review
Coles,VIC METRO,"Coles Catalogue August 20 - 26, 2025 VIC METRO",2025-08-20,2025-08-27,29,Noshu Low Carb Indulgence Bars 150g-160g,5.9,8.9,3.0,33.71,save_amount,150g; 160g,,SAVES3 | WAS$8.90 | Noshu Low Carb Indulgence | Bars 150g-160g | = | ES | UP | sy,94.11,True,single_price_evidence,https://caau.syd1.cdn.digitaloceanspaces.com/wp-content/uploads/catalogue/coles/coles-catalogue-august-20-26-2025-vic-metro/29.jpg,https://www.catalogueau.com/coles/#catalogue=coles/coles-catalogue-august-20-26-2025-vic-metro/,save_was_arithmetic,save_was_arithmetic,1,review
Coles,VIC METRO,"Coles Catalogue August 20 - 26, 2025 VIC METRO",2025-08-20,2025-08-27,29,Mayver's Low Carb High Protein Bars 4 Pack 128g,6.6,8.3,1.7,20.48,save_amount,4 Pack; 128g,$5.16 per 100g,SAVE*1.70 | WASS8.30 | Mayver's Low Carb High | Protein Bars 4 Pack 128g | $5.16 per 100g | VIC-METRO-2008-25-456800,95.28,False,,https://caau.syd1.cdn.digitaloceanspaces.com/wp-content/uploads/catalogue/coles/coles-catalogue-august-20-26-2025-vic-metro/29.jpg,https://www.catalogueau.com/coles/#catalogue=coles/coles-catalogue-august-20-26-2025-vic-metro/,save_was_arithmetic,displayed_price;save_was_arithmetic;unit_price,3,verified
Coles,VIC METRO,"Coles Catalogue August 20 - 26, 2025 VIC METRO",2025-08-20,2025-08-27,29,Nestlé Milo 395g-460g,7.5,10.7,3.2,29.91,save_amount,395g; 460g,,SAVES3.20 | ‘WAS$10.70 | Nestlé Milo 395g-460g | 29,91.66,False,,https://caau.syd1.cdn.digitaloceanspaces.com/wp-content/uploads/catalogue/coles/coles-catalogue-august-20-26-2025-vic-metro/29.jpg,https://www.catalogueau.com/coles/#catalogue=coles/coles-catalogue-august-20-26-2025-vic-metro/,save_was_arithmetic,displayed_price;save_was_arithmetic,2,verified
Coles,VIC METRO,"Coles Catalogue August 20 - 26, 2025 VIC METRO",2025-08-20,2025-08-27,29,Sanitarium Up&Go Liquid Breakfast 6x250mL,8.5,12.6,4.1,32.54,save_amount,6x250mL,$5.67 per litre,SAVE%4.10 | ‘WASS12.60 | Sanitarium Up&Go Liquid | Breakfast 6x250mL | $5.67 per litre,93.29,False,,https://caau.syd1.cdn.digitaloceanspaces.com/wp-content/uploads/catalogue/coles/coles-catalogue-august-20-26-2025-vic-metro/29.jpg,https://www.catalogueau.com/coles/#catalogue=coles/coles-catalogue-august-20-26-2025-vic-metro/,save_was_arithmetic,displayed_price;save_was_arithmetic;unit_price,3,verified
Coles,VIC METRO,"Coles Catalogue August 20 - 26, 2025 VIC METRO",2025-08-20,2025-08-27,29,Kellogg's Nutri Grain 765g or Just Right Cereal 740g,7.0,10.8,3.8,35.19,save_amount,765g; 740g,,WASS10.80 | WASS10.80 | Kellogg's Nutri Grain | 765g or Just Right | Cereal 740g | 29,96.2,True,single_price_evidence,https://caau.syd1.cdn.digitaloceanspaces.com/wp-content/uploads/catalogue/coles/coles-catalogue-august-20-26-2025-vic-metro/29.jpg,https://www.catalogueau.com/coles/#catalogue=coles/coles-catalogue-august-20-26-2025-vic-metro/,displayed_price,displayed_price,1,review
Coles,VIC METRO,"Coles Catalogue August 20 - 26, 2025 VIC METRO",2025-08-20,2025-08-27,29,Jordans Clusters or Granola 500g-750g,5.4,,,,special,500g; 750g,,Jordans Clusters or Granola | 500g-750g | I tin | i,94.76,True,offer_labels_missing;save_amount_missing;regular_price_missing;single_price_evidence,https://caau.syd1.cdn.digitaloceanspaces.com/wp-content/uploads/catalogue/coles/coles-catalogue-august-20-26-2025-vic-metro/29.jpg,https://www.catalogueau.com/coles/#catalogue=coles/coles-catalogue-august-20-26-2025-vic-metro/,displayed_price,displayed_price,1,review
Coles,VIC METRO,"Coles Catalogue August 20 - 26, 2025 VIC METRO",2025-08-20,2025-08-27,30,Coles Finest Luxury Sorbet Tub 500mL,7.0,,,,special,500mL,$1.40 per 100mL,Coles Finest Luxury Sorbet Tub | 500mL $1.40 per 100mL | @,94.44,False,,https://caau.syd1.cdn.digitaloceanspaces.com/wp-content/uploads/catalogue/coles/coles-catalogue-august-20-26-2025-vic-metro/30.jpg,https://www.catalogueau.com/coles/#catalogue=coles/coles-catalogue-august-20-26-2025-vic-metro/,displayed_price,displayed_price;unit_price,2,verified
Coles,VIC METRO,"Coles Catalogue August 20 - 26, 2025 VIC METRO",2025-08-20,2025-08-27,30,Coles Finest Parmentier Potatoes with Herb Butter 500g,4.5,,,,special,500g,$9.00 per kg,Coles Finest Parmentier Potatoes | with Herb Butter 500g $9.00 per kg,96.35,False,,https://caau.syd1.cdn.digitaloceanspaces.com/wp-content/uploads/catalogue/coles/coles-catalogue-august-20-26-2025-vic-metro/30.jpg,https://www.catalogueau.com/coles/#catalogue=coles/coles-catalogue-august-20-26-2025-vic-metro/,displayed_price,displayed_price;unit_price,2,verified
Coles,VIC METRO,"Coles Catalogue August 20 - 26, 2025 VIC METRO",2025-08-20,2025-08-27,30,Coles Finest Pumpkin & Sage Arancini with Cheese 200g,2.0,,,,special,200g,$3.00 per 100g,Coles Finest Pumpkin & Sage | Arancini with Cheese 200g | $3.00 per 100g | 30,94.83,True,offer_labels_missing;save_amount_missing;regular_price_missing;unit_price_conflict;single_price_evidence,https://caau.syd1.cdn.digitaloceanspaces.com/wp-content/uploads/catalogue/coles/coles-catalogue-august-20-26-2025-vic-metro/30.jpg,https://www.catalogueau.com/coles/#catalogue=coles/coles-catalogue-august-20-26-2025-vic-metro/,displayed_price,displayed_price,1,review
Coles,VIC METRO,"Coles Catalogue August 20 - 26, 2025 VIC METRO",2025-08-20,2025-08-27,30,Coles Finest Prosciutto Wrapped Chicken 500g,25.0,,,,special,500g,$25.00 per kg,Coles Finest Prosciutto | Wrapped Chicken 500g | $25.00 per kg,96.51,True,offer_labels_missing;save_amount_missing;regular_price_missing;unit_price_conflict;single_price_evidence,https://caau.syd1.cdn.digitaloceanspaces.com/wp-content/uploads/catalogue/coles/coles-catalogue-august-20-26-2025-vic-metro/30.jpg,https://www.catalogueau.com/coles/#catalogue=coles/coles-catalogue-august-20-26-2025-vic-metro/,displayed_price,displayed_price,1,review
Coles,VIC METRO,"Coles Catalogue August 20 - 26, 2025 VIC METRO",2025-08-20,2025-08-27,30,Coles Finest Cacio e Pepe Gnocchi 400g,12.0,,,,special,400g,$1.50 per 100g,Coles Finest Cacio e Pepe | Gnocchi 400g $1.50 per 100g | VIC-METRO-2008-25-456800,95.37,True,offer_labels_missing;save_amount_missing;regular_price_missing;unit_price_conflict;single_price_evidence,https://caau.syd1.cdn.digitaloceanspaces.com/wp-content/uploads/catalogue/coles/coles-catalogue-august-20-26-2025-vic-metro/30.jpg,https://www.catalogueau.com/coles/#catalogue=coles/coles-catalogue-august-20-26-2025-vic-metro/,displayed_price,displayed_price,1,review
Coles,VIC METRO,"Coles Catalogue August 20 - 26, 2025 VIC METRO",2025-08-20,2025-08-27,31,The Juice Brothers Tropical Juice 1 Litre,4.0,5.0,1.0,20.0,save_amount,1 Litre,$4.00 per litre,WASS5 | WASS5 | The Juice Brothers Tropical Juice | 1 Litre $4.00 per litre | eat | i,96.09,True,single_price_evidence,https://caau.syd1.cdn.digitaloceanspaces.com/wp-content/uploads/catalogue/coles/coles-catalogue-august-20-26-2025-vic-metro/31.jpg,https://www.catalogueau.com/coles/#catalogue=coles/coles-catalogue-august-20-26-2025-vic-metro/,unit_price,unit_price,1,review
Coles,VIC METRO,"Coles Catalogue August 20 - 26, 2025 VIC METRO",2025-08-20,2025-08-27,31,Rokeby Probiotic Filmjolk Natural Yoghurt 750g,4.15,5.2,1.05,20.19,save_amount,750g,$0.55 per 100g,WAS$5.20 | WAS$5.20 | Rokeby Probiotic Filmjolk Natural | Yoghurt 750g $0.55 per 100g | | | eat,79.0,True,low_name_confidence_strict,https://caau.syd1.cdn.digitaloceanspaces.com/wp-content/uploads/catalogue/coles/coles-catalogue-august-20-26-2025-vic-metro/31.jpg,https://www.catalogueau.com/coles/#catalogue=coles/coles-catalogue-august-20-26-2025-vic-metro/,displayed_price,displayed_price;unit_price,2,review
Coles,VIC METRO,"Coles Catalogue August 20 - 26, 2025 VIC METRO",2025-08-20,2025-08-27,31,Don Sliced Meat 160g-200g =,5.0,6.6,1.6,24.24,save_amount,160g; 200g,,WAS$6.60 | WAS$6.60 | Don Sliced Meat 160g-200g | = | at | tassal,79.0,True,low_name_confidence_strict;single_price_evidence,https://caau.syd1.cdn.digitaloceanspaces.com/wp-content/uploads/catalogue/coles/coles-catalogue-august-20-26-2025-vic-metro/31.jpg,https://www.catalogueau.com/coles/#catalogue=coles/coles-catalogue-august-20-26-2025-vic-metro/,displayed_price,displayed_price,1,review
Coles,VIC METRO,"Coles Catalogue August 20 - 26, 2025 VIC METRO",2025-08-20,2025-08-27,31,Tassal Smoked Salmon 150g,10.0,15.0,5.0,33.33,save_amount,150g,$66.67 per kg,‘WASSI5 | ‘WASSI5 | Tassal Smoked Salmon 150g | $66.67 per kg | Ee | Lait,95.2,False,,https://caau.syd1.cdn.digitaloceanspaces.com/wp-content/uploads/catalogue/coles/coles-catalogue-august-20-26-2025-vic-metro/31.jpg,https://www.catalogueau.com/coles/#catalogue=coles/coles-catalogue-august-20-26-2025-vic-metro/,displayed_price,displayed_price;unit_price,2,verified
Coles,VIC METRO,"Coles Catalogue August 20 - 26, 2025 VIC METRO",2025-08-20,2025-08-27,31,0.88 per 100g eee,5.5,,,,special,100g,,WAS BUS | WAS BUS | 0.88 per 100g | eee | =,70.26,True,save_amount_missing;regular_price_missing;low_name_confidence_strict;single_price_evidence,https://caau.syd1.cdn.digitaloceanspaces.com/wp-content/uploads/catalogue/coles/coles-catalogue-august-20-26-2025-vic-metro/31.jpg,https://www.catalogueau.com/coles/#catalogue=coles/coles-catalogue-august-20-26-2025-vic-metro/,displayed_price,displayed_price,1,review
Coles,VIC METRO,"Coles Catalogue August 20 - 26, 2025 VIC METRO",2025-08-20,2025-08-27,31,ta Sauce 425g,5.5,97.0,91.5,94.33,save_amount,425g,,WAS 97. 50 | WAS 97. 50 | ta Sauce 425g | $1.29 | 1.29 per 100g | — | SSS,79.0,True,low_name_confidence_strict;single_price_evidence,https://caau.syd1.cdn.digitaloceanspaces.com/wp-content/uploads/catalogue/coles/coles-catalogue-august-20-26-2025-vic-metro/31.jpg,https://www.catalogueau.com/coles/#catalogue=coles/coles-catalogue-august-20-26-2025-vic-metro/,displayed_price,displayed_price,1,review
Coles,VIC METRO,"Coles Catalogue August 20 - 26, 2025 VIC METRO",2025-08-20,2025-08-27,31,Tasmanian Heritage Trilogy 140g,6.5,,,,special,140g,$46.43 per kg,Tasmanian Heritage Trilogy 140g | $46.43 per kg,95.88,True,single_price_evidence,https://caau.syd1.cdn.digitaloceanspaces.com/wp-content/uploads/catalogue/coles/coles-catalogue-august-20-26-2025-vic-metro/31.jpg,https://www.catalogueau.com/coles/#catalogue=coles/coles-catalogue-august-20-26-2025-vic-metro/,unit_price,unit_price,1,review
Coles,VIC METRO,"Coles Catalogue August 20 - 26, 2025 VIC METRO",2025-08-20,2025-08-27,31,South Cape Brie 200g,6.8,,,,special,200g,$34.00 per kg,South Cape Brie 200g | $34.00 per kg,96.65,True,single_price_evidence,https://caau.syd1.cdn.digitaloceanspaces.com/wp-content/uploads/catalogue/coles/coles-catalogue-august-20-26-2025-vic-metro/31.jpg,https://www.catalogueau.com/coles/#catalogue=coles/coles-catalogue-august-20-26-2025-vic-metro/,unit_price,unit_price,1,review
Coles,VIC METRO,"Coles Catalogue August 20 - 26, 2025 VIC METRO",2025-08-20,2025-08-27,32,Chobani Greek Yogurt Pouch 140g,2.15,2.7,0.55,20.37,save_amount,140g,$1.54 per 100g,WAS $2.70 | WAS $2.70 | MAY 2025 | Chobani Greek Yogurt Pouch | 140g $1.54 per 100g,95.64,True,single_price_evidence,https://caau.syd1.cdn.digitaloceanspaces.com/wp-content/uploads/catalogue/coles/coles-catalogue-august-20-26-2025-vic-metro/32.jpg,https://www.catalogueau.com/coles/#catalogue=coles/coles-catalogue-august-20-26-2025-vic-metro/,unit_price,unit_price,1,review
Coles,VIC METRO,"Coles Catalogue August 20 - 26, 2025 VIC METRO",2025-08-20,2025-08-27,32,Danone Ultimate Double Cream Yoghurt 4x115g,4.5,5.75,1.25,21.74,save_amount,4x115g,$0.98 per 100g,WASS$5.75 | WASS$5.75 | JUN 2025 | Danone Ultimate Double | Cream Yoghurt 4x115g | $0.98 per 100g,94.36,True,single_price_evidence,https://caau.syd1.cdn.digitaloceanspaces.com/wp-content/uploads/catalogue/coles/coles-catalogue-august-20-26-2025-vic-metro/32.jpg,https://www.catalogueau.com/coles/#catalogue=coles/coles-catalogue-august-20-26-2025-vic-metro/,unit_price,unit_price,1,review
Coles,VIC METRO,"Coles Catalogue August 20 - 26, 2025 VIC METRO",2025-08-20,2025-08-27,32,Nuttelex Spread 500g,4.5,5.2,0.7,13.46,save_amount,500g,$0.90 per 100g,WASS$5.20 | WASS$5.20 | MAY 2025 | Nuttelex Spread 500g | $0.90 per 100g,94.9,False,,https://caau.syd1.cdn.digitaloceanspaces.com/wp-content/uploads/catalogue/coles/coles-catalogue-august-20-26-2025-vic-metro/32.jpg,https://www.catalogueau.com/coles/#catalogue=coles/coles-catalogue-august-20-26-2025-vic-metro/,displayed_price,displayed_price;unit_price,2,verified
Coles,VIC METRO,"Coles Catalogue August 20 - 26, 2025 VIC METRO",2025-08-20,2025-08-27,32,Nestlé Milo Energy Dairy Snack Pouch 150g,1.8,2.8,1.0,35.71,save_amount,150g,$1.20 per 100g,SAVES1 | WASS$2.80 | Nestlé Milo Energy Dairy Snack Pouch 150g | $1.20 per 100g | ~ | ——_ ea,95.88,False,,https://caau.syd1.cdn.digitaloceanspaces.com/wp-content/uploads/catalogue/coles/coles-catalogue-august-20-26-2025-vic-metro/32.jpg,https://www.catalogueau.com/coles/#catalogue=coles/coles-catalogue-august-20-26-2025-vic-metro/,save_was_arithmetic,save_was_arithmetic;unit_price,2,verified
Coles,VIC METRO,"Coles Catalogue August 20 - 26, 2025 VIC METRO",2025-08-20,2025-08-27,32,Tamar Valley Dairy Kids Yoghurt Pouch 110g,1.75,2.5,0.75,30.0,save_amount,110g,$1.59 per 100g,SAVE75¢ | WASS2.50 | Tamar Valley Dairy Kids Yoghurt Pouch 110g | $1.59 per 100g,94.88,False,,https://caau.syd1.cdn.digitaloceanspaces.com/wp-content/uploads/catalogue/coles/coles-catalogue-august-20-26-2025-vic-metro/32.jpg,https://www.catalogueau.com/coles/#catalogue=coles/coles-catalogue-august-20-26-2025-vic-metro/,displayed_price,displayed_price;unit_price,2,verified
Coles,VIC METRO,"Coles Catalogue August 20 - 26, 2025 VIC METRO",2025-08-20,2025-08-27,32,Wicked Sister Twin Pack Desserts 300g-340g,3.4,4.9,1.5,30.61,save_amount,300g; 340g,,SAVE51.50 | WAS$4.90 | Wicked Sister Twin Pack Desserts | 300g-340g | v | “97 *O | co,94.51,True,single_price_evidence,https://caau.syd1.cdn.digitaloceanspaces.com/wp-content/uploads/catalogue/coles/coles-catalogue-august-20-26-2025-vic-metro/32.jpg,https://www.catalogueau.com/coles/#catalogue=coles/coles-catalogue-august-20-26-2025-vic-metro/,displayed_price,displayed_price,1,review
Coles,VIC METRO,"Coles Catalogue August 20 - 26, 2025 VIC METRO",2025-08-20,2025-08-27,32,Gippsland Dairy Twist Yogurt 700g,6.3,790.0,783.7,99.2,save_amount,700g,$0.90 per 100g,"SAVES1.60 | WASS$790 | Gippsland Dairy Twist Yogurt | 700g $0.90 per 100g | So far, we have | \ | w",96.2,False,,https://caau.syd1.cdn.digitaloceanspaces.com/wp-content/uploads/catalogue/coles/coles-catalogue-august-20-26-2025-vic-metro/32.jpg,https://www.catalogueau.com/coles/#catalogue=coles/coles-catalogue-august-20-26-2025-vic-metro/,displayed_price,displayed_price;unit_price,2,verified
Coles,VIC METRO,"Coles Catalogue August 20 - 26, 2025 VIC METRO",2025-08-20,2025-08-27,32,Tamar Valley Dairy Greek Style Yoghurt 1kg,6.2,,,,down_down,1kg,$0.62 per 100g,Tamar Valley Dairy Greek Style | Yoghurt 1kg $0.62 per 100g | ©,95.07,False,,https://caau.syd1.cdn.digitaloceanspaces.com/wp-content/uploads/catalogue/coles/coles-catalogue-august-20-26-2025-vic-metro/32.jpg,https://www.catalogueau.com/coles/#catalogue=coles/coles-catalogue-august-20-26-2025-vic-metro/,displayed_price,displayed_price;unit_price,2,verified
Coles,VIC METRO,"Coles Catalogue August 20 - 26, 2025 VIC METRO",2025-08-20,2025-08-27,33,Devondale Butter 250g,4.6,5.3,0.7,13.21,save_amount,250g,$1.84 per 100g,WAS$5.30 | WAS$5.30 | JUL 2025 | Devondale Butter 250g | $1.84 per 100g,94.45,False,,https://caau.syd1.cdn.digitaloceanspaces.com/wp-content/uploads/catalogue/coles/coles-catalogue-august-20-26-2025-vic-metro/33.jpg,https://www.catalogueau.com/coles/#catalogue=coles/coles-catalogue-august-20-26-2025-vic-metro/,displayed_price,displayed_price;unit_price,2,verified
Coles,VIC METRO,"Coles Catalogue August 20 - 26, 2025 VIC METRO",2025-08-20,2025-08-27,33,Perfect Italiano Grated Cheese 250g,5.8,6.5,0.7,10.77,save_amount,250g,$23.20 per kg,WAS $6.50 | WAS $6.50 | AUG 2025 | 2025 | Perfect Italiano Grated Cheese | 250g $23.20 per kg,95.35,False,,https://caau.syd1.cdn.digitaloceanspaces.com/wp-content/uploads/catalogue/coles/coles-catalogue-august-20-26-2025-vic-metro/33.jpg,https://www.catalogueau.com/coles/#catalogue=coles/coles-catalogue-august-20-26-2025-vic-metro/,displayed_price,displayed_price;unit_price,2,verified
Coles,VIC METRO,"Coles Catalogue August 20 - 26, 2025 VIC METRO",2025-08-20,2025-08-27,33,Great Ocean Road Cheese Block 500g,9.0,10.3,1.3,12.62,save_amount,500g,$18.00 per kg,WAS $10.30 | WAS $10.30 | MAY 2025 | Great Ocean Road Cheese | Block 500g $18.00 per kg,96.17,False,,https://caau.syd1.cdn.digitaloceanspaces.com/wp-content/uploads/catalogue/coles/coles-catalogue-august-20-26-2025-vic-metro/33.jpg,https://www.catalogueau.com/coles/#catalogue=coles/coles-catalogue-august-20-26-2025-vic-metro/,displayed_price,displayed_price;unit_price,2,verified
Coles,VIC METRO,"Coles Catalogue August 20 - 26, 2025 VIC METRO",2025-08-20,2025-08-27,33,Babybel Cheese Mini Cheeses 5x20g,5.0,6.25,1.25,20.0,save_amount,5x20g,$50.00 per kg,SAVE51.25 | WASS$6.25 | Babybel Cheese Mini | Cheeses 5x20g $50.00 per kg | On sale for 2 weeks | Primo,94.37,False,,https://caau.syd1.cdn.digitaloceanspaces.com/wp-content/uploads/catalogue/coles/coles-catalogue-august-20-26-2025-vic-metro/33.jpg,https://www.catalogueau.com/coles/#catalogue=coles/coles-catalogue-august-20-26-2025-vic-metro/,displayed_price,displayed_price;unit_price,2,verified
Coles,VIC METRO,"Coles Catalogue August 20 - 26, 2025 VIC METRO",2025-08-20,2025-08-27,33,Cracker Barrel Cheese Block or Slices 250g,7.0,9.2,2.2,23.91,save_amount,250g,$28.00 per kg,SAVE 52.20 | WASS9.20 | Cracker Barrel Cheese Block | or Slices 250g $28.00 per kg | Bonus,95.97,False,,https://caau.syd1.cdn.digitaloceanspaces.com/wp-content/uploads/catalogue/coles/coles-catalogue-august-20-26-2025-vic-metro/33.jpg,https://www.catalogueau.com/coles/#catalogue=coles/coles-catalogue-august-20-26-2025-vic-metro/,save_was_arithmetic,save_was_arithmetic;unit_price,2,verified
Coles,VIC METRO,"Coles Catalogue August 20 - 26, 2025 VIC METRO",2025-08-20,2025-08-27,33,Cheer Cheese Slices 500g,9.5,11.0,1.5,13.64,save_amount,500g,$19.00 per kg,SAVE*1.50 | WASS | Cheer Cheese Slices 500g | $19.00 per kg | ey),96.16,False,,https://caau.syd1.cdn.digitaloceanspaces.com/wp-content/uploads/catalogue/coles/coles-catalogue-august-20-26-2025-vic-metro/33.jpg,https://www.catalogueau.com/coles/#catalogue=coles/coles-catalogue-august-20-26-2025-vic-metro/,displayed_price,displayed_price;unit_price,2,verified
Coles,VIC METRO,"Coles Catalogue August 20 - 26, 2025 VIC METRO",2025-08-20,2025-08-27,33,Western Star Butter 250g,4.0,5.2,1.2,23.08,save_amount,250g,$1.60 per 100g,"SAVES1.20 | WASS5.20 | Western Star Butter 250g | $1.60 | $1.60 per 100g | Catalogue on sale Wed 20th Aug until Tue 26th Aug 2025 or until Tue 2nd Sep where indicated. Selected | specials commenced Wed 13th Aug. Promotional prices commence 7am Wednesday and may commence or extend | beyond the advertised date. Promotional products and prices are not available on DoorDash, UberEats or at Coles Express,",96.2,False,,https://caau.syd1.cdn.digitaloceanspaces.com/wp-content/uploads/catalogue/coles/coles-catalogue-august-20-26-2025-vic-metro/33.jpg,https://www.catalogueau.com/coles/#catalogue=coles/coles-catalogue-august-20-26-2025-vic-metro/,save_was_arithmetic,displayed_price;save_was_arithmetic;unit_price,3,verified
Coles,VIC METRO,"Coles Catalogue August 20 - 26, 2025 VIC METRO",2025-08-20,2025-08-27,33,Devondale Spreadable Blend 500g,6.0,7.5,1.5,20.0,save_amount,500g,$1.20 per 100g,SAVES1.50 | WAS$7.50 | Devondale Spreadable Blend | 500g $1.20 per 100g,94.43,False,,https://caau.syd1.cdn.digitaloceanspaces.com/wp-content/uploads/catalogue/coles/coles-catalogue-august-20-26-2025-vic-metro/33.jpg,https://www.catalogueau.com/coles/#catalogue=coles/coles-catalogue-august-20-26-2025-vic-metro/,save_was_arithmetic,save_was_arithmetic;unit_price,2,verified
Coles,VIC METRO,"Coles Catalogue August 20 - 26, 2025 VIC METRO",2025-08-20,2025-08-27,34,Creative Gourmet Frozen Blueberries 300g or Frozen Banana Chunks 500g,4.0,5.0,1.0,20.0,save_amount,300g; 500g,,WASS5 | WASS5 | Creative Gourmet | Frozen Blueberries 300g or | Frozen Banana Chunks 500g | Bs 32090 | Du: | =,96.55,True,single_price_evidence,https://caau.syd1.cdn.digitaloceanspaces.com/wp-content/uploads/catalogue/coles/coles-catalogue-august-20-26-2025-vic-metro/34.jpg,https://www.catalogueau.com/coles/#catalogue=coles/coles-catalogue-august-20-26-2025-vic-metro/,displayed_price,displayed_price,1,review
Coles,VIC METRO,"Coles Catalogue August 20 - 26, 2025 VIC METRO",2025-08-20,2025-08-27,34,Mars Smooth & Creamy Frozen Dessert Bars 5 Pack 247mL,6.0,9.5,3.5,36.84,save_amount,5 Pack; 247mL,$2.43 per 100mL,WASS9.50 | WASS9.50 | Mars Smooth & Creamy Frozen | Dessert Bars 5 Pack 247mL | $2.43 per 100mL | PICKERS,94.87,False,,https://caau.syd1.cdn.digitaloceanspaces.com/wp-content/uploads/catalogue/coles/coles-catalogue-august-20-26-2025-vic-metro/34.jpg,https://www.catalogueau.com/coles/#catalogue=coles/coles-catalogue-august-20-26-2025-vic-metro/,displayed_price,displayed_price;unit_price,2,verified
Coles,VIC METRO,"Coles Catalogue August 20 - 26, 2025 VIC METRO",2025-08-20,2025-08-27,34,Streets Rainbow or Chocolate Paddle Pop Sticks 8 Pack 544mL,7.0,9.0,2.0,22.22,save_amount,8 Pack; 544mL,$1.29 per 100mL,WASS9 | WASS9 | Streets Rainbow or Chocolate | Paddle Pop Sticks 8 Pack 544mL | $1.29 per 100mL,95.72,False,,https://caau.syd1.cdn.digitaloceanspaces.com/wp-content/uploads/catalogue/coles/coles-catalogue-august-20-26-2025-vic-metro/34.jpg,https://www.catalogueau.com/coles/#catalogue=coles/coles-catalogue-august-20-26-2025-vic-metro/,displayed_price,displayed_price;unit_price,2,verified
Coles,VIC METRO,"Coles Catalogue August 20 - 26, 2025 VIC METRO",2025-08-20,2025-08-27,34,Birds Eye Air Baked Southern Blue Whiting 380g,8.5,12.6,4.1,32.54,save_amount,380g,$22.37 per kg,WASS$12.60 | WASS$12.60 | Birds Eye Air Baked Southern | Blue Whiting 380g $22.37 per kg | VIC-METRO-2008-25-456800,96.31,True,single_price_evidence,https://caau.syd1.cdn.digitaloceanspaces.com/wp-content/uploads/catalogue/coles/coles-catalogue-august-20-26-2025-vic-metro/34.jpg,https://www.catalogueau.com/coles/#catalogue=coles/coles-catalogue-august-20-26-2025-vic-metro/,unit_price,unit_price,1,review
Coles,VIC METRO,"Coles Catalogue August 20 - 26, 2025 VIC METRO",2025-08-20,2025-08-27,34,KB's Gyoza 750g,12.6,18.0,5.4,30.0,save_amount,750g,$1.68 per 100g,WASS18 | WASS18 | KB's Gyoza 750g | $1.68 per 100g,92.63,True,single_price_evidence,https://caau.syd1.cdn.digitaloceanspaces.com/wp-content/uploads/catalogue/coles/coles-catalogue-august-20-26-2025-vic-metro/34.jpg,https://www.catalogueau.com/coles/#catalogue=coles/coles-catalogue-august-20-26-2025-vic-metro/,unit_price,unit_price,1,review
Coles,VIC METRO,"Coles Catalogue August 20 - 26, 2025 VIC METRO",2025-08-20,2025-08-27,34,Pickers Snacks 230g-350g,10.0,,,,special,230g; 350g,,Pickers Snacks 230g-350g | *See page 14 forT&Cs,94.25,True,offer_labels_missing;save_amount_missing;regular_price_missing;inferred_price_requires_review,https://caau.syd1.cdn.digitaloceanspaces.com/wp-content/uploads/catalogue/coles/coles-catalogue-august-20-26-2025-vic-metro/34.jpg,https://www.catalogueau.com/coles/#catalogue=coles/coles-catalogue-august-20-26-2025-vic-metro/,displayed_price,displayed_price;grid_inference,1,review
Coles,VIC METRO,"Coles Catalogue August 20 - 26, 2025 VIC METRO",2025-08-20,2025-08-27,34,Coles Frozen Mango Sorbet Sticks 6 Pack 360mL,6.0,,,,everyday,6 Pack; 360mL,$1.67 per 100mL,Coles Frozen Mango | Sorbet Sticks 6 Pack 360mL | $1.67 per 100mL | LAGS | du | LS,95.59,False,,https://caau.syd1.cdn.digitaloceanspaces.com/wp-content/uploads/catalogue/coles/coles-catalogue-august-20-26-2025-vic-metro/34.jpg,https://www.catalogueau.com/coles/#catalogue=coles/coles-catalogue-august-20-26-2025-vic-metro/,displayed_price,displayed_price;unit_price,2,verified
Coles,VIC METRO,"Coles Catalogue August 20 - 26, 2025 VIC METRO",2025-08-20,2025-08-27,34,Coles Chocolate & Strawberry Vanilla Milkshake Pops 8 Pack 440mL,5.0,,,,everyday,8 Pack; 440mL,$1.14 per 100mL,Coles Chocolate & Strawberry | Vanilla Milkshake Pops 8 Pack | 440mL $1.14 per 100mL,94.61,False,,https://caau.syd1.cdn.digitaloceanspaces.com/wp-content/uploads/catalogue/coles/coles-catalogue-august-20-26-2025-vic-metro/34.jpg,https://www.catalogueau.com/coles/#catalogue=coles/coles-catalogue-august-20-26-2025-vic-metro/,displayed_price,displayed_price;unit_price,2,verified
Coles,VIC METRO,"Coles Catalogue August 20 - 26, 2025 VIC METRO",2025-08-20,2025-08-27,34,Coles Irresistible Ice Cream Tub 1 Litre,6.5,,,,everyday,1 Litre,$0.65 per 100mL,Coles Irresistible Ice Cream | Tub 1 Litre $0.65 per 100mL | 8 | ‘a,93.31,False,,https://caau.syd1.cdn.digitaloceanspaces.com/wp-content/uploads/catalogue/coles/coles-catalogue-august-20-26-2025-vic-metro/34.jpg,https://www.catalogueau.com/coles/#catalogue=coles/coles-catalogue-august-20-26-2025-vic-metro/,displayed_price,displayed_price;unit_price,2,verified
Coles,VIC METRO,"Coles Catalogue August 20 - 26, 2025 VIC METRO",2025-08-20,2025-08-27,35,Golden Wok Diana Chan's Szechuan Pork Dumplings 230g,6.8,8.5,1.7,20.0,save_amount,230g,$2.96 per 100g,‘WAS§8.50 | ‘WAS§8.50 | Golden Wok Diana Chan's | Szechuan Pork Dumplings 230g | $2.96 per 100g | TOT | MINI CHICKEN | oles:,95.58,False,,https://caau.syd1.cdn.digitaloceanspaces.com/wp-content/uploads/catalogue/coles/coles-catalogue-august-20-26-2025-vic-metro/35.jpg,https://www.catalogueau.com/coles/#catalogue=coles/coles-catalogue-august-20-26-2025-vic-metro/,displayed_price,displayed_price;unit_price,2,verified
Coles,VIC METRO,"Coles Catalogue August 20 - 26, 2025 VIC METRO",2025-08-20,2025-08-27,35,Cadbury Dairy Milk Sticks 4 Pack-6 Pack 300mL-360mL,8.5,12.0,3.5,29.17,save_amount,4 Pack; 6 Pack; 300mL; 360mL,,WASS12 | WASS12 | Cadbury Dairy Milk Sticks | 4 Pack-6 Pack 300mL-360mL,93.83,True,single_price_evidence,https://caau.syd1.cdn.digitaloceanspaces.com/wp-content/uploads/catalogue/coles/coles-catalogue-august-20-26-2025-vic-metro/35.jpg,https://www.catalogueau.com/coles/#catalogue=coles/coles-catalogue-august-20-26-2025-vic-metro/,displayed_price,displayed_price,1,review
Coles,VIC METRO,"Coles Catalogue August 20 - 26, 2025 VIC METRO",2025-08-20,2025-08-27,35,Family Faves Chicken Tenders 1kg,10.0,12.5,2.5,20.0,save_amount,1kg,$10.00 per kg,WASS12.50 | WASS12.50 | Family Faves Chicken Tenders 1kg | $10.00 per kg | VIC-METRO-2008-25-456800,94.69,False,,https://caau.syd1.cdn.digitaloceanspaces.com/wp-content/uploads/catalogue/coles/coles-catalogue-august-20-26-2025-vic-metro/35.jpg,https://www.catalogueau.com/coles/#catalogue=coles/coles-catalogue-august-20-26-2025-vic-metro/,displayed_price,displayed_price;unit_price,2,verified
Coles,VIC METRO,"Coles Catalogue August 20 - 26, 2025 VIC METRO",2025-08-20,2025-08-27,35,The Sweetporium Co Ice Cream Tub 1 Litre,8.0,,,,everyday,1 Litre,$0.80 per 100mL,x | The Sweetporium Co Ice Cream | Tub 1 Litre $0.80 per 100mL,94.11,False,,https://caau.syd1.cdn.digitaloceanspaces.com/wp-content/uploads/catalogue/coles/coles-catalogue-august-20-26-2025-vic-metro/35.jpg,https://www.catalogueau.com/coles/#catalogue=coles/coles-catalogue-august-20-26-2025-vic-metro/,displayed_price,displayed_price;unit_price,2,verified
Coles,VIC METRO,"Coles Catalogue August 20 - 26, 2025 VIC METRO",2025-08-20,2025-08-27,35,Coles Frozen Dulce De Leche Churros 240g,7.0,,,,everyday,240g,$2.92 per 100g,Coles Frozen Dulce | De Leche Churros 240g | $2.92 per 100g,95.1,False,,https://caau.syd1.cdn.digitaloceanspaces.com/wp-content/uploads/catalogue/coles/coles-catalogue-august-20-26-2025-vic-metro/35.jpg,https://www.catalogueau.com/coles/#catalogue=coles/coles-catalogue-august-20-26-2025-vic-metro/,displayed_price,displayed_price;unit_price,2,verified
Coles,VIC METRO,"Coles Catalogue August 20 - 26, 2025 VIC METRO",2025-08-20,2025-08-27,35,Streets Blue Ribbon Frozen Dessert Tub 2 Litre,6.5,,,,everyday,2 Litre,$0.33 per 100mL,Streets Blue Ribbon | Frozen Dessert Tub 2 Litre | $0.33 per 100mL,96.5,True,single_price_evidence,https://caau.syd1.cdn.digitaloceanspaces.com/wp-content/uploads/catalogue/coles/coles-catalogue-august-20-26-2025-vic-metro/35.jpg,https://www.catalogueau.com/coles/#catalogue=coles/coles-catalogue-august-20-26-2025-vic-metro/,displayed_price,displayed_price,1,review
Coles,VIC METRO,"Coles Catalogue August 20 - 26, 2025 VIC METRO",2025-08-20,2025-08-27,35,Dimmies & Tinnies Dim Sims 1.2kg,15.0,,,,everyday,1.2kg,$1.25 per 100g,Dimmies & Tinnies Dim Sims | 1.2kg $1.25 per 100g,93.39,True,single_price_evidence,https://caau.syd1.cdn.digitaloceanspaces.com/wp-content/uploads/catalogue/coles/coles-catalogue-august-20-26-2025-vic-metro/35.jpg,https://www.catalogueau.com/coles/#catalogue=coles/coles-catalogue-august-20-26-2025-vic-metro/,displayed_price,displayed_price,1,review
Coles,VIC METRO,"Coles Catalogue August 20 - 26, 2025 VIC METRO",2025-08-20,2025-08-27,35,Birds Eye Fish Fingers 1kg,11.5,,,,everyday,1kg,$11.50 per kg,Birds Eye Fish Fingers 1kg | $11.50 per kg,94.4,False,,https://caau.syd1.cdn.digitaloceanspaces.com/wp-content/uploads/catalogue/coles/coles-catalogue-august-20-26-2025-vic-metro/35.jpg,https://www.catalogueau.com/coles/#catalogue=coles/coles-catalogue-august-20-26-2025-vic-metro/,displayed_price,displayed_price;unit_price,2,verified
Coles,VIC METRO,"Coles Catalogue August 20 - 26, 2025 VIC METRO",2025-08-20,2025-08-27,35,Coles Kitchen Frozen Entertaining Snacks 160g-330g,15.0,,,,everyday,160g; 330g,,Coles Kitchen Frozen | Entertaining Snacks 160g-330g,95.04,True,single_price_evidence,https://caau.syd1.cdn.digitaloceanspaces.com/wp-content/uploads/catalogue/coles/coles-catalogue-august-20-26-2025-vic-metro/35.jpg,https://www.catalogueau.com/coles/#catalogue=coles/coles-catalogue-august-20-26-2025-vic-metro/,displayed_price,displayed_price,1,review
Coles,VIC METRO,"Coles Catalogue August 20 - 26, 2025 VIC METRO",2025-08-20,2025-08-27,36,smcncnminereacsrant _,14.75,529.5,514.75,97.21,save_amount,,,SAVE514.75 | smcncnminereacsrant | _ | =,11.48,True,low_ocr_confidence;low_name_confidence_strict;single_price_evidence,https://caau.syd1.cdn.digitaloceanspaces.com/wp-content/uploads/catalogue/coles/coles-catalogue-august-20-26-2025-vic-metro/36.jpg,https://www.catalogueau.com/coles/#catalogue=coles/coles-catalogue-august-20-26-2025-vic-metro/,displayed_price,displayed_price,1,review
Coles,VIC METRO,"Coles Catalogue August 20 - 26, 2025 VIC METRO",2025-08-20,2025-08-27,36,Swisse Ultiboost Calcium + D3 + K2 Tablets 60 Pack*,20.0,40.0,20.0,50.0,half_price,60 Pack,$33.33 per 100 each,SAVE‘S20 | Swisse Ultiboost Calcium + D3 + K2 Tablets | 60 Pack* $33.33 per 100 each,93.69,False,,https://caau.syd1.cdn.digitaloceanspaces.com/wp-content/uploads/catalogue/coles/coles-catalogue-august-20-26-2025-vic-metro/36.jpg,https://www.catalogueau.com/coles/#catalogue=coles/coles-catalogue-august-20-26-2025-vic-metro/,displayed_price,displayed_price;unit_price,2,verified
Coles,VIC METRO,"Coles Catalogue August 20 - 26, 2025 VIC METRO",2025-08-20,2025-08-27,36,L'Oréal Elvive Hyaluron Pure Shampoo or Conditioner 340mL,5.5,11.0,5.5,50.0,half_price,340mL,$1.62 per 100mL,"SAVES5.50 | WASSTI | L'Oréal Elvive Hyaluron Pure Shampoo | or Conditioner 340mL $1.62 per 100mL | i | getty,",92.47,True,single_price_evidence,https://caau.syd1.cdn.digitaloceanspaces.com/wp-content/uploads/catalogue/coles/coles-catalogue-august-20-26-2025-vic-metro/36.jpg,https://www.catalogueau.com/coles/#catalogue=coles/coles-catalogue-august-20-26-2025-vic-metro/,unit_price,unit_price,1,review
Coles,VIC METRO,"Coles Catalogue August 20 - 26, 2025 VIC METRO",2025-08-20,2025-08-27,36,Smith's Crackers 160:,5.0,8.0,3.0,37.5,save_amount,,$1.56 per 100g,SAVE $3 | Smith's Crackers 160: | $1.56 per 100g. On sale for 2 weeks | ——,95.35,True,single_price_evidence,https://caau.syd1.cdn.digitaloceanspaces.com/wp-content/uploads/catalogue/coles/coles-catalogue-august-20-26-2025-vic-metro/36.jpg,https://www.catalogueau.com/coles/#catalogue=coles/coles-catalogue-august-20-26-2025-vic-metro/,displayed_price,displayed_price,1,review
Coles,VIC METRO,"Coles Catalogue August 20 - 26, 2025 VIC METRO",2025-08-20,2025-08-27,36,Black Swan Seasonal Edition Creamy Ranch Dip 180g,7.0,9.0,2.0,22.22,save_amount,180g,$1.94 per 100g,SAVE ‘2 | Black Swan Seasonal Edition Creamy | Ranch Dip 180g $1.94 per 100g,96.29,True,unit_price_conflict;single_price_evidence,https://caau.syd1.cdn.digitaloceanspaces.com/wp-content/uploads/catalogue/coles/coles-catalogue-august-20-26-2025-vic-metro/36.jpg,https://www.catalogueau.com/coles/#catalogue=coles/coles-catalogue-august-20-26-2025-vic-metro/,displayed_price,displayed_price,1,review
Coles,VIC METRO,"Coles Catalogue August 20 - 26, 2025 VIC METRO",2025-08-20,2025-08-27,36,Obela Garlic Hommus with Smashed Falafel Dip 220g,8.0,11.0,3.0,27.27,save_amount,220g,$1.82 per 100g,SAVE ‘3 | Obela Garlic Hommus with Smashed Falafel | Dip 220g $1.82 per 100g | ‘This medicine may not be right for you. Read the label before purchase. Follow the directions for use. If symptoms,95.43,True,unit_price_conflict;single_price_evidence,https://caau.syd1.cdn.digitaloceanspaces.com/wp-content/uploads/catalogue/coles/coles-catalogue-august-20-26-2025-vic-metro/36.jpg,https://www.catalogueau.com/coles/#catalogue=coles/coles-catalogue-august-20-26-2025-vic-metro/,displayed_price,displayed_price,1,review
Coles,VIC METRO,"Coles Catalogue August 20 - 26, 2025 VIC METRO",2025-08-20,2025-08-27,37,L'Oréal Elvive Hyaluron Plump Shampoo or Conditioner 340mL,5.5,,,,special,340mL,$1.62 per 100mL,L'Oréal Elvive Hyaluron | Plump Shampoo or | Conditioner 340mL | $1.62 per 100mL,93.14,False,,https://caau.syd1.cdn.digitaloceanspaces.com/wp-content/uploads/catalogue/coles/coles-catalogue-august-20-26-2025-vic-metro/37.jpg,https://www.catalogueau.com/coles/#catalogue=coles/coles-catalogue-august-20-26-2025-vic-metro/,displayed_price,displayed_price;unit_price,2,verified
Coles,VIC METRO,"Coles Catalogue August 20 - 26, 2025 VIC METRO",2025-08-20,2025-08-27,37,Garnier Vitamin C Brightening Serum 30mL,18.5,,,,special,30mL,$61.67 per 100mL,Garnier Vitamin C | Brightening Serum | 30mL $61.67 per 100mL | —EHOWTOENTER | W TO ENTER,94.32,True,single_price_evidence,https://caau.syd1.cdn.digitaloceanspaces.com/wp-content/uploads/catalogue/coles/coles-catalogue-august-20-26-2025-vic-metro/37.jpg,https://www.catalogueau.com/coles/#catalogue=coles/coles-catalogue-august-20-26-2025-vic-metro/,unit_price,unit_price,1,review
Coles,VIC METRO,"Coles Catalogue August 20 - 26, 2025 VIC METRO",2025-08-20,2025-08-27,38,Rascals Premium Baby Wipes 72 Pack-80 Pack,2.5,,,,special,72 Pack; 80 Pack,,Rascals Premium Baby Wipes | 72 Pack-80 Pack,94.99,True,offer_labels_missing;save_amount_missing;regular_price_missing;single_price_evidence,https://caau.syd1.cdn.digitaloceanspaces.com/wp-content/uploads/catalogue/coles/coles-catalogue-august-20-26-2025-vic-metro/38.jpg,https://www.catalogueau.com/coles/#catalogue=coles/coles-catalogue-august-20-26-2025-vic-metro/,displayed_price,displayed_price,1,review
Coles,VIC METRO,"Coles Catalogue August 20 - 26, 2025 VIC METRO",2025-08-20,2025-08-27,38,BabyLove Bulk Nappy Pants 22 Pack-28 Pack,410.0,,,,special,22 Pack; 28 Pack,,BabyLove Bulk Nappy Pants | 22 Pack-28 Pack | ae,93.88,True,offer_labels_missing;save_amount_missing;regular_price_missing;single_price_evidence,https://caau.syd1.cdn.digitaloceanspaces.com/wp-content/uploads/catalogue/coles/coles-catalogue-august-20-26-2025-vic-metro/38.jpg,https://www.catalogueau.com/coles/#catalogue=coles/coles-catalogue-august-20-26-2025-vic-metro/,displayed_price,displayed_price,1,review
Coles,VIC METRO,"Coles Catalogue August 20 - 26, 2025 VIC METRO",2025-08-20,2025-08-27,38,Curash Fragrance Free Sensitive Skin Baby Wipes 240 Pack,9.8,,,,special,240 Pack,$4.08 per 100 each,Curash Fragrance Free | Sensitive Skin Baby | Wipes 240 Pack | $4.08 per 100 each,96.19,False,,https://caau.syd1.cdn.digitaloceanspaces.com/wp-content/uploads/catalogue/coles/coles-catalogue-august-20-26-2025-vic-metro/38.jpg,https://www.catalogueau.com/coles/#catalogue=coles/coles-catalogue-august-20-26-2025-vic-metro/,displayed_price,displayed_price;unit_price,2,verified
Coles,VIC METRO,"Coles Catalogue August 20 - 26, 2025 VIC METRO",2025-08-20,2025-08-27,38,Johnson's Baby Shampoo or Baby Bedtime Bath 500mL,7.7,,,,special,500mL,$1.54 per 100mL,Johnson's Baby Shampoo | or Baby Bedtime Bath | 500mL $1.54 per 100mL,95.28,False,,https://caau.syd1.cdn.digitaloceanspaces.com/wp-content/uploads/catalogue/coles/coles-catalogue-august-20-26-2025-vic-metro/38.jpg,https://www.catalogueau.com/coles/#catalogue=coles/coles-catalogue-august-20-26-2025-vic-metro/,displayed_price,displayed_price;unit_price,2,verified
Coles,VIC METRO,"Coles Catalogue August 20 - 26, 2025 VIC METRO",2025-08-20,2025-08-27,38,BabyLove Sleepy Night Pants 8 Pack or 9 Pack,11.0,,,,special,8 Pack; 9 Pack,,BabyLove Sleepy Night | Pants 8 Pack or 9 Pack,95.18,True,offer_labels_missing;save_amount_missing;regular_price_missing;single_price_evidence,https://caau.syd1.cdn.digitaloceanspaces.com/wp-content/uploads/catalogue/coles/coles-catalogue-august-20-26-2025-vic-metro/38.jpg,https://www.catalogueau.com/coles/#catalogue=coles/coles-catalogue-august-20-26-2025-vic-metro/,displayed_price,displayed_price,1,review
Coles,VIC METRO,"Coles Catalogue August 20 - 26, 2025 VIC METRO",2025-08-20,2025-08-27,38,Alula Advance+ Milk Drink Stage 3 or 4 800g,24.0,,,,special,800g,$3.00 per 100g,Alula Advance+ Milk | Drink Stage 3 or 4 800g | $3.00 per 100g,93.17,False,,https://caau.syd1.cdn.digitaloceanspaces.com/wp-content/uploads/catalogue/coles/coles-catalogue-august-20-26-2025-vic-metro/38.jpg,https://www.catalogueau.com/coles/#catalogue=coles/coles-catalogue-august-20-26-2025-vic-metro/,displayed_price,displayed_price;unit_price,2,verified
Coles,VIC METRO,"Coles Catalogue August 20 - 26, 2025 VIC METRO",2025-08-20,2025-08-27,38,"Only Organic 4+ Months, 6+ Months or 8+ Months Baby Food Pouch 120g",2.0,,,,special,120g,$1.67 per 100g,"Only Organic 4+ Months, | 6+ Months or 8+ Months | Baby Food Pouch 120g | $1.67 per 100g | VIC-METRO-2008-25-456800",95.98,False,,https://caau.syd1.cdn.digitaloceanspaces.com/wp-content/uploads/catalogue/coles/coles-catalogue-august-20-26-2025-vic-metro/38.jpg,https://www.catalogueau.com/coles/#catalogue=coles/coles-catalogue-august-20-26-2025-vic-metro/,displayed_price,displayed_price;unit_price,2,verified
Coles,VIC METRO,"Coles Catalogue August 20 - 26, 2025 VIC METRO",2025-08-20,2025-08-27,38,Libra Invisible Pads with Wings Regular 12 Pack or Super 10 Pack,1.5,,,,special,12 Pack; 10 Pack,,Libra Invisible Pads with | Wings Regular 12 Pack | or Super 10 Pack | 38,79.0,True,offer_labels_missing;save_amount_missing;regular_price_missing;low_name_confidence_strict;single_price_evidence,https://caau.syd1.cdn.digitaloceanspaces.com/wp-content/uploads/catalogue/coles/coles-catalogue-august-20-26-2025-vic-metro/38.jpg,https://www.catalogueau.com/coles/#catalogue=coles/coles-catalogue-august-20-26-2025-vic-metro/,displayed_price,displayed_price,1,review
Coles,VIC METRO,"Coles Catalogue August 20 - 26, 2025 VIC METRO",2025-08-20,2025-08-27,38,Depend Real Fit Continence Underwear,1.44,,,,special,,$1.44 per each,Depend Real Fit | Continence Underwear | for Women Size L or XL | 8 Pack $1.44 per each,96.5,True,single_price_evidence,https://caau.syd1.cdn.digitaloceanspaces.com/wp-content/uploads/catalogue/coles/coles-catalogue-august-20-26-2025-vic-metro/38.jpg,https://www.catalogueau.com/coles/#catalogue=coles/coles-catalogue-august-20-26-2025-vic-metro/,unit_price,unit_price,1,review
Coles,VIC METRO,"Coles Catalogue August 20 - 26, 2025 VIC METRO",2025-08-20,2025-08-27,38,Rafferty's Garden Snack Bars 12+ Months 128g,4.5,,,,special,128g,$3.52 per 100g,Rafferty's Garden | Snack Bars 12+ Months | 128g $3.52 per 100g,95.13,True,single_price_evidence,https://caau.syd1.cdn.digitaloceanspaces.com/wp-content/uploads/catalogue/coles/coles-catalogue-august-20-26-2025-vic-metro/38.jpg,https://www.catalogueau.com/coles/#catalogue=coles/coles-catalogue-august-20-26-2025-vic-metro/,unit_price,unit_price,1,review
Coles,VIC METRO,"Coles Catalogue August 20 - 26, 2025 VIC METRO",2025-08-20,2025-08-27,39,Poise Light Continence Liners 18 Pack,2.5,,,,special,18 Pack,$0.14 per each,Poise Light Continence Liners | 18 Pack $0.14 per each,96.16,True,offer_labels_missing;save_amount_missing;regular_price_missing;single_price_evidence,https://caau.syd1.cdn.digitaloceanspaces.com/wp-content/uploads/catalogue/coles/coles-catalogue-august-20-26-2025-vic-metro/39.jpg,https://www.catalogueau.com/coles/#catalogue=coles/coles-catalogue-august-20-26-2025-vic-metro/,unknown,,0,review
Coles,VIC METRO,"Coles Catalogue August 20 - 26, 2025 VIC METRO",2025-08-20,2025-08-27,39,Difflam Plus Anaesthetic Lozenges 16 Pack*,8.0,,,,special,16 Pack,$0.50 per each,Difflam Plus Anaesthetic Lozenges | 16 Pack* $0.50 per each,94.24,True,offer_labels_missing;save_amount_missing;regular_price_missing;single_price_evidence,https://caau.syd1.cdn.digitaloceanspaces.com/wp-content/uploads/catalogue/coles/coles-catalogue-august-20-26-2025-vic-metro/39.jpg,https://www.catalogueau.com/coles/#catalogue=coles/coles-catalogue-august-20-26-2025-vic-metro/,displayed_price,displayed_price,1,review
Coles,VIC METRO,"Coles Catalogue August 20 - 26, 2025 VIC METRO",2025-08-20,2025-08-27,39,Panadol Rapid Pain Relief Caplets 16 Pack*,5.22,,,,special,16 Pack,$0.33 per each,"Panadol Rapid Pain Relief | Caplets 16 Pack* $0.33 per each | “This medicine may not be right for you. Read the label before purchase. Follow the directions for use | If symptoms persist, talk to your healthcare professional. Incorrect use could be harmful",94.69,True,offer_labels_missing;save_amount_missing;regular_price_missing;single_price_evidence,https://caau.syd1.cdn.digitaloceanspaces.com/wp-content/uploads/catalogue/coles/coles-catalogue-august-20-26-2025-vic-metro/39.jpg,https://www.catalogueau.com/coles/#catalogue=coles/coles-catalogue-august-20-26-2025-vic-metro/,unknown,,0,review
Coles,VIC METRO,"Coles Catalogue August 20 - 26, 2025 VIC METRO",2025-08-20,2025-08-27,39,"Rascals Premium Nappies 210,000 5-Star Reviews Globally",9.0,,,,special,,,"Rascals Premium Nappies | 210,000 5-Star Reviews Globally",95.36,True,offer_labels_missing;save_amount_missing;regular_price_missing;single_price_evidence,https://caau.syd1.cdn.digitaloceanspaces.com/wp-content/uploads/catalogue/coles/coles-catalogue-august-20-26-2025-vic-metro/39.jpg,https://www.catalogueau.com/coles/#catalogue=coles/coles-catalogue-august-20-26-2025-vic-metro/,displayed_price,displayed_price,1,review
Coles,VIC METRO,"Coles Catalogue August 20 - 26, 2025 VIC METRO",2025-08-20,2025-08-27,40,Felix Cat Treats 50g-60g,2.5,,,,special,50g; 60g,,Felix Cat Treats 50g-60g,94.16,True,offer_labels_missing;save_amount_missing;regular_price_missing;single_price_evidence,https://caau.syd1.cdn.digitaloceanspaces.com/wp-content/uploads/catalogue/coles/coles-catalogue-august-20-26-2025-vic-metro/40.jpg,https://www.catalogueau.com/coles/#catalogue=coles/coles-catalogue-august-20-26-2025-vic-metro/,displayed_price,displayed_price,1,review
Coles,VIC METRO,"Coles Catalogue August 20 - 26, 2025 VIC METRO",2025-08-20,2025-08-27,40,Supercoat Dry Dog Food 6.7kg-7kg,27.0,,,,special,6.7kg; 7kg,,Supercoat Dry Dog Food | 6.7kg-7kg,93.5,True,offer_labels_missing;save_amount_missing;regular_price_missing;single_price_evidence,https://caau.syd1.cdn.digitaloceanspaces.com/wp-content/uploads/catalogue/coles/coles-catalogue-august-20-26-2025-vic-metro/40.jpg,https://www.catalogueau.com/coles/#catalogue=coles/coles-catalogue-august-20-26-2025-vic-metro/,displayed_price,displayed_price,1,review
Coles,VIC METRO,"Coles Catalogue August 20 - 26, 2025 VIC METRO",2025-08-20,2025-08-27,40,Pedigree Dry Dog Food 2.5kg-3kg,10.5,,,,special,2.5kg; 3kg,,Pedigree Dry Dog Food | 2.5kg-3kg,94.08,True,offer_labels_missing;save_amount_missing;regular_price_missing;single_price_evidence,https://caau.syd1.cdn.digitaloceanspaces.com/wp-content/uploads/catalogue/coles/coles-catalogue-august-20-26-2025-vic-metro/40.jpg,https://www.catalogueau.com/coles/#catalogue=coles/coles-catalogue-august-20-26-2025-vic-metro/,displayed_price,displayed_price,1,review
Coles,VIC METRO,"Coles Catalogue August 20 - 26, 2025 VIC METRO",2025-08-20,2025-08-27,40,Fussy Cat Cat Food Pouch 12x80,3.1,,,,special,,$0.84 per 100g,Fussy Cat Cat Food | Pouch 12x80 | $0.84 per 100g | Pa,95.76,True,offer_labels_missing;save_amount_missing;regular_price_missing;single_price_evidence,https://caau.syd1.cdn.digitaloceanspaces.com/wp-content/uploads/catalogue/coles/coles-catalogue-august-20-26-2025-vic-metro/40.jpg,https://www.catalogueau.com/coles/#catalogue=coles/coles-catalogue-august-20-26-2025-vic-metro/,displayed_price,displayed_price,1,review
Coles,VIC METRO,"Coles Catalogue August 20 - 26, 2025 VIC METRO",2025-08-20,2025-08-27,40,Fussy Cat Mince Cat Food 5x90g,4.55,,,,special,5x90g,$1.01 per 100g,Fussy Cat Mince | Cat Food 5x90g | $1.01 per 100g. | From the chilled pet food fridge | & | D4,94.24,True,single_price_evidence,https://caau.syd1.cdn.digitaloceanspaces.com/wp-content/uploads/catalogue/coles/coles-catalogue-august-20-26-2025-vic-metro/40.jpg,https://www.catalogueau.com/coles/#catalogue=coles/coles-catalogue-august-20-26-2025-vic-metro/,unit_price,unit_price,1,review
Coles,VIC METRO,"Coles Catalogue August 20 - 26, 2025 VIC METRO",2025-08-20,2025-08-27,43,Belong,15.0,30.0,15.0,50.0,half_price,,,"WAS$30 | WAS$30 | Belong $30 | Mobile SIM | « Includes SIM | card,25GB + | Unlimited calls | & texts in Aus.",96.91,True,single_price_evidence,https://caau.syd1.cdn.digitaloceanspaces.com/wp-content/uploads/catalogue/coles/coles-catalogue-august-20-26-2025-vic-metro/43.jpg,https://www.catalogueau.com/coles/#catalogue=coles/coles-catalogue-august-20-26-2025-vic-metro/,displayed_price,displayed_price,1,review
Coles,VIC METRO,"Coles Catalogue August 20 - 26, 2025 VIC METRO",2025-08-20,2025-08-27,43,"+First 28 days only, thereafter",13.0,39.0,26.0,66.67,save_amount,,,"WAS$39 | WAS$39 | +First 28 days only, thereafter $39/28 days",94.0,True,single_price_evidence,https://caau.syd1.cdn.digitaloceanspaces.com/wp-content/uploads/catalogue/coles/coles-catalogue-august-20-26-2025-vic-metro/43.jpg,https://www.catalogueau.com/coles/#catalogue=coles/coles-catalogue-august-20-26-2025-vic-metro/,displayed_price,displayed_price,1,review
Coles,VIC METRO,"Coles Catalogue August 20 - 26, 2025 VIC METRO",2025-08-20,2025-08-27,43,Lyca Mobile,9.0,30.0,21.0,70.0,save_amount,,,WASS30 | WASS30 | Lyca Mobile $30 | Starter Pack | + 50GB + 50GB bonus | data first 5 recharges,95.01,True,single_price_evidence,https://caau.syd1.cdn.digitaloceanspaces.com/wp-content/uploads/catalogue/coles/coles-catalogue-august-20-26-2025-vic-metro/43.jpg,https://www.catalogueau.com/coles/#catalogue=coles/coles-catalogue-august-20-26-2025-vic-metro/,displayed_price,displayed_price,1,review
Coles,VIC METRO,"Coles Catalogue August 20 - 26, 2025 VIC METRO",2025-08-20,2025-08-27,43,amaysim,12.0,35.0,23.0,65.71,save_amount,,,"‘WAS§35 | ‘WAS§35 | amaysim $35 | Starter Pack | + 42GB + 18GB bonus | data first 3 renewals | General Devices: Excluding iPhones, all devices are Network Locked. Unlockin | offers are included in device packaging. General SIMs: All value SIMs include",88.31,True,single_price_evidence,https://caau.syd1.cdn.digitaloceanspaces.com/wp-content/uploads/catalogue/coles/coles-catalogue-august-20-26-2025-vic-metro/43.jpg,https://www.catalogueau.com/coles/#catalogue=coles/coles-catalogue-august-20-26-2025-vic-metro/,displayed_price,displayed_price,1,review
Coles,VIC METRO,"Coles Catalogue August 20 - 26, 2025 VIC METRO",2025-08-20,2025-08-27,43,"Optus X Total 4G + 6.75"" HD+ display",99.0,129.0,30.0,23.26,save_amount,4G,,"WASS129 | WASS129 | Optus X Total 4G | + 6.75"" HD+ display | * 13MP dual Al camera | ft",94.21,True,single_price_evidence,https://caau.syd1.cdn.digitaloceanspaces.com/wp-content/uploads/catalogue/coles/coles-catalogue-august-20-26-2025-vic-metro/43.jpg,https://www.catalogueau.com/coles/#catalogue=coles/coles-catalogue-august-20-26-2025-vic-metro/,displayed_price,displayed_price,1,review
Coles,VIC METRO,"Coles Catalogue August 20 - 26, 2025 VIC METRO",2025-08-20,2025-08-27,43,Optus X Tap 3 4G + 6.6” HD+ display,129.0,149.0,20.0,13.42,save_amount,4G,,WASS149 | WASS149 | Optus X Tap 3 4G | + 6.6” HD+ display | + SOMP main camera | fees may apply. All included starter pack | st recharge applied on activation. All for,91.78,True,single_price_evidence,https://caau.syd1.cdn.digitaloceanspaces.com/wp-content/uploads/catalogue/coles/coles-catalogue-august-20-26-2025-vic-metro/43.jpg,https://www.catalogueau.com/coles/#catalogue=coles/coles-catalogue-august-20-26-2025-vic-metro/,displayed_price,displayed_price,1,review
Coles,VIC METRO,"Coles Catalogue August 20 - 26, 2025 VIC METRO",2025-08-20,2025-08-27,43,28 day expiry Value SIM includes first recharge,39.0,,,,special,,,28 day expiry | Value SIM includes first recharge | ADVERTISER PROMOTION,96.16,True,offer_labels_missing;save_amount_missing;regular_price_missing;single_price_evidence,https://caau.syd1.cdn.digitaloceanspaces.com/wp-content/uploads/catalogue/coles/coles-catalogue-august-20-26-2025-vic-metro/43.jpg,https://www.catalogueau.com/coles/#catalogue=coles/coles-catalogue-august-20-26-2025-vic-metro/,displayed_price,displayed_price,1,review
Coles,VIC METRO,"Coles Catalogue August 20 - 26, 2025 VIC METRO",2025-08-20,2025-08-27,45,‘Purchase 8 or +Purchase 8 or more bottles of wine (excluding cask wine) in one transaction and scan or enter your Flybuys at the time of purchase,10.0,,,,special,,,‘Purchase 8 or | +Purchase 8 or more bottles of wine (excluding cask wine) in one transaction and scan or enter your Flybuys at the time of purchase | wine (eluding cas | 3) none rane | Uiseount applied aftr savings and iceunts | Discount applied after savings and discounts. Offer excludes stores in NT and South Hedland areas in WA and purchases,72.7,True,offer_labels_missing;save_amount_missing;regular_price_missing;low_name_confidence_strict;single_price_evidence,https://caau.syd1.cdn.digitaloceanspaces.com/wp-content/uploads/catalogue/coles/coles-catalogue-august-20-26-2025-vic-metro/45.jpg,https://www.catalogueau.com/coles/#catalogue=coles/coles-catalogue-august-20-26-2025-vic-metro/,displayed_price,displayed_price,1,review
