retailer,region,catalogue_title,catalogue_start_date,catalogue_end_date,page_number,product_name,special_price,regular_price,save_amount,discount_percent,promo_type,pack_size,unit_price_text,offer_text,ocr_confidence,needs_review,review_reason,source_page_image,source_catalogue_url,price_source,price_evidence,evidence_count,verification_status
Coles,VIC METRO,"Coles Catalogue February 5 - 11, 2025 VIC METRO",2025-02-05,2025-02-12,1,Bulla Creamy Classic Ice Cream Tub 2 Litre,5.5,11.0,5.5,50.0,half_price,2 Litre,$0.28 per 100mL,WASS11 | WASS11 | Bulla Creamy Classic | Ice Cream Tub 2 Litre | $0.28 per 100mL,95.29,True,single_price_evidence,https://caau.syd1.cdn.digitaloceanspaces.com/wp-content/uploads/catalogue/coles/coles-catalogue-february-5-11-2025-vic-metro/1.jpg,https://www.catalogueau.com/coles/#catalogue=coles/coles-catalogue-february-5-11-2025-vic-metro/,displayed_price,displayed_price,1,review
Coles,VIC METRO,"Coles Catalogue February 5 - 11, 2025 VIC METRO",2025-02-05,2025-02-12,1,Twinings Tea Bags 80 Pack-100 Pack,6.75,13.5,6.75,50.0,half_price,80 Pack; 100 Pack,,WASS13.50 | WASS13.50 | Twinings Tea Bags | 80 Pack-100 Pack,95.2,True,single_price_evidence,https://caau.syd1.cdn.digitaloceanspaces.com/wp-content/uploads/catalogue/coles/coles-catalogue-february-5-11-2025-vic-metro/1.jpg,https://www.catalogueau.com/coles/#catalogue=coles/coles-catalogue-february-5-11-2025-vic-metro/,displayed_price,displayed_price,1,review
Coles,VIC METRO,"Coles Catalogue February 5 - 11, 2025 VIC METRO",2025-02-05,2025-02-12,1,Coles Easter A,1.38,,,,special,,$1.38 per each,“ | — | Coles Easter A | $1.38 per each. While stocks last. No rainchecks,79.0,True,low_name_confidence_strict;single_price_evidence,https://caau.syd1.cdn.digitaloceanspaces.com/wp-content/uploads/catalogue/coles/coles-catalogue-february-5-11-2025-vic-metro/1.jpg,https://www.catalogueau.com/coles/#catalogue=coles/coles-catalogue-february-5-11-2025-vic-metro/,unit_price,unit_price,1,review
Coles,VIC METRO,"Coles Catalogue February 5 - 11, 2025 VIC METRO",2025-02-05,2025-02-12,2,Cadbury Chocolate Bar 30g-55g,1.0,2.5,1.5,60.0,save_amount,30g; 55g,,SAVES1.50 | WAS$2.50 | Cadbury Chocolate Bar | 30g-55g,93.54,False,,https://caau.syd1.cdn.digitaloceanspaces.com/wp-content/uploads/catalogue/coles/coles-catalogue-february-5-11-2025-vic-metro/2.jpg,https://www.catalogueau.com/coles/#catalogue=coles/coles-catalogue-february-5-11-2025-vic-metro/,save_was_arithmetic,displayed_price;save_was_arithmetic,2,verified
Coles,VIC METRO,"Coles Catalogue February 5 - 11, 2025 VIC METRO",2025-02-05,2025-02-12,2,Smith's Crinkle Cut or Double Crunch Potato Chips 150g-170g,2.4,4.8,2.4,50.0,half_price,150g; 170g,,SAVES2.40 | WAS$4.80 | Smith's Crinkle Cut or | Double Crunch Potato Chips | 150g-170g,94.33,False,,https://caau.syd1.cdn.digitaloceanspaces.com/wp-content/uploads/catalogue/coles/coles-catalogue-february-5-11-2025-vic-metro/2.jpg,https://www.catalogueau.com/coles/#catalogue=coles/coles-catalogue-february-5-11-2025-vic-metro/,save_was_arithmetic,displayed_price;save_was_arithmetic,2,verified
Coles,VIC METRO,"Coles Catalogue February 5 - 11, 2025 VIC METRO",2025-02-05,2025-02-12,2,Powerade Sports Drink 600mL,2.1,4.2,2.1,50.0,half_price,600mL,$3.50 per litre,SAVE52.10 | WASS4.20_ | Powerade Sports Drink | 600mL $3.50 per litre,95.0,True,single_price_evidence,https://caau.syd1.cdn.digitaloceanspaces.com/wp-content/uploads/catalogue/coles/coles-catalogue-february-5-11-2025-vic-metro/2.jpg,https://www.catalogueau.com/coles/#catalogue=coles/coles-catalogue-february-5-11-2025-vic-metro/,unit_price,unit_price,1,review
Coles,VIC METRO,"Coles Catalogue February 5 - 11, 2025 VIC METRO",2025-02-05,2025-02-12,2,Streets Golden Gaytime Sticks 4 Pack 400mL,5.0,10.0,5.0,50.0,half_price,4 Pack; 400mL,$1.25 per 100mL,SAVES5 | WASS10 | Streets Golden Gaytime | Sticks 4 Pack 400mL | $1.25 per 100mL,93.8,False,,https://caau.syd1.cdn.digitaloceanspaces.com/wp-content/uploads/catalogue/coles/coles-catalogue-february-5-11-2025-vic-metro/2.jpg,https://www.catalogueau.com/coles/#catalogue=coles/coles-catalogue-february-5-11-2025-vic-metro/,save_was_arithmetic,displayed_price;save_was_arithmetic;unit_price,3,verified
Coles,VIC METRO,"Coles Catalogue February 5 - 11, 2025 VIC METRO",2025-02-05,2025-02-12,2,Ben & Jerry's Ice Cream Tubs 427mL-465mL,7.25,14.5,7.25,50.0,half_price,427mL; 465mL,,SAVE$7.25 | WASS$14.50 | Ben & Jerry's Ice Cream Tubs | 427mL-465mL,80.65,False,,https://caau.syd1.cdn.digitaloceanspaces.com/wp-content/uploads/catalogue/coles/coles-catalogue-february-5-11-2025-vic-metro/2.jpg,https://www.catalogueau.com/coles/#catalogue=coles/coles-catalogue-february-5-11-2025-vic-metro/,save_was_arithmetic,displayed_price;save_was_arithmetic,2,verified
Coles,VIC METRO,"Coles Catalogue February 5 - 11, 2025 VIC METRO",2025-02-05,2025-02-12,2,Monster Energy Drink 4x500mL,8.0,116.0,108.0,93.1,save_amount,4x500mL,$4.00 per litre,SAVES8 | WASSI16 | Monster Energy Drink 4x500mL | $4.00 per litre | AMT IN | auxricolo wasn f,94.08,False,,https://caau.syd1.cdn.digitaloceanspaces.com/wp-content/uploads/catalogue/coles/coles-catalogue-february-5-11-2025-vic-metro/2.jpg,https://www.catalogueau.com/coles/#catalogue=coles/coles-catalogue-february-5-11-2025-vic-metro/,displayed_price,displayed_price;unit_price,2,verified
Coles,VIC METRO,"Coles Catalogue February 5 - 11, 2025 VIC METRO",2025-02-05,2025-02-12,2,"Pepsi, Solo or Schweppes Soft Drink or Schweppes Infused",9.0,18.0,9.0,50.0,half_price,,$2.40 per litre,"SAVES9 | WASS18 | Pepsi, Solo or Schweppes Soft | Drink or Schweppes Infused | Sparkling Water 10x375mL | $2.40 per litre",96.28,True,single_price_evidence,https://caau.syd1.cdn.digitaloceanspaces.com/wp-content/uploads/catalogue/coles/coles-catalogue-february-5-11-2025-vic-metro/2.jpg,https://www.catalogueau.com/coles/#catalogue=coles/coles-catalogue-february-5-11-2025-vic-metro/,save_was_arithmetic,save_was_arithmetic,1,review
Coles,VIC METRO,"Coles Catalogue February 5 - 11, 2025 VIC METRO",2025-02-05,2025-02-12,2,Nivea Antiperspirant Aerosol Deodorant 250mL,4.75,9.5,4.75,50.0,half_price,250mL,$1.90 per 100mL,"SAVE%4.75 | WASS9.50 | Nivea Antiperspirant | Aerosol Deodorant 250mL | $1.90 per 100mL | TExcludes Every Day, Down Down & clearance items",92.56,False,,https://caau.syd1.cdn.digitaloceanspaces.com/wp-content/uploads/catalogue/coles/coles-catalogue-february-5-11-2025-vic-metro/2.jpg,https://www.catalogueau.com/coles/#catalogue=coles/coles-catalogue-february-5-11-2025-vic-metro/,save_was_arithmetic,save_was_arithmetic;unit_price,2,verified
Coles,VIC METRO,"Coles Catalogue February 5 - 11, 2025 VIC METRO",2025-02-05,2025-02-12,2,Omo Laundry Liquid 2 Litre or Capsules 28 Pack,14.0,28.0,14.0,50.0,half_price,2 Litre; 28 Pack,,SAVES14 | WASS$28 | Omo Laundry Liquid 2 Litre | or Capsules 28 Pack,94.94,False,,https://caau.syd1.cdn.digitaloceanspaces.com/wp-content/uploads/catalogue/coles/coles-catalogue-february-5-11-2025-vic-metro/2.jpg,https://www.catalogueau.com/coles/#catalogue=coles/coles-catalogue-february-5-11-2025-vic-metro/,save_was_arithmetic,displayed_price;save_was_arithmetic,2,verified
Coles,VIC METRO,"Coles Catalogue February 5 - 11, 2025 VIC METRO",2025-02-05,2025-02-12,3,Morning Fresh Dishwashing Liquid 400mL,2.75,5.5,2.75,50.0,half_price,400mL,$0.69 per 100mL,SAVE52.75 | WASS5.50 | Morning Fresh Dishwashing | Liquid 400mL $0.69 per 100mL,92.15,False,,https://caau.syd1.cdn.digitaloceanspaces.com/wp-content/uploads/catalogue/coles/coles-catalogue-february-5-11-2025-vic-metro/3.jpg,https://www.catalogueau.com/coles/#catalogue=coles/coles-catalogue-february-5-11-2025-vic-metro/,displayed_price,displayed_price;unit_price,2,verified
Coles,VIC METRO,"Coles Catalogue February 5 - 11, 2025 VIC METRO",2025-02-05,2025-02-12,3,Vanish Preen Gold Oxi Action Fabric Stain Remover 450mL,4.75,9.5,4.75,50.0,half_price,450mL,$10.56 per litre,SAVE%4.75 | WASS$9.50 | Vanish Preen Gold Oxi Action | Fabric Stain Remover 450mL | $10.56 per litre,94.37,False,,https://caau.syd1.cdn.digitaloceanspaces.com/wp-content/uploads/catalogue/coles/coles-catalogue-february-5-11-2025-vic-metro/3.jpg,https://www.catalogueau.com/coles/#catalogue=coles/coles-catalogue-february-5-11-2025-vic-metro/,save_was_arithmetic,save_was_arithmetic;unit_price,2,verified
Coles,VIC METRO,"Coles Catalogue February 5 - 11, 2025 VIC METRO",2025-02-05,2025-02-12,3,Glen 20 Disinfectant Spray 300g,4.75,9.5,4.75,50.0,half_price,300g,$1.58 per 100g,‘WAS$9.50 | ‘WAS$9.50 | Glen 20 Disinfectant Spray | 300g $1.58 per 100g. | 2nd week on sale,96.24,True,single_price_evidence,https://caau.syd1.cdn.digitaloceanspaces.com/wp-content/uploads/catalogue/coles/coles-catalogue-february-5-11-2025-vic-metro/3.jpg,https://www.catalogueau.com/coles/#catalogue=coles/coles-catalogue-february-5-11-2025-vic-metro/,unit_price,unit_price,1,review
Coles,VIC METRO,"Coles Catalogue February 5 - 11, 2025 VIC METRO",2025-02-05,2025-02-12,3,Bref Spa Moments or Blue Active In The Bowl Toilet Cleaner Twin Pack 100g,5.5,11.0,5.5,50.0,half_price,100g,$5.50 per 100g,SAVES5.50 | WASS11 | Bref Spa Moments or Blue | Active In The Bowl Toilet | Cleaner Twin Pack 100g | $5.50 per 100g. | *See page 34 for T&Cs,95.69,False,,https://caau.syd1.cdn.digitaloceanspaces.com/wp-content/uploads/catalogue/coles/coles-catalogue-february-5-11-2025-vic-metro/3.jpg,https://www.catalogueau.com/coles/#catalogue=coles/coles-catalogue-february-5-11-2025-vic-metro/,save_was_arithmetic,displayed_price;save_was_arithmetic;unit_price,3,verified
Coles,VIC METRO,"Coles Catalogue February 5 - 11, 2025 VIC METRO",2025-02-05,2025-02-12,3,Air Wick Pure Ultimate Getaways Amalfi Coast Diffuser + Refill 19mL,7.0,14.0,7.0,50.0,half_price,19mL,,SAVES7 | WASS14 | Air Wick Pure Ultimate | Getaways Amalfi Coast | Diffuser + Refill 19mL | $3.68 per 10mL,95.24,False,,https://caau.syd1.cdn.digitaloceanspaces.com/wp-content/uploads/catalogue/coles/coles-catalogue-february-5-11-2025-vic-metro/3.jpg,https://www.catalogueau.com/coles/#catalogue=coles/coles-catalogue-february-5-11-2025-vic-metro/,save_was_arithmetic,displayed_price;save_was_arithmetic,2,verified
Coles,VIC METRO,"Coles Catalogue February 5 - 11, 2025 VIC METRO",2025-02-05,2025-02-12,3,Cuddly Concentrate Fabric Conditioner 900mL-1 Litre,5.0,10.0,5.0,50.0,half_price,900mL; 1 Litre,,SAVES5 | WASS10 | Cuddly Concentrate Fabric | Conditioner 900mL-1 Litre | 2uee,94.51,False,,https://caau.syd1.cdn.digitaloceanspaces.com/wp-content/uploads/catalogue/coles/coles-catalogue-february-5-11-2025-vic-metro/3.jpg,https://www.catalogueau.com/coles/#catalogue=coles/coles-catalogue-february-5-11-2025-vic-metro/,save_was_arithmetic,displayed_price;save_was_arithmetic,2,verified
Coles,VIC METRO,"Coles Catalogue February 5 - 11, 2025 VIC METRO",2025-02-05,2025-02-12,3,Vanish NapiSan Oxi Action Gold Multi Power Laundry Booster Powder 2kg,16.0,32.0,16.0,50.0,half_price,2kg,$8.00 per kg,SAVES16 | WAS$32 | Vanish NapiSan Oxi Action | Gold Multi Power Laundry | Booster Powder 2kg | $8.00 per kg,95.1,False,,https://caau.syd1.cdn.digitaloceanspaces.com/wp-content/uploads/catalogue/coles/coles-catalogue-february-5-11-2025-vic-metro/3.jpg,https://www.catalogueau.com/coles/#catalogue=coles/coles-catalogue-february-5-11-2025-vic-metro/,save_was_arithmetic,displayed_price;save_was_arithmetic;unit_price,3,verified
Coles,VIC METRO,"Coles Catalogue February 5 - 11, 2025 VIC METRO",2025-02-05,2025-02-12,3,Radiant Laundry Liquid 2 Litre or Powder 2kg,10.0,20.0,10.0,50.0,half_price,2 Litre; 2kg,,SAVE*10 | WAS$20 | Radiant Laundry Liquid 2 Litre | or Powder 2kg | VIC-METRO-0502-25-332055,94.96,False,,https://caau.syd1.cdn.digitaloceanspaces.com/wp-content/uploads/catalogue/coles/coles-catalogue-february-5-11-2025-vic-metro/3.jpg,https://www.catalogueau.com/coles/#catalogue=coles/coles-catalogue-february-5-11-2025-vic-metro/,save_was_arithmetic,displayed_price;save_was_arithmetic,2,verified
Coles,VIC METRO,"Coles Catalogue February 5 - 11, 2025 VIC METRO",2025-02-05,2025-02-12,3,Cold Power Laundry Capsules 26 Pack,10.0,24.0,14.0,58.33,save_amount,26 Pack,$0.38 per each,SAVE*14 | WASS$24 | Cold Power Laundry Capsules | 26 Pack $0.38 per each | *See page 34 forT&Cs,96.18,False,,https://caau.syd1.cdn.digitaloceanspaces.com/wp-content/uploads/catalogue/coles/coles-catalogue-february-5-11-2025-vic-metro/3.jpg,https://www.catalogueau.com/coles/#catalogue=coles/coles-catalogue-february-5-11-2025-vic-metro/,save_was_arithmetic,displayed_price;save_was_arithmetic,2,verified
Coles,VIC METRO,"Coles Catalogue February 5 - 11, 2025 VIC METRO",2025-02-05,2025-02-12,4,John West Tuna Tempters 95g,1.35,2.7,1.35,50.0,half_price,95g,$14.21 per kg,SAVE*1.35 | WASS2.70 | John West Tuna Tempters 95g | $14.21 per kg. | *See page 34 forT&Cs,93.14,False,,https://caau.syd1.cdn.digitaloceanspaces.com/wp-content/uploads/catalogue/coles/coles-catalogue-february-5-11-2025-vic-metro/4.jpg,https://www.catalogueau.com/coles/#catalogue=coles/coles-catalogue-february-5-11-2025-vic-metro/,save_was_arithmetic,save_was_arithmetic;unit_price,2,verified
Coles,VIC METRO,"Coles Catalogue February 5 - 11, 2025 VIC METRO",2025-02-05,2025-02-12,4,Vitasoy Unsweetend Almond Milk 1 Litre,1.65,3.3,1.65,50.0,half_price,1 Litre,$1.65 per litre,SAVE51.65 | WAS$3.30 | Vitasoy Unsweetend Almond | Milk 1 Litre $1.65 per litre,94.45,True,single_price_evidence,https://caau.syd1.cdn.digitaloceanspaces.com/wp-content/uploads/catalogue/coles/coles-catalogue-february-5-11-2025-vic-metro/4.jpg,https://www.catalogueau.com/coles/#catalogue=coles/coles-catalogue-february-5-11-2025-vic-metro/,unit_price,unit_price,1,review
Coles,VIC METRO,"Coles Catalogue February 5 - 11, 2025 VIC METRO",2025-02-05,2025-02-12,4,Passage to India Curry Paste 150g 1.23 per 100g,1.85,3.7,1.85,50.0,half_price,150g; 100g,,SAVES1.85 | WAS$3.70 | Passage to India Curry Paste | 150g | 1.23 per 100g,96.2,True,single_price_evidence,https://caau.syd1.cdn.digitaloceanspaces.com/wp-content/uploads/catalogue/coles/coles-catalogue-february-5-11-2025-vic-metro/4.jpg,https://www.catalogueau.com/coles/#catalogue=coles/coles-catalogue-february-5-11-2025-vic-metro/,save_was_arithmetic,save_was_arithmetic,1,review
Coles,VIC METRO,"Coles Catalogue February 5 - 11, 2025 VIC METRO",2025-02-05,2025-02-12,4,Moccona Café Classics Coffee Sachets 8 Pack-10 Pack,3.7,740.0,736.3,99.5,save_amount,8 Pack; 10 Pack,,SAVES3.70 | WAS$740 | Moccona Café Classics | Coffee Sachets 8 Pack-10 Pack,94.9,True,single_price_evidence,https://caau.syd1.cdn.digitaloceanspaces.com/wp-content/uploads/catalogue/coles/coles-catalogue-february-5-11-2025-vic-metro/4.jpg,https://www.catalogueau.com/coles/#catalogue=coles/coles-catalogue-february-5-11-2025-vic-metro/,displayed_price,displayed_price,1,review
Coles,VIC METRO,"Coles Catalogue February 5 - 11, 2025 VIC METRO",2025-02-05,2025-02-12,4,Mr Chen's Asian Meal Kit 500g; 500g-605g,4.25,8.5,4.25,50.0,half_price,500g; 605g,,SAVE%4.25 | WASS$8.50 | Mr Chen's Asian Meal Kit | 500g; | 500g-605g,79.0,True,low_name_confidence_strict;single_price_evidence,https://caau.syd1.cdn.digitaloceanspaces.com/wp-content/uploads/catalogue/coles/coles-catalogue-february-5-11-2025-vic-metro/4.jpg,https://www.catalogueau.com/coles/#catalogue=coles/coles-catalogue-february-5-11-2025-vic-metro/,save_was_arithmetic,save_was_arithmetic,1,review
Coles,VIC METRO,"Coles Catalogue February 5 - 11, 2025 VIC METRO",2025-02-05,2025-02-12,4,Genki Forest Sparkling Water Lychee 6x330mL,0.92,6.42,5.5,85.67,save_amount,6x330mL,$0.92 per each,SAVE'5.50 | WASSTI | Genki Forest Sparkling | Water Lychee 6x330mL | $0.92 per each,95.12,True,single_price_evidence,https://caau.syd1.cdn.digitaloceanspaces.com/wp-content/uploads/catalogue/coles/coles-catalogue-february-5-11-2025-vic-metro/4.jpg,https://www.catalogueau.com/coles/#catalogue=coles/coles-catalogue-february-5-11-2025-vic-metro/,unit_price,unit_price,1,review
Coles,VIC METRO,"Coles Catalogue February 5 - 11, 2025 VIC METRO",2025-02-05,2025-02-12,4,Maharajah's Choice Basmati Rice 5kg,11.5,23.0,11.5,50.0,half_price,5kg,$0.23 per 100g,SAVE511.50 | WAS$23 | Maharajah's Choice Basmati | Rice 5kg $0.23 per 100g | VIC-METRO-0502-25-332055,94.68,True,single_price_evidence,https://caau.syd1.cdn.digitaloceanspaces.com/wp-content/uploads/catalogue/coles/coles-catalogue-february-5-11-2025-vic-metro/4.jpg,https://www.catalogueau.com/coles/#catalogue=coles/coles-catalogue-february-5-11-2025-vic-metro/,displayed_price,displayed_price,1,review
Coles,VIC METRO,"Coles Catalogue February 5 - 11, 2025 VIC METRO",2025-02-05,2025-02-12,4,Gold Sunset Canola or Vegetable Oil 4 Litre,15.0,30.0,15.0,50.0,half_price,4 Litre,$0.38 per 100mL,SAVES15 | WASS$30 | Gold Sunset Canola or | Vegetable Oil 4 Litre | $0.38 per 100mL,96.39,False,,https://caau.syd1.cdn.digitaloceanspaces.com/wp-content/uploads/catalogue/coles/coles-catalogue-february-5-11-2025-vic-metro/4.jpg,https://www.catalogueau.com/coles/#catalogue=coles/coles-catalogue-february-5-11-2025-vic-metro/,save_was_arithmetic,displayed_price;save_was_arithmetic,2,verified
Coles,VIC METRO,"Coles Catalogue February 5 - 11, 2025 VIC METRO",2025-02-05,2025-02-12,4,Lavazza Qualita Oro Coffee Tkg,24.0,48.0,24.0,50.0,half_price,,$2.40 per 100g,SAVES24 | WASS$48 | Lavazza Qualita Oro Coffee | Tkg $2.40 per 100g,92.4,False,,https://caau.syd1.cdn.digitaloceanspaces.com/wp-content/uploads/catalogue/coles/coles-catalogue-february-5-11-2025-vic-metro/4.jpg,https://www.catalogueau.com/coles/#catalogue=coles/coles-catalogue-february-5-11-2025-vic-metro/,save_was_arithmetic,displayed_price;save_was_arithmetic,2,verified
Coles,VIC METRO,"Coles Catalogue February 5 - 11, 2025 VIC METRO",2025-02-05,2025-02-12,5,Sunbites Snack Crackers 105g-110g,1.65,3.3,1.65,50.0,half_price,105g; 110g,,SAVE1.65 | WAS$3.30 | Sunbites Snack Crackers | 105g-110g,92.86,False,,https://caau.syd1.cdn.digitaloceanspaces.com/wp-content/uploads/catalogue/coles/coles-catalogue-february-5-11-2025-vic-metro/5.jpg,https://www.catalogueau.com/coles/#catalogue=coles/coles-catalogue-february-5-11-2025-vic-metro/,save_was_arithmetic,displayed_price;save_was_arithmetic,2,verified
Coles,VIC METRO,"Coles Catalogue February 5 - 11, 2025 VIC METRO",2025-02-05,2025-02-12,5,Ritz Crackers 227g,1.75,3.5,1.75,50.0,half_price,227g,$0.77 per 100g,SAVES1.75 | ‘WAS$3.50 | Ritz Crackers 227g | $0.77 per 100g,96.34,False,,https://caau.syd1.cdn.digitaloceanspaces.com/wp-content/uploads/catalogue/coles/coles-catalogue-february-5-11-2025-vic-metro/5.jpg,https://www.catalogueau.com/coles/#catalogue=coles/coles-catalogue-february-5-11-2025-vic-metro/,save_was_arithmetic,displayed_price;save_was_arithmetic;unit_price,3,verified
Coles,VIC METRO,"Coles Catalogue February 5 - 11, 2025 VIC METRO",2025-02-05,2025-02-12,5,Cadbury Chocolate Bar 30g-55g,1.0,2.5,1.5,60.0,save_amount,30g; 55g,,SAVE51.50 | WAS$2.50 | Cadbury Chocolate Bar | 30g-55g | ah okt,93.78,True,single_price_evidence,https://caau.syd1.cdn.digitaloceanspaces.com/wp-content/uploads/catalogue/coles/coles-catalogue-february-5-11-2025-vic-metro/5.jpg,https://www.catalogueau.com/coles/#catalogue=coles/coles-catalogue-february-5-11-2025-vic-metro/,unknown,,0,review
Coles,VIC METRO,"Coles Catalogue February 5 - 11, 2025 VIC METRO",2025-02-05,2025-02-12,5,Powerade Sports Drink or Active Water 600mL,2.1,4.2,2.1,50.0,half_price,600mL,$3.50 per litre,SAVE52.10 | WASS4.20 | Powerade Sports Drink | or Active Water 600mL | $3.50 per litre,95.16,True,single_price_evidence,https://caau.syd1.cdn.digitaloceanspaces.com/wp-content/uploads/catalogue/coles/coles-catalogue-february-5-11-2025-vic-metro/5.jpg,https://www.catalogueau.com/coles/#catalogue=coles/coles-catalogue-february-5-11-2025-vic-metro/,unit_price,unit_price,1,review
Coles,VIC METRO,"Coles Catalogue February 5 - 11, 2025 VIC METRO",2025-02-05,2025-02-12,5,CC's Corn Chips 175g,2.5,5.0,2.5,50.0,half_price,175g,$1.43 per 100g,SAVES2.50 | CC's Corn Chips 175g | $1.43 per 100g,88.19,True,single_price_evidence,https://caau.syd1.cdn.digitaloceanspaces.com/wp-content/uploads/catalogue/coles/coles-catalogue-february-5-11-2025-vic-metro/5.jpg,https://www.catalogueau.com/coles/#catalogue=coles/coles-catalogue-february-5-11-2025-vic-metro/,unit_price,unit_price,1,review
Coles,VIC METRO,"Coles Catalogue February 5 - 11, 2025 VIC METRO",2025-02-05,2025-02-12,5,Raw C Coconut Water 1 Litre,2.75,5.5,2.75,50.0,half_price,1 Litre,$2.75 per litre,SAVES2.75 | WASS5.50 | Raw C Coconut Water 1 Litre | $2.75 per litre,95.35,False,,https://caau.syd1.cdn.digitaloceanspaces.com/wp-content/uploads/catalogue/coles/coles-catalogue-february-5-11-2025-vic-metro/5.jpg,https://www.catalogueau.com/coles/#catalogue=coles/coles-catalogue-february-5-11-2025-vic-metro/,save_was_arithmetic,save_was_arithmetic;unit_price,2,verified
Coles,VIC METRO,"Coles Catalogue February 5 - 11, 2025 VIC METRO",2025-02-05,2025-02-12,5,Arnott's Tim Tam Deluxe Biscuits 175g,3.25,6.5,3.25,50.0,half_price,175g,$1.86 per 100g,SAVE*3.25 | WASS6.50 | Arnott's Tim Tam Deluxe | Biscuits 175g $1.86 per 100g,95.51,False,,https://caau.syd1.cdn.digitaloceanspaces.com/wp-content/uploads/catalogue/coles/coles-catalogue-february-5-11-2025-vic-metro/5.jpg,https://www.catalogueau.com/coles/#catalogue=coles/coles-catalogue-february-5-11-2025-vic-metro/,save_was_arithmetic,save_was_arithmetic;unit_price,2,verified
Coles,VIC METRO,"Coles Catalogue February 5 - 11, 2025 VIC METRO",2025-02-05,2025-02-12,5,Poppin Microwave Popcorn 400g,3.5,7.0,3.5,50.0,half_price,400g,$0.88 per 100g,SAVES3.50 | Poppin Microwave Popcorn | 400g $0.88 per 100g,96.81,False,,https://caau.syd1.cdn.digitaloceanspaces.com/wp-content/uploads/catalogue/coles/coles-catalogue-february-5-11-2025-vic-metro/5.jpg,https://www.catalogueau.com/coles/#catalogue=coles/coles-catalogue-february-5-11-2025-vic-metro/,displayed_price,displayed_price;unit_price,2,verified
Coles,VIC METRO,"Coles Catalogue February 5 - 11, 2025 VIC METRO",2025-02-05,2025-02-12,5,Lipton Ice Tea 1.5 Litre,3.0,,,,special,1.5 Litre,$2.00 per litre,Lipton Ice Tea 1.5 Litre | $2.00 per litre | VIC-METRO-0502-25-332055,96.21,False,,https://caau.syd1.cdn.digitaloceanspaces.com/wp-content/uploads/catalogue/coles/coles-catalogue-february-5-11-2025-vic-metro/5.jpg,https://www.catalogueau.com/coles/#catalogue=coles/coles-catalogue-february-5-11-2025-vic-metro/,displayed_price,displayed_price;unit_price,2,verified
Coles,VIC METRO,"Coles Catalogue February 5 - 11, 2025 VIC METRO",2025-02-05,2025-02-12,6,Cenovis Magnesium Tablets 200 Pack*,13.75,27.5,13.75,50.0,half_price,200 Pack,$6.88 per 100 each,SAVE513.75 | WASS27.50 | Cenovis Magnesium Tablets | 200 Pack* $6.88 per 100 each,92.7,True,single_price_evidence,https://caau.syd1.cdn.digitaloceanspaces.com/wp-content/uploads/catalogue/coles/coles-catalogue-february-5-11-2025-vic-metro/6.jpg,https://www.catalogueau.com/coles/#catalogue=coles/coles-catalogue-february-5-11-2025-vic-metro/,unit_price,unit_price,1,review
Coles,VIC METRO,"Coles Catalogue February 5 - 11, 2025 VIC METRO",2025-02-05,2025-02-12,6,Cenovis Sugarless C 500mg Tablets 160 Pack*,7.25,14.5,7.25,50.0,half_price,160 Pack,$4.53 per 100 each,SAVES7.25 | WASS14.50 | Cenovis Sugarless C 500mg | Tablets 160 Pack* | $4.53 per 100 each,93.57,False,,https://caau.syd1.cdn.digitaloceanspaces.com/wp-content/uploads/catalogue/coles/coles-catalogue-february-5-11-2025-vic-metro/6.jpg,https://www.catalogueau.com/coles/#catalogue=coles/coles-catalogue-february-5-11-2025-vic-metro/,save_was_arithmetic,save_was_arithmetic;unit_price,2,verified
Coles,VIC METRO,"Coles Catalogue February 5 - 11, 2025 VIC METRO",2025-02-05,2025-02-12,6,Ostelin Calcium & Vitamin D3 + Magnesium Tablets 100 Pack’,13.92,27.85,13.93,50.02,half_price,100 Pack,$13.92 per 100 each,SAVES13.93 | WAS$27.85 | Ostelin Calcium & Vitamin D3 | + Magnesium Tablets | 100 Pack’ $13.92 per 100 each,92.53,False,,https://caau.syd1.cdn.digitaloceanspaces.com/wp-content/uploads/catalogue/coles/coles-catalogue-february-5-11-2025-vic-metro/6.jpg,https://www.catalogueau.com/coles/#catalogue=coles/coles-catalogue-february-5-11-2025-vic-metro/,save_was_arithmetic,save_was_arithmetic;unit_price,2,verified
Coles,VIC METRO,"Coles Catalogue February 5 - 11, 2025 VIC METRO",2025-02-05,2025-02-12,6,Nature's Own Glucosamine Sulfate with Chondroitin Tablets 200 Pack*,17.0,34.0,17.0,50.0,half_price,200 Pack,$8.50 per 100 each,SAVE*17 | WAS$34 | Nature's Own Glucosamine | Sulfate with Chondroitin | Tablets 200 Pack* | $8.50 per 100 each,95.51,False,,https://caau.syd1.cdn.digitaloceanspaces.com/wp-content/uploads/catalogue/coles/coles-catalogue-february-5-11-2025-vic-metro/6.jpg,https://www.catalogueau.com/coles/#catalogue=coles/coles-catalogue-february-5-11-2025-vic-metro/,save_was_arithmetic,displayed_price;save_was_arithmetic;unit_price,3,verified
Coles,VIC METRO,"Coles Catalogue February 5 - 11, 2025 VIC METRO",2025-02-05,2025-02-12,6,Nature's Own Magnesium + Sleep Effervescent Tablets 40 Pack*,10.0,20.0,10.0,50.0,half_price,40 Pack,$25.00 per 100 each,SAVE*10 | WAS$20 | Nature's Own Magnesium + | Sleep Effervescent Tablets | 40 Pack* $25.00 per 100 each,93.85,False,,https://caau.syd1.cdn.digitaloceanspaces.com/wp-content/uploads/catalogue/coles/coles-catalogue-february-5-11-2025-vic-metro/6.jpg,https://www.catalogueau.com/coles/#catalogue=coles/coles-catalogue-february-5-11-2025-vic-metro/,save_was_arithmetic,displayed_price;save_was_arithmetic;unit_price,3,verified
Coles,VIC METRO,"Coles Catalogue February 5 - 11, 2025 VIC METRO",2025-02-05,2025-02-12,6,Ostelin Calcium DK2 Tablets 60 Pack’,20.5,41.0,20.5,50.0,half_price,60 Pack,$34.17 per 100 each,SAVE520.50 | WASS41 | Ostelin Calcium DK2 Tablets | 60 Pack’ $34.17 per 100 each | On sale for 2 weeks,88.16,True,single_price_evidence,https://caau.syd1.cdn.digitaloceanspaces.com/wp-content/uploads/catalogue/coles/coles-catalogue-february-5-11-2025-vic-metro/6.jpg,https://www.catalogueau.com/coles/#catalogue=coles/coles-catalogue-february-5-11-2025-vic-metro/,unit_price,unit_price,1,review
Coles,VIC METRO,"Coles Catalogue February 5 - 11, 2025 VIC METRO",2025-02-05,2025-02-12,6,Colgate Sensitive Toothpaste 110g,4.5,54.5,50.0,91.74,save_amount,110g,$4.09 per 100g,SAVESG;50 | Colgate Sensitive Toothpaste | 110g $4.09 per 100g,79.0,True,low_name_confidence_strict;single_price_evidence,https://caau.syd1.cdn.digitaloceanspaces.com/wp-content/uploads/catalogue/coles/coles-catalogue-february-5-11-2025-vic-metro/6.jpg,https://www.catalogueau.com/coles/#catalogue=coles/coles-catalogue-february-5-11-2025-vic-metro/,unit_price,unit_price,1,review
Coles,VIC METRO,"Coles Catalogue February 5 - 11, 2025 VIC METRO",2025-02-05,2025-02-12,6,Colgate Advanced Tartar & Whitening or Max Fresh Toothpaste 115g,3.25,6.5,3.25,50.0,half_price,115g,$2.83 per 100g,SAVES3.25 | WASS6.50 | Colgate Advanced Tartar | & Whitening or Max Fresh | Toothpaste 115g $2.83 per 100g,96.61,False,,https://caau.syd1.cdn.digitaloceanspaces.com/wp-content/uploads/catalogue/coles/coles-catalogue-february-5-11-2025-vic-metro/6.jpg,https://www.catalogueau.com/coles/#catalogue=coles/coles-catalogue-february-5-11-2025-vic-metro/,save_was_arithmetic,displayed_price;save_was_arithmetic;unit_price,3,verified
Coles,VIC METRO,"Coles Catalogue February 5 - 11, 2025 VIC METRO",2025-02-05,2025-02-12,6,Colgate Total Refreshing Mint Mouthwash 500mL,5.0,,,,special,500mL,$1.00 per 100mL,Colgate Total Refreshing | Mint Mouthwash 500mL | $1.00 per 100mL,94.89,False,,https://caau.syd1.cdn.digitaloceanspaces.com/wp-content/uploads/catalogue/coles/coles-catalogue-february-5-11-2025-vic-metro/6.jpg,https://www.catalogueau.com/coles/#catalogue=coles/coles-catalogue-february-5-11-2025-vic-metro/,displayed_price,displayed_price;unit_price,2,verified
Coles,VIC METRO,"Coles Catalogue February 5 - 11, 2025 VIC METRO",2025-02-05,2025-02-12,7,Garnier Hydra Bomb,3.5,7.0,3.5,50.0,half_price,,$12.50 per 100g,SAVE%3.50 | WASS7 | Garnier | Hydra Bomb | Pomegranate or | Vitamin C Sheet | Mask 28 | $12.50 per 100g,96.39,True,single_price_evidence,https://caau.syd1.cdn.digitaloceanspaces.com/wp-content/uploads/catalogue/coles/coles-catalogue-february-5-11-2025-vic-metro/7.jpg,https://www.catalogueau.com/coles/#catalogue=coles/coles-catalogue-february-5-11-2025-vic-metro/,save_was_arithmetic,save_was_arithmetic,1,review
Coles,VIC METRO,"Coles Catalogue February 5 - 11, 2025 VIC METRO",2025-02-05,2025-02-12,7,Garnier Fructis Shampoo or Conditioner 850mL,8.5,17.0,8.5,50.0,half_price,850mL,$1.00 per 100mL,SAVES8.50 | WASS | Garnier Fructis | Shampoo or | Conditioner | 850mL | $1.00 per 100mL,93.66,False,,https://caau.syd1.cdn.digitaloceanspaces.com/wp-content/uploads/catalogue/coles/coles-catalogue-february-5-11-2025-vic-metro/7.jpg,https://www.catalogueau.com/coles/#catalogue=coles/coles-catalogue-february-5-11-2025-vic-metro/,displayed_price,displayed_price;unit_price,2,verified
Coles,VIC METRO,"Coles Catalogue February 5 - 11, 2025 VIC METRO",2025-02-05,2025-02-12,7,Carefree Barely There Liners Unscented or Aloe 42 Pack 850mL,2.75,5.5,2.75,50.0,half_price,42 Pack; 850mL,$0.07 per each,SAVE52.75 | WASS$5.50 | Carefree Barely There Liners | Unscented or Aloe 42 Pack | 850mL | $0.07 per each,94.89,True,single_price_evidence,https://caau.syd1.cdn.digitaloceanspaces.com/wp-content/uploads/catalogue/coles/coles-catalogue-february-5-11-2025-vic-metro/7.jpg,https://www.catalogueau.com/coles/#catalogue=coles/coles-catalogue-february-5-11-2025-vic-metro/,unknown,,0,review
Coles,VIC METRO,"Coles Catalogue February 5 - 11, 2025 VIC METRO",2025-02-05,2025-02-12,7,Garnier Micellar Cleansing Water 700mL,12.5,25.0,12.5,50.0,half_price,700mL,$1.79 per 100mL,SAVE*12.50 | Garnier Micellar Cleansing | Water 700mL $1.79 per 100mL,94.19,False,,https://caau.syd1.cdn.digitaloceanspaces.com/wp-content/uploads/catalogue/coles/coles-catalogue-february-5-11-2025-vic-metro/7.jpg,https://www.catalogueau.com/coles/#catalogue=coles/coles-catalogue-february-5-11-2025-vic-metro/,displayed_price,displayed_price;unit_price,2,verified
Coles,VIC METRO,"Coles Catalogue February 5 - 11, 2025 VIC METRO",2025-02-05,2025-02-12,7,Stayfree Pads with Wings Regular 14 Pack or All Nights 10 Pack,3.0,6.0,3.0,50.0,half_price,14 Pack; 10 Pack,,WASS6 | WASS6 | Stayfree Pads with Wings | Regular 14 Pack or All Nights | 10 Pack,79.0,True,low_name_confidence_strict;single_price_evidence,https://caau.syd1.cdn.digitaloceanspaces.com/wp-content/uploads/catalogue/coles/coles-catalogue-february-5-11-2025-vic-metro/7.jpg,https://www.catalogueau.com/coles/#catalogue=coles/coles-catalogue-february-5-11-2025-vic-metro/,displayed_price,displayed_price,1,review
Coles,VIC METRO,"Coles Catalogue February 5 - 11, 2025 VIC METRO",2025-02-05,2025-02-12,7,Schick Quattro 4 Titanium Razor Kit with 5 Refill Blades 1 Pack,8.5,17.0,8.5,50.0,half_price,1 Pack,,SAVES8.50 | WASS17 | Schick Quattro 4 Titanium | Razor Kit with 5 Refill Blades | 1 Pack,95.0,False,,https://caau.syd1.cdn.digitaloceanspaces.com/wp-content/uploads/catalogue/coles/coles-catalogue-february-5-11-2025-vic-metro/7.jpg,https://www.catalogueau.com/coles/#catalogue=coles/coles-catalogue-february-5-11-2025-vic-metro/,save_was_arithmetic,displayed_price;save_was_arithmetic,2,verified
Coles,VIC METRO,"Coles Catalogue February 5 - 11, 2025 VIC METRO",2025-02-05,2025-02-12,7,Nivea Shower Gel or Oil 1 Litre,8.5,17.0,8.5,50.0,half_price,1 Litre,$0.85 per 100,"SAVES8.50 | WASS17 | Nivea Shower Gel or Oil 1 Litre | $0.85 per 100m | On sale for 2 weeks | TExcludes Every Day, Down Down & clearance items",96.49,False,,https://caau.syd1.cdn.digitaloceanspaces.com/wp-content/uploads/catalogue/coles/coles-catalogue-february-5-11-2025-vic-metro/7.jpg,https://www.catalogueau.com/coles/#catalogue=coles/coles-catalogue-february-5-11-2025-vic-metro/,save_was_arithmetic,save_was_arithmetic;unit_price,2,verified
Coles,VIC METRO,"Coles Catalogue February 5 - 11, 2025 VIC METRO",2025-02-05,2025-02-12,7,Ogx Argan Oil of Morocco Shampoo or Conditioner 385mL,11.5,23.0,11.5,50.0,half_price,385mL,$2.99 per 100mL,SAVES11.50 | (AS$23 | Ogx Argan Oil of Morocco | Shampoo or Conditioner | 385mL $2.99 per 100mL,94.93,True,single_price_evidence,https://caau.syd1.cdn.digitaloceanspaces.com/wp-content/uploads/catalogue/coles/coles-catalogue-february-5-11-2025-vic-metro/7.jpg,https://www.catalogueau.com/coles/#catalogue=coles/coles-catalogue-february-5-11-2025-vic-metro/,unit_price,unit_price,1,review
Coles,VIC METRO,"Coles Catalogue February 5 - 11, 2025 VIC METRO",2025-02-05,2025-02-12,7,Garnier Vitamin C Serum 30mL,18.5,,,,special,30mL,$61.67 per 100mL,Garnier Vitamin C Serum | 30mL $61.67 per 100mL | “See page 34 forT&Cs,91.2,True,offer_labels_missing;save_amount_missing;regular_price_missing;inferred_price_requires_review,https://caau.syd1.cdn.digitaloceanspaces.com/wp-content/uploads/catalogue/coles/coles-catalogue-february-5-11-2025-vic-metro/7.jpg,https://www.catalogueau.com/coles/#catalogue=coles/coles-catalogue-february-5-11-2025-vic-metro/,unit_price,grid_inference;unit_price,1,review
Coles,VIC METRO,"Coles Catalogue February 5 - 11, 2025 VIC METRO",2025-02-05,2025-02-12,8,Cobram Estate Extra Virgin Olive Oil 375mL,11.0,13.0,2.0,15.38,save_amount,375mL,$2.93 per 100mL,‘WASSI3 | ‘WASSI3 | Cobram Estate Extra Virgin Olive | Oil 375mL $2.93 per 100mL,93.78,False,,https://caau.syd1.cdn.digitaloceanspaces.com/wp-content/uploads/catalogue/coles/coles-catalogue-february-5-11-2025-vic-metro/8.jpg,https://www.catalogueau.com/coles/#catalogue=coles/coles-catalogue-february-5-11-2025-vic-metro/,displayed_price,displayed_price;unit_price,2,verified
Coles,VIC METRO,"Coles Catalogue February 5 - 11, 2025 VIC METRO",2025-02-05,2025-02-12,8,Four Farms Peas 800g,2.0,,,,special,800g,$2.50 per kg,Four Farms Peas 800g | $2.50 per kg,96.51,False,,https://caau.syd1.cdn.digitaloceanspaces.com/wp-content/uploads/catalogue/coles/coles-catalogue-february-5-11-2025-vic-metro/8.jpg,https://www.catalogueau.com/coles/#catalogue=coles/coles-catalogue-february-5-11-2025-vic-metro/,displayed_price,displayed_price;unit_price,2,verified
Coles,VIC METRO,"Coles Catalogue February 5 - 11, 2025 VIC METRO",2025-02-05,2025-02-12,8,Coles Mozzarella Shredded Cheese 250g,5.5,,,,special,250g,$22.00 per kg,Coles Mozzarella Shredded | Cheese 250g $22.00 per kg | VIC-METRO-0502-25-332055,96.24,False,,https://caau.syd1.cdn.digitaloceanspaces.com/wp-content/uploads/catalogue/coles/coles-catalogue-february-5-11-2025-vic-metro/8.jpg,https://www.catalogueau.com/coles/#catalogue=coles/coles-catalogue-february-5-11-2025-vic-metro/,displayed_price,displayed_price;unit_price,2,verified
Coles,VIC METRO,"Coles Catalogue February 5 - 11, 2025 VIC METRO",2025-02-05,2025-02-12,9,Coles Australian No Added Hormones Beef Porterhouse Steak 2 Pack 450g,15.0,18.0,3.0,16.67,save_amount,2 Pack; 450g,$33.33 per kg,SAVE 3 | WASS18 | Coles Australian No Added | Hormones Beef Porterhouse | Steak 2 Pack 450g | $33.33 per kg. | Product sold uncooked | Ms,96.12,False,,https://caau.syd1.cdn.digitaloceanspaces.com/wp-content/uploads/catalogue/coles/coles-catalogue-february-5-11-2025-vic-metro/9.jpg,https://www.catalogueau.com/coles/#catalogue=coles/coles-catalogue-february-5-11-2025-vic-metro/,save_was_arithmetic,displayed_price;save_was_arithmetic;unit_price,3,verified
Coles,VIC METRO,"Coles Catalogue February 5 - 11, 2025 VIC METRO",2025-02-05,2025-02-12,9,Coles Australian Lamb Boneless Leg Roast,18.0,21.0,3.0,14.29,save_amount,,,SAVE *3kg | Coles Australian Lamb | Boneless Leg Roast,96.01,True,single_price_evidence,https://caau.syd1.cdn.digitaloceanspaces.com/wp-content/uploads/catalogue/coles/coles-catalogue-february-5-11-2025-vic-metro/9.jpg,https://www.catalogueau.com/coles/#catalogue=coles/coles-catalogue-february-5-11-2025-vic-metro/,displayed_price,displayed_price,1,review
Coles,VIC METRO,"Coles Catalogue February 5 - 11, 2025 VIC METRO",2025-02-05,2025-02-12,9,Coles RSPCA Approved Chicken Boneless Herb & Garlic 1kg,11.7,13.0,1.3,10.0,save_amount,1kg,$11.70 per kg,Coles RSPCA Approved Chicken | Boneless Herb & Garlic 1kg | $11.70 per kg. On sale for 2 weeks,94.99,False,,https://caau.syd1.cdn.digitaloceanspaces.com/wp-content/uploads/catalogue/coles/coles-catalogue-february-5-11-2025-vic-metro/9.jpg,https://www.catalogueau.com/coles/#catalogue=coles/coles-catalogue-february-5-11-2025-vic-metro/,displayed_price,displayed_price;unit_price,2,verified
Coles,VIC METRO,"Coles Catalogue February 5 - 11, 2025 VIC METRO",2025-02-05,2025-02-12,9,Coles Made Easy Slow Cooked Pork Ribs in Sticky BBQ Sauce 650g,12.0,14.0,2.0,14.29,save_amount,650g,$18.46 per kg,WASS14 | WASS14 | Coles Made Easy Slow Cooked | Pork Ribs in Sticky BBQ Sauce 650g | $18.46 per kg,96.48,False,,https://caau.syd1.cdn.digitaloceanspaces.com/wp-content/uploads/catalogue/coles/coles-catalogue-february-5-11-2025-vic-metro/9.jpg,https://www.catalogueau.com/coles/#catalogue=coles/coles-catalogue-february-5-11-2025-vic-metro/,displayed_price,displayed_price;unit_price,2,verified
Coles,VIC METRO,"Coles Catalogue February 5 - 11, 2025 VIC METRO",2025-02-05,2025-02-12,9,Coles Australian Pork Loin Roast Boneless,12.0,55.0,43.0,78.18,save_amount,,,WASS 55g | WASS 55g | Coles Australian Pork Loin Roast | Boneless On sale for 2 weeks | ff | Ly | eo),96.5,True,single_price_evidence,https://caau.syd1.cdn.digitaloceanspaces.com/wp-content/uploads/catalogue/coles/coles-catalogue-february-5-11-2025-vic-metro/9.jpg,https://www.catalogueau.com/coles/#catalogue=coles/coles-catalogue-february-5-11-2025-vic-metro/,displayed_price,displayed_price,1,review
Coles,VIC METRO,"Coles Catalogue February 5 - 11, 2025 VIC METRO",2025-02-05,2025-02-12,9,Coles Australian No Added Hormones 3 Star Beef Mince 1kg,9.0,,,,special,1kg,$9.00 per kg,WAS | WAS | Coles Australian No Added Hormones | 3 Star Beef Mince 1kg $9.00 per kg | VIC-METRO-0502-25-332055,95.01,True,save_amount_missing;regular_price_missing;single_price_evidence,https://caau.syd1.cdn.digitaloceanspaces.com/wp-content/uploads/catalogue/coles/coles-catalogue-february-5-11-2025-vic-metro/9.jpg,https://www.catalogueau.com/coles/#catalogue=coles/coles-catalogue-february-5-11-2025-vic-metro/,unit_price,unit_price,1,review
Coles,VIC METRO,"Coles Catalogue February 5 - 11, 2025 VIC METRO",2025-02-05,2025-02-12,9,Coles Australian Pork 3 Star Regular Mince 800g,6.5,,,,special,800g,$8.13 per kg,Coles Australian Pork 3 Star Regular | Mince 800g $8.13 per kg,96.27,False,,https://caau.syd1.cdn.digitaloceanspaces.com/wp-content/uploads/catalogue/coles/coles-catalogue-february-5-11-2025-vic-metro/9.jpg,https://www.catalogueau.com/coles/#catalogue=coles/coles-catalogue-february-5-11-2025-vic-metro/,displayed_price,displayed_price;unit_price,2,verified
Coles,VIC METRO,"Coles Catalogue February 5 - 11, 2025 VIC METRO",2025-02-05,2025-02-12,10,Don Ham Off The Bone Selected stores only*,29.0,35.0,6.0,17.14,save_amount,,,WAS $35ig | WAS $35ig | Don Ham Off The Bone | Selected stores only* | $495,95.58,True,single_price_evidence,https://caau.syd1.cdn.digitaloceanspaces.com/wp-content/uploads/catalogue/coles/coles-catalogue-february-5-11-2025-vic-metro/10.jpg,https://www.catalogueau.com/coles/#catalogue=coles/coles-catalogue-february-5-11-2025-vic-metro/,displayed_price,displayed_price,1,review
Coles,VIC METRO,"Coles Catalogue February 5 - 11, 2025 VIC METRO",2025-02-05,2025-02-12,10,Bertocchi Soppressa Selected stores only*,3.4,4.0,0.6,15.0,save_amount,,,Bertocchi Soppressa | Selected stores only* | a | See | .,93.18,True,offer_labels_missing;single_price_evidence,https://caau.syd1.cdn.digitaloceanspaces.com/wp-content/uploads/catalogue/coles/coles-catalogue-february-5-11-2025-vic-metro/10.jpg,https://www.catalogueau.com/coles/#catalogue=coles/coles-catalogue-february-5-11-2025-vic-metro/,unknown,,0,review
Coles,VIC METRO,"Coles Catalogue February 5 - 11, 2025 VIC METRO",2025-02-05,2025-02-12,10,Don Kabana Selected stores only*,2.9,4.5,1.6,35.56,save_amount,,,WASS4.50 | WASS4.50 | Don Kabana | Selected stores only* | -,92.97,True,single_price_evidence,https://caau.syd1.cdn.digitaloceanspaces.com/wp-content/uploads/catalogue/coles/coles-catalogue-february-5-11-2025-vic-metro/10.jpg,https://www.catalogueau.com/coles/#catalogue=coles/coles-catalogue-february-5-11-2025-vic-metro/,displayed_price,displayed_price,1,review
Coles,VIC METRO,"Coles Catalogue February 5 - 11, 2025 VIC METRO",2025-02-05,2025-02-12,10,Primo Rindless Short Cut Bacon Selected stores only*,18.5,,,,special,,,"WAS $i, | WAS $i, | Primo Rindless Short Cut Bacon | Selected stores only*",94.64,True,save_amount_missing;regular_price_missing;single_price_evidence,https://caau.syd1.cdn.digitaloceanspaces.com/wp-content/uploads/catalogue/coles/coles-catalogue-february-5-11-2025-vic-metro/10.jpg,https://www.catalogueau.com/coles/#catalogue=coles/coles-catalogue-february-5-11-2025-vic-metro/,displayed_price,displayed_price,1,review
Coles,VIC METRO,"Coles Catalogue February 5 - 11, 2025 VIC METRO",2025-02-05,2025-02-12,10,Coles Australian MSC Thawed Raw Banana Prawns,17.0,20.0,3.0,15.0,save_amount,,,"WASS20%4 | WASS20%4 | Coles Australian MSC Thawed | Raw Banana Prawns | Selected stores only* | ay | oF | Ready,",96.02,True,single_price_evidence,https://caau.syd1.cdn.digitaloceanspaces.com/wp-content/uploads/catalogue/coles/coles-catalogue-february-5-11-2025-vic-metro/10.jpg,https://www.catalogueau.com/coles/#catalogue=coles/coles-catalogue-february-5-11-2025-vic-metro/,displayed_price,displayed_price,1,review
Coles,VIC METRO,"Coles Catalogue February 5 - 11, 2025 VIC METRO",2025-02-05,2025-02-12,10,Coles Tasmanian Fresh Salmon Portions Skin Off Selected stores,40.0,46.14,6.14,13.31,save_amount,,,"WAS $4614 | WAS $4614 | Coles Tasmanian Fresh Salmon | Portions Skin Off Selected stores | only*. On sale for 2 weeks | Ready, | al",96.58,True,single_price_evidence,https://caau.syd1.cdn.digitaloceanspaces.com/wp-content/uploads/catalogue/coles/coles-catalogue-february-5-11-2025-vic-metro/10.jpg,https://www.catalogueau.com/coles/#catalogue=coles/coles-catalogue-february-5-11-2025-vic-metro/,displayed_price,displayed_price,1,review
Coles,VIC METRO,"Coles Catalogue February 5 - 11, 2025 VIC METRO",2025-02-05,2025-02-12,10,Don Deli Leg Ham Selected stores only*,19.0,,,,special,,,Don Deli Leg Ham | Selected stores only* | $185 | PER | 100g,95.29,True,offer_labels_missing;save_amount_missing;regular_price_missing;inferred_price_requires_review,https://caau.syd1.cdn.digitaloceanspaces.com/wp-content/uploads/catalogue/coles/coles-catalogue-february-5-11-2025-vic-metro/10.jpg,https://www.catalogueau.com/coles/#catalogue=coles/coles-catalogue-february-5-11-2025-vic-metro/,displayed_price,displayed_price;grid_inference,1,review
Coles,VIC METRO,"Coles Catalogue February 5 - 11, 2025 VIC METRO",2025-02-05,2025-02-12,11,Coles Bakery Cookies 6 Pack,3.0,3.5,0.5,14.29,save_amount,6 Pack,$0.50 per each,WAS $3.50 | WAS $3.50 | Coles Bakery Cookies 6 Pack | $0.50 per each. Selected stores only. | 2nd week on sale,96.49,False,,https://caau.syd1.cdn.digitaloceanspaces.com/wp-content/uploads/catalogue/coles/coles-catalogue-february-5-11-2025-vic-metro/11.jpg,https://www.catalogueau.com/coles/#catalogue=coles/coles-catalogue-february-5-11-2025-vic-metro/,displayed_price,displayed_price;unit_price,2,verified
Coles,VIC METRO,"Coles Catalogue February 5 - 11, 2025 VIC METRO",2025-02-05,2025-02-12,11,Mr Kipling Cakes 155g-165g “A,3.0,6.0,3.0,50.0,half_price,155g; 165g,,WASS6 | WASS6 | Mr Kipling Cakes 155g-165g | “A.,56.96,True,low_ocr_confidence;low_name_confidence_strict;single_price_evidence,https://caau.syd1.cdn.digitaloceanspaces.com/wp-content/uploads/catalogue/coles/coles-catalogue-february-5-11-2025-vic-metro/11.jpg,https://www.catalogueau.com/coles/#catalogue=coles/coles-catalogue-february-5-11-2025-vic-metro/,displayed_price,displayed_price,1,review
Coles,VIC METRO,"Coles Catalogue February 5 - 11, 2025 VIC METRO",2025-02-05,2025-02-12,11,Toscano Pizza Bases 300g,5.8,6.5,0.7,10.77,save_amount,300g,$1.93 per 100g,WASS$6.50 | WASS$6.50 | Toscano Pizza Bases 300g | $1.93 per 100g,96.61,True,single_price_evidence,https://caau.syd1.cdn.digitaloceanspaces.com/wp-content/uploads/catalogue/coles/coles-catalogue-february-5-11-2025-vic-metro/11.jpg,https://www.catalogueau.com/coles/#catalogue=coles/coles-catalogue-february-5-11-2025-vic-metro/,unit_price,unit_price,1,review
Coles,VIC METRO,"Coles Catalogue February 5 - 11, 2025 VIC METRO",2025-02-05,2025-02-12,11,Coles Bakery Tear & Share Selected stores only,4.0,5.0,1.0,20.0,save_amount,,,WASS5 | WASS5 | Coles Bakery Tear & Share | Selected stores only,96.17,True,single_price_evidence,https://caau.syd1.cdn.digitaloceanspaces.com/wp-content/uploads/catalogue/coles/coles-catalogue-february-5-11-2025-vic-metro/11.jpg,https://www.catalogueau.com/coles/#catalogue=coles/coles-catalogue-february-5-11-2025-vic-metro/,displayed_price,displayed_price,1,review
Coles,VIC METRO,"Coles Catalogue February 5 - 11, 2025 VIC METRO",2025-02-05,2025-02-12,11,Coles Bakery Stone Baked by Laurent Mini Pane di Casa,2.0,3.25,1.25,38.46,save_amount,,,WASS$3.25 | WASS$3.25 | Coles Bakery Stone Baked by | Laurent Mini Pane di Casa | Selected stores only,96.41,True,single_price_evidence,https://caau.syd1.cdn.digitaloceanspaces.com/wp-content/uploads/catalogue/coles/coles-catalogue-february-5-11-2025-vic-metro/11.jpg,https://www.catalogueau.com/coles/#catalogue=coles/coles-catalogue-february-5-11-2025-vic-metro/,displayed_price,displayed_price,1,review
Coles,VIC METRO,"Coles Catalogue February 5 - 11, 2025 VIC METRO",2025-02-05,2025-02-12,11,Coles Banana Bread or Cake Slices 5 Pack 500g,5.75,,,,special,5 Pack; 500g,$1.15 per 100g,Coles Banana Bread or | Cake Slices 5 Pack 500g | $1.15 | $1.15 per 100g,96.28,True,offer_labels_missing;save_amount_missing;regular_price_missing;inferred_price_requires_review,https://caau.syd1.cdn.digitaloceanspaces.com/wp-content/uploads/catalogue/coles/coles-catalogue-february-5-11-2025-vic-metro/11.jpg,https://www.catalogueau.com/coles/#catalogue=coles/coles-catalogue-february-5-11-2025-vic-metro/,unit_price,grid_inference;unit_price,1,review
Coles,VIC METRO,"Coles Catalogue February 5 - 11, 2025 VIC METRO",2025-02-05,2025-02-12,11,Coles Bakery Soft Wraps 8 Pack 360g,2.4,,,,special,8 Pack; 360g,$0.67 per 100g,Coles Bakery Soft Wraps 8 Pack | 360g $0.67 per 100g,96.14,True,single_price_evidence,https://caau.syd1.cdn.digitaloceanspaces.com/wp-content/uploads/catalogue/coles/coles-catalogue-february-5-11-2025-vic-metro/11.jpg,https://www.catalogueau.com/coles/#catalogue=coles/coles-catalogue-february-5-11-2025-vic-metro/,unit_price,unit_price,1,review
Coles,VIC METRO,"Coles Catalogue February 5 - 11, 2025 VIC METRO",2025-02-05,2025-02-12,11,Coles Pikelets 8 Pack 200g,2.5,,,,special,8 Pack; 200g,$1.25 per 100g,Coles Pikelets 8 Pack 200g | $1.25 per 100g,93.87,False,,https://caau.syd1.cdn.digitaloceanspaces.com/wp-content/uploads/catalogue/coles/coles-catalogue-february-5-11-2025-vic-metro/11.jpg,https://www.catalogueau.com/coles/#catalogue=coles/coles-catalogue-february-5-11-2025-vic-metro/,displayed_price,displayed_price;unit_price,2,verified
Coles,VIC METRO,"Coles Catalogue February 5 - 11, 2025 VIC METRO",2025-02-05,2025-02-12,12,Australian Yellow or White Peaches,50.0,,,,special,,,ia | Australian Yellow or White Peaches,79.0,True,offer_labels_missing;save_amount_missing;regular_price_missing;low_name_confidence_strict;single_price_evidence,https://caau.syd1.cdn.digitaloceanspaces.com/wp-content/uploads/catalogue/coles/coles-catalogue-february-5-11-2025-vic-metro/12.jpg,https://www.catalogueau.com/coles/#catalogue=coles/coles-catalogue-february-5-11-2025-vic-metro/,displayed_price,displayed_price,1,review
Coles,VIC METRO,"Coles Catalogue February 5 - 11, 2025 VIC METRO",2025-02-05,2025-02-12,12,Australian Honeydew Melon VIC-METRO-0502-25-332055,450.5,,,,special,,,Australian Honeydew Melon | VIC-METRO-0502-25-332055,79.0,True,offer_labels_missing;save_amount_missing;regular_price_missing;low_name_confidence_strict;single_price_evidence,https://caau.syd1.cdn.digitaloceanspaces.com/wp-content/uploads/catalogue/coles/coles-catalogue-february-5-11-2025-vic-metro/12.jpg,https://www.catalogueau.com/coles/#catalogue=coles/coles-catalogue-february-5-11-2025-vic-metro/,displayed_price,displayed_price,1,review
Coles,VIC METRO,"Coles Catalogue February 5 - 11, 2025 VIC METRO",2025-02-05,2025-02-12,13,Coles Dry Roasted or Roasted & Salted Cashews 750g Pack,10.0,16.0,6.0,37.5,save_amount,750g,$13.33 per kg,WASS16 | WASS16 | Coles Dry Roasted or Roasted | & Salted Cashews 750g Pack | $13.33 per kg | > | { | A,96.25,False,,https://caau.syd1.cdn.digitaloceanspaces.com/wp-content/uploads/catalogue/coles/coles-catalogue-february-5-11-2025-vic-metro/13.jpg,https://www.catalogueau.com/coles/#catalogue=coles/coles-catalogue-february-5-11-2025-vic-metro/,displayed_price,displayed_price;unit_price,2,verified
Coles,VIC METRO,"Coles Catalogue February 5 - 11, 2025 VIC METRO",2025-02-05,2025-02-12,13,Coles Kitchen Fine Cut Coleslaw 300g,3.0,,,,special,300g,$10.00 per kg,"Coles Kitchen Fine Cut Coleslaw | 300g $10.00 per kg | 7,",96.26,False,,https://caau.syd1.cdn.digitaloceanspaces.com/wp-content/uploads/catalogue/coles/coles-catalogue-february-5-11-2025-vic-metro/13.jpg,https://www.catalogueau.com/coles/#catalogue=coles/coles-catalogue-february-5-11-2025-vic-metro/,displayed_price,displayed_price;unit_price,2,verified
Coles,VIC METRO,"Coles Catalogue February 5 - 11, 2025 VIC METRO",2025-02-05,2025-02-12,15,Ferrero Raffaello or Rocher Heart Gift Box 100g,7.0,14.0,7.0,50.0,half_price,100g,$7.00 per 100g,WASS14 | WASS14 | Ferrero Raffaello or Rocher Heart | Gift Box 100g $7.00 per 100g | gp | A=,96.52,True,inferred_price_requires_review,https://caau.syd1.cdn.digitaloceanspaces.com/wp-content/uploads/catalogue/coles/coles-catalogue-february-5-11-2025-vic-metro/15.jpg,https://www.catalogueau.com/coles/#catalogue=coles/coles-catalogue-february-5-11-2025-vic-metro/,unit_price,page_discount;unit_price,1,review
Coles,VIC METRO,"Coles Catalogue February 5 - 11, 2025 VIC METRO",2025-02-05,2025-02-12,15,Maltesers Gift Box 400g,7.75,15.5,7.75,50.0,half_price,400g,$1.94 per 100g,WASS15.50 | WASS15.50 | Maltesers Gift Box 400g | $1.94 per 100g,92.39,True,inferred_price_requires_review,https://caau.syd1.cdn.digitaloceanspaces.com/wp-content/uploads/catalogue/coles/coles-catalogue-february-5-11-2025-vic-metro/15.jpg,https://www.catalogueau.com/coles/#catalogue=coles/coles-catalogue-february-5-11-2025-vic-metro/,unit_price,page_discount;unit_price,1,review
Coles,VIC METRO,"Coles Catalogue February 5 - 11, 2025 VIC METRO",2025-02-05,2025-02-12,15,Toblerone 360g or Toblerone Pralines 180g,8.0,16.0,8.0,50.0,half_price,360g; 180g,,WASS16 | WASS16 | Toblerone 360g or Toblerone | Pralines 180g On sale for 2 weeks | Se | See ees | SS,95.77,True,inferred_price_requires_review,https://caau.syd1.cdn.digitaloceanspaces.com/wp-content/uploads/catalogue/coles/coles-catalogue-february-5-11-2025-vic-metro/15.jpg,https://www.catalogueau.com/coles/#catalogue=coles/coles-catalogue-february-5-11-2025-vic-metro/,displayed_price,displayed_price;page_discount,1,review
Coles,VIC METRO,"Coles Catalogue February 5 - 11, 2025 VIC METRO",2025-02-05,2025-02-12,15,Ferrero Rocher 30 Pack 375g or Collection Chocolate Gift Box 24 Pack 269g,15.0,30.0,15.0,50.0,half_price,30 Pack; 375g; 24 Pack; 269g,,WASS30 | WASS30 | Ferrero Rocher 30 Pack 375g or | Collection Chocolate Gift Box | 24 Pack 269g On sale for 2 weeks,96.21,True,inferred_price_requires_review,https://caau.syd1.cdn.digitaloceanspaces.com/wp-content/uploads/catalogue/coles/coles-catalogue-february-5-11-2025-vic-metro/15.jpg,https://www.catalogueau.com/coles/#catalogue=coles/coles-catalogue-february-5-11-2025-vic-metro/,displayed_price,displayed_price;page_discount,1,review
Coles,VIC METRO,"Coles Catalogue February 5 - 11, 2025 VIC METRO",2025-02-05,2025-02-12,15,Lindt Lindor Chocolate Heart Tin 147g,10.0,20.0,10.0,50.0,half_price,147g,$6.80 per 100g,WAS$20 | WAS$20 | Lindt Lindor Chocolate Heart Tin | 147g $6.80 per 100g,79.0,True,low_name_confidence_strict,https://caau.syd1.cdn.digitaloceanspaces.com/wp-content/uploads/catalogue/coles/coles-catalogue-february-5-11-2025-vic-metro/15.jpg,https://www.catalogueau.com/coles/#catalogue=coles/coles-catalogue-february-5-11-2025-vic-metro/,displayed_price,displayed_price;page_discount;unit_price,2,review
Coles,VIC METRO,"Coles Catalogue February 5 - 11, 2025 VIC METRO",2025-02-05,2025-02-12,15,Lindt Lindor Gift Box 232g-235g SUUVUUUCECUS,11.0,22.0,11.0,50.0,half_price,232g; 235g,,WAS$22 | WAS$22 | Lindt Lindor Gift Box 232g-235g | SUUVUUUCECUS,46.59,True,low_ocr_confidence;low_name_confidence_strict;inferred_price_requires_review,https://caau.syd1.cdn.digitaloceanspaces.com/wp-content/uploads/catalogue/coles/coles-catalogue-february-5-11-2025-vic-metro/15.jpg,https://www.catalogueau.com/coles/#catalogue=coles/coles-catalogue-february-5-11-2025-vic-metro/,displayed_price,displayed_price;page_discount,1,review
Coles,VIC METRO,"Coles Catalogue February 5 - 11, 2025 VIC METRO",2025-02-05,2025-02-12,16,BARILLA HEART-SHAPED,3.9,,,,special,,,BARILLA HEART-SHAPED,94.71,True,offer_labels_missing;save_amount_missing;regular_price_missing;single_price_evidence,https://caau.syd1.cdn.digitaloceanspaces.com/wp-content/uploads/catalogue/coles/coles-catalogue-february-5-11-2025-vic-metro/16.jpg,https://www.catalogueau.com/coles/#catalogue=coles/coles-catalogue-february-5-11-2025-vic-metro/,displayed_price,displayed_price,1,review
Coles,VIC METRO,"Coles Catalogue February 5 - 11, 2025 VIC METRO",2025-02-05,2025-02-12,17,Fluffy Heart Keyrings Hanging Heant Dec,6.0,,,,special,,,Fluffy Heart Keyrings | Hanging Heant Dec | 44 PAPER HEARTS IN VARIOUS SIZE,79.0,True,offer_labels_missing;save_amount_missing;regular_price_missing;low_name_confidence_strict;single_price_evidence,https://caau.syd1.cdn.digitaloceanspaces.com/wp-content/uploads/catalogue/coles/coles-catalogue-february-5-11-2025-vic-metro/17.jpg,https://www.catalogueau.com/coles/#catalogue=coles/coles-catalogue-february-5-11-2025-vic-metro/,displayed_price,displayed_price,1,review
Coles,VIC METRO,"Coles Catalogue February 5 - 11, 2025 VIC METRO",2025-02-05,2025-02-12,17,Hallmark,8.0,,,,special,,,"Hallmark $8 Valentine's Day Card | 1 Each Range may vary by store | ei,",96.28,True,offer_labels_missing;save_amount_missing;regular_price_missing;single_price_evidence,https://caau.syd1.cdn.digitaloceanspaces.com/wp-content/uploads/catalogue/coles/coles-catalogue-february-5-11-2025-vic-metro/17.jpg,https://www.catalogueau.com/coles/#catalogue=coles/coles-catalogue-february-5-11-2025-vic-metro/,displayed_price,displayed_price,1,review
Coles,VIC METRO,"Coles Catalogue February 5 - 11, 2025 VIC METRO",2025-02-05,2025-02-12,17,Valentine's Day Sloth While stocks last. No rainchecks,2.0,,,,special,,,Valentine's Day Sloth | While stocks last. No rainchecks | 7,95.49,True,offer_labels_missing;save_amount_missing;regular_price_missing;single_price_evidence,https://caau.syd1.cdn.digitaloceanspaces.com/wp-content/uploads/catalogue/coles/coles-catalogue-february-5-11-2025-vic-metro/17.jpg,https://www.catalogueau.com/coles/#catalogue=coles/coles-catalogue-february-5-11-2025-vic-metro/,displayed_price,displayed_price,1,review
Coles,VIC METRO,"Coles Catalogue February 5 - 11, 2025 VIC METRO",2025-02-05,2025-02-12,17,Valentine's Day Bear with Candy Heart,2.0,,,,special,,,Valentine's Day Bear with | Candy Heart,79.0,True,offer_labels_missing;save_amount_missing;regular_price_missing;low_name_confidence_strict;single_price_evidence,https://caau.syd1.cdn.digitaloceanspaces.com/wp-content/uploads/catalogue/coles/coles-catalogue-february-5-11-2025-vic-metro/17.jpg,https://www.catalogueau.com/coles/#catalogue=coles/coles-catalogue-february-5-11-2025-vic-metro/,displayed_price,displayed_price,1,review
Coles,VIC METRO,"Coles Catalogue February 5 - 11, 2025 VIC METRO",2025-02-05,2025-02-12,18,Peckish Fancies Rice Crackers 90g,2.0,3.0,1.0,33.33,save_amount,90g,$2.22 per 100g,WAS$3 | WAS$3 | Peckish Fancies Rice Crackers 90g | $2.22 per 100g | ge | —_ | 4) 2,94.43,False,,https://caau.syd1.cdn.digitaloceanspaces.com/wp-content/uploads/catalogue/coles/coles-catalogue-february-5-11-2025-vic-metro/18.jpg,https://www.catalogueau.com/coles/#catalogue=coles/coles-catalogue-february-5-11-2025-vic-metro/,displayed_price,displayed_price;unit_price,2,verified
Coles,VIC METRO,"Coles Catalogue February 5 - 11, 2025 VIC METRO",2025-02-05,2025-02-12,18,Arnott's Scotch Finger or Malt 'O' Milk Biscuits 250g,2.5,3.3,0.8,24.24,save_amount,250g,$1.00 per 100g,WASS$3.30 | WASS$3.30 | Arnott's Scotch Finger | or Malt 'O' Milk Biscuits 250g | $1.00 per 100g | ge | yy | Va,79.0,True,low_name_confidence_strict;single_price_evidence,https://caau.syd1.cdn.digitaloceanspaces.com/wp-content/uploads/catalogue/coles/coles-catalogue-february-5-11-2025-vic-metro/18.jpg,https://www.catalogueau.com/coles/#catalogue=coles/coles-catalogue-february-5-11-2025-vic-metro/,unit_price,unit_price,1,review
Coles,VIC METRO,"Coles Catalogue February 5 - 11, 2025 VIC METRO",2025-02-05,2025-02-12,18,Nutella Cream Biscuits 193g,4.0,6.0,2.0,33.33,save_amount,193g,$2.07 per 100g,"WASS6 | WASS6 | Nutella Cream Biscuits 193g | $2.07 per 100g | ARNOTIS , | A",96.66,False,,https://caau.syd1.cdn.digitaloceanspaces.com/wp-content/uploads/catalogue/coles/coles-catalogue-february-5-11-2025-vic-metro/18.jpg,https://www.catalogueau.com/coles/#catalogue=coles/coles-catalogue-february-5-11-2025-vic-metro/,displayed_price,displayed_price;unit_price,2,verified
Coles,VIC METRO,"Coles Catalogue February 5 - 11, 2025 VIC METRO",2025-02-05,2025-02-12,18,Darrell Lea Block Chocolate 160g-180g,4.5,7.0,2.5,35.71,save_amount,160g; 180g,,WASS7 | WASS7 | Darrell Lea Block Chocolate | 160g-180g,79.0,True,low_name_confidence_strict;single_price_evidence,https://caau.syd1.cdn.digitaloceanspaces.com/wp-content/uploads/catalogue/coles/coles-catalogue-february-5-11-2025-vic-metro/18.jpg,https://www.catalogueau.com/coles/#catalogue=coles/coles-catalogue-february-5-11-2025-vic-metro/,displayed_price,displayed_price,1,review
Coles,VIC METRO,"Coles Catalogue February 5 - 11, 2025 VIC METRO",2025-02-05,2025-02-12,18,Arnott's Cruskits or Salada Crispbread 125g-250g,6.0,,,,special,125g; 250g,,Arnott's Cruskits or Salada | Crispbread 125g-250g | — | — | ee | —_—,92.42,True,offer_labels_missing;save_amount_missing;regular_price_missing;inferred_price_requires_review,https://caau.syd1.cdn.digitaloceanspaces.com/wp-content/uploads/catalogue/coles/coles-catalogue-february-5-11-2025-vic-metro/18.jpg,https://www.catalogueau.com/coles/#catalogue=coles/coles-catalogue-february-5-11-2025-vic-metro/,displayed_price,displayed_price;grid_inference,1,review
Coles,VIC METRO,"Coles Catalogue February 5 - 11, 2025 VIC METRO",2025-02-05,2025-02-12,18,MILK CHOCOLATE ‘4,42.0,,,,special,,,— | MILK CHOCOLATE | ‘4 | 50,70.99,True,offer_labels_missing;save_amount_missing;regular_price_missing;low_name_confidence_strict;single_price_evidence,https://caau.syd1.cdn.digitaloceanspaces.com/wp-content/uploads/catalogue/coles/coles-catalogue-february-5-11-2025-vic-metro/18.jpg,https://www.catalogueau.com/coles/#catalogue=coles/coles-catalogue-february-5-11-2025-vic-metro/,displayed_price,displayed_price,1,review
Coles,VIC METRO,"Coles Catalogue February 5 - 11, 2025 VIC METRO",2025-02-05,2025-02-12,18,"Arnott’s Multipack Bluey, Ti",2.0,,,,special,,,"5% | Ps | | | Arnott’s Multipack Bluey, | Ti | Shapes or Tiny Teddy",79.0,True,offer_labels_missing;save_amount_missing;regular_price_missing;low_name_confidence_strict;single_price_evidence,https://caau.syd1.cdn.digitaloceanspaces.com/wp-content/uploads/catalogue/coles/coles-catalogue-february-5-11-2025-vic-metro/18.jpg,https://www.catalogueau.com/coles/#catalogue=coles/coles-catalogue-february-5-11-2025-vic-metro/,displayed_price,displayed_price,1,review
Coles,VIC METRO,"Coles Catalogue February 5 - 11, 2025 VIC METRO",2025-02-05,2025-02-12,18,"Arnott’s Multipack Bluey, Sha",8.0,,,,special,,,"Arnott’s Multipack Bluey, | Sha | Ti | Shapes or Tiny Teddy | i) | ie)",79.0,True,offer_labels_missing;save_amount_missing;regular_price_missing;low_name_confidence_strict;single_price_evidence,https://caau.syd1.cdn.digitaloceanspaces.com/wp-content/uploads/catalogue/coles/coles-catalogue-february-5-11-2025-vic-metro/18.jpg,https://www.catalogueau.com/coles/#catalogue=coles/coles-catalogue-february-5-11-2025-vic-metro/,displayed_price,displayed_price,1,review
Coles,VIC METRO,"Coles Catalogue February 5 - 11, 2025 VIC METRO",2025-02-05,2025-02-12,19,V8 Multipack Juice 3x250mL,4.0,4.5,0.5,11.11,save_amount,3x250mL,$5.33 per litre,WAS $4.50 | WAS $4.50 | JAN 2025 | V8 Multipack Juice 3x250mL | $5.33 per litre | —,94.22,False,,https://caau.syd1.cdn.digitaloceanspaces.com/wp-content/uploads/catalogue/coles/coles-catalogue-february-5-11-2025-vic-metro/19.jpg,https://www.catalogueau.com/coles/#catalogue=coles/coles-catalogue-february-5-11-2025-vic-metro/,displayed_price,displayed_price;unit_price,2,verified
Coles,VIC METRO,"Coles Catalogue February 5 - 11, 2025 VIC METRO",2025-02-05,2025-02-12,19,"Solo, Sunkist or Lemonade 30x375mL",25.0,28.0,3.0,10.71,save_amount,30x375mL,$2.22 per litre,"WAS$28 | WAS$28 | DEC 2024 | Solo, Sunkist or Lemonade 30x375mL | $2.22 per litre",93.91,True,single_price_evidence,https://caau.syd1.cdn.digitaloceanspaces.com/wp-content/uploads/catalogue/coles/coles-catalogue-february-5-11-2025-vic-metro/19.jpg,https://www.catalogueau.com/coles/#catalogue=coles/coles-catalogue-february-5-11-2025-vic-metro/,displayed_price,displayed_price,1,review
Coles,VIC METRO,"Coles Catalogue February 5 - 11, 2025 VIC METRO",2025-02-05,2025-02-12,19,Wi Allen's Lollies 140g-200g,3.5,5.0,1.5,30.0,save_amount,140g; 200g,,SAVES1.50 | Wi | Allen's Lollies 140g-200g | a | '@,79.0,True,low_name_confidence_strict;single_price_evidence,https://caau.syd1.cdn.digitaloceanspaces.com/wp-content/uploads/catalogue/coles/coles-catalogue-february-5-11-2025-vic-metro/19.jpg,https://www.catalogueau.com/coles/#catalogue=coles/coles-catalogue-february-5-11-2025-vic-metro/,displayed_price,displayed_price,1,review
Coles,VIC METRO,"Coles Catalogue February 5 - 11, 2025 VIC METRO",2025-02-05,2025-02-12,19,Cadbury Sharepacks 120g-180g,4.9,7.0,2.1,30.0,save_amount,120g; 180g,,SAVES2.10 | Cadbury Sharepacks | 120g-180g,91.92,True,single_price_evidence,https://caau.syd1.cdn.digitaloceanspaces.com/wp-content/uploads/catalogue/coles/coles-catalogue-february-5-11-2025-vic-metro/19.jpg,https://www.catalogueau.com/coles/#catalogue=coles/coles-catalogue-february-5-11-2025-vic-metro/,displayed_price,displayed_price,1,review
Coles,VIC METRO,"Coles Catalogue February 5 - 11, 2025 VIC METRO",2025-02-05,2025-02-12,19,Life Savers Candy 150g-200g,7.0,10.0,3.0,30.0,save_amount,150g; 200g,,SAVE%3 | Life Savers Candy | 150g-200g | — | lar,79.0,True,low_name_confidence_strict;single_price_evidence,https://caau.syd1.cdn.digitaloceanspaces.com/wp-content/uploads/catalogue/coles/coles-catalogue-february-5-11-2025-vic-metro/19.jpg,https://www.catalogueau.com/coles/#catalogue=coles/coles-catalogue-february-5-11-2025-vic-metro/,displayed_price,displayed_price,1,review
Coles,VIC METRO,"Coles Catalogue February 5 - 11, 2025 VIC METRO",2025-02-05,2025-02-12,19,"Schweppes Mixers, Soft Drink or Mineral Water",5.5,7.4,1.9,25.68,save_amount,,$4.58 per litre,"SAVE*1.90 | WAS$7.40 | Schweppes Mixers, Soft | Drink or Mineral Water | 4x300mL | $4.58 per litre",96.57,False,,https://caau.syd1.cdn.digitaloceanspaces.com/wp-content/uploads/catalogue/coles/coles-catalogue-february-5-11-2025-vic-metro/19.jpg,https://www.catalogueau.com/coles/#catalogue=coles/coles-catalogue-february-5-11-2025-vic-metro/,save_was_arithmetic,displayed_price;save_was_arithmetic,2,verified
Coles,VIC METRO,"Coles Catalogue February 5 - 11, 2025 VIC METRO",2025-02-05,2025-02-12,19,Golden Circle Tetra Fruit Drink 1 Litre,2.0,2.7,0.7,25.93,save_amount,1 Litre,$2.00 per litre,WASS$2.70 | WASS$2.70 | Golden Circle Tetra Fruit | Drink 1 Litre | $2.00 per litre | Excludes Pineapple | VIC-METRO-0502-25-332055,96.52,False,,https://caau.syd1.cdn.digitaloceanspaces.com/wp-content/uploads/catalogue/coles/coles-catalogue-february-5-11-2025-vic-metro/19.jpg,https://www.catalogueau.com/coles/#catalogue=coles/coles-catalogue-february-5-11-2025-vic-metro/,displayed_price,displayed_price;unit_price,2,verified
Coles,VIC METRO,"Coles Catalogue February 5 - 11, 2025 VIC METRO",2025-02-05,2025-02-12,19,Bickford's Cordial 750mL,4.0,5.0,1.0,20.0,save_amount,750mL,$5.33 per litre,SAVE*1 | ‘WASS5 | Bickford's Cordial | 750mL $5.33 per litre | 19,94.33,False,,https://caau.syd1.cdn.digitaloceanspaces.com/wp-content/uploads/catalogue/coles/coles-catalogue-february-5-11-2025-vic-metro/19.jpg,https://www.catalogueau.com/coles/#catalogue=coles/coles-catalogue-february-5-11-2025-vic-metro/,save_was_arithmetic,displayed_price;save_was_arithmetic;unit_price,3,verified
Coles,VIC METRO,"Coles Catalogue February 5 - 11, 2025 VIC METRO",2025-02-05,2025-02-12,19,Ocean Spray Cranberry Fruit Drink 1.5 Litre,5.0,6.4,1.4,21.87,save_amount,1.5 Litre,$3.33 per litre,SAVE51.40 | WAS$6.40 | Ocean Spray Cranberry | Fruit Drink 1.5 Litre | $3.33 per litre | 19,96.35,False,,https://caau.syd1.cdn.digitaloceanspaces.com/wp-content/uploads/catalogue/coles/coles-catalogue-february-5-11-2025-vic-metro/19.jpg,https://www.catalogueau.com/coles/#catalogue=coles/coles-catalogue-february-5-11-2025-vic-metro/,displayed_price,displayed_price;unit_price,2,verified
Coles,VIC METRO,"Coles Catalogue February 5 - 11, 2025 VIC METRO",2025-02-05,2025-02-12,20,Pepsi or Solo Soft Drink 1.25 Litre,1.8,3.3,1.5,45.45,save_amount,1.25 Litre,$1.44 per litre,SAVES1.50 | WASS$3.30 | Pepsi or Solo Soft Drink 1.25 Litre | $1.44 per litre,96.36,False,,https://caau.syd1.cdn.digitaloceanspaces.com/wp-content/uploads/catalogue/coles/coles-catalogue-february-5-11-2025-vic-metro/20.jpg,https://www.catalogueau.com/coles/#catalogue=coles/coles-catalogue-february-5-11-2025-vic-metro/,save_was_arithmetic,displayed_price;save_was_arithmetic;unit_price,3,verified
Coles,VIC METRO,"Coles Catalogue February 5 - 11, 2025 VIC METRO",2025-02-05,2025-02-12,20,Kirks Soft Drink 10x375mL,9.0,15.0,6.0,40.0,save_amount,10x375mL,$2.40 per litre,WASS15 | WASS15 | Kirks Soft Drink 10x375mL | $2.40 per litre | 46‘,93.37,False,,https://caau.syd1.cdn.digitaloceanspaces.com/wp-content/uploads/catalogue/coles/coles-catalogue-february-5-11-2025-vic-metro/20.jpg,https://www.catalogueau.com/coles/#catalogue=coles/coles-catalogue-february-5-11-2025-vic-metro/,displayed_price,displayed_price;unit_price,2,verified
Coles,VIC METRO,"Coles Catalogue February 5 - 11, 2025 VIC METRO",2025-02-05,2025-02-12,20,Kirks Soft Drink 1.25 Litre,1.7,2.85,1.15,40.35,save_amount,1.25 Litre,$1.36 per litre,WASS2.85 | WASS2.85 | Kirks Soft Drink 1.25 Litre | $1.36 per litre | —— | a | EAN PEK | od,95.8,False,,https://caau.syd1.cdn.digitaloceanspaces.com/wp-content/uploads/catalogue/coles/coles-catalogue-february-5-11-2025-vic-metro/20.jpg,https://www.catalogueau.com/coles/#catalogue=coles/coles-catalogue-february-5-11-2025-vic-metro/,displayed_price,displayed_price;unit_price,2,verified
Coles,VIC METRO,"Coles Catalogue February 5 - 11, 2025 VIC METRO",2025-02-05,2025-02-12,20,Frantelle Spring Water 24x600mL,11.0,18.4,7.4,40.22,save_amount,24x600mL,$0.76 per litre,SAVE 7.40 | WASS$18.40 | Frantelle Spring Water 24x600mL | $0.76 per litre | ae,93.04,False,,https://caau.syd1.cdn.digitaloceanspaces.com/wp-content/uploads/catalogue/coles/coles-catalogue-february-5-11-2025-vic-metro/20.jpg,https://www.catalogueau.com/coles/#catalogue=coles/coles-catalogue-february-5-11-2025-vic-metro/,save_was_arithmetic,displayed_price;save_was_arithmetic,2,verified
Coles,VIC METRO,"Coles Catalogue February 5 - 11, 2025 VIC METRO",2025-02-05,2025-02-12,20,"Coca-Cola, Deep Spring or Mt Franklin Mini Cans 6x250mL",6.0,10.0,4.0,40.0,save_amount,6x250mL,$4.00 per litre,"SAVES4 | WASS10 | Coca-Cola, Deep Spring or | Mt Franklin Mini Cans 6x250mL | $4.00 per litre",95.43,False,,https://caau.syd1.cdn.digitaloceanspaces.com/wp-content/uploads/catalogue/coles/coles-catalogue-february-5-11-2025-vic-metro/20.jpg,https://www.catalogueau.com/coles/#catalogue=coles/coles-catalogue-february-5-11-2025-vic-metro/,save_was_arithmetic,displayed_price;save_was_arithmetic;unit_price,3,verified
Coles,VIC METRO,"Coles Catalogue February 5 - 11, 2025 VIC METRO",2025-02-05,2025-02-12,20,"Coca-Cola, Sprite or Fanta Soft Drink 24x375mL",24.75,41.25,16.5,40.0,save_amount,24x375mL,$2.75 per litre,"SAVE516.50 | WASS41.25 | Coca-Cola, Sprite or Fanta | Soft Drink 24x375mL | $2.75 per litre | wodegnas | —— | cone",94.38,True,single_price_evidence,https://caau.syd1.cdn.digitaloceanspaces.com/wp-content/uploads/catalogue/coles/coles-catalogue-february-5-11-2025-vic-metro/20.jpg,https://www.catalogueau.com/coles/#catalogue=coles/coles-catalogue-february-5-11-2025-vic-metro/,unit_price,unit_price,1,review
Coles,VIC METRO,"Coles Catalogue February 5 - 11, 2025 VIC METRO",2025-02-05,2025-02-12,20,Vittoria Freeze Dried Instant Coffee 200g,13.8,23.0,9.2,40.0,save_amount,200g,$6.90 per 100g,SAVES9.20 | WAS$23 | Vittoria Freeze Dried | Instant Coffee 200g | $6.90 per 100g. | 2nd week on sale,96.63,False,,https://caau.syd1.cdn.digitaloceanspaces.com/wp-content/uploads/catalogue/coles/coles-catalogue-february-5-11-2025-vic-metro/20.jpg,https://www.catalogueau.com/coles/#catalogue=coles/coles-catalogue-february-5-11-2025-vic-metro/,save_was_arithmetic,displayed_price;save_was_arithmetic;unit_price,3,verified
Coles,VIC METRO,"Coles Catalogue February 5 - 11, 2025 VIC METRO",2025-02-05,2025-02-12,20,Jordans Granola or Oat Clusters 500g-750g,5.4,9.0,3.6,40.0,save_amount,500g; 750g,,SAVES3.60 | Jordans Granola or | Oat Clusters 500g-750g | or Dorset Granola or | Muesli 450g,79.0,True,low_name_confidence_strict;single_price_evidence,https://caau.syd1.cdn.digitaloceanspaces.com/wp-content/uploads/catalogue/coles/coles-catalogue-february-5-11-2025-vic-metro/20.jpg,https://www.catalogueau.com/coles/#catalogue=coles/coles-catalogue-february-5-11-2025-vic-metro/,displayed_price,displayed_price,1,review
Coles,VIC METRO,"Coles Catalogue February 5 - 11, 2025 VIC METRO",2025-02-05,2025-02-12,20,Coca-Cola Soft Drink 12x300mL,12.0,20.0,8.0,40.0,save_amount,12x300mL,$3.33 per litre,SAVES8 | WAS$20 | Coca-Cola Soft Drink | 12x300mL $3.33 per litre | 20,94.55,False,,https://caau.syd1.cdn.digitaloceanspaces.com/wp-content/uploads/catalogue/coles/coles-catalogue-february-5-11-2025-vic-metro/20.jpg,https://www.catalogueau.com/coles/#catalogue=coles/coles-catalogue-february-5-11-2025-vic-metro/,save_was_arithmetic,displayed_price;save_was_arithmetic;unit_price,3,verified
Coles,VIC METRO,"Coles Catalogue February 5 - 11, 2025 VIC METRO",2025-02-05,2025-02-12,20,Remedy Kombucha 1.25 Litre,5.25,8.95,3.7,41.34,save_amount,1.25 Litre,$4.20 per litre,SAVES3.70 | WASS$8.95 | Remedy Kombucha | 1.25 Litre $4.20 per litre | VIC-METRO-0502-25-332055,94.77,False,,https://caau.syd1.cdn.digitaloceanspaces.com/wp-content/uploads/catalogue/coles/coles-catalogue-february-5-11-2025-vic-metro/20.jpg,https://www.catalogueau.com/coles/#catalogue=coles/coles-catalogue-february-5-11-2025-vic-metro/,save_was_arithmetic,displayed_price;save_was_arithmetic;unit_price,3,verified
Coles,VIC METRO,"Coles Catalogue February 5 - 11, 2025 VIC METRO",2025-02-05,2025-02-12,21,Coles Simply Tuna 425g,3.3,,,,everyday,425g,$7.76 per kg,EVERY DAY | | Coles Simply Tuna 425g | $7.76 per kg,96.43,True,single_price_evidence,https://caau.syd1.cdn.digitaloceanspaces.com/wp-content/uploads/catalogue/coles/coles-catalogue-february-5-11-2025-vic-metro/21.jpg,https://www.catalogueau.com/coles/#catalogue=coles/coles-catalogue-february-5-11-2025-vic-metro/,unit_price,unit_price,1,review
Coles,VIC METRO,"Coles Catalogue February 5 - 11, 2025 VIC METRO",2025-02-05,2025-02-12,21,Coles Simply Beef Gravy 200mL,2.6,,,,everyday,200mL,,[EVERY DAY) | Coles Simply Beef Gravy 200mL | $0.13 per 10mL,94.87,True,single_price_evidence,https://caau.syd1.cdn.digitaloceanspaces.com/wp-content/uploads/catalogue/coles/coles-catalogue-february-5-11-2025-vic-metro/21.jpg,https://www.catalogueau.com/coles/#catalogue=coles/coles-catalogue-february-5-11-2025-vic-metro/,displayed_price,displayed_price,1,review
Coles,VIC METRO,"Coles Catalogue February 5 - 11, 2025 VIC METRO",2025-02-05,2025-02-12,21,Coles Simply Compound Chocolate Chips 250g,3.5,,,,everyday,250g,$1.40 per 100g,[EVERY DAY | Coles Simply Compound | Chocolate Chips 250g | $1.40 per 100g,96.59,False,,https://caau.syd1.cdn.digitaloceanspaces.com/wp-content/uploads/catalogue/coles/coles-catalogue-february-5-11-2025-vic-metro/21.jpg,https://www.catalogueau.com/coles/#catalogue=coles/coles-catalogue-february-5-11-2025-vic-metro/,displayed_price,displayed_price;unit_price,2,verified
Coles,VIC METRO,"Coles Catalogue February 5 - 11, 2025 VIC METRO",2025-02-05,2025-02-12,21,Coles Simply Tomato Paste 170g,0.95,,,,everyday,170g,$0.56 per 100g,Coles Simply Tomato Paste 170g | $0.56 per 100g | [|,96.43,True,single_price_evidence,https://caau.syd1.cdn.digitaloceanspaces.com/wp-content/uploads/catalogue/coles/coles-catalogue-february-5-11-2025-vic-metro/21.jpg,https://www.catalogueau.com/coles/#catalogue=coles/coles-catalogue-february-5-11-2025-vic-metro/,unit_price,unit_price,1,review
Coles,VIC METRO,"Coles Catalogue February 5 - 11, 2025 VIC METRO",2025-02-05,2025-02-12,21,Sp pray,4.0,,,,special,,,"Sp | pray, | y | | | frcoxca | =",79.0,True,offer_labels_missing;save_amount_missing;regular_price_missing;low_name_confidence_strict;single_price_evidence,https://caau.syd1.cdn.digitaloceanspaces.com/wp-content/uploads/catalogue/coles/coles-catalogue-february-5-11-2025-vic-metro/21.jpg,https://www.catalogueau.com/coles/#catalogue=coles/coles-catalogue-february-5-11-2025-vic-metro/,displayed_price,displayed_price,1,review
Coles,VIC METRO,"Coles Catalogue February 5 - 11, 2025 VIC METRO",2025-02-05,2025-02-12,21,Coles Simply Olive Oil Spray 400g,7.7,,,,everyday,400g,$1.93 per 100g,Coles Simply Olive Oil Spray | 400g $1.93 per 100g | VIC-METRO-0502-25-332055,96.36,False,,https://caau.syd1.cdn.digitaloceanspaces.com/wp-content/uploads/catalogue/coles/coles-catalogue-february-5-11-2025-vic-metro/21.jpg,https://www.catalogueau.com/coles/#catalogue=coles/coles-catalogue-february-5-11-2025-vic-metro/,displayed_price,displayed_price;unit_price,2,verified
Coles,VIC METRO,"Coles Catalogue February 5 - 11, 2025 VIC METRO",2025-02-05,2025-02-12,22,Smith's Crinkle Cut Potato Chips or Doritos Corn Chips 5 Pack-6 Pack,3.0,4.5,1.5,33.33,save_amount,5 Pack; 6 Pack,,WASS4.50 | WASS4.50 | Smith's Crinkle Cut Potato | Chips or Doritos Corn Chips | 5 Pack-6 Pack | fro?,79.0,True,low_name_confidence_strict;single_price_evidence,https://caau.syd1.cdn.digitaloceanspaces.com/wp-content/uploads/catalogue/coles/coles-catalogue-february-5-11-2025-vic-metro/22.jpg,https://www.catalogueau.com/coles/#catalogue=coles/coles-catalogue-february-5-11-2025-vic-metro/,displayed_price,displayed_price,1,review
Coles,VIC METRO,"Coles Catalogue February 5 - 11, 2025 VIC METRO",2025-02-05,2025-02-12,22,Vittoria Coffee Bags 20 Pack,9.8,14.0,4.2,30.0,save_amount,20 Pack,$0.49 per each,WASS14 | WASS14 | Vittoria Coffee Bags | 20 Pack $0.49 per each. | Excludes Decaf,96.14,True,single_price_evidence,https://caau.syd1.cdn.digitaloceanspaces.com/wp-content/uploads/catalogue/coles/coles-catalogue-february-5-11-2025-vic-metro/22.jpg,https://www.catalogueau.com/coles/#catalogue=coles/coles-catalogue-february-5-11-2025-vic-metro/,displayed_price,displayed_price,1,review
Coles,VIC METRO,"Coles Catalogue February 5 - 11, 2025 VIC METRO",2025-02-05,2025-02-12,22,Munchme Nutritious Snacks 80g-120g,5.0,7.5,2.5,33.33,save_amount,80g; 120g,,WAS$7.50 | WAS$7.50 | Munchme Nutritious | Snacks 80g-120g | 2nd week on sale | — | Pein,93.57,True,single_price_evidence,https://caau.syd1.cdn.digitaloceanspaces.com/wp-content/uploads/catalogue/coles/coles-catalogue-february-5-11-2025-vic-metro/22.jpg,https://www.catalogueau.com/coles/#catalogue=coles/coles-catalogue-february-5-11-2025-vic-metro/,displayed_price,displayed_price,1,review
Coles,VIC METRO,"Coles Catalogue February 5 - 11, 2025 VIC METRO",2025-02-05,2025-02-12,22,Nutella Hazelnut Chocolate Spread 750g,8.75,11.0,2.25,20.45,save_amount,750g,$1.17 per 100g,WASS11 | WASS11 | Nutella Hazelnut | Chocolate Spread | 750g $1.17 per 100g | _,96.26,True,single_price_evidence,https://caau.syd1.cdn.digitaloceanspaces.com/wp-content/uploads/catalogue/coles/coles-catalogue-february-5-11-2025-vic-metro/22.jpg,https://www.catalogueau.com/coles/#catalogue=coles/coles-catalogue-february-5-11-2025-vic-metro/,unit_price,unit_price,1,review
Coles,VIC METRO,"Coles Catalogue February 5 - 11, 2025 VIC METRO",2025-02-05,2025-02-12,22,Nestlé Milo Bars Value Pack 270g,6.5,9.0,2.5,27.78,save_amount,270g,$2.41 per 100g,WASS9 | WASS9 | Nestlé Milo Bars Value | Pack 270g $2.41 per 100g | VIC-METRO-0502-25-332055,96.2,True,single_price_evidence,https://caau.syd1.cdn.digitaloceanspaces.com/wp-content/uploads/catalogue/coles/coles-catalogue-february-5-11-2025-vic-metro/22.jpg,https://www.catalogueau.com/coles/#catalogue=coles/coles-catalogue-february-5-11-2025-vic-metro/,unit_price,unit_price,1,review
Coles,VIC METRO,"Coles Catalogue February 5 - 11, 2025 VIC METRO",2025-02-05,2025-02-12,22,Tyrrell's Crisps 165g,3.8,,,,special,165g,$2.30 per 100g,Tyrrell's Crisps 165g | $2.30 per 100g,93.46,False,,https://caau.syd1.cdn.digitaloceanspaces.com/wp-content/uploads/catalogue/coles/coles-catalogue-february-5-11-2025-vic-metro/22.jpg,https://www.catalogueau.com/coles/#catalogue=coles/coles-catalogue-february-5-11-2025-vic-metro/,displayed_price,displayed_price;unit_price,2,verified
Coles,VIC METRO,"Coles Catalogue February 5 - 11, 2025 VIC METRO",2025-02-05,2025-02-12,22,Red Rock Deli Potato Chips 150g-165g,8.0,,,,special,150g; 165g,,Red Rock Deli Potato Chips | 150g-165g,93.6,True,offer_labels_missing;save_amount_missing;regular_price_missing;single_price_evidence,https://caau.syd1.cdn.digitaloceanspaces.com/wp-content/uploads/catalogue/coles/coles-catalogue-february-5-11-2025-vic-metro/22.jpg,https://www.catalogueau.com/coles/#catalogue=coles/coles-catalogue-february-5-11-2025-vic-metro/,displayed_price,displayed_price,1,review
Coles,VIC METRO,"Coles Catalogue February 5 - 11, 2025 VIC METRO",2025-02-05,2025-02-12,22,Uncle Tobys Plus Cereal 410g 410g-435g,10.0,,,,special,410g; 435g,,Uncle Tobys Plus Cereal | 410g | 410g-435g,79.0,True,offer_labels_missing;save_amount_missing;regular_price_missing;low_name_confidence_strict;single_price_evidence,https://caau.syd1.cdn.digitaloceanspaces.com/wp-content/uploads/catalogue/coles/coles-catalogue-february-5-11-2025-vic-metro/22.jpg,https://www.catalogueau.com/coles/#catalogue=coles/coles-catalogue-february-5-11-2025-vic-metro/,displayed_price,displayed_price,1,review
Coles,VIC METRO,"Coles Catalogue February 5 - 11, 2025 VIC METRO",2025-02-05,2025-02-12,22,Coles Joyful Protein Fudge Bars 200g,6.5,,,,special,200g,$3.25 per 100g,Coles Joyful Protein | Fudge Bars 200g | $3.25 per 100g,96.57,True,single_price_evidence,https://caau.syd1.cdn.digitaloceanspaces.com/wp-content/uploads/catalogue/coles/coles-catalogue-february-5-11-2025-vic-metro/22.jpg,https://www.catalogueau.com/coles/#catalogue=coles/coles-catalogue-february-5-11-2025-vic-metro/,unit_price,unit_price,1,review
Coles,VIC METRO,"Coles Catalogue February 5 - 11, 2025 VIC METRO",2025-02-05,2025-02-12,22,Nice & Natural Nut Bars 180g-192g,7.0,,,,special,180g; 192g,,Nice & Natural Nut Bars | 180g-192g,92.67,True,offer_labels_missing;save_amount_missing;regular_price_missing;single_price_evidence,https://caau.syd1.cdn.digitaloceanspaces.com/wp-content/uploads/catalogue/coles/coles-catalogue-february-5-11-2025-vic-metro/22.jpg,https://www.catalogueau.com/coles/#catalogue=coles/coles-catalogue-february-5-11-2025-vic-metro/,displayed_price,displayed_price,1,review
Coles,VIC METRO,"Coles Catalogue February 5 - 11, 2025 VIC METRO",2025-02-05,2025-02-12,23,Pauls Bluey Flavoured Milk 250mL,2.4,,,,special,250mL,$9.60 per litre,Pauls Bluey Flavoured Milk | 250mL $9.60 per litre,95.96,True,single_price_evidence,https://caau.syd1.cdn.digitaloceanspaces.com/wp-content/uploads/catalogue/coles/coles-catalogue-february-5-11-2025-vic-metro/23.jpg,https://www.catalogueau.com/coles/#catalogue=coles/coles-catalogue-february-5-11-2025-vic-metro/,unit_price,unit_price,1,review
Coles,VIC METRO,"Coles Catalogue February 5 - 11, 2025 VIC METRO",2025-02-05,2025-02-12,23,Coles Australian Sultanas 6 Pack 240g,2.3,,,,special,6 Pack; 240g,$9.58 per kg,Coles Australian Sultanas | 6 Pack 240g $9.58 per kg,94.36,True,single_price_evidence,https://caau.syd1.cdn.digitaloceanspaces.com/wp-content/uploads/catalogue/coles/coles-catalogue-february-5-11-2025-vic-metro/23.jpg,https://www.catalogueau.com/coles/#catalogue=coles/coles-catalogue-february-5-11-2025-vic-metro/,unit_price,unit_price,1,review
Coles,VIC METRO,"Coles Catalogue February 5 - 11, 2025 VIC METRO",2025-02-05,2025-02-12,23,Coles Kids Mini 100's & 1000's Biscuits 200g,2.5,,,,special,200g,$1.25 per 100g,Coles Kids Mini 100's & 1000's | Biscuits 200g $1.25 per 100g,95.87,True,single_price_evidence,https://caau.syd1.cdn.digitaloceanspaces.com/wp-content/uploads/catalogue/coles/coles-catalogue-february-5-11-2025-vic-metro/23.jpg,https://www.catalogueau.com/coles/#catalogue=coles/coles-catalogue-february-5-11-2025-vic-metro/,unit_price,unit_price,1,review
Coles,VIC METRO,"Coles Catalogue February 5 - 11, 2025 VIC METRO",2025-02-05,2025-02-12,23,Cottee's Jam 375g,3.5,,,,special,375g,$0.93 per 100g,Cottee's Jam 375g | $0.93 per 100g,93.99,True,single_price_evidence,https://caau.syd1.cdn.digitaloceanspaces.com/wp-content/uploads/catalogue/coles/coles-catalogue-february-5-11-2025-vic-metro/23.jpg,https://www.catalogueau.com/coles/#catalogue=coles/coles-catalogue-february-5-11-2025-vic-metro/,unit_price,unit_price,1,review
Coles,VIC METRO,"Coles Catalogue February 5 - 11, 2025 VIC METRO",2025-02-05,2025-02-12,23,Coles Multipack Mini Cream Wafers 175g,3.0,,,,special,175g,$1.71 per 100g,Coles Multipack Mini Cream | Wafers 175g $1.71 per 100g | 1.2kg VALUE PACK,96.15,False,,https://caau.syd1.cdn.digitaloceanspaces.com/wp-content/uploads/catalogue/coles/coles-catalogue-february-5-11-2025-vic-metro/23.jpg,https://www.catalogueau.com/coles/#catalogue=coles/coles-catalogue-february-5-11-2025-vic-metro/,displayed_price,displayed_price;unit_price,2,verified
Coles,VIC METRO,"Coles Catalogue February 5 - 11, 2025 VIC METRO",2025-02-05,2025-02-12,23,Coles Yoghurt 1kg,4.0,,,,special,1kg,$0.40 per 100g,Coles Yoghurt 1kg | $0.40 per 100g,90.45,False,,https://caau.syd1.cdn.digitaloceanspaces.com/wp-content/uploads/catalogue/coles/coles-catalogue-february-5-11-2025-vic-metro/23.jpg,https://www.catalogueau.com/coles/#catalogue=coles/coles-catalogue-february-5-11-2025-vic-metro/,displayed_price,displayed_price;unit_price,2,verified
Coles,VIC METRO,"Coles Catalogue February 5 - 11, 2025 VIC METRO",2025-02-05,2025-02-12,23,Sanitarium Weet-Bix 1.2kg,6.0,,,,special,1.2kg,$0.50 per 100g,Sanitarium Weet-Bix 1.2kg | $0.50 per 100g | 100g | VIC-METRO-0502-25-332055,92.25,True,offer_labels_missing;save_amount_missing;regular_price_missing;single_price_evidence,https://caau.syd1.cdn.digitaloceanspaces.com/wp-content/uploads/catalogue/coles/coles-catalogue-february-5-11-2025-vic-metro/23.jpg,https://www.catalogueau.com/coles/#catalogue=coles/coles-catalogue-february-5-11-2025-vic-metro/,displayed_price,displayed_price,1,review
Coles,VIC METRO,"Coles Catalogue February 5 - 11, 2025 VIC METRO",2025-02-05,2025-02-12,23,Uncle Tobys Muesli Bar 15 Pack 469g,8.0,,,,special,15 Pack; 469g,$1.71 per 100g,Uncle Tobys Muesli Bar | 15 Pack 469g $1.71 per 100g,95.02,False,,https://caau.syd1.cdn.digitaloceanspaces.com/wp-content/uploads/catalogue/coles/coles-catalogue-february-5-11-2025-vic-metro/23.jpg,https://www.catalogueau.com/coles/#catalogue=coles/coles-catalogue-february-5-11-2025-vic-metro/,displayed_price,displayed_price;unit_price,2,verified
Coles,VIC METRO,"Coles Catalogue February 5 - 11, 2025 VIC METRO",2025-02-05,2025-02-12,23,Top 20 Variety Chips 20 Pack 375g,7.5,,,,special,20 Pack; 375g,$2.00 per 100g,Top 20 Variety Chips 20 Pack | 375g $2.00 per 100g,93.48,False,,https://caau.syd1.cdn.digitaloceanspaces.com/wp-content/uploads/catalogue/coles/coles-catalogue-february-5-11-2025-vic-metro/23.jpg,https://www.catalogueau.com/coles/#catalogue=coles/coles-catalogue-february-5-11-2025-vic-metro/,displayed_price,displayed_price;unit_price,2,verified
Coles,VIC METRO,"Coles Catalogue February 5 - 11, 2025 VIC METRO",2025-02-05,2025-02-12,24,Campbell's Real Stock 1 Litre,3.5,4.5,1.0,22.22,save_amount,1 Litre,$0.35 per 100mL,WASS4.50 | WASS4.50 | Campbell's Real Stock 1 Litre | $0.35 per 100mL | A | A,96.2,True,single_price_evidence,https://caau.syd1.cdn.digitaloceanspaces.com/wp-content/uploads/catalogue/coles/coles-catalogue-february-5-11-2025-vic-metro/24.jpg,https://www.catalogueau.com/coles/#catalogue=coles/coles-catalogue-february-5-11-2025-vic-metro/,unit_price,unit_price,1,review
Coles,VIC METRO,"Coles Catalogue February 5 - 11, 2025 VIC METRO",2025-02-05,2025-02-12,24,Campbell's Country Ladle or Chunky Soup 495g-505g,3.5,4.5,1.0,22.22,save_amount,495g; 505g,,WASS4.50 | WASS4.50 | Campbell's Country Ladle | or Chunky Soup 495g-505g | a | A,94.54,True,single_price_evidence,https://caau.syd1.cdn.digitaloceanspaces.com/wp-content/uploads/catalogue/coles/coles-catalogue-february-5-11-2025-vic-metro/24.jpg,https://www.catalogueau.com/coles/#catalogue=coles/coles-catalogue-february-5-11-2025-vic-metro/,displayed_price,displayed_price,1,review
Coles,VIC METRO,"Coles Catalogue February 5 - 11, 2025 VIC METRO",2025-02-05,2025-02-12,24,Leggo's Chunky Pasta Sauce 490g 490g-500g,3.65,4.6,0.95,20.65,save_amount,490g; 500g,,"WAS $4.60 | WAS $4.60 | Leggo's Chunky Pasta Sauce | 490g | 490g-500g | a | , Witxo Asma | Wisk",79.0,True,low_name_confidence_strict;single_price_evidence,https://caau.syd1.cdn.digitaloceanspaces.com/wp-content/uploads/catalogue/coles/coles-catalogue-february-5-11-2025-vic-metro/24.jpg,https://www.catalogueau.com/coles/#catalogue=coles/coles-catalogue-february-5-11-2025-vic-metro/,displayed_price,displayed_price,1,review
Coles,VIC METRO,"Coles Catalogue February 5 - 11, 2025 VIC METRO",2025-02-05,2025-02-12,24,Coles Olive Oil 1 Litre,14.0,18.0,4.0,22.22,save_amount,1 Litre,$1.40 per 100mL,WASS18 | WASS18 | Coles Olive Oil 1 Litre | $1.40 per 100mL. On sale for 2 weeks | Offer available 8th and 9th February | 2025 at Coles Supermarkets only. Limit | of 1 bonus Coles Magical 2 Disc Pack,95.93,False,,https://caau.syd1.cdn.digitaloceanspaces.com/wp-content/uploads/catalogue/coles/coles-catalogue-february-5-11-2025-vic-metro/24.jpg,https://www.catalogueau.com/coles/#catalogue=coles/coles-catalogue-february-5-11-2025-vic-metro/,displayed_price,displayed_price;unit_price,2,verified
Coles,VIC METRO,"Coles Catalogue February 5 - 11, 2025 VIC METRO",2025-02-05,2025-02-12,24,Chang's Hokkien Style Shelf-Fresh Noodles 800g,3.5,,,,everyday,800g,$0.44 per 100g,Chang's Hokkien Style Shelf-Fresh | Noodles 800g $0.44 per 100g | as,95.62,False,,https://caau.syd1.cdn.digitaloceanspaces.com/wp-content/uploads/catalogue/coles/coles-catalogue-february-5-11-2025-vic-metro/24.jpg,https://www.catalogueau.com/coles/#catalogue=coles/coles-catalogue-february-5-11-2025-vic-metro/,displayed_price,displayed_price;unit_price,2,verified
Coles,VIC METRO,"Coles Catalogue February 5 - 11, 2025 VIC METRO",2025-02-05,2025-02-12,24,MasterFoods Squeeze Tomato or Barbecue Sauce 475mL-500mL,6.0,,,,special,475mL; 500mL,,MasterFoods Squeeze Tomato or | Barbecue Sauce 475mL-500mL | MAGICA | WNC,94.03,True,offer_labels_missing;save_amount_missing;regular_price_missing;inferred_price_requires_review,https://caau.syd1.cdn.digitaloceanspaces.com/wp-content/uploads/catalogue/coles/coles-catalogue-february-5-11-2025-vic-metro/24.jpg,https://www.catalogueau.com/coles/#catalogue=coles/coles-catalogue-february-5-11-2025-vic-metro/,displayed_price,displayed_price;grid_inference,1,review
Coles,VIC METRO,"Coles Catalogue February 5 - 11, 2025 VIC METRO",2025-02-05,2025-02-12,24,Indomie Instant Noodles 5 Pack 400g-425g,3.95,,,,everyday,5 Pack; 400g; 425g,,Indomie Instant Noodles | 5 Pack 400g-425g | (CREOSS),93.79,True,single_price_evidence,https://caau.syd1.cdn.digitaloceanspaces.com/wp-content/uploads/catalogue/coles/coles-catalogue-february-5-11-2025-vic-metro/24.jpg,https://www.catalogueau.com/coles/#catalogue=coles/coles-catalogue-february-5-11-2025-vic-metro/,displayed_price,displayed_price,1,review
Coles,VIC METRO,"Coles Catalogue February 5 - 11, 2025 VIC METRO",2025-02-05,2025-02-12,24,Mission Salsa 300g,4.4,,,,everyday,300g,$1.47 per 100g,Mission Salsa 300g | $1.47 per 100g | Camp,96.57,True,single_price_evidence,https://caau.syd1.cdn.digitaloceanspaces.com/wp-content/uploads/catalogue/coles/coles-catalogue-february-5-11-2025-vic-metro/24.jpg,https://www.catalogueau.com/coles/#catalogue=coles/coles-catalogue-february-5-11-2025-vic-metro/,unit_price,unit_price,1,review
Coles,VIC METRO,"Coles Catalogue February 5 - 11, 2025 VIC METRO",2025-02-05,2025-02-12,24,Maggi 2 Minute Noodles 12 Pack 828g-888g,10.0,,,,everyday,12 Pack; 828g; 888g,,Maggi 2 Minute Noodles | 12 Pack 828g-888g | ampli | | Cam,94.14,True,single_price_evidence,https://caau.syd1.cdn.digitaloceanspaces.com/wp-content/uploads/catalogue/coles/coles-catalogue-february-5-11-2025-vic-metro/24.jpg,https://www.catalogueau.com/coles/#catalogue=coles/coles-catalogue-february-5-11-2025-vic-metro/,displayed_price,displayed_price,1,review
Coles,VIC METRO,"Coles Catalogue February 5 - 11, 2025 VIC METRO",2025-02-05,2025-02-12,25,Golden Circle Sliced Beetroot 450g,2.0,2.7,0.7,25.93,save_amount,450g,$4.44 per kg,"WASS$2.70 | WASS$2.70 | Golden Circle Sliced Beetroot 450g | $4.44 per kg | @,",96.74,False,,https://caau.syd1.cdn.digitaloceanspaces.com/wp-content/uploads/catalogue/coles/coles-catalogue-february-5-11-2025-vic-metro/25.jpg,https://www.catalogueau.com/coles/#catalogue=coles/coles-catalogue-february-5-11-2025-vic-metro/,displayed_price,displayed_price;unit_price,2,verified
Coles,VIC METRO,"Coles Catalogue February 5 - 11, 2025 VIC METRO",2025-02-05,2025-02-12,25,Ayam Curry Paste 185g-195g Green's,3.0,4.0,1.0,25.0,save_amount,185g; 195g,,Ayam Curry Paste 185g-195g | Green's | ns,79.0,True,low_name_confidence_strict;single_price_evidence,https://caau.syd1.cdn.digitaloceanspaces.com/wp-content/uploads/catalogue/coles/coles-catalogue-february-5-11-2025-vic-metro/25.jpg,https://www.catalogueau.com/coles/#catalogue=coles/coles-catalogue-february-5-11-2025-vic-metro/,displayed_price,displayed_price,1,review
Coles,VIC METRO,"Coles Catalogue February 5 - 11, 2025 VIC METRO",2025-02-05,2025-02-12,25,Gravox Liquid Gravy or Finishing Sauce 165g,2.8,3.5,0.7,20.0,save_amount,165g,$1.70 per 100g,WASS3.50 | WASS3.50 | Gravox Liquid Gravy or Finishing | Sauce 165g $1.70 per 100g | VIC-METRO-0502-25-332055,95.87,False,,https://caau.syd1.cdn.digitaloceanspaces.com/wp-content/uploads/catalogue/coles/coles-catalogue-february-5-11-2025-vic-metro/25.jpg,https://www.catalogueau.com/coles/#catalogue=coles/coles-catalogue-february-5-11-2025-vic-metro/,displayed_price,displayed_price;unit_price,2,verified
Coles,VIC METRO,"Coles Catalogue February 5 - 11, 2025 VIC METRO",2025-02-05,2025-02-12,25,Green's Baking Mix 350g-470g,3.0,3.8,0.8,21.05,save_amount,350g; 470g,,WASS$3.80 | WASS$3.80 | Green's Baking Mix | 350g-470g,94.55,True,single_price_evidence,https://caau.syd1.cdn.digitaloceanspaces.com/wp-content/uploads/catalogue/coles/coles-catalogue-february-5-11-2025-vic-metro/25.jpg,https://www.catalogueau.com/coles/#catalogue=coles/coles-catalogue-february-5-11-2025-vic-metro/,displayed_price,displayed_price,1,review
Coles,VIC METRO,"Coles Catalogue February 5 - 11, 2025 VIC METRO",2025-02-05,2025-02-12,25,Mission Street Tacos 10 Pack 375g,3.5,4.4,0.9,20.45,save_amount,10 Pack; 375g,$0.93 per 100g,WASS4.40 | WASS4.40 | Mission Street Tacos 10 Pack | 375g $0.93 per 100g,96.77,True,single_price_evidence,https://caau.syd1.cdn.digitaloceanspaces.com/wp-content/uploads/catalogue/coles/coles-catalogue-february-5-11-2025-vic-metro/25.jpg,https://www.catalogueau.com/coles/#catalogue=coles/coles-catalogue-february-5-11-2025-vic-metro/,unit_price,unit_price,1,review
Coles,VIC METRO,"Coles Catalogue February 5 - 11, 2025 VIC METRO",2025-02-05,2025-02-12,25,Nice & Natural Fruit Fun Mix 16 Pack 272g,8.0,,,,everyday,16 Pack; 272g,$2.94 per 100g,Nice & Natural Fruit Fun Mix | 16 Pack 272g $2.94 per 100g,96.14,False,,https://caau.syd1.cdn.digitaloceanspaces.com/wp-content/uploads/catalogue/coles/coles-catalogue-february-5-11-2025-vic-metro/25.jpg,https://www.catalogueau.com/coles/#catalogue=coles/coles-catalogue-february-5-11-2025-vic-metro/,displayed_price,displayed_price;unit_price,2,verified
Coles,VIC METRO,"Coles Catalogue February 5 - 11, 2025 VIC METRO",2025-02-05,2025-02-12,25,Sanitarium Up & Go Fridge Pack 12x250mL,17.5,,,,everyday,12x250mL,$5.83 per litre,Sanitarium Up & Go Fridge | Pack 12x250mL $5.83 per litre,94.86,False,,https://caau.syd1.cdn.digitaloceanspaces.com/wp-content/uploads/catalogue/coles/coles-catalogue-february-5-11-2025-vic-metro/25.jpg,https://www.catalogueau.com/coles/#catalogue=coles/coles-catalogue-february-5-11-2025-vic-metro/,displayed_price,displayed_price;unit_price,2,verified
Coles,VIC METRO,"Coles Catalogue February 5 - 11, 2025 VIC METRO",2025-02-05,2025-02-12,26,Uncle Tobys Protein Muesli Bar 175g,3.35,670.0,666.65,99.5,save_amount,175g,$1.91 per 100g,WAS$670 | WAS$670 | Uncle Tobys Protein Muesli Bar 175g | $1.91 per 100g | eee. | i | a | (ee,94.26,False,,https://caau.syd1.cdn.digitaloceanspaces.com/wp-content/uploads/catalogue/coles/coles-catalogue-february-5-11-2025-vic-metro/26.jpg,https://www.catalogueau.com/coles/#catalogue=coles/coles-catalogue-february-5-11-2025-vic-metro/,displayed_price,displayed_price;unit_price,2,verified
Coles,VIC METRO,"Coles Catalogue February 5 - 11, 2025 VIC METRO",2025-02-05,2025-02-12,26,Twinings Tea Bags 80 Pack-100 Pack,6.75,13.5,6.75,50.0,half_price,80 Pack; 100 Pack,,WASS13.50 | WASS13.50 | Twinings Tea Bags 80 Pack-100 Pack,94.54,True,inferred_price_requires_review,https://caau.syd1.cdn.digitaloceanspaces.com/wp-content/uploads/catalogue/coles/coles-catalogue-february-5-11-2025-vic-metro/26.jpg,https://www.catalogueau.com/coles/#catalogue=coles/coles-catalogue-february-5-11-2025-vic-metro/,displayed_price,displayed_price;page_discount,1,review
Coles,VIC METRO,"Coles Catalogue February 5 - 11, 2025 VIC METRO",2025-02-05,2025-02-12,26,Kellogg's Nutri Grain or LCMs 5 Pack 100g-110g,2.25,4.5,2.25,50.0,half_price,5 Pack; 100g; 110g,,WASS4.50 | WASS4.50 | Kellogg's Nutri Grain or | LCMs 5 Pack 100g-110g,94.2,True,inferred_price_requires_review,https://caau.syd1.cdn.digitaloceanspaces.com/wp-content/uploads/catalogue/coles/coles-catalogue-february-5-11-2025-vic-metro/26.jpg,https://www.catalogueau.com/coles/#catalogue=coles/coles-catalogue-february-5-11-2025-vic-metro/,page_discount_inference,page_discount,0,review
Coles,VIC METRO,"Coles Catalogue February 5 - 11, 2025 VIC METRO",2025-02-05,2025-02-12,26,Carman's Nut or Muesli Bars 140g-210g,3.75,7.5,3.75,50.0,half_price,140g; 210g,,WAS$7.50 | WAS$7.50 | Carman's Nut or Muesli | Bars 140g-210g | = | ‘ | 5,79.0,True,low_name_confidence_strict;inferred_price_requires_review,https://caau.syd1.cdn.digitaloceanspaces.com/wp-content/uploads/catalogue/coles/coles-catalogue-february-5-11-2025-vic-metro/26.jpg,https://www.catalogueau.com/coles/#catalogue=coles/coles-catalogue-february-5-11-2025-vic-metro/,page_discount_inference,page_discount,0,review
Coles,VIC METRO,"Coles Catalogue February 5 - 11, 2025 VIC METRO",2025-02-05,2025-02-12,26,Uncle Tobys Le Snak Value Pack 264g,8.0,10.0,2.0,20.0,save_amount,264g,$3.03 per 100g,WASS10 | WASS10 | Uncle Tobys Le Snak | Value Pack 264g | $3.03 per 100g | Bonus,94.21,True,single_price_evidence,https://caau.syd1.cdn.digitaloceanspaces.com/wp-content/uploads/catalogue/coles/coles-catalogue-february-5-11-2025-vic-metro/26.jpg,https://www.catalogueau.com/coles/#catalogue=coles/coles-catalogue-february-5-11-2025-vic-metro/,unit_price,unit_price,1,review
Coles,VIC METRO,"Coles Catalogue February 5 - 11, 2025 VIC METRO",2025-02-05,2025-02-12,26,Foster Clark's Custard Pouch 120,0.95,1.9,0.95,50.0,half_price,,$1.25 per 100g,WASS1.90 | WASS1.90 | Foster Clark's Custard | Pouch 120 | 9 | $1.25 per 100g | VIC-METRO-0502-25-332055,79.0,True,low_name_confidence_strict;inferred_price_requires_review,https://caau.syd1.cdn.digitaloceanspaces.com/wp-content/uploads/catalogue/coles/coles-catalogue-february-5-11-2025-vic-metro/26.jpg,https://www.catalogueau.com/coles/#catalogue=coles/coles-catalogue-february-5-11-2025-vic-metro/,page_discount_inference,page_discount,0,review
Coles,VIC METRO,"Coles Catalogue February 5 - 11, 2025 VIC METRO",2025-02-05,2025-02-12,26,Mayver's Smooth or Crunchy Peanut Butter 375g,4.0,5.8,1.8,31.03,save_amount,375g,$1.07 per 100g,WASS$5.80 | WASS$5.80 | Mayver's Smooth or | Crunchy Peanut Butter | 375g $1.07 per 100g,95.3,False,,https://caau.syd1.cdn.digitaloceanspaces.com/wp-content/uploads/catalogue/coles/coles-catalogue-february-5-11-2025-vic-metro/26.jpg,https://www.catalogueau.com/coles/#catalogue=coles/coles-catalogue-february-5-11-2025-vic-metro/,displayed_price,displayed_price;unit_price,2,verified
Coles,VIC METRO,"Coles Catalogue February 5 - 11, 2025 VIC METRO",2025-02-05,2025-02-12,26,Kellogg's Nutri Grain 765g,8.0,10.8,2.8,25.93,save_amount,765g,$1.05 per 100g,WASS10.80 | WASS10.80 | Kellogg's Nutri Grain | 765g $1.05 per 100g. | *See page 34 for T&Cs,96.08,False,,https://caau.syd1.cdn.digitaloceanspaces.com/wp-content/uploads/catalogue/coles/coles-catalogue-february-5-11-2025-vic-metro/26.jpg,https://www.catalogueau.com/coles/#catalogue=coles/coles-catalogue-february-5-11-2025-vic-metro/,displayed_price,displayed_price;unit_price,2,verified
Coles,VIC METRO,"Coles Catalogue February 5 - 11, 2025 VIC METRO",2025-02-05,2025-02-12,26,Heinz Baked Beanz or Spaghetti 300g,1.9,2.8,0.9,32.14,save_amount,300g,$0.63 per 100g,WAS$2.80 | WAS$2.80 | Heinz Baked Beanz | or Spaghetti 300g | $0.63 per 100g,93.31,True,single_price_evidence,https://caau.syd1.cdn.digitaloceanspaces.com/wp-content/uploads/catalogue/coles/coles-catalogue-february-5-11-2025-vic-metro/26.jpg,https://www.catalogueau.com/coles/#catalogue=coles/coles-catalogue-february-5-11-2025-vic-metro/,unit_price,unit_price,1,review
Coles,VIC METRO,"Coles Catalogue February 5 - 11, 2025 VIC METRO",2025-02-05,2025-02-12,26,Uncle Tobys Big Bowl Oat Sachets 368g,10.0,,,,special,368g,$1.36 per 100g,"Uncle Tobys Big Bowl | Oat Sachets 368g | $1.36 per 100g | = —"" —",95.18,True,offer_labels_missing;save_amount_missing;regular_price_missing;unit_price_conflict;single_price_evidence,https://caau.syd1.cdn.digitaloceanspaces.com/wp-content/uploads/catalogue/coles/coles-catalogue-february-5-11-2025-vic-metro/26.jpg,https://www.catalogueau.com/coles/#catalogue=coles/coles-catalogue-february-5-11-2025-vic-metro/,displayed_price,displayed_price,1,review
Coles,VIC METRO,"Coles Catalogue February 5 - 11, 2025 VIC METRO",2025-02-05,2025-02-12,27,Muscle Nation Sparkling Protein Water 330mL,4.0,5.0,1.0,20.0,save_amount,330mL,$12.12 per litre,WASS5 | WASS5 | Muscle Nation Sparkling Protein | Water 330mL $12.12 per litre | ~/ Bonus,94.89,True,single_price_evidence,https://caau.syd1.cdn.digitaloceanspaces.com/wp-content/uploads/catalogue/coles/coles-catalogue-february-5-11-2025-vic-metro/27.jpg,https://www.catalogueau.com/coles/#catalogue=coles/coles-catalogue-february-5-11-2025-vic-metro/,unit_price,unit_price,1,review
Coles,VIC METRO,"Coles Catalogue February 5 - 11, 2025 VIC METRO",2025-02-05,2025-02-12,27,Mayver's Low Carb High Protein Bar 128g,6.6,8.3,1.7,20.48,save_amount,128g,$5.16 per 100g,WASS8.30 | WASS8.30 | Mayver's Low Carb High Protein | Bar 128g $5.16 per 100g | ~/ Bonus,95.84,False,,https://caau.syd1.cdn.digitaloceanspaces.com/wp-content/uploads/catalogue/coles/coles-catalogue-february-5-11-2025-vic-metro/27.jpg,https://www.catalogueau.com/coles/#catalogue=coles/coles-catalogue-february-5-11-2025-vic-metro/,displayed_price,displayed_price;unit_price,2,verified
Coles,VIC METRO,"Coles Catalogue February 5 - 11, 2025 VIC METRO",2025-02-05,2025-02-12,27,Health Lab Plant-Protein Bar 50g,3.15,4.5,1.35,30.0,save_amount,50g,$6.30 per 100g,‘WAS$4.50 | ‘WAS$4.50 | Health Lab Plant-Protein Bar 50g | $6.30 per 100g,94.25,True,single_price_evidence,https://caau.syd1.cdn.digitaloceanspaces.com/wp-content/uploads/catalogue/coles/coles-catalogue-february-5-11-2025-vic-metro/27.jpg,https://www.catalogueau.com/coles/#catalogue=coles/coles-catalogue-february-5-11-2025-vic-metro/,unit_price,unit_price,1,review
Coles,VIC METRO,"Coles Catalogue February 5 - 11, 2025 VIC METRO",2025-02-05,2025-02-12,27,Moccona Specialty Blend Instant Coffee 200g,14.35,20.5,6.15,30.0,save_amount,200g,$7.18 per 100g,WASS$20.50 | WASS$20.50 | Moccona Specialty Blend Instant | Coffee 200g $7.18 per 100g,96.1,True,single_price_evidence,https://caau.syd1.cdn.digitaloceanspaces.com/wp-content/uploads/catalogue/coles/coles-catalogue-february-5-11-2025-vic-metro/27.jpg,https://www.catalogueau.com/coles/#catalogue=coles/coles-catalogue-february-5-11-2025-vic-metro/,unit_price,unit_price,1,review
Coles,VIC METRO,"Coles Catalogue February 5 - 11, 2025 VIC METRO",2025-02-05,2025-02-12,27,Nescafé Blend 43 500g,19.5,30.0,10.5,35.0,save_amount,500g,$3.90 per 100g,WASS$30 | WASS$30 | Nescafé Blend 43 500g | $3.90 per 100g. | *See page 34 forT&Cs,94.55,False,,https://caau.syd1.cdn.digitaloceanspaces.com/wp-content/uploads/catalogue/coles/coles-catalogue-february-5-11-2025-vic-metro/27.jpg,https://www.catalogueau.com/coles/#catalogue=coles/coles-catalogue-february-5-11-2025-vic-metro/,displayed_price,displayed_price;unit_price,2,verified
Coles,VIC METRO,"Coles Catalogue February 5 - 11, 2025 VIC METRO",2025-02-05,2025-02-12,27,Lavazza Espresso Barista Coffee Beans 1kg,25.0,50.0,25.0,50.0,half_price,1kg,$2.50 per 100g,WAS$50 | WAS$50 | Lavazza Espresso Barista Coffee | Beans 1kg $2.50 per 100g,93.48,False,,https://caau.syd1.cdn.digitaloceanspaces.com/wp-content/uploads/catalogue/coles/coles-catalogue-february-5-11-2025-vic-metro/27.jpg,https://www.catalogueau.com/coles/#catalogue=coles/coles-catalogue-february-5-11-2025-vic-metro/,displayed_price,displayed_price;unit_price,2,verified
Coles,VIC METRO,"Coles Catalogue February 5 - 11, 2025 VIC METRO",2025-02-05,2025-02-12,27,Carman's Multigrain Muesli Bars 5 Pack 150g,2.95,5.9,2.95,50.0,half_price,5 Pack; 150g,$1.97 per 100g,WASS$5.90 | WASS$5.90 | Carman's Multigrain | Muesli Bars 5 Pack 150g | $1.97 per 100g | ADVERTISER PROMOTION | VIC-METRO-0502-25-332055,93.18,True,single_price_evidence,https://caau.syd1.cdn.digitaloceanspaces.com/wp-content/uploads/catalogue/coles/coles-catalogue-february-5-11-2025-vic-metro/27.jpg,https://www.catalogueau.com/coles/#catalogue=coles/coles-catalogue-february-5-11-2025-vic-metro/,unit_price,unit_price,1,review
Coles,VIC METRO,"Coles Catalogue February 5 - 11, 2025 VIC METRO",2025-02-05,2025-02-12,28,Primo Sliced Meats 80g-100g or Primo Trios 50g,6.0,,,,special,80g; 100g; 50g,,Primo Sliced Meats 80g-100g | or Primo Trios 50g | ‘) | » Prima | Primo,79.0,True,offer_labels_missing;save_amount_missing;regular_price_missing;low_name_confidence_strict;single_price_evidence,https://caau.syd1.cdn.digitaloceanspaces.com/wp-content/uploads/catalogue/coles/coles-catalogue-february-5-11-2025-vic-metro/28.jpg,https://www.catalogueau.com/coles/#catalogue=coles/coles-catalogue-february-5-11-2025-vic-metro/,displayed_price,displayed_price,1,review
Coles,VIC METRO,"Coles Catalogue February 5 - 11, 2025 VIC METRO",2025-02-05,2025-02-12,29,Lemnos Haloumi 180g,5.6,7.0,1.4,20.0,save_amount,180g,$31.11 per kg,WASS7 | WASS7 | Lemnos Haloumi 180g | $31.11 per kg | CRACKER,93.07,False,,https://caau.syd1.cdn.digitaloceanspaces.com/wp-content/uploads/catalogue/coles/coles-catalogue-february-5-11-2025-vic-metro/29.jpg,https://www.catalogueau.com/coles/#catalogue=coles/coles-catalogue-february-5-11-2025-vic-metro/,displayed_price,displayed_price;unit_price,2,verified
Coles,VIC METRO,"Coles Catalogue February 5 - 11, 2025 VIC METRO",2025-02-05,2025-02-12,29,Bega Cheese Stringers 8 Pack 160g,5.6,7.0,1.4,20.0,save_amount,8 Pack; 160g,$35.00 per kg,WASS7 | WASS7 | Bega Cheese Stringers 8 Pack | 160g $35.00 per kg,96.59,True,single_price_evidence,https://caau.syd1.cdn.digitaloceanspaces.com/wp-content/uploads/catalogue/coles/coles-catalogue-february-5-11-2025-vic-metro/29.jpg,https://www.catalogueau.com/coles/#catalogue=coles/coles-catalogue-february-5-11-2025-vic-metro/,unit_price,unit_price,1,review
Coles,VIC METRO,"Coles Catalogue February 5 - 11, 2025 VIC METRO",2025-02-05,2025-02-12,29,Bega Cheese Block 500g,9.5,,,,special,500g,$19.00 per kg,Bega Cheese Block 500g | $19.00 per kg | = | r | «,96.41,True,offer_labels_missing;save_amount_missing;regular_price_missing;inferred_price_requires_review,https://caau.syd1.cdn.digitaloceanspaces.com/wp-content/uploads/catalogue/coles/coles-catalogue-february-5-11-2025-vic-metro/29.jpg,https://www.catalogueau.com/coles/#catalogue=coles/coles-catalogue-february-5-11-2025-vic-metro/,unit_price,grid_inference;unit_price,1,review
Coles,VIC METRO,"Coles Catalogue February 5 - 11, 2025 VIC METRO",2025-02-05,2025-02-12,29,100% Natural NG,44.0,,,,special,,,100% Natural | 4 | NG | e,70.32,True,offer_labels_missing;save_amount_missing;regular_price_missing;low_name_confidence_strict;single_price_evidence,https://caau.syd1.cdn.digitaloceanspaces.com/wp-content/uploads/catalogue/coles/coles-catalogue-february-5-11-2025-vic-metro/29.jpg,https://www.catalogueau.com/coles/#catalogue=coles/coles-catalogue-february-5-11-2025-vic-metro/,displayed_price,displayed_price,1,review
Coles,VIC METRO,"Coles Catalogue February 5 - 11, 2025 VIC METRO",2025-02-05,2025-02-12,29,"Liddells Lactose Free Cheese Block, Slices or Shredded 250g",6.75,,,,special,250g,$27.00 per kg,"Liddells Lactose Free Cheese | Block, Slices or Shredded 250g | $27.00 per kg",95.29,False,,https://caau.syd1.cdn.digitaloceanspaces.com/wp-content/uploads/catalogue/coles/coles-catalogue-february-5-11-2025-vic-metro/29.jpg,https://www.catalogueau.com/coles/#catalogue=coles/coles-catalogue-february-5-11-2025-vic-metro/,displayed_price,displayed_price;unit_price,2,verified
Coles,VIC METRO,"Coles Catalogue February 5 - 11, 2025 VIC METRO",2025-02-05,2025-02-12,29,Cracker Barrel Cheese Block 500g,11.0,,,,special,500g,$22.00 per kg,Cracker Barrel Cheese Block | 500g $22.00 per kg,96.02,False,,https://caau.syd1.cdn.digitaloceanspaces.com/wp-content/uploads/catalogue/coles/coles-catalogue-february-5-11-2025-vic-metro/29.jpg,https://www.catalogueau.com/coles/#catalogue=coles/coles-catalogue-february-5-11-2025-vic-metro/,displayed_price,displayed_price;unit_price,2,verified
Coles,VIC METRO,"Coles Catalogue February 5 - 11, 2025 VIC METRO",2025-02-05,2025-02-12,30,Gippsland Dairy Twist Yogurt 160g,1.8,2.8,1.0,35.71,save_amount,160g,$1.13 per 100g,SAVE*1. | WASS. | Gippsland Dairy Twist Yogurt | 160g $1.13 per 100g,95.08,False,,https://caau.syd1.cdn.digitaloceanspaces.com/wp-content/uploads/catalogue/coles/coles-catalogue-february-5-11-2025-vic-metro/30.jpg,https://www.catalogueau.com/coles/#catalogue=coles/coles-catalogue-february-5-11-2025-vic-metro/,displayed_price,displayed_price;unit_price,2,verified
Coles,VIC METRO,"Coles Catalogue February 5 - 11, 2025 VIC METRO",2025-02-05,2025-02-12,30,Gippsland Dairy Crafted Yogurt 150g,2.4,4.0,1.6,40.0,save_amount,150g,$1.60 per 100g,SAVES1.60 | Gippsland Dairy Crafted Yogurt | per 100g | 150g $1.60 | 150g $1.60 per 100g,79.0,True,low_name_confidence_strict,https://caau.syd1.cdn.digitaloceanspaces.com/wp-content/uploads/catalogue/coles/coles-catalogue-february-5-11-2025-vic-metro/30.jpg,https://www.catalogueau.com/coles/#catalogue=coles/coles-catalogue-february-5-11-2025-vic-metro/,displayed_price,displayed_price;unit_price,2,review
Coles,VIC METRO,"Coles Catalogue February 5 - 11, 2025 VIC METRO",2025-02-05,2025-02-12,30,Chobani Greek Yogurt 160g or Greek Yogurt No Sugar Added 150g,1.6,2.7,1.1,40.74,save_amount,160g; 150g,,SAVE*1.10 | Chobani Greek Yogurt 160g | or Greek Yogurt No Sugar | Added 150g,95.92,True,single_price_evidence,https://caau.syd1.cdn.digitaloceanspaces.com/wp-content/uploads/catalogue/coles/coles-catalogue-february-5-11-2025-vic-metro/30.jpg,https://www.catalogueau.com/coles/#catalogue=coles/coles-catalogue-february-5-11-2025-vic-metro/,displayed_price,displayed_price,1,review
Coles,VIC METRO,"Coles Catalogue February 5 - 11, 2025 VIC METRO",2025-02-05,2025-02-12,30,Tamar Valley Dairy Greek Style Yoghurt 1kg,6.0,7.8,1.8,23.08,save_amount,1kg,$0.60 per 100g,SAVES1.80 | WASS7.80 | Tamar Valley Dairy Greek Style | Yoghurt 1kg $0.60 per 100g,94.97,False,,https://caau.syd1.cdn.digitaloceanspaces.com/wp-content/uploads/catalogue/coles/coles-catalogue-february-5-11-2025-vic-metro/30.jpg,https://www.catalogueau.com/coles/#catalogue=coles/coles-catalogue-february-5-11-2025-vic-metro/,save_was_arithmetic,displayed_price;save_was_arithmetic;unit_price,3,verified
Coles,VIC METRO,"Coles Catalogue February 5 - 11, 2025 VIC METRO",2025-02-05,2025-02-12,30,Chobani Greek Yogurt Pouch 140g,2.03,3.13,1.1,35.14,save_amount,140g,$1.45 per 100g,SAVE*1.10 | $1.45 per 100g | Chobani Greek Yogurt Pouch 140g | $1.14 per 100g | a 1,95.06,True,single_price_evidence,https://caau.syd1.cdn.digitaloceanspaces.com/wp-content/uploads/catalogue/coles/coles-catalogue-february-5-11-2025-vic-metro/30.jpg,https://www.catalogueau.com/coles/#catalogue=coles/coles-catalogue-february-5-11-2025-vic-metro/,unit_price,unit_price,1,review
Coles,VIC METRO,"Coles Catalogue February 5 - 11, 2025 VIC METRO",2025-02-05,2025-02-12,30,Flora ProActiv 500g,7.5,10.0,2.5,25.0,save_amount,500g,$1.50 per 100g,SAVE52.50 | WASS10 | Flora ProActiv 500g | $1.50 per 100g | 30,93.61,False,,https://caau.syd1.cdn.digitaloceanspaces.com/wp-content/uploads/catalogue/coles/coles-catalogue-february-5-11-2025-vic-metro/30.jpg,https://www.catalogueau.com/coles/#catalogue=coles/coles-catalogue-february-5-11-2025-vic-metro/,displayed_price,displayed_price;unit_price,2,verified
Coles,VIC METRO,"Coles Catalogue February 5 - 11, 2025 VIC METRO",2025-02-05,2025-02-12,30,Danone YoPro Protein Yoghurt 160g,2.2,3.0,0.8,26.67,save_amount,160g,$1.38 per 100g,SAVE 80° | WASS3 | Danone YoPro | Protein Yoghurt 160g | $1.38 per 100g | 30,93.56,True,single_price_evidence,https://caau.syd1.cdn.digitaloceanspaces.com/wp-content/uploads/catalogue/coles/coles-catalogue-february-5-11-2025-vic-metro/30.jpg,https://www.catalogueau.com/coles/#catalogue=coles/coles-catalogue-february-5-11-2025-vic-metro/,unit_price,unit_price,1,review
Coles,VIC METRO,"Coles Catalogue February 5 - 11, 2025 VIC METRO",2025-02-05,2025-02-12,30,Western Star Spreadable Blend 500g,6.5,7.0,0.5,7.14,save_amount,500g,$1.30 per 100g,SAVE50‘ | WASS7 | Western Star Spreadable | Blend 500g $1.30 per 100g | On sale for 2 weeks,94.57,True,single_price_evidence,https://caau.syd1.cdn.digitaloceanspaces.com/wp-content/uploads/catalogue/coles/coles-catalogue-february-5-11-2025-vic-metro/30.jpg,https://www.catalogueau.com/coles/#catalogue=coles/coles-catalogue-february-5-11-2025-vic-metro/,unit_price,unit_price,1,review
Coles,VIC METRO,"Coles Catalogue February 5 - 11, 2025 VIC METRO",2025-02-05,2025-02-12,31,"Little Entertainers Mersey Valley, Tasmanian Heritage or South Cape Cheese 80g",4.0,6.4,2.4,37.5,save_amount,80g,$50.00 per kg,"| SAVE'2.40 | Little Entertainers Mersey Valley, | Tasmanian Heritage or South | Cape Cheese 80g $50.00 per kg | Catalogue on sale Wed 5th Feb until Tue 11th Feb 2025 or until Tue 18th Feb where indicated. Selected | specials commenced Wed 29th Jan. Promotional prices commence 7am Wednesday and may commence or extend | beyond the advertised date. Promotional products and prices are not available on DoorDash, UberEats or at Coles Express",96.43,True,single_price_evidence,https://caau.syd1.cdn.digitaloceanspaces.com/wp-content/uploads/catalogue/coles/coles-catalogue-february-5-11-2025-vic-metro/31.jpg,https://www.catalogueau.com/coles/#catalogue=coles/coles-catalogue-february-5-11-2025-vic-metro/,unit_price,unit_price,1,review
Coles,VIC METRO,"Coles Catalogue February 5 - 11, 2025 VIC METRO",2025-02-05,2025-02-12,31,Dare Flavoured Milk 500mL,3.3,,,,special,500mL,$6.60 per litre,Dare Flavoured Milk 500mL | $6.60 per litre | 5; | z | xD,94.24,False,,https://caau.syd1.cdn.digitaloceanspaces.com/wp-content/uploads/catalogue/coles/coles-catalogue-february-5-11-2025-vic-metro/31.jpg,https://www.catalogueau.com/coles/#catalogue=coles/coles-catalogue-february-5-11-2025-vic-metro/,displayed_price,displayed_price;unit_price,2,verified
Coles,VIC METRO,"Coles Catalogue February 5 - 11, 2025 VIC METRO",2025-02-05,2025-02-12,31,Impressed Juice 325mL,2.65,,,,special,325mL,$8.15 per litre,Impressed Juice 325mL | $8.15 per litre | Mes,93.79,True,single_price_evidence,https://caau.syd1.cdn.digitaloceanspaces.com/wp-content/uploads/catalogue/coles/coles-catalogue-february-5-11-2025-vic-metro/31.jpg,https://www.catalogueau.com/coles/#catalogue=coles/coles-catalogue-february-5-11-2025-vic-metro/,unit_price,unit_price,1,review
Coles,VIC METRO,"Coles Catalogue February 5 - 11, 2025 VIC METRO",2025-02-05,2025-02-12,31,Rokeby Farms Smoothie 425mL,3.6,,,,special,425mL,$8.47 per litre,Rokeby Farms Smoothie 425mL | $8.47 per litre | es,94.56,False,,https://caau.syd1.cdn.digitaloceanspaces.com/wp-content/uploads/catalogue/coles/coles-catalogue-february-5-11-2025-vic-metro/31.jpg,https://www.catalogueau.com/coles/#catalogue=coles/coles-catalogue-february-5-11-2025-vic-metro/,displayed_price,displayed_price;unit_price,2,verified
Coles,VIC METRO,"Coles Catalogue February 5 - 11, 2025 VIC METRO",2025-02-05,2025-02-12,31,Obela Garnished Hommus Dip 220g or Red Rock Deli Dip 135g,4.0,,,,special,220g; 135g,,Obela Garnished Hommus Dip | 220g or Red Rock Deli Dip 135g,93.87,True,offer_labels_missing;save_amount_missing;regular_price_missing;single_price_evidence,https://caau.syd1.cdn.digitaloceanspaces.com/wp-content/uploads/catalogue/coles/coles-catalogue-february-5-11-2025-vic-metro/31.jpg,https://www.catalogueau.com/coles/#catalogue=coles/coles-catalogue-february-5-11-2025-vic-metro/,displayed_price,displayed_price,1,review
Coles,VIC METRO,"Coles Catalogue February 5 - 11, 2025 VIC METRO",2025-02-05,2025-02-12,31,Don Sliced Meat 160g-200g,5.0,,,,special,160g; 200g,,Don Sliced Meat 160g-200g,93.69,True,offer_labels_missing;save_amount_missing;regular_price_missing;single_price_evidence,https://caau.syd1.cdn.digitaloceanspaces.com/wp-content/uploads/catalogue/coles/coles-catalogue-february-5-11-2025-vic-metro/31.jpg,https://www.catalogueau.com/coles/#catalogue=coles/coles-catalogue-february-5-11-2025-vic-metro/,displayed_price,displayed_price,1,review
Coles,VIC METRO,"Coles Catalogue February 5 - 11, 2025 VIC METRO",2025-02-05,2025-02-12,32,Cape Byron Ice Cream 4 Pack 378mL,8.0,11.5,3.5,30.43,save_amount,4 Pack; 378mL,$2.12 per 100mL,SAVE$3.50 | WASS11.50 | Cape Byron Ice Cream 4 Pack | 378mL $2.12 per 100mL,93.62,False,,https://caau.syd1.cdn.digitaloceanspaces.com/wp-content/uploads/catalogue/coles/coles-catalogue-february-5-11-2025-vic-metro/32.jpg,https://www.catalogueau.com/coles/#catalogue=coles/coles-catalogue-february-5-11-2025-vic-metro/,save_was_arithmetic,displayed_price;save_was_arithmetic;unit_price,3,verified
Coles,VIC METRO,"Coles Catalogue February 5 - 11, 2025 VIC METRO",2025-02-05,2025-02-12,32,Peters Original 4 Litre,8.8,10.9,2.1,19.27,save_amount,4 Litre,$0.22 per 100mL,WAS$10.90 | WAS$10.90 | Peters Original 4 Litre | $0.22 per 100mL,96.58,True,single_price_evidence,https://caau.syd1.cdn.digitaloceanspaces.com/wp-content/uploads/catalogue/coles/coles-catalogue-february-5-11-2025-vic-metro/32.jpg,https://www.catalogueau.com/coles/#catalogue=coles/coles-catalogue-february-5-11-2025-vic-metro/,unknown,,0,review
Coles,VIC METRO,"Coles Catalogue February 5 - 11, 2025 VIC METRO",2025-02-05,2025-02-12,32,Peters Frosty Fruits 6 Pack-8 Pack 420mL-600mL,6.0,9.0,3.0,33.33,save_amount,6 Pack; 8 Pack; 420mL; 600mL,,SAVES3 | WASS9 | Peters Frosty Fruits 6 Pack-8 Pack | 420mL-600mL,93.35,False,,https://caau.syd1.cdn.digitaloceanspaces.com/wp-content/uploads/catalogue/coles/coles-catalogue-february-5-11-2025-vic-metro/32.jpg,https://www.catalogueau.com/coles/#catalogue=coles/coles-catalogue-february-5-11-2025-vic-metro/,save_was_arithmetic,displayed_price;save_was_arithmetic,2,verified
Coles,VIC METRO,"Coles Catalogue February 5 - 11, 2025 VIC METRO",2025-02-05,2025-02-12,32,The Sweetporium Co Ice Cream 1 Litre,7.0,10.0,3.0,30.0,save_amount,1 Litre,$0.70 per 100mL,SAVES3 | WASS10 | The Sweetporium Co Ice Cream | 1 Litre $0.70 per 100mL | 2,93.43,False,,https://caau.syd1.cdn.digitaloceanspaces.com/wp-content/uploads/catalogue/coles/coles-catalogue-february-5-11-2025-vic-metro/32.jpg,https://www.catalogueau.com/coles/#catalogue=coles/coles-catalogue-february-5-11-2025-vic-metro/,save_was_arithmetic,displayed_price;save_was_arithmetic;unit_price,3,verified
Coles,VIC METRO,"Coles Catalogue February 5 - 11, 2025 VIC METRO",2025-02-05,2025-02-12,32,Peters Maxibon 4 Pack 560mL,8.5,11.5,3.0,26.09,save_amount,4 Pack; 560mL,$1.52 per 100mL,WASS11.50 | WASS11.50 | Peters Maxibon 4 Pack 560mL | $1.52 per 100mL,92.97,True,single_price_evidence,https://caau.syd1.cdn.digitaloceanspaces.com/wp-content/uploads/catalogue/coles/coles-catalogue-february-5-11-2025-vic-metro/32.jpg,https://www.catalogueau.com/coles/#catalogue=coles/coles-catalogue-february-5-11-2025-vic-metro/,unit_price,unit_price,1,review
Coles,VIC METRO,"Coles Catalogue February 5 - 11, 2025 VIC METRO",2025-02-05,2025-02-12,32,Streets Golden é,5.0,10.0,5.0,50.0,half_price,,$1.25 per 100mL,WASS10 | WASS10 | Streets Golden | é | _-Gaytime Sticks | 4 Pack 400mL | mee ~ $1.25 per 100mL | ADVERTISER PROMOTION,79.0,True,low_name_confidence_strict;single_price_evidence,https://caau.syd1.cdn.digitaloceanspaces.com/wp-content/uploads/catalogue/coles/coles-catalogue-february-5-11-2025-vic-metro/32.jpg,https://www.catalogueau.com/coles/#catalogue=coles/coles-catalogue-february-5-11-2025-vic-metro/,displayed_price,displayed_price,1,review
Coles,VIC METRO,"Coles Catalogue February 5 - 11, 2025 VIC METRO",2025-02-05,2025-02-12,33,Ben & Jerry's Ice Cream Tub 427mL-465mL,7.25,14.5,7.25,50.0,half_price,427mL; 465mL,,SAVES7.25 | WASS$14.50 | Ben & Jerry's Ice Cream Tub | 427mL-465mL | eco,86.6,True,single_price_evidence,https://caau.syd1.cdn.digitaloceanspaces.com/wp-content/uploads/catalogue/coles/coles-catalogue-february-5-11-2025-vic-metro/33.jpg,https://www.catalogueau.com/coles/#catalogue=coles/coles-catalogue-february-5-11-2025-vic-metro/,save_was_arithmetic,save_was_arithmetic,1,review
Coles,VIC METRO,"Coles Catalogue February 5 - 11, 2025 VIC METRO",2025-02-05,2025-02-12,33,Ferrero or Raffaello Frozen Dessert 4 Pack 188g-200g,6.0,12.0,6.0,50.0,half_price,4 Pack; 188g; 200g,,SAVES6 | WASS12 | Ferrero or Raffaello Frozen Dessert | 4 Pack 188g-200g,94.09,False,,https://caau.syd1.cdn.digitaloceanspaces.com/wp-content/uploads/catalogue/coles/coles-catalogue-february-5-11-2025-vic-metro/33.jpg,https://www.catalogueau.com/coles/#catalogue=coles/coles-catalogue-february-5-11-2025-vic-metro/,save_was_arithmetic,displayed_price;save_was_arithmetic,2,verified
Coles,VIC METRO,"Coles Catalogue February 5 - 11, 2025 VIC METRO",2025-02-05,2025-02-12,33,Streets Calippo or Cyclone 8 Pack-10 Pack 575mL-688mL,7.0,9.0,2.0,22.22,save_amount,8 Pack; 10 Pack; 575mL; 688mL,,SAVES2. | WASS9 | Streets Calippo or Cyclone | 8 Pack-10 Pack 575mL-688mL | fichen,91.38,False,,https://caau.syd1.cdn.digitaloceanspaces.com/wp-content/uploads/catalogue/coles/coles-catalogue-february-5-11-2025-vic-metro/33.jpg,https://www.catalogueau.com/coles/#catalogue=coles/coles-catalogue-february-5-11-2025-vic-metro/,save_was_arithmetic,displayed_price;save_was_arithmetic,2,verified
Coles,VIC METRO,"Coles Catalogue February 5 - 11, 2025 VIC METRO",2025-02-05,2025-02-12,33,Streets Magnum 4 Pack-6 Pack 360mL-428mL,9.0,12.0,3.0,25.0,save_amount,4 Pack; 6 Pack; 360mL; 428mL,,"SAVE 53. | WASS12 | Streets Magnum 4 Pack-6 Pack | 360mL-428mL | ic,",92.0,True,single_price_evidence,https://caau.syd1.cdn.digitaloceanspaces.com/wp-content/uploads/catalogue/coles/coles-catalogue-february-5-11-2025-vic-metro/33.jpg,https://www.catalogueau.com/coles/#catalogue=coles/coles-catalogue-february-5-11-2025-vic-metro/,save_was_arithmetic,save_was_arithmetic,1,review
Coles,VIC METRO,"Coles Catalogue February 5 - 11, 2025 VIC METRO",2025-02-05,2025-02-12,33,Coles Kitchen Frozen Entertaining Snacks 160g-330g,15.0,17.4,2.4,13.79,save_amount,160g; 330g,,SAVE $2.40 | Coles Kitchen Frozen Entertaining | Snacks 160g-330g | VIC-METRO-0502-25-332055,94.3,True,single_price_evidence,https://caau.syd1.cdn.digitaloceanspaces.com/wp-content/uploads/catalogue/coles/coles-catalogue-february-5-11-2025-vic-metro/33.jpg,https://www.catalogueau.com/coles/#catalogue=coles/coles-catalogue-february-5-11-2025-vic-metro/,displayed_price,displayed_price,1,review
Coles,VIC METRO,"Coles Catalogue February 5 - 11, 2025 VIC METRO",2025-02-05,2025-02-12,33,Coles Finest Luxury Triple Berry Baked Cheesecake 890g,12.0,,,,special,890g,$1.35 per 100g,Coles Finest Luxury Triple Berry | Baked Cheesecake 890g | $1.35 per 100g,96.19,False,,https://caau.syd1.cdn.digitaloceanspaces.com/wp-content/uploads/catalogue/coles/coles-catalogue-february-5-11-2025-vic-metro/33.jpg,https://www.catalogueau.com/coles/#catalogue=coles/coles-catalogue-february-5-11-2025-vic-metro/,displayed_price,displayed_price;unit_price,2,verified
Coles,VIC METRO,"Coles Catalogue February 5 - 11, 2025 VIC METRO",2025-02-05,2025-02-12,33,McCain Mixed Vegetables 500g,3.6,,,,special,500g,$7.20 per kg,McCain Mixed Vegetables 500g | $7.20 per kg,96.41,False,,https://caau.syd1.cdn.digitaloceanspaces.com/wp-content/uploads/catalogue/coles/coles-catalogue-february-5-11-2025-vic-metro/33.jpg,https://www.catalogueau.com/coles/#catalogue=coles/coles-catalogue-february-5-11-2025-vic-metro/,displayed_price,displayed_price;unit_price,2,verified
Coles,VIC METRO,"Coles Catalogue February 5 - 11, 2025 VIC METRO",2025-02-05,2025-02-12,34,Coco Earth Chicken Tikka Masala 400g,6.0,12.0,6.0,50.0,half_price,400g,$1.50 per 100g,WASS$12 | WASS$12 | Coco Earth Chicken Tikka | Masala 400g $1.50 per 100g,96.39,False,,https://caau.syd1.cdn.digitaloceanspaces.com/wp-content/uploads/catalogue/coles/coles-catalogue-february-5-11-2025-vic-metro/34.jpg,https://www.catalogueau.com/coles/#catalogue=coles/coles-catalogue-february-5-11-2025-vic-metro/,displayed_price,displayed_price;page_discount;unit_price,2,verified
Coles,VIC METRO,"Coles Catalogue February 5 - 11, 2025 VIC METRO",2025-02-05,2025-02-12,34,Borg's Gozleme Feta & Spinach 300g,3.5,7.0,3.5,50.0,half_price,300g,$1.17 per 100g,WAS$7 | WAS$7 | Borg's Gozleme Feta & | Spinach 300g $1.17 per 100g,94.5,True,inferred_price_requires_review,https://caau.syd1.cdn.digitaloceanspaces.com/wp-content/uploads/catalogue/coles/coles-catalogue-february-5-11-2025-vic-metro/34.jpg,https://www.catalogueau.com/coles/#catalogue=coles/coles-catalogue-february-5-11-2025-vic-metro/,unit_price,page_discount;unit_price,1,review
Coles,VIC METRO,"Coles Catalogue February 5 - 11, 2025 VIC METRO",2025-02-05,2025-02-12,34,25 Degrees South Ravioli 325g,4.5,9.0,4.5,50.0,half_price,325g,$1.38 per 100g,WASS9 | WASS9 | 25 Degrees South Ravioli 325g | $1.38 per 100g | Gs | QUSTICA,96.17,False,,https://caau.syd1.cdn.digitaloceanspaces.com/wp-content/uploads/catalogue/coles/coles-catalogue-february-5-11-2025-vic-metro/34.jpg,https://www.catalogueau.com/coles/#catalogue=coles/coles-catalogue-february-5-11-2025-vic-metro/,displayed_price,displayed_price;page_discount;unit_price,2,verified
Coles,VIC METRO,"Coles Catalogue February 5 - 11, 2025 VIC METRO",2025-02-05,2025-02-12,34,McCain Pizza Slices 2 Pack 600g,7.0,9.0,2.0,22.22,save_amount,2 Pack; 600g,$1.17 per 100g,WASS9 | WASS9 | McCain Pizza Slices 2 Pack 600g | $1.17 per 100g | |,96.29,False,,https://caau.syd1.cdn.digitaloceanspaces.com/wp-content/uploads/catalogue/coles/coles-catalogue-february-5-11-2025-vic-metro/34.jpg,https://www.catalogueau.com/coles/#catalogue=coles/coles-catalogue-february-5-11-2025-vic-metro/,displayed_price,displayed_price;unit_price,2,verified
Coles,VIC METRO,"Coles Catalogue February 5 - 11, 2025 VIC METRO",2025-02-05,2025-02-12,34,McCain Rustica Pizza 335g-450g PICKERS,5.5,11.0,5.5,50.0,half_price,335g; 450g,,WASS11 | WASS11 | McCain Rustica Pizza 335g-450g | PICKERS | PIC | i | te,79.0,True,low_name_confidence_strict;inferred_price_requires_review,https://caau.syd1.cdn.digitaloceanspaces.com/wp-content/uploads/catalogue/coles/coles-catalogue-february-5-11-2025-vic-metro/34.jpg,https://www.catalogueau.com/coles/#catalogue=coles/coles-catalogue-february-5-11-2025-vic-metro/,page_discount_inference,page_discount,0,review
Coles,VIC METRO,"Coles Catalogue February 5 - 11, 2025 VIC METRO",2025-02-05,2025-02-12,34,Herbert Adams Slow Cooked Beef Pies 2 Pack 400g-420g,4.75,9.5,4.75,50.0,half_price,2 Pack; 400g; 420g,,WASS$9.50 | WASS$9.50 | Herbert Adams Slow Cooked | Beef Pies 2 Pack 400g-420g | —,79.0,True,low_name_confidence_strict;inferred_price_requires_review,https://caau.syd1.cdn.digitaloceanspaces.com/wp-content/uploads/catalogue/coles/coles-catalogue-february-5-11-2025-vic-metro/34.jpg,https://www.catalogueau.com/coles/#catalogue=coles/coles-catalogue-february-5-11-2025-vic-metro/,page_discount_inference,page_discount,0,review
Coles,VIC METRO,"Coles Catalogue February 5 - 11, 2025 VIC METRO",2025-02-05,2025-02-12,34,Pickers Snacks 230g-350g ‘Spend,3.75,7.5,3.75,50.0,half_price,230g; 350g,,WASS7.50 | WASS7.50 | Pickers Snacks 230g-350g | ‘Spend $30 in one transaction at Coles in-s,79.0,True,low_name_confidence_strict;inferred_price_requires_review,https://caau.syd1.cdn.digitaloceanspaces.com/wp-content/uploads/catalogue/coles/coles-catalogue-february-5-11-2025-vic-metro/34.jpg,https://www.catalogueau.com/coles/#catalogue=coles/coles-catalogue-february-5-11-2025-vic-metro/,page_discount_inference,page_discount,0,review
Coles,VIC METRO,"Coles Catalogue February 5 - 11, 2025 VIC METRO",2025-02-05,2025-02-12,34,Patties Party Pack 30 Pack 1.25kg,14.4,18.0,3.6,20.0,save_amount,30 Pack; 1.25kg,$1.15 per 100g,WASS18 | WASS18 | Patties Party Pack 30 Pack | 1.25kg $1.15 per 100g | Spend $30 in one transaction at Coles in-store and online (after savings and discounts have | lore and online (after savings and d | ounts hav | been applied) and receive a Bonus Coles Magical 2 Disc Pack when you also purchase,95.98,True,single_price_evidence,https://caau.syd1.cdn.digitaloceanspaces.com/wp-content/uploads/catalogue/coles/coles-catalogue-february-5-11-2025-vic-metro/34.jpg,https://www.catalogueau.com/coles/#catalogue=coles/coles-catalogue-february-5-11-2025-vic-metro/,displayed_price,displayed_price,1,review
Coles,VIC METRO,"Coles Catalogue February 5 - 11, 2025 VIC METRO",2025-02-05,2025-02-12,35,KB's Salt & Pepper Squid 360g or Tempura Prawns 300g,8.0,10.5,2.5,23.81,save_amount,360g; 300g,,WASS10.50 | WASS10.50 | KB's Salt & Pepper Squid 360g | or Tempura Prawns 300g | Se | — | acs | =,95.69,True,single_price_evidence,https://caau.syd1.cdn.digitaloceanspaces.com/wp-content/uploads/catalogue/coles/coles-catalogue-february-5-11-2025-vic-metro/35.jpg,https://www.catalogueau.com/coles/#catalogue=coles/coles-catalogue-february-5-11-2025-vic-metro/,displayed_price,displayed_price,1,review
Coles,VIC METRO,"Coles Catalogue February 5 - 11, 2025 VIC METRO",2025-02-05,2025-02-12,35,Birds Eye Deli Fish Crispy Light Batter 250g,8.0,10.0,2.0,20.0,save_amount,250g,$32.00 per kg,WASS10 | WASS10 | Birds Eye Deli Fish Crispy Light | Batter 250g $32.00 per kg | cur | gu | Cain,96.33,False,,https://caau.syd1.cdn.digitaloceanspaces.com/wp-content/uploads/catalogue/coles/coles-catalogue-february-5-11-2025-vic-metro/35.jpg,https://www.catalogueau.com/coles/#catalogue=coles/coles-catalogue-february-5-11-2025-vic-metro/,displayed_price,displayed_price;unit_price,2,verified
Coles,VIC METRO,"Coles Catalogue February 5 - 11, 2025 VIC METRO",2025-02-05,2025-02-12,35,Family Faves Chicken Tenders or Chips 1kg,10.0,12.5,2.5,20.0,save_amount,1kg,$10.00 per kg,‘WASS12.50 | ‘WASS12.50 | Family Faves Chicken Tenders | or Chips 1kg $10.00 per kg | Ae a> | HOLY MI | 7,95.39,False,,https://caau.syd1.cdn.digitaloceanspaces.com/wp-content/uploads/catalogue/coles/coles-catalogue-february-5-11-2025-vic-metro/35.jpg,https://www.catalogueau.com/coles/#catalogue=coles/coles-catalogue-february-5-11-2025-vic-metro/,displayed_price,displayed_price;unit_price,2,verified
Coles,VIC METRO,"Coles Catalogue February 5 - 11, 2025 VIC METRO",2025-02-05,2025-02-12,35,McCain Pub Size Meal 480g-500g,7.6,9.5,1.9,20.0,save_amount,480g; 500g,,WASS$9.50 | WASS$9.50 | McCain Pub Size Meal 480g-500g,93.91,True,single_price_evidence,https://caau.syd1.cdn.digitaloceanspaces.com/wp-content/uploads/catalogue/coles/coles-catalogue-february-5-11-2025-vic-metro/35.jpg,https://www.catalogueau.com/coles/#catalogue=coles/coles-catalogue-february-5-11-2025-vic-metro/,displayed_price,displayed_price,1,review
Coles,VIC METRO,"Coles Catalogue February 5 - 11, 2025 VIC METRO",2025-02-05,2025-02-12,35,McCain Red Box Plated Meal 320g,6.0,7.5,1.5,20.0,save_amount,320g,$1.88 per 100g,WAS$7.50 | WAS$7.50 | McCain Red Box Plated Meal | 320g $1.88 per 100g,96.45,False,,https://caau.syd1.cdn.digitaloceanspaces.com/wp-content/uploads/catalogue/coles/coles-catalogue-february-5-11-2025-vic-metro/35.jpg,https://www.catalogueau.com/coles/#catalogue=coles/coles-catalogue-february-5-11-2025-vic-metro/,displayed_price,displayed_price;unit_price,2,verified
Coles,VIC METRO,"Coles Catalogue February 5 - 11, 2025 VIC METRO",2025-02-05,2025-02-12,35,Core Powerfoods Frozen Meal 350g,7.49,,,,special,350g,$2.14 per 100g,Core Powerfoods Frozen Meal | 350g $2.14 per 100g | ONLINE,95.15,True,offer_labels_missing;save_amount_missing;regular_price_missing;inferred_price_requires_review,https://caau.syd1.cdn.digitaloceanspaces.com/wp-content/uploads/catalogue/coles/coles-catalogue-february-5-11-2025-vic-metro/35.jpg,https://www.catalogueau.com/coles/#catalogue=coles/coles-catalogue-february-5-11-2025-vic-metro/,unit_price,grid_inference;unit_price,1,review
Coles,VIC METRO,"Coles Catalogue February 5 - 11, 2025 VIC METRO",2025-02-05,2025-02-12,35,McCain Healthy Choice Frozen Meal 280g-350g,45.0,,,,down_down,280g; 350g,,McCain Healthy Choice | Frozen Meal 280g-350g,94.69,True,save_amount_missing;regular_price_missing;single_price_evidence,https://caau.syd1.cdn.digitaloceanspaces.com/wp-content/uploads/catalogue/coles/coles-catalogue-february-5-11-2025-vic-metro/35.jpg,https://www.catalogueau.com/coles/#catalogue=coles/coles-catalogue-february-5-11-2025-vic-metro/,displayed_price,displayed_price,1,review
Coles,VIC METRO,"Coles Catalogue February 5 - 11, 2025 VIC METRO",2025-02-05,2025-02-12,35,Chiko Roll 4 Pack 650g,6.0,,,,down_down,4 Pack; 650g,$0.92 per 100g,Chiko Roll 4 Pack 650g | $0.92 per 100g,96.65,False,,https://caau.syd1.cdn.digitaloceanspaces.com/wp-content/uploads/catalogue/coles/coles-catalogue-february-5-11-2025-vic-metro/35.jpg,https://www.catalogueau.com/coles/#catalogue=coles/coles-catalogue-february-5-11-2025-vic-metro/,displayed_price,displayed_price;unit_price,2,verified
Coles,VIC METRO,"Coles Catalogue February 5 - 11, 2025 VIC METRO",2025-02-05,2025-02-12,35,KB's Lightly Crumbed Squid Chips Tkg,16.5,,,,down_down,,$16.50 per kg,KB's Lightly Crumbed Squid | Chips Tkg $16.50 per kg,92.6,True,save_amount_missing;regular_price_missing;single_price_evidence,https://caau.syd1.cdn.digitaloceanspaces.com/wp-content/uploads/catalogue/coles/coles-catalogue-february-5-11-2025-vic-metro/35.jpg,https://www.catalogueau.com/coles/#catalogue=coles/coles-catalogue-february-5-11-2025-vic-metro/,unknown,,0,review
Coles,VIC METRO,"Coles Catalogue February 5 - 11, 2025 VIC METRO",2025-02-05,2025-02-12,36,Libra Night Pants Large 2 Pack,3.0,4.4,1.4,31.82,save_amount,2 Pack,$1.50 per each,"SAVE‘1, | WASS4.40 | Libra Night Pants | | Large 2 Pack | $1.50 per each | 6 bi | > PANTS | Go",94.67,False,,https://caau.syd1.cdn.digitaloceanspaces.com/wp-content/uploads/catalogue/coles/coles-catalogue-february-5-11-2025-vic-metro/36.jpg,https://www.catalogueau.com/coles/#catalogue=coles/coles-catalogue-february-5-11-2025-vic-metro/,displayed_price,displayed_price;unit_price,2,verified
Coles,VIC METRO,"Coles Catalogue February 5 - 11, 2025 VIC METRO",2025-02-05,2025-02-12,36,Libra Goodnigh Witra Thin Pad: 10 Pack,350.0,,,,special,10 Pack,,Libra Goodnigh | Witra Thin Pad: | 10 Pack | 0.35 per edc | 5 Del | cic],79.0,True,offer_labels_missing;save_amount_missing;regular_price_missing;low_name_confidence_strict;single_price_evidence,https://caau.syd1.cdn.digitaloceanspaces.com/wp-content/uploads/catalogue/coles/coles-catalogue-february-5-11-2025-vic-metro/36.jpg,https://www.catalogueau.com/coles/#catalogue=coles/coles-catalogue-february-5-11-2025-vic-metro/,displayed_price,displayed_price,1,review
Coles,VIC METRO,"Coles Catalogue February 5 - 11, 2025 VIC METRO",2025-02-05,2025-02-12,36,Libra Goodnight Pads Ext & Wide 6 Pack,3.5,,,,special,6 Pack,$0.58 per each,Libra Goodnight Pads Ext | & Wide 6 Pack $0.58 per each | Seesiedileeenteesiidiena:-ceemeelllieelll | VIC-METRO-0502-25-332055,79.0,True,low_name_confidence_strict;single_price_evidence,https://caau.syd1.cdn.digitaloceanspaces.com/wp-content/uploads/catalogue/coles/coles-catalogue-february-5-11-2025-vic-metro/36.jpg,https://www.catalogueau.com/coles/#catalogue=coles/coles-catalogue-february-5-11-2025-vic-metro/,unit_price,unit_price,1,review
Coles,VIC METRO,"Coles Catalogue February 5 - 11, 2025 VIC METRO",2025-02-05,2025-02-12,37,Huggies Ultra Dry Jumbo Nappy Pants 48 Pack-62 Pack,34.4,39.0,4.6,11.79,save_amount,48 Pack; 62 Pack,,WAS $39 | WAS $39 | NOV 2024 | Huggies Ultra Dry | Jumbo Nappy Pants | 48 Pack-62 Pack | VIC-METRO-0502-25-332055,95.63,True,single_price_evidence,https://caau.syd1.cdn.digitaloceanspaces.com/wp-content/uploads/catalogue/coles/coles-catalogue-february-5-11-2025-vic-metro/37.jpg,https://www.catalogueau.com/coles/#catalogue=coles/coles-catalogue-february-5-11-2025-vic-metro/,displayed_price,displayed_price,1,review
Coles,VIC METRO,"Coles Catalogue February 5 - 11, 2025 VIC METRO",2025-02-05,2025-02-12,37,Huggies Ultra Dry Jumbo Nappies 60 Pack-108 Pack,30.0,,,,special,60 Pack; 108 Pack,,Huggies Ultra Dry Jumbo Nappies | 60 Pack-108 Pack,79.0,True,offer_labels_missing;save_amount_missing;regular_price_missing;low_name_confidence_strict;single_price_evidence,https://caau.syd1.cdn.digitaloceanspaces.com/wp-content/uploads/catalogue/coles/coles-catalogue-february-5-11-2025-vic-metro/37.jpg,https://www.catalogueau.com/coles/#catalogue=coles/coles-catalogue-february-5-11-2025-vic-metro/,displayed_price,displayed_price,1,review
Coles,VIC METRO,"Coles Catalogue February 5 - 11, 2025 VIC METRO",2025-02-05,2025-02-12,37,Huggies Baby Wipes 216 Pack-240 Pack,10.7,,,,special,216 Pack; 240 Pack,,Huggies Baby Wipes | 216 Pack-240 Pack,95.2,True,offer_labels_missing;save_amount_missing;regular_price_missing;single_price_evidence,https://caau.syd1.cdn.digitaloceanspaces.com/wp-content/uploads/catalogue/coles/coles-catalogue-february-5-11-2025-vic-metro/37.jpg,https://www.catalogueau.com/coles/#catalogue=coles/coles-catalogue-february-5-11-2025-vic-metro/,displayed_price,displayed_price,1,review
Coles,VIC METRO,"Coles Catalogue February 5 - 11, 2025 VIC METRO",2025-02-05,2025-02-12,37,"Rafferty's Garden 4+ Months, 6+ Months or 8+ Months Baby Food Pouch 120g",2.8,,,,special,120g,,"Rafferty's Garden | 4+ Months, 6+ Months or | 8+ Months Baby Food | Pouch 120g $1.50 per | 100g. On sale for 2 weeks",95.71,True,offer_labels_missing;save_amount_missing;regular_price_missing;single_price_evidence,https://caau.syd1.cdn.digitaloceanspaces.com/wp-content/uploads/catalogue/coles/coles-catalogue-february-5-11-2025-vic-metro/37.jpg,https://www.catalogueau.com/coles/#catalogue=coles/coles-catalogue-february-5-11-2025-vic-metro/,displayed_price,displayed_price,1,review
Coles,VIC METRO,"Coles Catalogue February 5 - 11, 2025 VIC METRO",2025-02-05,2025-02-12,37,Johnson's Baby Oil with Aloe Vera or Baby 3-in-1 Wash 500mL,7.5,,,,special,500mL,$1.50 per 100mL,Johnson's Baby Oil | with Aloe Vera or Baby | 3-in-1 Wash 500mL | $1.50 per 100mL,93.31,False,,https://caau.syd1.cdn.digitaloceanspaces.com/wp-content/uploads/catalogue/coles/coles-catalogue-february-5-11-2025-vic-metro/37.jpg,https://www.catalogueau.com/coles/#catalogue=coles/coles-catalogue-february-5-11-2025-vic-metro/,displayed_price,displayed_price;unit_price,2,verified
Coles,VIC METRO,"Coles Catalogue February 5 - 11, 2025 VIC METRO",2025-02-05,2025-02-12,37,Karicare Toddler Stage 3 or 4 Milk Drink 900g,18.0,,,,special,900g,$2.00 per 100g,Karicare Toddler Stage | 3 or 4 Milk Drink 900g | $2.00 per 100g,95.37,False,,https://caau.syd1.cdn.digitaloceanspaces.com/wp-content/uploads/catalogue/coles/coles-catalogue-february-5-11-2025-vic-metro/37.jpg,https://www.catalogueau.com/coles/#catalogue=coles/coles-catalogue-february-5-11-2025-vic-metro/,displayed_price,displayed_price;unit_price,2,verified
Coles,VIC METRO,"Coles Catalogue February 5 - 11, 2025 VIC METRO",2025-02-05,2025-02-12,37,or Insta Dry Extra Long 6 Pack,5.0,,,,special,6 Pack,,or Insta Dry Extra Long | 6 Pack | cl,79.0,True,offer_labels_missing;save_amount_missing;regular_price_missing;low_name_confidence_strict;single_price_evidence,https://caau.syd1.cdn.digitaloceanspaces.com/wp-content/uploads/catalogue/coles/coles-catalogue-february-5-11-2025-vic-metro/37.jpg,https://www.catalogueau.com/coles/#catalogue=coles/coles-catalogue-february-5-11-2025-vic-metro/,displayed_price,displayed_price,1,review
Coles,VIC METRO,"Coles Catalogue February 5 - 11, 2025 VIC METRO",2025-02-05,2025-02-12,37,Libra Body Fit Regular or Super Tampons 16 Pack,3.0,,,,down_down,16 Pack,$0.19 per each,Libra Body Fit Regular | or Super Tampons | 16 Pack $0.19 per each | 37,96.43,True,save_amount_missing;regular_price_missing;single_price_evidence,https://caau.syd1.cdn.digitaloceanspaces.com/wp-content/uploads/catalogue/coles/coles-catalogue-february-5-11-2025-vic-metro/37.jpg,https://www.catalogueau.com/coles/#catalogue=coles/coles-catalogue-february-5-11-2025-vic-metro/,displayed_price,displayed_price,1,review
Coles,VIC METRO,"Coles Catalogue February 5 - 11, 2025 VIC METRO",2025-02-05,2025-02-12,37,Tena Pads Mini Plus Long Length 16 Pack,5.0,,,,down_down,16 Pack,,Tena Pads Mini Plus | Long Length 16 Pack | or Insta Dry Extra Long | 6 Pack | cl,96.22,True,save_amount_missing;regular_price_missing;single_price_evidence,https://caau.syd1.cdn.digitaloceanspaces.com/wp-content/uploads/catalogue/coles/coles-catalogue-february-5-11-2025-vic-metro/37.jpg,https://www.catalogueau.com/coles/#catalogue=coles/coles-catalogue-february-5-11-2025-vic-metro/,displayed_price,displayed_price,1,review
Coles,VIC METRO,"Coles Catalogue February 5 - 11, 2025 VIC METRO",2025-02-05,2025-02-12,37,Libra Ultra Thin Pads with Wings Regular 14 Pack or Super 12 Pack,3.5,,,,down_down,14 Pack; 12 Pack,,Libra Ultra Thin Pads | with Wings Regular | 14 Pack or Super | 12 Pack | 37,95.91,True,save_amount_missing;regular_price_missing;single_price_evidence,https://caau.syd1.cdn.digitaloceanspaces.com/wp-content/uploads/catalogue/coles/coles-catalogue-february-5-11-2025-vic-metro/37.jpg,https://www.catalogueau.com/coles/#catalogue=coles/coles-catalogue-february-5-11-2025-vic-metro/,displayed_price,displayed_price,1,review
Coles,VIC METRO,"Coles Catalogue February 5 - 11, 2025 VIC METRO",2025-02-05,2025-02-12,39,Herbal Essences Classic Shampoo or Conditioner 400mL,5.25,10.5,5.25,50.0,half_price,400mL,$1.31 per 100mL,SAVESS.25 | WASS10.50 | Herbal Essences Classic Shampoo or | Conditioner 400mL $1.31 per 100mL | a | FR,94.68,False,,https://caau.syd1.cdn.digitaloceanspaces.com/wp-content/uploads/catalogue/coles/coles-catalogue-february-5-11-2025-vic-metro/39.jpg,https://www.catalogueau.com/coles/#catalogue=coles/coles-catalogue-february-5-11-2025-vic-metro/,save_was_arithmetic,displayed_price;save_was_arithmetic;unit_price,3,verified
Coles,VIC METRO,"Coles Catalogue February 5 - 11, 2025 VIC METRO",2025-02-05,2025-02-12,39,Tresemmé Shampoo or Conditioner 940mL,8.0,16.0,8.0,50.0,half_price,940mL,$0.85 per 100mL,SAVES8 | WASS16 | Tresemmé Shampoo or Conditioner | 940mL $0.85 per 100mL | OLAY | S | & | REGENERIST,93.18,False,,https://caau.syd1.cdn.digitaloceanspaces.com/wp-content/uploads/catalogue/coles/coles-catalogue-february-5-11-2025-vic-metro/39.jpg,https://www.catalogueau.com/coles/#catalogue=coles/coles-catalogue-february-5-11-2025-vic-metro/,save_was_arithmetic,displayed_price;save_was_arithmetic;unit_price,3,verified
Coles,VIC METRO,"Coles Catalogue February 5 - 11, 2025 VIC METRO",2025-02-05,2025-02-12,39,John Frieda Violet Crush Tone Refresh Shampoo or Conditioner 250mL,12.5,51.0,38.5,75.49,save_amount,250mL,$5.00 per 100mL,"SAVE: 38,50 | John Frieda Violet Crush Tone | Refresh Shampoo or Conditioner | 250mL $5.00 per 100mL",95.13,True,single_price_evidence,https://caau.syd1.cdn.digitaloceanspaces.com/wp-content/uploads/catalogue/coles/coles-catalogue-february-5-11-2025-vic-metro/39.jpg,https://www.catalogueau.com/coles/#catalogue=coles/coles-catalogue-february-5-11-2025-vic-metro/,unit_price,unit_price,1,review
Coles,VIC METRO,"Coles Catalogue February 5 - 11, 2025 VIC METRO",2025-02-05,2025-02-12,39,Olay Moisturising Cream 100g,9.5,16.0,6.5,40.62,save_amount,100g,$9.50 per 100g,SAVE%6.50 | WASS16 | Olay Moisturising Cream 100g | $9.50 per 100g | 4),96.23,False,,https://caau.syd1.cdn.digitaloceanspaces.com/wp-content/uploads/catalogue/coles/coles-catalogue-february-5-11-2025-vic-metro/39.jpg,https://www.catalogueau.com/coles/#catalogue=coles/coles-catalogue-february-5-11-2025-vic-metro/,save_was_arithmetic,save_was_arithmetic;unit_price,2,verified
Coles,VIC METRO,"Coles Catalogue February 5 - 11, 2025 VIC METRO",2025-02-05,2025-02-12,39,Olay Regenerist Retinol 24 or Micro Sculpting Night Cream 50g,36.0,60.0,24.0,40.0,save_amount,50g,$72.00 per 100g,SAVE%24 | WASS60 | Olay Regenerist Retinol 24 or | Micro Sculpting Night Cream | 50g $72.00 per 100g | — | — | —S=—=,95.57,False,,https://caau.syd1.cdn.digitaloceanspaces.com/wp-content/uploads/catalogue/coles/coles-catalogue-february-5-11-2025-vic-metro/39.jpg,https://www.catalogueau.com/coles/#catalogue=coles/coles-catalogue-february-5-11-2025-vic-metro/,save_was_arithmetic,displayed_price;save_was_arithmetic;unit_price,3,verified
Coles,VIC METRO,"Coles Catalogue February 5 - 11, 2025 VIC METRO",2025-02-05,2025-02-12,39,Gaviscon Dual Action Liquid 600mL*,16.0,20.0,4.0,20.0,save_amount,600mL,$2.67 per 100mL,SAVES4 | WAS$20 | Gaviscon Dual Action Liquid | 600mL* $2.67 per 100mL,91.67,False,,https://caau.syd1.cdn.digitaloceanspaces.com/wp-content/uploads/catalogue/coles/coles-catalogue-february-5-11-2025-vic-metro/39.jpg,https://www.catalogueau.com/coles/#catalogue=coles/coles-catalogue-february-5-11-2025-vic-metro/,save_was_arithmetic,displayed_price;save_was_arithmetic;unit_price,3,verified
Coles,VIC METRO,"Coles Catalogue February 5 - 11, 2025 VIC METRO",2025-02-05,2025-02-12,39,Hi Smile V34 Colour Corrector Serum 30mL,17.5,35.0,17.5,50.0,half_price,30mL,$58.33 per 100mL,"SAVES17.50 | WASS: | Hi Smile V34 Colour Corrector | Serum 30mL $58.33 per 100mL | “This Medicine may not be right for you. Read the label before purchase. Follow the directions for use. If symptoms | persist, talk to your healthcare professional. Incorrect use could be harmful",94.14,True,single_price_evidence,https://caau.syd1.cdn.digitaloceanspaces.com/wp-content/uploads/catalogue/coles/coles-catalogue-february-5-11-2025-vic-metro/39.jpg,https://www.catalogueau.com/coles/#catalogue=coles/coles-catalogue-february-5-11-2025-vic-metro/,unit_price,unit_price,1,review
Coles,VIC METRO,"Coles Catalogue February 5 - 11, 2025 VIC METRO",2025-02-05,2025-02-12,39,Oral B iO3 Electric Toothbrush 1 Pack,99.5,199.0,99.5,50.0,half_price,1 Pack,,SAVES99.50 | WASS199. | Oral B iO3 Electric Toothbrush | 1 Pack | cl,79.0,True,low_name_confidence_strict,https://caau.syd1.cdn.digitaloceanspaces.com/wp-content/uploads/catalogue/coles/coles-catalogue-february-5-11-2025-vic-metro/39.jpg,https://www.catalogueau.com/coles/#catalogue=coles/coles-catalogue-february-5-11-2025-vic-metro/,save_was_arithmetic,displayed_price;save_was_arithmetic,2,review
Coles,VIC METRO,"Coles Catalogue February 5 - 11, 2025 VIC METRO",2025-02-05,2025-02-12,40,DEC 21 185g,4.5,6.0,1.5,25.0,save_amount,185g,$2.43 per 100g,WAS$6 | WAS$6 | DEC 21 | 185g $2.43 per 100g | 40,79.0,True,low_name_confidence_strict;single_price_evidence,https://caau.syd1.cdn.digitaloceanspaces.com/wp-content/uploads/catalogue/coles/coles-catalogue-february-5-11-2025-vic-metro/40.jpg,https://www.catalogueau.com/coles/#catalogue=coles/coles-catalogue-february-5-11-2025-vic-metro/,unit_price,unit_price,1,review
Coles,VIC METRO,"Coles Catalogue February 5 - 11, 2025 VIC METRO",2025-02-05,2025-02-12,40,Multix Strong & Reliable Garbage Bags 50 Pack,7.2,,,,special,50 Pack,$0.14 per each,Multix Strong & Reliable Garbage | Bags 50 Pack $0.14 per each. | On sale for 2 weeks,95.65,True,offer_labels_missing;save_amount_missing;regular_price_missing;single_price_evidence,https://caau.syd1.cdn.digitaloceanspaces.com/wp-content/uploads/catalogue/coles/coles-catalogue-february-5-11-2025-vic-metro/40.jpg,https://www.catalogueau.com/coles/#catalogue=coles/coles-catalogue-february-5-11-2025-vic-metro/,displayed_price,displayed_price,1,review
Coles,VIC METRO,"Coles Catalogue February 5 - 11, 2025 VIC METRO",2025-02-05,2025-02-12,40,Kleenex 3-Ply Wellbeing Facial Tissues 140 Pack,32.0,,,,special,140 Pack,$2.57 per 100,Kleenex 3-Ply Wellbeing | Facial Tissues 140 Pack | $2.57 per 100 sheets | a= | — | =,95.59,True,offer_labels_missing;save_amount_missing;regular_price_missing;single_price_evidence,https://caau.syd1.cdn.digitaloceanspaces.com/wp-content/uploads/catalogue/coles/coles-catalogue-february-5-11-2025-vic-metro/40.jpg,https://www.catalogueau.com/coles/#catalogue=coles/coles-catalogue-february-5-11-2025-vic-metro/,displayed_price,displayed_price,1,review
Coles,VIC METRO,"Coles Catalogue February 5 - 11, 2025 VIC METRO",2025-02-05,2025-02-12,40,Quilton 4-Ply Softness Gold Toilet Tissue 30 Pack,18.0,,,,special,30 Pack,$0.43 per 100,Quilton 4-Ply Softness Gold Toilet | Tissue 30 Pack $0.43 per 100 sheets | While stocks last. No rainchecks,95.0,True,offer_labels_missing;save_amount_missing;regular_price_missing;single_price_evidence,https://caau.syd1.cdn.digitaloceanspaces.com/wp-content/uploads/catalogue/coles/coles-catalogue-february-5-11-2025-vic-metro/40.jpg,https://www.catalogueau.com/coles/#catalogue=coles/coles-catalogue-february-5-11-2025-vic-metro/,displayed_price,displayed_price,1,review
Coles,VIC METRO,"Coles Catalogue February 5 - 11, 2025 VIC METRO",2025-02-05,2025-02-12,41,Fairy Platinum Dishwashing Tablets 41 Pack,19.7,39.0,19.3,49.49,save_amount,41 Pack,$0.48 per each,WAS $39 | WAS $39 | Fairy Platinum Dishwashing | Tablets 41 Pack $0.48 per each,96.58,True,single_price_evidence,https://caau.syd1.cdn.digitaloceanspaces.com/wp-content/uploads/catalogue/coles/coles-catalogue-february-5-11-2025-vic-metro/41.jpg,https://www.catalogueau.com/coles/#catalogue=coles/coles-catalogue-february-5-11-2025-vic-metro/,unknown,,0,review
Coles,VIC METRO,"Coles Catalogue February 5 - 11, 2025 VIC METRO",2025-02-05,2025-02-12,41,Ajax Cleaner Powder All Purpose 500g,5.0,,,,down_down,500g,$1.00 per 100g,Ajax Cleaner Powder All Purpose | 500g $1.00 per 100g,96.37,False,,https://caau.syd1.cdn.digitaloceanspaces.com/wp-content/uploads/catalogue/coles/coles-catalogue-february-5-11-2025-vic-metro/41.jpg,https://www.catalogueau.com/coles/#catalogue=coles/coles-catalogue-february-5-11-2025-vic-metro/,displayed_price,displayed_price;unit_price,2,verified
Coles,VIC METRO,"Coles Catalogue February 5 - 11, 2025 VIC METRO",2025-02-05,2025-02-12,41,Coles Multipurpose Disposable Latex Gloves 100 Pack,8.0,,,,down_down,100 Pack,$0.08 per each,Coles Multipurpose Disposable | Latex Gloves 100 Pack | $0.08 per each,96.41,True,save_amount_missing;regular_price_missing;single_price_evidence,https://caau.syd1.cdn.digitaloceanspaces.com/wp-content/uploads/catalogue/coles/coles-catalogue-february-5-11-2025-vic-metro/41.jpg,https://www.catalogueau.com/coles/#catalogue=coles/coles-catalogue-february-5-11-2025-vic-metro/,displayed_price,displayed_price,1,review
Coles,VIC METRO,"Coles Catalogue February 5 - 11, 2025 VIC METRO",2025-02-05,2025-02-12,41,Coles Ultra Glass & Window Biodegradable Wipes 50 Pack,2.5,,,,down_down,50 Pack,$0.05 per each,Coles Ultra Glass & Window | Biodegradable Wipes 50 Pack | $0.05 per each,95.67,True,save_amount_missing;regular_price_missing;single_price_evidence,https://caau.syd1.cdn.digitaloceanspaces.com/wp-content/uploads/catalogue/coles/coles-catalogue-february-5-11-2025-vic-metro/41.jpg,https://www.catalogueau.com/coles/#catalogue=coles/coles-catalogue-february-5-11-2025-vic-metro/,displayed_price,displayed_price,1,review
Coles,VIC METRO,"Coles Catalogue February 5 - 11, 2025 VIC METRO",2025-02-05,2025-02-12,41,Earth Choice Dishwashing Detergent 1 Litre,2.35,,,,down_down,1 Litre,$0.24 per 100mL,Earth Choice Dishwashing | Detergent 1 Litre $0.24 per 100mL | VIC-METRO-0502-25-332055,95.01,False,,https://caau.syd1.cdn.digitaloceanspaces.com/wp-content/uploads/catalogue/coles/coles-catalogue-february-5-11-2025-vic-metro/41.jpg,https://www.catalogueau.com/coles/#catalogue=coles/coles-catalogue-february-5-11-2025-vic-metro/,displayed_price,displayed_price;unit_price,2,verified
Coles,VIC METRO,"Coles Catalogue February 5 - 11, 2025 VIC METRO",2025-02-05,2025-02-12,41,Earth Choice Floor & Surface Cleaner 1 Litre,3.35,,,,down_down,1 Litre,$0.34 per 100mL,Earth Choice Floor & Surface | Cleaner 1 Litre $0.34 per 100mL | Al,95.1,False,,https://caau.syd1.cdn.digitaloceanspaces.com/wp-content/uploads/catalogue/coles/coles-catalogue-february-5-11-2025-vic-metro/41.jpg,https://www.catalogueau.com/coles/#catalogue=coles/coles-catalogue-february-5-11-2025-vic-metro/,displayed_price,displayed_price;unit_price,2,verified
Coles,VIC METRO,"Coles Catalogue February 5 - 11, 2025 VIC METRO",2025-02-05,2025-02-12,41,Coles Ultra Advanced Dishwashing Tablets 40 Pack,7.5,,,,down_down,40 Pack,$0.19 per each,Coles Ultra Advanced | Dishwashing Tablets 40 Pack | $0.19 per each,96.33,True,save_amount_missing;regular_price_missing;single_price_evidence,https://caau.syd1.cdn.digitaloceanspaces.com/wp-content/uploads/catalogue/coles/coles-catalogue-february-5-11-2025-vic-metro/41.jpg,https://www.catalogueau.com/coles/#catalogue=coles/coles-catalogue-february-5-11-2025-vic-metro/,displayed_price,displayed_price,1,review
Coles,VIC METRO,"Coles Catalogue February 5 - 11, 2025 VIC METRO",2025-02-05,2025-02-12,42,Farmers Market Dry Dog Food 6.5kg-6.8kg,24.0,40.0,16.0,40.0,save_amount,6.5kg; 6.8kg,,WASS40 | WASS40 | Farmers Market Dry Dog Food | 6.5kg-6.8kg,93.49,True,single_price_evidence,https://caau.syd1.cdn.digitaloceanspaces.com/wp-content/uploads/catalogue/coles/coles-catalogue-february-5-11-2025-vic-metro/42.jpg,https://www.catalogueau.com/coles/#catalogue=coles/coles-catalogue-february-5-11-2025-vic-metro/,displayed_price,displayed_price,1,review
Coles,VIC METRO,"Coles Catalogue February 5 - 11, 2025 VIC METRO",2025-02-05,2025-02-12,42,Farmers Market Home Styled Shreds Dog Food 250g,3.0,5.0,2.0,40.0,save_amount,250g,$1.20 per 100g,WASS5 | WASS5 | Farmers Market Home Styled Shreds | Dog Food 250g $1.20 per 100g | From the chilled pet food fridge | a,95.08,False,,https://caau.syd1.cdn.digitaloceanspaces.com/wp-content/uploads/catalogue/coles/coles-catalogue-february-5-11-2025-vic-metro/42.jpg,https://www.catalogueau.com/coles/#catalogue=coles/coles-catalogue-february-5-11-2025-vic-metro/,displayed_price,displayed_price;unit_price,2,verified
Coles,VIC METRO,"Coles Catalogue February 5 - 11, 2025 VIC METRO",2025-02-05,2025-02-12,42,My Dog Dog Food Tray 100g,1.05,1.8,0.75,41.67,save_amount,100g,$1.05 per 100,WASS1.80 | WASS1.80 | My Dog Dog Food Tray 100g | $1.05 per 100 | Excludes My Dog Shredded,95.97,True,single_price_evidence,https://caau.syd1.cdn.digitaloceanspaces.com/wp-content/uploads/catalogue/coles/coles-catalogue-february-5-11-2025-vic-metro/42.jpg,https://www.catalogueau.com/coles/#catalogue=coles/coles-catalogue-february-5-11-2025-vic-metro/,unit_price,unit_price,1,review
Coles,VIC METRO,"Coles Catalogue February 5 - 11, 2025 VIC METRO",2025-02-05,2025-02-12,42,Pedigree Dentastix 28 Pack,16.8,24.0,7.2,30.0,save_amount,28 Pack,$0.60 per each,WAS$24 | WAS$24 | Pedigree Dentastix 28 Pack | $0.60 per each,94.02,True,single_price_evidence,https://caau.syd1.cdn.digitaloceanspaces.com/wp-content/uploads/catalogue/coles/coles-catalogue-february-5-11-2025-vic-metro/42.jpg,https://www.catalogueau.com/coles/#catalogue=coles/coles-catalogue-february-5-11-2025-vic-metro/,unknown,,0,review
Coles,VIC METRO,"Coles Catalogue February 5 - 11, 2025 VIC METRO",2025-02-05,2025-02-12,42,Pedigree Dry Dog Food 2.5kg-3kg,10.2,15.0,4.8,32.0,save_amount,2.5kg; 3kg,,Pedigree Dry Dog Food | 2.5kg-3kg,79.0,True,offer_labels_missing;low_name_confidence_strict;single_price_evidence,https://caau.syd1.cdn.digitaloceanspaces.com/wp-content/uploads/catalogue/coles/coles-catalogue-february-5-11-2025-vic-metro/42.jpg,https://www.catalogueau.com/coles/#catalogue=coles/coles-catalogue-february-5-11-2025-vic-metro/,unknown,,0,review
Coles,VIC METRO,"Coles Catalogue February 5 - 11, 2025 VIC METRO",2025-02-05,2025-02-12,42,Supercoat Dry Dog Food 6.7kg-7kg,27.0,36.0,9.0,25.0,save_amount,6.7kg; 7kg,,WAS$36 | WAS$36 | Supercoat Dry Dog Food | 6.7kg-7kg,79.0,True,low_name_confidence_strict;single_price_evidence,https://caau.syd1.cdn.digitaloceanspaces.com/wp-content/uploads/catalogue/coles/coles-catalogue-february-5-11-2025-vic-metro/42.jpg,https://www.catalogueau.com/coles/#catalogue=coles/coles-catalogue-february-5-11-2025-vic-metro/,displayed_price,displayed_price,1,review
Coles,VIC METRO,"Coles Catalogue February 5 - 11, 2025 VIC METRO",2025-02-05,2025-02-12,42,Whiskas Favourites Cat Food 12x85g,9.1,13.0,3.9,30.0,save_amount,12x85g,$0.89 per 100g,"WASSI3, | WASSI3, | Whiskas Favourites Cat Food | 12x85g $0.89 per 100g | |e",95.16,True,single_price_evidence,https://caau.syd1.cdn.digitaloceanspaces.com/wp-content/uploads/catalogue/coles/coles-catalogue-february-5-11-2025-vic-metro/42.jpg,https://www.catalogueau.com/coles/#catalogue=coles/coles-catalogue-february-5-11-2025-vic-metro/,unit_price,unit_price,1,review
Coles,VIC METRO,"Coles Catalogue February 5 - 11, 2025 VIC METRO",2025-02-05,2025-02-12,42,Optimum Dry Cat Food 1.8kg-2kg,20.0,25.0,5.0,20.0,save_amount,1.8kg; 2kg,,WAS$25 | WAS$25 | Optimum Dry Cat Food | 1.8kg-2kg | |e,79.0,True,low_name_confidence_strict;single_price_evidence,https://caau.syd1.cdn.digitaloceanspaces.com/wp-content/uploads/catalogue/coles/coles-catalogue-february-5-11-2025-vic-metro/42.jpg,https://www.catalogueau.com/coles/#catalogue=coles/coles-catalogue-february-5-11-2025-vic-metro/,displayed_price,displayed_price,1,review
Coles,VIC METRO,"Coles Catalogue February 5 - 11, 2025 VIC METRO",2025-02-05,2025-02-12,42,FARMERS MARKET Excludes clearance ifems,40.0,,,,special,,,FARMERS MARKET | Excludes clearance ifems,94.71,True,offer_labels_missing;save_amount_missing;regular_price_missing;product_name_suspicious;single_price_evidence,https://caau.syd1.cdn.digitaloceanspaces.com/wp-content/uploads/catalogue/coles/coles-catalogue-february-5-11-2025-vic-metro/42.jpg,https://www.catalogueau.com/coles/#catalogue=coles/coles-catalogue-february-5-11-2025-vic-metro/,displayed_price,displayed_price,1,review
Coles,VIC METRO,"Coles Catalogue February 5 - 11, 2025 VIC METRO",2025-02-05,2025-02-12,42,Purina Lucky Dog Dry Dog Food 3kg,9.5,,,,special,3kg,$0.32 per 100g,Purina Lucky Dog Dry Dog Food | 3kg $0.32 per 100g,96.17,True,offer_labels_missing;save_amount_missing;regular_price_missing;single_price_evidence,https://caau.syd1.cdn.digitaloceanspaces.com/wp-content/uploads/catalogue/coles/coles-catalogue-february-5-11-2025-vic-metro/42.jpg,https://www.catalogueau.com/coles/#catalogue=coles/coles-catalogue-february-5-11-2025-vic-metro/,displayed_price,displayed_price,1,review
Coles,VIC METRO,"Coles Catalogue February 5 - 11, 2025 VIC METRO",2025-02-05,2025-02-12,42,Dine Classic Collections Cat Food Pouch 24x85g,26.0,,,,special,24x85g,$1.27 per 100g,Dine Classic Collections | Cat Food Pouch 24x85g | $1.27 per 100g,95.06,True,offer_labels_missing;save_amount_missing;regular_price_missing;single_price_evidence,https://caau.syd1.cdn.digitaloceanspaces.com/wp-content/uploads/catalogue/coles/coles-catalogue-february-5-11-2025-vic-metro/42.jpg,https://www.catalogueau.com/coles/#catalogue=coles/coles-catalogue-february-5-11-2025-vic-metro/,displayed_price,displayed_price,1,review
Coles,VIC METRO,"Coles Catalogue February 5 - 11, 2025 VIC METRO",2025-02-05,2025-02-12,43,Smash Fashion Tritan Bottle 700mL,4.5,9.0,4.5,50.0,half_price,700mL,$4.50 per each,SAVE54.50 | WASS9 | Smash Fashion Tritan Bottle | 700mL $4.50 per each,94.97,True,single_price_evidence,https://caau.syd1.cdn.digitaloceanspaces.com/wp-content/uploads/catalogue/coles/coles-catalogue-february-5-11-2025-vic-metro/43.jpg,https://www.catalogueau.com/coles/#catalogue=coles/coles-catalogue-february-5-11-2025-vic-metro/,unit_price,unit_price,1,review
Coles,VIC METRO,"Coles Catalogue February 5 - 11, 2025 VIC METRO",2025-02-05,2025-02-12,43,Décor Microsafe Easy Heat Containers 900mL 3 Pack,8.5,17.0,8.5,50.0,half_price,900mL; 3 Pack,$2.83 per each,SAVE°8.50 | WASS17 | Décor Microsafe Easy Heat | Containers 900mL 3 Pack | $2.83 per each,93.61,False,,https://caau.syd1.cdn.digitaloceanspaces.com/wp-content/uploads/catalogue/coles/coles-catalogue-february-5-11-2025-vic-metro/43.jpg,https://www.catalogueau.com/coles/#catalogue=coles/coles-catalogue-february-5-11-2025-vic-metro/,save_was_arithmetic,save_was_arithmetic;unit_price,2,verified
Coles,VIC METRO,"Coles Catalogue February 5 - 11, 2025 VIC METRO",2025-02-05,2025-02-12,43,Brunnings Concentrate Weed Kill 1 Litre,10.0,20.0,10.0,50.0,half_price,1 Litre,,SAVES10 | WAS$20 | Brunnings Concentrate | Weed Kill 1 Litre | —),95.49,False,,https://caau.syd1.cdn.digitaloceanspaces.com/wp-content/uploads/catalogue/coles/coles-catalogue-february-5-11-2025-vic-metro/43.jpg,https://www.catalogueau.com/coles/#catalogue=coles/coles-catalogue-february-5-11-2025-vic-metro/,save_was_arithmetic,displayed_price;save_was_arithmetic,2,verified
Coles,VIC METRO,"Coles Catalogue February 5 - 11, 2025 VIC METRO",2025-02-05,2025-02-12,43,Duracell Coppertop Batteries AA or AAA 26 Pack,21.7,31.0,9.3,30.0,save_amount,26 Pack,$0.83 per each,SAVE9.30 | WASS$31 | Duracell Coppertop Batteries AA | or AAA 26 Pack $0.83 per each | cz | he. | sa | ue,94.78,False,,https://caau.syd1.cdn.digitaloceanspaces.com/wp-content/uploads/catalogue/coles/coles-catalogue-february-5-11-2025-vic-metro/43.jpg,https://www.catalogueau.com/coles/#catalogue=coles/coles-catalogue-february-5-11-2025-vic-metro/,save_was_arithmetic,displayed_price;save_was_arithmetic,2,verified
Coles,VIC METRO,"Coles Catalogue February 5 - 11, 2025 VIC METRO",2025-02-05,2025-02-12,43,Coles Cook & Dine Hug Mug or Novelty Mug,6.0,,,,special,,,Coles Cook & Dine Hug Mug | or Novelty Mug | Pd. | 2,96.01,True,offer_labels_missing;save_amount_missing;regular_price_missing;single_price_evidence,https://caau.syd1.cdn.digitaloceanspaces.com/wp-content/uploads/catalogue/coles/coles-catalogue-february-5-11-2025-vic-metro/43.jpg,https://www.catalogueau.com/coles/#catalogue=coles/coles-catalogue-february-5-11-2025-vic-metro/,displayed_price,displayed_price,1,review
Coles,VIC METRO,"Coles Catalogue February 5 - 11, 2025 VIC METRO",2025-02-05,2025-02-12,43,Love Animals,2.0,,,,special,,,Love Animals,96.38,True,offer_labels_missing;save_amount_missing;regular_price_missing;single_price_evidence,https://caau.syd1.cdn.digitaloceanspaces.com/wp-content/uploads/catalogue/coles/coles-catalogue-february-5-11-2025-vic-metro/43.jpg,https://www.catalogueau.com/coles/#catalogue=coles/coles-catalogue-february-5-11-2025-vic-metro/,displayed_price,displayed_price,1,review
Coles,VIC METRO,"Coles Catalogue February 5 - 11, 2025 VIC METRO",2025-02-05,2025-02-12,44,=,49.0,59.0,10.0,16.95,save_amount,,,SAVE*10 | WAS$59 | =,79.0,True,product_name_uncertain;low_name_confidence_strict,https://caau.syd1.cdn.digitaloceanspaces.com/wp-content/uploads/catalogue/coles/coles-catalogue-february-5-11-2025-vic-metro/44.jpg,https://www.catalogueau.com/coles/#catalogue=coles/coles-catalogue-february-5-11-2025-vic-metro/,save_was_arithmetic,displayed_price;save_was_arithmetic,2,review
Coles,VIC METRO,"Coles Catalogue February 5 - 11, 2025 VIC METRO",2025-02-05,2025-02-12,44,Unli Unlimited data,25.0,55.0,30.0,54.55,save_amount,,,SAVES30 | WASS55 | Unli | Unlimited data. | Every weekend. | Tenetled nth Acentecharbe | Wy,76.95,True,low_name_confidence_strict,https://caau.syd1.cdn.digitaloceanspaces.com/wp-content/uploads/catalogue/coles/coles-catalogue-february-5-11-2025-vic-metro/44.jpg,https://www.catalogueau.com/coles/#catalogue=coles/coles-catalogue-february-5-11-2025-vic-metro/,save_was_arithmetic,displayed_price;save_was_arithmetic,2,review
