retailer,region,catalogue_title,catalogue_start_date,catalogue_end_date,page_number,product_name,special_price,regular_price,save_amount,discount_percent,promo_type,pack_size,unit_price_text,offer_text,ocr_confidence,needs_review,review_reason,source_page_image,source_catalogue_url,price_source,price_evidence,evidence_count,verification_status
Coles,VIC METRO,"Coles Catalogue July 30 - August 5, 2025 VIC METRO",2025-07-30,2025-08-06,1,Amott's Tim Tam Biscuits 165g-200g,3.0,6.0,3.0,50.0,half_price,165g; 200g,,WASS6 | WASS6 | Amott's Tim Tam Biscuits | 165g-200g | = | Peters.,79.0,True,low_name_confidence_strict;inferred_price_requires_review,https://caau.syd1.cdn.digitaloceanspaces.com/wp-content/uploads/catalogue/coles/coles-catalogue-july-30-august-5-2025-vic-metro/1.jpg,https://www.catalogueau.com/coles/#catalogue=coles/coles-catalogue-july-30-august-5-2025-vic-metro/,displayed_price,displayed_price;page_discount,1,review
Coles,VIC METRO,"Coles Catalogue July 30 - August 5, 2025 VIC METRO",2025-07-30,2025-08-06,1,La Espanola Olive Oil 1 Litre,13.0,26.0,13.0,50.0,half_price,1 Litre,$1.30 per 100mL,WAS$26 | WAS$26 | La Espanola Olive Oil 1 Litre | $1.30 per 100mL. | Excludes Organic,95.53,False,,https://caau.syd1.cdn.digitaloceanspaces.com/wp-content/uploads/catalogue/coles/coles-catalogue-july-30-august-5-2025-vic-metro/1.jpg,https://www.catalogueau.com/coles/#catalogue=coles/coles-catalogue-july-30-august-5-2025-vic-metro/,displayed_price,displayed_price;page_discount;unit_price,2,verified
Coles,VIC METRO,"Coles Catalogue July 30 - August 5, 2025 VIC METRO",2025-07-30,2025-08-06,1,Lindt Excellence or Lindor Block Chocolate 80g-100g,4.25,8.5,4.25,50.0,half_price,80g; 100g,,WASS$8.50 | WASS$8.50 | Lindt Excellence or Lindor Block | Chocolate 80g-100g | Wi | MONEY,94.03,True,inferred_price_requires_review,https://caau.syd1.cdn.digitaloceanspaces.com/wp-content/uploads/catalogue/coles/coles-catalogue-july-30-august-5-2025-vic-metro/1.jpg,https://www.catalogueau.com/coles/#catalogue=coles/coles-catalogue-july-30-august-5-2025-vic-metro/,displayed_price,displayed_price;page_discount,1,review
Coles,VIC METRO,"Coles Catalogue July 30 - August 5, 2025 VIC METRO",2025-07-30,2025-08-06,1,Peters Drumstick Cones 4 Pack-6 Pack 475mL-490mL,4.75,9.5,4.75,50.0,half_price,4 Pack; 6 Pack; 475mL; 490mL,,WASS9.50 | WASS9.50 | Peters Drumstick Cones | 4 Pack-6 Pack 475mL-490mL | *See page 10 forT&Cs | Spend $20 and scan or link your,92.76,True,inferred_price_requires_review,https://caau.syd1.cdn.digitaloceanspaces.com/wp-content/uploads/catalogue/coles/coles-catalogue-july-30-august-5-2025-vic-metro/1.jpg,https://www.catalogueau.com/coles/#catalogue=coles/coles-catalogue-july-30-august-5-2025-vic-metro/,displayed_price,displayed_price;page_discount,1,review
Coles,VIC METRO,"Coles Catalogue July 30 - August 5, 2025 VIC METRO",2025-07-30,2025-08-06,1,Coles RSPCA Approved Chicken Breast Fillet Value Pack,8.5,,,,special,,$8.50 per kg,Coles RSPCA Approved Chicken Breast Fillet | Value Pack $8.50 per kg. While stocks last. | No rainchecks. Product sold uncooked | FP-VIC-METRO-3007-25-440313,96.19,True,offer_labels_missing;save_amount_missing;regular_price_missing;single_price_evidence,https://caau.syd1.cdn.digitaloceanspaces.com/wp-content/uploads/catalogue/coles/coles-catalogue-july-30-august-5-2025-vic-metro/1.jpg,https://www.catalogueau.com/coles/#catalogue=coles/coles-catalogue-july-30-august-5-2025-vic-metro/,displayed_price,displayed_price,1,review
Coles,VIC METRO,"Coles Catalogue July 30 - August 5, 2025 VIC METRO",2025-07-30,2025-08-06,2,Gatorade Sports Drink or G Active Water 600mL,2.1,4.2,2.1,50.0,half_price,600mL,$3.50 per litre,SAVES2.10 | WASS4.20 | Gatorade Sports Drink | or G Active Water 600mL | $3.50 per litre,95.1,False,,https://caau.syd1.cdn.digitaloceanspaces.com/wp-content/uploads/catalogue/coles/coles-catalogue-july-30-august-5-2025-vic-metro/2.jpg,https://www.catalogueau.com/coles/#catalogue=coles/coles-catalogue-july-30-august-5-2025-vic-metro/,save_was_arithmetic,save_was_arithmetic;unit_price,2,verified
Coles,VIC METRO,"Coles Catalogue July 30 - August 5, 2025 VIC METRO",2025-07-30,2025-08-06,2,"Kellogg's Coco Pops 375g, Just Right 460g or Sulfana Bran Cereal 420g",3.75,7.5,3.75,50.0,half_price,375g; 460g; 420g,,"SAVE 3.75 | WAS$7.50 | Kellogg's Coco Pops 375g, | Just Right 460g or Sulfana | Bran Cereal 420g",95.57,False,,https://caau.syd1.cdn.digitaloceanspaces.com/wp-content/uploads/catalogue/coles/coles-catalogue-july-30-august-5-2025-vic-metro/2.jpg,https://www.catalogueau.com/coles/#catalogue=coles/coles-catalogue-july-30-august-5-2025-vic-metro/,save_was_arithmetic,displayed_price;save_was_arithmetic,2,verified
Coles,VIC METRO,"Coles Catalogue July 30 - August 5, 2025 VIC METRO",2025-07-30,2025-08-06,2,Nescafé Coffee Sachets 8 Pack-10 Pack,4.0,8.0,4.0,50.0,half_price,8 Pack; 10 Pack,,SAVES4 | WASS8 | Nescafé Coffee Sachets | 8 Pack-10 Pack,94.44,False,,https://caau.syd1.cdn.digitaloceanspaces.com/wp-content/uploads/catalogue/coles/coles-catalogue-july-30-august-5-2025-vic-metro/2.jpg,https://www.catalogueau.com/coles/#catalogue=coles/coles-catalogue-july-30-august-5-2025-vic-metro/,save_was_arithmetic,displayed_price;save_was_arithmetic,2,verified
Coles,VIC METRO,"Coles Catalogue July 30 - August 5, 2025 VIC METRO",2025-07-30,2025-08-06,2,Nature's Way Kids Smart Vita Gummies Multi-Vitamin,16.0,32.0,16.0,50.0,half_price,,$13.33 per 100 each,SAVE16 | WAS$32 | Nature's Way Kids Smart | Vita Gummies Multi-Vitamin | Plus or Vitamin C + Zinc | 120 Pack* $13.33 per 100 each,93.65,False,,https://caau.syd1.cdn.digitaloceanspaces.com/wp-content/uploads/catalogue/coles/coles-catalogue-july-30-august-5-2025-vic-metro/2.jpg,https://www.catalogueau.com/coles/#catalogue=coles/coles-catalogue-july-30-august-5-2025-vic-metro/,save_was_arithmetic,displayed_price;save_was_arithmetic,2,verified
Coles,VIC METRO,"Coles Catalogue July 30 - August 5, 2025 VIC METRO",2025-07-30,2025-08-06,2,V Energy Drink 4x500mL,8.37,16.75,8.38,50.03,half_price,4x500mL,$4.19 per litre,SAVES8.38 | WASS16.75 | V Energy Drink 4x500mL | $4.19 per litre,93.31,False,,https://caau.syd1.cdn.digitaloceanspaces.com/wp-content/uploads/catalogue/coles/coles-catalogue-july-30-august-5-2025-vic-metro/2.jpg,https://www.catalogueau.com/coles/#catalogue=coles/coles-catalogue-july-30-august-5-2025-vic-metro/,save_was_arithmetic,displayed_price;save_was_arithmetic;unit_price,3,verified
Coles,VIC METRO,"Coles Catalogue July 30 - August 5, 2025 VIC METRO",2025-07-30,2025-08-06,2,Omo Expert Wonder Wash 1.94 Litre,16.0,32.0,16.0,50.0,half_price,1.94 Litre,$8.25 per litre,SAVES16 | WAS$32 | Omo Expert Wonder Wash | 1.94 Litre $8.25 per litre | “This medicine may not be right for you. Read the label before purchase. Follow the directions for use. If symptoms,96.09,False,,https://caau.syd1.cdn.digitaloceanspaces.com/wp-content/uploads/catalogue/coles/coles-catalogue-july-30-august-5-2025-vic-metro/2.jpg,https://www.catalogueau.com/coles/#catalogue=coles/coles-catalogue-july-30-august-5-2025-vic-metro/,save_was_arithmetic,displayed_price;save_was_arithmetic;unit_price,3,verified
Coles,VIC METRO,"Coles Catalogue July 30 - August 5, 2025 VIC METRO",2025-07-30,2025-08-06,2,Coles RSPCA Approved Chicken Kyiv Garlic Butter 700g,6.5,8.0,1.5,18.75,save_amount,700g,$9.29 per kg,SAVE‘1.50 | Coles RSPCA Approved Chicken Kyiv | Garlic Butter 700g $9.29 per kg. | Product sold uncooked | VIC-METRO-3007-25-440313,96.1,False,,https://caau.syd1.cdn.digitaloceanspaces.com/wp-content/uploads/catalogue/coles/coles-catalogue-july-30-august-5-2025-vic-metro/2.jpg,https://www.catalogueau.com/coles/#catalogue=coles/coles-catalogue-july-30-august-5-2025-vic-metro/,displayed_price,displayed_price;unit_price,2,verified
Coles,VIC METRO,"Coles Catalogue July 30 - August 5, 2025 VIC METRO",2025-07-30,2025-08-06,3,Continental Pasta & Sauce 85g-105g,1.5,3.0,1.5,50.0,half_price,85g; 105g,,SAVES1.50 | WASS3 | Continental Pasta & Sauce | 85g-105g | ae | == | Aitbggs,91.38,False,,https://caau.syd1.cdn.digitaloceanspaces.com/wp-content/uploads/catalogue/coles/coles-catalogue-july-30-august-5-2025-vic-metro/3.jpg,https://www.catalogueau.com/coles/#catalogue=coles/coles-catalogue-july-30-august-5-2025-vic-metro/,save_was_arithmetic,displayed_price;save_was_arithmetic,2,verified
Coles,VIC METRO,"Coles Catalogue July 30 - August 5, 2025 VIC METRO",2025-07-30,2025-08-06,3,Continental Cup a Soup 2 Serves 50g-75g,1.4,2.8,1.4,50.0,half_price,50g; 75g,,WASS$2.80 | WASS$2.80 | Continental Cup a Soup | 2 Serves 50g-75g | Mo tetra,94.53,True,inferred_price_requires_review,https://caau.syd1.cdn.digitaloceanspaces.com/wp-content/uploads/catalogue/coles/coles-catalogue-july-30-august-5-2025-vic-metro/3.jpg,https://www.catalogueau.com/coles/#catalogue=coles/coles-catalogue-july-30-august-5-2025-vic-metro/,page_discount_inference,page_discount,0,review
Coles,VIC METRO,"Coles Catalogue July 30 - August 5, 2025 VIC METRO",2025-07-30,2025-08-06,3,Golden Crumpet Rounds 6 Pack 300g,2.3,4.6,2.3,50.0,half_price,6 Pack; 300g,$0.77 per 100g,SAVE52.30 | WAS$4.60 | Golden Crumpet Rounds | 6 Pack 300g $0.77 per 100g,96.3,False,,https://caau.syd1.cdn.digitaloceanspaces.com/wp-content/uploads/catalogue/coles/coles-catalogue-july-30-august-5-2025-vic-metro/3.jpg,https://www.catalogueau.com/coles/#catalogue=coles/coles-catalogue-july-30-august-5-2025-vic-metro/,displayed_price,displayed_price;unit_price,2,verified
Coles,VIC METRO,"Coles Catalogue July 30 - August 5, 2025 VIC METRO",2025-07-30,2025-08-06,3,Kellogg's Nutri Grain or LCMs 12 Pack 240g-264g,3.75,7.5,3.75,50.0,half_price,12 Pack; 240g; 264g,,SAVE*3.75 | WASS$7.50 | Kellogg's Nutri Grain or LCMs | 12 Pack 240g-264g | Be | La,93.77,False,,https://caau.syd1.cdn.digitaloceanspaces.com/wp-content/uploads/catalogue/coles/coles-catalogue-july-30-august-5-2025-vic-metro/3.jpg,https://www.catalogueau.com/coles/#catalogue=coles/coles-catalogue-july-30-august-5-2025-vic-metro/,save_was_arithmetic,displayed_price;save_was_arithmetic,2,verified
Coles,VIC METRO,"Coles Catalogue July 30 - August 5, 2025 VIC METRO",2025-07-30,2025-08-06,3,Nescafé Espresso Coffee Concentrate 500mL,5.5,11.0,5.5,50.0,half_price,500mL,$1.10 per 100mL,SAVE$5.50 | WASS11 | Nescafé Espresso Coffee | Concentrate 500mL | $1.10 per 100mL | VIC-METRO-3007-25-440313,93.73,False,,https://caau.syd1.cdn.digitaloceanspaces.com/wp-content/uploads/catalogue/coles/coles-catalogue-july-30-august-5-2025-vic-metro/3.jpg,https://www.catalogueau.com/coles/#catalogue=coles/coles-catalogue-july-30-august-5-2025-vic-metro/,save_was_arithmetic,displayed_price;save_was_arithmetic;unit_price,3,verified
Coles,VIC METRO,"Coles Catalogue July 30 - August 5, 2025 VIC METRO",2025-07-30,2025-08-06,3,Twinings Tea Bags 80 Pack-100 Pack,6.75,13.5,6.75,50.0,half_price,80 Pack; 100 Pack,,SAVE°6.75 | WASS13.50 | Twinings Tea Bags | 80 Pack-100 Pack,95.03,False,,https://caau.syd1.cdn.digitaloceanspaces.com/wp-content/uploads/catalogue/coles/coles-catalogue-july-30-august-5-2025-vic-metro/3.jpg,https://www.catalogueau.com/coles/#catalogue=coles/coles-catalogue-july-30-august-5-2025-vic-metro/,save_was_arithmetic,displayed_price;save_was_arithmetic,2,verified
Coles,VIC METRO,"Coles Catalogue July 30 - August 5, 2025 VIC METRO",2025-07-30,2025-08-06,3,Maggi 2 Minute Noodles 5 Pack 345g-380g,2.5,5.0,2.5,50.0,half_price,5 Pack; 345g; 380g,,Maggi 2 Minute Noodles | 5 Pack 345g-380g | ——— | 12BAR PACK,94.16,True,offer_labels_missing;regular_and_save_inferred_from_half_price;inferred_price_requires_review,https://caau.syd1.cdn.digitaloceanspaces.com/wp-content/uploads/catalogue/coles/coles-catalogue-july-30-august-5-2025-vic-metro/3.jpg,https://www.catalogueau.com/coles/#catalogue=coles/coles-catalogue-july-30-august-5-2025-vic-metro/,displayed_price,displayed_price;grid_inference,1,review
Coles,VIC METRO,"Coles Catalogue July 30 - August 5, 2025 VIC METRO",2025-07-30,2025-08-06,3,Kellogg's Nutri Grain 290g or Special K Cereal 300g,3.5,7.0,3.5,50.0,half_price,290g; 300g,,Kellogg's Nutri Grain 290g | or Special K Cereal 300g,95.54,True,offer_labels_missing;regular_and_save_inferred_from_half_price;inferred_price_requires_review,https://caau.syd1.cdn.digitaloceanspaces.com/wp-content/uploads/catalogue/coles/coles-catalogue-july-30-august-5-2025-vic-metro/3.jpg,https://www.catalogueau.com/coles/#catalogue=coles/coles-catalogue-july-30-august-5-2025-vic-metro/,displayed_price,displayed_price;grid_inference,1,review
Coles,VIC METRO,"Coles Catalogue July 30 - August 5, 2025 VIC METRO",2025-07-30,2025-08-06,3,Sunrice Medium Grain Rice 5kg,4.0,8.0,4.0,50.0,half_price,5kg,$0.19 per 100g,Sunrice Medium Grain Rice | 5kg $0.19 per 100g,95.26,True,offer_labels_missing;regular_and_save_inferred_from_half_price;inferred_price_requires_review,https://caau.syd1.cdn.digitaloceanspaces.com/wp-content/uploads/catalogue/coles/coles-catalogue-july-30-august-5-2025-vic-metro/3.jpg,https://www.catalogueau.com/coles/#catalogue=coles/coles-catalogue-july-30-august-5-2025-vic-metro/,displayed_price,displayed_price;grid_inference,1,review
Coles,VIC METRO,"Coles Catalogue July 30 - August 5, 2025 VIC METRO",2025-07-30,2025-08-06,4,Mars Chocolate Bar 30g-56g or Cooks Scorched Peanut Bar 45g,1.25,2.5,1.25,50.0,half_price,30g; 56g; 45g,,SAVE51.25 | ‘WAS§2.50 | Mars Chocolate Bar | 30g-56g or Cooks Scorched | Peanut Bar 45g,96.06,True,single_price_evidence,https://caau.syd1.cdn.digitaloceanspaces.com/wp-content/uploads/catalogue/coles/coles-catalogue-july-30-august-5-2025-vic-metro/4.jpg,https://www.catalogueau.com/coles/#catalogue=coles/coles-catalogue-july-30-august-5-2025-vic-metro/,unknown,,0,review
Coles,VIC METRO,"Coles Catalogue July 30 - August 5, 2025 VIC METRO",2025-07-30,2025-08-06,4,Cadbury Chocolate Fingers or Choc Centre Cookies 114g-156g,2.75,5.5,2.75,50.0,half_price,114g; 156g,,SAVE‘2.75 | WASS5.50 | Cadbury Chocolate Fingers | or Choc Centre Cookies | 114g-156g,94.86,True,single_price_evidence,https://caau.syd1.cdn.digitaloceanspaces.com/wp-content/uploads/catalogue/coles/coles-catalogue-july-30-august-5-2025-vic-metro/4.jpg,https://www.catalogueau.com/coles/#catalogue=coles/coles-catalogue-july-30-august-5-2025-vic-metro/,save_was_arithmetic,save_was_arithmetic,1,review
Coles,VIC METRO,"Coles Catalogue July 30 - August 5, 2025 VIC METRO",2025-07-30,2025-08-06,4,Pascall Marshmallows 280g,2.5,5.0,2.5,50.0,half_price,280g,$0.89 per 100g,SAVE52.50 | WASS5S | Pascall Marshmallows 280g | $0.89 per 100g,95.21,True,single_price_evidence,https://caau.syd1.cdn.digitaloceanspaces.com/wp-content/uploads/catalogue/coles/coles-catalogue-july-30-august-5-2025-vic-metro/4.jpg,https://www.catalogueau.com/coles/#catalogue=coles/coles-catalogue-july-30-august-5-2025-vic-metro/,unit_price,unit_price,1,review
Coles,VIC METRO,"Coles Catalogue July 30 - August 5, 2025 VIC METRO",2025-07-30,2025-08-06,4,ber Darrell Lea Liquorice or Twists,2.75,5.5,2.75,50.0,half_price,,,SAVE52.75 | WASS5.50 | ber | Darrell Lea Liquorice or Twists | 2609-28 | fe | *See page 10 for T&Cs,71.07,True,low_name_confidence_strict;single_price_evidence,https://caau.syd1.cdn.digitaloceanspaces.com/wp-content/uploads/catalogue/coles/coles-catalogue-july-30-august-5-2025-vic-metro/4.jpg,https://www.catalogueau.com/coles/#catalogue=coles/coles-catalogue-july-30-august-5-2025-vic-metro/,displayed_price,displayed_price,1,review
Coles,VIC METRO,"Coles Catalogue July 30 - August 5, 2025 VIC METRO",2025-07-30,2025-08-06,4,"Darrell Lea Bullets, Choc Twists or BB's 150g-204g",3.0,6.0,3.0,50.0,half_price,150g; 204g,,"SAVES3 | WASS6 | Darrell Lea Bullets, Choc | Twists or BB's 150g-204g | *See page 10 for T&Cs",94.9,False,,https://caau.syd1.cdn.digitaloceanspaces.com/wp-content/uploads/catalogue/coles/coles-catalogue-july-30-august-5-2025-vic-metro/4.jpg,https://www.catalogueau.com/coles/#catalogue=coles/coles-catalogue-july-30-august-5-2025-vic-metro/,save_was_arithmetic,displayed_price;save_was_arithmetic,2,verified
Coles,VIC METRO,"Coles Catalogue July 30 - August 5, 2025 VIC METRO",2025-07-30,2025-08-06,4,Cadbury or Europe Bitesize 120g-160g or Pascall Chocolate Bites 160g-185g,3.5,7.0,3.5,50.0,half_price,120g; 160g; 185g,,SAVE53.50 | WAS$7 | Cadbury or Europe Bitesize | 120g-160g or Pascall | Chocolate Bites 160g-185g | VIC-METRO-3007-25-440313,92.79,True,single_price_evidence,https://caau.syd1.cdn.digitaloceanspaces.com/wp-content/uploads/catalogue/coles/coles-catalogue-july-30-august-5-2025-vic-metro/4.jpg,https://www.catalogueau.com/coles/#catalogue=coles/coles-catalogue-july-30-august-5-2025-vic-metro/,displayed_price,displayed_price,1,review
Coles,VIC METRO,"Coles Catalogue July 30 - August 5, 2025 VIC METRO",2025-07-30,2025-08-06,4,Toblerone 360g,8.0,18.0,10.0,55.56,save_amount,360g,$2.22 per 100g,SAVE10 | WASS18 | Toblerone 360g | $2.22 per 100g,96.61,False,,https://caau.syd1.cdn.digitaloceanspaces.com/wp-content/uploads/catalogue/coles/coles-catalogue-july-30-august-5-2025-vic-metro/4.jpg,https://www.catalogueau.com/coles/#catalogue=coles/coles-catalogue-july-30-august-5-2025-vic-metro/,save_was_arithmetic,displayed_price;save_was_arithmetic;unit_price,3,verified
Coles,VIC METRO,"Coles Catalogue July 30 - August 5, 2025 VIC METRO",2025-07-30,2025-08-06,4,Oreo Creme Biscuits 128g-131g,1.5,3.0,1.5,50.0,half_price,128g; 131g,,Oreo Creme Biscuits | 128g-131g,93.49,True,offer_labels_missing;regular_and_save_inferred_from_half_price;inferred_price_requires_review,https://caau.syd1.cdn.digitaloceanspaces.com/wp-content/uploads/catalogue/coles/coles-catalogue-july-30-august-5-2025-vic-metro/4.jpg,https://www.catalogueau.com/coles/#catalogue=coles/coles-catalogue-july-30-august-5-2025-vic-metro/,displayed_price,displayed_price;grid_inference,1,review
Coles,VIC METRO,"Coles Catalogue July 30 - August 5, 2025 VIC METRO",2025-07-30,2025-08-06,4,Lindt Cornet 327g-333g,17.0,,,,special,327g; 333g,,Lindt Cornet 327g-333g,93.06,True,offer_labels_missing;save_amount_missing;regular_price_missing;inferred_price_requires_review,https://caau.syd1.cdn.digitaloceanspaces.com/wp-content/uploads/catalogue/coles/coles-catalogue-july-30-august-5-2025-vic-metro/4.jpg,https://www.catalogueau.com/coles/#catalogue=coles/coles-catalogue-july-30-august-5-2025-vic-metro/,displayed_price,displayed_price;grid_inference,1,review
Coles,VIC METRO,"Coles Catalogue July 30 - August 5, 2025 VIC METRO",2025-07-30,2025-08-06,5,Cheezels 125g,1.75,176.75,175.0,99.01,save_amount,125g,$1.40 per 100g,SAVESI75 | Cheezels 125g | $1.40 per 100g,93.07,False,,https://caau.syd1.cdn.digitaloceanspaces.com/wp-content/uploads/catalogue/coles/coles-catalogue-july-30-august-5-2025-vic-metro/5.jpg,https://www.catalogueau.com/coles/#catalogue=coles/coles-catalogue-july-30-august-5-2025-vic-metro/,displayed_price,displayed_price;unit_price,2,verified
Coles,VIC METRO,"Coles Catalogue July 30 - August 5, 2025 VIC METRO",2025-07-30,2025-08-06,5,Gatorade Fast Twitch Energy Drink 350mL,2.1,4.2,2.1,50.0,half_price,350mL,$6.00 per litre,SAVE52.10 | WASS4.20 | Gatorade Fast Twitch Energy | Drink 350mL $6.00 per litre,95.18,False,,https://caau.syd1.cdn.digitaloceanspaces.com/wp-content/uploads/catalogue/coles/coles-catalogue-july-30-august-5-2025-vic-metro/5.jpg,https://www.catalogueau.com/coles/#catalogue=coles/coles-catalogue-july-30-august-5-2025-vic-metro/,displayed_price,displayed_price;unit_price,2,verified
Coles,VIC METRO,"Coles Catalogue July 30 - August 5, 2025 VIC METRO",2025-07-30,2025-08-06,5,Arnott's Flatbread Dippers or Sourdough Crackers 130g-150g,2.25,4.5,2.25,50.0,half_price,130g; 150g,,SAVE‘2.25 | WAS$4.50 | Arnott's Flatbread Dippers | or Sourdough Crackers | 130g-150g,92.48,False,,https://caau.syd1.cdn.digitaloceanspaces.com/wp-content/uploads/catalogue/coles/coles-catalogue-july-30-august-5-2025-vic-metro/5.jpg,https://www.catalogueau.com/coles/#catalogue=coles/coles-catalogue-july-30-august-5-2025-vic-metro/,save_was_arithmetic,displayed_price;save_was_arithmetic,2,verified
Coles,VIC METRO,"Coles Catalogue July 30 - August 5, 2025 VIC METRO",2025-07-30,2025-08-06,5,Thins Potato Chips 150g-175g or Onion Rings 85g,2.5,5.0,2.5,50.0,half_price,150g; 175g; 85g,,SAVE 52.50 | Thins Potato Chips 150g-175g | or Onion Rings 85g | Froeat iN *,95.45,True,single_price_evidence,https://caau.syd1.cdn.digitaloceanspaces.com/wp-content/uploads/catalogue/coles/coles-catalogue-july-30-august-5-2025-vic-metro/5.jpg,https://www.catalogueau.com/coles/#catalogue=coles/coles-catalogue-july-30-august-5-2025-vic-metro/,displayed_price,displayed_price,1,review
Coles,VIC METRO,"Coles Catalogue July 30 - August 5, 2025 VIC METRO",2025-07-30,2025-08-06,5,Vege Chips 100g or Rice Crackers 75g,2.45,4.9,2.45,50.0,half_price,100g; 75g,,SAVE52.45 | WAS $4.90 | Vege Chips 100g | or Rice Crackers 75g | — | —,96.06,True,single_price_evidence,https://caau.syd1.cdn.digitaloceanspaces.com/wp-content/uploads/catalogue/coles/coles-catalogue-july-30-august-5-2025-vic-metro/5.jpg,https://www.catalogueau.com/coles/#catalogue=coles/coles-catalogue-july-30-august-5-2025-vic-metro/,unknown,,0,review
Coles,VIC METRO,"Coles Catalogue July 30 - August 5, 2025 VIC METRO",2025-07-30,2025-08-06,5,Fanta or Sprite Soft Drink 10x375mL,10.0,20.0,10.0,50.0,half_price,10x375mL,$2.67 per litre,SAVE*10 | WASS20 | Fanta or Sprite Soft Drink | 10x375mL $2.67 per litre. | *See page 10 for T&Cs,95.12,False,,https://caau.syd1.cdn.digitaloceanspaces.com/wp-content/uploads/catalogue/coles/coles-catalogue-july-30-august-5-2025-vic-metro/5.jpg,https://www.catalogueau.com/coles/#catalogue=coles/coles-catalogue-july-30-august-5-2025-vic-metro/,save_was_arithmetic,displayed_price;save_was_arithmetic;unit_price,3,verified
Coles,VIC METRO,"Coles Catalogue July 30 - August 5, 2025 VIC METRO",2025-07-30,2025-08-06,5,Cocobella Coconut Water 1 Litre,2.75,5.5,2.75,50.0,half_price,1 Litre,$2.75 per litre,WASS5.50 | WASS5.50 | Cocobella Coconut Water | 1 Litre $2.75 per litre | VIC-METRO-3007-25-440313,94.43,False,,https://caau.syd1.cdn.digitaloceanspaces.com/wp-content/uploads/catalogue/coles/coles-catalogue-july-30-august-5-2025-vic-metro/5.jpg,https://www.catalogueau.com/coles/#catalogue=coles/coles-catalogue-july-30-august-5-2025-vic-metro/,displayed_price,displayed_price;unit_price,2,verified
Coles,VIC METRO,"Coles Catalogue July 30 - August 5, 2025 VIC METRO",2025-07-30,2025-08-06,5,Mt Franklin Sparkling Water 10x375mL,10.0,20.0,10.0,50.0,half_price,10x375mL,$2.67 per litre,WASS20 | WASS20 | Mt Franklin Sparkling Water | 10x375mL $2.67 per litre,95.07,True,single_price_evidence,https://caau.syd1.cdn.digitaloceanspaces.com/wp-content/uploads/catalogue/coles/coles-catalogue-july-30-august-5-2025-vic-metro/5.jpg,https://www.catalogueau.com/coles/#catalogue=coles/coles-catalogue-july-30-august-5-2025-vic-metro/,unit_price,unit_price,1,review
Coles,VIC METRO,"Coles Catalogue July 30 - August 5, 2025 VIC METRO",2025-07-30,2025-08-06,5,Doritos or XXL Corn Chips 150g-170g,2.5,,,,special,150g; 170g,,Doritos or XXL Corn Chips | 150g-170g | SS | —— | /,93.66,True,offer_labels_missing;save_amount_missing;regular_price_missing;inferred_price_requires_review,https://caau.syd1.cdn.digitaloceanspaces.com/wp-content/uploads/catalogue/coles/coles-catalogue-july-30-august-5-2025-vic-metro/5.jpg,https://www.catalogueau.com/coles/#catalogue=coles/coles-catalogue-july-30-august-5-2025-vic-metro/,displayed_price,displayed_price;grid_inference,1,review
Coles,VIC METRO,"Coles Catalogue July 30 - August 5, 2025 VIC METRO",2025-07-30,2025-08-06,6,Palmolive Liquid Hand Wash Refill 1 Litre,3.75,7.5,3.75,50.0,half_price,1 Litre,$0.38 per 100mL,SAVES3.75 | WASS$7.50 | Palmolive Liquid Hand Wash | Refill 1 Litre $0.38 per 100mL,95.19,False,,https://caau.syd1.cdn.digitaloceanspaces.com/wp-content/uploads/catalogue/coles/coles-catalogue-july-30-august-5-2025-vic-metro/6.jpg,https://www.catalogueau.com/coles/#catalogue=coles/coles-catalogue-july-30-august-5-2025-vic-metro/,save_was_arithmetic,displayed_price;save_was_arithmetic;unit_price,3,verified
Coles,VIC METRO,"Coles Catalogue July 30 - August 5, 2025 VIC METRO",2025-07-30,2025-08-06,6,Herbal Essences Bio Renew Shampoo or Conditioner 400mL,6.75,13.5,6.75,50.0,half_price,400mL,$1.69 per 100mL,SAVES6.75 | WASS$13.50 | Herbal Essences Bio Renew | Shampoo or Conditioner | 400mL $1.69 per 100mL | 7 es,94.32,False,,https://caau.syd1.cdn.digitaloceanspaces.com/wp-content/uploads/catalogue/coles/coles-catalogue-july-30-august-5-2025-vic-metro/6.jpg,https://www.catalogueau.com/coles/#catalogue=coles/coles-catalogue-july-30-august-5-2025-vic-metro/,save_was_arithmetic,save_was_arithmetic;unit_price,2,verified
Coles,VIC METRO,"Coles Catalogue July 30 - August 5, 2025 VIC METRO",2025-07-30,2025-08-06,6,Hask Shampoo or Conditioner 355mL,8.5,17.0,8.5,50.0,half_price,355mL,$2.39 per 100mL,SAVES8.50 | WASS17 | Hask Shampoo or | Conditioner 355mL | $2.39 per 100mL,93.9,False,,https://caau.syd1.cdn.digitaloceanspaces.com/wp-content/uploads/catalogue/coles/coles-catalogue-july-30-august-5-2025-vic-metro/6.jpg,https://www.catalogueau.com/coles/#catalogue=coles/coles-catalogue-july-30-august-5-2025-vic-metro/,save_was_arithmetic,save_was_arithmetic;unit_price,2,verified
Coles,VIC METRO,"Coles Catalogue July 30 - August 5, 2025 VIC METRO",2025-07-30,2025-08-06,6,Garnier Fructis Shampoo or Conditioner 850mL,8.5,17.0,8.5,50.0,half_price,850mL,$1.00 per 100mL,SAVE%8.50 | WASS17 | Garnier Fructis Shampoo | or Conditioner 850mL | $1.00 per 100mL,94.15,False,,https://caau.syd1.cdn.digitaloceanspaces.com/wp-content/uploads/catalogue/coles/coles-catalogue-july-30-august-5-2025-vic-metro/6.jpg,https://www.catalogueau.com/coles/#catalogue=coles/coles-catalogue-july-30-august-5-2025-vic-metro/,save_was_arithmetic,displayed_price;save_was_arithmetic;unit_price,3,verified
Coles,VIC METRO,"Coles Catalogue July 30 - August 5, 2025 VIC METRO",2025-07-30,2025-08-06,6,Head & Shoulders Shampoo or Conditioner 850mL,13.0,26.0,13.0,50.0,half_price,850mL,$1.53 per 100mL,"SAVE ""13 | WASS$26 | Head & Shoulders Shampoo | or Conditioner 850mL | $1.53 per 100mL",94.06,False,,https://caau.syd1.cdn.digitaloceanspaces.com/wp-content/uploads/catalogue/coles/coles-catalogue-july-30-august-5-2025-vic-metro/6.jpg,https://www.catalogueau.com/coles/#catalogue=coles/coles-catalogue-july-30-august-5-2025-vic-metro/,save_was_arithmetic,displayed_price;save_was_arithmetic;unit_price,3,verified
Coles,VIC METRO,"Coles Catalogue July 30 - August 5, 2025 VIC METRO",2025-07-30,2025-08-06,6,Oral B iO2 Electric Toothbrush White or Black 1 Pack,80.0,160.0,80.0,50.0,half_price,1 Pack,$80.00 per each,SAVE°80 | WASS160 | Oral B iO2 Electric Toothbrush | White or Black 1 Pack | $80.00 per each,93.74,False,,https://caau.syd1.cdn.digitaloceanspaces.com/wp-content/uploads/catalogue/coles/coles-catalogue-july-30-august-5-2025-vic-metro/6.jpg,https://www.catalogueau.com/coles/#catalogue=coles/coles-catalogue-july-30-august-5-2025-vic-metro/,save_was_arithmetic,displayed_price;save_was_arithmetic;unit_price,3,verified
Coles,VIC METRO,"Coles Catalogue July 30 - August 5, 2025 VIC METRO",2025-07-30,2025-08-06,6,Life-Space Broad Spectrum Probiotic,18.0,36.0,18.0,50.0,half_price,,$45.00 per 100 each,SAVE°18 | WASS36 | Life-Space Broad | Spectrum Probiotic | or Probiotic For | 60+ Years Capsules | 40 Pack* | $45.00 per 100 each,95.07,False,,https://caau.syd1.cdn.digitaloceanspaces.com/wp-content/uploads/catalogue/coles/coles-catalogue-july-30-august-5-2025-vic-metro/6.jpg,https://www.catalogueau.com/coles/#catalogue=coles/coles-catalogue-july-30-august-5-2025-vic-metro/,save_was_arithmetic,displayed_price;save_was_arithmetic,2,verified
Coles,VIC METRO,"Coles Catalogue July 30 - August 5, 2025 VIC METRO",2025-07-30,2025-08-06,6,Nature's Way Adult Vita Gummies,14.0,28.0,14.0,50.0,half_price,,,SAVESI4 | WAS$28 | Nature's Way Adult | Vita Gummies | Women's Multivitamin | 100 Pack or | Vitamin C 120 Pack*,94.46,False,,https://caau.syd1.cdn.digitaloceanspaces.com/wp-content/uploads/catalogue/coles/coles-catalogue-july-30-august-5-2025-vic-metro/6.jpg,https://www.catalogueau.com/coles/#catalogue=coles/coles-catalogue-july-30-august-5-2025-vic-metro/,save_was_arithmetic,displayed_price;save_was_arithmetic,2,verified
Coles,VIC METRO,"Coles Catalogue July 30 - August 5, 2025 VIC METRO",2025-07-30,2025-08-06,6,Blackmores Executive B Stress Formula Tablets 125 Pack*,20.0,40.0,20.0,50.0,half_price,125 Pack,$16.00 per 100 each,SAVE‘20 | WASS40 | Blackmores Executive | B Stress Formula | Tablets 125 Pack* | $16.00 per 100 each,95.41,False,,https://caau.syd1.cdn.digitaloceanspaces.com/wp-content/uploads/catalogue/coles/coles-catalogue-july-30-august-5-2025-vic-metro/6.jpg,https://www.catalogueau.com/coles/#catalogue=coles/coles-catalogue-july-30-august-5-2025-vic-metro/,save_was_arithmetic,displayed_price;save_was_arithmetic;unit_price,3,verified
Coles,VIC METRO,"Coles Catalogue July 30 - August 5, 2025 VIC METRO",2025-07-30,2025-08-06,6,Blackmores Fish Oil 1000mg Capsules 400 Pack*,30.0,60.0,30.0,50.0,half_price,400 Pack,$7.50 per 100 each,SAVE530 | WASS60 | Blackmores Fish Oil | 1000mg Capsules | 400 Pack* | $7.50 per 100 each,94.02,False,,https://caau.syd1.cdn.digitaloceanspaces.com/wp-content/uploads/catalogue/coles/coles-catalogue-july-30-august-5-2025-vic-metro/6.jpg,https://www.catalogueau.com/coles/#catalogue=coles/coles-catalogue-july-30-august-5-2025-vic-metro/,displayed_price,displayed_price;unit_price,2,verified
Coles,VIC METRO,"Coles Catalogue July 30 - August 5, 2025 VIC METRO",2025-07-30,2025-08-06,7,Oral B Sensitive Gum Care Toothbrush 1 Pack,2.0,4.0,2.0,50.0,half_price,1 Pack,$2.00 per each,SAVE 2 | WASS4 | Oral B Sensitive Gum Care | Toothbrush 1 Pack | $2.00 per each,96.19,False,,https://caau.syd1.cdn.digitaloceanspaces.com/wp-content/uploads/catalogue/coles/coles-catalogue-july-30-august-5-2025-vic-metro/7.jpg,https://www.catalogueau.com/coles/#catalogue=coles/coles-catalogue-july-30-august-5-2025-vic-metro/,save_was_arithmetic,displayed_price;save_was_arithmetic;unit_price,3,verified
Coles,VIC METRO,"Coles Catalogue July 30 - August 5, 2025 VIC METRO",2025-07-30,2025-08-06,7,Hismile Grape Bubblegum or Blue Raspberry Floss 1 Pack,3.0,6.0,3.0,50.0,half_price,1 Pack,,SAVE53 | WAS$6 | Hismile Grape Bubblegum or | Blue Raspberry Floss 1 Pack | $0.12 per metre,95.57,True,single_price_evidence,https://caau.syd1.cdn.digitaloceanspaces.com/wp-content/uploads/catalogue/coles/coles-catalogue-july-30-august-5-2025-vic-metro/7.jpg,https://www.catalogueau.com/coles/#catalogue=coles/coles-catalogue-july-30-august-5-2025-vic-metro/,displayed_price,displayed_price,1,review
Coles,VIC METRO,"Coles Catalogue July 30 - August 5, 2025 VIC METRO",2025-07-30,2025-08-06,7,Hismile Grape Bubblegum or Watermelon Toothpaste 60g,6.5,13.0,6.5,50.0,half_price,60g,$10.83 per 100g,SAVE°6.50 | WASS13 | Hismile Grape Bubblegum or | Watermelon Toothpaste 60g | $10.83 per 100g,95.69,False,,https://caau.syd1.cdn.digitaloceanspaces.com/wp-content/uploads/catalogue/coles/coles-catalogue-july-30-august-5-2025-vic-metro/7.jpg,https://www.catalogueau.com/coles/#catalogue=coles/coles-catalogue-july-30-august-5-2025-vic-metro/,save_was_arithmetic,displayed_price;save_was_arithmetic;unit_price,3,verified
Coles,VIC METRO,"Coles Catalogue July 30 - August 5, 2025 VIC METRO",2025-07-30,2025-08-06,7,Colgate Optic White Luminous Teeth Whitening 2% Hydrogen Peroxide Toothpaste 85g,6.0,12.0,6.0,50.0,half_price,85g,$7.06 per 100g,SAVES6 | WASS12 | Colgate Optic White Luminous | Teeth Whitening 2% Hydrogen | Peroxide Toothpaste 85g | $7.06 per 100g. | *See page 10 for T&Cs,96.48,False,,https://caau.syd1.cdn.digitaloceanspaces.com/wp-content/uploads/catalogue/coles/coles-catalogue-july-30-august-5-2025-vic-metro/7.jpg,https://www.catalogueau.com/coles/#catalogue=coles/coles-catalogue-july-30-august-5-2025-vic-metro/,save_was_arithmetic,displayed_price;save_was_arithmetic;unit_price,3,verified
Coles,VIC METRO,"Coles Catalogue July 30 - August 5, 2025 VIC METRO",2025-07-30,2025-08-06,7,Colgate Advanced Whitening & Tartar or Max Fresh Toothpaste 115g,3.25,6.5,3.25,50.0,half_price,115g,$2.83 per 100g,SAVES3.25 | WASS$6.50 | Colgate Advanced Whitening | & Tartar or Max Fresh | Toothpaste 115g $2.83 per 100g | *See page 10 forT&Cs,95.82,False,,https://caau.syd1.cdn.digitaloceanspaces.com/wp-content/uploads/catalogue/coles/coles-catalogue-july-30-august-5-2025-vic-metro/7.jpg,https://www.catalogueau.com/coles/#catalogue=coles/coles-catalogue-july-30-august-5-2025-vic-metro/,save_was_arithmetic,displayed_price;save_was_arithmetic;unit_price,3,verified
Coles,VIC METRO,"Coles Catalogue July 30 - August 5, 2025 VIC METRO",2025-07-30,2025-08-06,7,Colgate Total Active Prevention Whitening or Deep Clean Toothpaste 115g,3.5,7.0,3.5,50.0,half_price,115g,$3.04 per 100g,SAVES3.50 | WASS$7 | Colgate Total Active Prevention | Whitening or Deep Clean | Toothpaste 115g $3.04 per 100g | *See page 10 forT&Cs,96.33,False,,https://caau.syd1.cdn.digitaloceanspaces.com/wp-content/uploads/catalogue/coles/coles-catalogue-july-30-august-5-2025-vic-metro/7.jpg,https://www.catalogueau.com/coles/#catalogue=coles/coles-catalogue-july-30-august-5-2025-vic-metro/,save_was_arithmetic,displayed_price;save_was_arithmetic;unit_price,3,verified
Coles,VIC METRO,"Coles Catalogue July 30 - August 5, 2025 VIC METRO",2025-07-30,2025-08-06,7,Listerine Freshburst or Freshburst Zero Mouthwash 500mL,4.0,8.0,4.0,50.0,half_price,500mL,$0.80 per 100mL,SAVE%4 | WAS$8 | Listerine Freshburst or | Freshburst Zero Mouthwash | 500mL $0.80 per 100mL | VIC-METRO-3007-25-440313,93.48,False,,https://caau.syd1.cdn.digitaloceanspaces.com/wp-content/uploads/catalogue/coles/coles-catalogue-july-30-august-5-2025-vic-metro/7.jpg,https://www.catalogueau.com/coles/#catalogue=coles/coles-catalogue-july-30-august-5-2025-vic-metro/,save_was_arithmetic,displayed_price;save_was_arithmetic;unit_price,3,verified
Coles,VIC METRO,"Coles Catalogue July 30 - August 5, 2025 VIC METRO",2025-07-30,2025-08-06,7,Stayfree Pads with Wings Regular 14 Pack or Super 12 Pack,3.0,6.0,3.0,50.0,half_price,14 Pack; 12 Pack,,SAVE%3 | WASS6 | Stayfree Pads with Wings | Regular 14 Pack or | Super 12 Pack,96.04,False,,https://caau.syd1.cdn.digitaloceanspaces.com/wp-content/uploads/catalogue/coles/coles-catalogue-july-30-august-5-2025-vic-metro/7.jpg,https://www.catalogueau.com/coles/#catalogue=coles/coles-catalogue-july-30-august-5-2025-vic-metro/,save_was_arithmetic,displayed_price;save_was_arithmetic,2,verified
Coles,VIC METRO,"Coles Catalogue July 30 - August 5, 2025 VIC METRO",2025-07-30,2025-08-06,7,Gem Skin Loving Deodorant 207mL,5.25,10.5,5.25,50.0,half_price,207mL,$2.54 per 100mL,SAVE%5.25 | WASS10.50 | Gem Skin Loving Deodorant | 207mL $2.54 per 100mL,94.11,False,,https://caau.syd1.cdn.digitaloceanspaces.com/wp-content/uploads/catalogue/coles/coles-catalogue-july-30-august-5-2025-vic-metro/7.jpg,https://www.catalogueau.com/coles/#catalogue=coles/coles-catalogue-july-30-august-5-2025-vic-metro/,save_was_arithmetic,save_was_arithmetic;unit_price,2,verified
Coles,VIC METRO,"Coles Catalogue July 30 - August 5, 2025 VIC METRO",2025-07-30,2025-08-06,8,Vanish NapiSan Oxi Action Gold Multi Power Laundry Booster Powder 2kg,16.0,32.0,16.0,50.0,half_price,2kg,,SAVE%16 | WAS$32 | Vanish NapiSan Oxi Action | Gold Multi Power Laundry | Booster Powder 2kg $8.00 | per kg. *See page 10 for T&Cs,95.33,False,,https://caau.syd1.cdn.digitaloceanspaces.com/wp-content/uploads/catalogue/coles/coles-catalogue-july-30-august-5-2025-vic-metro/8.jpg,https://www.catalogueau.com/coles/#catalogue=coles/coles-catalogue-july-30-august-5-2025-vic-metro/,save_was_arithmetic,displayed_price;save_was_arithmetic,2,verified
Coles,VIC METRO,"Coles Catalogue July 30 - August 5, 2025 VIC METRO",2025-07-30,2025-08-06,8,Dynamo Professional Laundry Liquid 2 Litre,14.5,29.0,14.5,50.0,half_price,2 Litre,$7.25 per litre,SAVE514.50 | WAS$29 | Dynamo Professional Laundry | Liquid 2 Litre $7.25 per litre. | *See page 10 for T&Cs | i,95.85,True,single_price_evidence,https://caau.syd1.cdn.digitaloceanspaces.com/wp-content/uploads/catalogue/coles/coles-catalogue-july-30-august-5-2025-vic-metro/8.jpg,https://www.catalogueau.com/coles/#catalogue=coles/coles-catalogue-july-30-august-5-2025-vic-metro/,unit_price,unit_price,1,review
Coles,VIC METRO,"Coles Catalogue July 30 - August 5, 2025 VIC METRO",2025-07-30,2025-08-06,8,Earthwise Laundry Liquid 2 Litre,10.0,20.0,10.0,50.0,half_price,2 Litre,$5.00 per litre,"SAVES10 | ‘WAS$20 | Earthwise Laundry Liquid | 2 Litre $5.00 per litre | c | NO} mcnenenrs | —"" | se",95.52,False,,https://caau.syd1.cdn.digitaloceanspaces.com/wp-content/uploads/catalogue/coles/coles-catalogue-july-30-august-5-2025-vic-metro/8.jpg,https://www.catalogueau.com/coles/#catalogue=coles/coles-catalogue-july-30-august-5-2025-vic-metro/,save_was_arithmetic,displayed_price;save_was_arithmetic;unit_price,3,verified
Coles,VIC METRO,"Coles Catalogue July 30 - August 5, 2025 VIC METRO",2025-07-30,2025-08-06,8,Biozet Attack Regular Laundry Liquid 2 Litre or Powder 2kg,12.0,24.0,12.0,50.0,half_price,2 Litre; 2kg,,SAVES12 | WAS $24 | Biozet Attack Regular Laundry | Liquid 2 Litre or Powder 2kg | 9 | @,95.4,False,,https://caau.syd1.cdn.digitaloceanspaces.com/wp-content/uploads/catalogue/coles/coles-catalogue-july-30-august-5-2025-vic-metro/8.jpg,https://www.catalogueau.com/coles/#catalogue=coles/coles-catalogue-july-30-august-5-2025-vic-metro/,save_was_arithmetic,displayed_price;save_was_arithmetic,2,verified
Coles,VIC METRO,"Coles Catalogue July 30 - August 5, 2025 VIC METRO",2025-07-30,2025-08-06,8,Omo Ultimate Laundry Liquid 2 Litre,18.0,36.0,18.0,50.0,half_price,2 Litre,$9.00 per litre,SAVES18 | WAS$36 | Omo Ultimate Laundry Liquid | 2 Litre $9.00 per litre,95.58,False,,https://caau.syd1.cdn.digitaloceanspaces.com/wp-content/uploads/catalogue/coles/coles-catalogue-july-30-august-5-2025-vic-metro/8.jpg,https://www.catalogueau.com/coles/#catalogue=coles/coles-catalogue-july-30-august-5-2025-vic-metro/,save_was_arithmetic,save_was_arithmetic;unit_price,2,verified
Coles,VIC METRO,"Coles Catalogue July 30 - August 5, 2025 VIC METRO",2025-07-30,2025-08-06,8,Bref In The Bowl Toilet Cleaner 42g-50g,3.5,7.0,3.5,50.0,half_price,42g; 50g,,SAVES3.50 | WASS7 | Bref In The Bowl Toilet | Cleaner 42g-50g | VIC-METRO-3007-25-440313,92.89,True,single_price_evidence,https://caau.syd1.cdn.digitaloceanspaces.com/wp-content/uploads/catalogue/coles/coles-catalogue-july-30-august-5-2025-vic-metro/8.jpg,https://www.catalogueau.com/coles/#catalogue=coles/coles-catalogue-july-30-august-5-2025-vic-metro/,save_was_arithmetic,save_was_arithmetic,1,review
Coles,VIC METRO,"Coles Catalogue July 30 - August 5, 2025 VIC METRO",2025-07-30,2025-08-06,8,Bref Liquid Toilet Cleaner 600mL-700mL,50.0,53.5,3.5,6.54,save_amount,600mL; 700mL,,SAVES3.50 | WASS | Bref Liquid Toilet Cleaner | 600mL-700mL,93.08,True,single_price_evidence,https://caau.syd1.cdn.digitaloceanspaces.com/wp-content/uploads/catalogue/coles/coles-catalogue-july-30-august-5-2025-vic-metro/8.jpg,https://www.catalogueau.com/coles/#catalogue=coles/coles-catalogue-july-30-august-5-2025-vic-metro/,displayed_price,displayed_price,1,review
Coles,VIC METRO,"Coles Catalogue July 30 - August 5, 2025 VIC METRO",2025-07-30,2025-08-06,8,Pine O Cleen Platinum Anti-Bacterial Laundry,13.0,26.0,13.0,50.0,half_price,,$6.50 per litre,SAVES13 | WASS26 | Pine O Cleen Platinum | Anti-Bacterial Laundry | Sanitiser 2 Litre $6.50 per litre,88.67,False,,https://caau.syd1.cdn.digitaloceanspaces.com/wp-content/uploads/catalogue/coles/coles-catalogue-july-30-august-5-2025-vic-metro/8.jpg,https://www.catalogueau.com/coles/#catalogue=coles/coles-catalogue-july-30-august-5-2025-vic-metro/,save_was_arithmetic,displayed_price;save_was_arithmetic,2,verified
Coles,VIC METRO,"Coles Catalogue July 30 - August 5, 2025 VIC METRO",2025-07-30,2025-08-06,8,Fairy Platinum Dishwashing Tablets 52 Pack,23.0,46.0,23.0,50.0,half_price,52 Pack,$0.44 per each,Fairy Platinum Dishwashing | Tablets 52 Pack | $0.44 per each. | *See page 10 for T&Cs,96.36,True,offer_labels_missing;regular_and_save_inferred_from_half_price;inferred_price_requires_review,https://caau.syd1.cdn.digitaloceanspaces.com/wp-content/uploads/catalogue/coles/coles-catalogue-july-30-august-5-2025-vic-metro/8.jpg,https://www.catalogueau.com/coles/#catalogue=coles/coles-catalogue-july-30-august-5-2025-vic-metro/,displayed_price,displayed_price;grid_inference,1,review
Coles,VIC METRO,"Coles Catalogue July 30 - August 5, 2025 VIC METRO",2025-07-30,2025-08-06,9,Décor Vent & Seal Container 800mL,2.75,5.5,2.75,50.0,half_price,800mL,$2.75 per each,SAVES2.75 | WASS$5.50 | Décor Vent & Seal Container | 800mL $2.75 per each,95.08,False,,https://caau.syd1.cdn.digitaloceanspaces.com/wp-content/uploads/catalogue/coles/coles-catalogue-july-30-august-5-2025-vic-metro/9.jpg,https://www.catalogueau.com/coles/#catalogue=coles/coles-catalogue-july-30-august-5-2025-vic-metro/,save_was_arithmetic,displayed_price;save_was_arithmetic;unit_price,3,verified
Coles,VIC METRO,"Coles Catalogue July 30 - August 5, 2025 VIC METRO",2025-07-30,2025-08-06,9,Sistema Ultra Container 920mL,5.95,11.9,5.95,50.0,half_price,920mL,$5.95 per each,SAVE‘5.95 | ‘WASS11.90 | Sistema Ultra Container 920mL | $5.95 per each,93.55,False,,https://caau.syd1.cdn.digitaloceanspaces.com/wp-content/uploads/catalogue/coles/coles-catalogue-july-30-august-5-2025-vic-metro/9.jpg,https://www.catalogueau.com/coles/#catalogue=coles/coles-catalogue-july-30-august-5-2025-vic-metro/,save_was_arithmetic,displayed_price;save_was_arithmetic;unit_price,3,verified
Coles,VIC METRO,"Coles Catalogue July 30 - August 5, 2025 VIC METRO",2025-07-30,2025-08-06,9,Sistema Ultra Container 1.3 Litre,7.58,15.15,7.57,49.97,half_price,1.3 Litre,$7.50 per each,WAS$15.15 | WAS$15.15 | Sistema Ultra Container | 1.3 Litre $7.50 per each,96.34,True,inferred_price_requires_review,https://caau.syd1.cdn.digitaloceanspaces.com/wp-content/uploads/catalogue/coles/coles-catalogue-july-30-august-5-2025-vic-metro/9.jpg,https://www.catalogueau.com/coles/#catalogue=coles/coles-catalogue-july-30-august-5-2025-vic-metro/,unit_price,page_discount;unit_price,1,review
Coles,VIC METRO,"Coles Catalogue July 30 - August 5, 2025 VIC METRO",2025-07-30,2025-08-06,9,Décor Vent & Seal Container 500mL,2.25,4.5,2.25,50.0,half_price,500mL,$2.25 per each,SAVE52.25 | WAS $4.50 | Décor Vent & Seal Container | 500mL $2.25 per each,94.9,True,single_price_evidence,https://caau.syd1.cdn.digitaloceanspaces.com/wp-content/uploads/catalogue/coles/coles-catalogue-july-30-august-5-2025-vic-metro/9.jpg,https://www.catalogueau.com/coles/#catalogue=coles/coles-catalogue-july-30-august-5-2025-vic-metro/,unit_price,unit_price,1,review
Coles,VIC METRO,"Coles Catalogue July 30 - August 5, 2025 VIC METRO",2025-07-30,2025-08-06,9,Bic Mega Lighter 1 Each,5.0,10.0,5.0,50.0,half_price,,$5.00 per each,SAVESS | WASS10 | Bic Mega Lighter 1 Each | $5.00 per each,96.5,False,,https://caau.syd1.cdn.digitaloceanspaces.com/wp-content/uploads/catalogue/coles/coles-catalogue-july-30-august-5-2025-vic-metro/9.jpg,https://www.catalogueau.com/coles/#catalogue=coles/coles-catalogue-july-30-august-5-2025-vic-metro/,displayed_price,displayed_price;page_discount;unit_price,2,verified
Coles,VIC METRO,"Coles Catalogue July 30 - August 5, 2025 VIC METRO",2025-07-30,2025-08-06,9,Duracell Coppertop Batteries AA 16 Pack or AAA 14 Pack,13.75,27.5,13.75,50.0,half_price,16 Pack; 14 Pack,,SAVE513.75 | WAS$2750 | Duracell Coppertop Batteries | AA 16 Pack or AAA 14 Pack,94.35,True,single_price_evidence,https://caau.syd1.cdn.digitaloceanspaces.com/wp-content/uploads/catalogue/coles/coles-catalogue-july-30-august-5-2025-vic-metro/9.jpg,https://www.catalogueau.com/coles/#catalogue=coles/coles-catalogue-july-30-august-5-2025-vic-metro/,displayed_price,displayed_price,1,review
Coles,VIC METRO,"Coles Catalogue July 30 - August 5, 2025 VIC METRO",2025-07-30,2025-08-06,9,Cuddly Concentrate Fabric Conditioner 850mL,5.25,10.5,5.25,50.0,half_price,850mL,$6.18 per litre,SAVE%5.25 | WASS10.50 | Cuddly Concentrate Fabric | Conditioner 850mL | $6.18 per litre,94.56,False,,https://caau.syd1.cdn.digitaloceanspaces.com/wp-content/uploads/catalogue/coles/coles-catalogue-july-30-august-5-2025-vic-metro/9.jpg,https://www.catalogueau.com/coles/#catalogue=coles/coles-catalogue-july-30-august-5-2025-vic-metro/,save_was_arithmetic,save_was_arithmetic;unit_price,2,verified
Coles,VIC METRO,"Coles Catalogue July 30 - August 5, 2025 VIC METRO",2025-07-30,2025-08-06,9,Air Wick V.I.Poo Fruity Pin Up 55mL,5.75,11.5,5.75,50.0,half_price,55mL,$10.45 per 100mL,SAVE‘S.75 | WASS11.50 | Air Wick V.I.Poo Fruity Pin Up | 55mL $10.45 per 100mL,88.91,True,single_price_evidence,https://caau.syd1.cdn.digitaloceanspaces.com/wp-content/uploads/catalogue/coles/coles-catalogue-july-30-august-5-2025-vic-metro/9.jpg,https://www.catalogueau.com/coles/#catalogue=coles/coles-catalogue-july-30-august-5-2025-vic-metro/,unit_price,unit_price,1,review
Coles,VIC METRO,"Coles Catalogue July 30 - August 5, 2025 VIC METRO",2025-07-30,2025-08-06,9,Air Wick Pure Freshmatic Automatic Spray 157g,11.0,22.0,11.0,50.0,half_price,157g,$7.01 per 100g,SAVE*11 | WAS$22 | Air Wick Pure Freshmatic | Automatic Spray 157g | $7.01 per 100g,94.83,False,,https://caau.syd1.cdn.digitaloceanspaces.com/wp-content/uploads/catalogue/coles/coles-catalogue-july-30-august-5-2025-vic-metro/9.jpg,https://www.catalogueau.com/coles/#catalogue=coles/coles-catalogue-july-30-august-5-2025-vic-metro/,save_was_arithmetic,displayed_price;save_was_arithmetic;unit_price,3,verified
Coles,VIC METRO,"Coles Catalogue July 30 - August 5, 2025 VIC METRO",2025-07-30,2025-08-06,9,Offer valid from 30/7/25 to 5/8/25 and on and purchases via,20.0,,,,special,,,Offer valid from 30/7/25 to 5/8/25 and on | and purchases via | must present your F | NE | e includin: | different denominations of,95.46,True,offer_labels_missing;save_amount_missing;regular_price_missing;single_price_evidence,https://caau.syd1.cdn.digitaloceanspaces.com/wp-content/uploads/catalogue/coles/coles-catalogue-july-30-august-5-2025-vic-metro/9.jpg,https://www.catalogueau.com/coles/#catalogue=coles/coles-catalogue-july-30-august-5-2025-vic-metro/,displayed_price,displayed_price,1,review
Coles,VIC METRO,"Coles Catalogue July 30 - August 5, 2025 VIC METRO",2025-07-30,2025-08-06,11,Dare Flavoured Milk 750mL,4.3,5.4,1.1,20.37,save_amount,750mL,$5.73 per litre,SAVE ‘1.10 | WASS5.40 | Dare Flavoured Milk 750mL | $5.73 per litre,93.61,False,,https://caau.syd1.cdn.digitaloceanspaces.com/wp-content/uploads/catalogue/coles/coles-catalogue-july-30-august-5-2025-vic-metro/11.jpg,https://www.catalogueau.com/coles/#catalogue=coles/coles-catalogue-july-30-august-5-2025-vic-metro/,save_was_arithmetic,displayed_price;save_was_arithmetic;unit_price,3,verified
Coles,VIC METRO,"Coles Catalogue July 30 - August 5, 2025 VIC METRO",2025-07-30,2025-08-06,11,McCain Rustica Pizza 335g-450g,8.8,11.0,2.2,20.0,save_amount,335g; 450g,,SAVES2.20 | WASS11 | McCain Rustica Pizza | 335g-450g | 2,78.89,True,low_name_confidence_strict,https://caau.syd1.cdn.digitaloceanspaces.com/wp-content/uploads/catalogue/coles/coles-catalogue-july-30-august-5-2025-vic-metro/11.jpg,https://www.catalogueau.com/coles/#catalogue=coles/coles-catalogue-july-30-august-5-2025-vic-metro/,save_was_arithmetic,displayed_price;save_was_arithmetic,2,review
Coles,VIC METRO,"Coles Catalogue July 30 - August 5, 2025 VIC METRO",2025-07-30,2025-08-06,11,Danone YoPro Perform Protein Yoghurt Pot or Pouch 175g,2.95,3.7,0.75,20.27,save_amount,175g,$1.69 per 100g,SAVE 75° | WAS$3.70 | Danone YoPro Perform Protein | Yoghurt Pot or Pouch 175g | $1.69 per 100g | a | 2,95.28,False,,https://caau.syd1.cdn.digitaloceanspaces.com/wp-content/uploads/catalogue/coles/coles-catalogue-july-30-august-5-2025-vic-metro/11.jpg,https://www.catalogueau.com/coles/#catalogue=coles/coles-catalogue-july-30-august-5-2025-vic-metro/,displayed_price,displayed_price;unit_price,2,verified
Coles,VIC METRO,"Coles Catalogue July 30 - August 5, 2025 VIC METRO",2025-07-30,2025-08-06,11,Fanta or Sprite Soft Drink 1.25 Litre,2.4,4.0,1.6,40.0,save_amount,1.25 Litre,$1.92 per litre,SAVES1.60 | Fanta or Sprite Soft Drink | 1.25 Litre $1.92 per litre | a | t= | —,96.28,False,,https://caau.syd1.cdn.digitaloceanspaces.com/wp-content/uploads/catalogue/coles/coles-catalogue-july-30-august-5-2025-vic-metro/11.jpg,https://www.catalogueau.com/coles/#catalogue=coles/coles-catalogue-july-30-august-5-2025-vic-metro/,displayed_price,displayed_price;unit_price,2,verified
Coles,VIC METRO,"Coles Catalogue July 30 - August 5, 2025 VIC METRO",2025-07-30,2025-08-06,11,MasterFoods Squeeze Tomato or Barbecue Sauce 475mL-500mL,2.5,4.2,1.7,40.48,save_amount,475mL; 500mL,,SAVE$1.70 | WASS4.20 | MasterFoods Squeeze Tomato or | Barbecue Sauce 475mL-500mL | a,93.91,True,single_price_evidence,https://caau.syd1.cdn.digitaloceanspaces.com/wp-content/uploads/catalogue/coles/coles-catalogue-july-30-august-5-2025-vic-metro/11.jpg,https://www.catalogueau.com/coles/#catalogue=coles/coles-catalogue-july-30-august-5-2025-vic-metro/,save_was_arithmetic,save_was_arithmetic,1,review
Coles,VIC METRO,"Coles Catalogue July 30 - August 5, 2025 VIC METRO",2025-07-30,2025-08-06,11,Moccona Freeze Dried Instant Coffee 200g,16.5,23.6,7.1,30.08,save_amount,200g,$8.25 per 100g,SAVE‘710 | WASS23.60 | Moccona Freeze Dried Instant | Coffee 200g $8.25 per 100g. | 2nd week on sale | VIC-METRO-3007-25-440313,95.74,False,,https://caau.syd1.cdn.digitaloceanspaces.com/wp-content/uploads/catalogue/coles/coles-catalogue-july-30-august-5-2025-vic-metro/11.jpg,https://www.catalogueau.com/coles/#catalogue=coles/coles-catalogue-july-30-august-5-2025-vic-metro/,displayed_price,displayed_price;unit_price,2,verified
Coles,VIC METRO,"Coles Catalogue July 30 - August 5, 2025 VIC METRO",2025-07-30,2025-08-06,11,Fairy Platinum Dishwashing Tablets 52 Pack,23.0,46.0,23.0,50.0,half_price,52 Pack,$0.44 per each,SAVE523 | WASS46 | Fairy Platinum Dishwashing | Tablets 52 Pack $0.44 per each | *See page 10 for T&Cs | 11,96.61,True,single_price_evidence,https://caau.syd1.cdn.digitaloceanspaces.com/wp-content/uploads/catalogue/coles/coles-catalogue-july-30-august-5-2025-vic-metro/11.jpg,https://www.catalogueau.com/coles/#catalogue=coles/coles-catalogue-july-30-august-5-2025-vic-metro/,displayed_price,displayed_price,1,review
Coles,VIC METRO,"Coles Catalogue July 30 - August 5, 2025 VIC METRO",2025-07-30,2025-08-06,11,Felix Cat Food 12x85g,10.0,14.5,4.5,31.03,save_amount,12x85g,$0.98 per 100g,SAVE%4.50 | ‘WASS14.50 | Felix Cat Food 12x85g | $0.98 per 100g,94.53,False,,https://caau.syd1.cdn.digitaloceanspaces.com/wp-content/uploads/catalogue/coles/coles-catalogue-july-30-august-5-2025-vic-metro/11.jpg,https://www.catalogueau.com/coles/#catalogue=coles/coles-catalogue-july-30-august-5-2025-vic-metro/,save_was_arithmetic,displayed_price;save_was_arithmetic;unit_price,3,verified
Coles,VIC METRO,"Coles Catalogue July 30 - August 5, 2025 VIC METRO",2025-07-30,2025-08-06,12,Coles Australian Pork Leg Roast Boneless,9.0,125.0,116.0,92.8,save_amount,,$9.00 per kg,‘WASS 125 | ‘WASS 125 | Coles Australian Pork Leg Roast Boneless | $9.00 per kg. On sale for 2 weeks | VIC-METRO-3007-25-440313,96.12,True,single_price_evidence,https://caau.syd1.cdn.digitaloceanspaces.com/wp-content/uploads/catalogue/coles/coles-catalogue-july-30-august-5-2025-vic-metro/12.jpg,https://www.catalogueau.com/coles/#catalogue=coles/coles-catalogue-july-30-august-5-2025-vic-metro/,displayed_price,displayed_price,1,review
Coles,VIC METRO,"Coles Catalogue July 30 - August 5, 2025 VIC METRO",2025-07-30,2025-08-06,13,Coles Australian No Added Hormones Beef Chuck Casserole Steak 850g,12.0,15.0,3.0,20.0,save_amount,850g,$14.12 per kg,WASS15 | WASS15 | Coles Australian No Added | Hormones Beef Chuck Casserole | Steak 850g $14.12 per kg,95.94,False,,https://caau.syd1.cdn.digitaloceanspaces.com/wp-content/uploads/catalogue/coles/coles-catalogue-july-30-august-5-2025-vic-metro/13.jpg,https://www.catalogueau.com/coles/#catalogue=coles/coles-catalogue-july-30-august-5-2025-vic-metro/,displayed_price,displayed_price;unit_price,2,verified
Coles,VIC METRO,"Coles Catalogue July 30 - August 5, 2025 VIC METRO",2025-07-30,2025-08-06,13,Coles Finest Sausages 450g-500g 2nd week,8.0,9.0,1.0,11.11,save_amount,450g; 500g,,WASS9 | WASS9 | Coles Finest Sausages | 450g-500g 2nd week on sale,95.43,True,single_price_evidence,https://caau.syd1.cdn.digitaloceanspaces.com/wp-content/uploads/catalogue/coles/coles-catalogue-july-30-august-5-2025-vic-metro/13.jpg,https://www.catalogueau.com/coles/#catalogue=coles/coles-catalogue-july-30-august-5-2025-vic-metro/,displayed_price,displayed_price,1,review
Coles,VIC METRO,"Coles Catalogue July 30 - August 5, 2025 VIC METRO",2025-07-30,2025-08-06,13,Coles Australian Lamb Loin Chops,2.4,3.0,0.6,20.0,save_amount,,$24.00 per kg,Coles Australian Lamb Loin Chops | $24.00 per kg. | On sale for 2 weeks | ay | is,95.88,True,offer_labels_missing;single_price_evidence,https://caau.syd1.cdn.digitaloceanspaces.com/wp-content/uploads/catalogue/coles/coles-catalogue-july-30-august-5-2025-vic-metro/13.jpg,https://www.catalogueau.com/coles/#catalogue=coles/coles-catalogue-july-30-august-5-2025-vic-metro/,unknown,,0,review
Coles,VIC METRO,"Coles Catalogue July 30 - August 5, 2025 VIC METRO",2025-07-30,2025-08-06,13,Coles Australian Pork Forequarter Cutlets 800g,10.5,12.0,1.5,12.5,save_amount,800g,$13.13 per kg,WASS$12 | WASS$12 | Coles Australian Pork Forequarter | Cutlets 800g $13.13 per kg. | On sale for 2 weeks,95.2,True,single_price_evidence,https://caau.syd1.cdn.digitaloceanspaces.com/wp-content/uploads/catalogue/coles/coles-catalogue-july-30-august-5-2025-vic-metro/13.jpg,https://www.catalogueau.com/coles/#catalogue=coles/coles-catalogue-july-30-august-5-2025-vic-metro/,unit_price,unit_price,1,review
Coles,VIC METRO,"Coles Catalogue July 30 - August 5, 2025 VIC METRO",2025-07-30,2025-08-06,13,Coles RSPCA Approved Chicken Boneless Herb & Garlic 1kg,11.5,13.0,1.5,11.54,save_amount,1kg,$11.50 per kg,WASS13 | WASS13 | Coles RSPCA Approved Chicken | Boneless Herb & Garlic 1kg | $11.50 per kg. On sale for 2 weeks | —,94.92,False,,https://caau.syd1.cdn.digitaloceanspaces.com/wp-content/uploads/catalogue/coles/coles-catalogue-july-30-august-5-2025-vic-metro/13.jpg,https://www.catalogueau.com/coles/#catalogue=coles/coles-catalogue-july-30-august-5-2025-vic-metro/,displayed_price,displayed_price;unit_price,2,verified
Coles,VIC METRO,"Coles Catalogue July 30 - August 5, 2025 VIC METRO",2025-07-30,2025-08-06,13,Coles Made Easy Slow Cooked Lamb Shanks in Red Wine Sauce 900g,14.0,,,,special,900g,$15.56 per kg,Coles Made Easy Slow Cooked | Lamb Shanks in Red Wine Sauce | 900g $15.56 per kg,96.12,False,,https://caau.syd1.cdn.digitaloceanspaces.com/wp-content/uploads/catalogue/coles/coles-catalogue-july-30-august-5-2025-vic-metro/13.jpg,https://www.catalogueau.com/coles/#catalogue=coles/coles-catalogue-july-30-august-5-2025-vic-metro/,displayed_price,displayed_price;unit_price,2,verified
Coles,VIC METRO,"Coles Catalogue July 30 - August 5, 2025 VIC METRO",2025-07-30,2025-08-06,14,Tassal Hot Smoked Salmon Natural or Peppercorn 150g,11.0,13.0,2.0,15.38,save_amount,150g,$73.33 per kg,WASS13 | WASS13 | Tassal Hot Smoked Salmon Natural or Peppercorn | 150g $73.33 per kg | Yo | =a | $3,95.52,True,single_price_evidence,https://caau.syd1.cdn.digitaloceanspaces.com/wp-content/uploads/catalogue/coles/coles-catalogue-july-30-august-5-2025-vic-metro/14.jpg,https://www.catalogueau.com/coles/#catalogue=coles/coles-catalogue-july-30-august-5-2025-vic-metro/,unit_price,unit_price,1,review
Coles,VIC METRO,"Coles Catalogue July 30 - August 5, 2025 VIC METRO",2025-07-30,2025-08-06,14,Hans Twiggy Sticks 500:,11.0,16.0,5.0,31.25,save_amount,,$22.00 per kg,WASS16 | WASS16 | Hans Twiggy Sticks 500: | $22.00 per kg. Selected stores only*. 2nd week on sale | SS,96.38,True,single_price_evidence,https://caau.syd1.cdn.digitaloceanspaces.com/wp-content/uploads/catalogue/coles/coles-catalogue-july-30-august-5-2025-vic-metro/14.jpg,https://www.catalogueau.com/coles/#catalogue=coles/coles-catalogue-july-30-august-5-2025-vic-metro/,displayed_price,displayed_price,1,review
Coles,VIC METRO,"Coles Catalogue July 30 - August 5, 2025 VIC METRO",2025-07-30,2025-08-06,14,Primo Middle Bacon,14.2,19.0,4.8,25.26,save_amount,,$14.50 per kg,Primo Middle Bacon | $14.50 per kg. Selected stores | only*. 2nd week on sale. | *See page 10 forT&Cs,96.36,True,offer_labels_missing;single_price_evidence,https://caau.syd1.cdn.digitaloceanspaces.com/wp-content/uploads/catalogue/coles/coles-catalogue-july-30-august-5-2025-vic-metro/14.jpg,https://www.catalogueau.com/coles/#catalogue=coles/coles-catalogue-july-30-august-5-2025-vic-metro/,unknown,,0,review
Coles,VIC METRO,"Coles Catalogue July 30 - August 5, 2025 VIC METRO",2025-07-30,2025-08-06,14,Bertocchi Triple Smoked Leg Ham,30.0,37.5,7.5,20.0,save_amount,,$30.00 per kg,WAS$37.50ig | WAS$37.50ig | Bertocchi Triple Smoked Leg Ham | $30.00 per kg. Selected stores only*. | On sale for 2 weeks | (es | “,93.58,True,single_price_evidence,https://caau.syd1.cdn.digitaloceanspaces.com/wp-content/uploads/catalogue/coles/coles-catalogue-july-30-august-5-2025-vic-metro/14.jpg,https://www.catalogueau.com/coles/#catalogue=coles/coles-catalogue-july-30-august-5-2025-vic-metro/,displayed_price,displayed_price,1,review
Coles,VIC METRO,"Coles Catalogue July 30 - August 5, 2025 VIC METRO",2025-07-30,2025-08-06,14,Don Kabana,3.3,4.5,1.2,26.67,save_amount,,$3.30 per each,WASS4.50 | WASS4.50 | Don Kabana | $3.30 per each. Selected stores only*,91.26,True,single_price_evidence,https://caau.syd1.cdn.digitaloceanspaces.com/wp-content/uploads/catalogue/coles/coles-catalogue-july-30-august-5-2025-vic-metro/14.jpg,https://www.catalogueau.com/coles/#catalogue=coles/coles-catalogue-july-30-august-5-2025-vic-metro/,unit_price,unit_price,1,review
Coles,VIC METRO,"Coles Catalogue July 30 - August 5, 2025 VIC METRO",2025-07-30,2025-08-06,15,Mighty Soft Raisin Toast 600g,3.7,7.4,3.7,50.0,half_price,600g,$0.62 per 100g,~ SAVES3.70 | WASS$7.40 | Mighty Soft Raisin Toast 600g | $0.62 per 100g. On sale for 2 weeks | i> §,96.58,False,,https://caau.syd1.cdn.digitaloceanspaces.com/wp-content/uploads/catalogue/coles/coles-catalogue-july-30-august-5-2025-vic-metro/15.jpg,https://www.catalogueau.com/coles/#catalogue=coles/coles-catalogue-july-30-august-5-2025-vic-metro/,save_was_arithmetic,save_was_arithmetic;unit_price,2,verified
Coles,VIC METRO,"Coles Catalogue July 30 - August 5, 2025 VIC METRO",2025-07-30,2025-08-06,15,Mr Kipling Cakes 150g-165g gs,3.0,6.0,3.0,50.0,half_price,150g; 165g,,SAVES3 | WASS6 | Mr Kipling Cakes 150g-165g | gs | age | fa | om,60.34,True,low_name_confidence_strict,https://caau.syd1.cdn.digitaloceanspaces.com/wp-content/uploads/catalogue/coles/coles-catalogue-july-30-august-5-2025-vic-metro/15.jpg,https://www.catalogueau.com/coles/#catalogue=coles/coles-catalogue-july-30-august-5-2025-vic-metro/,save_was_arithmetic,displayed_price;save_was_arithmetic,2,review
Coles,VIC METRO,"Coles Catalogue July 30 - August 5, 2025 VIC METRO",2025-07-30,2025-08-06,15,Coles Bakery Pizza Rolls 2 Pack,3.0,4.15,1.15,27.71,save_amount,2 Pack,$1.50 per each,SAVES1.15 | WAS$4.15 | Coles Bakery Pizza Rolls 2 Pack | $1.50 per each. | Selected stores only | F=|,96.52,False,,https://caau.syd1.cdn.digitaloceanspaces.com/wp-content/uploads/catalogue/coles/coles-catalogue-july-30-august-5-2025-vic-metro/15.jpg,https://www.catalogueau.com/coles/#catalogue=coles/coles-catalogue-july-30-august-5-2025-vic-metro/,save_was_arithmetic,displayed_price;save_was_arithmetic;unit_price,3,verified
Coles,VIC METRO,"Coles Catalogue July 30 - August 5, 2025 VIC METRO",2025-07-30,2025-08-06,15,Coles Bakery Iced Donuts 6 Pack,3.25,3.8,0.55,14.47,save_amount,6 Pack,$0.54 per each,SAVE55¢ | WAS$3.80 | Coles Bakery Iced Donuts 6 Pack | $0.54 per each. | Selected stores only,96.23,False,,https://caau.syd1.cdn.digitaloceanspaces.com/wp-content/uploads/catalogue/coles/coles-catalogue-july-30-august-5-2025-vic-metro/15.jpg,https://www.catalogueau.com/coles/#catalogue=coles/coles-catalogue-july-30-august-5-2025-vic-metro/,displayed_price,displayed_price;unit_price,2,verified
Coles,VIC METRO,"Coles Catalogue July 30 - August 5, 2025 VIC METRO",2025-07-30,2025-08-06,15,Coles Bakery Cookies 24 Pack,5.5,6.5,1.0,15.38,save_amount,24 Pack,$0.23 per each,SAVES1 | WAS$6.50 | Coles Bakery Cookies 24 Pack | $0.23 per each. | Selected stores only | > | “F | ee,96.35,False,,https://caau.syd1.cdn.digitaloceanspaces.com/wp-content/uploads/catalogue/coles/coles-catalogue-july-30-august-5-2025-vic-metro/15.jpg,https://www.catalogueau.com/coles/#catalogue=coles/coles-catalogue-july-30-august-5-2025-vic-metro/,save_was_arithmetic,displayed_price;save_was_arithmetic,2,verified
Coles,VIC METRO,"Coles Catalogue July 30 - August 5, 2025 VIC METRO",2025-07-30,2025-08-06,15,Tip Top Pizza Bases 2 Pack 440g,4.5,6.6,2.1,31.82,save_amount,2 Pack; 440g,$1.02 per 100g,WAS $6.60 | WAS $6.60 | JUN 2025 | Tip Top Pizza Bases 2 Pack 440g | $1.02 per 100g,96.5,False,,https://caau.syd1.cdn.digitaloceanspaces.com/wp-content/uploads/catalogue/coles/coles-catalogue-july-30-august-5-2025-vic-metro/15.jpg,https://www.catalogueau.com/coles/#catalogue=coles/coles-catalogue-july-30-august-5-2025-vic-metro/,displayed_price,displayed_price;unit_price,2,verified
Coles,VIC METRO,"Coles Catalogue July 30 - August 5, 2025 VIC METRO",2025-07-30,2025-08-06,15,Coles Finest by Laurent Sourdough Vienna or Cob,6.25,7.0,0.75,10.71,save_amount,,$6.25 per each,WAS $7 | WAS $7 | JUN 2025 | Coles Finest by Laurent Sourdough | Vienna or Cob $6.25 per each. | Selected stores only | AN EM,96.25,False,,https://caau.syd1.cdn.digitaloceanspaces.com/wp-content/uploads/catalogue/coles/coles-catalogue-july-30-august-5-2025-vic-metro/15.jpg,https://www.catalogueau.com/coles/#catalogue=coles/coles-catalogue-july-30-august-5-2025-vic-metro/,displayed_price,displayed_price;unit_price,2,verified
Coles,VIC METRO,"Coles Catalogue July 30 - August 5, 2025 VIC METRO",2025-07-30,2025-08-06,15,Coles Bakery Soft Wraps 8 Pack 360g,2.2,,,,down_down,8 Pack; 360g,$0.61 per 100g,WN DOWN | 2.40 | 2025 | Coles Bakery Soft Wraps 8 Pack | 360g $0.61 per 100g,96.61,True,save_amount_missing;regular_price_missing;single_price_evidence,https://caau.syd1.cdn.digitaloceanspaces.com/wp-content/uploads/catalogue/coles/coles-catalogue-july-30-august-5-2025-vic-metro/15.jpg,https://www.catalogueau.com/coles/#catalogue=coles/coles-catalogue-july-30-august-5-2025-vic-metro/,unit_price,unit_price,1,review
Coles,VIC METRO,"Coles Catalogue July 30 - August 5, 2025 VIC METRO",2025-07-30,2025-08-06,15,Coles All Butter Croissants 3 Pack or 4 Pack,2.0,,,,special,3 Pack; 4 Pack,,Coles All Butter Croissants | 3 Pack or 4 Pack | 15,96.04,True,offer_labels_missing;save_amount_missing;regular_price_missing;single_price_evidence,https://caau.syd1.cdn.digitaloceanspaces.com/wp-content/uploads/catalogue/coles/coles-catalogue-july-30-august-5-2025-vic-metro/15.jpg,https://www.catalogueau.com/coles/#catalogue=coles/coles-catalogue-july-30-august-5-2025-vic-metro/,displayed_price,displayed_price,1,review
Coles,VIC METRO,"Coles Catalogue July 30 - August 5, 2025 VIC METRO",2025-07-30,2025-08-06,15,Helga's Bread 650g-850g,5.0,,,,special,650g; 850g,,Helga's Bread 650g-850g,92.26,True,offer_labels_missing;save_amount_missing;regular_price_missing;single_price_evidence,https://caau.syd1.cdn.digitaloceanspaces.com/wp-content/uploads/catalogue/coles/coles-catalogue-july-30-august-5-2025-vic-metro/15.jpg,https://www.catalogueau.com/coles/#catalogue=coles/coles-catalogue-july-30-august-5-2025-vic-metro/,displayed_price,displayed_price,1,review
Coles,VIC METRO,"Coles Catalogue July 30 - August 5, 2025 VIC METRO",2025-07-30,2025-08-06,16,‘Aust Australian Packham Pears,3.5,,,,special,,$3.50 per kg,‘Aust | Australian Packham Pears | $3.50 per kg | kg | VIC-METRO-3007-25-440313,76.21,True,offer_labels_missing;save_amount_missing;regular_price_missing;low_name_confidence_strict;single_price_evidence,https://caau.syd1.cdn.digitaloceanspaces.com/wp-content/uploads/catalogue/coles/coles-catalogue-july-30-august-5-2025-vic-metro/16.jpg,https://www.catalogueau.com/coles/#catalogue=coles/coles-catalogue-july-30-august-5-2025-vic-metro/,unknown,,0,review
Coles,VIC METRO,"Coles Catalogue July 30 - August 5, 2025 VIC METRO",2025-07-30,2025-08-06,16,Green Kiwifruit Single sell,4.0,,,,special,,,Green Kiwifruit | Single sell $0.90 each: | $0.80 each wen you buy 5 | 0.80 | 16,79.0,True,offer_labels_missing;save_amount_missing;regular_price_missing;low_name_confidence_strict;single_price_evidence,https://caau.syd1.cdn.digitaloceanspaces.com/wp-content/uploads/catalogue/coles/coles-catalogue-july-30-august-5-2025-vic-metro/16.jpg,https://www.catalogueau.com/coles/#catalogue=coles/coles-catalogue-july-30-august-5-2025-vic-metro/,displayed_price,displayed_price,1,review
Coles,VIC METRO,"Coles Catalogue July 30 - August 5, 2025 VIC METRO",2025-07-30,2025-08-06,17,"Coles Dry Roasted, Natural or Smoked Almonds 400g Pack",8.0,10.0,2.0,20.0,save_amount,400g,$20.00 per kg,"WASS10 | WASS10 | Coles Dry Roasted, Natural or | Smoked Almonds 400g Pack | $20.00 per kg | ==",96.2,False,,https://caau.syd1.cdn.digitaloceanspaces.com/wp-content/uploads/catalogue/coles/coles-catalogue-july-30-august-5-2025-vic-metro/17.jpg,https://www.catalogueau.com/coles/#catalogue=coles/coles-catalogue-july-30-august-5-2025-vic-metro/,displayed_price,displayed_price;unit_price,2,verified
Coles,VIC METRO,"Coles Catalogue July 30 - August 5, 2025 VIC METRO",2025-07-30,2025-08-06,17,Australian Kent Pumpkin,2.0,,,,special,,$2.00 per kg,Australian Kent Pumpkin | $2.00 per kg,95.88,True,offer_labels_missing;save_amount_missing;regular_price_missing;single_price_evidence,https://caau.syd1.cdn.digitaloceanspaces.com/wp-content/uploads/catalogue/coles/coles-catalogue-july-30-august-5-2025-vic-metro/17.jpg,https://www.catalogueau.com/coles/#catalogue=coles/coles-catalogue-july-30-august-5-2025-vic-metro/,displayed_price,displayed_price,1,review
Coles,VIC METRO,"Coles Catalogue July 30 - August 5, 2025 VIC METRO",2025-07-30,2025-08-06,17,Coles Australian Red Onions 1kg Bag,3.9,,,,special,1kg,$3.90 per kg,Coles Australian Red Onions 1kg Bag | $3.90 per kg | oe,93.18,False,,https://caau.syd1.cdn.digitaloceanspaces.com/wp-content/uploads/catalogue/coles/coles-catalogue-july-30-august-5-2025-vic-metro/17.jpg,https://www.catalogueau.com/coles/#catalogue=coles/coles-catalogue-july-30-august-5-2025-vic-metro/,displayed_price,displayed_price;unit_price,2,verified
Coles,VIC METRO,"Coles Catalogue July 30 - August 5, 2025 VIC METRO",2025-07-30,2025-08-06,17,Coles Kitchen Baby Potatoes Herb Butter 400g Pack,4.5,,,,special,400g,$11.25 per kg,Coles Kitchen Baby Potatoes | Herb Butter 400g Pack | $11.25 per kg,96.47,False,,https://caau.syd1.cdn.digitaloceanspaces.com/wp-content/uploads/catalogue/coles/coles-catalogue-july-30-august-5-2025-vic-metro/17.jpg,https://www.catalogueau.com/coles/#catalogue=coles/coles-catalogue-july-30-august-5-2025-vic-metro/,displayed_price,displayed_price;unit_price,2,verified
Coles,VIC METRO,"Coles Catalogue July 30 - August 5, 2025 VIC METRO",2025-07-30,2025-08-06,17,Australian Afourer Mandarins,3.5,,,,special,,$3.50 per kg,Australian Afourer Mandarins | $3.50 per kg,91.54,True,offer_labels_missing;save_amount_missing;regular_price_missing;single_price_evidence,https://caau.syd1.cdn.digitaloceanspaces.com/wp-content/uploads/catalogue/coles/coles-catalogue-july-30-august-5-2025-vic-metro/17.jpg,https://www.catalogueau.com/coles/#catalogue=coles/coles-catalogue-july-30-august-5-2025-vic-metro/,unknown,,0,review
Coles,VIC METRO,"Coles Catalogue July 30 - August 5, 2025 VIC METRO",2025-07-30,2025-08-06,17,Coles Australian Organic Baby Beetroot 280g Pack,4.48,,,,special,280g,$16.00 per kg,Coles Australian Organic Baby Beetroot | 280g Pack $16.00 per kg | ==,79.0,True,low_name_confidence_strict;single_price_evidence,https://caau.syd1.cdn.digitaloceanspaces.com/wp-content/uploads/catalogue/coles/coles-catalogue-july-30-august-5-2025-vic-metro/17.jpg,https://www.catalogueau.com/coles/#catalogue=coles/coles-catalogue-july-30-august-5-2025-vic-metro/,unit_price,unit_price,1,review
Coles,VIC METRO,"Coles Catalogue July 30 - August 5, 2025 VIC METRO",2025-07-30,2025-08-06,18,Muscle Nation High Protein Choc Brownie Bar 70g,4.4,5.5,1.1,20.0,save_amount,70g,$6.29 per 100g,SAVE51.10 | WAS$5.50 | Muscle Nation High Protein Choc Brownie | Bar 70g $6.29 per 100g,79.0,True,low_name_confidence_strict,https://caau.syd1.cdn.digitaloceanspaces.com/wp-content/uploads/catalogue/coles/coles-catalogue-july-30-august-5-2025-vic-metro/18.jpg,https://www.catalogueau.com/coles/#catalogue=coles/coles-catalogue-july-30-august-5-2025-vic-metro/,displayed_price,displayed_price;unit_price,2,review
Coles,VIC METRO,"Coles Catalogue July 30 - August 5, 2025 VIC METRO",2025-07-30,2025-08-06,18,Moccona Liquid Espresso Concentrate Coffee 8 Pack,4.3,8.6,4.3,50.0,half_price,8 Pack,$0.54 per each,SAVE54.30 | WASS$8.60 | Moccona Liquid Espresso Concentrate Coffee | 8 Pack $0.54 per each. *See page 10 forT&Cs,91.29,True,single_price_evidence,https://caau.syd1.cdn.digitaloceanspaces.com/wp-content/uploads/catalogue/coles/coles-catalogue-july-30-august-5-2025-vic-metro/18.jpg,https://www.catalogueau.com/coles/#catalogue=coles/coles-catalogue-july-30-august-5-2025-vic-metro/,unit_price,unit_price,1,review
Coles,VIC METRO,"Coles Catalogue July 30 - August 5, 2025 VIC METRO",2025-07-30,2025-08-06,18,Fibre One Cookies & Creme Squares 120g,4.7,6.9,2.2,31.88,save_amount,120g,$3.92 per 100g,SAVES2.20 | WAS$6.90 | Fibre One Cookies & Creme Squares | 120g $3.92 per 100g,95.98,False,,https://caau.syd1.cdn.digitaloceanspaces.com/wp-content/uploads/catalogue/coles/coles-catalogue-july-30-august-5-2025-vic-metro/18.jpg,https://www.catalogueau.com/coles/#catalogue=coles/coles-catalogue-july-30-august-5-2025-vic-metro/,save_was_arithmetic,save_was_arithmetic;unit_price,2,verified
Coles,VIC METRO,"Coles Catalogue July 30 - August 5, 2025 VIC METRO",2025-07-30,2025-08-06,18,Noshu Low Carb Indulgence Pistachio Bars 160g,6.2,8.9,2.7,30.34,save_amount,160g,$3.88 per 100g,SAVE‘2.70 | WAS$8.90 | Noshu Low Carb Indulgence Pistachio | Bars 160g $3.88 per 100g | k | a,96.15,False,,https://caau.syd1.cdn.digitaloceanspaces.com/wp-content/uploads/catalogue/coles/coles-catalogue-july-30-august-5-2025-vic-metro/18.jpg,https://www.catalogueau.com/coles/#catalogue=coles/coles-catalogue-july-30-august-5-2025-vic-metro/,save_was_arithmetic,displayed_price;save_was_arithmetic;unit_price,3,verified
Coles,VIC METRO,"Coles Catalogue July 30 - August 5, 2025 VIC METRO",2025-07-30,2025-08-06,18,Remedy Ginger Beer 4x250mL,6.65,9.5,2.85,30.0,save_amount,4x250mL,$6.65 per litre,SAVE52.85 | WAS$9.50_ | Remedy Ginger Beer 4x250mL | $6.65 per litre | VIC-METRO-3007-25-440313,94.28,True,single_price_evidence,https://caau.syd1.cdn.digitaloceanspaces.com/wp-content/uploads/catalogue/coles/coles-catalogue-july-30-august-5-2025-vic-metro/18.jpg,https://www.catalogueau.com/coles/#catalogue=coles/coles-catalogue-july-30-august-5-2025-vic-metro/,unit_price,unit_price,1,review
Coles,VIC METRO,"Coles Catalogue July 30 - August 5, 2025 VIC METRO",2025-07-30,2025-08-06,18,Dove Advanced Body Wash 700mL,22.0,44.0,22.0,50.0,half_price,700mL,$1.57 per 100mL,SAVE 22 | Dove Advanced Body Wash 700mL | $1.57 per 100mL | 18,95.15,True,unit_price_conflict;single_price_evidence,https://caau.syd1.cdn.digitaloceanspaces.com/wp-content/uploads/catalogue/coles/coles-catalogue-july-30-august-5-2025-vic-metro/18.jpg,https://www.catalogueau.com/coles/#catalogue=coles/coles-catalogue-july-30-august-5-2025-vic-metro/,displayed_price,displayed_price,1,review
Coles,VIC METRO,"Coles Catalogue July 30 - August 5, 2025 VIC METRO",2025-07-30,2025-08-06,18,VIC-METRO-3007-25-440313,6.65,9.5,2.85,30.0,save_amount,,$6.65 per litre,$6.65 per litre | VIC-METRO-3007-25-440313,91.72,True,offer_labels_missing;single_price_evidence,https://caau.syd1.cdn.digitaloceanspaces.com/wp-content/uploads/catalogue/coles/coles-catalogue-july-30-august-5-2025-vic-metro/18.jpg,https://www.catalogueau.com/coles/#catalogue=coles/coles-catalogue-july-30-august-5-2025-vic-metro/,displayed_price,displayed_price,1,review
Coles,VIC METRO,"Coles Catalogue July 30 - August 5, 2025 VIC METRO",2025-07-30,2025-08-06,19,Haribo 140g-150g #,2.0,4.0,2.0,50.0,half_price,140g; 150g,,SAVE‘2 | WASS4 | Haribo 140g-150g | #,47.47,True,low_ocr_confidence;low_name_confidence_strict,https://caau.syd1.cdn.digitaloceanspaces.com/wp-content/uploads/catalogue/coles/coles-catalogue-july-30-august-5-2025-vic-metro/19.jpg,https://www.catalogueau.com/coles/#catalogue=coles/coles-catalogue-july-30-august-5-2025-vic-metro/,save_was_arithmetic,displayed_price;save_was_arithmetic,2,review
Coles,VIC METRO,"Coles Catalogue July 30 - August 5, 2025 VIC METRO",2025-07-30,2025-08-06,19,The Natural Confectionery Co. 130g-230g or Sour Patch 190g,2.5,5.0,2.5,50.0,half_price,130g; 230g; 190g,,SAVES2.50 | WASS$5 | The Natural Confectionery Co. 130g-230g | or Sour Patch 190g,95.15,True,single_price_evidence,https://caau.syd1.cdn.digitaloceanspaces.com/wp-content/uploads/catalogue/coles/coles-catalogue-july-30-august-5-2025-vic-metro/19.jpg,https://www.catalogueau.com/coles/#catalogue=coles/coles-catalogue-july-30-august-5-2025-vic-metro/,save_was_arithmetic,save_was_arithmetic,1,review
Coles,VIC METRO,"Coles Catalogue July 30 - August 5, 2025 VIC METRO",2025-07-30,2025-08-06,19,Bhuja Mix 140g-160g or Infuzions Veggie Straws 90g,3.0,4.3,1.3,30.23,save_amount,140g; 160g; 90g,,SAVE*1.30 | WASS$4.30 | Bhuja Mix 140g-160g or | Infuzions Veggie Straws 90g | + ARNOTT | ARI | alad,93.5,False,,https://caau.syd1.cdn.digitaloceanspaces.com/wp-content/uploads/catalogue/coles/coles-catalogue-july-30-august-5-2025-vic-metro/19.jpg,https://www.catalogueau.com/coles/#catalogue=coles/coles-catalogue-july-30-august-5-2025-vic-metro/,save_was_arithmetic,displayed_price;save_was_arithmetic,2,verified
Coles,VIC METRO,"Coles Catalogue July 30 - August 5, 2025 VIC METRO",2025-07-30,2025-08-06,19,Arnott's Salada or Cruskits Crispbreads 125g-250g,2.0,4.0,2.0,50.0,half_price,125g; 250g,,SAVES | WASS4 | Arnott's Salada or Cruskits | Crispbreads 125g-250g,92.47,True,inferred_price_requires_review,https://caau.syd1.cdn.digitaloceanspaces.com/wp-content/uploads/catalogue/coles/coles-catalogue-july-30-august-5-2025-vic-metro/19.jpg,https://www.catalogueau.com/coles/#catalogue=coles/coles-catalogue-july-30-august-5-2025-vic-metro/,page_discount_inference,page_discount,0,review
Coles,VIC METRO,"Coles Catalogue July 30 - August 5, 2025 VIC METRO",2025-07-30,2025-08-06,19,Arnott's Cheds or Country Cheese Crackers 250g,3.5,4.5,1.0,22.22,save_amount,250g,$1.40 per 100g,"SAVE*1 | WASS4.50 | Arnott's Cheds or Country | Cheese Crackers 250g | $1.40 per 100g | ‘ALW,",79.0,True,low_name_confidence_strict,https://caau.syd1.cdn.digitaloceanspaces.com/wp-content/uploads/catalogue/coles/coles-catalogue-july-30-august-5-2025-vic-metro/19.jpg,https://www.catalogueau.com/coles/#catalogue=coles/coles-catalogue-july-30-august-5-2025-vic-metro/,save_was_arithmetic,displayed_price;save_was_arithmetic;unit_price,3,review
Coles,VIC METRO,"Coles Catalogue July 30 - August 5, 2025 VIC METRO",2025-07-30,2025-08-06,19,Arnott's Savoy Crackers or Shortbread Cream Biscuits 225g-250g,6.0,8.0,2.0,25.0,save_amount,225g; 250g,,SAVES2 | Arnott's Savoy Crackers or | Shortbread Cream Biscuits | 225g-250g | pi LTIMATE,92.81,True,single_price_evidence,https://caau.syd1.cdn.digitaloceanspaces.com/wp-content/uploads/catalogue/coles/coles-catalogue-july-30-august-5-2025-vic-metro/19.jpg,https://www.catalogueau.com/coles/#catalogue=coles/coles-catalogue-july-30-august-5-2025-vic-metro/,displayed_price,displayed_price,1,review
Coles,VIC METRO,"Coles Catalogue July 30 - August 5, 2025 VIC METRO",2025-07-30,2025-08-06,19,Always Fresh Grissini or Crustini Crackers 120g-125g,2.25,4.5,2.25,50.0,half_price,120g; 125g,,WAS $4.50 | WAS $4.50 | JUL 2025 | Always Fresh Grissini or | Crustini Crackers 120g-125g | 19,93.44,True,inferred_price_requires_review,https://caau.syd1.cdn.digitaloceanspaces.com/wp-content/uploads/catalogue/coles/coles-catalogue-july-30-august-5-2025-vic-metro/19.jpg,https://www.catalogueau.com/coles/#catalogue=coles/coles-catalogue-july-30-august-5-2025-vic-metro/,page_discount_inference,page_discount,0,review
Coles,VIC METRO,"Coles Catalogue July 30 - August 5, 2025 VIC METRO",2025-07-30,2025-08-06,19,Coles Ultimate 40% Chocolate Chip Cookies 400g,6.0,6.5,0.5,7.69,save_amount,400g,$1.50 per 100g,WAS $6.50 | WAS $6.50 | JUL 2025 | Coles Ultimate 40% Chocolate | Chip Cookies 400g | $1.50 per 100g,96.28,False,,https://caau.syd1.cdn.digitaloceanspaces.com/wp-content/uploads/catalogue/coles/coles-catalogue-july-30-august-5-2025-vic-metro/19.jpg,https://www.catalogueau.com/coles/#catalogue=coles/coles-catalogue-july-30-august-5-2025-vic-metro/,displayed_price,displayed_price;unit_price,2,verified
Coles,VIC METRO,"Coles Catalogue July 30 - August 5, 2025 VIC METRO",2025-07-30,2025-08-06,19,Kettle Potato Chips 165g,4.5,,,,special,165g,$2.73 per 100g,Kettle Potato Chips 165g | $2.73 per 100g | om | # ARN | country,96.34,True,single_price_evidence,https://caau.syd1.cdn.digitaloceanspaces.com/wp-content/uploads/catalogue/coles/coles-catalogue-july-30-august-5-2025-vic-metro/19.jpg,https://www.catalogueau.com/coles/#catalogue=coles/coles-catalogue-july-30-august-5-2025-vic-metro/,unit_price,unit_price,1,review
Coles,VIC METRO,"Coles Catalogue July 30 - August 5, 2025 VIC METRO",2025-07-30,2025-08-06,20,BUY,2.1,4.2,2.1,50.0,half_price,,,WASS4.20 | WASS4.20 | BUY,96.14,True,product_name_uncertain;inferred_price_requires_review,https://caau.syd1.cdn.digitaloceanspaces.com/wp-content/uploads/catalogue/coles/coles-catalogue-july-30-august-5-2025-vic-metro/20.jpg,https://www.catalogueau.com/coles/#catalogue=coles/coles-catalogue-july-30-august-5-2025-vic-metro/,page_discount_inference,page_discount,0,review
Coles,VIC METRO,"Coles Catalogue July 30 - August 5, 2025 VIC METRO",2025-07-30,2025-08-06,21,Schweppes Soft Drink 1.1 Litre,1.8,3.0,1.2,40.0,save_amount,1.1 Litre,$1.64 per litre,SAVE*1.20 | WASS$3 | Schweppes Soft Drink 1.1 Litre | $1.64 per litre,96.33,False,,https://caau.syd1.cdn.digitaloceanspaces.com/wp-content/uploads/catalogue/coles/coles-catalogue-july-30-august-5-2025-vic-metro/21.jpg,https://www.catalogueau.com/coles/#catalogue=coles/coles-catalogue-july-30-august-5-2025-vic-metro/,save_was_arithmetic,displayed_price;save_was_arithmetic;unit_price,3,verified
Coles,VIC METRO,"Coles Catalogue July 30 - August 5, 2025 VIC METRO",2025-07-30,2025-08-06,21,Mt Franklin Lightly Sparkling Water 1.25 Litre,1.95,3.25,1.3,40.0,save_amount,1.25 Litre,$1.56 per litre,SAVE*1.30 | WASS$3.25 | Mt Franklin Lightly Sparkling Water | 1.25 Litre $1.56 per litre | Aten | Ge | im,96.51,False,,https://caau.syd1.cdn.digitaloceanspaces.com/wp-content/uploads/catalogue/coles/coles-catalogue-july-30-august-5-2025-vic-metro/21.jpg,https://www.catalogueau.com/coles/#catalogue=coles/coles-catalogue-july-30-august-5-2025-vic-metro/,save_was_arithmetic,save_was_arithmetic;unit_price,2,verified
Coles,VIC METRO,"Coles Catalogue July 30 - August 5, 2025 VIC METRO",2025-07-30,2025-08-06,21,Coca-Cola Soft Drink 1.25 Litre,2.4,4.0,1.6,40.0,save_amount,1.25 Litre,$1.92 per litre,SAVE51.60 | WASS4 | Coca-Cola Soft Drink 1.25 Litre | $1.92 per litre,95.96,True,single_price_evidence,https://caau.syd1.cdn.digitaloceanspaces.com/wp-content/uploads/catalogue/coles/coles-catalogue-july-30-august-5-2025-vic-metro/21.jpg,https://www.catalogueau.com/coles/#catalogue=coles/coles-catalogue-july-30-august-5-2025-vic-metro/,unit_price,unit_price,1,review
Coles,VIC METRO,"Coles Catalogue July 30 - August 5, 2025 VIC METRO",2025-07-30,2025-08-06,21,Cadbury Block Chocolate 150g-190g,4.8,8.0,3.2,40.0,save_amount,150g; 190g,,SAVES3.20 | WASS$8 | Cadbury Block Chocolate | 150g-190g | ——= | iF | 3). | Fae,92.4,True,single_price_evidence,https://caau.syd1.cdn.digitaloceanspaces.com/wp-content/uploads/catalogue/coles/coles-catalogue-july-30-august-5-2025-vic-metro/21.jpg,https://www.catalogueau.com/coles/#catalogue=coles/coles-catalogue-july-30-august-5-2025-vic-metro/,save_was_arithmetic,save_was_arithmetic,1,review
Coles,VIC METRO,"Coles Catalogue July 30 - August 5, 2025 VIC METRO",2025-07-30,2025-08-06,21,Red Bull Energy Drink 4x250mL,7.5,12.5,5.0,40.0,save_amount,4x250mL,$7.50 per litre,WASS12.50 | WASS12.50 | Red Bull Energy Drink 4x250mL | $7.50 per litre | 4,94.34,False,,https://caau.syd1.cdn.digitaloceanspaces.com/wp-content/uploads/catalogue/coles/coles-catalogue-july-30-august-5-2025-vic-metro/21.jpg,https://www.catalogueau.com/coles/#catalogue=coles/coles-catalogue-july-30-august-5-2025-vic-metro/,displayed_price,displayed_price;unit_price,2,verified
Coles,VIC METRO,"Coles Catalogue July 30 - August 5, 2025 VIC METRO",2025-07-30,2025-08-06,21,Coca-Cola Soft Drink 15x250mL,15.0,25.0,10.0,40.0,save_amount,15x250mL,$4.00 per litre,SAVE510 | WAS$25 | Coca-Cola Soft Drink 15x250mL | $4.00 per litre | VIC-METRO-3007-25-440313,93.71,False,,https://caau.syd1.cdn.digitaloceanspaces.com/wp-content/uploads/catalogue/coles/coles-catalogue-july-30-august-5-2025-vic-metro/21.jpg,https://www.catalogueau.com/coles/#catalogue=coles/coles-catalogue-july-30-august-5-2025-vic-metro/,displayed_price,displayed_price;unit_price,2,verified
Coles,VIC METRO,"Coles Catalogue July 30 - August 5, 2025 VIC METRO",2025-07-30,2025-08-06,21,Pepsi Max or Solo Zero Sugar Soft Drink 24x375mL,22.5,37.5,15.0,40.0,save_amount,24x375mL,$2.50 per litre,SAVE15 | ‘WAS$3750 | Pepsi Max or Solo Zero | Sugar Soft Drink 24x375mL | $2.50 per litre | 21,94.87,False,,https://caau.syd1.cdn.digitaloceanspaces.com/wp-content/uploads/catalogue/coles/coles-catalogue-july-30-august-5-2025-vic-metro/21.jpg,https://www.catalogueau.com/coles/#catalogue=coles/coles-catalogue-july-30-august-5-2025-vic-metro/,save_was_arithmetic,displayed_price;save_was_arithmetic;unit_price,3,verified
Coles,VIC METRO,"Coles Catalogue July 30 - August 5, 2025 VIC METRO",2025-07-30,2025-08-06,21,Coca-Cola Soft Drink 30x375mL,30.0,50.0,20.0,40.0,save_amount,30x375mL,$2.67 per litre,SAVE520 | WASS$50 | Coca-Cola Soft Drink 30x375mL | $2.67 per litre,93.01,True,single_price_evidence,https://caau.syd1.cdn.digitaloceanspaces.com/wp-content/uploads/catalogue/coles/coles-catalogue-july-30-august-5-2025-vic-metro/21.jpg,https://www.catalogueau.com/coles/#catalogue=coles/coles-catalogue-july-30-august-5-2025-vic-metro/,unknown,,0,review
Coles,VIC METRO,"Coles Catalogue July 30 - August 5, 2025 VIC METRO",2025-07-30,2025-08-06,22,San Remo Single Snack La Pasta 80g,1.0,1.4,0.4,28.57,save_amount,80g,$1.25 per 100g,WAS $1.40 | WAS $1.40 | JUN 2025 | San Remo Single Snack La Pasta 80g | $1.25 per 100g | amg,96.58,False,,https://caau.syd1.cdn.digitaloceanspaces.com/wp-content/uploads/catalogue/coles/coles-catalogue-july-30-august-5-2025-vic-metro/22.jpg,https://www.catalogueau.com/coles/#catalogue=coles/coles-catalogue-july-30-august-5-2025-vic-metro/,displayed_price,displayed_price;unit_price,2,verified
Coles,VIC METRO,"Coles Catalogue July 30 - August 5, 2025 VIC METRO",2025-07-30,2025-08-06,22,Cucina Matese Diced Tomatoes 400g,1.4,,,,special,400g,$3.50 per kg,Cucina Matese Diced Tomatoes 400g | $3.50 per kg. “See page 10 for T&Cs,94.99,True,single_price_evidence,https://caau.syd1.cdn.digitaloceanspaces.com/wp-content/uploads/catalogue/coles/coles-catalogue-july-30-august-5-2025-vic-metro/22.jpg,https://www.catalogueau.com/coles/#catalogue=coles/coles-catalogue-july-30-august-5-2025-vic-metro/,unit_price,unit_price,1,review
Coles,VIC METRO,"Coles Catalogue July 30 - August 5, 2025 VIC METRO",2025-07-30,2025-08-06,22,Cucina Matese Pasta 500g,2.8,,,,special,500g,$0.56 per 100g,Cucina Matese Pasta 500g | $0.56 per 100g. *See page 10 for T&Cs,94.17,False,,https://caau.syd1.cdn.digitaloceanspaces.com/wp-content/uploads/catalogue/coles/coles-catalogue-july-30-august-5-2025-vic-metro/22.jpg,https://www.catalogueau.com/coles/#catalogue=coles/coles-catalogue-july-30-august-5-2025-vic-metro/,displayed_price,displayed_price;unit_price,2,verified
Coles,VIC METRO,"Coles Catalogue July 30 - August 5, 2025 VIC METRO",2025-07-30,2025-08-06,22,Cucina Matese Arborio Rice 1kg,4.0,,,,special,1kg,$0.40 per 100g,Cucina Matese Arborio Rice 1k | $0.40 per 100g. *See page 10 for T&Cs | &,92.49,False,,https://caau.syd1.cdn.digitaloceanspaces.com/wp-content/uploads/catalogue/coles/coles-catalogue-july-30-august-5-2025-vic-metro/22.jpg,https://www.catalogueau.com/coles/#catalogue=coles/coles-catalogue-july-30-august-5-2025-vic-metro/,displayed_price,displayed_price;unit_price,2,verified
Coles,VIC METRO,"Coles Catalogue July 30 - August 5, 2025 VIC METRO",2025-07-30,2025-08-06,22,Coles Bone Broth 500mL,6.3,,,,special,500mL,$1.26 per 100mL,Coles Bone Broth 500mL | $1.26 per 100mL,93.41,False,,https://caau.syd1.cdn.digitaloceanspaces.com/wp-content/uploads/catalogue/coles/coles-catalogue-july-30-august-5-2025-vic-metro/22.jpg,https://www.catalogueau.com/coles/#catalogue=coles/coles-catalogue-july-30-august-5-2025-vic-metro/,displayed_price,displayed_price;unit_price,2,verified
Coles,VIC METRO,"Coles Catalogue July 30 - August 5, 2025 VIC METRO",2025-07-30,2025-08-06,22,Sirena Tuna 95g,2.3,,,,down_down,95g,$24.21 per kg,Sirena Tuna 95g | $24.21 per kg | HEINZ,94.99,False,,https://caau.syd1.cdn.digitaloceanspaces.com/wp-content/uploads/catalogue/coles/coles-catalogue-july-30-august-5-2025-vic-metro/22.jpg,https://www.catalogueau.com/coles/#catalogue=coles/coles-catalogue-july-30-august-5-2025-vic-metro/,displayed_price,displayed_price;unit_price,2,verified
Coles,VIC METRO,"Coles Catalogue July 30 - August 5, 2025 VIC METRO",2025-07-30,2025-08-06,22,Mission Corn Chips 230g,3.5,,,,special,230g,$1.52 per 100g,Mission Corn Chips 230g | $1.52 per 100g | VIC-METRO-3007-25-440313,95.92,False,,https://caau.syd1.cdn.digitaloceanspaces.com/wp-content/uploads/catalogue/coles/coles-catalogue-july-30-august-5-2025-vic-metro/22.jpg,https://www.catalogueau.com/coles/#catalogue=coles/coles-catalogue-july-30-august-5-2025-vic-metro/,displayed_price,displayed_price;unit_price,2,verified
Coles,VIC METRO,"Coles Catalogue July 30 - August 5, 2025 VIC METRO",2025-07-30,2025-08-06,22,Moro Olive Oil 500mL,10.0,,,,special,500mL,$2.00 per 100mL,Moro Olive Oil 500mL | $2.00 per 100mL,94.55,False,,https://caau.syd1.cdn.digitaloceanspaces.com/wp-content/uploads/catalogue/coles/coles-catalogue-july-30-august-5-2025-vic-metro/22.jpg,https://www.catalogueau.com/coles/#catalogue=coles/coles-catalogue-july-30-august-5-2025-vic-metro/,displayed_price,displayed_price;unit_price,2,verified
Coles,VIC METRO,"Coles Catalogue July 30 - August 5, 2025 VIC METRO",2025-07-30,2025-08-06,23,Good Earth Oils Extra Virgin Canola Oil 4 Litre,19.0,38.0,19.0,50.0,half_price,4 Litre,$0.48 per 100mL,SAVE‘19 | WAS $38 | Good Earth Oils Extra Virgin Canola Oil | 4 Litre $0.48 per 100mL | <i,94.73,False,,https://caau.syd1.cdn.digitaloceanspaces.com/wp-content/uploads/catalogue/coles/coles-catalogue-july-30-august-5-2025-vic-metro/23.jpg,https://www.catalogueau.com/coles/#catalogue=coles/coles-catalogue-july-30-august-5-2025-vic-metro/,save_was_arithmetic,displayed_price;save_was_arithmetic,2,verified
Coles,VIC METRO,"Coles Catalogue July 30 - August 5, 2025 VIC METRO",2025-07-30,2025-08-06,23,Edgell Snack Can 7,1.2,1.6,0.4,25.0,save_amount,,$17.14 per kg,SAVE 40‘ | WASS1.60 | Edgell Snack Can 7 | $17.14 per kg. 2nd week on sale,96.32,True,single_price_evidence,https://caau.syd1.cdn.digitaloceanspaces.com/wp-content/uploads/catalogue/coles/coles-catalogue-july-30-august-5-2025-vic-metro/23.jpg,https://www.catalogueau.com/coles/#catalogue=coles/coles-catalogue-july-30-august-5-2025-vic-metro/,displayed_price,displayed_price,1,review
Coles,VIC METRO,"Coles Catalogue July 30 - August 5, 2025 VIC METRO",2025-07-30,2025-08-06,23,Heinz Ketchup 500mL,4.0,5.0,1.0,20.0,save_amount,500mL,$0.80 per 100mL,"SAVE*1 | WASS5 | Heinz Ketchup 500mL | $0.80 per 100mL. 2nd week on sale | ete ese | Bane | rack MOlaly4 | HEINZ’,",93.54,False,,https://caau.syd1.cdn.digitaloceanspaces.com/wp-content/uploads/catalogue/coles/coles-catalogue-july-30-august-5-2025-vic-metro/23.jpg,https://www.catalogueau.com/coles/#catalogue=coles/coles-catalogue-july-30-august-5-2025-vic-metro/,save_was_arithmetic,displayed_price;save_was_arithmetic;unit_price,3,verified
Coles,VIC METRO,"Coles Catalogue July 30 - August 5, 2025 VIC METRO",2025-07-30,2025-08-06,23,John West Salmon 95g,2.6,3.3,0.7,21.21,save_amount,95g,$27.37 per kg,SAVE70* | WAS$3.30_ | John West Salmon 95g | $27.37 per kg | a | Green's | ens,96.18,False,,https://caau.syd1.cdn.digitaloceanspaces.com/wp-content/uploads/catalogue/coles/coles-catalogue-july-30-august-5-2025-vic-metro/23.jpg,https://www.catalogueau.com/coles/#catalogue=coles/coles-catalogue-july-30-august-5-2025-vic-metro/,displayed_price,displayed_price;unit_price,2,verified
Coles,VIC METRO,"Coles Catalogue July 30 - August 5, 2025 VIC METRO",2025-07-30,2025-08-06,23,Green's Deluxe Baking Mix 380g-630g,4.4,5.5,1.1,20.0,save_amount,380g; 630g,,SAVES1.10 | WASS5.50 | Green's Deluxe Baking | Mix 380g-630g | VIC-METRO-3007-25-440313,94.27,True,single_price_evidence,https://caau.syd1.cdn.digitaloceanspaces.com/wp-content/uploads/catalogue/coles/coles-catalogue-july-30-august-5-2025-vic-metro/23.jpg,https://www.catalogueau.com/coles/#catalogue=coles/coles-catalogue-july-30-august-5-2025-vic-metro/,save_was_arithmetic,save_was_arithmetic,1,review
Coles,VIC METRO,"Coles Catalogue July 30 - August 5, 2025 VIC METRO",2025-07-30,2025-08-06,23,Nestlé Bakers Choice Bakin,5.6,7.0,1.4,20.0,save_amount,,$2.80 per 100g,SAVE 51.40 | WASS | Nestlé Bakers Choice | Bakin | Chocolate Bits | 200g $2.80 per 100g | 23,79.0,True,low_name_confidence_strict;single_price_evidence,https://caau.syd1.cdn.digitaloceanspaces.com/wp-content/uploads/catalogue/coles/coles-catalogue-july-30-august-5-2025-vic-metro/23.jpg,https://www.catalogueau.com/coles/#catalogue=coles/coles-catalogue-july-30-august-5-2025-vic-metro/,displayed_price,displayed_price,1,review
Coles,VIC METRO,"Coles Catalogue July 30 - August 5, 2025 VIC METRO",2025-07-30,2025-08-06,23,Heinz Baked Beanz or Spaghetti 3x300g,4.9,7.0,2.1,30.0,save_amount,3x300g,$0.54 per 100g,SAVE 52.10 | WASS$7 | Heinz Baked Beanz | or Spaghetti 3x300g | $0.54 per 100g | 23,92.89,False,,https://caau.syd1.cdn.digitaloceanspaces.com/wp-content/uploads/catalogue/coles/coles-catalogue-july-30-august-5-2025-vic-metro/23.jpg,https://www.catalogueau.com/coles/#catalogue=coles/coles-catalogue-july-30-august-5-2025-vic-metro/,save_was_arithmetic,save_was_arithmetic;unit_price,2,verified
Coles,VIC METRO,"Coles Catalogue July 30 - August 5, 2025 VIC METRO",2025-07-30,2025-08-06,23,Campbell's Real Stock 1 Litre,7.0,9.0,2.0,22.22,save_amount,1 Litre,$0.35 per 100mL,SAVE $2 | Campbell's Real Stock | 1 Litre $0.35 per 100mL,94.48,True,unit_price_conflict;single_price_evidence,https://caau.syd1.cdn.digitaloceanspaces.com/wp-content/uploads/catalogue/coles/coles-catalogue-july-30-august-5-2025-vic-metro/23.jpg,https://www.catalogueau.com/coles/#catalogue=coles/coles-catalogue-july-30-august-5-2025-vic-metro/,displayed_price,displayed_price,1,review
Coles,VIC METRO,"Coles Catalogue July 30 - August 5, 2025 VIC METRO",2025-07-30,2025-08-06,23,Indomie Instant Noodles 5 Pack 400g-425g 2nd week,3.95,,,,special,5 Pack; 400g; 425g,,Indomie Instant Noodles 5 Pack | 400g-425g 2nd week on sale | — | Proc | orace | 3,94.67,True,offer_labels_missing;save_amount_missing;regular_price_missing;inferred_price_requires_review,https://caau.syd1.cdn.digitaloceanspaces.com/wp-content/uploads/catalogue/coles/coles-catalogue-july-30-august-5-2025-vic-metro/23.jpg,https://www.catalogueau.com/coles/#catalogue=coles/coles-catalogue-july-30-august-5-2025-vic-metro/,displayed_price,displayed_price;grid_inference,1,review
Coles,VIC METRO,"Coles Catalogue July 30 - August 5, 2025 VIC METRO",2025-07-30,2025-08-06,24,Nescafé Farmers Origins Nespresso Compatible,0.38,,,,special,,$0.38 per each,Nescafé Farmers Origins | Nespresso Compatible | Coffee Capsules | 10 Pack $0.38 per each,79.0,True,low_name_confidence_strict;single_price_evidence,https://caau.syd1.cdn.digitaloceanspaces.com/wp-content/uploads/catalogue/coles/coles-catalogue-july-30-august-5-2025-vic-metro/24.jpg,https://www.catalogueau.com/coles/#catalogue=coles/coles-catalogue-july-30-august-5-2025-vic-metro/,unit_price,unit_price,1,review
Coles,VIC METRO,"Coles Catalogue July 30 - August 5, 2025 VIC METRO",2025-07-30,2025-08-06,25,Vittoria Nespresso Compatible Coffee Capsules 10 Pack,5.5,9.5,4.0,42.11,save_amount,10 Pack,$0.55 per each,SAVES4 | WASS9.50 | Vittoria Nespresso Compatible Coffee Capsules | 10 Pack $0.55 per each | j ecmage( | Re | NEW,96.15,False,,https://caau.syd1.cdn.digitaloceanspaces.com/wp-content/uploads/catalogue/coles/coles-catalogue-july-30-august-5-2025-vic-metro/25.jpg,https://www.catalogueau.com/coles/#catalogue=coles/coles-catalogue-july-30-august-5-2025-vic-metro/,save_was_arithmetic,save_was_arithmetic;unit_price,2,verified
Coles,VIC METRO,"Coles Catalogue July 30 - August 5, 2025 VIC METRO",2025-07-30,2025-08-06,25,Vittoria Freeze Dried Instant Coffee 400g,23.0,39.0,16.0,41.03,save_amount,400g,$5.75 per 100g,SAVE%16 | WASS39 | Vittoria Freeze Dried Instant Coffee 400g | $5.75 per 100g | ery | 2),96.53,False,,https://caau.syd1.cdn.digitaloceanspaces.com/wp-content/uploads/catalogue/coles/coles-catalogue-july-30-august-5-2025-vic-metro/25.jpg,https://www.catalogueau.com/coles/#catalogue=coles/coles-catalogue-july-30-august-5-2025-vic-metro/,save_was_arithmetic,displayed_price;save_was_arithmetic;unit_price,3,verified
Coles,VIC METRO,"Coles Catalogue July 30 - August 5, 2025 VIC METRO",2025-07-30,2025-08-06,25,Grenade High Protein Bar 60g,4.0,5.0,1.0,20.0,save_amount,60g,$6.67 per 100g,SAVES1 | WASS5 | Grenade High Protein Bar 60g | $6.67 per 100g,96.41,False,,https://caau.syd1.cdn.digitaloceanspaces.com/wp-content/uploads/catalogue/coles/coles-catalogue-july-30-august-5-2025-vic-metro/25.jpg,https://www.catalogueau.com/coles/#catalogue=coles/coles-catalogue-july-30-august-5-2025-vic-metro/,save_was_arithmetic,displayed_price;save_was_arithmetic;unit_price,3,verified
Coles,VIC METRO,"Coles Catalogue July 30 - August 5, 2025 VIC METRO",2025-07-30,2025-08-06,25,Remedy Kombucha 4x250mL,6.65,9.5,2.85,30.0,save_amount,4x250mL,$6.65 per litre,SAVES2.85 | WASS9.50 | Remedy Kombucha 4x250mL | $6.65 per litre,92.0,False,,https://caau.syd1.cdn.digitaloceanspaces.com/wp-content/uploads/catalogue/coles/coles-catalogue-july-30-august-5-2025-vic-metro/25.jpg,https://www.catalogueau.com/coles/#catalogue=coles/coles-catalogue-july-30-august-5-2025-vic-metro/,save_was_arithmetic,save_was_arithmetic;unit_price,2,verified
Coles,VIC METRO,"Coles Catalogue July 30 - August 5, 2025 VIC METRO",2025-07-30,2025-08-06,25,Ocean Spray Fruit Drink 1.5 Litre,5.0,6.4,1.4,21.87,save_amount,1.5 Litre,$3.33 per litre,SAVE‘1.40 | Ocean Spray Fruit Drink 1.5 Litre | $3.33 per litre. On sale for 2 weeks,96.19,False,,https://caau.syd1.cdn.digitaloceanspaces.com/wp-content/uploads/catalogue/coles/coles-catalogue-july-30-august-5-2025-vic-metro/25.jpg,https://www.catalogueau.com/coles/#catalogue=coles/coles-catalogue-july-30-august-5-2025-vic-metro/,displayed_price,displayed_price;unit_price,2,verified
Coles,VIC METRO,"Coles Catalogue July 30 - August 5, 2025 VIC METRO",2025-07-30,2025-08-06,25,Nescafé Blend 43 250g,14.5,20.8,6.3,30.29,save_amount,250g,$5.80 per 100g,"SAVES6.30 | WAS$20.80 | Nescafé Blend 43 250g | $5.80 per 100g | Catalogue on sale Wed 30th Jul untilTue 5th Aug 2025 or until Tue 12th Aug where indicated.Selected specials | commenced Wed 23rd Jul. Promotional prices commence 7am Wednesday and may commence or extend beyond the | advertised date. Promotional products and prices are not available on DoorDash, UberEats or at Coles Express, and may not | be available at Coles online, Coles Local, Coles Melboume Central, Albury, Deniliquin and Lavington. Deli promotions are not",94.98,False,,https://caau.syd1.cdn.digitaloceanspaces.com/wp-content/uploads/catalogue/coles/coles-catalogue-july-30-august-5-2025-vic-metro/25.jpg,https://www.catalogueau.com/coles/#catalogue=coles/coles-catalogue-july-30-august-5-2025-vic-metro/,save_was_arithmetic,save_was_arithmetic;unit_price,2,verified
Coles,VIC METRO,"Coles Catalogue July 30 - August 5, 2025 VIC METRO",2025-07-30,2025-08-06,25,Nescafé Gold 180g-200g,13.5,20.0,6.5,32.5,save_amount,180g; 200g,,SAVES6.50 | WAS$20 | Nescafé Gold 180g-200g,92.82,False,,https://caau.syd1.cdn.digitaloceanspaces.com/wp-content/uploads/catalogue/coles/coles-catalogue-july-30-august-5-2025-vic-metro/25.jpg,https://www.catalogueau.com/coles/#catalogue=coles/coles-catalogue-july-30-august-5-2025-vic-metro/,save_was_arithmetic,displayed_price;save_was_arithmetic,2,verified
Coles,VIC METRO,"Coles Catalogue July 30 - August 5, 2025 VIC METRO",2025-07-30,2025-08-06,25,Daley St Coffee Beans 1kg,22.0,35.0,13.0,37.14,save_amount,1kg,$2.20 per 100g,SAVE 13 | WAS$35 | Daley St Coffee Beans 1kg | $2.20 per 100g,93.91,False,,https://caau.syd1.cdn.digitaloceanspaces.com/wp-content/uploads/catalogue/coles/coles-catalogue-july-30-august-5-2025-vic-metro/25.jpg,https://www.catalogueau.com/coles/#catalogue=coles/coles-catalogue-july-30-august-5-2025-vic-metro/,save_was_arithmetic,displayed_price;save_was_arithmetic;unit_price,3,verified
Coles,VIC METRO,"Coles Catalogue July 30 - August 5, 2025 VIC METRO",2025-07-30,2025-08-06,26,Nice & Natural Nut Bars 180g-192g,2.75,5.5,2.75,50.0,half_price,180g; 192g,,SAVES2.75 | WASS5.50 | Nice & Natural Nut Bars | 180g-192g | —_,91.1,False,,https://caau.syd1.cdn.digitaloceanspaces.com/wp-content/uploads/catalogue/coles/coles-catalogue-july-30-august-5-2025-vic-metro/26.jpg,https://www.catalogueau.com/coles/#catalogue=coles/coles-catalogue-july-30-august-5-2025-vic-metro/,save_was_arithmetic,displayed_price;save_was_arithmetic,2,verified
Coles,VIC METRO,"Coles Catalogue July 30 - August 5, 2025 VIC METRO",2025-07-30,2025-08-06,26,Nescafé Flavoured Instant Coffee 95g,5.5,11.0,5.5,50.0,half_price,95g,$5.79 per 100g,SAVES5.50 | WASS11 | Nescafé Flavoured Instant | Coffee 95g $5.79 per 100g | ms,95.72,False,,https://caau.syd1.cdn.digitaloceanspaces.com/wp-content/uploads/catalogue/coles/coles-catalogue-july-30-august-5-2025-vic-metro/26.jpg,https://www.catalogueau.com/coles/#catalogue=coles/coles-catalogue-july-30-august-5-2025-vic-metro/,save_was_arithmetic,displayed_price;save_was_arithmetic;unit_price,3,verified
Coles,VIC METRO,"Coles Catalogue July 30 - August 5, 2025 VIC METRO",2025-07-30,2025-08-06,26,L'Or Coffee Beans 500g,13.0,26.0,13.0,50.0,half_price,500g,$2.60 per 100g,SAVE*13 | WAS $26 | L'Or Coffee Beans 500g | $2.60 per 100g | — | noshu,95.28,False,,https://caau.syd1.cdn.digitaloceanspaces.com/wp-content/uploads/catalogue/coles/coles-catalogue-july-30-august-5-2025-vic-metro/26.jpg,https://www.catalogueau.com/coles/#catalogue=coles/coles-catalogue-july-30-august-5-2025-vic-metro/,save_was_arithmetic,displayed_price;save_was_arithmetic;unit_price,3,verified
Coles,VIC METRO,"Coles Catalogue July 30 - August 5, 2025 VIC METRO",2025-07-30,2025-08-06,26,Uncle Tobys Protein Muesli Bars 175g,4.5,6.7,2.2,32.84,save_amount,175g,$2.57 per 100g,SAVE52.20 | WAS$6.70 | Uncle Tobys Protein Muesli Bars | 175g $2.57 per 100g | 10,94.97,True,single_price_evidence,https://caau.syd1.cdn.digitaloceanspaces.com/wp-content/uploads/catalogue/coles/coles-catalogue-july-30-august-5-2025-vic-metro/26.jpg,https://www.catalogueau.com/coles/#catalogue=coles/coles-catalogue-july-30-august-5-2025-vic-metro/,unit_price,unit_price,1,review
Coles,VIC METRO,"Coles Catalogue July 30 - August 5, 2025 VIC METRO",2025-07-30,2025-08-06,26,Fibre One Bars or Squares 105g-120g or Nature Valley Crunchy Bars 252g,4.7,6.9,2.2,31.88,save_amount,105g; 120g; 252g,,SAVES2.20 | WAS$6.90 | Fibre One Bars or Squares | 105g-120g or Nature Valley | Crunchy Bars 252g | UNCLE | T@BYS,95.78,False,,https://caau.syd1.cdn.digitaloceanspaces.com/wp-content/uploads/catalogue/coles/coles-catalogue-july-30-august-5-2025-vic-metro/26.jpg,https://www.catalogueau.com/coles/#catalogue=coles/coles-catalogue-july-30-august-5-2025-vic-metro/,save_was_arithmetic,displayed_price;save_was_arithmetic,2,verified
Coles,VIC METRO,"Coles Catalogue July 30 - August 5, 2025 VIC METRO",2025-07-30,2025-08-06,26,Noshu Low Carb Indulgence or Protein Bars 150g-160g,6.2,8.9,2.7,30.34,save_amount,150g; 160g,,SAVE2.70 | WAS$8.90 | Noshu Low Carb Indulgence | or Protein Bars 150g-160g,94.58,False,,https://caau.syd1.cdn.digitaloceanspaces.com/wp-content/uploads/catalogue/coles/coles-catalogue-july-30-august-5-2025-vic-metro/26.jpg,https://www.catalogueau.com/coles/#catalogue=coles/coles-catalogue-july-30-august-5-2025-vic-metro/,save_was_arithmetic,displayed_price;save_was_arithmetic,2,verified
Coles,VIC METRO,"Coles Catalogue July 30 - August 5, 2025 VIC METRO",2025-07-30,2025-08-06,26,Uncle Tobys Oats Quick Sachets 320g-350g,5.0,6.3,1.3,20.63,save_amount,320g; 350g,,SAVE‘1.30 | WAS $6.30 | Uncle Tobys Oats Quick | Sachets 320g-350g | VIC-METRO-3007-25-440313,93.2,False,,https://caau.syd1.cdn.digitaloceanspaces.com/wp-content/uploads/catalogue/coles/coles-catalogue-july-30-august-5-2025-vic-metro/26.jpg,https://www.catalogueau.com/coles/#catalogue=coles/coles-catalogue-july-30-august-5-2025-vic-metro/,save_was_arithmetic,displayed_price;save_was_arithmetic,2,verified
Coles,VIC METRO,"Coles Catalogue July 30 - August 5, 2025 VIC METRO",2025-07-30,2025-08-06,26,Uncle Tobys Plus Cereal 410g-435g,5.0,6.5,1.5,23.08,save_amount,410g; 435g,,SAVE51.50 | WASS6.50 | Uncle Tobys Plus Cereal | 410g-435g | 26,92.13,True,single_price_evidence,https://caau.syd1.cdn.digitaloceanspaces.com/wp-content/uploads/catalogue/coles/coles-catalogue-july-30-august-5-2025-vic-metro/26.jpg,https://www.catalogueau.com/coles/#catalogue=coles/coles-catalogue-july-30-august-5-2025-vic-metro/,displayed_price,displayed_price,1,review
Coles,VIC METRO,"Coles Catalogue July 30 - August 5, 2025 VIC METRO",2025-07-30,2025-08-06,26,Uncle Tobys Le Snak 264g,8.0,10.0,2.0,20.0,save_amount,264g,$3.03 per 100g,SAVE52 | WASS10 | Uncle Tobys Le Snak | 264g $3.03 per 100g | 26,94.21,False,,https://caau.syd1.cdn.digitaloceanspaces.com/wp-content/uploads/catalogue/coles/coles-catalogue-july-30-august-5-2025-vic-metro/26.jpg,https://www.catalogueau.com/coles/#catalogue=coles/coles-catalogue-july-30-august-5-2025-vic-metro/,displayed_price,displayed_price;unit_price,2,verified
Coles,VIC METRO,"Coles Catalogue July 30 - August 5, 2025 VIC METRO",2025-07-30,2025-08-06,26,Nestlé Milo 1kg,13.5,17.5,4.0,22.86,save_amount,1kg,$1.35 per 100g,SAVE%4 | WASS17.50 | Nestlé Milo 1kg | $1.35 per 100g,92.68,False,,https://caau.syd1.cdn.digitaloceanspaces.com/wp-content/uploads/catalogue/coles/coles-catalogue-july-30-august-5-2025-vic-metro/26.jpg,https://www.catalogueau.com/coles/#catalogue=coles/coles-catalogue-july-30-august-5-2025-vic-metro/,save_was_arithmetic,save_was_arithmetic;unit_price,2,verified
Coles,VIC METRO,"Coles Catalogue July 30 - August 5, 2025 VIC METRO",2025-07-30,2025-08-06,27,Minor Figures Barista Oat Milk 1 Litre,3.7,4.4,0.7,15.91,save_amount,1 Litre,$3.70 per litre,WAS $4.40 | WAS $4.40 | JUL 2025 | Minor Figures Barista Oat Milk | 1 Litre $3.70 per litre,95.97,False,,https://caau.syd1.cdn.digitaloceanspaces.com/wp-content/uploads/catalogue/coles/coles-catalogue-july-30-august-5-2025-vic-metro/27.jpg,https://www.catalogueau.com/coles/#catalogue=coles/coles-catalogue-july-30-august-5-2025-vic-metro/,displayed_price,displayed_price;unit_price,2,verified
Coles,VIC METRO,"Coles Catalogue July 30 - August 5, 2025 VIC METRO",2025-07-30,2025-08-06,27,Capilano 100% Pure Australian Honey Squeeze 340g,5.9,6.6,0.7,10.61,save_amount,340g,$1.74 per 100g,WAS $6.60 | WAS $6.60 | JUN 2025 | Capilano 100% Pure Australian Honey | Squeeze 340g $1.74 per 100g | —,96.41,True,single_price_evidence,https://caau.syd1.cdn.digitaloceanspaces.com/wp-content/uploads/catalogue/coles/coles-catalogue-july-30-august-5-2025-vic-metro/27.jpg,https://www.catalogueau.com/coles/#catalogue=coles/coles-catalogue-july-30-august-5-2025-vic-metro/,unit_price,unit_price,1,review
Coles,VIC METRO,"Coles Catalogue July 30 - August 5, 2025 VIC METRO",2025-07-30,2025-08-06,27,Vitasoy Unsweetened Oat Milk 1 Litre,2.4,3.3,0.9,27.27,save_amount,1 Litre,$2.40 per litre,SAVE90° | WASS3.30 | Vitasoy Unsweetened Oat Milk | 1 Litre $2.40 per litre | TT,95.07,True,single_price_evidence,https://caau.syd1.cdn.digitaloceanspaces.com/wp-content/uploads/catalogue/coles/coles-catalogue-july-30-august-5-2025-vic-metro/27.jpg,https://www.catalogueau.com/coles/#catalogue=coles/coles-catalogue-july-30-august-5-2025-vic-metro/,unit_price,unit_price,1,review
Coles,VIC METRO,"Coles Catalogue July 30 - August 5, 2025 VIC METRO",2025-07-30,2025-08-06,27,Uncle Tobys Rolled Oats 1kg,5.2,6.5,1.3,20.0,save_amount,1kg,$0.52 per 100g,SAVES1.30 | WASS6.50 | Uncle Tobys Rolled Oats 1kg | $0.52 per 100g | ll | i | ° ae,91.06,False,,https://caau.syd1.cdn.digitaloceanspaces.com/wp-content/uploads/catalogue/coles/coles-catalogue-july-30-august-5-2025-vic-metro/27.jpg,https://www.catalogueau.com/coles/#catalogue=coles/coles-catalogue-july-30-august-5-2025-vic-metro/,save_was_arithmetic,displayed_price;save_was_arithmetic;unit_price,3,verified
Coles,VIC METRO,"Coles Catalogue July 30 - August 5, 2025 VIC METRO",2025-07-30,2025-08-06,27,Mayver's High Protein+ Bars 5 Pack 200g,5.5,7.9,2.4,30.38,save_amount,5 Pack; 200g,$2.75 per 100g,SAVES2.40 | WAS$7.90 | Mayver's High Protein+ Bars | 5 Pack 200g $2.75 per 100g | i,94.63,False,,https://caau.syd1.cdn.digitaloceanspaces.com/wp-content/uploads/catalogue/coles/coles-catalogue-july-30-august-5-2025-vic-metro/27.jpg,https://www.catalogueau.com/coles/#catalogue=coles/coles-catalogue-july-30-august-5-2025-vic-metro/,save_was_arithmetic,displayed_price;save_was_arithmetic;unit_price,3,verified
Coles,VIC METRO,"Coles Catalogue July 30 - August 5, 2025 VIC METRO",2025-07-30,2025-08-06,27,Bega Smooth or Crunchy Peanut Butter 470g,5.5,6.9,1.4,20.29,save_amount,470g,$1.17 per 100g,SAVES1.40 | WAS$6.90 | Bega Smooth or Crunchy Peanut | Butter 470g $1.17 per 100g | VIC-METRO-3007-25-440313,96.44,False,,https://caau.syd1.cdn.digitaloceanspaces.com/wp-content/uploads/catalogue/coles/coles-catalogue-july-30-august-5-2025-vic-metro/27.jpg,https://www.catalogueau.com/coles/#catalogue=coles/coles-catalogue-july-30-august-5-2025-vic-metro/,save_was_arithmetic,displayed_price;save_was_arithmetic;unit_price,3,verified
Coles,VIC METRO,"Coles Catalogue July 30 - August 5, 2025 VIC METRO",2025-07-30,2025-08-06,27,Bega Whipped Peanut Butter 600g,4.8,8.0,3.2,40.0,save_amount,600g,$0.80 per 100g,SAVES3.20 | Bega Whipped Peanut Butter | 600g $0.80 per 100g | 27,96.58,True,single_price_evidence,https://caau.syd1.cdn.digitaloceanspaces.com/wp-content/uploads/catalogue/coles/coles-catalogue-july-30-august-5-2025-vic-metro/27.jpg,https://www.catalogueau.com/coles/#catalogue=coles/coles-catalogue-july-30-august-5-2025-vic-metro/,unit_price,unit_price,1,review
Coles,VIC METRO,"Coles Catalogue July 30 - August 5, 2025 VIC METRO",2025-07-30,2025-08-06,27,Lotus Biscoff Spread 380g-400g,6.0,7.5,1.5,20.0,save_amount,380g; 400g,,SAVE51.50 | WAS$7.50 | Lotus Biscoff Spread 380g-400g,91.86,True,single_price_evidence,https://caau.syd1.cdn.digitaloceanspaces.com/wp-content/uploads/catalogue/coles/coles-catalogue-july-30-august-5-2025-vic-metro/27.jpg,https://www.catalogueau.com/coles/#catalogue=coles/coles-catalogue-july-30-august-5-2025-vic-metro/,displayed_price,displayed_price,1,review
Coles,VIC METRO,"Coles Catalogue July 30 - August 5, 2025 VIC METRO",2025-07-30,2025-08-06,27,St. Dalfour Fruit Spread 284g,4.8,,,,down_down,284g,$1.69 per 100g,St. Dalfour Fruit Spread 284g | $1.69 per 100g,94.66,True,single_price_evidence,https://caau.syd1.cdn.digitaloceanspaces.com/wp-content/uploads/catalogue/coles/coles-catalogue-july-30-august-5-2025-vic-metro/27.jpg,https://www.catalogueau.com/coles/#catalogue=coles/coles-catalogue-july-30-august-5-2025-vic-metro/,unit_price,unit_price,1,review
Coles,VIC METRO,"Coles Catalogue July 30 - August 5, 2025 VIC METRO",2025-07-30,2025-08-06,27,Dorset Granola 450g,7.0,,,,down_down,450g,$1.56 per 100g,Dorset Granola 450g | $1.56 | $1.56 per 100g | ese | =,96.46,False,,https://caau.syd1.cdn.digitaloceanspaces.com/wp-content/uploads/catalogue/coles/coles-catalogue-july-30-august-5-2025-vic-metro/27.jpg,https://www.catalogueau.com/coles/#catalogue=coles/coles-catalogue-july-30-august-5-2025-vic-metro/,displayed_price,displayed_price;unit_price,2,verified
Coles,VIC METRO,"Coles Catalogue July 30 - August 5, 2025 VIC METRO",2025-07-30,2025-08-06,28,Gippsland Dairy Crafted Yogurt 150g,2.4,,,,special,150g,$1.60 per 100g,Gippsland Dairy Crafted Yogurt 150g | $1.60 per 100g,94.67,False,,https://caau.syd1.cdn.digitaloceanspaces.com/wp-content/uploads/catalogue/coles/coles-catalogue-july-30-august-5-2025-vic-metro/28.jpg,https://www.catalogueau.com/coles/#catalogue=coles/coles-catalogue-july-30-august-5-2025-vic-metro/,displayed_price,displayed_price;unit_price,2,verified
Coles,VIC METRO,"Coles Catalogue July 30 - August 5, 2025 VIC METRO",2025-07-30,2025-08-06,28,Tamar Valley Dairy The Creamery Greek Style Yoghurt 170g,1.9,,,,special,170g,$1.12 per 100g,Tamar Valley Dairy The Creamery | Greek Style Yoghurt 170g | $1.12 per 100g | =,96.47,False,,https://caau.syd1.cdn.digitaloceanspaces.com/wp-content/uploads/catalogue/coles/coles-catalogue-july-30-august-5-2025-vic-metro/28.jpg,https://www.catalogueau.com/coles/#catalogue=coles/coles-catalogue-july-30-august-5-2025-vic-metro/,displayed_price,displayed_price;unit_price,2,verified
Coles,VIC METRO,"Coles Catalogue July 30 - August 5, 2025 VIC METRO",2025-07-30,2025-08-06,28,Chobani Flip Yogurt 140g,2.8,,,,special,140g,$2.00 per 100g,Chobani Flip Yogurt 140g | $2.00 per 100g,94.59,False,,https://caau.syd1.cdn.digitaloceanspaces.com/wp-content/uploads/catalogue/coles/coles-catalogue-july-30-august-5-2025-vic-metro/28.jpg,https://www.catalogueau.com/coles/#catalogue=coles/coles-catalogue-july-30-august-5-2025-vic-metro/,displayed_price,displayed_price;unit_price,2,verified
Coles,VIC METRO,"Coles Catalogue July 30 - August 5, 2025 VIC METRO",2025-07-30,2025-08-06,28,Yoplait Petit Miam Yoghurt Pouch 70g,5.0,,,,special,70g,$1.19 per 100g,Yoplait Petit Miam Yoghurt Pouch | 70g $1.19 per 100g. | 2nd week on sale | |,95.2,True,offer_labels_missing;save_amount_missing;regular_price_missing;unit_price_conflict;single_price_evidence,https://caau.syd1.cdn.digitaloceanspaces.com/wp-content/uploads/catalogue/coles/coles-catalogue-july-30-august-5-2025-vic-metro/28.jpg,https://www.catalogueau.com/coles/#catalogue=coles/coles-catalogue-july-30-august-5-2025-vic-metro/,displayed_price,displayed_price,1,review
Coles,VIC METRO,"Coles Catalogue July 30 - August 5, 2025 VIC METRO",2025-07-30,2025-08-06,28,Pauls Plus+ Protein Flavoured Milk 400mL,3.2,,,,special,400mL,$8.00 per litre,Pauls Plus+ Protein Flavoured Milk | 400mL $8.00 per litre | VIC-METRO-3007-25-440313,94.81,False,,https://caau.syd1.cdn.digitaloceanspaces.com/wp-content/uploads/catalogue/coles/coles-catalogue-july-30-august-5-2025-vic-metro/28.jpg,https://www.catalogueau.com/coles/#catalogue=coles/coles-catalogue-july-30-august-5-2025-vic-metro/,displayed_price,displayed_price;unit_price,2,verified
Coles,VIC METRO,"Coles Catalogue July 30 - August 5, 2025 VIC METRO",2025-07-30,2025-08-06,28,Gippsland Dairy Twist Yogurt 700g,6.3,,,,special,700g,$0.90 per 100g,Gippsland Dairy Twist Yogurt | 700g $0.90 per 100g | 28,95.43,False,,https://caau.syd1.cdn.digitaloceanspaces.com/wp-content/uploads/catalogue/coles/coles-catalogue-july-30-august-5-2025-vic-metro/28.jpg,https://www.catalogueau.com/coles/#catalogue=coles/coles-catalogue-july-30-august-5-2025-vic-metro/,displayed_price,displayed_price;unit_price,2,verified
Coles,VIC METRO,"Coles Catalogue July 30 - August 5, 2025 VIC METRO",2025-07-30,2025-08-06,28,Jaina Greek Style Yoghurt 1kg,6.5,,,,special,1kg,$0.65 per 100g,Jaina Greek Style Yoghurt 1kg | $0.65 per 100g,93.44,False,,https://caau.syd1.cdn.digitaloceanspaces.com/wp-content/uploads/catalogue/coles/coles-catalogue-july-30-august-5-2025-vic-metro/28.jpg,https://www.catalogueau.com/coles/#catalogue=coles/coles-catalogue-july-30-august-5-2025-vic-metro/,displayed_price,displayed_price;unit_price,2,verified
Coles,VIC METRO,"Coles Catalogue July 30 - August 5, 2025 VIC METRO",2025-07-30,2025-08-06,29,Cheer Cheese Slices 500g,10.0,11.0,1.0,9.09,save_amount,500g,$20.00 per kg,WASS11 | WASS11 | Cheer Cheese Slices 500g | $20.00 per kg,96.44,False,,https://caau.syd1.cdn.digitaloceanspaces.com/wp-content/uploads/catalogue/coles/coles-catalogue-july-30-august-5-2025-vic-metro/29.jpg,https://www.catalogueau.com/coles/#catalogue=coles/coles-catalogue-july-30-august-5-2025-vic-metro/,displayed_price,displayed_price;unit_price,2,verified
Coles,VIC METRO,"Coles Catalogue July 30 - August 5, 2025 VIC METRO",2025-07-30,2025-08-06,29,"Bega Cheese Block, Slices or Shredded 250g",6.0,750.0,744.0,99.2,save_amount,250g,$24.00 per kg,"WAS$750 | WAS$750 | Bega Cheese Block, Slices or | Shredded 250g $24.00 per kg | «aes | == | MADE IN | | t",96.33,False,,https://caau.syd1.cdn.digitaloceanspaces.com/wp-content/uploads/catalogue/coles/coles-catalogue-july-30-august-5-2025-vic-metro/29.jpg,https://www.catalogueau.com/coles/#catalogue=coles/coles-catalogue-july-30-august-5-2025-vic-metro/,displayed_price,displayed_price;unit_price,2,verified
Coles,VIC METRO,"Coles Catalogue July 30 - August 5, 2025 VIC METRO",2025-07-30,2025-08-06,29,Philadelphia Cream Cheese Block or Tub 250g,4.5,5.7,1.2,21.05,save_amount,250g,$18.00 per kg,WASS5.70 | WASS5.70 | Philadelphia Cream Cheese | Block or Tub 250g $18.00 per kg | 4“,96.32,True,single_price_evidence,https://caau.syd1.cdn.digitaloceanspaces.com/wp-content/uploads/catalogue/coles/coles-catalogue-july-30-august-5-2025-vic-metro/29.jpg,https://www.catalogueau.com/coles/#catalogue=coles/coles-catalogue-july-30-august-5-2025-vic-metro/,unit_price,unit_price,1,review
Coles,VIC METRO,"Coles Catalogue July 30 - August 5, 2025 VIC METRO",2025-07-30,2025-08-06,29,Western Star Spreadable Blend 375g,4.8,6.0,1.2,20.0,save_amount,375g,$1.28 per 100g,WASS6 | WASS6 | Western Star Spreadable Blend | 375g $1.28 per 100g,95.44,True,single_price_evidence,https://caau.syd1.cdn.digitaloceanspaces.com/wp-content/uploads/catalogue/coles/coles-catalogue-july-30-august-5-2025-vic-metro/29.jpg,https://www.catalogueau.com/coles/#catalogue=coles/coles-catalogue-july-30-august-5-2025-vic-metro/,unit_price,unit_price,1,review
Coles,VIC METRO,"Coles Catalogue July 30 - August 5, 2025 VIC METRO",2025-07-30,2025-08-06,29,Mainland Buttersoft 375g,8.0,9.5,1.5,15.79,save_amount,375g,$2.13 per 100g,WASS9.50 | WASS9.50 | Mainland Buttersoft 375g | $2.13 per 100g,93.23,False,,https://caau.syd1.cdn.digitaloceanspaces.com/wp-content/uploads/catalogue/coles/coles-catalogue-july-30-august-5-2025-vic-metro/29.jpg,https://www.catalogueau.com/coles/#catalogue=coles/coles-catalogue-july-30-august-5-2025-vic-metro/,displayed_price,displayed_price;unit_price,2,verified
Coles,VIC METRO,"Coles Catalogue July 30 - August 5, 2025 VIC METRO",2025-07-30,2025-08-06,29,Perfect Italiano Grated Cheese 450g,7.5,9.5,2.0,21.05,save_amount,450g,$16.67 per kg,WASS9.50 | WASS9.50 | Perfect Italiano Grated Cheese | 450g $16.67 per kg | he Fonterrs Gro | thon,96.54,True,single_price_evidence,https://caau.syd1.cdn.digitaloceanspaces.com/wp-content/uploads/catalogue/coles/coles-catalogue-july-30-august-5-2025-vic-metro/29.jpg,https://www.catalogueau.com/coles/#catalogue=coles/coles-catalogue-july-30-august-5-2025-vic-metro/,unit_price,unit_price,1,review
Coles,VIC METRO,"Coles Catalogue July 30 - August 5, 2025 VIC METRO",2025-07-30,2025-08-06,29,Great Ocean Road Cheese Block 500g,9.0,,,,special,500g,$18.00 per kg,Great Ocean Road Cheese | Block 500g $18.00 per kg | SS ae,96.65,True,offer_labels_missing;save_amount_missing;regular_price_missing,https://caau.syd1.cdn.digitaloceanspaces.com/wp-content/uploads/catalogue/coles/coles-catalogue-july-30-august-5-2025-vic-metro/29.jpg,https://www.catalogueau.com/coles/#catalogue=coles/coles-catalogue-july-30-august-5-2025-vic-metro/,displayed_price,displayed_price;grid_inference;unit_price,2,review
Coles,VIC METRO,"Coles Catalogue July 30 - August 5, 2025 VIC METRO",2025-07-30,2025-08-06,30,Yumi's Dip 200:,3.5,4.5,1.0,22.22,save_amount,,$1.75 per 100g,WASS4.50 | WASS4.50 | Yumi's Dip 200: | $1.75 per 100g,94.26,True,single_price_evidence,https://caau.syd1.cdn.digitaloceanspaces.com/wp-content/uploads/catalogue/coles/coles-catalogue-july-30-august-5-2025-vic-metro/30.jpg,https://www.catalogueau.com/coles/#catalogue=coles/coles-catalogue-july-30-august-5-2025-vic-metro/,displayed_price,displayed_price,1,review
Coles,VIC METRO,"Coles Catalogue July 30 - August 5, 2025 VIC METRO",2025-07-30,2025-08-06,30,Black Swan Favourites Dip 180g-200g 2nd week,3.5,4.5,1.0,22.22,save_amount,180g; 200g,,WASS4.50 | WASS4.50 | Black Swan Favourites Dip | 180g-200g 2nd week on sale | ==,95.09,True,single_price_evidence,https://caau.syd1.cdn.digitaloceanspaces.com/wp-content/uploads/catalogue/coles/coles-catalogue-july-30-august-5-2025-vic-metro/30.jpg,https://www.catalogueau.com/coles/#catalogue=coles/coles-catalogue-july-30-august-5-2025-vic-metro/,displayed_price,displayed_price,1,review
Coles,VIC METRO,"Coles Catalogue July 30 - August 5, 2025 VIC METRO",2025-07-30,2025-08-06,30,The Juice Brothers Tropical Juice 1 Litre,4.0,5.0,1.0,20.0,save_amount,1 Litre,$4.00 per litre,‘SAVES1 | WASS5 | The Juice Brothers Tropical Juice | 1 Litre $4.00 per litre,95.07,False,,https://caau.syd1.cdn.digitaloceanspaces.com/wp-content/uploads/catalogue/coles/coles-catalogue-july-30-august-5-2025-vic-metro/30.jpg,https://www.catalogueau.com/coles/#catalogue=coles/coles-catalogue-july-30-august-5-2025-vic-metro/,save_was_arithmetic,displayed_price;save_was_arithmetic;unit_price,3,verified
Coles,VIC METRO,"Coles Catalogue July 30 - August 5, 2025 VIC METRO",2025-07-30,2025-08-06,30,Tassal Smoked Salmon 150g,11.0,15.0,4.0,26.67,save_amount,150g,$73.33 per kg,SAVES4 | WASS15 | Tassal Smoked Salmon | 150g $73.33 per kg | ASS,94.44,False,,https://caau.syd1.cdn.digitaloceanspaces.com/wp-content/uploads/catalogue/coles/coles-catalogue-july-30-august-5-2025-vic-metro/30.jpg,https://www.catalogueau.com/coles/#catalogue=coles/coles-catalogue-july-30-august-5-2025-vic-metro/,save_was_arithmetic,displayed_price;save_was_arithmetic;unit_price,3,verified
Coles,VIC METRO,"Coles Catalogue July 30 - August 5, 2025 VIC METRO",2025-07-30,2025-08-06,30,Primo Rindless Short Cut Bacon 750g,12.5,16.8,4.3,25.6,save_amount,750g,$16.67 per kg,SAVES4.30 | WASS16.80 | Primo Rindless Short Cut Bacon | 750g $16.67 per kg | *See page 10 forT&Cs | (4 =a),94.74,False,,https://caau.syd1.cdn.digitaloceanspaces.com/wp-content/uploads/catalogue/coles/coles-catalogue-july-30-august-5-2025-vic-metro/30.jpg,https://www.catalogueau.com/coles/#catalogue=coles/coles-catalogue-july-30-august-5-2025-vic-metro/,save_was_arithmetic,displayed_price;save_was_arithmetic;unit_price,3,verified
Coles,VIC METRO,"Coles Catalogue July 30 - August 5, 2025 VIC METRO",2025-07-30,2025-08-06,30,La Famiglia Garlic Bread Slices 270g,4.0,6.5,2.5,38.46,save_amount,270g,$1.48 per 100g,SAVES2.50 | WASS6.50 | La Famiglia Garlic Bread | Slices 270g $1.48 per 100g | ickno | s Gr | We | cognise t,96.31,False,,https://caau.syd1.cdn.digitaloceanspaces.com/wp-content/uploads/catalogue/coles/coles-catalogue-july-30-august-5-2025-vic-metro/30.jpg,https://www.catalogueau.com/coles/#catalogue=coles/coles-catalogue-july-30-august-5-2025-vic-metro/,save_was_arithmetic,save_was_arithmetic;unit_price,2,verified
Coles,VIC METRO,"Coles Catalogue July 30 - August 5, 2025 VIC METRO",2025-07-30,2025-08-06,30,Latina Filled Pasta 625g,8.0,11.0,3.0,27.27,save_amount,625g,$1.28 per 100g,SAVES3 | WASS11 | Latina Filled Pasta 625g | $1.28 per 100g | Coles Group acknowledges the Traditional Custodians of Country throughout Australia | s th | siti | Custodians,96.5,False,,https://caau.syd1.cdn.digitaloceanspaces.com/wp-content/uploads/catalogue/coles/coles-catalogue-july-30-august-5-2025-vic-metro/30.jpg,https://www.catalogueau.com/coles/#catalogue=coles/coles-catalogue-july-30-august-5-2025-vic-metro/,save_was_arithmetic,displayed_price;save_was_arithmetic;unit_price,3,verified
Coles,VIC METRO,"Coles Catalogue July 30 - August 5, 2025 VIC METRO",2025-07-30,2025-08-06,30,Youfoodz Regular Meal 300g-350g,516.0,522.0,6.0,1.15,save_amount,300g; 350g,,SAVE%6 | Youfoodz Regular Meal | 300g-350g | intry thi | he | ut Austr | 1d,79.0,True,low_name_confidence_strict;single_price_evidence,https://caau.syd1.cdn.digitaloceanspaces.com/wp-content/uploads/catalogue/coles/coles-catalogue-july-30-august-5-2025-vic-metro/30.jpg,https://www.catalogueau.com/coles/#catalogue=coles/coles-catalogue-july-30-august-5-2025-vic-metro/,displayed_price,displayed_price,1,review
Coles,VIC METRO,"Coles Catalogue July 30 - August 5, 2025 VIC METRO",2025-07-30,2025-08-06,30,( YOUFOODZ 2 for,4.0,,,,special,,,( YOUFOODZ | 2 for | Ol | 516,79.0,True,offer_labels_missing;save_amount_missing;regular_price_missing;low_name_confidence_strict;single_price_evidence,https://caau.syd1.cdn.digitaloceanspaces.com/wp-content/uploads/catalogue/coles/coles-catalogue-july-30-august-5-2025-vic-metro/30.jpg,https://www.catalogueau.com/coles/#catalogue=coles/coles-catalogue-july-30-august-5-2025-vic-metro/,displayed_price,displayed_price,1,review
Coles,VIC METRO,"Coles Catalogue July 30 - August 5, 2025 VIC METRO",2025-07-30,2025-08-06,31,Coles I'm Free From Chicken Nuggets 400g,8.0,,,,special,400g,$2.00 per 100g,Coles I'm Free From Chicken | Nuggets 400g $2.00 per 100g | VIC-METRO-3007-25-440313,96.17,False,,https://caau.syd1.cdn.digitaloceanspaces.com/wp-content/uploads/catalogue/coles/coles-catalogue-july-30-august-5-2025-vic-metro/31.jpg,https://www.catalogueau.com/coles/#catalogue=coles/coles-catalogue-july-30-august-5-2025-vic-metro/,displayed_price,displayed_price;unit_price,2,verified
Coles,VIC METRO,"Coles Catalogue July 30 - August 5, 2025 VIC METRO",2025-07-30,2025-08-06,31,Coles I'm Free From Garlic Bread 2 Pack 400g,7.0,,,,special,2 Pack; 400g,$1.75 per 100g,Coles I'm Free From Garlic Bread | 2 Pack 400g $1.75 per 100g,96.18,False,,https://caau.syd1.cdn.digitaloceanspaces.com/wp-content/uploads/catalogue/coles/coles-catalogue-july-30-august-5-2025-vic-metro/31.jpg,https://www.catalogueau.com/coles/#catalogue=coles/coles-catalogue-july-30-august-5-2025-vic-metro/,displayed_price,displayed_price;unit_price,2,verified
Coles,VIC METRO,"Coles Catalogue July 30 - August 5, 2025 VIC METRO",2025-07-30,2025-08-06,31,Coles I'm Free From Beef Pies 2 Pack 340g,8.7,,,,special,2 Pack; 340g,$2.56 per 100g,Coles I'm Free From Beef Pies | 2 Pack 340g $2.56 per 100g | 31,96.09,False,,https://caau.syd1.cdn.digitaloceanspaces.com/wp-content/uploads/catalogue/coles/coles-catalogue-july-30-august-5-2025-vic-metro/31.jpg,https://www.catalogueau.com/coles/#catalogue=coles/coles-catalogue-july-30-august-5-2025-vic-metro/,displayed_price,displayed_price;unit_price,2,verified
Coles,VIC METRO,"Coles Catalogue July 30 - August 5, 2025 VIC METRO",2025-07-30,2025-08-06,32,Destination Italy Pizza 380g-434g,8.0,11.0,3.0,27.27,save_amount,380g; 434g,,WASS11 | WASS11 | Destination Italy Pizza | 380g-434g | VIC-METRO-3007-25-440313,91.71,True,single_price_evidence,https://caau.syd1.cdn.digitaloceanspaces.com/wp-content/uploads/catalogue/coles/coles-catalogue-july-30-august-5-2025-vic-metro/32.jpg,https://www.catalogueau.com/coles/#catalogue=coles/coles-catalogue-july-30-august-5-2025-vic-metro/,displayed_price,displayed_price,1,review
Coles,VIC METRO,"Coles Catalogue July 30 - August 5, 2025 VIC METRO",2025-07-30,2025-08-06,32,Destination Italy Gelato Tub 500mL,10.0,12.5,2.5,20.0,save_amount,500mL,$2.00 per 100mL,WASS$12.50 | WASS$12.50 | Destination Italy Gelato Tub 500mL | $2.00 per 100mL,94.29,False,,https://caau.syd1.cdn.digitaloceanspaces.com/wp-content/uploads/catalogue/coles/coles-catalogue-july-30-august-5-2025-vic-metro/32.jpg,https://www.catalogueau.com/coles/#catalogue=coles/coles-catalogue-july-30-august-5-2025-vic-metro/,displayed_price,displayed_price;unit_price,2,verified
Coles,VIC METRO,"Coles Catalogue July 30 - August 5, 2025 VIC METRO",2025-07-30,2025-08-06,32,Pasta Italia Pasta 400g,5.0,,,,special,400g,$1.25 per 100g,Pasta Italia Pasta 400g | $1.25 per 100g,95.82,False,,https://caau.syd1.cdn.digitaloceanspaces.com/wp-content/uploads/catalogue/coles/coles-catalogue-july-30-august-5-2025-vic-metro/32.jpg,https://www.catalogueau.com/coles/#catalogue=coles/coles-catalogue-july-30-august-5-2025-vic-metro/,displayed_price,displayed_price;unit_price,2,verified
Coles,VIC METRO,"Coles Catalogue July 30 - August 5, 2025 VIC METRO",2025-07-30,2025-08-06,32,Coles Kitchen Frozen Beef Ragu Lasagne 400g,11.0,,,,special,400g,$1.44 per 100g,Coles Kitchen Frozen Beef Ragu Lasagne | per 100g | 400g $1.44 | 400g $1.44 per 100g,79.0,True,offer_labels_missing;save_amount_missing;regular_price_missing;unit_price_conflict;low_name_confidence_strict;single_price_evidence,https://caau.syd1.cdn.digitaloceanspaces.com/wp-content/uploads/catalogue/coles/coles-catalogue-july-30-august-5-2025-vic-metro/32.jpg,https://www.catalogueau.com/coles/#catalogue=coles/coles-catalogue-july-30-august-5-2025-vic-metro/,displayed_price,displayed_price,1,review
Coles,VIC METRO,"Coles Catalogue July 30 - August 5, 2025 VIC METRO",2025-07-30,2025-08-06,32,Coles Finest Pumpkin & Sage Arancini with Cheese 200g,12.0,,,,special,200g,$3.00 per 100g,Coles Finest Pumpkin & Sage Arancini | with Cheese 200g $3.00 per 100g | oe,95.21,True,offer_labels_missing;save_amount_missing;regular_price_missing;unit_price_conflict;single_price_evidence,https://caau.syd1.cdn.digitaloceanspaces.com/wp-content/uploads/catalogue/coles/coles-catalogue-july-30-august-5-2025-vic-metro/32.jpg,https://www.catalogueau.com/coles/#catalogue=coles/coles-catalogue-july-30-august-5-2025-vic-metro/,displayed_price,displayed_price,1,review
Coles,VIC METRO,"Coles Catalogue July 30 - August 5, 2025 VIC METRO",2025-07-30,2025-08-06,32,Coles Finest Frozen Cacio e Pepe Gnocchi 400g,12.0,,,,special,400g,$1.50 per 100g,Coles Finest Frozen Cacio e Pepe Gnocchi | 400g $1.50 per 100g,95.35,True,offer_labels_missing;save_amount_missing;regular_price_missing;unit_price_conflict;single_price_evidence,https://caau.syd1.cdn.digitaloceanspaces.com/wp-content/uploads/catalogue/coles/coles-catalogue-july-30-august-5-2025-vic-metro/32.jpg,https://www.catalogueau.com/coles/#catalogue=coles/coles-catalogue-july-30-august-5-2025-vic-metro/,displayed_price,displayed_price,1,review
Coles,VIC METRO,"Coles Catalogue July 30 - August 5, 2025 VIC METRO",2025-07-30,2025-08-06,33,Bulla Creamy Classics Ice Cream Sandwich 4 Pack 560mL,5.0,10.0,5.0,50.0,half_price,4 Pack; 560mL,$0.89 per 100mL,Bulla Creamy Classics Ice Cream Sandwich | 4 Pack 560mL $0.89 per 100mL,93.8,False,,https://caau.syd1.cdn.digitaloceanspaces.com/wp-content/uploads/catalogue/coles/coles-catalogue-july-30-august-5-2025-vic-metro/33.jpg,https://www.catalogueau.com/coles/#catalogue=coles/coles-catalogue-july-30-august-5-2025-vic-metro/,displayed_price,displayed_price;unit_price,2,verified
Coles,VIC METRO,"Coles Catalogue July 30 - August 5, 2025 VIC METRO",2025-07-30,2025-08-06,33,Streets Rainbow or Chocolate Paddle Pop Sticks 8 Pack 544mL,7.0,9.0,2.0,22.22,save_amount,8 Pack; 544mL,$1.29 per 100mL,WASS9 | WASS9 | Streets Rainbow or Chocolate Paddle Pop Sticks | 8 Pack 544mL $1.29 per 100mL | =) | _,94.7,False,,https://caau.syd1.cdn.digitaloceanspaces.com/wp-content/uploads/catalogue/coles/coles-catalogue-july-30-august-5-2025-vic-metro/33.jpg,https://www.catalogueau.com/coles/#catalogue=coles/coles-catalogue-july-30-august-5-2025-vic-metro/,displayed_price,displayed_price;unit_price,2,verified
Coles,VIC METRO,"Coles Catalogue July 30 - August 5, 2025 VIC METRO",2025-07-30,2025-08-06,33,Bulla Frozen Dessert Sticks 8 Pack-14 Pack 400mL-750mL,4.5,9.0,4.5,50.0,half_price,8 Pack; 14 Pack; 400mL; 750mL,,WASS9 | WASS9 | Bulla Frozen Dessert Sticks 8 Pack-14 Pack | 400mL-750mL | —— | SNNOISSEV | NNO,79.0,True,low_name_confidence_strict;inferred_price_requires_review,https://caau.syd1.cdn.digitaloceanspaces.com/wp-content/uploads/catalogue/coles/coles-catalogue-july-30-august-5-2025-vic-metro/33.jpg,https://www.catalogueau.com/coles/#catalogue=coles/coles-catalogue-july-30-august-5-2025-vic-metro/,page_discount_inference,page_discount,0,review
Coles,VIC METRO,"Coles Catalogue July 30 - August 5, 2025 VIC METRO",2025-07-30,2025-08-06,33,Connoisseur Ice Cream Tub 1 Litre,9.0,12.0,3.0,25.0,save_amount,1 Litre,$0.90 per 100mL,WASS12 | WASS12 | Connoisseur Ice Cream Tub 1 Litre | $0.90 per 100mL | ah. &,95.82,False,,https://caau.syd1.cdn.digitaloceanspaces.com/wp-content/uploads/catalogue/coles/coles-catalogue-july-30-august-5-2025-vic-metro/33.jpg,https://www.catalogueau.com/coles/#catalogue=coles/coles-catalogue-july-30-august-5-2025-vic-metro/,displayed_price,displayed_price;unit_price,2,verified
Coles,VIC METRO,"Coles Catalogue July 30 - August 5, 2025 VIC METRO",2025-07-30,2025-08-06,33,Creative Gourmet Frozen Blueberries 300g or Frozen Banana Chunks 500g,2.5,5.0,2.5,50.0,half_price,300g; 500g,,WASS5 | WASS5 | Creative Gourmet Frozen Blueberries 300g or | Frozen Banana Chunks 500g,96.1,True,inferred_price_requires_review,https://caau.syd1.cdn.digitaloceanspaces.com/wp-content/uploads/catalogue/coles/coles-catalogue-july-30-august-5-2025-vic-metro/33.jpg,https://www.catalogueau.com/coles/#catalogue=coles/coles-catalogue-july-30-august-5-2025-vic-metro/,page_discount_inference,page_discount,0,review
Coles,VIC METRO,"Coles Catalogue July 30 - August 5, 2025 VIC METRO",2025-07-30,2025-08-06,33,Coles Frozen Mango Sorbet Sticks 6 Pack 360mL,6.0,,,,special,6 Pack; 360mL,$1.67 per 100mL,Coles Frozen Mango Sorbet Sticks | 6 Pack 360mL $1.67 per 100mL,93.58,False,,https://caau.syd1.cdn.digitaloceanspaces.com/wp-content/uploads/catalogue/coles/coles-catalogue-july-30-august-5-2025-vic-metro/33.jpg,https://www.catalogueau.com/coles/#catalogue=coles/coles-catalogue-july-30-august-5-2025-vic-metro/,displayed_price,displayed_price;unit_price,2,verified
Coles,VIC METRO,"Coles Catalogue July 30 - August 5, 2025 VIC METRO",2025-07-30,2025-08-06,33,Coles Finest Luxury Sorbet Tub 500mL,7.0,,,,special,500mL,$1.40 per 100mL,Coles Finest Luxury Sorbet Tub | 500mL $1.40 per 100mL,91.9,False,,https://caau.syd1.cdn.digitaloceanspaces.com/wp-content/uploads/catalogue/coles/coles-catalogue-july-30-august-5-2025-vic-metro/33.jpg,https://www.catalogueau.com/coles/#catalogue=coles/coles-catalogue-july-30-august-5-2025-vic-metro/,displayed_price,displayed_price;unit_price,2,verified
Coles,VIC METRO,"Coles Catalogue July 30 - August 5, 2025 VIC METRO",2025-07-30,2025-08-06,34,Core Powerfoods Frozen Meals 350g,7.5,9.5,2.0,21.05,save_amount,350g,$2.14 per 100g,WASS9.50 | WASS9.50 | Core Powerfoods Frozen Meals | 350g $2.14 per 100g | a A,95.16,False,,https://caau.syd1.cdn.digitaloceanspaces.com/wp-content/uploads/catalogue/coles/coles-catalogue-july-30-august-5-2025-vic-metro/34.jpg,https://www.catalogueau.com/coles/#catalogue=coles/coles-catalogue-july-30-august-5-2025-vic-metro/,displayed_price,displayed_price;unit_price,2,verified
Coles,VIC METRO,"Coles Catalogue July 30 - August 5, 2025 VIC METRO",2025-07-30,2025-08-06,34,Dr. Oetker Ristorante Pizza 310g-390g 310g;,6.5,9.0,2.5,27.78,save_amount,310g; 390g,,WASS9 | WASS9 | Dr. Oetker Ristorante Pizza | 310g-390g | 310g; | TS,79.0,True,low_name_confidence_strict;single_price_evidence,https://caau.syd1.cdn.digitaloceanspaces.com/wp-content/uploads/catalogue/coles/coles-catalogue-july-30-august-5-2025-vic-metro/34.jpg,https://www.catalogueau.com/coles/#catalogue=coles/coles-catalogue-july-30-august-5-2025-vic-metro/,displayed_price,displayed_price,1,review
Coles,VIC METRO,"Coles Catalogue July 30 - August 5, 2025 VIC METRO",2025-07-30,2025-08-06,34,Herbert Adams Slow Cooked Beef Pies 2 Pack 400g-420g,6.9,10.0,3.1,31.0,save_amount,2 Pack; 400g; 420g,,WASS10 | WASS10 | Herbert Adams Slow Cooked | Beef Pies 2 Pack 400g-420g | VIC-METRO-3007-25-440313,94.26,True,single_price_evidence,https://caau.syd1.cdn.digitaloceanspaces.com/wp-content/uploads/catalogue/coles/coles-catalogue-july-30-august-5-2025-vic-metro/34.jpg,https://www.catalogueau.com/coles/#catalogue=coles/coles-catalogue-july-30-august-5-2025-vic-metro/,displayed_price,displayed_price,1,review
Coles,VIC METRO,"Coles Catalogue July 30 - August 5, 2025 VIC METRO",2025-07-30,2025-08-06,34,Birds Eye Deli Light Batter Fish 250g,8.0,10.0,2.0,20.0,save_amount,250g,$32.00 per kg,WASS10 | WASS10 | Birds Eye Deli Light Batter Fish | 250g $32.00 per kg,96.39,False,,https://caau.syd1.cdn.digitaloceanspaces.com/wp-content/uploads/catalogue/coles/coles-catalogue-july-30-august-5-2025-vic-metro/34.jpg,https://www.catalogueau.com/coles/#catalogue=coles/coles-catalogue-july-30-august-5-2025-vic-metro/,displayed_price,displayed_price;unit_price,2,verified
Coles,VIC METRO,"Coles Catalogue July 30 - August 5, 2025 VIC METRO",2025-07-30,2025-08-06,34,Family Faves Chicken Tenders 1kg,10.0,12.5,2.5,20.0,save_amount,1kg,$10.00 per kg,WASS12.50 | WASS12.50 | Family Faves Chicken Tenders | 1kg $10.00 per kg,79.0,True,low_name_confidence_strict,https://caau.syd1.cdn.digitaloceanspaces.com/wp-content/uploads/catalogue/coles/coles-catalogue-july-30-august-5-2025-vic-metro/34.jpg,https://www.catalogueau.com/coles/#catalogue=coles/coles-catalogue-july-30-august-5-2025-vic-metro/,displayed_price,displayed_price;unit_price,2,review
Coles,VIC METRO,"Coles Catalogue July 30 - August 5, 2025 VIC METRO",2025-07-30,2025-08-06,34,McCain Pub Size Meal 480g-500g,15.0,,,,special,480g; 500g,,McCain Pub Size Meal 480g-500g | *See page 10 for T&Cs | FAMILY | CRUNCHT | CRUNCH,94.16,True,offer_labels_missing;save_amount_missing;regular_price_missing;inferred_price_requires_review,https://caau.syd1.cdn.digitaloceanspaces.com/wp-content/uploads/catalogue/coles/coles-catalogue-july-30-august-5-2025-vic-metro/34.jpg,https://www.catalogueau.com/coles/#catalogue=coles/coles-catalogue-july-30-august-5-2025-vic-metro/,displayed_price,displayed_price;grid_inference,1,review
Coles,VIC METRO,"Coles Catalogue July 30 - August 5, 2025 VIC METRO",2025-07-30,2025-08-06,34,Coles Belgian Chocolate Lava Cakes 2 Pack 180g,5.0,,,,everyday,2 Pack; 180g,$2.78 per 100g,Coles Belgian Chocolate Lava Cakes | 2 Pack 180g $2.78 per 100g | Ss | ec | | — | Min,96.4,False,,https://caau.syd1.cdn.digitaloceanspaces.com/wp-content/uploads/catalogue/coles/coles-catalogue-july-30-august-5-2025-vic-metro/34.jpg,https://www.catalogueau.com/coles/#catalogue=coles/coles-catalogue-july-30-august-5-2025-vic-metro/,displayed_price,displayed_price;unit_price,2,verified
Coles,VIC METRO,"Coles Catalogue July 30 - August 5, 2025 VIC METRO",2025-07-30,2025-08-06,34,Coles Chocolate & Strawberry Vanilla Milkshake Pops 8 Pack 440mL,5.0,,,,everyday,8 Pack; 440mL,$1.14 per 100mL,Coles Chocolate & Strawberry Vanilla | Milkshake Pops 8 Pack 440mL $1.14 per 100mL | Or. Optker] | AGE | orante,94.86,True,single_price_evidence,https://caau.syd1.cdn.digitaloceanspaces.com/wp-content/uploads/catalogue/coles/coles-catalogue-july-30-august-5-2025-vic-metro/34.jpg,https://www.catalogueau.com/coles/#catalogue=coles/coles-catalogue-july-30-august-5-2025-vic-metro/,unit_price,unit_price,1,review
Coles,VIC METRO,"Coles Catalogue July 30 - August 5, 2025 VIC METRO",2025-07-30,2025-08-06,35,Beach Rd Naturals Body Bar 150g,2.0,4.0,2.0,50.0,half_price,150g,$1.33 per 100g,SAVE *2 | WAS $4 | Beach Rd Naturals Body Bar | 150g $1.33 per 100g,96.54,False,,https://caau.syd1.cdn.digitaloceanspaces.com/wp-content/uploads/catalogue/coles/coles-catalogue-july-30-august-5-2025-vic-metro/35.jpg,https://www.catalogueau.com/coles/#catalogue=coles/coles-catalogue-july-30-august-5-2025-vic-metro/,save_was_arithmetic,displayed_price;save_was_arithmetic;unit_price,3,verified
Coles,VIC METRO,"Coles Catalogue July 30 - August 5, 2025 VIC METRO",2025-07-30,2025-08-06,35,Brut 48hr Antiperspirant Aerosol Deodorant 212mL,4.25,8.5,4.25,50.0,half_price,212mL,$2.00 per 100mL,SAVE%4.25 | WASS$8.50 | Brut 48hr Antiperspirant | Aerosol Deodorant 212mL | $2.00 per 100mL,92.57,False,,https://caau.syd1.cdn.digitaloceanspaces.com/wp-content/uploads/catalogue/coles/coles-catalogue-july-30-august-5-2025-vic-metro/35.jpg,https://www.catalogueau.com/coles/#catalogue=coles/coles-catalogue-july-30-august-5-2025-vic-metro/,save_was_arithmetic,displayed_price;save_was_arithmetic;unit_price,3,verified
Coles,VIC METRO,"Coles Catalogue July 30 - August 5, 2025 VIC METRO",2025-07-30,2025-08-06,35,David Beckham Body Spray 150mL,4.5,9.0,4.5,50.0,half_price,150mL,$3.00 per 100mL,SAVE%4.50 | WASS9 | David Beckham Body Spray | 150mL $3.00 per 100mL,94.51,False,,https://caau.syd1.cdn.digitaloceanspaces.com/wp-content/uploads/catalogue/coles/coles-catalogue-july-30-august-5-2025-vic-metro/35.jpg,https://www.catalogueau.com/coles/#catalogue=coles/coles-catalogue-july-30-august-5-2025-vic-metro/,save_was_arithmetic,save_was_arithmetic;unit_price,2,verified
Coles,VIC METRO,"Coles Catalogue July 30 - August 5, 2025 VIC METRO",2025-07-30,2025-08-06,35,Tom Organic Regular or Super Tampons 16 Pack,5.0,6.8,1.8,26.47,save_amount,16 Pack,$0.31 per each,SAVE51.80 | WASS6.80 | Tom Organic Regular or Super | Tampons 16 Pack $0.31 per each,96.29,True,single_price_evidence,https://caau.syd1.cdn.digitaloceanspaces.com/wp-content/uploads/catalogue/coles/coles-catalogue-july-30-august-5-2025-vic-metro/35.jpg,https://www.catalogueau.com/coles/#catalogue=coles/coles-catalogue-july-30-august-5-2025-vic-metro/,unknown,,0,review
Coles,VIC METRO,"Coles Catalogue July 30 - August 5, 2025 VIC METRO",2025-07-30,2025-08-06,35,Oral B Sensitive Clean Electric Toothbrush Refill Heads 2 Pack,11.0,16.0,5.0,31.25,save_amount,2 Pack,$5.50 per each,SAVE*5 | WASS16 | Oral B Sensitive Clean | Electric Toothbrush Refill | Heads 2 Pack | $5.50 per each | “This medicine may not be right for you. Read the label before purchase. Follow the directions for use.,79.0,True,low_name_confidence_strict,https://caau.syd1.cdn.digitaloceanspaces.com/wp-content/uploads/catalogue/coles/coles-catalogue-july-30-august-5-2025-vic-metro/35.jpg,https://www.catalogueau.com/coles/#catalogue=coles/coles-catalogue-july-30-august-5-2025-vic-metro/,save_was_arithmetic,displayed_price;save_was_arithmetic;unit_price,3,review
Coles,VIC METRO,"Coles Catalogue July 30 - August 5, 2025 VIC METRO",2025-07-30,2025-08-06,35,Codral Cold & Flu Tablets 16 Pack*,9.45,13.47,4.02,29.84,save_amount,16 Pack,$0.59 per each,WAS $13.47 | WAS $13.47 | JUN 2025 | Codral Cold & Flu | Tablets 16 Pack* | $0.59 per each | “This medicine may not be right for you. Read the label before purchase. Follow the directions for use.,93.32,True,single_price_evidence,https://caau.syd1.cdn.digitaloceanspaces.com/wp-content/uploads/catalogue/coles/coles-catalogue-july-30-august-5-2025-vic-metro/35.jpg,https://www.catalogueau.com/coles/#catalogue=coles/coles-catalogue-july-30-august-5-2025-vic-metro/,unknown,,0,review
Coles,VIC METRO,"Coles Catalogue July 30 - August 5, 2025 VIC METRO",2025-07-30,2025-08-06,35,Gillette Mach3+ Razor Kit 1 Each,10.5,15.0,4.5,30.0,save_amount,,$10.50 per each,SAVE%4.50 | WASS15 | Gillette Mach3+ Razor Kit | 1 Each $10.50 per each,95.29,False,,https://caau.syd1.cdn.digitaloceanspaces.com/wp-content/uploads/catalogue/coles/coles-catalogue-july-30-august-5-2025-vic-metro/35.jpg,https://www.catalogueau.com/coles/#catalogue=coles/coles-catalogue-july-30-august-5-2025-vic-metro/,save_was_arithmetic,save_was_arithmetic;unit_price,2,verified
Coles,VIC METRO,"Coles Catalogue July 30 - August 5, 2025 VIC METRO",2025-07-30,2025-08-06,35,"Ease a Cold Cough, Cold & Flu Capsules 24 Pack*",12.5,19.0,6.5,34.21,save_amount,24 Pack,$0.52 per each,"SAVE%6.50 | WASS19 | Ease a Cold Cough, | Cold & Flu Capsules | 24 Pack* $0.52 per each",93.89,True,single_price_evidence,https://caau.syd1.cdn.digitaloceanspaces.com/wp-content/uploads/catalogue/coles/coles-catalogue-july-30-august-5-2025-vic-metro/35.jpg,https://www.catalogueau.com/coles/#catalogue=coles/coles-catalogue-july-30-august-5-2025-vic-metro/,save_was_arithmetic,save_was_arithmetic,1,review
Coles,VIC METRO,"Coles Catalogue July 30 - August 5, 2025 VIC METRO",2025-07-30,2025-08-06,35,Libra Body Fit Tampons Regular or Super 32 Pack,8.0,,,,special,32 Pack,$0.25 per each,Libra Body Fit Tampons Regular | or Super 32 Pack $0.25 per each,95.93,True,offer_labels_missing;save_amount_missing;regular_price_missing;single_price_evidence,https://caau.syd1.cdn.digitaloceanspaces.com/wp-content/uploads/catalogue/coles/coles-catalogue-july-30-august-5-2025-vic-metro/35.jpg,https://www.catalogueau.com/coles/#catalogue=coles/coles-catalogue-july-30-august-5-2025-vic-metro/,displayed_price,displayed_price,1,review
Coles,VIC METRO,"Coles Catalogue July 30 - August 5, 2025 VIC METRO",2025-07-30,2025-08-06,35,U By Kotex Ultra Thin Pads with Wings Regular 14 Pack or Super 12 Pack,350.5,,,,special,14 Pack; 12 Pack,,U By Kotex Ultra Thin Pads with | Wings Regular 14 Pack or Super | 12 Pack | cl | NEW,79.0,True,offer_labels_missing;save_amount_missing;regular_price_missing;low_name_confidence_strict;single_price_evidence,https://caau.syd1.cdn.digitaloceanspaces.com/wp-content/uploads/catalogue/coles/coles-catalogue-july-30-august-5-2025-vic-metro/35.jpg,https://www.catalogueau.com/coles/#catalogue=coles/coles-catalogue-july-30-august-5-2025-vic-metro/,displayed_price,displayed_price,1,review
Coles,VIC METRO,"Coles Catalogue July 30 - August 5, 2025 VIC METRO",2025-07-30,2025-08-06,36,Garnier Vitamin C Brightening Foam Wash 100mL,6.0,,,,special,100mL,$6.00 per 100mL,Garnier Vitamin C Brightening | Foam Wash 100mL | $6.00 per 100mL,93.78,False,,https://caau.syd1.cdn.digitaloceanspaces.com/wp-content/uploads/catalogue/coles/coles-catalogue-july-30-august-5-2025-vic-metro/36.jpg,https://www.catalogueau.com/coles/#catalogue=coles/coles-catalogue-july-30-august-5-2025-vic-metro/,displayed_price,displayed_price;unit_price,2,verified
Coles,VIC METRO,"Coles Catalogue July 30 - August 5, 2025 VIC METRO",2025-07-30,2025-08-06,36,Garnier Pure Active Pimple Patches 22 Pack,6.5,,,,special,22 Pack,$0.30 per each,Garnier Pure Active Pimple | Patches 22 Pack | $0.30 per each,96.5,True,offer_labels_missing;save_amount_missing;regular_price_missing;single_price_evidence,https://caau.syd1.cdn.digitaloceanspaces.com/wp-content/uploads/catalogue/coles/coles-catalogue-july-30-august-5-2025-vic-metro/36.jpg,https://www.catalogueau.com/coles/#catalogue=coles/coles-catalogue-july-30-august-5-2025-vic-metro/,displayed_price,displayed_price,1,review
Coles,VIC METRO,"Coles Catalogue July 30 - August 5, 2025 VIC METRO",2025-07-30,2025-08-06,36,Garnier Micellar Cleansing Water 700mL,15.0,,,,special,700mL,$2.14 per 100mL,Garnier Micellar Cleansing | Water 700mL $2.14 per 100mL | | | |,94.46,False,,https://caau.syd1.cdn.digitaloceanspaces.com/wp-content/uploads/catalogue/coles/coles-catalogue-july-30-august-5-2025-vic-metro/36.jpg,https://www.catalogueau.com/coles/#catalogue=coles/coles-catalogue-july-30-august-5-2025-vic-metro/,displayed_price,displayed_price;unit_price,2,verified
Coles,VIC METRO,"Coles Catalogue July 30 - August 5, 2025 VIC METRO",2025-07-30,2025-08-06,36,L'Oréal Men Pure Carbon Face Wash or Scrub 100mL,7.0,,,,special,100mL,$7.00 per 100mL,L'Oréal Men Pure Carbon | Face Wash or Scrub 100mL | $7.00 per 100mL,94.23,False,,https://caau.syd1.cdn.digitaloceanspaces.com/wp-content/uploads/catalogue/coles/coles-catalogue-july-30-august-5-2025-vic-metro/36.jpg,https://www.catalogueau.com/coles/#catalogue=coles/coles-catalogue-july-30-august-5-2025-vic-metro/,displayed_price,displayed_price;unit_price,2,verified
Coles,VIC METRO,"Coles Catalogue July 30 - August 5, 2025 VIC METRO",2025-07-30,2025-08-06,36,L'Oréal Elvive Glycolic Gloss Shampoo 200mL or Conditioner 150mL,11.0,,,,special,200mL; 150mL,,L'Oréal Elvive Glycolic Gloss | Shampoo 200mL or Conditioner | 150mL | ‘| | | | y,92.58,True,offer_labels_missing;save_amount_missing;regular_price_missing;single_price_evidence,https://caau.syd1.cdn.digitaloceanspaces.com/wp-content/uploads/catalogue/coles/coles-catalogue-july-30-august-5-2025-vic-metro/36.jpg,https://www.catalogueau.com/coles/#catalogue=coles/coles-catalogue-july-30-august-5-2025-vic-metro/,displayed_price,displayed_price,1,review
Coles,VIC METRO,"Coles Catalogue July 30 - August 5, 2025 VIC METRO",2025-07-30,2025-08-06,36,L'Oréal Infaillible Setting Spray 75mL,18.0,,,,special,75mL,,L'Oréal Infaillible Setting Spray | 75mL $2.40 per 10mL. | On sale for 2 weeks,88.96,True,offer_labels_missing;save_amount_missing;regular_price_missing;single_price_evidence,https://caau.syd1.cdn.digitaloceanspaces.com/wp-content/uploads/catalogue/coles/coles-catalogue-july-30-august-5-2025-vic-metro/36.jpg,https://www.catalogueau.com/coles/#catalogue=coles/coles-catalogue-july-30-august-5-2025-vic-metro/,displayed_price,displayed_price,1,review
Coles,VIC METRO,"Coles Catalogue July 30 - August 5, 2025 VIC METRO",2025-07-30,2025-08-06,36,L'Oréal Age Perfect Day Cream or Revitalift,24.0,,,,special,,$48.00 per 100mL,L'Oréal Age Perfect | Day Cream or Revitalift | Anti-Wrinkle Night | Cream 50mL | $48.00 per 100mL,93.95,True,offer_labels_missing;save_amount_missing;regular_price_missing;single_price_evidence,https://caau.syd1.cdn.digitaloceanspaces.com/wp-content/uploads/catalogue/coles/coles-catalogue-july-30-august-5-2025-vic-metro/36.jpg,https://www.catalogueau.com/coles/#catalogue=coles/coles-catalogue-july-30-august-5-2025-vic-metro/,displayed_price,displayed_price,1,review
Coles,VIC METRO,"Coles Catalogue July 30 - August 5, 2025 VIC METRO",2025-07-30,2025-08-06,36,L'Oréal True Match Liquid Foundation 30mL,20.0,,,,special,30mL,,L'Oréal True Match | Liquid Foundation 30mL | $6.67 per 10mL. | On sale for 2 weeks,93.8,True,offer_labels_missing;save_amount_missing;regular_price_missing;single_price_evidence,https://caau.syd1.cdn.digitaloceanspaces.com/wp-content/uploads/catalogue/coles/coles-catalogue-july-30-august-5-2025-vic-metro/36.jpg,https://www.catalogueau.com/coles/#catalogue=coles/coles-catalogue-july-30-august-5-2025-vic-metro/,displayed_price,displayed_price,1,review
Coles,VIC METRO,"Coles Catalogue July 30 - August 5, 2025 VIC METRO",2025-07-30,2025-08-06,36,L'Oréal Telescopic Mascara 8mL,18.0,,,,special,8mL,,L'Oréal Telescopic | Mascara 8mL | $22.50 per 10mL. | On sale for 2 weeks | VIC-METRO-3007-25-440313,93.45,True,offer_labels_missing;save_amount_missing;regular_price_missing;single_price_evidence,https://caau.syd1.cdn.digitaloceanspaces.com/wp-content/uploads/catalogue/coles/coles-catalogue-july-30-august-5-2025-vic-metro/36.jpg,https://www.catalogueau.com/coles/#catalogue=coles/coles-catalogue-july-30-august-5-2025-vic-metro/,displayed_price,displayed_price,1,review
Coles,VIC METRO,"Coles Catalogue July 30 - August 5, 2025 VIC METRO",2025-07-30,2025-08-06,36,L'Oréal Revitalift Filler Plumping Serum 30mL,36.0,,,,special,30mL,$120.00 per 100mL,L'Oréal Revitalift Filler | Plumping Serum 30mL | $120.00 per 100mL,92.02,False,,https://caau.syd1.cdn.digitaloceanspaces.com/wp-content/uploads/catalogue/coles/coles-catalogue-july-30-august-5-2025-vic-metro/36.jpg,https://www.catalogueau.com/coles/#catalogue=coles/coles-catalogue-july-30-august-5-2025-vic-metro/,displayed_price,displayed_price;unit_price,2,verified
Coles,VIC METRO,"Coles Catalogue July 30 - August 5, 2025 VIC METRO",2025-07-30,2025-08-06,37,Alula Gentle Stage 3 Toddler Milk Drink 900g,16.0,,,,special,900g,$1.78 per 100g,Alula Gentle Stage 3 Toddler | Milk Drink 900g $1.78 per 100g,79.0,True,low_name_confidence_strict,https://caau.syd1.cdn.digitaloceanspaces.com/wp-content/uploads/catalogue/coles/coles-catalogue-july-30-august-5-2025-vic-metro/37.jpg,https://www.catalogueau.com/coles/#catalogue=coles/coles-catalogue-july-30-august-5-2025-vic-metro/,displayed_price,displayed_price;unit_price,2,review
Coles,VIC METRO,"Coles Catalogue July 30 - August 5, 2025 VIC METRO",2025-07-30,2025-08-06,37,BabyLove Jumbo Nappy Pants 42 Pack-56 Pack,24.0,,,,special,42 Pack; 56 Pack,,BabyLove Jumbo Nappy Pants | 42 Pack-56 Pack | On sale for 2 weeks,79.0,True,offer_labels_missing;save_amount_missing;regular_price_missing;low_name_confidence_strict;single_price_evidence,https://caau.syd1.cdn.digitaloceanspaces.com/wp-content/uploads/catalogue/coles/coles-catalogue-july-30-august-5-2025-vic-metro/37.jpg,https://www.catalogueau.com/coles/#catalogue=coles/coles-catalogue-july-30-august-5-2025-vic-metro/,displayed_price,displayed_price,1,review
Coles,VIC METRO,"Coles Catalogue July 30 - August 5, 2025 VIC METRO",2025-07-30,2025-08-06,37,Aptamil Gold+ 3 Toddler Milk Drink 900g,26.5,,,,special,900g,$2.94 per 100g,Aptamil Gold+ 3 Toddler Milk Drink | 900g $2.94 per 100g,95.05,False,,https://caau.syd1.cdn.digitaloceanspaces.com/wp-content/uploads/catalogue/coles/coles-catalogue-july-30-august-5-2025-vic-metro/37.jpg,https://www.catalogueau.com/coles/#catalogue=coles/coles-catalogue-july-30-august-5-2025-vic-metro/,displayed_price,displayed_price;unit_price,2,verified
Coles,VIC METRO,"Coles Catalogue July 30 - August 5, 2025 VIC METRO",2025-07-30,2025-08-06,37,Huggies Ultra Dry Bulk Nappies 30 Pack-54 Pack,13.0,,,,special,30 Pack; 54 Pack,,Huggies Ultra Dry Bulk | Nappies 30 Pack-54 Pack | ADVERTISER PROMOTION | VIC-METRO-3007-25-440313,95.42,True,offer_labels_missing;save_amount_missing;regular_price_missing;single_price_evidence,https://caau.syd1.cdn.digitaloceanspaces.com/wp-content/uploads/catalogue/coles/coles-catalogue-july-30-august-5-2025-vic-metro/37.jpg,https://www.catalogueau.com/coles/#catalogue=coles/coles-catalogue-july-30-august-5-2025-vic-metro/,displayed_price,displayed_price,1,review
Coles,VIC METRO,"Coles Catalogue July 30 - August 5, 2025 VIC METRO",2025-07-30,2025-08-06,37,Huggies Baby Wipes 216 Pack-240 Pack,10.7,,,,special,216 Pack; 240 Pack,,Huggies Baby Wipes | 216 Pack-240 Pack,94.85,True,offer_labels_missing;save_amount_missing;regular_price_missing;single_price_evidence,https://caau.syd1.cdn.digitaloceanspaces.com/wp-content/uploads/catalogue/coles/coles-catalogue-july-30-august-5-2025-vic-metro/37.jpg,https://www.catalogueau.com/coles/#catalogue=coles/coles-catalogue-july-30-august-5-2025-vic-metro/,displayed_price,displayed_price,1,review
Coles,VIC METRO,"Coles Catalogue July 30 - August 5, 2025 VIC METRO",2025-07-30,2025-08-06,38,Sorbent 2-Ply Extra Thick & Large Facial Tissues 95 Pack,1.9,2.2,0.3,13.64,save_amount,95 Pack,$2.00 per 100,WAS $2.20 | WAS $2.20 | JUL 2025 | Sorbent 2-Ply Extra Thick & Large | Facial Tissues 95 Pack | $2.00 per 100 sheets,95.4,True,single_price_evidence,https://caau.syd1.cdn.digitaloceanspaces.com/wp-content/uploads/catalogue/coles/coles-catalogue-july-30-august-5-2025-vic-metro/38.jpg,https://www.catalogueau.com/coles/#catalogue=coles/coles-catalogue-july-30-august-5-2025-vic-metro/,displayed_price,displayed_price,1,review
Coles,VIC METRO,"Coles Catalogue July 30 - August 5, 2025 VIC METRO",2025-07-30,2025-08-06,38,Ziploc Resealable Medium Storage Freezer Bags 19 Pack,3.5,4.4,0.9,20.45,save_amount,19 Pack,$0.18 per each,WAS $4.40 | WAS $4.40 | MAY 2025 | Ziploc Resealable Medium | Storage Freezer Bags 19 Pack | $0.18 per each | ca x,96.44,True,single_price_evidence,https://caau.syd1.cdn.digitaloceanspaces.com/wp-content/uploads/catalogue/coles/coles-catalogue-july-30-august-5-2025-vic-metro/38.jpg,https://www.catalogueau.com/coles/#catalogue=coles/coles-catalogue-july-30-august-5-2025-vic-metro/,displayed_price,displayed_price,1,review
Coles,VIC METRO,"Coles Catalogue July 30 - August 5, 2025 VIC METRO",2025-07-30,2025-08-06,38,Fancy Feast Classic or Creamy Delights Cat Food 85g,1.0,,,,special,85g,$1.18 per 100g,Fancy Feast Classic or Creamy | Delights Cat Food 85g | $1.18 per 100g,96.49,False,,https://caau.syd1.cdn.digitaloceanspaces.com/wp-content/uploads/catalogue/coles/coles-catalogue-july-30-august-5-2025-vic-metro/38.jpg,https://www.catalogueau.com/coles/#catalogue=coles/coles-catalogue-july-30-august-5-2025-vic-metro/,displayed_price,displayed_price;unit_price,2,verified
Coles,VIC METRO,"Coles Catalogue July 30 - August 5, 2025 VIC METRO",2025-07-30,2025-08-06,38,Pyrex Bake N Store Glass Container 1.5 Litre,11.0,,,,special,1.5 Litre,$11.00 per each,Pyrex Bake N Store Glass | Container 1.5 Litre | $11.00 | $11.00 per each,96.23,False,,https://caau.syd1.cdn.digitaloceanspaces.com/wp-content/uploads/catalogue/coles/coles-catalogue-july-30-august-5-2025-vic-metro/38.jpg,https://www.catalogueau.com/coles/#catalogue=coles/coles-catalogue-july-30-august-5-2025-vic-metro/,displayed_price,displayed_price;unit_price,2,verified
Coles,VIC METRO,"Coles Catalogue July 30 - August 5, 2025 VIC METRO",2025-07-30,2025-08-06,38,Earth Choice All In 1 Dishwashing Tablets 42 Pack,12.4,,,,special,42 Pack,$0.30 per each,Earth Choice All In 1 | Dishwashing Tablets 42 Pack | $0.30 per each,96.29,True,offer_labels_missing;save_amount_missing;regular_price_missing;single_price_evidence,https://caau.syd1.cdn.digitaloceanspaces.com/wp-content/uploads/catalogue/coles/coles-catalogue-july-30-august-5-2025-vic-metro/38.jpg,https://www.catalogueau.com/coles/#catalogue=coles/coles-catalogue-july-30-august-5-2025-vic-metro/,displayed_price,displayed_price,1,review
Coles,VIC METRO,"Coles Catalogue July 30 - August 5, 2025 VIC METRO",2025-07-30,2025-08-06,38,Purina One Adult Dry Cat Food 1.4kg- 1.5kg,12.0,,,,special,1.4kg; 1.5kg,,Ve | Purina One | Adult Dry Cat Food | 1.4kg- | 1.5kg | ONE,79.0,True,offer_labels_missing;save_amount_missing;regular_price_missing;low_name_confidence_strict;single_price_evidence,https://caau.syd1.cdn.digitaloceanspaces.com/wp-content/uploads/catalogue/coles/coles-catalogue-july-30-august-5-2025-vic-metro/38.jpg,https://www.catalogueau.com/coles/#catalogue=coles/coles-catalogue-july-30-august-5-2025-vic-metro/,displayed_price,displayed_price,1,review
Coles,VIC METRO,"Coles Catalogue July 30 - August 5, 2025 VIC METRO",2025-07-30,2025-08-06,38,IMMUN! Purina One Cat Food 70g,1.0,,,,special,70g,$1.43 per 100g,IMMUN! | Purina One Cat Food | 70g $1.43 per 100g,79.0,True,low_name_confidence_strict,https://caau.syd1.cdn.digitaloceanspaces.com/wp-content/uploads/catalogue/coles/coles-catalogue-july-30-august-5-2025-vic-metro/38.jpg,https://www.catalogueau.com/coles/#catalogue=coles/coles-catalogue-july-30-august-5-2025-vic-metro/,displayed_price,displayed_price;unit_price,2,review
Coles,VIC METRO,"Coles Catalogue July 30 - August 5, 2025 VIC METRO",2025-07-30,2025-08-06,39,Purina One Adult Dry Cat Food 1.4kg-1.5kg,12.0,20.0,8.0,40.0,save_amount,1.4kg; 1.5kg,,WASS20 | WASS20 | Purina One Adult Dry Cat Food | 1.4kg-1.5kg | = | =,87.16,True,single_price_evidence,https://caau.syd1.cdn.digitaloceanspaces.com/wp-content/uploads/catalogue/coles/coles-catalogue-july-30-august-5-2025-vic-metro/39.jpg,https://www.catalogueau.com/coles/#catalogue=coles/coles-catalogue-july-30-august-5-2025-vic-metro/,displayed_price,displayed_price,1,review
Coles,VIC METRO,"Coles Catalogue July 30 - August 5, 2025 VIC METRO",2025-07-30,2025-08-06,39,"Supercoat Dry Dog Food 2.6kg-2.8kg ""See page 10 forT&Cs",12.25,18.0,5.75,31.94,save_amount,2.6kg; 2.8kg,,"Supercoat Dry Dog Food | 2.6kg-2.8kg ""See page 10 forT&Cs | von O) | —",91.67,True,offer_labels_missing;single_price_evidence,https://caau.syd1.cdn.digitaloceanspaces.com/wp-content/uploads/catalogue/coles/coles-catalogue-july-30-august-5-2025-vic-metro/39.jpg,https://www.catalogueau.com/coles/#catalogue=coles/coles-catalogue-july-30-august-5-2025-vic-metro/,unknown,,0,review
Coles,VIC METRO,"Coles Catalogue July 30 - August 5, 2025 VIC METRO",2025-07-30,2025-08-06,39,Temptations Cat Treats 85g,4.0,5.5,1.5,27.27,save_amount,85g,$4.71 per 100g,WASS5.50 | WASS5.50 | Temptations Cat Treats 85g | $4.71 per 100g | rn,92.97,False,,https://caau.syd1.cdn.digitaloceanspaces.com/wp-content/uploads/catalogue/coles/coles-catalogue-july-30-august-5-2025-vic-metro/39.jpg,https://www.catalogueau.com/coles/#catalogue=coles/coles-catalogue-july-30-august-5-2025-vic-metro/,displayed_price,displayed_price;unit_price,2,verified
Coles,VIC METRO,"Coles Catalogue July 30 - August 5, 2025 VIC METRO",2025-07-30,2025-08-06,39,Pedigree Dry Dog Food 8kg,24.0,30.5,6.5,21.31,save_amount,8kg,$0.30 per 100g,WAS$30.50 | WAS$30.50 | Pedigree Dry Dog Food 8kg | $0.30 per 100g | el,95.1,True,single_price_evidence,https://caau.syd1.cdn.digitaloceanspaces.com/wp-content/uploads/catalogue/coles/coles-catalogue-july-30-august-5-2025-vic-metro/39.jpg,https://www.catalogueau.com/coles/#catalogue=coles/coles-catalogue-july-30-august-5-2025-vic-metro/,displayed_price,displayed_price,1,review
Coles,VIC METRO,"Coles Catalogue July 30 - August 5, 2025 VIC METRO",2025-07-30,2025-08-06,39,Nature's Gift Meatballs Dog Food 700g,4.5,6.5,2.0,30.77,save_amount,700g,$0.64 per 100g,WAS$6.50 | WAS$6.50 | Nature's Gift Meatballs Dog Food | 700g $0.64 per 100g. | From the chilled pet food fridge,79.0,True,low_name_confidence_strict;single_price_evidence,https://caau.syd1.cdn.digitaloceanspaces.com/wp-content/uploads/catalogue/coles/coles-catalogue-july-30-august-5-2025-vic-metro/39.jpg,https://www.catalogueau.com/coles/#catalogue=coles/coles-catalogue-july-30-august-5-2025-vic-metro/,unit_price,unit_price,1,review
Coles,VIC METRO,"Coles Catalogue July 30 - August 5, 2025 VIC METRO",2025-07-30,2025-08-06,39,Pedigree Dentastix 7 Pack,5.55,7.0,1.45,20.71,save_amount,7 Pack,$0.79 per each,WASS7 | WASS7 | Pedigree Dentastix 7 Pack | $0.79 per each | = | =,93.48,True,single_price_evidence,https://caau.syd1.cdn.digitaloceanspaces.com/wp-content/uploads/catalogue/coles/coles-catalogue-july-30-august-5-2025-vic-metro/39.jpg,https://www.catalogueau.com/coles/#catalogue=coles/coles-catalogue-july-30-august-5-2025-vic-metro/,unit_price,unit_price,1,review
Coles,VIC METRO,"Coles Catalogue July 30 - August 5, 2025 VIC METRO",2025-07-30,2025-08-06,39,Schmackos Dog Treats 450g-500g,13.6,17.0,3.4,20.0,save_amount,450g; 500g,,WASS17 | WASS17 | Schmackos Dog Treats | 450g-500g,92.68,True,single_price_evidence,https://caau.syd1.cdn.digitaloceanspaces.com/wp-content/uploads/catalogue/coles/coles-catalogue-july-30-august-5-2025-vic-metro/39.jpg,https://www.catalogueau.com/coles/#catalogue=coles/coles-catalogue-july-30-august-5-2025-vic-metro/,displayed_price,displayed_price,1,review
Coles,VIC METRO,"Coles Catalogue July 30 - August 5, 2025 VIC METRO",2025-07-30,2025-08-06,39,Fancy Feast Cat Food 18x85g,22.5,,,,special,18x85g,$1.47 per 100g,Fancy Feast Cat Food 18x85g | $1.47 per 100g,94.59,True,offer_labels_missing;save_amount_missing;regular_price_missing;single_price_evidence,https://caau.syd1.cdn.digitaloceanspaces.com/wp-content/uploads/catalogue/coles/coles-catalogue-july-30-august-5-2025-vic-metro/39.jpg,https://www.catalogueau.com/coles/#catalogue=coles/coles-catalogue-july-30-august-5-2025-vic-metro/,unknown,,0,review
Coles,VIC METRO,"Coles Catalogue July 30 - August 5, 2025 VIC METRO",2025-07-30,2025-08-06,39,Friskies Dry Cat Food 2.5kg,13.9,,,,special,2.5kg,$0.56 per 100g,Friskies Dry Cat Food 2.5kg | $0.56 per 100g,95.45,True,offer_labels_missing;save_amount_missing;regular_price_missing;single_price_evidence,https://caau.syd1.cdn.digitaloceanspaces.com/wp-content/uploads/catalogue/coles/coles-catalogue-july-30-august-5-2025-vic-metro/39.jpg,https://www.catalogueau.com/coles/#catalogue=coles/coles-catalogue-july-30-august-5-2025-vic-metro/,displayed_price,displayed_price,1,review
Coles,VIC METRO,"Coles Catalogue July 30 - August 5, 2025 VIC METRO",2025-07-30,2025-08-06,40,Bonds Men's Guyfront Trunk 1 Pack,15.0,25.0,10.0,40.0,save_amount,1 Pack,,SAVES10 | WASS$25 | Bonds Men's Guyfront Trunk | 1 Pack,95.02,False,,https://caau.syd1.cdn.digitaloceanspaces.com/wp-content/uploads/catalogue/coles/coles-catalogue-july-30-august-5-2025-vic-metro/40.jpg,https://www.catalogueau.com/coles/#catalogue=coles/coles-catalogue-july-30-august-5-2025-vic-metro/,save_was_arithmetic,displayed_price;save_was_arithmetic,2,verified
Coles,VIC METRO,"Coles Catalogue July 30 - August 5, 2025 VIC METRO",2025-07-30,2025-08-06,40,Morning Fresh Dishwashing Liquid 900mL,5.0,10.0,5.0,50.0,half_price,900mL,$0.56 per 100mL,SAVES | WASS10 | Morning Fresh Dishwashing | Liquid 900mL $0.56 per 100mL,93.33,False,,https://caau.syd1.cdn.digitaloceanspaces.com/wp-content/uploads/catalogue/coles/coles-catalogue-july-30-august-5-2025-vic-metro/40.jpg,https://www.catalogueau.com/coles/#catalogue=coles/coles-catalogue-july-30-august-5-2025-vic-metro/,displayed_price,displayed_price;unit_price,2,verified
Coles,VIC METRO,"Coles Catalogue July 30 - August 5, 2025 VIC METRO",2025-07-30,2025-08-06,40,Earthwise Dishwashing Liquid 500mL,3.0,6.0,3.0,50.0,half_price,500mL,$0.60 per 100mL,SAVE53 | WASS6 | Earthwise Dishwashing Liquid | 500mL $0.60 per 100mL | Ly,90.99,False,,https://caau.syd1.cdn.digitaloceanspaces.com/wp-content/uploads/catalogue/coles/coles-catalogue-july-30-august-5-2025-vic-metro/40.jpg,https://www.catalogueau.com/coles/#catalogue=coles/coles-catalogue-july-30-august-5-2025-vic-metro/,displayed_price,displayed_price;unit_price,2,verified
Coles,VIC METRO,"Coles Catalogue July 30 - August 5, 2025 VIC METRO",2025-07-30,2025-08-06,40,Downy Concentrate Fabric Conditioner 800mL,6.5,13.0,6.5,50.0,half_price,800mL,$8.13 per litre,SAVES6.50 | WASS13 | Downy Concentrate Fabric | Conditioner 800mL | $8.13 per litre,94.37,False,,https://caau.syd1.cdn.digitaloceanspaces.com/wp-content/uploads/catalogue/coles/coles-catalogue-july-30-august-5-2025-vic-metro/40.jpg,https://www.catalogueau.com/coles/#catalogue=coles/coles-catalogue-july-30-august-5-2025-vic-metro/,save_was_arithmetic,save_was_arithmetic;unit_price,2,verified
Coles,VIC METRO,"Coles Catalogue July 30 - August 5, 2025 VIC METRO",2025-07-30,2025-08-06,40,Air Wick Essential Oils Candle 1 Each,4.0,8.0,4.0,50.0,half_price,,$4.00 per each,SAVE%4 | WASS8 | Air Wick Essential Oils Candle | 1 Each $4.00 per each | VIC-METRO-3007-25-440313,96.12,False,,https://caau.syd1.cdn.digitaloceanspaces.com/wp-content/uploads/catalogue/coles/coles-catalogue-july-30-august-5-2025-vic-metro/40.jpg,https://www.catalogueau.com/coles/#catalogue=coles/coles-catalogue-july-30-august-5-2025-vic-metro/,save_was_arithmetic,displayed_price;save_was_arithmetic;unit_price,3,verified
Coles,VIC METRO,"Coles Catalogue July 30 - August 5, 2025 VIC METRO",2025-07-30,2025-08-06,40,Scentory Room Spray 250mL,5.0,10.0,5.0,50.0,half_price,250mL,$2.00 per 100mL,SAVESS | WASS10 | Scentory Room Spray 250mL | $2.00 per 100mL | 40,92.72,False,,https://caau.syd1.cdn.digitaloceanspaces.com/wp-content/uploads/catalogue/coles/coles-catalogue-july-30-august-5-2025-vic-metro/40.jpg,https://www.catalogueau.com/coles/#catalogue=coles/coles-catalogue-july-30-august-5-2025-vic-metro/,displayed_price,displayed_price;unit_price,2,verified
Coles,VIC METRO,"Coles Catalogue July 30 - August 5, 2025 VIC METRO",2025-07-30,2025-08-06,40,Glen 20 Disinfectant Spray 375g,5.75,11.5,5.75,50.0,half_price,375g,$1.53 per 100g,SAVE'S.75 | WASS11.50 | Glen 20 Disinfectant Spray | 375g $1.53 per 100g,96.48,True,single_price_evidence,https://caau.syd1.cdn.digitaloceanspaces.com/wp-content/uploads/catalogue/coles/coles-catalogue-july-30-august-5-2025-vic-metro/40.jpg,https://www.catalogueau.com/coles/#catalogue=coles/coles-catalogue-july-30-august-5-2025-vic-metro/,unit_price,unit_price,1,review
Coles,VIC METRO,"Coles Catalogue July 30 - August 5, 2025 VIC METRO",2025-07-30,2025-08-06,40,Bonds Women's Seamless Midi Brief 2 Pack,1.5,,,,special,2 Pack,,Bonds Women's Seamless Midi | Brief 2 Pack | 9,96.3,True,offer_labels_missing;save_amount_missing;regular_price_missing;inferred_price_requires_review,https://caau.syd1.cdn.digitaloceanspaces.com/wp-content/uploads/catalogue/coles/coles-catalogue-july-30-august-5-2025-vic-metro/40.jpg,https://www.catalogueau.com/coles/#catalogue=coles/coles-catalogue-july-30-august-5-2025-vic-metro/,displayed_price,displayed_price;grid_inference,1,review
Coles,VIC METRO,"Coles Catalogue July 30 - August 5, 2025 VIC METRO",2025-07-30,2025-08-06,40,"Bonds Men's Briefs 5 Pack TExcludes Babywear, Every Day, Down Down & clearance items",19.0,32.0,13.0,40.62,save_amount,5 Pack,,"Bonds Men's Briefs 5 Pack | TExcludes Babywear, Every Day, Down Down & clearance items",95.82,True,offer_labels_missing;single_price_evidence,https://caau.syd1.cdn.digitaloceanspaces.com/wp-content/uploads/catalogue/coles/coles-catalogue-july-30-august-5-2025-vic-metro/40.jpg,https://www.catalogueau.com/coles/#catalogue=coles/coles-catalogue-july-30-august-5-2025-vic-metro/,displayed_price,displayed_price,1,review
Coles,VIC METRO,"Coles Catalogue July 30 - August 5, 2025 VIC METRO",2025-07-30,2025-08-06,43,60GB,250.0,300.0,50.0,16.67,save_amount,,,SAVES50 | WAS$300 | 60GB,79.0,True,low_name_confidence_strict,https://caau.syd1.cdn.digitaloceanspaces.com/wp-content/uploads/catalogue/coles/coles-catalogue-july-30-august-5-2025-vic-metro/43.jpg,https://www.catalogueau.com/coles/#catalogue=coles/coles-catalogue-july-30-august-5-2025-vic-metro/,save_was_arithmetic,displayed_price;save_was_arithmetic,2,review
Coles,VIC METRO,"Coles Catalogue July 30 - August 5, 2025 VIC METRO",2025-07-30,2025-08-06,43,boost mobile,49.0,,,,special,,,boost | mobile,96.26,True,offer_labels_missing;save_amount_missing;regular_price_missing;single_price_evidence,https://caau.syd1.cdn.digitaloceanspaces.com/wp-content/uploads/catalogue/coles/coles-catalogue-july-30-august-5-2025-vic-metro/43.jpg,https://www.catalogueau.com/coles/#catalogue=coles/coles-catalogue-july-30-august-5-2025-vic-metro/,displayed_price,displayed_price,1,review
