retailer,region,catalogue_title,catalogue_start_date,catalogue_end_date,page_number,product_name,special_price,regular_price,save_amount,discount_percent,promo_type,pack_size,unit_price_text,offer_text,ocr_confidence,needs_review,review_reason,source_page_image,source_catalogue_url,price_source,price_evidence,evidence_count,verification_status
Coles,VIC METRO,"Coles Catalogue September 24 - 30, 2025 VIC METRO",2025-09-24,2025-10-01,1,"Coca-Cola, Fanta or Sprite Soft Drink",2.0,4.0,2.0,50.0,half_price,,$1.60 per litre,"WASS4 | WASS4 | Coca-Cola, Fanta | or Sprite Soft Drink | 1.25 Litre $1.60 per litre | FP-VIC-METRO-2409-25-488150",96.33,True,single_price_evidence,https://caau.syd1.cdn.digitaloceanspaces.com/wp-content/uploads/catalogue/coles/coles-catalogue-september-24-30-2025-vic-metro/1.jpg,https://www.catalogueau.com/coles/#catalogue=coles/coles-catalogue-september-24-30-2025-vic-metro/,displayed_price,displayed_price,1,review
Coles,VIC METRO,"Coles Catalogue September 24 - 30, 2025 VIC METRO",2025-09-24,2025-10-01,1,Ben & Jerry's Ice Cream Tub 458mL,7.25,14.5,7.25,50.0,half_price,458mL,$1.58 per 100mL,WASS14.50 | WASS14.50 | Ben & Jerry's Ice Cream | Tub 458mL | $1.58 per 100mL,93.47,True,single_price_evidence,https://caau.syd1.cdn.digitaloceanspaces.com/wp-content/uploads/catalogue/coles/coles-catalogue-september-24-30-2025-vic-metro/1.jpg,https://www.catalogueau.com/coles/#catalogue=coles/coles-catalogue-september-24-30-2025-vic-metro/,unit_price,unit_price,1,review
Coles,VIC METRO,"Coles Catalogue September 24 - 30, 2025 VIC METRO",2025-09-24,2025-10-01,1,Arnott's Shapes Crackers 130g-190g,2.0,4.0,2.0,50.0,half_price,130g; 190g,,WASS4 | WASS4 | Arnott's Shapes | Crackers 130g-190g,92.48,True,single_price_evidence,https://caau.syd1.cdn.digitaloceanspaces.com/wp-content/uploads/catalogue/coles/coles-catalogue-september-24-30-2025-vic-metro/1.jpg,https://www.catalogueau.com/coles/#catalogue=coles/coles-catalogue-september-24-30-2025-vic-metro/,displayed_price,displayed_price,1,review
Coles,VIC METRO,"Coles Catalogue September 24 - 30, 2025 VIC METRO",2025-09-24,2025-10-01,1,Primo Rindless Short Cut Bacon 750g,8.4,16.8,8.4,50.0,half_price,750g,$11.20 per kg,WASS16.80 | WASS16.80 | Primo Rindless Short | Cut Bacon 750g | $11.20 per kg,94.83,False,,https://caau.syd1.cdn.digitaloceanspaces.com/wp-content/uploads/catalogue/coles/coles-catalogue-september-24-30-2025-vic-metro/1.jpg,https://www.catalogueau.com/coles/#catalogue=coles/coles-catalogue-september-24-30-2025-vic-metro/,displayed_price,displayed_price;unit_price,2,verified
Coles,VIC METRO,"Coles Catalogue September 24 - 30, 2025 VIC METRO",2025-09-24,2025-10-01,2,Australian Eureka Blueberries 200g Pun,5.0,,,,special,200g,$25.00 per kg,Australian Eureka Blueberries | 200g Pun | ul | 200g Punnet $25.00 per kg | inet $: | €&,79.0,True,low_name_confidence_strict,https://caau.syd1.cdn.digitaloceanspaces.com/wp-content/uploads/catalogue/coles/coles-catalogue-september-24-30-2025-vic-metro/2.jpg,https://www.catalogueau.com/coles/#catalogue=coles/coles-catalogue-september-24-30-2025-vic-metro/,displayed_price,displayed_price;unit_price,2,review
Coles,VIC METRO,"Coles Catalogue September 24 - 30, 2025 VIC METRO",2025-09-24,2025-10-01,2,Green Green Kiwifruit,4.0,,,,special,,,Green | Green Kiwifruit | ifruit | Single | each. $0.,79.0,True,offer_labels_missing;save_amount_missing;regular_price_missing;low_name_confidence_strict;single_price_evidence,https://caau.syd1.cdn.digitaloceanspaces.com/wp-content/uploads/catalogue/coles/coles-catalogue-september-24-30-2025-vic-metro/2.jpg,https://www.catalogueau.com/coles/#catalogue=coles/coles-catalogue-september-24-30-2025-vic-metro/,displayed_price,displayed_price,1,review
Coles,VIC METRO,"Coles Catalogue September 24 - 30, 2025 VIC METRO",2025-09-24,2025-10-01,3,Coles Dry Roasted or Roasted & Salted Mixed Nuts 400g Pack,12.0,14.0,2.0,14.29,save_amount,400g,$30.00 per kg,WASS14 | WASS14 | Coles Dry Roasted or Roasted | & Salted Mixed Nuts 400g Pack | $30.00 per kg | — | ~ | ae |,96.63,False,,https://caau.syd1.cdn.digitaloceanspaces.com/wp-content/uploads/catalogue/coles/coles-catalogue-september-24-30-2025-vic-metro/3.jpg,https://www.catalogueau.com/coles/#catalogue=coles/coles-catalogue-september-24-30-2025-vic-metro/,displayed_price,displayed_price;unit_price,2,verified
Coles,VIC METRO,"Coles Catalogue September 24 - 30, 2025 VIC METRO",2025-09-24,2025-10-01,3,Coles Dry Roasted or Roasted & Salted Cashews 750g Pack,14.0,18.0,4.0,22.22,save_amount,750g,$18.67 per kg,WASS18 | WASS18 | Coles Dry Roasted or Roasted | & Salted Cashews 750g Pack | $18.67 per kg | a,96.25,False,,https://caau.syd1.cdn.digitaloceanspaces.com/wp-content/uploads/catalogue/coles/coles-catalogue-september-24-30-2025-vic-metro/3.jpg,https://www.catalogueau.com/coles/#catalogue=coles/coles-catalogue-september-24-30-2025-vic-metro/,displayed_price,displayed_price;unit_price,2,verified
Coles,VIC METRO,"Coles Catalogue September 24 - 30, 2025 VIC METRO",2025-09-24,2025-10-01,3,"Coles Kitchen Australian Pasta, Potato or Coleslaw Salad 800g Pack",5.6,7.0,1.4,20.0,save_amount,800g,,"1 | Coles Kitchen Australian Pasta, | Potato or Coleslaw Salad 800g Pack | $7.50 pet kg) | i",79.0,True,offer_labels_missing;low_name_confidence_strict;single_price_evidence,https://caau.syd1.cdn.digitaloceanspaces.com/wp-content/uploads/catalogue/coles/coles-catalogue-september-24-30-2025-vic-metro/3.jpg,https://www.catalogueau.com/coles/#catalogue=coles/coles-catalogue-september-24-30-2025-vic-metro/,unknown,,0,review
Coles,VIC METRO,"Coles Catalogue September 24 - 30, 2025 VIC METRO",2025-09-24,2025-10-01,3,Coles Australian Organic Brushed Potatoes 2kg Bag,8.9,,,,special,2kg,$4.45 per kg,Coles Australian Organic | Brushed Potatoes 2kg Bag | $4.45 per kg | — | 7,95.59,True,offer_labels_missing;save_amount_missing;regular_price_missing;inferred_price_requires_review,https://caau.syd1.cdn.digitaloceanspaces.com/wp-content/uploads/catalogue/coles/coles-catalogue-september-24-30-2025-vic-metro/3.jpg,https://www.catalogueau.com/coles/#catalogue=coles/coles-catalogue-september-24-30-2025-vic-metro/,unit_price,grid_inference;unit_price,1,review
Coles,VIC METRO,"Coles Catalogue September 24 - 30, 2025 VIC METRO",2025-09-24,2025-10-01,3,Australian Green Zucchini,4.9,,,,special,,$4.90 per kg,Australian Green Zucchini | $4.90 per kg | ag | Kok,95.94,True,offer_labels_missing;save_amount_missing;regular_price_missing;single_price_evidence,https://caau.syd1.cdn.digitaloceanspaces.com/wp-content/uploads/catalogue/coles/coles-catalogue-september-24-30-2025-vic-metro/3.jpg,https://www.catalogueau.com/coles/#catalogue=coles/coles-catalogue-september-24-30-2025-vic-metro/,displayed_price,displayed_price,1,review
Coles,VIC METRO,"Coles Catalogue September 24 - 30, 2025 VIC METRO",2025-09-24,2025-10-01,3,Australian Kent Pumpkin,2.32,,,,special,,$2.00 per kg,Australian Kent Pumpkin | $2.00 per kg,96.27,True,offer_labels_missing;save_amount_missing;regular_price_missing;single_price_evidence,https://caau.syd1.cdn.digitaloceanspaces.com/wp-content/uploads/catalogue/coles/coles-catalogue-september-24-30-2025-vic-metro/3.jpg,https://www.catalogueau.com/coles/#catalogue=coles/coles-catalogue-september-24-30-2025-vic-metro/,unknown,,0,review
Coles,VIC METRO,"Coles Catalogue September 24 - 30, 2025 VIC METRO",2025-09-24,2025-10-01,4,John West Salmon 95g,1.65,3.3,1.65,50.0,half_price,95g,$17.37 per kg,WAS$3.30 | WAS$3.30 | John West Salmon 95g | $17.37 per kg,95.73,True,inferred_price_requires_review,https://caau.syd1.cdn.digitaloceanspaces.com/wp-content/uploads/catalogue/coles/coles-catalogue-september-24-30-2025-vic-metro/4.jpg,https://www.catalogueau.com/coles/#catalogue=coles/coles-catalogue-september-24-30-2025-vic-metro/,unit_price,page_discount;unit_price,1,review
Coles,VIC METRO,"Coles Catalogue September 24 - 30, 2025 VIC METRO",2025-09-24,2025-10-01,4,Red Rock Deli Potato Chips 150g-165g,3.0,6.0,3.0,50.0,half_price,150g; 165g,,WASS6 | WASS6 | Red Rock Deli Potato Chips | 150g-165g,93.63,True,inferred_price_requires_review,https://caau.syd1.cdn.digitaloceanspaces.com/wp-content/uploads/catalogue/coles/coles-catalogue-september-24-30-2025-vic-metro/4.jpg,https://www.catalogueau.com/coles/#catalogue=coles/coles-catalogue-september-24-30-2025-vic-metro/,displayed_price,displayed_price;page_discount,1,review
Coles,VIC METRO,"Coles Catalogue September 24 - 30, 2025 VIC METRO",2025-09-24,2025-10-01,4,"Mars M&M's, Maltesers or Pods 120g-180g",3.5,7.0,3.5,50.0,half_price,120g; 180g,,"WASS7 | WASS7 | Mars M&M's, Maltesers | or Pods 120g-180g | O ties",93.17,True,inferred_price_requires_review,https://caau.syd1.cdn.digitaloceanspaces.com/wp-content/uploads/catalogue/coles/coles-catalogue-september-24-30-2025-vic-metro/4.jpg,https://www.catalogueau.com/coles/#catalogue=coles/coles-catalogue-september-24-30-2025-vic-metro/,page_discount_inference,page_discount,0,review
Coles,VIC METRO,"Coles Catalogue September 24 - 30, 2025 VIC METRO",2025-09-24,2025-10-01,4,U By Kotex Ultra Thin Pads with Wings Regular 14 Pack or Super 12 Pack,2.5,5.0,2.5,50.0,half_price,14 Pack; 12 Pack,,WASS5 | WASS5 | U By Kotex Ultra Thin Pads | with Wings Regular 14 Pack | or Super 12 Pack,96.08,True,inferred_price_requires_review,https://caau.syd1.cdn.digitaloceanspaces.com/wp-content/uploads/catalogue/coles/coles-catalogue-september-24-30-2025-vic-metro/4.jpg,https://www.catalogueau.com/coles/#catalogue=coles/coles-catalogue-september-24-30-2025-vic-metro/,page_discount_inference,page_discount,0,review
Coles,VIC METRO,"Coles Catalogue September 24 - 30, 2025 VIC METRO",2025-09-24,2025-10-01,4,1&J Raw Peeled Prawns Tail On or Tail Off 500g,12.0,24.0,12.0,50.0,half_price,500g,$24.00 per kg,WAS$24 | WAS$24 | 1&J Raw Peeled Prawns | Tail On or Tail Off 500g | $24.00 per kg,95.7,False,,https://caau.syd1.cdn.digitaloceanspaces.com/wp-content/uploads/catalogue/coles/coles-catalogue-september-24-30-2025-vic-metro/4.jpg,https://www.catalogueau.com/coles/#catalogue=coles/coles-catalogue-september-24-30-2025-vic-metro/,displayed_price,displayed_price;page_discount;unit_price,2,verified
Coles,VIC METRO,"Coles Catalogue September 24 - 30, 2025 VIC METRO",2025-09-24,2025-10-01,4,Omo Laundry Liquid 2 Litre or Powder 2kg,15.0,30.0,15.0,50.0,half_price,2 Litre; 2kg,,WASS30 | WASS30 | Omo Laundry Liquid 2 Litre | or Powder 2kg | Pes | \,93.39,True,inferred_price_requires_review,https://caau.syd1.cdn.digitaloceanspaces.com/wp-content/uploads/catalogue/coles/coles-catalogue-september-24-30-2025-vic-metro/4.jpg,https://www.catalogueau.com/coles/#catalogue=coles/coles-catalogue-september-24-30-2025-vic-metro/,displayed_price,displayed_price;page_discount,1,review
Coles,VIC METRO,"Coles Catalogue September 24 - 30, 2025 VIC METRO",2025-09-24,2025-10-01,4,VIC-METRO-2409-25-4881 50,1.7,,,,special,,,* | VIC-METRO-2409-25-4881 50,79.0,True,offer_labels_missing;save_amount_missing;regular_price_missing;low_name_confidence_strict;single_price_evidence,https://caau.syd1.cdn.digitaloceanspaces.com/wp-content/uploads/catalogue/coles/coles-catalogue-september-24-30-2025-vic-metro/4.jpg,https://www.catalogueau.com/coles/#catalogue=coles/coles-catalogue-september-24-30-2025-vic-metro/,displayed_price,displayed_price,1,review
Coles,VIC METRO,"Coles Catalogue September 24 - 30, 2025 VIC METRO",2025-09-24,2025-10-01,5,Ritz Crackers 227g,1.75,3.5,1.75,50.0,half_price,227g,$0.77 per 100g,SAVE51.75 | WASS3.50 | Ritz Crackers 227g | $0.77 per 100g,96.75,True,single_price_evidence,https://caau.syd1.cdn.digitaloceanspaces.com/wp-content/uploads/catalogue/coles/coles-catalogue-september-24-30-2025-vic-metro/5.jpg,https://www.catalogueau.com/coles/#catalogue=coles/coles-catalogue-september-24-30-2025-vic-metro/,unit_price,unit_price,1,review
Coles,VIC METRO,"Coles Catalogue September 24 - 30, 2025 VIC METRO",2025-09-24,2025-10-01,5,Kellog: Kellogg's K-Time Baked Twists,2.75,5.5,2.75,50.0,half_price,,$1.49 per 100g,SAVE‘2.75 | WASS$5.50 | Kellog: | Kellogg's K-Time Baked Twists | | | 185g $ | 185g $1.49 per 100g | —,73.66,True,low_name_confidence_strict,https://caau.syd1.cdn.digitaloceanspaces.com/wp-content/uploads/catalogue/coles/coles-catalogue-september-24-30-2025-vic-metro/5.jpg,https://www.catalogueau.com/coles/#catalogue=coles/coles-catalogue-september-24-30-2025-vic-metro/,save_was_arithmetic,displayed_price;save_was_arithmetic,2,review
Coles,VIC METRO,"Coles Catalogue September 24 - 30, 2025 VIC METRO",2025-09-24,2025-10-01,5,Fibre One Bars or Squares 105g-120g or Nature Valley Crunchy Bars 252g,3.45,6.9,3.45,50.0,half_price,105g; 120g; 252g,,SAVES3.45 | WAS$6.90 | Fibre One Bars or Squares | 105g-120g or Nature Valley | Crunchy Bars 252g | ‘9 | —,79.0,True,low_name_confidence_strict,https://caau.syd1.cdn.digitaloceanspaces.com/wp-content/uploads/catalogue/coles/coles-catalogue-september-24-30-2025-vic-metro/5.jpg,https://www.catalogueau.com/coles/#catalogue=coles/coles-catalogue-september-24-30-2025-vic-metro/,save_was_arithmetic,displayed_price;save_was_arithmetic,2,review
Coles,VIC METRO,"Coles Catalogue September 24 - 30, 2025 VIC METRO",2025-09-24,2025-10-01,5,Kellogg's Nutri Grain 765g or Just Right Cereal 740g,5.4,10.8,5.4,50.0,half_price,765g; 740g,,SAVE‘5.40 | WASS$10.80 | Kellogg's Nutri Grain 765g | or Just Right Cereal 740g,96.28,True,single_price_evidence,https://caau.syd1.cdn.digitaloceanspaces.com/wp-content/uploads/catalogue/coles/coles-catalogue-september-24-30-2025-vic-metro/5.jpg,https://www.catalogueau.com/coles/#catalogue=coles/coles-catalogue-september-24-30-2025-vic-metro/,save_was_arithmetic,save_was_arithmetic,1,review
Coles,VIC METRO,"Coles Catalogue September 24 - 30, 2025 VIC METRO",2025-09-24,2025-10-01,5,Nescafé Coffee Sachets 8 Pack-10 Pack,4.0,8.0,4.0,50.0,half_price,8 Pack; 10 Pack,,SAVES4 | WASS8 | Nescafé Coffee Sachets | 8 Pack-10 Pack | *See page 19 for T&Cs,94.45,False,,https://caau.syd1.cdn.digitaloceanspaces.com/wp-content/uploads/catalogue/coles/coles-catalogue-september-24-30-2025-vic-metro/5.jpg,https://www.catalogueau.com/coles/#catalogue=coles/coles-catalogue-september-24-30-2025-vic-metro/,save_was_arithmetic,displayed_price;save_was_arithmetic,2,verified
Coles,VIC METRO,"Coles Catalogue September 24 - 30, 2025 VIC METRO",2025-09-24,2025-10-01,5,Moccona Liquid Espresso Coffee Sachets 8 Pack,4.3,8.6,4.3,50.0,half_price,8 Pack,$0.54 per each,SAVE%4.30 | WASS$8.60 | Moccona Liquid Espresso | Coffee Sachets 8 Pack | $0.54 per each,95.81,False,,https://caau.syd1.cdn.digitaloceanspaces.com/wp-content/uploads/catalogue/coles/coles-catalogue-september-24-30-2025-vic-metro/5.jpg,https://www.catalogueau.com/coles/#catalogue=coles/coles-catalogue-september-24-30-2025-vic-metro/,save_was_arithmetic,save_was_arithmetic;unit_price,2,verified
Coles,VIC METRO,"Coles Catalogue September 24 - 30, 2025 VIC METRO",2025-09-24,2025-10-01,5,Leggo's Chunky Pasta Sauce 490g-500g,2.3,4.6,2.3,50.0,half_price,490g; 500g,,SAVE$2.30 | WASS$4.60 | Leggo's Chunky Pasta Sauce | 490g-500g | VIC-METRO-2409-25-488150,93.85,False,,https://caau.syd1.cdn.digitaloceanspaces.com/wp-content/uploads/catalogue/coles/coles-catalogue-september-24-30-2025-vic-metro/5.jpg,https://www.catalogueau.com/coles/#catalogue=coles/coles-catalogue-september-24-30-2025-vic-metro/,save_was_arithmetic,displayed_price;save_was_arithmetic,2,verified
Coles,VIC METRO,"Coles Catalogue September 24 - 30, 2025 VIC METRO",2025-09-24,2025-10-01,5,La Espafiola Olive Oil 500mL,8.0,16.0,8.0,50.0,half_price,500mL,$1.60 per 100mL,SAVES8 | WASS16 | La Espafiola Olive Oil 500mL | $1.60 per 100mL,92.3,False,,https://caau.syd1.cdn.digitaloceanspaces.com/wp-content/uploads/catalogue/coles/coles-catalogue-september-24-30-2025-vic-metro/5.jpg,https://www.catalogueau.com/coles/#catalogue=coles/coles-catalogue-september-24-30-2025-vic-metro/,save_was_arithmetic,displayed_price;save_was_arithmetic;unit_price,3,verified
Coles,VIC METRO,"Coles Catalogue September 24 - 30, 2025 VIC METRO",2025-09-24,2025-10-01,5,Gold Sunset Vegetable or Canola Oil 4 Litre,13.0,30.0,17.0,56.67,save_amount,4 Litre,$0.33 per 100mL,SAVES17 | WAS$30 | Gold Sunset Vegetable | or Canola Oil 4 Litre | $0.33 per 100mL,95.97,False,,https://caau.syd1.cdn.digitaloceanspaces.com/wp-content/uploads/catalogue/coles/coles-catalogue-september-24-30-2025-vic-metro/5.jpg,https://www.catalogueau.com/coles/#catalogue=coles/coles-catalogue-september-24-30-2025-vic-metro/,save_was_arithmetic,displayed_price;save_was_arithmetic,2,verified
Coles,VIC METRO,"Coles Catalogue September 24 - 30, 2025 VIC METRO",2025-09-24,2025-10-01,6,Brut 48hr Endurance Antiperspirant Aerosol Deodorant 212mL,4.25,8.5,4.25,50.0,half_price,212mL,$2.00 per 100mL,SAVE%4.25 | WASS$8.50 | Brut 48hr Endurance | Antiperspirant Aerosol | Deodorant 212mL | $2.00 per 100mL,92.48,False,,https://caau.syd1.cdn.digitaloceanspaces.com/wp-content/uploads/catalogue/coles/coles-catalogue-september-24-30-2025-vic-metro/6.jpg,https://www.catalogueau.com/coles/#catalogue=coles/coles-catalogue-september-24-30-2025-vic-metro/,save_was_arithmetic,save_was_arithmetic;unit_price,2,verified
Coles,VIC METRO,"Coles Catalogue September 24 - 30, 2025 VIC METRO",2025-09-24,2025-10-01,6,U By Kotex Sports Tampons Regular 16 Pack,2.95,5.9,2.95,50.0,half_price,16 Pack,$0.18 per each,SAVES2.95 | WASS5.90 | U By Kotex Sports Tampons | Regular 16 Pack | $0.18 per each,96.05,False,,https://caau.syd1.cdn.digitaloceanspaces.com/wp-content/uploads/catalogue/coles/coles-catalogue-september-24-30-2025-vic-metro/6.jpg,https://www.catalogueau.com/coles/#catalogue=coles/coles-catalogue-september-24-30-2025-vic-metro/,save_was_arithmetic,displayed_price;save_was_arithmetic,2,verified
Coles,VIC METRO,"Coles Catalogue September 24 - 30, 2025 VIC METRO",2025-09-24,2025-10-01,6,Palmolive Liquid Hand Wash Refill 1 Litre,3.75,7.5,3.75,50.0,half_price,1 Litre,$0.38 per 100mL,SAVES3.75 | WASS7.50 | Palmolive Liquid Hand Wash | Refill 1 Litre $0.38 per 100mL. | *See page 19 for T&Cs,94.67,False,,https://caau.syd1.cdn.digitaloceanspaces.com/wp-content/uploads/catalogue/coles/coles-catalogue-september-24-30-2025-vic-metro/6.jpg,https://www.catalogueau.com/coles/#catalogue=coles/coles-catalogue-september-24-30-2025-vic-metro/,save_was_arithmetic,displayed_price;save_was_arithmetic;unit_price,3,verified
Coles,VIC METRO,"Coles Catalogue September 24 - 30, 2025 VIC METRO",2025-09-24,2025-10-01,6,Rexona 48hr Aerosol Deodorant 250mL,4.25,8.5,4.25,50.0,half_price,250mL,$1.70 per 100mL,SAVE%4.25 | WAS$8.50 | Rexona 48hr Aerosol | Deodorant 250mL | $1.70 per 100mL,91.61,False,,https://caau.syd1.cdn.digitaloceanspaces.com/wp-content/uploads/catalogue/coles/coles-catalogue-september-24-30-2025-vic-metro/6.jpg,https://www.catalogueau.com/coles/#catalogue=coles/coles-catalogue-september-24-30-2025-vic-metro/,save_was_arithmetic,save_was_arithmetic;unit_price,2,verified
Coles,VIC METRO,"Coles Catalogue September 24 - 30, 2025 VIC METRO",2025-09-24,2025-10-01,6,Lynx Fine Fragrance Deodorant Body Spray 150mL,5.0,10.0,5.0,50.0,half_price,150mL,$3.33 per 100mL,SAVES5 | WASS10 | Lynx Fine Fragrance | Deodorant Body Spray 150mL | $3.33 per 100mL,95.52,False,,https://caau.syd1.cdn.digitaloceanspaces.com/wp-content/uploads/catalogue/coles/coles-catalogue-september-24-30-2025-vic-metro/6.jpg,https://www.catalogueau.com/coles/#catalogue=coles/coles-catalogue-september-24-30-2025-vic-metro/,save_was_arithmetic,save_was_arithmetic;unit_price,2,verified
Coles,VIC METRO,"Coles Catalogue September 24 - 30, 2025 VIC METRO",2025-09-24,2025-10-01,6,Head & Shoulders Shampoo or Conditioner 660mL,10.5,21.0,10.5,50.0,half_price,660mL,$1.59 per 100mL,SAVES10.50 | WASS21 | Head & Shoulders Shampoo | or Conditioner 660mL | $1.59 per 100mL,93.41,False,,https://caau.syd1.cdn.digitaloceanspaces.com/wp-content/uploads/catalogue/coles/coles-catalogue-september-24-30-2025-vic-metro/6.jpg,https://www.catalogueau.com/coles/#catalogue=coles/coles-catalogue-september-24-30-2025-vic-metro/,save_was_arithmetic,save_was_arithmetic;unit_price,2,verified
Coles,VIC METRO,"Coles Catalogue September 24 - 30, 2025 VIC METRO",2025-09-24,2025-10-01,6,Nature's Own Glucosamine Sulfate,18.0,36.0,18.0,50.0,half_price,,$9.00 per 100 each,SAVES18 | WAS $36 | Nature's Own | Glucosamine Sulfate | with Chondroitin | Tablets 200 Pack* | $9.00 per 100 each,96.01,True,single_price_evidence,https://caau.syd1.cdn.digitaloceanspaces.com/wp-content/uploads/catalogue/coles/coles-catalogue-september-24-30-2025-vic-metro/6.jpg,https://www.catalogueau.com/coles/#catalogue=coles/coles-catalogue-september-24-30-2025-vic-metro/,save_was_arithmetic,save_was_arithmetic,1,review
Coles,VIC METRO,"Coles Catalogue September 24 - 30, 2025 VIC METRO",2025-09-24,2025-10-01,6,Ogx Argan Oil of Morocco Shampoo or Conditioner 385mL,11.5,23.0,11.5,50.0,half_price,385mL,$2.99 per 100mL,SAVES11.50 | Ogx Argan Oil of | Morocco Shampoo or | Conditioner 385mL | $2.99 per 100mL,94.45,True,single_price_evidence,https://caau.syd1.cdn.digitaloceanspaces.com/wp-content/uploads/catalogue/coles/coles-catalogue-september-24-30-2025-vic-metro/6.jpg,https://www.catalogueau.com/coles/#catalogue=coles/coles-catalogue-september-24-30-2025-vic-metro/,unit_price,unit_price,1,review
Coles,VIC METRO,"Coles Catalogue September 24 - 30, 2025 VIC METRO",2025-09-24,2025-10-01,6,Cenovis Magnesium Tablets 200 Pack*,14.25,28.5,14.25,50.0,half_price,200 Pack,$7.13 per 100 each,SAVE514.25 | WAS$28.50 | Cenovis Magnesium | Tablets 200 Pack* | $7.13 per 100 each,94.06,True,single_price_evidence,https://caau.syd1.cdn.digitaloceanspaces.com/wp-content/uploads/catalogue/coles/coles-catalogue-september-24-30-2025-vic-metro/6.jpg,https://www.catalogueau.com/coles/#catalogue=coles/coles-catalogue-september-24-30-2025-vic-metro/,unit_price,unit_price,1,review
Coles,VIC METRO,"Coles Catalogue September 24 - 30, 2025 VIC METRO",2025-09-24,2025-10-01,6,Ostelin Calcium DK2 Tablets 60 Pack*,20.5,41.0,20.5,50.0,half_price,60 Pack,$34.17 per 100 each,SAVES20.50 | Ostelin Calcium DK2 | Tablets 60 Pack* | $34.17 per 100 each,92.66,False,,https://caau.syd1.cdn.digitaloceanspaces.com/wp-content/uploads/catalogue/coles/coles-catalogue-september-24-30-2025-vic-metro/6.jpg,https://www.catalogueau.com/coles/#catalogue=coles/coles-catalogue-september-24-30-2025-vic-metro/,displayed_price,displayed_price;unit_price,2,verified
Coles,VIC METRO,"Coles Catalogue September 24 - 30, 2025 VIC METRO",2025-09-24,2025-10-01,7,Dynamo Professional Laundry Liquid 2 Litre or Capsules 29 Pack,1.5,16.0,14.5,90.62,save_amount,2 Litre; 29 Pack,,SAVE%14.50 | Dynamo Professional Laundry | Liquid 2 Litre or Capsules | 29 Pack,79.0,True,low_name_confidence_strict;single_price_evidence,https://caau.syd1.cdn.digitaloceanspaces.com/wp-content/uploads/catalogue/coles/coles-catalogue-september-24-30-2025-vic-metro/7.jpg,https://www.catalogueau.com/coles/#catalogue=coles/coles-catalogue-september-24-30-2025-vic-metro/,displayed_price,displayed_price,1,review
Coles,VIC METRO,"Coles Catalogue September 24 - 30, 2025 VIC METRO",2025-09-24,2025-10-01,7,Downy Concentrate Fabric Conditioner 800mL-900mL,62.5,69.0,6.5,9.42,save_amount,800mL; 900mL,,SAVE*6.50 | Downy Concentrate Fabric | Conditioner 800mL-900mL,93.91,True,single_price_evidence,https://caau.syd1.cdn.digitaloceanspaces.com/wp-content/uploads/catalogue/coles/coles-catalogue-september-24-30-2025-vic-metro/7.jpg,https://www.catalogueau.com/coles/#catalogue=coles/coles-catalogue-september-24-30-2025-vic-metro/,displayed_price,displayed_price,1,review
Coles,VIC METRO,"Coles Catalogue September 24 - 30, 2025 VIC METRO",2025-09-24,2025-10-01,7,Comfort Fabric Conditioner Fragrance Collection 900mL,5.5,11.0,5.5,50.0,half_price,900mL,$6.11 per litre,SAVE *5.50 | WASS11 | Comfort Fabric Conditioner | Fragrance Collection 900mL | $6.11 per litre. 2nd week on sale,94.58,False,,https://caau.syd1.cdn.digitaloceanspaces.com/wp-content/uploads/catalogue/coles/coles-catalogue-september-24-30-2025-vic-metro/7.jpg,https://www.catalogueau.com/coles/#catalogue=coles/coles-catalogue-september-24-30-2025-vic-metro/,save_was_arithmetic,displayed_price;save_was_arithmetic;unit_price,3,verified
Coles,VIC METRO,"Coles Catalogue September 24 - 30, 2025 VIC METRO",2025-09-24,2025-10-01,7,Scentory Room Spray 250mL,5.0,10.0,5.0,50.0,half_price,250mL,$2.00 per 100mL,SAVESS | WASS10 | Scentory Room Spray 250mL | $2.00 per 100mL,92.65,False,,https://caau.syd1.cdn.digitaloceanspaces.com/wp-content/uploads/catalogue/coles/coles-catalogue-september-24-30-2025-vic-metro/7.jpg,https://www.catalogueau.com/coles/#catalogue=coles/coles-catalogue-september-24-30-2025-vic-metro/,displayed_price,displayed_price;unit_price,2,verified
Coles,VIC METRO,"Coles Catalogue September 24 - 30, 2025 VIC METRO",2025-09-24,2025-10-01,7,Botanica by Air Wick Wax Blended Candle 1 Each,72.0,89.5,17.5,19.55,save_amount,,,SAVE*17.50 | Botanica by Air Wick Wax | Blended Candle 1 Each $17.50 | per each. “See page 19 for T&Cs,96.26,True,single_price_evidence,https://caau.syd1.cdn.digitaloceanspaces.com/wp-content/uploads/catalogue/coles/coles-catalogue-september-24-30-2025-vic-metro/7.jpg,https://www.catalogueau.com/coles/#catalogue=coles/coles-catalogue-september-24-30-2025-vic-metro/,displayed_price,displayed_price,1,review
Coles,VIC METRO,"Coles Catalogue September 24 - 30, 2025 VIC METRO",2025-09-24,2025-10-01,7,White King Power Toilet Gel 700mL,3.1,6.2,3.1,50.0,half_price,700mL,$0.44 per 100mL,SAVE%3.10 | WASS6.2 | White King Power Toilet Gel | 700mL $0.44 per 100mL | VIC-METRO-2409-25-488150,94.36,False,,https://caau.syd1.cdn.digitaloceanspaces.com/wp-content/uploads/catalogue/coles/coles-catalogue-september-24-30-2025-vic-metro/7.jpg,https://www.catalogueau.com/coles/#catalogue=coles/coles-catalogue-september-24-30-2025-vic-metro/,save_was_arithmetic,save_was_arithmetic;unit_price,2,verified
Coles,VIC METRO,"Coles Catalogue September 24 - 30, 2025 VIC METRO",2025-09-24,2025-10-01,7,Bref In The Bowl Toilet Cleaner 2 Pack 100g,5.5,11.0,5.5,50.0,half_price,2 Pack; 100g,$5.50 per 100g,SAVE $5.50 | WASS11 | Bref In The Bowl Toilet Cleaner | 2 Pack 100g | $5.50 per 100g,95.72,False,,https://caau.syd1.cdn.digitaloceanspaces.com/wp-content/uploads/catalogue/coles/coles-catalogue-september-24-30-2025-vic-metro/7.jpg,https://www.catalogueau.com/coles/#catalogue=coles/coles-catalogue-september-24-30-2025-vic-metro/,save_was_arithmetic,save_was_arithmetic;unit_price,2,verified
Coles,VIC METRO,"Coles Catalogue September 24 - 30, 2025 VIC METRO",2025-09-24,2025-10-01,7,Fairy Platinum Plus Stain Remover Dishwashing Tablets 68 Pack,30.0,60.0,30.0,50.0,half_price,68 Pack,$0.44 per each,SAVE‘30 | WASS$60 | Fairy Platinum Plus Stain | Remover Dishwashing Tablets | 68 Pack $0.44 per each,96.39,False,,https://caau.syd1.cdn.digitaloceanspaces.com/wp-content/uploads/catalogue/coles/coles-catalogue-september-24-30-2025-vic-metro/7.jpg,https://www.catalogueau.com/coles/#catalogue=coles/coles-catalogue-september-24-30-2025-vic-metro/,save_was_arithmetic,displayed_price;save_was_arithmetic,2,verified
Coles,VIC METRO,"Coles Catalogue September 24 - 30, 2025 VIC METRO",2025-09-24,2025-10-01,7,Palmolive Ultra Dishwashing Liquid 500mL,2.5,,,,special,500mL,$0.50 per 100mL,Palmolive Ultra Dishwashing | Liquid 500mL $0.50 per 100mL | *See page 19 forT&Cs,94.7,False,,https://caau.syd1.cdn.digitaloceanspaces.com/wp-content/uploads/catalogue/coles/coles-catalogue-september-24-30-2025-vic-metro/7.jpg,https://www.catalogueau.com/coles/#catalogue=coles/coles-catalogue-september-24-30-2025-vic-metro/,displayed_price,displayed_price;unit_price,2,verified
Coles,VIC METRO,"Coles Catalogue September 24 - 30, 2025 VIC METRO",2025-09-24,2025-10-01,8,"Twisties, Burger Rings or Cheetos 65g-90g",1.35,2.7,1.35,50.0,half_price,65g; 90g,,"SAVE51.35 = | WAS$2.70 | Twisties, Burger Rings | or Cheetos 65g-90g | =",90.45,True,single_price_evidence,https://caau.syd1.cdn.digitaloceanspaces.com/wp-content/uploads/catalogue/coles/coles-catalogue-september-24-30-2025-vic-metro/8.jpg,https://www.catalogueau.com/coles/#catalogue=coles/coles-catalogue-september-24-30-2025-vic-metro/,displayed_price,displayed_price,1,review
Coles,VIC METRO,"Coles Catalogue September 24 - 30, 2025 VIC METRO",2025-09-24,2025-10-01,8,Doritos or XXL Corn Chips 150g-170g,2.5,5.0,2.5,50.0,half_price,150g; 170g,,SAVES2.50 | WASS | Doritos or XXL Corn Chips | 150g-170g,79.0,True,low_name_confidence_strict;single_price_evidence,https://caau.syd1.cdn.digitaloceanspaces.com/wp-content/uploads/catalogue/coles/coles-catalogue-september-24-30-2025-vic-metro/8.jpg,https://www.catalogueau.com/coles/#catalogue=coles/coles-catalogue-september-24-30-2025-vic-metro/,displayed_price,displayed_price,1,review
Coles,VIC METRO,"Coles Catalogue September 24 - 30, 2025 VIC METRO",2025-09-24,2025-10-01,8,Kettle Ridge Cut Potato Chips 165g,3.0,6.0,3.0,50.0,half_price,165g,$1.82 per 100g,SAVES3 | WASS6 | Kettle Ridge Cut Potato Chips | 165g $1.82 per 100g | *See page 19 for T&Cs,96.38,False,,https://caau.syd1.cdn.digitaloceanspaces.com/wp-content/uploads/catalogue/coles/coles-catalogue-september-24-30-2025-vic-metro/8.jpg,https://www.catalogueau.com/coles/#catalogue=coles/coles-catalogue-september-24-30-2025-vic-metro/,save_was_arithmetic,displayed_price;save_was_arithmetic;unit_price,3,verified
Coles,VIC METRO,"Coles Catalogue September 24 - 30, 2025 VIC METRO",2025-09-24,2025-10-01,8,Schweppes Mixers or Soft Drink 1.1 Litre,1.5,3.0,1.5,50.0,half_price,1.1 Litre,$1.36 per litre,SAVE*1.50 | Schweppes Mixers or Soft Drink | 1.1 Litre $1.36 per litre,95.83,False,,https://caau.syd1.cdn.digitaloceanspaces.com/wp-content/uploads/catalogue/coles/coles-catalogue-september-24-30-2025-vic-metro/8.jpg,https://www.catalogueau.com/coles/#catalogue=coles/coles-catalogue-september-24-30-2025-vic-metro/,displayed_price,displayed_price;unit_price,2,verified
Coles,VIC METRO,"Coles Catalogue September 24 - 30, 2025 VIC METRO",2025-09-24,2025-10-01,8,Mt Franklin Lightly Sparkling Water 1.25 Litre,1.62,3.25,1.63,50.15,half_price,1.25 Litre,$1.30 per litre,SAVE‘1.63 | WASS3.25 | Mt Franklin Lightly Sparkling | Water 1.25 Litre $1.30 per litre | emer? | rite,95.84,False,,https://caau.syd1.cdn.digitaloceanspaces.com/wp-content/uploads/catalogue/coles/coles-catalogue-september-24-30-2025-vic-metro/8.jpg,https://www.catalogueau.com/coles/#catalogue=coles/coles-catalogue-september-24-30-2025-vic-metro/,save_was_arithmetic,displayed_price;save_was_arithmetic;unit_price,3,verified
Coles,VIC METRO,"Coles Catalogue September 24 - 30, 2025 VIC METRO",2025-09-24,2025-10-01,8,Raw C Coconut Water 1 Litre,2.75,5.5,2.75,50.0,half_price,1 Litre,$2.75 per litre,SAVES2.75 | WAS$5.50 | Raw C Coconut Water 1 Litre | $2.75 per litre | <— | Se,95.95,False,,https://caau.syd1.cdn.digitaloceanspaces.com/wp-content/uploads/catalogue/coles/coles-catalogue-september-24-30-2025-vic-metro/8.jpg,https://www.catalogueau.com/coles/#catalogue=coles/coles-catalogue-september-24-30-2025-vic-metro/,save_was_arithmetic,save_was_arithmetic;unit_price,2,verified
Coles,VIC METRO,"Coles Catalogue September 24 - 30, 2025 VIC METRO",2025-09-24,2025-10-01,8,Golden Circle Zero Sugar Cordial 2 Litre,2.75,5.5,2.75,50.0,half_price,2 Litre,$1.38 per litre,SAVE‘2.75 | WASS5.50 | Golden Circle Zero Sugar | Cordial 2 Litre $1.38 per litre | VIC-METRO-2409-25-488150,96.24,False,,https://caau.syd1.cdn.digitaloceanspaces.com/wp-content/uploads/catalogue/coles/coles-catalogue-september-24-30-2025-vic-metro/8.jpg,https://www.catalogueau.com/coles/#catalogue=coles/coles-catalogue-september-24-30-2025-vic-metro/,save_was_arithmetic,displayed_price;save_was_arithmetic;unit_price,3,verified
Coles,VIC METRO,"Coles Catalogue September 24 - 30, 2025 VIC METRO",2025-09-24,2025-10-01,8,Mt Franklin Lightly Sparkling Water 10x375mL,10.0,20.0,10.0,50.0,half_price,10x375mL,$2.67 per litre,SAVE510 | WAS$20 | Mt Franklin Lightly Sparkling | Water 10x375mL | $2.67 per litre,94.35,False,,https://caau.syd1.cdn.digitaloceanspaces.com/wp-content/uploads/catalogue/coles/coles-catalogue-september-24-30-2025-vic-metro/8.jpg,https://www.catalogueau.com/coles/#catalogue=coles/coles-catalogue-september-24-30-2025-vic-metro/,displayed_price,displayed_price;unit_price,2,verified
Coles,VIC METRO,"Coles Catalogue September 24 - 30, 2025 VIC METRO",2025-09-24,2025-10-01,8,"Coca-Cola, Fanta or Sprite Soft Drink 10x375mL",10.0,20.0,10.0,50.0,half_price,10x375mL,$2.67 per litre,"SAVES10 | WAS$20 | Coca-Cola, Fanta or Sprite | Soft Drink 10x375mL | $2.67 per litre",94.94,False,,https://caau.syd1.cdn.digitaloceanspaces.com/wp-content/uploads/catalogue/coles/coles-catalogue-september-24-30-2025-vic-metro/8.jpg,https://www.catalogueau.com/coles/#catalogue=coles/coles-catalogue-september-24-30-2025-vic-metro/,save_was_arithmetic,displayed_price;save_was_arithmetic;unit_price,3,verified
Coles,VIC METRO,"Coles Catalogue September 24 - 30, 2025 VIC METRO",2025-09-24,2025-10-01,9,Mars Chocolate Bar 30g-56g aS,1.25,2.5,1.25,50.0,half_price,30g; 56g,,SAVE*1.25 | WASS$2.50 | Mars Chocolate Bar 30g-56g | aS | SS | 2069,65.1,True,low_name_confidence_strict;single_price_evidence,https://caau.syd1.cdn.digitaloceanspaces.com/wp-content/uploads/catalogue/coles/coles-catalogue-september-24-30-2025-vic-metro/9.jpg,https://www.catalogueau.com/coles/#catalogue=coles/coles-catalogue-september-24-30-2025-vic-metro/,save_was_arithmetic,save_was_arithmetic,1,review
Coles,VIC METRO,"Coles Catalogue September 24 - 30, 2025 VIC METRO",2025-09-24,2025-10-01,9,Nestlé Chocolate Bar 35g-50g ‘,4.5,6.0,1.5,25.0,save_amount,35g; 50g,,SAVE1.50 | WASS | Nestlé Chocolate Bar 35g-50g | ‘ | a | Se | e | &,47.13,True,low_ocr_confidence;low_name_confidence_strict;single_price_evidence,https://caau.syd1.cdn.digitaloceanspaces.com/wp-content/uploads/catalogue/coles/coles-catalogue-september-24-30-2025-vic-metro/9.jpg,https://www.catalogueau.com/coles/#catalogue=coles/coles-catalogue-september-24-30-2025-vic-metro/,displayed_price,displayed_price,1,review
Coles,VIC METRO,"Coles Catalogue September 24 - 30, 2025 VIC METRO",2025-09-24,2025-10-01,9,Haribo 140g-150g Cabbury,2.0,4.0,2.0,50.0,half_price,140g; 150g,,"SAVES2 | WASS4 | Haribo 140g-150g | Cabbury | fingers ,",59.49,True,low_ocr_confidence;low_name_confidence_strict;single_price_evidence,https://caau.syd1.cdn.digitaloceanspaces.com/wp-content/uploads/catalogue/coles/coles-catalogue-september-24-30-2025-vic-metro/9.jpg,https://www.catalogueau.com/coles/#catalogue=coles/coles-catalogue-september-24-30-2025-vic-metro/,save_was_arithmetic,save_was_arithmetic,1,review
Coles,VIC METRO,"Coles Catalogue September 24 - 30, 2025 VIC METRO",2025-09-24,2025-10-01,9,Oreo Mini Creme Cookies 10 Pack 204g,2.5,5.0,2.5,50.0,half_price,10 Pack; 204g,$1.23 per 100g,SAVES2.50 | Oreo Mini Creme Cookies | 10 Pack 204g $1.23 per 100g,96.56,True,single_price_evidence,https://caau.syd1.cdn.digitaloceanspaces.com/wp-content/uploads/catalogue/coles/coles-catalogue-september-24-30-2025-vic-metro/9.jpg,https://www.catalogueau.com/coles/#catalogue=coles/coles-catalogue-september-24-30-2025-vic-metro/,unit_price,unit_price,1,review
Coles,VIC METRO,"Coles Catalogue September 24 - 30, 2025 VIC METRO",2025-09-24,2025-10-01,9,The Natural Confectionery Co. 130g-230g or Sour Patch 190g,2.5,5.0,2.5,50.0,half_price,130g; 230g; 190g,,SAVE52.50 | WASS5 | The Natural Confectionery Co. | 130g-230g or Sour Patch 190g | 2,94.97,True,single_price_evidence,https://caau.syd1.cdn.digitaloceanspaces.com/wp-content/uploads/catalogue/coles/coles-catalogue-september-24-30-2025-vic-metro/9.jpg,https://www.catalogueau.com/coles/#catalogue=coles/coles-catalogue-september-24-30-2025-vic-metro/,unknown,,0,review
Coles,VIC METRO,"Coles Catalogue September 24 - 30, 2025 VIC METRO",2025-09-24,2025-10-01,9,Cadbury Milk Chocolate Fingers 114g,2.75,5.5,2.75,50.0,half_price,114g,$2.41 per 100g,SAVE°2.75 | WASS5.50 | Cadbury Milk Chocolate | Fingers 114g $2.41 per 100g | |e,96.07,False,,https://caau.syd1.cdn.digitaloceanspaces.com/wp-content/uploads/catalogue/coles/coles-catalogue-september-24-30-2025-vic-metro/9.jpg,https://www.catalogueau.com/coles/#catalogue=coles/coles-catalogue-september-24-30-2025-vic-metro/,save_was_arithmetic,displayed_price;save_was_arithmetic;unit_price,3,verified
Coles,VIC METRO,"Coles Catalogue September 24 - 30, 2025 VIC METRO",2025-09-24,2025-10-01,9,Cadbury Dairy Milk Block Chocolate 150g-190g,4.0,8.0,4.0,50.0,half_price,150g; 190g,,SAVE%4 | WASS8 | Cadbury Dairy Milk Block | Chocolate 150g-190g | VIC-METRO-2409-25-488150,94.05,False,,https://caau.syd1.cdn.digitaloceanspaces.com/wp-content/uploads/catalogue/coles/coles-catalogue-september-24-30-2025-vic-metro/9.jpg,https://www.catalogueau.com/coles/#catalogue=coles/coles-catalogue-september-24-30-2025-vic-metro/,save_was_arithmetic,displayed_price;save_was_arithmetic,2,verified
Coles,VIC METRO,"Coles Catalogue September 24 - 30, 2025 VIC METRO",2025-09-24,2025-10-01,9,Cadbury Favourites 680g-700g,15.0,30.0,15.0,50.0,half_price,680g; 700g,,SAVES15 | Cadbury Favourites | 680g-700g,93.96,True,single_price_evidence,https://caau.syd1.cdn.digitaloceanspaces.com/wp-content/uploads/catalogue/coles/coles-catalogue-september-24-30-2025-vic-metro/9.jpg,https://www.catalogueau.com/coles/#catalogue=coles/coles-catalogue-september-24-30-2025-vic-metro/,displayed_price,displayed_price,1,review
Coles,VIC METRO,"Coles Catalogue September 24 - 30, 2025 VIC METRO",2025-09-24,2025-10-01,9,Lindt Cornet 327g-333g,17.0,34.0,17.0,50.0,half_price,327g; 333g,,SAVES17 | WAS$34 | Lindt Cornet 327g-333g,79.0,True,low_name_confidence_strict,https://caau.syd1.cdn.digitaloceanspaces.com/wp-content/uploads/catalogue/coles/coles-catalogue-september-24-30-2025-vic-metro/9.jpg,https://www.catalogueau.com/coles/#catalogue=coles/coles-catalogue-september-24-30-2025-vic-metro/,save_was_arithmetic,displayed_price;save_was_arithmetic,2,review
Coles,VIC METRO,"Coles Catalogue September 24 - 30, 2025 VIC METRO",2025-09-24,2025-10-01,9,Mars Chocolate Bar 30g-56g SS,1.25,2.5,1.25,50.0,half_price,30g; 56g,,Mars Chocolate Bar 30g-56g | SS,71.39,True,offer_labels_missing;low_name_confidence_strict;single_price_evidence,https://caau.syd1.cdn.digitaloceanspaces.com/wp-content/uploads/catalogue/coles/coles-catalogue-september-24-30-2025-vic-metro/9.jpg,https://www.catalogueau.com/coles/#catalogue=coles/coles-catalogue-september-24-30-2025-vic-metro/,unknown,,0,review
Coles,VIC METRO,"Coles Catalogue September 24 - 30, 2025 VIC METRO",2025-09-24,2025-10-01,10,Coles Finest Sausages 450g-500g,8.0,9.0,1.0,11.11,save_amount,450g; 500g,,WASS9 | WASS9 | —_— a | Coles Finest Sausages | 450g-500g,94.38,True,single_price_evidence,https://caau.syd1.cdn.digitaloceanspaces.com/wp-content/uploads/catalogue/coles/coles-catalogue-september-24-30-2025-vic-metro/10.jpg,https://www.catalogueau.com/coles/#catalogue=coles/coles-catalogue-september-24-30-2025-vic-metro/,displayed_price,displayed_price,1,review
Coles,VIC METRO,"Coles Catalogue September 24 - 30, 2025 VIC METRO",2025-09-24,2025-10-01,10,Coles Finest Beef Brisket Burgers 600g,9.5,11.0,1.5,13.64,save_amount,600g,$15.83 per kg,WASS11 | WASS11 | Coles Finest Beef Brisket Burgers | 600g $15.83 per kg | “See page 19 forT&Cs,96.23,False,,https://caau.syd1.cdn.digitaloceanspaces.com/wp-content/uploads/catalogue/coles/coles-catalogue-september-24-30-2025-vic-metro/10.jpg,https://www.catalogueau.com/coles/#catalogue=coles/coles-catalogue-september-24-30-2025-vic-metro/,displayed_price,displayed_price;unit_price,2,verified
Coles,VIC METRO,"Coles Catalogue September 24 - 30, 2025 VIC METRO",2025-09-24,2025-10-01,10,Tip Top White Rolls 6 Pack 450g-520g,2.7,4.7,2.0,42.55,save_amount,6 Pack; 450g; 520g,,Tip Top White Rolls 6 Pack | 450g-520g,79.0,True,offer_labels_missing;low_name_confidence_strict;single_price_evidence,https://caau.syd1.cdn.digitaloceanspaces.com/wp-content/uploads/catalogue/coles/coles-catalogue-september-24-30-2025-vic-metro/10.jpg,https://www.catalogueau.com/coles/#catalogue=coles/coles-catalogue-september-24-30-2025-vic-metro/,displayed_price,displayed_price,1,review
Coles,VIC METRO,"Coles Catalogue September 24 - 30, 2025 VIC METRO",2025-09-24,2025-10-01,10,"Coles Entertaining Chicken Tenderloin Skewers 300g, Beef Sliders 500g or Pork Kransky Bites 400g",15.0,,,,special,300g; 500g; 400g,,"Coles Entertaining Chicken Tenderloin Skewers 300g, | Beef Sliders 500g or Pork Kransky Bites 400g | VIC-METRO-2409-25-488150",95.88,True,offer_labels_missing;save_amount_missing;regular_price_missing;single_price_evidence,https://caau.syd1.cdn.digitaloceanspaces.com/wp-content/uploads/catalogue/coles/coles-catalogue-september-24-30-2025-vic-metro/10.jpg,https://www.catalogueau.com/coles/#catalogue=coles/coles-catalogue-september-24-30-2025-vic-metro/,displayed_price,displayed_price,1,review
Coles,VIC METRO,"Coles Catalogue September 24 - 30, 2025 VIC METRO",2025-09-24,2025-10-01,11,La Famiglia Garlic Bread Slices 270g,4.0,6.5,2.5,38.46,save_amount,270g,$1.48 per 100g,"WAS$6.50 | WAS$6.50 | La Famiglia Garlic Bread | Slices 270g $1.48 per 100g | Pi, | in | zz | i",96.44,False,,https://caau.syd1.cdn.digitaloceanspaces.com/wp-content/uploads/catalogue/coles/coles-catalogue-september-24-30-2025-vic-metro/11.jpg,https://www.catalogueau.com/coles/#catalogue=coles/coles-catalogue-september-24-30-2025-vic-metro/,displayed_price,displayed_price;unit_price,2,verified
Coles,VIC METRO,"Coles Catalogue September 24 - 30, 2025 VIC METRO",2025-09-24,2025-10-01,11,Olina's Artisan Crackers 90g-100g,3.0,5.0,2.0,40.0,save_amount,90g; 100g,,WASS5 | WASS5 | Olina's Artisan Crackers | 90g-100g | HIVE,93.01,True,single_price_evidence,https://caau.syd1.cdn.digitaloceanspaces.com/wp-content/uploads/catalogue/coles/coles-catalogue-september-24-30-2025-vic-metro/11.jpg,https://www.catalogueau.com/coles/#catalogue=coles/coles-catalogue-september-24-30-2025-vic-metro/,displayed_price,displayed_price,1,review
Coles,VIC METRO,"Coles Catalogue September 24 - 30, 2025 VIC METRO",2025-09-24,2025-10-01,11,Black Swan Crafted Dip 150g-170g,4.2,,,,special,150g; 170g,,Black Swan Crafted Dip | 150g-170g | 40. | ATARL,94.19,True,offer_labels_missing;save_amount_missing;regular_price_missing;inferred_price_requires_review,https://caau.syd1.cdn.digitaloceanspaces.com/wp-content/uploads/catalogue/coles/coles-catalogue-september-24-30-2025-vic-metro/11.jpg,https://www.catalogueau.com/coles/#catalogue=coles/coles-catalogue-september-24-30-2025-vic-metro/,displayed_price,displayed_price;grid_inference,1,review
Coles,VIC METRO,"Coles Catalogue September 24 - 30, 2025 VIC METRO",2025-09-24,2025-10-01,11,Sauvignon Blanc 750mL,40.0,,,,special,750mL,,Sauvignon Blanc | 750mL | =a | ATIRU | See page 44 for T&Cs | Choose to,88.93,True,offer_labels_missing;save_amount_missing;regular_price_missing;single_price_evidence,https://caau.syd1.cdn.digitaloceanspaces.com/wp-content/uploads/catalogue/coles/coles-catalogue-september-24-30-2025-vic-metro/11.jpg,https://www.catalogueau.com/coles/#catalogue=coles/coles-catalogue-september-24-30-2025-vic-metro/,displayed_price,displayed_price,1,review
Coles,VIC METRO,"Coles Catalogue September 24 - 30, 2025 VIC METRO",2025-09-24,2025-10-01,11,Coles Cream Cheese 190g,4.0,,,,special,190g,$21.05 per kg,Coles Cream Cheese 190g | $21.05 per kg | VIC-METRO-2409-25-488150,96.43,False,,https://caau.syd1.cdn.digitaloceanspaces.com/wp-content/uploads/catalogue/coles/coles-catalogue-september-24-30-2025-vic-metro/11.jpg,https://www.catalogueau.com/coles/#catalogue=coles/coles-catalogue-september-24-30-2025-vic-metro/,displayed_price,displayed_price;unit_price,2,verified
Coles,VIC METRO,"Coles Catalogue September 24 - 30, 2025 VIC METRO",2025-09-24,2025-10-01,11,Coles Pre-Packed Antipasto 110g-135,6.0,,,,special,110g,,Coles Pre-Packed Antipasto | 110g-135 | Selected stores only* | *For locations of Deli counter stores visit coles.com.au/range-availability,92.62,True,offer_labels_missing;save_amount_missing;regular_price_missing;single_price_evidence,https://caau.syd1.cdn.digitaloceanspaces.com/wp-content/uploads/catalogue/coles/coles-catalogue-september-24-30-2025-vic-metro/11.jpg,https://www.catalogueau.com/coles/#catalogue=coles/coles-catalogue-september-24-30-2025-vic-metro/,displayed_price,displayed_price,1,review
Coles,VIC METRO,"Coles Catalogue September 24 - 30, 2025 VIC METRO",2025-09-24,2025-10-01,12,Coles RSPCA Approved Chicken Southern Thigh Fillet Burgers 400g,8.0,9.0,1.0,11.11,save_amount,400g,$20.00 per kg,WASS9 | WASS9 | Coles RSPCA Approved Chicken | Southern Thigh Fillet Burgers | 400g $20.00 per kg | Fou,96.31,False,,https://caau.syd1.cdn.digitaloceanspaces.com/wp-content/uploads/catalogue/coles/coles-catalogue-september-24-30-2025-vic-metro/12.jpg,https://www.catalogueau.com/coles/#catalogue=coles/coles-catalogue-september-24-30-2025-vic-metro/,displayed_price,displayed_price;unit_price,2,verified
Coles,VIC METRO,"Coles Catalogue September 24 - 30, 2025 VIC METRO",2025-09-24,2025-10-01,12,Coles Bakery Pizza Rolls 2 Pack,3.5,415.0,411.5,99.16,save_amount,2 Pack,$1.75 per each,WASS$415 | WASS$415 | Coles Bakery Pizza Rolls | 2 Pack $1.75 per each | Selected stores only | > |,96.56,False,,https://caau.syd1.cdn.digitaloceanspaces.com/wp-content/uploads/catalogue/coles/coles-catalogue-september-24-30-2025-vic-metro/12.jpg,https://www.catalogueau.com/coles/#catalogue=coles/coles-catalogue-september-24-30-2025-vic-metro/,displayed_price,displayed_price;unit_price,2,verified
Coles,VIC METRO,"Coles Catalogue September 24 - 30, 2025 VIC METRO",2025-09-24,2025-10-01,12,Bundaberg Brewed Soft Drink 4x375mL,5.75,770.0,764.25,99.25,save_amount,4x375mL,$3.83 per litre,"‘WASS770, | ‘WASS770, | Bundaberg Brewed Soft Drink | 4x375mL $3.83 per litre | = | Dat | — | -",94.76,False,,https://caau.syd1.cdn.digitaloceanspaces.com/wp-content/uploads/catalogue/coles/coles-catalogue-september-24-30-2025-vic-metro/12.jpg,https://www.catalogueau.com/coles/#catalogue=coles/coles-catalogue-september-24-30-2025-vic-metro/,displayed_price,displayed_price;unit_price,2,verified
Coles,VIC METRO,"Coles Catalogue September 24 - 30, 2025 VIC METRO",2025-09-24,2025-10-01,12,Four'N Twenty Traditional Pies 4 Pack 700g,6.9,9.5,2.6,27.37,save_amount,4 Pack; 700g,$0.99 per 100g,WASS9.50 | WASS9.50 | Four'N Twenty Traditional Pies | 4 Pack 700g $0.99 per 100g,95.27,False,,https://caau.syd1.cdn.digitaloceanspaces.com/wp-content/uploads/catalogue/coles/coles-catalogue-september-24-30-2025-vic-metro/12.jpg,https://www.catalogueau.com/coles/#catalogue=coles/coles-catalogue-september-24-30-2025-vic-metro/,displayed_price,displayed_price;unit_price,2,verified
Coles,VIC METRO,"Coles Catalogue September 24 - 30, 2025 VIC METRO",2025-09-24,2025-10-01,12,Birds Eye Golden Crunch Chips 900g,4.8,6.0,1.2,20.0,save_amount,900g,$5.33 per kg,WASS6 | WASS6 | Birds Eye Golden Crunch Chips | 900g $5.33 per kg | VIC-METRO-2409-25-488150,96.28,False,,https://caau.syd1.cdn.digitaloceanspaces.com/wp-content/uploads/catalogue/coles/coles-catalogue-september-24-30-2025-vic-metro/12.jpg,https://www.catalogueau.com/coles/#catalogue=coles/coles-catalogue-september-24-30-2025-vic-metro/,displayed_price,displayed_price;unit_price,2,verified
Coles,VIC METRO,"Coles Catalogue September 24 - 30, 2025 VIC METRO",2025-09-24,2025-10-01,12,Dimmies & Tinnies Dim Sims 1.2kg,15.0,,,,special,1.2kg,$1.25 per 100g,Dimmies & Tinnies Dim Sims | 1.2kg $1.25 per 100g,93.93,True,offer_labels_missing;save_amount_missing;regular_price_missing;inferred_price_requires_review,https://caau.syd1.cdn.digitaloceanspaces.com/wp-content/uploads/catalogue/coles/coles-catalogue-september-24-30-2025-vic-metro/12.jpg,https://www.catalogueau.com/coles/#catalogue=coles/coles-catalogue-september-24-30-2025-vic-metro/,displayed_price,displayed_price;grid_inference,1,review
Coles,VIC METRO,"Coles Catalogue September 24 - 30, 2025 VIC METRO",2025-09-24,2025-10-01,13,Arnott's Tim Tam Biscuits 165g-200g,4.5,6.0,1.5,25.0,save_amount,165g; 200g,,WASS6 | WASS6 | Arnott's Tim Tam Biscuits | 165g-200g | ee | Ts) ff | yy} | OT,90.91,True,single_price_evidence,https://caau.syd1.cdn.digitaloceanspaces.com/wp-content/uploads/catalogue/coles/coles-catalogue-september-24-30-2025-vic-metro/13.jpg,https://www.catalogueau.com/coles/#catalogue=coles/coles-catalogue-september-24-30-2025-vic-metro/,displayed_price,displayed_price,1,review
Coles,VIC METRO,"Coles Catalogue September 24 - 30, 2025 VIC METRO",2025-09-24,2025-10-01,13,Lindt Excellence Block Chocolate 80g-100g,0.95,8.5,7.55,88.82,save_amount,80g; 100g,,Lindt Excellence Block | Chocolate 80g-100g | Te,94.62,True,offer_labels_missing;single_price_evidence,https://caau.syd1.cdn.digitaloceanspaces.com/wp-content/uploads/catalogue/coles/coles-catalogue-september-24-30-2025-vic-metro/13.jpg,https://www.catalogueau.com/coles/#catalogue=coles/coles-catalogue-september-24-30-2025-vic-metro/,unknown,,0,review
Coles,VIC METRO,"Coles Catalogue September 24 - 30, 2025 VIC METRO",2025-09-24,2025-10-01,13,Cadbury Chocolate Coated Fruit or Nut Jar 270g-340g,9.0,13.0,4.0,30.77,save_amount,270g; 340g,,WASS13 | WASS13 | Cadbury Chocolate Coated Fruit | or Nut Jar 270g-340g,94.28,True,single_price_evidence,https://caau.syd1.cdn.digitaloceanspaces.com/wp-content/uploads/catalogue/coles/coles-catalogue-september-24-30-2025-vic-metro/13.jpg,https://www.catalogueau.com/coles/#catalogue=coles/coles-catalogue-september-24-30-2025-vic-metro/,displayed_price,displayed_price,1,review
Coles,VIC METRO,"Coles Catalogue September 24 - 30, 2025 VIC METRO",2025-09-24,2025-10-01,13,Coca-Cola Soft Drink 30x375mL,29.0,50.0,21.0,42.0,save_amount,30x375mL,$2.58 per litre,WASS50 | WASS50 | Coca-Cola Soft Drink 30x375mL | $2.58 per litre,93.05,True,single_price_evidence,https://caau.syd1.cdn.digitaloceanspaces.com/wp-content/uploads/catalogue/coles/coles-catalogue-september-24-30-2025-vic-metro/13.jpg,https://www.catalogueau.com/coles/#catalogue=coles/coles-catalogue-september-24-30-2025-vic-metro/,displayed_price,displayed_price,1,review
Coles,VIC METRO,"Coles Catalogue September 24 - 30, 2025 VIC METRO",2025-09-24,2025-10-01,13,Arnott’s Creams Biscuits or Savoy Crackers 200g-250g,6.0,,,,special,200g; 250g,,Arnott’s Creams Biscuits or | Savoy Crackers 200g-250g | |,87.11,True,offer_labels_missing;save_amount_missing;regular_price_missing;single_price_evidence,https://caau.syd1.cdn.digitaloceanspaces.com/wp-content/uploads/catalogue/coles/coles-catalogue-september-24-30-2025-vic-metro/13.jpg,https://www.catalogueau.com/coles/#catalogue=coles/coles-catalogue-september-24-30-2025-vic-metro/,displayed_price,displayed_price,1,review
Coles,VIC METRO,"Coles Catalogue September 24 - 30, 2025 VIC METRO",2025-09-24,2025-10-01,13,Smith's Crinkle Cut Potato Chips or Double Crunch 150g-170g,6.0,,,,special,150g; 170g,,Smith's Crinkle Cut Potato Chips | or Double Crunch 150g-170g | a | yi,94.92,True,offer_labels_missing;save_amount_missing;regular_price_missing;single_price_evidence,https://caau.syd1.cdn.digitaloceanspaces.com/wp-content/uploads/catalogue/coles/coles-catalogue-september-24-30-2025-vic-metro/13.jpg,https://www.catalogueau.com/coles/#catalogue=coles/coles-catalogue-september-24-30-2025-vic-metro/,displayed_price,displayed_price,1,review
Coles,VIC METRO,"Coles Catalogue September 24 - 30, 2025 VIC METRO",2025-09-24,2025-10-01,13,Remedy Sodaly 4x250mL,5.9,,,,special,4x250mL,$5.90 per litre,Remedy Sodaly 4x250mL | $5.90 per litre | VIC-METRO-2409-25-488150,92.39,True,single_price_evidence,https://caau.syd1.cdn.digitaloceanspaces.com/wp-content/uploads/catalogue/coles/coles-catalogue-september-24-30-2025-vic-metro/13.jpg,https://www.catalogueau.com/coles/#catalogue=coles/coles-catalogue-september-24-30-2025-vic-metro/,unit_price,unit_price,1,review
Coles,VIC METRO,"Coles Catalogue September 24 - 30, 2025 VIC METRO",2025-09-24,2025-10-01,13,Coca-Cola Soft Drink 15x250mL,15.0,,,,special,15x250mL,$4.00 per litre,Coca-Cola Soft Drink 15x250mL | $4.00 per litre,93.71,False,,https://caau.syd1.cdn.digitaloceanspaces.com/wp-content/uploads/catalogue/coles/coles-catalogue-september-24-30-2025-vic-metro/13.jpg,https://www.catalogueau.com/coles/#catalogue=coles/coles-catalogue-september-24-30-2025-vic-metro/,displayed_price,displayed_price;unit_price,2,verified
Coles,VIC METRO,"Coles Catalogue September 24 - 30, 2025 VIC METRO",2025-09-24,2025-10-01,14,Coles Tomato or Barbecue Sauce 500mL,2.0,,,,special,500mL,$0.40 per 100mL,Coles Tomato or Barbecue | Sauce 500mL $0.40 per 100mL | b,94.15,False,,https://caau.syd1.cdn.digitaloceanspaces.com/wp-content/uploads/catalogue/coles/coles-catalogue-september-24-30-2025-vic-metro/14.jpg,https://www.catalogueau.com/coles/#catalogue=coles/coles-catalogue-september-24-30-2025-vic-metro/,displayed_price,displayed_price;unit_price,2,verified
Coles,VIC METRO,"Coles Catalogue September 24 - 30, 2025 VIC METRO",2025-09-24,2025-10-01,14,Coles Wafer Thin Crackers 100g,1.9,,,,special,100g,$1.90 per 100g,Coles Wafer Thin Crackers | 100g $1.90 per 100g | =,95.57,False,,https://caau.syd1.cdn.digitaloceanspaces.com/wp-content/uploads/catalogue/coles/coles-catalogue-september-24-30-2025-vic-metro/14.jpg,https://www.catalogueau.com/coles/#catalogue=coles/coles-catalogue-september-24-30-2025-vic-metro/,displayed_price,displayed_price;unit_price,2,verified
Coles,VIC METRO,"Coles Catalogue September 24 - 30, 2025 VIC METRO",2025-09-24,2025-10-01,14,Coles Soft Drink 1.25 Litre,1.15,,,,special,1.25 Litre,$0.92 per litre,Coles Soft Drink 1.25 Litre | $0.92 per litre | a | iy,96.03,True,single_price_evidence,https://caau.syd1.cdn.digitaloceanspaces.com/wp-content/uploads/catalogue/coles/coles-catalogue-september-24-30-2025-vic-metro/14.jpg,https://www.catalogueau.com/coles/#catalogue=coles/coles-catalogue-september-24-30-2025-vic-metro/,unit_price,unit_price,1,review
Coles,VIC METRO,"Coles Catalogue September 24 - 30, 2025 VIC METRO",2025-09-24,2025-10-01,14,Coles Dip 200:,2.6,,,,special,,$1.30 per 100g,Coles Dip 200: | $1.30 per 100g | = | —— | =,95.64,True,offer_labels_missing;save_amount_missing;regular_price_missing;single_price_evidence,https://caau.syd1.cdn.digitaloceanspaces.com/wp-content/uploads/catalogue/coles/coles-catalogue-september-24-30-2025-vic-metro/14.jpg,https://www.catalogueau.com/coles/#catalogue=coles/coles-catalogue-september-24-30-2025-vic-metro/,displayed_price,displayed_price,1,review
Coles,VIC METRO,"Coles Catalogue September 24 - 30, 2025 VIC METRO",2025-09-24,2025-10-01,14,Coles Corn Chips 175g,2.2,,,,special,175g,$1.26 per 100g,Coles Corn Chips 175g | $1.26 per 100g | ©,96.41,False,,https://caau.syd1.cdn.digitaloceanspaces.com/wp-content/uploads/catalogue/coles/coles-catalogue-september-24-30-2025-vic-metro/14.jpg,https://www.catalogueau.com/coles/#catalogue=coles/coles-catalogue-september-24-30-2025-vic-metro/,displayed_price,displayed_price;unit_price,2,verified
Coles,VIC METRO,"Coles Catalogue September 24 - 30, 2025 VIC METRO",2025-09-24,2025-10-01,14,Coles Sesame Bread Sticks 125g,2.5,,,,special,125g,$2.00 per 100g,Coles Sesame Bread Sticks | 125g $2.00 per 100g | —,96.34,False,,https://caau.syd1.cdn.digitaloceanspaces.com/wp-content/uploads/catalogue/coles/coles-catalogue-september-24-30-2025-vic-metro/14.jpg,https://www.catalogueau.com/coles/#catalogue=coles/coles-catalogue-september-24-30-2025-vic-metro/,displayed_price,displayed_price;unit_price,2,verified
Coles,VIC METRO,"Coles Catalogue September 24 - 30, 2025 VIC METRO",2025-09-24,2025-10-01,14,Coles Chocolate & Strawberry Vanilla Milkshake Pops 8 Pack 440mL,5.0,,,,special,8 Pack; 440mL,$1.14 per 100mL,Coles Chocolate & Strawberry | Vanilla Milkshake Pops 8 Pack | 440mL $1.14 per 100mL,94.01,False,,https://caau.syd1.cdn.digitaloceanspaces.com/wp-content/uploads/catalogue/coles/coles-catalogue-september-24-30-2025-vic-metro/14.jpg,https://www.catalogueau.com/coles/#catalogue=coles/coles-catalogue-september-24-30-2025-vic-metro/,displayed_price,displayed_price;unit_price,2,verified
Coles,VIC METRO,"Coles Catalogue September 24 - 30, 2025 VIC METRO",2025-09-24,2025-10-01,14,Coles Finest Triple Cream Brie 200g,5.0,,,,special,200g,$25.00 per kg,Coles Finest Triple Cream | Brie 200g $25.00 per kg | VIC-METRO-2409-25-488150,96.05,False,,https://caau.syd1.cdn.digitaloceanspaces.com/wp-content/uploads/catalogue/coles/coles-catalogue-september-24-30-2025-vic-metro/14.jpg,https://www.catalogueau.com/coles/#catalogue=coles/coles-catalogue-september-24-30-2025-vic-metro/,displayed_price,displayed_price;unit_price,2,verified
Coles,VIC METRO,"Coles Catalogue September 24 - 30, 2025 VIC METRO",2025-09-24,2025-10-01,14,Coles Frozen Party Sausage Rolls 24 Pack 900g,9.0,,,,special,24 Pack; 900g,$1.00 per 100g,Coles Frozen Party Sausage | Rolls 24 Pack 900g | $1.00 per 100g,96.41,False,,https://caau.syd1.cdn.digitaloceanspaces.com/wp-content/uploads/catalogue/coles/coles-catalogue-september-24-30-2025-vic-metro/14.jpg,https://www.catalogueau.com/coles/#catalogue=coles/coles-catalogue-september-24-30-2025-vic-metro/,displayed_price,displayed_price;unit_price,2,verified
Coles,VIC METRO,"Coles Catalogue September 24 - 30, 2025 VIC METRO",2025-09-24,2025-10-01,15,Gatorade Sports Drink 600mL,2.5,4.2,1.7,40.48,save_amount,600mL,$4.17 per litre,Gatorade Sports Drink 600mL | $4.17 per litre | aS | 4s,94.48,False,,https://caau.syd1.cdn.digitaloceanspaces.com/wp-content/uploads/catalogue/coles/coles-catalogue-september-24-30-2025-vic-metro/15.jpg,https://www.catalogueau.com/coles/#catalogue=coles/coles-catalogue-september-24-30-2025-vic-metro/,displayed_price,displayed_price;unit_price,2,verified
Coles,VIC METRO,"Coles Catalogue September 24 - 30, 2025 VIC METRO",2025-09-24,2025-10-01,15,G Active Water 600mL,2.5,4.2,1.7,40.48,save_amount,600mL,$4.17 per litre,G Active Water 600mL | $4.17 per litre | 946,93.41,False,,https://caau.syd1.cdn.digitaloceanspaces.com/wp-content/uploads/catalogue/coles/coles-catalogue-september-24-30-2025-vic-metro/15.jpg,https://www.catalogueau.com/coles/#catalogue=coles/coles-catalogue-september-24-30-2025-vic-metro/,displayed_price,displayed_price;unit_price,2,verified
Coles,VIC METRO,"Coles Catalogue September 24 - 30, 2025 VIC METRO",2025-09-24,2025-10-01,15,Red Bull Energy Drink 4x250mL,7.5,12.5,5.0,40.0,save_amount,4x250mL,$7.50 per litre,WASS12.50 | WASS12.50 | Red Bull Energy Drink 4x250mL | $7.50 per litre,94.53,False,,https://caau.syd1.cdn.digitaloceanspaces.com/wp-content/uploads/catalogue/coles/coles-catalogue-september-24-30-2025-vic-metro/15.jpg,https://www.catalogueau.com/coles/#catalogue=coles/coles-catalogue-september-24-30-2025-vic-metro/,displayed_price,displayed_price;page_discount;unit_price,2,verified
Coles,VIC METRO,"Coles Catalogue September 24 - 30, 2025 VIC METRO",2025-09-24,2025-10-01,15,Pepsi Max or Solo Zero Sugar Soft Drink 24x375mL,22.5,37.5,15.0,40.0,save_amount,24x375mL,$2.50 per litre,WAS$37.50 | WAS$37.50 | Pepsi Max or Solo Zero Sugar Soft Drink | 24x375mL $2.50 per litre | COKE ZERO,95.56,True,inferred_price_requires_review,https://caau.syd1.cdn.digitaloceanspaces.com/wp-content/uploads/catalogue/coles/coles-catalogue-september-24-30-2025-vic-metro/15.jpg,https://www.catalogueau.com/coles/#catalogue=coles/coles-catalogue-september-24-30-2025-vic-metro/,unit_price,page_discount;unit_price,1,review
Coles,VIC METRO,"Coles Catalogue September 24 - 30, 2025 VIC METRO",2025-09-24,2025-10-01,15,Coca-Cola Zero Sugar Soft Drink 30x375mL,29.0,50.0,21.0,42.0,save_amount,30x375mL,$2.58 per litre,WASS50 | WASS50 | Coca-Cola Zero Sugar Soft Drink | 30x375mL $2.58 per litre | Pt | \ | 2. | LN,95.25,True,single_price_evidence,https://caau.syd1.cdn.digitaloceanspaces.com/wp-content/uploads/catalogue/coles/coles-catalogue-september-24-30-2025-vic-metro/15.jpg,https://www.catalogueau.com/coles/#catalogue=coles/coles-catalogue-september-24-30-2025-vic-metro/,displayed_price,displayed_price,1,review
Coles,VIC METRO,"Coles Catalogue September 24 - 30, 2025 VIC METRO",2025-09-24,2025-10-01,16,McCain Airfryer Chips 750g,2.9,5.8,2.9,50.0,half_price,750g,,WASS5.80 | WASS5.80 | McCain Airfryer Chips 750g | $3.87 per k | *See page 19 forT&Cs,93.68,True,single_price_evidence,https://caau.syd1.cdn.digitaloceanspaces.com/wp-content/uploads/catalogue/coles/coles-catalogue-september-24-30-2025-vic-metro/16.jpg,https://www.catalogueau.com/coles/#catalogue=coles/coles-catalogue-september-24-30-2025-vic-metro/,displayed_price,displayed_price,1,review
Coles,VIC METRO,"Coles Catalogue September 24 - 30, 2025 VIC METRO",2025-09-24,2025-10-01,16,Sara Lee Frozen Cheesecake 360g-425g,4.2,9.0,4.8,53.33,save_amount,360g; 425g,,Sara Lee Frozen Cheesecake | 360g-425g,93.96,True,offer_labels_missing;single_price_evidence,https://caau.syd1.cdn.digitaloceanspaces.com/wp-content/uploads/catalogue/coles/coles-catalogue-september-24-30-2025-vic-metro/16.jpg,https://www.catalogueau.com/coles/#catalogue=coles/coles-catalogue-september-24-30-2025-vic-metro/,unknown,,0,review
Coles,VIC METRO,"Coles Catalogue September 24 - 30, 2025 VIC METRO",2025-09-24,2025-10-01,16,Herbert Adams Slow Cooked Beef Pies 2 Pack 400g-420g,6.9,10.0,3.1,31.0,save_amount,2 Pack; 400g; 420g,,WASS10 | WASS10 | Herbert Adams Slow Cooked | Beef Pies 2 Pack 400g-420g,95.2,True,single_price_evidence,https://caau.syd1.cdn.digitaloceanspaces.com/wp-content/uploads/catalogue/coles/coles-catalogue-september-24-30-2025-vic-metro/16.jpg,https://www.catalogueau.com/coles/#catalogue=coles/coles-catalogue-september-24-30-2025-vic-metro/,displayed_price,displayed_price,1,review
Coles,VIC METRO,"Coles Catalogue September 24 - 30, 2025 VIC METRO",2025-09-24,2025-10-01,16,Patties Party Pack 30 Pack 1.25kg,10.8,18.0,7.2,40.0,save_amount,30 Pack; 1.25kg,$0.86 per 100g,WASS18 | WASS18 | Patties Party Pack 30 Pack | 1.25kg $0.86 per 100g,95.85,True,single_price_evidence,https://caau.syd1.cdn.digitaloceanspaces.com/wp-content/uploads/catalogue/coles/coles-catalogue-september-24-30-2025-vic-metro/16.jpg,https://www.catalogueau.com/coles/#catalogue=coles/coles-catalogue-september-24-30-2025-vic-metro/,displayed_price,displayed_price,1,review
Coles,VIC METRO,"Coles Catalogue September 24 - 30, 2025 VIC METRO",2025-09-24,2025-10-01,16,Dr. Oetker Ristorante Pizza 310g-390g,7.0,9.5,2.5,26.32,save_amount,310g; 390g,,WASS9.50 | WASS9.50 | Dr. Oetker Ristorante Pizza | 310g-390g | | | 10,79.0,True,low_name_confidence_strict;single_price_evidence,https://caau.syd1.cdn.digitaloceanspaces.com/wp-content/uploads/catalogue/coles/coles-catalogue-september-24-30-2025-vic-metro/16.jpg,https://www.catalogueau.com/coles/#catalogue=coles/coles-catalogue-september-24-30-2025-vic-metro/,displayed_price,displayed_price,1,review
Coles,VIC METRO,"Coles Catalogue September 24 - 30, 2025 VIC METRO",2025-09-24,2025-10-01,16,ell Chiko Rolls 4 Pack 650g el per 100g,6.0,,,,special,4 Pack; 650g; 100g,,5002 | ell Chiko Rolls 4 Pack 650g | el | per 100g,79.0,True,offer_labels_missing;save_amount_missing;regular_price_missing;low_name_confidence_strict;single_price_evidence,https://caau.syd1.cdn.digitaloceanspaces.com/wp-content/uploads/catalogue/coles/coles-catalogue-september-24-30-2025-vic-metro/16.jpg,https://www.catalogueau.com/coles/#catalogue=coles/coles-catalogue-september-24-30-2025-vic-metro/,displayed_price,displayed_price,1,review
Coles,VIC METRO,"Coles Catalogue September 24 - 30, 2025 VIC METRO",2025-09-24,2025-10-01,16,Coles Frozen Sweet Potato Chips 750g,5.0,,,,special,750g,$6.67 per kg,Coles Frozen Sweet Potato Chips 750g | $6.67 per kg,96.49,False,,https://caau.syd1.cdn.digitaloceanspaces.com/wp-content/uploads/catalogue/coles/coles-catalogue-september-24-30-2025-vic-metro/16.jpg,https://www.catalogueau.com/coles/#catalogue=coles/coles-catalogue-september-24-30-2025-vic-metro/,displayed_price,displayed_price;unit_price,2,verified
Coles,VIC METRO,"Coles Catalogue September 24 - 30, 2025 VIC METRO",2025-09-24,2025-10-01,17,"Black Swan Favourites Dip 180g-200g, Yumi's Dip 200g or Red Rock Deli Dip 130g-135g",7.0,9.0,2.0,22.22,save_amount,180g; 200g; 130g; 135g,,"SAVE 52 | Black Swan Favourites Dip 180g-200g, Yumi's Dip 200g | or Red Rock Deli Dip 130g-135g",94.45,True,single_price_evidence,https://caau.syd1.cdn.digitaloceanspaces.com/wp-content/uploads/catalogue/coles/coles-catalogue-september-24-30-2025-vic-metro/17.jpg,https://www.catalogueau.com/coles/#catalogue=coles/coles-catalogue-september-24-30-2025-vic-metro/,displayed_price,displayed_price,1,review
Coles,VIC METRO,"Coles Catalogue September 24 - 30, 2025 VIC METRO",2025-09-24,2025-10-01,17,Obela Garnished Hommus Dip 220g,4.0,5.5,1.5,27.27,save_amount,220g,$1.82 per 100g,SAVE51.50 | WASS$5.50 | Obela Garnished Hommus Dip | 220g $1.82 per 100g | On sale for 2 weeks | Rat | @ | ty,94.8,True,single_price_evidence,https://caau.syd1.cdn.digitaloceanspaces.com/wp-content/uploads/catalogue/coles/coles-catalogue-september-24-30-2025-vic-metro/17.jpg,https://www.catalogueau.com/coles/#catalogue=coles/coles-catalogue-september-24-30-2025-vic-metro/,unit_price,unit_price,1,review
Coles,VIC METRO,"Coles Catalogue September 24 - 30, 2025 VIC METRO",2025-09-24,2025-10-01,17,Tasmanian Heritage Double Cream Brie or Camembert 200g,5.9,11.95,6.05,50.63,save_amount,200g,$29.50 per kg,SAVE%6.05 | WASS11.95 | Tasmanian Heritage Double | Cream Brie or Camembert 200g | $29.50 per kg | —— | MADEN,96.16,False,,https://caau.syd1.cdn.digitaloceanspaces.com/wp-content/uploads/catalogue/coles/coles-catalogue-september-24-30-2025-vic-metro/17.jpg,https://www.catalogueau.com/coles/#catalogue=coles/coles-catalogue-september-24-30-2025-vic-metro/,save_was_arithmetic,save_was_arithmetic;unit_price,2,verified
Coles,VIC METRO,"Coles Catalogue September 24 - 30, 2025 VIC METRO",2025-09-24,2025-10-01,17,Don Footy Franks Skinless 600g,6.5,7.8,1.3,16.67,save_amount,600g,$10.83 per kg,SAVE*1.30 | WAS$7.80 | Don Footy Franks Skinless 600g | $10.83 per kg | |,96.89,False,,https://caau.syd1.cdn.digitaloceanspaces.com/wp-content/uploads/catalogue/coles/coles-catalogue-september-24-30-2025-vic-metro/17.jpg,https://www.catalogueau.com/coles/#catalogue=coles/coles-catalogue-september-24-30-2025-vic-metro/,save_was_arithmetic,displayed_price;save_was_arithmetic;unit_price,3,verified
Coles,VIC METRO,"Coles Catalogue September 24 - 30, 2025 VIC METRO",2025-09-24,2025-10-01,17,Philadelphia Cream Cheese Block 250g,4.5,5.7,1.2,21.05,save_amount,250g,,SAVE51.20 | WASS5.70 | Philadelphia Cream | Cheese Block 250g | $18.00 per k | On sale for 2 weeks | 7,96.4,True,single_price_evidence,https://caau.syd1.cdn.digitaloceanspaces.com/wp-content/uploads/catalogue/coles/coles-catalogue-september-24-30-2025-vic-metro/17.jpg,https://www.catalogueau.com/coles/#catalogue=coles/coles-catalogue-september-24-30-2025-vic-metro/,unknown,,0,review
Coles,VIC METRO,"Coles Catalogue September 24 - 30, 2025 VIC METRO",2025-09-24,2025-10-01,17,Yumi's Falafel Balls 225g,5.5,6.5,1.0,15.38,save_amount,225g,$2.44 per 100g,WAS$6.50 | WAS$6.50 | Yumi's Falafel Balls | 225g $2.44 per 100g | VIC-METRO-2409-25-488150,95.64,False,,https://caau.syd1.cdn.digitaloceanspaces.com/wp-content/uploads/catalogue/coles/coles-catalogue-september-24-30-2025-vic-metro/17.jpg,https://www.catalogueau.com/coles/#catalogue=coles/coles-catalogue-september-24-30-2025-vic-metro/,displayed_price,displayed_price;unit_price,2,verified
Coles,VIC METRO,"Coles Catalogue September 24 - 30, 2025 VIC METRO",2025-09-24,2025-10-01,17,Mersey Valley Cheese 235g,6.9,9.9,3.0,30.3,save_amount,235g,$29.36 per kg,SAVES3. | WASS9.90 | Mersey Valley Cheese | 235g $29.36 per kg | On sale for 2 weeks | 7,96.2,False,,https://caau.syd1.cdn.digitaloceanspaces.com/wp-content/uploads/catalogue/coles/coles-catalogue-september-24-30-2025-vic-metro/17.jpg,https://www.catalogueau.com/coles/#catalogue=coles/coles-catalogue-september-24-30-2025-vic-metro/,save_was_arithmetic,displayed_price;save_was_arithmetic;unit_price,3,verified
Coles,VIC METRO,"Coles Catalogue September 24 - 30, 2025 VIC METRO",2025-09-24,2025-10-01,17,Bega Cheese Slices 500g,10.0,,,,down_down,500g,$20.00 per kg,Bega Cheese Slices 500g | $20.00 per kg,96.23,False,,https://caau.syd1.cdn.digitaloceanspaces.com/wp-content/uploads/catalogue/coles/coles-catalogue-september-24-30-2025-vic-metro/17.jpg,https://www.catalogueau.com/coles/#catalogue=coles/coles-catalogue-september-24-30-2025-vic-metro/,displayed_price,displayed_price;unit_price,2,verified
Coles,VIC METRO,"Coles Catalogue September 24 - 30, 2025 VIC METRO",2025-09-24,2025-10-01,20,Coles Australian No Added Hormones Beef Corned Silverside,0.95,1.0,0.05,5.0,save_amount,,$9.50 per kg,Coles Australian No Added | Hormones Beef Corned Silverside | $9.50 per kg | ay | Ba,95.2,True,single_price_evidence,https://caau.syd1.cdn.digitaloceanspaces.com/wp-content/uploads/catalogue/coles/coles-catalogue-september-24-30-2025-vic-metro/20.jpg,https://www.catalogueau.com/coles/#catalogue=coles/coles-catalogue-september-24-30-2025-vic-metro/,unknown,,0,review
Coles,VIC METRO,"Coles Catalogue September 24 - 30, 2025 VIC METRO",2025-09-24,2025-10-01,20,Coles Australian No Added Hormones Beef Scotch Fillet Thin Sliced Steak 400g,17.0,20.0,3.0,15.0,save_amount,400g,$42.50 per kg,WAS$20 | WAS$20 | Coles Australian No Added | Hormones Beef Scotch Fillet Thin | Sliced Steak 400g $42.50 per kg | eusy,96.35,False,,https://caau.syd1.cdn.digitaloceanspaces.com/wp-content/uploads/catalogue/coles/coles-catalogue-september-24-30-2025-vic-metro/20.jpg,https://www.catalogueau.com/coles/#catalogue=coles/coles-catalogue-september-24-30-2025-vic-metro/,displayed_price,displayed_price;unit_price,2,verified
Coles,VIC METRO,"Coles Catalogue September 24 - 30, 2025 VIC METRO",2025-09-24,2025-10-01,20,Coles Australian No Added Hormones Beef Stir Fry 500g,10.5,12.0,1.5,12.5,save_amount,500g,$21.00 per kg,WASS12 | WASS12 | Coles Australian No Added | Hormones Beef Stir Fry 500g | $21.00 per kg,96.34,False,,https://caau.syd1.cdn.digitaloceanspaces.com/wp-content/uploads/catalogue/coles/coles-catalogue-september-24-30-2025-vic-metro/20.jpg,https://www.catalogueau.com/coles/#catalogue=coles/coles-catalogue-september-24-30-2025-vic-metro/,displayed_price,displayed_price;unit_price,2,verified
Coles,VIC METRO,"Coles Catalogue September 24 - 30, 2025 VIC METRO",2025-09-24,2025-10-01,20,Coles Australian Lamb Loin Chops,26.0,33.0,7.0,21.21,save_amount,,$26.00 per kg,WASS33tq | WASS33tq | Coles Australian Lamb Loin Chops | $26.00 per kg. On sale for 2 weeks | 2. | Xe XS | Me,96.46,True,single_price_evidence,https://caau.syd1.cdn.digitaloceanspaces.com/wp-content/uploads/catalogue/coles/coles-catalogue-september-24-30-2025-vic-metro/20.jpg,https://www.catalogueau.com/coles/#catalogue=coles/coles-catalogue-september-24-30-2025-vic-metro/,displayed_price,displayed_price,1,review
Coles,VIC METRO,"Coles Catalogue September 24 - 30, 2025 VIC METRO",2025-09-24,2025-10-01,20,Coles Made Easy Slow Cooked Honey BB@ Pork Belly Bites 500g,11.0,14.0,3.0,21.43,save_amount,500g,$22.00 per kg,WASS14 | WASS14 | Coles Made Easy Slow Cooked | Honey BB@ Pork Belly Bites 500g | $22.00 per kg | t= | ae | _,95.94,False,,https://caau.syd1.cdn.digitaloceanspaces.com/wp-content/uploads/catalogue/coles/coles-catalogue-september-24-30-2025-vic-metro/20.jpg,https://www.catalogueau.com/coles/#catalogue=coles/coles-catalogue-september-24-30-2025-vic-metro/,displayed_price,displayed_price;unit_price,2,verified
Coles,VIC METRO,"Coles Catalogue September 24 - 30, 2025 VIC METRO",2025-09-24,2025-10-01,20,Coles RSPCA Approved Chicken Boneless Herb & Garlic 1kg,11.5,13.0,1.5,11.54,save_amount,1kg,$11.50 per kg,WASS13 | WASS13 | Coles RSPCA Approved Chicken | Boneless Herb & Garlic 1kg | $11.50 per kg | —_,95.12,True,single_price_evidence,https://caau.syd1.cdn.digitaloceanspaces.com/wp-content/uploads/catalogue/coles/coles-catalogue-september-24-30-2025-vic-metro/20.jpg,https://www.catalogueau.com/coles/#catalogue=coles/coles-catalogue-september-24-30-2025-vic-metro/,unit_price,unit_price,1,review
Coles,VIC METRO,"Coles Catalogue September 24 - 30, 2025 VIC METRO",2025-09-24,2025-10-01,20,VIC-METRO-2409-25-488150,17.0,20.0,3.0,15.0,save_amount,,,WAS $20 | WAS $20 | rx | : | o | i | VIC-METRO-2409-25-488150,85.07,True,single_price_evidence,https://caau.syd1.cdn.digitaloceanspaces.com/wp-content/uploads/catalogue/coles/coles-catalogue-september-24-30-2025-vic-metro/20.jpg,https://www.catalogueau.com/coles/#catalogue=coles/coles-catalogue-september-24-30-2025-vic-metro/,displayed_price,displayed_price,1,review
Coles,VIC METRO,"Coles Catalogue September 24 - 30, 2025 VIC METRO",2025-09-24,2025-10-01,20,Coles Australian Pork Mince 3 Star Regular 500g,5.0,,,,down_down,500g,$10.00 per kg,Coles Australian Pork Mince | 3 Star Regular 500g | $10.00 per kg,96.65,False,,https://caau.syd1.cdn.digitaloceanspaces.com/wp-content/uploads/catalogue/coles/coles-catalogue-september-24-30-2025-vic-metro/20.jpg,https://www.catalogueau.com/coles/#catalogue=coles/coles-catalogue-september-24-30-2025-vic-metro/,displayed_price,displayed_price;unit_price,2,verified
Coles,VIC METRO,"Coles Catalogue September 24 - 30, 2025 VIC METRO",2025-09-24,2025-10-01,20,Coles Australian Pork Thin Cut Loin Steaks 500g,9.0,,,,down_down,500g,$18.00 per kg,Coles Australian Pork | Thin Cut Loin Steaks 500g | $18.00 per kg,96.67,False,,https://caau.syd1.cdn.digitaloceanspaces.com/wp-content/uploads/catalogue/coles/coles-catalogue-september-24-30-2025-vic-metro/20.jpg,https://www.catalogueau.com/coles/#catalogue=coles/coles-catalogue-september-24-30-2025-vic-metro/,displayed_price,displayed_price;unit_price,2,verified
Coles,VIC METRO,"Coles Catalogue September 24 - 30, 2025 VIC METRO",2025-09-24,2025-10-01,20,Coles Free Range RSPCA Approved Chicken Breast,13.5,,,,down_down,,$13.50 per kg,Coles Free Range RSPCA | Approved Chicken Breast | Large Pack $13.50 per kg,96.43,True,save_amount_missing;regular_price_missing;single_price_evidence,https://caau.syd1.cdn.digitaloceanspaces.com/wp-content/uploads/catalogue/coles/coles-catalogue-september-24-30-2025-vic-metro/20.jpg,https://www.catalogueau.com/coles/#catalogue=coles/coles-catalogue-september-24-30-2025-vic-metro/,displayed_price,displayed_price,1,review
Coles,VIC METRO,"Coles Catalogue September 24 - 30, 2025 VIC METRO",2025-09-24,2025-10-01,21,Tassal Smoked Salmon 150g,10.0,15.0,5.0,33.33,save_amount,150g,$66.67 per kg,SAVE*S | WASS15 | Tassal Smoked Salmon 150g | $66.67 per kg | Ww.,95.19,False,,https://caau.syd1.cdn.digitaloceanspaces.com/wp-content/uploads/catalogue/coles/coles-catalogue-september-24-30-2025-vic-metro/21.jpg,https://www.catalogueau.com/coles/#catalogue=coles/coles-catalogue-september-24-30-2025-vic-metro/,displayed_price,displayed_price;unit_price,2,verified
Coles,VIC METRO,"Coles Catalogue September 24 - 30, 2025 VIC METRO",2025-09-24,2025-10-01,21,Hans Twiggy Sticks 500g,11.0,116.0,105.0,90.52,save_amount,500g,$22.00 per kg,SAVES. | WASSI16 | Hans Twiggy Sticks 500g | $22.00 per kg. Selected stores only* | =,96.45,False,,https://caau.syd1.cdn.digitaloceanspaces.com/wp-content/uploads/catalogue/coles/coles-catalogue-september-24-30-2025-vic-metro/21.jpg,https://www.catalogueau.com/coles/#catalogue=coles/coles-catalogue-september-24-30-2025-vic-metro/,displayed_price,displayed_price;unit_price,2,verified
Coles,VIC METRO,"Coles Catalogue September 24 - 30, 2025 VIC METRO",2025-09-24,2025-10-01,21,Coles Tasmanian Salmon Portions Skin On 4 Pack 460g,17.5,19.5,2.0,10.26,save_amount,4 Pack; 460g,$38.04 per kg,WAS $19.50 | WAS $19.50 | AUG 2025 | Coles Tasmanian Salmon Portions Skin On | 4 Pack 460g $38.04 per kg. | From the Meat department,96.18,True,single_price_evidence,https://caau.syd1.cdn.digitaloceanspaces.com/wp-content/uploads/catalogue/coles/coles-catalogue-september-24-30-2025-vic-metro/21.jpg,https://www.catalogueau.com/coles/#catalogue=coles/coles-catalogue-september-24-30-2025-vic-metro/,unit_price,unit_price,1,review
Coles,VIC METRO,"Coles Catalogue September 24 - 30, 2025 VIC METRO",2025-09-24,2025-10-01,21,Coles Australian Thawed Cooked Extra Large Black Tiger Prawns,28.28,,,,special,,$28.00 per kg,Coles Australian Thawed Cooked Extra | Large Black Tiger Prawns $28.00 per kg. | Selected stores only*. On sale for 2 weeks,95.89,True,offer_labels_missing;save_amount_missing;regular_price_missing;single_price_evidence,https://caau.syd1.cdn.digitaloceanspaces.com/wp-content/uploads/catalogue/coles/coles-catalogue-september-24-30-2025-vic-metro/21.jpg,https://www.catalogueau.com/coles/#catalogue=coles/coles-catalogue-september-24-30-2025-vic-metro/,unknown,,0,review
Coles,VIC METRO,"Coles Catalogue September 24 - 30, 2025 VIC METRO",2025-09-24,2025-10-01,21,Karumba Australian MSC Certified Thawed Raw Banana Prawns,19.0,,,,special,,$19.00 per kg,Karumba Australian MSC Certified Thawed Raw | Banana Prawns $19.00 per kg. | Selected stores only*. 2nd week on sale,95.63,True,offer_labels_missing;save_amount_missing;regular_price_missing;single_price_evidence,https://caau.syd1.cdn.digitaloceanspaces.com/wp-content/uploads/catalogue/coles/coles-catalogue-september-24-30-2025-vic-metro/21.jpg,https://www.catalogueau.com/coles/#catalogue=coles/coles-catalogue-september-24-30-2025-vic-metro/,displayed_price,displayed_price,1,review
Coles,VIC METRO,"Coles Catalogue September 24 - 30, 2025 VIC METRO",2025-09-24,2025-10-01,22,Dari’s Soup 550g,5.4,6.8,1.4,20.59,save_amount,550g,$0.98 per 100g,'WAS$6.80 | 'WAS$6.80 | Dari’s Soup 550g | $0.98 per 100g | == | =,73.28,True,low_name_confidence_strict,https://caau.syd1.cdn.digitaloceanspaces.com/wp-content/uploads/catalogue/coles/coles-catalogue-september-24-30-2025-vic-metro/22.jpg,https://www.catalogueau.com/coles/#catalogue=coles/coles-catalogue-september-24-30-2025-vic-metro/,displayed_price,displayed_price;unit_price,2,review
Coles,VIC METRO,"Coles Catalogue September 24 - 30, 2025 VIC METRO",2025-09-24,2025-10-01,22,On the Menu Pasta Sauce 425g,5.0,7.5,2.5,33.33,save_amount,425g,$1.18 per 100g,WASS7.50 | WASS7.50 | On the Menu Pasta Sauce 425g | $1.18 per 100g | po Bd,96.32,False,,https://caau.syd1.cdn.digitaloceanspaces.com/wp-content/uploads/catalogue/coles/coles-catalogue-september-24-30-2025-vic-metro/22.jpg,https://www.catalogueau.com/coles/#catalogue=coles/coles-catalogue-september-24-30-2025-vic-metro/,displayed_price,displayed_price;unit_price,2,verified
Coles,VIC METRO,"Coles Catalogue September 24 - 30, 2025 VIC METRO",2025-09-24,2025-10-01,22,On The Menu Filled Pasta 600g,7.0,11.0,4.0,36.36,save_amount,600g,$1.17 per 100g,WASS11 | WASS11 | On The Menu Filled Pasta 600g | $1.17 per 100g | = | FAMILY PACK,95.56,True,single_price_evidence,https://caau.syd1.cdn.digitaloceanspaces.com/wp-content/uploads/catalogue/coles/coles-catalogue-september-24-30-2025-vic-metro/22.jpg,https://www.catalogueau.com/coles/#catalogue=coles/coles-catalogue-september-24-30-2025-vic-metro/,unit_price,unit_price,1,review
Coles,VIC METRO,"Coles Catalogue September 24 - 30, 2025 VIC METRO",2025-09-24,2025-10-01,22,Dare Flavoured Milk 750mL,4.3,5.4,1.1,20.37,save_amount,750mL,$5.73 per litre,WASS5.40 | WASS5.40 | Dare Flavoured Milk | 750mL $5.73 per litre | VIC-METRO-2409-25-488150,95.65,True,single_price_evidence,https://caau.syd1.cdn.digitaloceanspaces.com/wp-content/uploads/catalogue/coles/coles-catalogue-september-24-30-2025-vic-metro/22.jpg,https://www.catalogueau.com/coles/#catalogue=coles/coles-catalogue-september-24-30-2025-vic-metro/,unit_price,unit_price,1,review
Coles,VIC METRO,"Coles Catalogue September 24 - 30, 2025 VIC METRO",2025-09-24,2025-10-01,22,Bega Cheese Block or Grated 500g,9.5,10.5,1.0,9.52,save_amount,500g,$19.00 per kg,WASS10.50 | WASS10.50 | Bega Cheese Block or | Grated 500g | $19.00 per kg,96.77,False,,https://caau.syd1.cdn.digitaloceanspaces.com/wp-content/uploads/catalogue/coles/coles-catalogue-september-24-30-2025-vic-metro/22.jpg,https://www.catalogueau.com/coles/#catalogue=coles/coles-catalogue-september-24-30-2025-vic-metro/,displayed_price,displayed_price;unit_price,2,verified
Coles,VIC METRO,"Coles Catalogue September 24 - 30, 2025 VIC METRO",2025-09-24,2025-10-01,22,Devondale Shredded Cheese 750g,13.5,,,,special,750g,$18.00 per kg,Devondale Shredded | Cheese 750g | $18.00 per kg,95.05,True,offer_labels_missing;save_amount_missing;regular_price_missing;inferred_price_requires_review,https://caau.syd1.cdn.digitaloceanspaces.com/wp-content/uploads/catalogue/coles/coles-catalogue-september-24-30-2025-vic-metro/22.jpg,https://www.catalogueau.com/coles/#catalogue=coles/coles-catalogue-september-24-30-2025-vic-metro/,unit_price,grid_inference;unit_price,1,review
Coles,VIC METRO,"Coles Catalogue September 24 - 30, 2025 VIC METRO",2025-09-24,2025-10-01,22,Coles Kitchen Tomato Pizza Base 300g,3.0,,,,everyday,300g,$1.00 per 100g,Coles Kitchen Tomato Pizza | Base 300g $1.00 per 100g,96.37,False,,https://caau.syd1.cdn.digitaloceanspaces.com/wp-content/uploads/catalogue/coles/coles-catalogue-september-24-30-2025-vic-metro/22.jpg,https://www.catalogueau.com/coles/#catalogue=coles/coles-catalogue-september-24-30-2025-vic-metro/,displayed_price,displayed_price;unit_price,2,verified
Coles,VIC METRO,"Coles Catalogue September 24 - 30, 2025 VIC METRO",2025-09-24,2025-10-01,22,Coles Kitchen Garlic Baguette Twin Pack 450g,3.4,,,,everyday,450g,$0.76 per 100g,Coles Kitchen Garlic Baguette | Twin Pack 450g $0.76 per 100g,96.53,False,,https://caau.syd1.cdn.digitaloceanspaces.com/wp-content/uploads/catalogue/coles/coles-catalogue-september-24-30-2025-vic-metro/22.jpg,https://www.catalogueau.com/coles/#catalogue=coles/coles-catalogue-september-24-30-2025-vic-metro/,displayed_price,displayed_price;unit_price,2,verified
Coles,VIC METRO,"Coles Catalogue September 24 - 30, 2025 VIC METRO",2025-09-24,2025-10-01,22,Coles Beef Lasagne 1.8kg,12.5,,,,everyday,1.8kg,$0.69 per 100g,Coles Beef Lasagne 1.8kg | $0.69 per 100g,94.49,True,single_price_evidence,https://caau.syd1.cdn.digitaloceanspaces.com/wp-content/uploads/catalogue/coles/coles-catalogue-september-24-30-2025-vic-metro/22.jpg,https://www.catalogueau.com/coles/#catalogue=coles/coles-catalogue-september-24-30-2025-vic-metro/,displayed_price,displayed_price,1,review
Coles,VIC METRO,"Coles Catalogue September 24 - 30, 2025 VIC METRO",2025-09-24,2025-10-01,23,Danone YoPro Protein Yoghurt Pouch 150g,2.4,3.0,0.6,20.0,save_amount,150g,$1.60 per 100g,SAVE 60‘ | WAS$3 | Danone YoPro Protein Yoghurt Pouch | 150g $1.60 per 100g | =,95.78,False,,https://caau.syd1.cdn.digitaloceanspaces.com/wp-content/uploads/catalogue/coles/coles-catalogue-september-24-30-2025-vic-metro/23.jpg,https://www.catalogueau.com/coles/#catalogue=coles/coles-catalogue-september-24-30-2025-vic-metro/,displayed_price,displayed_price;unit_price,2,verified
Coles,VIC METRO,"Coles Catalogue September 24 - 30, 2025 VIC METRO",2025-09-24,2025-10-01,23,Danone YoPro Perform Protein Yoghurt 175g,2.2,3.7,1.5,40.54,save_amount,175g,$1.26 per 100g,SAVE*1.50 | WASS$3.70 | Danone YoPro Perform Protein Yoghurt | 175g $1.26 per 100g,95.15,False,,https://caau.syd1.cdn.digitaloceanspaces.com/wp-content/uploads/catalogue/coles/coles-catalogue-september-24-30-2025-vic-metro/23.jpg,https://www.catalogueau.com/coles/#catalogue=coles/coles-catalogue-september-24-30-2025-vic-metro/,save_was_arithmetic,displayed_price;save_was_arithmetic;unit_price,3,verified
Coles,VIC METRO,"Coles Catalogue September 24 - 30, 2025 VIC METRO",2025-09-24,2025-10-01,23,Oak Plus Protein Milk 500mL,3.9,,,,down_down,500mL,$7.80 per litre,SEP 2025 | Oak Plus Protein Milk 500mL | $7.80 per litre | Males tones & Vege Daligt,95.03,False,,https://caau.syd1.cdn.digitaloceanspaces.com/wp-content/uploads/catalogue/coles/coles-catalogue-september-24-30-2025-vic-metro/23.jpg,https://www.catalogueau.com/coles/#catalogue=coles/coles-catalogue-september-24-30-2025-vic-metro/,displayed_price,displayed_price;unit_price,2,verified
Coles,VIC METRO,"Coles Catalogue September 24 - 30, 2025 VIC METRO",2025-09-24,2025-10-01,23,Pauls Plus+ Protein Low Fat Milk 400mL,2.9,4.4,1.5,34.09,save_amount,400mL,$7.25 per litre,SAVE 1.50 | WASS$4.40 | Pauls Plus+ Protein Low Fat Milk 400mL | $7.25 per litre | i | 001 | NATURE | Ni,95.24,False,,https://caau.syd1.cdn.digitaloceanspaces.com/wp-content/uploads/catalogue/coles/coles-catalogue-september-24-30-2025-vic-metro/23.jpg,https://www.catalogueau.com/coles/#catalogue=coles/coles-catalogue-september-24-30-2025-vic-metro/,save_was_arithmetic,displayed_price;save_was_arithmetic;unit_price,3,verified
Coles,VIC METRO,"Coles Catalogue September 24 - 30, 2025 VIC METRO",2025-09-24,2025-10-01,23,Vegie Delights Plant Based Sausages 300g,6.0,7.5,1.5,20.0,save_amount,300g,$2.00 per 100g,SAVE 51.50 | WAS$7.50 | Vegie Delights Plant Based Sausages 300g | $2.00 per 100g | 23,95.55,False,,https://caau.syd1.cdn.digitaloceanspaces.com/wp-content/uploads/catalogue/coles/coles-catalogue-september-24-30-2025-vic-metro/23.jpg,https://www.catalogueau.com/coles/#catalogue=coles/coles-catalogue-september-24-30-2025-vic-metro/,save_was_arithmetic,displayed_price;save_was_arithmetic;unit_price,3,verified
Coles,VIC METRO,"Coles Catalogue September 24 - 30, 2025 VIC METRO",2025-09-24,2025-10-01,24,Mr Kipling Cakes or Slices 155g-165g,3.0,6.0,3.0,50.0,half_price,155g; 165g,,SAVE*3 | Mr Kipling Cakes or Slices | 155g-165g | ———,90.08,True,single_price_evidence,https://caau.syd1.cdn.digitaloceanspaces.com/wp-content/uploads/catalogue/coles/coles-catalogue-september-24-30-2025-vic-metro/24.jpg,https://www.catalogueau.com/coles/#catalogue=coles/coles-catalogue-september-24-30-2025-vic-metro/,displayed_price,displayed_price,1,review
Coles,VIC METRO,"Coles Catalogue September 24 - 30, 2025 VIC METRO",2025-09-24,2025-10-01,24,Golden Crumpet Rounds 6 Pack 300g,2.3,4.6,2.3,50.0,half_price,6 Pack; 300g,$0.77 per 100g,SAVE2.30 | WASS$4.60 | Golden Crumpet Rounds 6 Pack 300g | $0.77 per 100g,95.92,False,,https://caau.syd1.cdn.digitaloceanspaces.com/wp-content/uploads/catalogue/coles/coles-catalogue-september-24-30-2025-vic-metro/24.jpg,https://www.catalogueau.com/coles/#catalogue=coles/coles-catalogue-september-24-30-2025-vic-metro/,save_was_arithmetic,save_was_arithmetic;unit_price,2,verified
Coles,VIC METRO,"Coles Catalogue September 24 - 30, 2025 VIC METRO",2025-09-24,2025-10-01,24,Simson's Pantry Low Carb High Protein White Wraps 5 Pack 225g,4.7,5.0,0.3,6.0,save_amount,5 Pack; 225g,$2.09 per 100g,WAS $5. | WAS $5. | AUG 2025 | 2025 | Simson's Pantry Low Carb High | Protein White Wraps 5 Pack 225g | $2.09 per 100g,95.95,False,,https://caau.syd1.cdn.digitaloceanspaces.com/wp-content/uploads/catalogue/coles/coles-catalogue-september-24-30-2025-vic-metro/24.jpg,https://www.catalogueau.com/coles/#catalogue=coles/coles-catalogue-september-24-30-2025-vic-metro/,displayed_price,displayed_price;unit_price,2,verified
Coles,VIC METRO,"Coles Catalogue September 24 - 30, 2025 VIC METRO",2025-09-24,2025-10-01,24,Mission Souvlaki Bread 320g,3.5,4.5,1.0,22.22,save_amount,320g,$1.09 per 100g,SAVE*1 | WASS4.50 | Mission Souvlaki Bread 320g | $1.09 per 100g | wy,85.36,False,,https://caau.syd1.cdn.digitaloceanspaces.com/wp-content/uploads/catalogue/coles/coles-catalogue-september-24-30-2025-vic-metro/24.jpg,https://www.catalogueau.com/coles/#catalogue=coles/coles-catalogue-september-24-30-2025-vic-metro/,save_was_arithmetic,displayed_price;save_was_arithmetic;unit_price,3,verified
Coles,VIC METRO,"Coles Catalogue September 24 - 30, 2025 VIC METRO",2025-09-24,2025-10-01,24,Coles Bakery Stone Baked by Laurent Mini Pane di Casa,2.5,3.25,0.75,23.08,save_amount,,$2.50 per each,WAS $3.25 | WAS $3.25 | AUG 2025 | 2025 | Coles Bakery Stone Baked by | Laurent Mini Pane di Casa | $2.50 per each. Selected stores only,96.66,False,,https://caau.syd1.cdn.digitaloceanspaces.com/wp-content/uploads/catalogue/coles/coles-catalogue-september-24-30-2025-vic-metro/24.jpg,https://www.catalogueau.com/coles/#catalogue=coles/coles-catalogue-september-24-30-2025-vic-metro/,displayed_price,displayed_price;unit_price,2,verified
Coles,VIC METRO,"Coles Catalogue September 24 - 30, 2025 VIC METRO",2025-09-24,2025-10-01,24,Coles Muffins 4 Pack 420g or 9 Pack 315g,2.45,4.9,2.45,50.0,half_price,4 Pack; 420g; 9 Pack; 315g,,WAS$4.90 | WAS$4.90 | JUL 2025 | Coles Muffins 4 Pack 420g or | 9 Pack 315g,96.16,True,inferred_price_requires_review,https://caau.syd1.cdn.digitaloceanspaces.com/wp-content/uploads/catalogue/coles/coles-catalogue-september-24-30-2025-vic-metro/24.jpg,https://www.catalogueau.com/coles/#catalogue=coles/coles-catalogue-september-24-30-2025-vic-metro/,page_discount_inference,page_discount,0,review
Coles,VIC METRO,"Coles Catalogue September 24 - 30, 2025 VIC METRO",2025-09-24,2025-10-01,24,Coles Bakery Cookies 24 Pack,5.0,6.5,1.5,23.08,save_amount,24 Pack,$0.21 per each,SAVES1.50 | WAS$6.50 | Coles Bakery Cookies 24 Pack | $0.21 per each. Selected stores only,96.38,False,,https://caau.syd1.cdn.digitaloceanspaces.com/wp-content/uploads/catalogue/coles/coles-catalogue-september-24-30-2025-vic-metro/24.jpg,https://www.catalogueau.com/coles/#catalogue=coles/coles-catalogue-september-24-30-2025-vic-metro/,save_was_arithmetic,displayed_price;save_was_arithmetic,2,verified
Coles,VIC METRO,"Coles Catalogue September 24 - 30, 2025 VIC METRO",2025-09-24,2025-10-01,24,Wonder White Bread 680g-700g,4.5,,,,down_down,680g; 700g,,Wonder White Bread | 680g-700g,94.65,True,save_amount_missing;regular_price_missing;single_price_evidence,https://caau.syd1.cdn.digitaloceanspaces.com/wp-content/uploads/catalogue/coles/coles-catalogue-september-24-30-2025-vic-metro/24.jpg,https://www.catalogueau.com/coles/#catalogue=coles/coles-catalogue-september-24-30-2025-vic-metro/,displayed_price,displayed_price,1,review
Coles,VIC METRO,"Coles Catalogue September 24 - 30, 2025 VIC METRO",2025-09-24,2025-10-01,24,Coles Bakery Rolls 6 Pack,3.0,,,,special,6 Pack,$0.50 per each,Coles Bakery Rolls 6 Pack | $0.50 per each | Selected stores only | 24,96.45,False,,https://caau.syd1.cdn.digitaloceanspaces.com/wp-content/uploads/catalogue/coles/coles-catalogue-september-24-30-2025-vic-metro/24.jpg,https://www.catalogueau.com/coles/#catalogue=coles/coles-catalogue-september-24-30-2025-vic-metro/,displayed_price,displayed_price;unit_price,2,verified
Coles,VIC METRO,"Coles Catalogue September 24 - 30, 2025 VIC METRO",2025-09-24,2025-10-01,24,Coles Bake at Home Dinner Rolls 6 Pack 220g-260g,2.9,,,,special,6 Pack; 220g; 260g,,Coles Bake at Home Dinner | Rolls 6 Pack 220g-260g,95.31,True,offer_labels_missing;save_amount_missing;regular_price_missing;single_price_evidence,https://caau.syd1.cdn.digitaloceanspaces.com/wp-content/uploads/catalogue/coles/coles-catalogue-september-24-30-2025-vic-metro/24.jpg,https://www.catalogueau.com/coles/#catalogue=coles/coles-catalogue-september-24-30-2025-vic-metro/,displayed_price,displayed_price,1,review
Coles,VIC METRO,"Coles Catalogue September 24 - 30, 2025 VIC METRO",2025-09-24,2025-10-01,25,Continental Cup a Soup 2 Serves 50g-75g,1.4,2.8,1.4,50.0,half_price,50g; 75g,,SAVE51.40 | WASS2.80 | Continental Cup a Soup | 2 Serves 50g-75g,94.43,True,single_price_evidence,https://caau.syd1.cdn.digitaloceanspaces.com/wp-content/uploads/catalogue/coles/coles-catalogue-september-24-30-2025-vic-metro/25.jpg,https://www.catalogueau.com/coles/#catalogue=coles/coles-catalogue-september-24-30-2025-vic-metro/,displayed_price,displayed_price,1,review
Coles,VIC METRO,"Coles Catalogue September 24 - 30, 2025 VIC METRO",2025-09-24,2025-10-01,25,Heinz Ketchup 500mL,2.5,5.0,2.5,50.0,half_price,500mL,$0.50 per 100mL,SAVE $2.50 | WASS5S | Heinz Ketchup 500mL | $0.50 per 100mL. *See page 19 forT&Cs,93.28,False,,https://caau.syd1.cdn.digitaloceanspaces.com/wp-content/uploads/catalogue/coles/coles-catalogue-september-24-30-2025-vic-metro/25.jpg,https://www.catalogueau.com/coles/#catalogue=coles/coles-catalogue-september-24-30-2025-vic-metro/,save_was_arithmetic,displayed_price;save_was_arithmetic;unit_price,3,verified
Coles,VIC METRO,"Coles Catalogue September 24 - 30, 2025 VIC METRO",2025-09-24,2025-10-01,25,Heinz Baked Beanz or Spaghetti 300g,2.0,2.9,0.9,31.03,save_amount,300g,$0.67 per 100,SAVE90° | WASS$2.90 | Heinz Baked Beanz | or Spaghetti 300g | $0.67 per 100: | *See page 19 forT&Cs,94.36,False,,https://caau.syd1.cdn.digitaloceanspaces.com/wp-content/uploads/catalogue/coles/coles-catalogue-september-24-30-2025-vic-metro/25.jpg,https://www.catalogueau.com/coles/#catalogue=coles/coles-catalogue-september-24-30-2025-vic-metro/,displayed_price,displayed_price;unit_price,2,verified
Coles,VIC METRO,"Coles Catalogue September 24 - 30, 2025 VIC METRO",2025-09-24,2025-10-01,25,Campbell's Country Ladle or Chunky Soup 495g-505,2.25,4.5,2.25,50.0,half_price,495g,,WASS4.50 | WASS4.50 | Campbell's Country | Ladle or Chunky Soup | 495g-505 | On sale for 2 weeks | = | ',85.29,True,inferred_price_requires_review,https://caau.syd1.cdn.digitaloceanspaces.com/wp-content/uploads/catalogue/coles/coles-catalogue-september-24-30-2025-vic-metro/25.jpg,https://www.catalogueau.com/coles/#catalogue=coles/coles-catalogue-september-24-30-2025-vic-metro/,page_discount_inference,page_discount,0,review
Coles,VIC METRO,"Coles Catalogue September 24 - 30, 2025 VIC METRO",2025-09-24,2025-10-01,25,Campbell's Real Stock 500mL,2.0,2.75,0.75,27.27,save_amount,500mL,$0.40 per 100mL,SAVE75¢ | WASS$2.75 | Campbell's Real Stock | 500mL $0.40 per 100mL | &,94.25,False,,https://caau.syd1.cdn.digitaloceanspaces.com/wp-content/uploads/catalogue/coles/coles-catalogue-september-24-30-2025-vic-metro/25.jpg,https://www.catalogueau.com/coles/#catalogue=coles/coles-catalogue-september-24-30-2025-vic-metro/,displayed_price,displayed_price;unit_price,2,verified
Coles,VIC METRO,"Coles Catalogue September 24 - 30, 2025 VIC METRO",2025-09-24,2025-10-01,25,Sirena Tuna 185g,3.7,4.7,1.0,21.28,save_amount,185g,$20.00 per kg,WASS4.70 | WASS4.70 | Sirena Tuna 185g | $20.00 per kg | ' | dink,94.01,True,single_price_evidence,https://caau.syd1.cdn.digitaloceanspaces.com/wp-content/uploads/catalogue/coles/coles-catalogue-september-24-30-2025-vic-metro/25.jpg,https://www.catalogueau.com/coles/#catalogue=coles/coles-catalogue-september-24-30-2025-vic-metro/,unit_price,unit_price,1,review
Coles,VIC METRO,"Coles Catalogue September 24 - 30, 2025 VIC METRO",2025-09-24,2025-10-01,25,Patak's Simmer Sauce 450g,4.0,5.5,1.5,27.27,save_amount,450g,$0.89 per 100g,SAVE*1.50 | WASS5.50 | Patak's Simmer Sauce | 450g $0.89 per 100g | 25,95.77,False,,https://caau.syd1.cdn.digitaloceanspaces.com/wp-content/uploads/catalogue/coles/coles-catalogue-september-24-30-2025-vic-metro/25.jpg,https://www.catalogueau.com/coles/#catalogue=coles/coles-catalogue-september-24-30-2025-vic-metro/,save_was_arithmetic,displayed_price;save_was_arithmetic;unit_price,3,verified
Coles,VIC METRO,"Coles Catalogue September 24 - 30, 2025 VIC METRO",2025-09-24,2025-10-01,25,Bertolli Olive Oil 750mL,15.0,23.0,8.0,34.78,save_amount,750mL,$2.00 per 100mL,SAVE*8. | ‘WAS$23 | Bertolli Olive Oil 750mL | $2.00 per 100mL | 25,90.7,False,,https://caau.syd1.cdn.digitaloceanspaces.com/wp-content/uploads/catalogue/coles/coles-catalogue-september-24-30-2025-vic-metro/25.jpg,https://www.catalogueau.com/coles/#catalogue=coles/coles-catalogue-september-24-30-2025-vic-metro/,save_was_arithmetic,displayed_price;save_was_arithmetic;unit_price,3,verified
Coles,VIC METRO,"Coles Catalogue September 24 - 30, 2025 VIC METRO",2025-09-24,2025-10-01,25,Red Island Extra Virgin Olive Oil 1 Litre,20.0,25.0,5.0,20.0,save_amount,1 Litre,$2.00 per 100mL,SAVESS | ‘WASS25 | Red Island Extra Virgin | Olive Oil 1 Litre | $2.00 per 100mL,96.18,False,,https://caau.syd1.cdn.digitaloceanspaces.com/wp-content/uploads/catalogue/coles/coles-catalogue-september-24-30-2025-vic-metro/25.jpg,https://www.catalogueau.com/coles/#catalogue=coles/coles-catalogue-september-24-30-2025-vic-metro/,displayed_price,displayed_price;unit_price,2,verified
Coles,VIC METRO,"Coles Catalogue September 24 - 30, 2025 VIC METRO",2025-09-24,2025-10-01,25,Sunrice Microwave Rice Pouch 450,3.25,4.5,1.25,27.78,save_amount,,$0.80 per 100g,Sunrice Microwave Rice | Pouch 450 | 9 | $0.80 per 100g | VIC-METRO-2409-25-488150,79.0,True,offer_labels_missing;low_name_confidence_strict;single_price_evidence,https://caau.syd1.cdn.digitaloceanspaces.com/wp-content/uploads/catalogue/coles/coles-catalogue-september-24-30-2025-vic-metro/25.jpg,https://www.catalogueau.com/coles/#catalogue=coles/coles-catalogue-september-24-30-2025-vic-metro/,unknown,,0,review
Coles,VIC METRO,"Coles Catalogue September 24 - 30, 2025 VIC METRO",2025-09-24,2025-10-01,26,Uncle Tobys Plus Antioxidants 435g,3.9,6.5,2.6,40.0,save_amount,435g,$0.90 per 100g,SAVE$2.60 | WASS6.50 | Uncle Tobys Plus Antioxidants 435g | $0.90 per 100g | = a | —_— | ——,94.83,False,,https://caau.syd1.cdn.digitaloceanspaces.com/wp-content/uploads/catalogue/coles/coles-catalogue-september-24-30-2025-vic-metro/26.jpg,https://www.catalogueau.com/coles/#catalogue=coles/coles-catalogue-september-24-30-2025-vic-metro/,save_was_arithmetic,save_was_arithmetic;unit_price,2,verified
Coles,VIC METRO,"Coles Catalogue September 24 - 30, 2025 VIC METRO",2025-09-24,2025-10-01,26,Spam Canned Ham 340g,4.0,6.8,2.8,41.18,save_amount,340g,$11.76 per kg,SAVES2.80 | WAS$6.80 | Spam Canned Ham 340g | $11.76 per kg | \7 | PURE,96.26,False,,https://caau.syd1.cdn.digitaloceanspaces.com/wp-content/uploads/catalogue/coles/coles-catalogue-september-24-30-2025-vic-metro/26.jpg,https://www.catalogueau.com/coles/#catalogue=coles/coles-catalogue-september-24-30-2025-vic-metro/,save_was_arithmetic,save_was_arithmetic;unit_price,2,verified
Coles,VIC METRO,"Coles Catalogue September 24 - 30, 2025 VIC METRO",2025-09-24,2025-10-01,26,Twinings Tea Bags 80 Pack-100 Pack,8.0,13.5,5.5,40.74,save_amount,80 Pack; 100 Pack,,SAVE‘5.50 | WASS$13.50 | Twinings Tea Bags | 80 Pack-100 Pack,94.85,False,,https://caau.syd1.cdn.digitaloceanspaces.com/wp-content/uploads/catalogue/coles/coles-catalogue-september-24-30-2025-vic-metro/26.jpg,https://www.catalogueau.com/coles/#catalogue=coles/coles-catalogue-september-24-30-2025-vic-metro/,save_was_arithmetic,displayed_price;save_was_arithmetic,2,verified
Coles,VIC METRO,"Coles Catalogue September 24 - 30, 2025 VIC METRO",2025-09-24,2025-10-01,26,Mayver's Pure Goodness Everything Spread 280g,6.5,7.9,1.4,17.72,save_amount,280g,$2.32 per 100g,WAS$7.90 | WAS$7.90 | SEP 2025 | Mayver's Pure Goodness Everything | Spread 280g $2.32 per 100g | = | ee,95.92,False,,https://caau.syd1.cdn.digitaloceanspaces.com/wp-content/uploads/catalogue/coles/coles-catalogue-september-24-30-2025-vic-metro/26.jpg,https://www.catalogueau.com/coles/#catalogue=coles/coles-catalogue-september-24-30-2025-vic-metro/,displayed_price,displayed_price;unit_price,2,verified
Coles,VIC METRO,"Coles Catalogue September 24 - 30, 2025 VIC METRO",2025-09-24,2025-10-01,26,Pureharvest Unsweetened Organic Almond Milk 1 Litre,2.6,3.4,0.8,23.53,save_amount,1 Litre,$2.60 per litre,SAVE80‘ | WAS§3.40 | Pureharvest Unsweetened Organic | Almond Milk 1 Litre $2.60 per litre | = | =,95.38,True,single_price_evidence,https://caau.syd1.cdn.digitaloceanspaces.com/wp-content/uploads/catalogue/coles/coles-catalogue-september-24-30-2025-vic-metro/26.jpg,https://www.catalogueau.com/coles/#catalogue=coles/coles-catalogue-september-24-30-2025-vic-metro/,unit_price,unit_price,1,review
Coles,VIC METRO,"Coles Catalogue September 24 - 30, 2025 VIC METRO",2025-09-24,2025-10-01,26,Bega Smooth or Crunchy Peanut Butter 375g,4.5,5.8,1.3,22.41,save_amount,375g,$1.20 per 100g,SAVES1.30 | WAS$5.80 | Bega Smooth or Crunchy Peanut | Butter 375g $1.20 per 100g | =,96.53,False,,https://caau.syd1.cdn.digitaloceanspaces.com/wp-content/uploads/catalogue/coles/coles-catalogue-september-24-30-2025-vic-metro/26.jpg,https://www.catalogueau.com/coles/#catalogue=coles/coles-catalogue-september-24-30-2025-vic-metro/,save_was_arithmetic,save_was_arithmetic;unit_price,2,verified
Coles,VIC METRO,"Coles Catalogue September 24 - 30, 2025 VIC METRO",2025-09-24,2025-10-01,26,Golden Circle Apple or Mango Nectar Juice 2 Litre,3.5,4.8,1.3,27.08,save_amount,2 Litre,$1.75 per litre,SAVE*1.30 | ‘WAS$4.80 | Golden Circle Apple or Mango | Nectar Juice 2 Litre $1.75 per litre | VIC-METRO-2409-25-488150,96.39,False,,https://caau.syd1.cdn.digitaloceanspaces.com/wp-content/uploads/catalogue/coles/coles-catalogue-september-24-30-2025-vic-metro/26.jpg,https://www.catalogueau.com/coles/#catalogue=coles/coles-catalogue-september-24-30-2025-vic-metro/,save_was_arithmetic,save_was_arithmetic;unit_price,2,verified
Coles,VIC METRO,"Coles Catalogue September 24 - 30, 2025 VIC METRO",2025-09-24,2025-10-01,26,V8 Juice 1.25 Litre,4.0,5.5,1.5,27.27,save_amount,1.25 Litre,$3.20 per litre,SAVE*1.50 | WASS5.50 | V8 Juice 1.25 Litre | $3.20 per litre | **Not available for Deliver More timeslots | 26,96.09,False,,https://caau.syd1.cdn.digitaloceanspaces.com/wp-content/uploads/catalogue/coles/coles-catalogue-september-24-30-2025-vic-metro/26.jpg,https://www.catalogueau.com/coles/#catalogue=coles/coles-catalogue-september-24-30-2025-vic-metro/,save_was_arithmetic,displayed_price;save_was_arithmetic;unit_price,3,verified
Coles,VIC METRO,"Coles Catalogue September 24 - 30, 2025 VIC METRO",2025-09-24,2025-10-01,26,Frantelle Natural Still Water 24x600mL**,12.0,,,,special,24x600mL,$0.83 per litre,Frantelle Natural Still Water | 24x600mL** $0.83 per litre,94.18,True,offer_labels_missing;save_amount_missing;regular_price_missing;inferred_price_requires_review,https://caau.syd1.cdn.digitaloceanspaces.com/wp-content/uploads/catalogue/coles/coles-catalogue-september-24-30-2025-vic-metro/26.jpg,https://www.catalogueau.com/coles/#catalogue=coles/coles-catalogue-september-24-30-2025-vic-metro/,displayed_price,displayed_price;grid_inference,1,review
Coles,VIC METRO,"Coles Catalogue September 24 - 30, 2025 VIC METRO",2025-09-24,2025-10-01,27,Wellness Road Black Chia Seeds 300g,5.0,5.8,0.8,13.79,save_amount,300g,$1.67 per 100g,WAS$5.80 | WAS$5.80 | AUG 2025 | Wellness Road Black Chia | Seeds 300g $1.67 per 100g,96.49,False,,https://caau.syd1.cdn.digitaloceanspaces.com/wp-content/uploads/catalogue/coles/coles-catalogue-september-24-30-2025-vic-metro/27.jpg,https://www.catalogueau.com/coles/#catalogue=coles/coles-catalogue-september-24-30-2025-vic-metro/,displayed_price,displayed_price;unit_price,2,verified
Coles,VIC METRO,"Coles Catalogue September 24 - 30, 2025 VIC METRO",2025-09-24,2025-10-01,27,Jed's Coffee Beans 1kg,35.0,50.0,15.0,30.0,save_amount,1kg,$3.50 per 100g,WAS$50 | WAS$50 | JUL 2025 | Jed's Coffee Beans 1kg | $3.50 per 100g,90.62,False,,https://caau.syd1.cdn.digitaloceanspaces.com/wp-content/uploads/catalogue/coles/coles-catalogue-september-24-30-2025-vic-metro/27.jpg,https://www.catalogueau.com/coles/#catalogue=coles/coles-catalogue-september-24-30-2025-vic-metro/,displayed_price,displayed_price;unit_price,2,verified
Coles,VIC METRO,"Coles Catalogue September 24 - 30, 2025 VIC METRO",2025-09-24,2025-10-01,27,Vitasoy Unsweetened Almond Milk 1 Litre,2.0,3.3,1.3,39.39,save_amount,1 Litre,$2.00 per litre,SAVE*1.30 | WASS$3.30 | Vitasoy Unsweetened Almond | Milk 1 Litre $2.00 per litre,95.48,False,,https://caau.syd1.cdn.digitaloceanspaces.com/wp-content/uploads/catalogue/coles/coles-catalogue-september-24-30-2025-vic-metro/27.jpg,https://www.catalogueau.com/coles/#catalogue=coles/coles-catalogue-september-24-30-2025-vic-metro/,save_was_arithmetic,displayed_price;save_was_arithmetic;unit_price,3,verified
Coles,VIC METRO,"Coles Catalogue September 24 - 30, 2025 VIC METRO",2025-09-24,2025-10-01,27,Mayver's Peanut Butter 375g,4.0,6.3,2.3,36.51,save_amount,375g,$1.07 per 100g,SAVE52.30 | WASS6.30 | Mayver's Peanut Butter 375g | $1.07 per 100g,92.85,False,,https://caau.syd1.cdn.digitaloceanspaces.com/wp-content/uploads/catalogue/coles/coles-catalogue-september-24-30-2025-vic-metro/27.jpg,https://www.catalogueau.com/coles/#catalogue=coles/coles-catalogue-september-24-30-2025-vic-metro/,displayed_price,displayed_price;unit_price,2,verified
Coles,VIC METRO,"Coles Catalogue September 24 - 30, 2025 VIC METRO",2025-09-24,2025-10-01,27,Capilano 100% Pure Australian Honey Squeeze 500g,6.8,8.6,1.8,20.93,save_amount,500g,$1.36 per 100g,SAVE‘1.80 | WASS$8.60 | Capilano 100% Pure | Australian Honey Squeeze 500g | $1.36 per 100g | k=,96.41,False,,https://caau.syd1.cdn.digitaloceanspaces.com/wp-content/uploads/catalogue/coles/coles-catalogue-september-24-30-2025-vic-metro/27.jpg,https://www.catalogueau.com/coles/#catalogue=coles/coles-catalogue-september-24-30-2025-vic-metro/,save_was_arithmetic,save_was_arithmetic;unit_price,2,verified
Coles,VIC METRO,"Coles Catalogue September 24 - 30, 2025 VIC METRO",2025-09-24,2025-10-01,27,Vittoria Nespresso Compatible Coffee Capsules 10 Pack,6.5,9.5,3.0,31.58,save_amount,10 Pack,$0.65 per each,SAVE53 | WASS9.50 | Vittoria Nespresso Compatible | Coffee Capsules 10 Pack | $0.65 per each. On sale for 2 weeks | VIC-METRO-2409-25-488150,96.25,False,,https://caau.syd1.cdn.digitaloceanspaces.com/wp-content/uploads/catalogue/coles/coles-catalogue-september-24-30-2025-vic-metro/27.jpg,https://www.catalogueau.com/coles/#catalogue=coles/coles-catalogue-september-24-30-2025-vic-metro/,displayed_price,displayed_price;unit_price,2,verified
Coles,VIC METRO,"Coles Catalogue September 24 - 30, 2025 VIC METRO",2025-09-24,2025-10-01,27,Moccona Freeze Dried Instant Coffee 400g,26.0,37.5,11.5,30.67,save_amount,400g,$6.50 per 100g,SAVE ‘11.50 | WAS$37.50 | Moccona Freeze Dried Instant | Coffee 400g $6.50 per 100g,95.8,False,,https://caau.syd1.cdn.digitaloceanspaces.com/wp-content/uploads/catalogue/coles/coles-catalogue-september-24-30-2025-vic-metro/27.jpg,https://www.catalogueau.com/coles/#catalogue=coles/coles-catalogue-september-24-30-2025-vic-metro/,save_was_arithmetic,displayed_price;save_was_arithmetic;unit_price,3,verified
Coles,VIC METRO,"Coles Catalogue September 24 - 30, 2025 VIC METRO",2025-09-24,2025-10-01,27,Vittoria Freeze Dried Instant Coffee 200g,16.0,23.0,7.0,30.43,save_amount,200g,$8.00 per 100g,WAS$23 | WAS$23 | Vittoria Freeze Dried Instant | Coffee 200g $8.00 per 100g | 27,96.34,False,,https://caau.syd1.cdn.digitaloceanspaces.com/wp-content/uploads/catalogue/coles/coles-catalogue-september-24-30-2025-vic-metro/27.jpg,https://www.catalogueau.com/coles/#catalogue=coles/coles-catalogue-september-24-30-2025-vic-metro/,displayed_price,displayed_price;unit_price,2,verified
Coles,VIC METRO,"Coles Catalogue September 24 - 30, 2025 VIC METRO",2025-09-24,2025-10-01,27,Heritage Mill Muesli or Clusters 750g,6.3,,,,down_down,750g,$0.84 per 100g,Heritage Mill Muesli or Clusters | 750g $0.84 per 100g,96.32,False,,https://caau.syd1.cdn.digitaloceanspaces.com/wp-content/uploads/catalogue/coles/coles-catalogue-september-24-30-2025-vic-metro/27.jpg,https://www.catalogueau.com/coles/#catalogue=coles/coles-catalogue-september-24-30-2025-vic-metro/,displayed_price,displayed_price;unit_price,2,verified
Coles,VIC METRO,"Coles Catalogue September 24 - 30, 2025 VIC METRO",2025-09-24,2025-10-01,28,Coles Bacon 200,8.0,,,,special,,$20.00 per kg,Coles Bacon 200 | $20.00 per kg. Product sold uncooked | VIC-METRO-2409-25-488150,96.72,True,offer_labels_missing;save_amount_missing;regular_price_missing;single_price_evidence,https://caau.syd1.cdn.digitaloceanspaces.com/wp-content/uploads/catalogue/coles/coles-catalogue-september-24-30-2025-vic-metro/28.jpg,https://www.catalogueau.com/coles/#catalogue=coles/coles-catalogue-september-24-30-2025-vic-metro/,displayed_price,displayed_price,1,review
Coles,VIC METRO,"Coles Catalogue September 24 - 30, 2025 VIC METRO",2025-09-24,2025-10-01,29,Chobani Greek Yogurt Pouch 140g,1.35,2.7,1.35,50.0,half_price,140g,$0.96 per 100g,SAVE‘1.35 | WASS2.70 | Chobani Greek Yogurt Pouch 140g | $0.96 per 100g,95.52,False,,https://caau.syd1.cdn.digitaloceanspaces.com/wp-content/uploads/catalogue/coles/coles-catalogue-september-24-30-2025-vic-metro/29.jpg,https://www.catalogueau.com/coles/#catalogue=coles/coles-catalogue-september-24-30-2025-vic-metro/,save_was_arithmetic,displayed_price;save_was_arithmetic;unit_price,3,verified
Coles,VIC METRO,"Coles Catalogue September 24 - 30, 2025 VIC METRO",2025-09-24,2025-10-01,29,Tamar Valley Dairy Greek Style Yoghurt 1kg,6.2,8.0,1.8,22.5,save_amount,1kg,$0.62 per 100g,SAVE‘1.80 | Tamar Valley Dairy Greek Style | Yoghurt 1kg $0.62 per 100g,95.16,False,,https://caau.syd1.cdn.digitaloceanspaces.com/wp-content/uploads/catalogue/coles/coles-catalogue-september-24-30-2025-vic-metro/29.jpg,https://www.catalogueau.com/coles/#catalogue=coles/coles-catalogue-september-24-30-2025-vic-metro/,displayed_price,displayed_price;unit_price,2,verified
Coles,VIC METRO,"Coles Catalogue September 24 - 30, 2025 VIC METRO",2025-09-24,2025-10-01,29,Danone Activia Probiotics No Added Sugar Yoghurt 4x125g,4.5,5.75,1.25,21.74,save_amount,4x125g,$0.90 per 100g,WAS $5.75 | WAS $5.75 | AUG 2025 | Danone Activia Probiotics | No Added Sugar Yoghurt 4x125g | $0.90 per 100g,95.23,False,,https://caau.syd1.cdn.digitaloceanspaces.com/wp-content/uploads/catalogue/coles/coles-catalogue-september-24-30-2025-vic-metro/29.jpg,https://www.catalogueau.com/coles/#catalogue=coles/coles-catalogue-september-24-30-2025-vic-metro/,displayed_price,displayed_price;unit_price,2,verified
Coles,VIC METRO,"Coles Catalogue September 24 - 30, 2025 VIC METRO",2025-09-24,2025-10-01,29,Farmers Union Greek Style or No Added Sugar Kids Yogurt Pouch 130g,1.65,2.5,0.85,34.0,save_amount,130g,$1.27 per 100g,SAVE 85‘ | WASS2.50 | Farmers Union Greek Style or No | Added Sugar Kids Yogurt Pouch | 130g $1.27 per 100g,96.49,False,,https://caau.syd1.cdn.digitaloceanspaces.com/wp-content/uploads/catalogue/coles/coles-catalogue-september-24-30-2025-vic-metro/29.jpg,https://www.catalogueau.com/coles/#catalogue=coles/coles-catalogue-september-24-30-2025-vic-metro/,displayed_price,displayed_price;unit_price,2,verified
Coles,VIC METRO,"Coles Catalogue September 24 - 30, 2025 VIC METRO",2025-09-24,2025-10-01,29,Chobani Greek or No Sugar Added Greek Yogurt 150g-160g,1.85,2.7,0.85,31.48,save_amount,150g; 160g,,SAVE 85‘ | ‘WAS§2.70 | Chobani Greek or No Sugar | Added Greek Yogurt 150g-160g | a,94.65,True,single_price_evidence,https://caau.syd1.cdn.digitaloceanspaces.com/wp-content/uploads/catalogue/coles/coles-catalogue-september-24-30-2025-vic-metro/29.jpg,https://www.catalogueau.com/coles/#catalogue=coles/coles-catalogue-september-24-30-2025-vic-metro/,displayed_price,displayed_price,1,review
Coles,VIC METRO,"Coles Catalogue September 24 - 30, 2025 VIC METRO",2025-09-24,2025-10-01,29,Western Star Spreadable Blend 500g,6.7,7.5,0.8,10.67,save_amount,500g,$1.34 per 100g,WAS $7.50 | WAS $7.50 | SEP 2025 | Western Star | Spreadable Blend 500g | $1.34 per 100g | 00g,79.0,True,low_name_confidence_strict;single_price_evidence,https://caau.syd1.cdn.digitaloceanspaces.com/wp-content/uploads/catalogue/coles/coles-catalogue-september-24-30-2025-vic-metro/29.jpg,https://www.catalogueau.com/coles/#catalogue=coles/coles-catalogue-september-24-30-2025-vic-metro/,unit_price,unit_price,1,review
Coles,VIC METRO,"Coles Catalogue September 24 - 30, 2025 VIC METRO",2025-09-24,2025-10-01,29,Tamar Valley Dairy The Creamery Yoghurt 700g,6.3,7.2,0.9,12.5,save_amount,700g,$0.90 per 100g,SAVE90° | WASS7.20 | Tamar Valley Dairy The | Creamery Yoghurt 700g | $0.90 per 100g | 29,96.11,False,,https://caau.syd1.cdn.digitaloceanspaces.com/wp-content/uploads/catalogue/coles/coles-catalogue-september-24-30-2025-vic-metro/29.jpg,https://www.catalogueau.com/coles/#catalogue=coles/coles-catalogue-september-24-30-2025-vic-metro/,displayed_price,displayed_price;unit_price,2,verified
Coles,VIC METRO,"Coles Catalogue September 24 - 30, 2025 VIC METRO",2025-09-24,2025-10-01,29,The Juice Lab Wellness Shot 60mL,2.5,3.5,1.0,28.57,save_amount,60mL,$41.67 per litre,SAVES1 | WASS3.50 | The Juice Lab Wellness | Shot 60mL $41.67 per litre | VIC-METRO-2409-25-488150,93.68,False,,https://caau.syd1.cdn.digitaloceanspaces.com/wp-content/uploads/catalogue/coles/coles-catalogue-september-24-30-2025-vic-metro/29.jpg,https://www.catalogueau.com/coles/#catalogue=coles/coles-catalogue-september-24-30-2025-vic-metro/,save_was_arithmetic,displayed_price;save_was_arithmetic;unit_price,3,verified
Coles,VIC METRO,"Coles Catalogue September 24 - 30, 2025 VIC METRO",2025-09-24,2025-10-01,29,Boost Juice 1 Litre,4.8,6.2,1.4,22.58,save_amount,1 Litre,$4.80 per litre,SAVES1.40 | WAS$6.20 | Boost Juice 1 Litre | $4.80 per litre | 29,96.47,False,,https://caau.syd1.cdn.digitaloceanspaces.com/wp-content/uploads/catalogue/coles/coles-catalogue-september-24-30-2025-vic-metro/29.jpg,https://www.catalogueau.com/coles/#catalogue=coles/coles-catalogue-september-24-30-2025-vic-metro/,save_was_arithmetic,save_was_arithmetic;unit_price,2,verified
Coles,VIC METRO,"Coles Catalogue September 24 - 30, 2025 VIC METRO",2025-09-24,2025-10-01,30,McCain Beer Batter Chips 750g,4.0,5.8,1.8,31.03,save_amount,750g,$5.33 per kg,WASS5.80 | WASS5.80 | McCain Beer Batter Chips | 750g $5.33 per kg | _,95.68,False,,https://caau.syd1.cdn.digitaloceanspaces.com/wp-content/uploads/catalogue/coles/coles-catalogue-september-24-30-2025-vic-metro/30.jpg,https://www.catalogueau.com/coles/#catalogue=coles/coles-catalogue-september-24-30-2025-vic-metro/,displayed_price,displayed_price;unit_price,2,verified
Coles,VIC METRO,"Coles Catalogue September 24 - 30, 2025 VIC METRO",2025-09-24,2025-10-01,30,Pickers Snacks 230g-350g == ee,5.0,7.5,2.5,33.33,save_amount,230g; 350g,,WASS7.50 | WASS7.50 | Pickers Snacks 230g-350g | == ee,68.33,True,low_name_confidence_strict;single_price_evidence,https://caau.syd1.cdn.digitaloceanspaces.com/wp-content/uploads/catalogue/coles/coles-catalogue-september-24-30-2025-vic-metro/30.jpg,https://www.catalogueau.com/coles/#catalogue=coles/coles-catalogue-september-24-30-2025-vic-metro/,displayed_price,displayed_price,1,review
Coles,VIC METRO,"Coles Catalogue September 24 - 30, 2025 VIC METRO",2025-09-24,2025-10-01,30,Birds Eye Oven Bake Fish Fillets 425g,9.0,12.0,3.0,25.0,save_amount,425g,$21.18 per kg,"WASS12 | WASS12 | Birds Eye Oven Bake Fish Fillets | 425g $21.18 per kg | Catalogue on sale Wed 24th Sep until Tue 30th Sep 2025 or until Tue 7th Oct where indicated. Selected | specials commenced Wed 17th Sep. Promotional prices commence 7am Wednesday and may commence or extend | beyond the advertised date. Promotional products and prices are not available on DoorDash, UberEats or at Coles Express,",96.12,False,,https://caau.syd1.cdn.digitaloceanspaces.com/wp-content/uploads/catalogue/coles/coles-catalogue-september-24-30-2025-vic-metro/30.jpg,https://www.catalogueau.com/coles/#catalogue=coles/coles-catalogue-september-24-30-2025-vic-metro/,displayed_price,displayed_price;unit_price,2,verified
Coles,VIC METRO,"Coles Catalogue September 24 - 30, 2025 VIC METRO",2025-09-24,2025-10-01,30,KB's Gyoza 750g,12.6,18.0,5.4,30.0,save_amount,750g,$1.68 per 100g,WASS18 | WASS18 | KB's Gyoza 750g | $1.68 | $1.68 per 100g,93.92,True,single_price_evidence,https://caau.syd1.cdn.digitaloceanspaces.com/wp-content/uploads/catalogue/coles/coles-catalogue-september-24-30-2025-vic-metro/30.jpg,https://www.catalogueau.com/coles/#catalogue=coles/coles-catalogue-september-24-30-2025-vic-metro/,unit_price,unit_price,1,review
Coles,VIC METRO,"Coles Catalogue September 24 - 30, 2025 VIC METRO",2025-09-24,2025-10-01,30,Core Powerfoods Frozen Meal 350g,7.5,9.5,2.0,21.05,save_amount,350g,$2.14 per 100g,WAS$9.50 | WAS$9.50 | Core Powerfoods Frozen Meal | 350g $2.14 per 100g | Catalox | 8 | special,94.8,False,,https://caau.syd1.cdn.digitaloceanspaces.com/wp-content/uploads/catalogue/coles/coles-catalogue-september-24-30-2025-vic-metro/30.jpg,https://www.catalogueau.com/coles/#catalogue=coles/coles-catalogue-september-24-30-2025-vic-metro/,displayed_price,displayed_price;unit_price,2,verified
Coles,VIC METRO,"Coles Catalogue September 24 - 30, 2025 VIC METRO",2025-09-24,2025-10-01,30,McCain Red Box Tray Meal 375g-400g,8.0,,,,special,375g; 400g,,McCain Red Box Tray Meal | 375g-400g | ad aT,93.95,True,offer_labels_missing;save_amount_missing;regular_price_missing;single_price_evidence,https://caau.syd1.cdn.digitaloceanspaces.com/wp-content/uploads/catalogue/coles/coles-catalogue-september-24-30-2025-vic-metro/30.jpg,https://www.catalogueau.com/coles/#catalogue=coles/coles-catalogue-september-24-30-2025-vic-metro/,displayed_price,displayed_price,1,review
Coles,VIC METRO,"Coles Catalogue September 24 - 30, 2025 VIC METRO",2025-09-24,2025-10-01,30,McCain Pub Size Meal 480g-500g,15.0,,,,special,480g; 500g,,McCain Pub Size Meal | 480g-500g | |,79.0,True,offer_labels_missing;save_amount_missing;regular_price_missing;low_name_confidence_strict;single_price_evidence,https://caau.syd1.cdn.digitaloceanspaces.com/wp-content/uploads/catalogue/coles/coles-catalogue-september-24-30-2025-vic-metro/30.jpg,https://www.catalogueau.com/coles/#catalogue=coles/coles-catalogue-september-24-30-2025-vic-metro/,displayed_price,displayed_price,1,review
Coles,VIC METRO,"Coles Catalogue September 24 - 30, 2025 VIC METRO",2025-09-24,2025-10-01,31,Weis Frozen Dessert Bars 4 Pack-6 Pack 264mL-280mL,4.75,9.5,4.75,50.0,half_price,4 Pack; 6 Pack; 264mL; 280mL,,WASS9.50 | WASS9.50 | Weis Frozen Dessert Bars | 4 Pack-6 Pack 264mL-280mL | ©’,94.24,True,inferred_price_requires_review,https://caau.syd1.cdn.digitaloceanspaces.com/wp-content/uploads/catalogue/coles/coles-catalogue-september-24-30-2025-vic-metro/31.jpg,https://www.catalogueau.com/coles/#catalogue=coles/coles-catalogue-september-24-30-2025-vic-metro/,page_discount_inference,page_discount,0,review
Coles,VIC METRO,"Coles Catalogue September 24 - 30, 2025 VIC METRO",2025-09-24,2025-10-01,31,Connoisseur Ice Cream Tub 1 Litre,7.2,12.0,4.8,40.0,save_amount,1 Litre,$0.72 per 100mL,WASS12 | WASS12 | Connoisseur Ice Cream Tub | 1 Litre $0.72 per 100mL | Ps,94.33,False,,https://caau.syd1.cdn.digitaloceanspaces.com/wp-content/uploads/catalogue/coles/coles-catalogue-september-24-30-2025-vic-metro/31.jpg,https://www.catalogueau.com/coles/#catalogue=coles/coles-catalogue-september-24-30-2025-vic-metro/,displayed_price,displayed_price;unit_price,2,verified
Coles,VIC METRO,"Coles Catalogue September 24 - 30, 2025 VIC METRO",2025-09-24,2025-10-01,31,Weis Frozen Dessert Tub 1 Litre,8.0,10.0,2.0,20.0,save_amount,1 Litre,$0.80 per 100mL,WASS10 | WASS10 | Weis Frozen Dessert Tub 1 Litre | $0.80 per 100mL,95.84,False,,https://caau.syd1.cdn.digitaloceanspaces.com/wp-content/uploads/catalogue/coles/coles-catalogue-september-24-30-2025-vic-metro/31.jpg,https://www.catalogueau.com/coles/#catalogue=coles/coles-catalogue-september-24-30-2025-vic-metro/,displayed_price,displayed_price;unit_price,2,verified
Coles,VIC METRO,"Coles Catalogue September 24 - 30, 2025 VIC METRO",2025-09-24,2025-10-01,31,Streets Magnum Sticks 4 Pack-6 Pack 360mL-428mL,6.0,12.0,6.0,50.0,half_price,4 Pack; 6 Pack; 360mL; 428mL,,WASS12 | WASS12 | Streets Magnum Sticks | 4 Pack-6 Pack 360mL-428mL,93.88,True,inferred_price_requires_review,https://caau.syd1.cdn.digitaloceanspaces.com/wp-content/uploads/catalogue/coles/coles-catalogue-september-24-30-2025-vic-metro/31.jpg,https://www.catalogueau.com/coles/#catalogue=coles/coles-catalogue-september-24-30-2025-vic-metro/,page_discount_inference,page_discount,0,review
Coles,VIC METRO,"Coles Catalogue September 24 - 30, 2025 VIC METRO",2025-09-24,2025-10-01,31,Peters Original lce Cream Tub 4 Litre,8.8,10.9,2.1,19.27,save_amount,4 Litre,$0.22 per 100mL,WASS10.90 | WASS10.90 | Peters Original lce Cream Tub | 4 Litre $0.22 per 100mL,90.66,True,single_price_evidence,https://caau.syd1.cdn.digitaloceanspaces.com/wp-content/uploads/catalogue/coles/coles-catalogue-september-24-30-2025-vic-metro/31.jpg,https://www.catalogueau.com/coles/#catalogue=coles/coles-catalogue-september-24-30-2025-vic-metro/,unknown,,0,review
Coles,VIC METRO,"Coles Catalogue September 24 - 30, 2025 VIC METRO",2025-09-24,2025-10-01,31,Bulla. Cc,5.5,11.0,5.5,50.0,half_price,,,WASS11 | WASS11 | Bulla. | Cc | ee | ‘Sonne | Cr,61.22,True,low_name_confidence_strict;inferred_price_requires_review,https://caau.syd1.cdn.digitaloceanspaces.com/wp-content/uploads/catalogue/coles/coles-catalogue-september-24-30-2025-vic-metro/31.jpg,https://www.catalogueau.com/coles/#catalogue=coles/coles-catalogue-september-24-30-2025-vic-metro/,displayed_price,displayed_price;page_discount,1,review
Coles,VIC METRO,"Coles Catalogue September 24 - 30, 2025 VIC METRO",2025-09-24,2025-10-01,31,Toscano Petite Liege Style Waffles 6 Pack 270g,6.0,,,,special,6 Pack; 270g,$2.22 per 100g,"Toscano Petite Liege Style Waffles | 6 Pack 270g $2.22 per 100g | he | ,",79.0,True,offer_labels_missing;save_amount_missing;regular_price_missing;low_name_confidence_strict,https://caau.syd1.cdn.digitaloceanspaces.com/wp-content/uploads/catalogue/coles/coles-catalogue-september-24-30-2025-vic-metro/31.jpg,https://www.catalogueau.com/coles/#catalogue=coles/coles-catalogue-september-24-30-2025-vic-metro/,displayed_price,displayed_price;grid_inference;unit_price,2,review
Coles,VIC METRO,"Coles Catalogue September 24 - 30, 2025 VIC METRO",2025-09-24,2025-10-01,32,Destination Italy Gelato Tub 500mL,11.0,12.5,1.5,12.0,save_amount,500mL,$2.20 per 100mL,WAS$12.5 | WAS$12.5 | SEP 2025 | «is | Destination Italy Gelato Tub | 500mL $2.20 per 100mL,93.57,False,,https://caau.syd1.cdn.digitaloceanspaces.com/wp-content/uploads/catalogue/coles/coles-catalogue-september-24-30-2025-vic-metro/32.jpg,https://www.catalogueau.com/coles/#catalogue=coles/coles-catalogue-september-24-30-2025-vic-metro/,displayed_price,displayed_price;unit_price,2,verified
Coles,VIC METRO,"Coles Catalogue September 24 - 30, 2025 VIC METRO",2025-09-24,2025-10-01,32,Peters Drumstick Cones 4 Pack-6 Pack 475mL-490mL,6.9,9.5,2.6,27.37,save_amount,4 Pack; 6 Pack; 475mL; 490mL,,SAVE2.60 | WASS$9.50 | Peters Drumstick Cones | 4 Pack-6 Pack 475mL-490mL | 2 | \,92.39,False,,https://caau.syd1.cdn.digitaloceanspaces.com/wp-content/uploads/catalogue/coles/coles-catalogue-september-24-30-2025-vic-metro/32.jpg,https://www.catalogueau.com/coles/#catalogue=coles/coles-catalogue-september-24-30-2025-vic-metro/,save_was_arithmetic,displayed_price;save_was_arithmetic,2,verified
Coles,VIC METRO,"Coles Catalogue September 24 - 30, 2025 VIC METRO",2025-09-24,2025-10-01,32,Norco Cape Byron Ice Cream Sticks 4 Pack 380mL,8.5,12.5,4.0,32.0,save_amount,4 Pack; 380mL,$2.24 per 100mL,SAVES4 | WASS12.50 | Norco Cape Byron Ice Cream | Sticks 4 Pack 380mL | $2.24 per 100mL,94.5,False,,https://caau.syd1.cdn.digitaloceanspaces.com/wp-content/uploads/catalogue/coles/coles-catalogue-september-24-30-2025-vic-metro/32.jpg,https://www.catalogueau.com/coles/#catalogue=coles/coles-catalogue-september-24-30-2025-vic-metro/,save_was_arithmetic,displayed_price;save_was_arithmetic;unit_price,3,verified
Coles,VIC METRO,"Coles Catalogue September 24 - 30, 2025 VIC METRO",2025-09-24,2025-10-01,32,2 OR ae Somat,7.25,14.5,7.25,50.0,half_price,,$1.58 per 100mL,SAVES7.25 | 2 OR ae | Somat | “Ben & Jerry's Ice Cream Tub | 58mL $1.58 per 100mL | ‘a 4 | Pa,27.12,True,low_ocr_confidence;low_name_confidence_strict;single_price_evidence,https://caau.syd1.cdn.digitaloceanspaces.com/wp-content/uploads/catalogue/coles/coles-catalogue-september-24-30-2025-vic-metro/32.jpg,https://www.catalogueau.com/coles/#catalogue=coles/coles-catalogue-september-24-30-2025-vic-metro/,displayed_price,displayed_price,1,review
Coles,VIC METRO,"Coles Catalogue September 24 - 30, 2025 VIC METRO",2025-09-24,2025-10-01,33,Olay Complete Defence Sensitive Daily UV Moisturising Lotion SPF30 75mL,8.0,16.0,8.0,50.0,half_price,75mL,$10.67 per 100mL,SAVES8 | WASS16 | Olay Complete Defence Sensitive | Daily UV Moisturising Lotion | SPF30 75mL $10.67 per 100mL | :,94.52,False,,https://caau.syd1.cdn.digitaloceanspaces.com/wp-content/uploads/catalogue/coles/coles-catalogue-september-24-30-2025-vic-metro/33.jpg,https://www.catalogueau.com/coles/#catalogue=coles/coles-catalogue-september-24-30-2025-vic-metro/,save_was_arithmetic,displayed_price;save_was_arithmetic;unit_price,3,verified
Coles,VIC METRO,"Coles Catalogue September 24 - 30, 2025 VIC METRO",2025-09-24,2025-10-01,33,Surf Life Saving Sport Sunscreen Lotion SPF50+ 200mL*,9.0,18.0,9.0,50.0,half_price,200mL,$4.50 per 100mL,SAVE‘9 | WASS18 | Surf Life Saving Sport Sunscreen | Lotion SPF50+ 200mL* | $4.50 per 100mL | Neutn,93.04,False,,https://caau.syd1.cdn.digitaloceanspaces.com/wp-content/uploads/catalogue/coles/coles-catalogue-september-24-30-2025-vic-metro/33.jpg,https://www.catalogueau.com/coles/#catalogue=coles/coles-catalogue-september-24-30-2025-vic-metro/,save_was_arithmetic,displayed_price;save_was_arithmetic;unit_price,3,verified
Coles,VIC METRO,"Coles Catalogue September 24 - 30, 2025 VIC METRO",2025-09-24,2025-10-01,33,Hamilton Active Family Sunscreen SPF50+ 110mL*,7.0,14.0,7.0,50.0,half_price,110mL,$6.36 per 100mL,WASS14 | WASS14 | Hamilton Active Family | Sunscreen SPF50+ 110mL* | $6.36 per 100mL,93.45,False,,https://caau.syd1.cdn.digitaloceanspaces.com/wp-content/uploads/catalogue/coles/coles-catalogue-september-24-30-2025-vic-metro/33.jpg,https://www.catalogueau.com/coles/#catalogue=coles/coles-catalogue-september-24-30-2025-vic-metro/,displayed_price,displayed_price;page_discount;unit_price,2,verified
Coles,VIC METRO,"Coles Catalogue September 24 - 30, 2025 VIC METRO",2025-09-24,2025-10-01,33,Nivea Sun Protect & Moisture Sunscreen SPF50+ 200mL*,10.75,21.5,10.75,50.0,half_price,200mL,$5.38 per 100mL,SAVE*10.75 | WASS21.50 | Nivea Sun Protect & Moisture | Sunscreen SPF50+ 200mL* | $5.38 per 100mL,93.5,False,,https://caau.syd1.cdn.digitaloceanspaces.com/wp-content/uploads/catalogue/coles/coles-catalogue-september-24-30-2025-vic-metro/33.jpg,https://www.catalogueau.com/coles/#catalogue=coles/coles-catalogue-september-24-30-2025-vic-metro/,save_was_arithmetic,displayed_price;save_was_arithmetic;unit_price,3,verified
Coles,VIC METRO,"Coles Catalogue September 24 - 30, 2025 VIC METRO",2025-09-24,2025-10-01,33,Banana Boat Sport Sunscreen SPF50+ 200g*,11.0,22.0,11.0,50.0,half_price,200g,$5.50 per 100g,"SAVE S11 | WAS $22 | Banana Boat Sport | Sunscreen SPF50+ 200g* | $5.50 per 100g | TExcludes Every Day, Down Down & clearance items | “This product may not be right for you. Read the warnings before purchase. Avoid prolonged exposure",93.5,False,,https://caau.syd1.cdn.digitaloceanspaces.com/wp-content/uploads/catalogue/coles/coles-catalogue-september-24-30-2025-vic-metro/33.jpg,https://www.catalogueau.com/coles/#catalogue=coles/coles-catalogue-september-24-30-2025-vic-metro/,save_was_arithmetic,displayed_price;save_was_arithmetic;unit_price,3,verified
Coles,VIC METRO,"Coles Catalogue September 24 - 30, 2025 VIC METRO",2025-09-24,2025-10-01,33,Garnier Good Hair Colourant 1 Pack,13.0,26.0,13.0,50.0,half_price,1 Pack,$13.00 per each,"SAVES13 | WASS$26 | Garnier Good Hair Colourant | 1 Pack $13.00 per each | $73.33 per 100mL | “Vitamin C = Vitamin Cg | donation to the Great Barrier Reef Foundation, See how we're tracking with this target at garnier.com.au. Excluding clearance SKUs.",95.06,False,,https://caau.syd1.cdn.digitaloceanspaces.com/wp-content/uploads/catalogue/coles/coles-catalogue-september-24-30-2025-vic-metro/33.jpg,https://www.catalogueau.com/coles/#catalogue=coles/coles-catalogue-september-24-30-2025-vic-metro/,save_was_arithmetic,displayed_price;save_was_arithmetic;unit_price,3,verified
Coles,VIC METRO,"Coles Catalogue September 24 - 30, 2025 VIC METRO",2025-09-24,2025-10-01,33,Garnier Vitamin C* Garnier Pure Active Brightening Serum 30mL,22.0,37.0,15.0,40.54,save_amount,30mL,$73.33 per 100mL,SAVES15 | WAS $37 | Garnier Vitamin C* | Garnier Pure Active | Brightening Serum 30mL | Pimple Patches | $73.33 per 100mL | 22 Pack,95.11,False,,https://caau.syd1.cdn.digitaloceanspaces.com/wp-content/uploads/catalogue/coles/coles-catalogue-september-24-30-2025-vic-metro/33.jpg,https://www.catalogueau.com/coles/#catalogue=coles/coles-catalogue-september-24-30-2025-vic-metro/,save_was_arithmetic,displayed_price;save_was_arithmetic;unit_price,3,verified
Coles,VIC METRO,"Coles Catalogue September 24 - 30, 2025 VIC METRO",2025-09-24,2025-10-01,33,IN PARTNERSHIP WITH Garnier Pure Active,6.5,11.0,4.5,40.91,save_amount,,,SAVE54.50 | WASS11 | IN PARTNERSHIP WITH | Garnier Pure Active | Pimple Patches | dp | Great Barrier | 22 Pack,96.27,True,single_price_evidence,https://caau.syd1.cdn.digitaloceanspaces.com/wp-content/uploads/catalogue/coles/coles-catalogue-september-24-30-2025-vic-metro/33.jpg,https://www.catalogueau.com/coles/#catalogue=coles/coles-catalogue-september-24-30-2025-vic-metro/,displayed_price,displayed_price,1,review
Coles,VIC METRO,"Coles Catalogue September 24 - 30, 2025 VIC METRO",2025-09-24,2025-10-01,33,Neutrogena Hydro Boost Face Sunscreen SPF50 85mL*,13.5,27.0,13.5,50.0,half_price,85mL,$15.88 per 100mL,Neutrogena Hydro Boost Face | Sunscreen SPF50 85mL* | $15.88 per 100mL,92.46,True,offer_labels_missing;regular_and_save_inferred_from_half_price;inferred_price_requires_review,https://caau.syd1.cdn.digitaloceanspaces.com/wp-content/uploads/catalogue/coles/coles-catalogue-september-24-30-2025-vic-metro/33.jpg,https://www.catalogueau.com/coles/#catalogue=coles/coles-catalogue-september-24-30-2025-vic-metro/,unit_price,grid_inference;unit_price,1,review
Coles,VIC METRO,"Coles Catalogue September 24 - 30, 2025 VIC METRO",2025-09-24,2025-10-01,34,Rascals Premium Baby Wipes 72 Pack-80 Pack,3.0,,,,special,72 Pack; 80 Pack,,Rascals Premium Baby Wipes | 72 Pack-80 Pack | NEW | atcoles,79.0,True,offer_labels_missing;save_amount_missing;regular_price_missing;low_name_confidence_strict;single_price_evidence,https://caau.syd1.cdn.digitaloceanspaces.com/wp-content/uploads/catalogue/coles/coles-catalogue-september-24-30-2025-vic-metro/34.jpg,https://www.catalogueau.com/coles/#catalogue=coles/coles-catalogue-september-24-30-2025-vic-metro/,displayed_price,displayed_price,1,review
Coles,VIC METRO,"Coles Catalogue September 24 - 30, 2025 VIC METRO",2025-09-24,2025-10-01,34,BabyLove Bulk Nappy Pants 22 Pack-28 Pack,12.0,,,,special,22 Pack; 28 Pack,,BabyLove Bulk Nappy Pants | 22 Pack-28 Pack | =~ | eur? | Pre,79.0,True,offer_labels_missing;save_amount_missing;regular_price_missing;low_name_confidence_strict;single_price_evidence,https://caau.syd1.cdn.digitaloceanspaces.com/wp-content/uploads/catalogue/coles/coles-catalogue-september-24-30-2025-vic-metro/34.jpg,https://www.catalogueau.com/coles/#catalogue=coles/coles-catalogue-september-24-30-2025-vic-metro/,displayed_price,displayed_price,1,review
Coles,VIC METRO,"Coles Catalogue September 24 - 30, 2025 VIC METRO",2025-09-24,2025-10-01,34,Listerine Freshburst or Freshburst Zero Mouthwash 500mL,4.8,,,,special,500mL,$0.96 per 100mL,Listerine Freshburst | or Freshburst Zero | Mouthwash 500mL | $0.96 per 100mL,92.49,True,single_price_evidence,https://caau.syd1.cdn.digitaloceanspaces.com/wp-content/uploads/catalogue/coles/coles-catalogue-september-24-30-2025-vic-metro/34.jpg,https://www.catalogueau.com/coles/#catalogue=coles/coles-catalogue-september-24-30-2025-vic-metro/,unit_price,unit_price,1,review
Coles,VIC METRO,"Coles Catalogue September 24 - 30, 2025 VIC METRO",2025-09-24,2025-10-01,34,Poise Bladder Protection Light,0.1,,,,special,,$0.11 per each,Poise Bladder | Protection Light | Continence Liners | 18 Pack $0.11 per each,96.77,True,single_price_evidence,https://caau.syd1.cdn.digitaloceanspaces.com/wp-content/uploads/catalogue/coles/coles-catalogue-september-24-30-2025-vic-metro/34.jpg,https://www.catalogueau.com/coles/#catalogue=coles/coles-catalogue-september-24-30-2025-vic-metro/,unit_price,unit_price,1,review
Coles,VIC METRO,"Coles Catalogue September 24 - 30, 2025 VIC METRO",2025-09-24,2025-10-01,34,Depend Real Fit Underwear for Women XL 8 Pack,8.5,,,,special,8 Pack,$1.06 per each,Depend Real Fit | Underwear for | Women XL 8 Pack | $1.06 per each,96.17,False,,https://caau.syd1.cdn.digitaloceanspaces.com/wp-content/uploads/catalogue/coles/coles-catalogue-september-24-30-2025-vic-metro/34.jpg,https://www.catalogueau.com/coles/#catalogue=coles/coles-catalogue-september-24-30-2025-vic-metro/,displayed_price,displayed_price;unit_price,2,verified
Coles,VIC METRO,"Coles Catalogue September 24 - 30, 2025 VIC METRO",2025-09-24,2025-10-01,34,Poise Continence Ultra Lon,0.18,,,,special,,$0.18 per each,Poise Continence | Ultra Lon | Liners | 20 Pack $0.18 per each,96.45,True,single_price_evidence,https://caau.syd1.cdn.digitaloceanspaces.com/wp-content/uploads/catalogue/coles/coles-catalogue-september-24-30-2025-vic-metro/34.jpg,https://www.catalogueau.com/coles/#catalogue=coles/coles-catalogue-september-24-30-2025-vic-metro/,unit_price,unit_price,1,review
Coles,VIC METRO,"Coles Catalogue September 24 - 30, 2025 VIC METRO",2025-09-24,2025-10-01,34,Nivea Antiperspirant Aerosol Deodorant 250mL,4.75,,,,special,250mL,$1.90 per 100mL,Nivea Antiperspirant | Aerosol Deodorant | 250mL $1.90 per 100mL. | 2nd week on sale | VIC-METRO-2409-25-488150,89.88,False,,https://caau.syd1.cdn.digitaloceanspaces.com/wp-content/uploads/catalogue/coles/coles-catalogue-september-24-30-2025-vic-metro/34.jpg,https://www.catalogueau.com/coles/#catalogue=coles/coles-catalogue-september-24-30-2025-vic-metro/,displayed_price,displayed_price;unit_price,2,verified
Coles,VIC METRO,"Coles Catalogue September 24 - 30, 2025 VIC METRO",2025-09-24,2025-10-01,34,Neutrogena Hydro Boost Water Gel Cleanser 145mL,12.0,,,,special,145mL,$8.28 per 100mL,Neutrogena | Hydro Boost Water | Gel Cleanser 145mL | $8.28 per 100mL,95.31,False,,https://caau.syd1.cdn.digitaloceanspaces.com/wp-content/uploads/catalogue/coles/coles-catalogue-september-24-30-2025-vic-metro/34.jpg,https://www.catalogueau.com/coles/#catalogue=coles/coles-catalogue-september-24-30-2025-vic-metro/,displayed_price,displayed_price;unit_price,2,verified
Coles,VIC METRO,"Coles Catalogue September 24 - 30, 2025 VIC METRO",2025-09-24,2025-10-01,34,Garnier Body Superfood 380mL,9.0,,,,special,380mL,$2.37 per 100mL,Garnier Body | Superfood 380mL | $2.37 per 100mL,94.48,False,,https://caau.syd1.cdn.digitaloceanspaces.com/wp-content/uploads/catalogue/coles/coles-catalogue-september-24-30-2025-vic-metro/34.jpg,https://www.catalogueau.com/coles/#catalogue=coles/coles-catalogue-september-24-30-2025-vic-metro/,displayed_price,displayed_price;unit_price,2,verified
Coles,VIC METRO,"Coles Catalogue September 24 - 30, 2025 VIC METRO",2025-09-24,2025-10-01,34,Garnier Micellar Cleansing Water 400mL,10.0,,,,special,400mL,$2.50 per 100mL,Garnier Micellar | Cleansing Water 400mL | $2.50 per 100mL | 34,95.46,False,,https://caau.syd1.cdn.digitaloceanspaces.com/wp-content/uploads/catalogue/coles/coles-catalogue-september-24-30-2025-vic-metro/34.jpg,https://www.catalogueau.com/coles/#catalogue=coles/coles-catalogue-september-24-30-2025-vic-metro/,displayed_price,displayed_price;unit_price,2,verified
Coles,VIC METRO,"Coles Catalogue September 24 - 30, 2025 VIC METRO",2025-09-24,2025-10-01,35,"Rafferty's Garden 4+ Months, 6+ Months or 8+ Months Baby Food Pouch 120g",2.0,2.3,0.3,13.04,save_amount,120g,$1.67 per 100g,"WASS2.30 | WASS2.30 | Rafferty's Garden 4+ Months, | 6+ Months or 8+ Months Baby | Food Pouch 120g $1.67 per 100g",95.8,False,,https://caau.syd1.cdn.digitaloceanspaces.com/wp-content/uploads/catalogue/coles/coles-catalogue-september-24-30-2025-vic-metro/35.jpg,https://www.catalogueau.com/coles/#catalogue=coles/coles-catalogue-september-24-30-2025-vic-metro/,displayed_price,displayed_price;unit_price,2,verified
Coles,VIC METRO,"Coles Catalogue September 24 - 30, 2025 VIC METRO",2025-09-24,2025-10-01,35,Alula Gentle Stage 3 Toddler Milk Drink 900g,16.0,20.0,4.0,20.0,save_amount,900g,$1.78 per 100g,WASS$20 | WASS$20 | Alula Gentle Stage 3 Toddler | Milk Drink 900g $1.78 per 100g | emu | ———ee,95.34,False,,https://caau.syd1.cdn.digitaloceanspaces.com/wp-content/uploads/catalogue/coles/coles-catalogue-september-24-30-2025-vic-metro/35.jpg,https://www.catalogueau.com/coles/#catalogue=coles/coles-catalogue-september-24-30-2025-vic-metro/,displayed_price,displayed_price;unit_price,2,verified
Coles,VIC METRO,"Coles Catalogue September 24 - 30, 2025 VIC METRO",2025-09-24,2025-10-01,35,Nestlé NAN Optipro Stage 3 Toddler Milk Drink 800g,20.0,25.0,5.0,20.0,save_amount,800g,$2.50 per 100g,WASS25 | WASS25 | Nestlé NAN Optipro Stage | 3 Toddler Milk Drink 800g | $2.50 per 100g | =,93.07,True,single_price_evidence,https://caau.syd1.cdn.digitaloceanspaces.com/wp-content/uploads/catalogue/coles/coles-catalogue-september-24-30-2025-vic-metro/35.jpg,https://www.catalogueau.com/coles/#catalogue=coles/coles-catalogue-september-24-30-2025-vic-metro/,unit_price,unit_price,1,review
Coles,VIC METRO,"Coles Catalogue September 24 - 30, 2025 VIC METRO",2025-09-24,2025-10-01,35,Metamucil Daily Fibre Supplement Orange Smooth 72 Doses 425g*,20.5,29.9,9.4,31.44,save_amount,425g,$4.82 per 100g,"WASS29.90 | WASS29.90 | Metamucil Daily Fibre | Supplement Orange Smooth | 72 Doses 425g* $4.82 per 100g | “This medicine may not be right for you. Read the label before purchase. Follow the directions for use | If symptoms persist, talk to your healthcare professional. Incorrect use could be harmful",94.81,True,single_price_evidence,https://caau.syd1.cdn.digitaloceanspaces.com/wp-content/uploads/catalogue/coles/coles-catalogue-september-24-30-2025-vic-metro/35.jpg,https://www.catalogueau.com/coles/#catalogue=coles/coles-catalogue-september-24-30-2025-vic-metro/,unit_price,unit_price,1,review
Coles,VIC METRO,"Coles Catalogue September 24 - 30, 2025 VIC METRO",2025-09-24,2025-10-01,35,Rascals Premium Jumbo Nappy Pants 42 Pack-56 Pack,15.5,31.0,15.5,50.0,half_price,42 Pack; 56 Pack,,WASS$31 | WASS$31 | Rascals Premium Jumbo Nappy | Pants 42 Pack-56 Pack,95.83,True,inferred_price_requires_review,https://caau.syd1.cdn.digitaloceanspaces.com/wp-content/uploads/catalogue/coles/coles-catalogue-september-24-30-2025-vic-metro/35.jpg,https://www.catalogueau.com/coles/#catalogue=coles/coles-catalogue-september-24-30-2025-vic-metro/,page_discount_inference,page_discount,0,review
Coles,VIC METRO,"Coles Catalogue September 24 - 30, 2025 VIC METRO",2025-09-24,2025-10-01,35,U By Kotex Ultra Thin Pads Regular with Wings 14 Pack,2.5,5.0,2.5,50.0,half_price,14 Pack,$0.18 per each,WASS5 | WASS5 | U By Kotex Ultra Thin Pads | Regular with Wings 14 Pack | $0.18 per each | ADVERTISER PROMOTION,96.45,True,inferred_price_requires_review,https://caau.syd1.cdn.digitaloceanspaces.com/wp-content/uploads/catalogue/coles/coles-catalogue-september-24-30-2025-vic-metro/35.jpg,https://www.catalogueau.com/coles/#catalogue=coles/coles-catalogue-september-24-30-2025-vic-metro/,page_discount_inference,page_discount,0,review
Coles,VIC METRO,"Coles Catalogue September 24 - 30, 2025 VIC METRO",2025-09-24,2025-10-01,35,U by Kotex Overnight Extra Pads with Wings 10 Pack,2.5,5.0,2.5,50.0,half_price,10 Pack,$0.25 per each,"WASS5 | WASS5 | U by Kotex Overnight | Extra Pads with Wings | 10 Pack $0.25 per each | ®/TM Trademarks of Kimberly-Clark Worldwide, Inc. or its affiliates, or used with permission. © KCWW.",96.57,False,,https://caau.syd1.cdn.digitaloceanspaces.com/wp-content/uploads/catalogue/coles/coles-catalogue-september-24-30-2025-vic-metro/35.jpg,https://www.catalogueau.com/coles/#catalogue=coles/coles-catalogue-september-24-30-2025-vic-metro/,displayed_price,displayed_price;page_discount;unit_price,2,verified
Coles,VIC METRO,"Coles Catalogue September 24 - 30, 2025 VIC METRO",2025-09-24,2025-10-01,35,Nivea Body Wash 1 Litre,9.5,,,,special,1 Litre,$0.95 per 100mL,Nivea Body Wash 1 Litre | $0.95 per 100mL,95.8,False,,https://caau.syd1.cdn.digitaloceanspaces.com/wp-content/uploads/catalogue/coles/coles-catalogue-september-24-30-2025-vic-metro/35.jpg,https://www.catalogueau.com/coles/#catalogue=coles/coles-catalogue-september-24-30-2025-vic-metro/,displayed_price,displayed_price;unit_price,2,verified
Coles,VIC METRO,"Coles Catalogue September 24 - 30, 2025 VIC METRO",2025-09-24,2025-10-01,35,U By Kotex Zero Pads Super with Wings 10 Pack,2.8,,,,special,10 Pack,$0.28 per each,U By Kotex Zero Pads | Super with Wings | 10 Pack $0.28 per each,96.55,True,offer_labels_missing;save_amount_missing;regular_price_missing;inferred_price_requires_review,https://caau.syd1.cdn.digitaloceanspaces.com/wp-content/uploads/catalogue/coles/coles-catalogue-september-24-30-2025-vic-metro/35.jpg,https://www.catalogueau.com/coles/#catalogue=coles/coles-catalogue-september-24-30-2025-vic-metro/,unit_price,grid_inference;unit_price,1,review
Coles,VIC METRO,"Coles Catalogue September 24 - 30, 2025 VIC METRO",2025-09-24,2025-10-01,36,S TEETH,2.0,,,,special,,,S TEETH | 3,79.0,True,offer_labels_missing;save_amount_missing;regular_price_missing;low_name_confidence_strict;single_price_evidence,https://caau.syd1.cdn.digitaloceanspaces.com/wp-content/uploads/catalogue/coles/coles-catalogue-september-24-30-2025-vic-metro/36.jpg,https://www.catalogueau.com/coles/#catalogue=coles/coles-catalogue-september-24-30-2025-vic-metro/,displayed_price,displayed_price,1,review
Coles,VIC METRO,"Coles Catalogue September 24 - 30, 2025 VIC METRO",2025-09-24,2025-10-01,36,Oral B Pro Health Advanced Deep Clean or Whitenin Toothpaste 110g,3.0,,,,special,110g,$2.73 per 100g,Oral B Pro Health Advanced | Deep Clean or Whitenin | Toothpaste 110g $2.73 per 100g,95.16,False,,https://caau.syd1.cdn.digitaloceanspaces.com/wp-content/uploads/catalogue/coles/coles-catalogue-september-24-30-2025-vic-metro/36.jpg,https://www.catalogueau.com/coles/#catalogue=coles/coles-catalogue-september-24-30-2025-vic-metro/,displayed_price,displayed_price;unit_price,2,verified
Coles,VIC METRO,"Coles Catalogue September 24 - 30, 2025 VIC METRO",2025-09-24,2025-10-01,36,Oral B Sensitivity & Gum Extra Fresh or All Day Protection Toothpaste 90g,5.0,,,,special,90g,$5.56 per 100g,Oral B Sensitivity & Gum Extra | Fresh or All Day Protection | Toothpaste 90g $5.56 per 100g | @,95.71,False,,https://caau.syd1.cdn.digitaloceanspaces.com/wp-content/uploads/catalogue/coles/coles-catalogue-september-24-30-2025-vic-metro/36.jpg,https://www.catalogueau.com/coles/#catalogue=coles/coles-catalogue-september-24-30-2025-vic-metro/,displayed_price,displayed_price;unit_price,2,verified
Coles,VIC METRO,"Coles Catalogue September 24 - 30, 2025 VIC METRO",2025-09-24,2025-10-01,36,Oral B 3D White 2 In 1 Whitening Long Lasting or Enamel Toothpaste 110g,2.75,,,,special,110g,$2.50 per 100g,Oral B 3D White 2 In 1 Whitening | Long Lasting or Enamel Toothpaste | 110g $2.50 per 100g,95.98,False,,https://caau.syd1.cdn.digitaloceanspaces.com/wp-content/uploads/catalogue/coles/coles-catalogue-september-24-30-2025-vic-metro/36.jpg,https://www.catalogueau.com/coles/#catalogue=coles/coles-catalogue-september-24-30-2025-vic-metro/,displayed_price,displayed_price;unit_price,2,verified
Coles,VIC METRO,"Coles Catalogue September 24 - 30, 2025 VIC METRO",2025-09-24,2025-10-01,36,PROFESSIONALLY ==,2.0,,,,special,,,PROFESSIONALLY | == | wy | i,78.18,True,offer_labels_missing;save_amount_missing;regular_price_missing;low_name_confidence_strict;single_price_evidence,https://caau.syd1.cdn.digitaloceanspaces.com/wp-content/uploads/catalogue/coles/coles-catalogue-september-24-30-2025-vic-metro/36.jpg,https://www.catalogueau.com/coles/#catalogue=coles/coles-catalogue-september-24-30-2025-vic-metro/,displayed_price,displayed_price,1,review
Coles,VIC METRO,"Coles Catalogue September 24 - 30, 2025 VIC METRO",2025-09-24,2025-10-01,36,Oral B 3D White Freshness Blast Intensive Whitening Toothpaste 94g,10.0,,,,special,94g,$10.64 per 100g,Oral B 3D White Freshness | Blast Intensive Whitening | Toothpaste 94g | $10.64 per 100g,96.05,True,single_price_evidence,https://caau.syd1.cdn.digitaloceanspaces.com/wp-content/uploads/catalogue/coles/coles-catalogue-september-24-30-2025-vic-metro/36.jpg,https://www.catalogueau.com/coles/#catalogue=coles/coles-catalogue-september-24-30-2025-vic-metro/,unit_price,unit_price,1,review
Coles,VIC METRO,"Coles Catalogue September 24 - 30, 2025 VIC METRO",2025-09-24,2025-10-01,36,Oral B iO2 Electric Toothbrush Black 1 Pack,80.0,,,,special,1 Pack,$80.00 per each,Oral B iO2 Electric | Toothbrush Black | 1 Pack $80.00 per each | “Oral-B electric brush vs regular manual toothbrush *with regular brushing using Oral-8 fluoride toothpaste,95.14,False,,https://caau.syd1.cdn.digitaloceanspaces.com/wp-content/uploads/catalogue/coles/coles-catalogue-september-24-30-2025-vic-metro/36.jpg,https://www.catalogueau.com/coles/#catalogue=coles/coles-catalogue-september-24-30-2025-vic-metro/,displayed_price,displayed_price;unit_price,2,verified
Coles,VIC METRO,"Coles Catalogue September 24 - 30, 2025 VIC METRO",2025-09-24,2025-10-01,37,Schmackos Dog Treats 450g-500g,8.5,16.5,8.0,48.48,save_amount,450g; 500g,,SAVE “8. 50 | Schmackos Dog Treats | 450g-500g | ir 38,89.11,True,single_price_evidence,https://caau.syd1.cdn.digitaloceanspaces.com/wp-content/uploads/catalogue/coles/coles-catalogue-september-24-30-2025-vic-metro/37.jpg,https://www.catalogueau.com/coles/#catalogue=coles/coles-catalogue-september-24-30-2025-vic-metro/,displayed_price,displayed_price,1,review
Coles,VIC METRO,"Coles Catalogue September 24 - 30, 2025 VIC METRO",2025-09-24,2025-10-01,37,Dine Classic Collections Cat Food 85g,1.1,1.6,0.5,31.25,save_amount,85g,$1.29 per 100g,SAVE50¢ | WASS1.60 | Dine Classic Collections Cat Food | 85g $1.29 per 100g | x | fel | fe | er,96.07,True,single_price_evidence,https://caau.syd1.cdn.digitaloceanspaces.com/wp-content/uploads/catalogue/coles/coles-catalogue-september-24-30-2025-vic-metro/37.jpg,https://www.catalogueau.com/coles/#catalogue=coles/coles-catalogue-september-24-30-2025-vic-metro/,unit_price,unit_price,1,review
Coles,VIC METRO,"Coles Catalogue September 24 - 30, 2025 VIC METRO",2025-09-24,2025-10-01,37,Fussy Cat Cat Food 400g,1.9,2.75,0.85,30.91,save_amount,400g,$0.48 per 100g,SAVE 85° | WASS$2.75 | Fussy Cat Cat Food 400g | $0.48 per 100g | <a | STE,96.29,True,single_price_evidence,https://caau.syd1.cdn.digitaloceanspaces.com/wp-content/uploads/catalogue/coles/coles-catalogue-september-24-30-2025-vic-metro/37.jpg,https://www.catalogueau.com/coles/#catalogue=coles/coles-catalogue-september-24-30-2025-vic-metro/,unit_price,unit_price,1,review
Coles,VIC METRO,"Coles Catalogue September 24 - 30, 2025 VIC METRO",2025-09-24,2025-10-01,37,Felix Cat Food 12x85g,10.0,14.5,4.5,31.03,save_amount,12x85g,$0.98 per 100g,SAVES4.50 | WASS14.50 | Felix Cat Food 12x85g | $0.98 per 100g | ~~),94.4,False,,https://caau.syd1.cdn.digitaloceanspaces.com/wp-content/uploads/catalogue/coles/coles-catalogue-september-24-30-2025-vic-metro/37.jpg,https://www.catalogueau.com/coles/#catalogue=coles/coles-catalogue-september-24-30-2025-vic-metro/,save_was_arithmetic,displayed_price;save_was_arithmetic;unit_price,3,verified
Coles,VIC METRO,"Coles Catalogue September 24 - 30, 2025 VIC METRO",2025-09-24,2025-10-01,37,Temptations Cat Treats 180g,8.0,10.0,2.0,20.0,save_amount,180g,$4.44 per 100g,WASS10 | WASS10 | Temptations Cat Treats 180g | $4.44 per 100g,93.1,False,,https://caau.syd1.cdn.digitaloceanspaces.com/wp-content/uploads/catalogue/coles/coles-catalogue-september-24-30-2025-vic-metro/37.jpg,https://www.catalogueau.com/coles/#catalogue=coles/coles-catalogue-september-24-30-2025-vic-metro/,displayed_price,displayed_price;unit_price,2,verified
Coles,VIC METRO,"Coles Catalogue September 24 - 30, 2025 VIC METRO",2025-09-24,2025-10-01,37,Dine Classic Collections Cat Food Pouches 12x85g,11.0,16.0,5.0,31.25,save_amount,12x85g,$1.08 per 100g,SAVESS | WASS16 | Dine Classic Collections Cat Food | Pouches 12x85g $1.08 per 100g,95.66,True,single_price_evidence,https://caau.syd1.cdn.digitaloceanspaces.com/wp-content/uploads/catalogue/coles/coles-catalogue-september-24-30-2025-vic-metro/37.jpg,https://www.catalogueau.com/coles/#catalogue=coles/coles-catalogue-september-24-30-2025-vic-metro/,unit_price,unit_price,1,review
Coles,VIC METRO,"Coles Catalogue September 24 - 30, 2025 VIC METRO",2025-09-24,2025-10-01,37,Purina One Adult Dry Cat Food 1.4kg-1.5kg,15.0,20.0,5.0,25.0,save_amount,1.4kg; 1.5kg,,SAVES5 | WASS$20 | Purina One Adult Dry Cat Food | 1.4kg-1.5kg,91.59,False,,https://caau.syd1.cdn.digitaloceanspaces.com/wp-content/uploads/catalogue/coles/coles-catalogue-september-24-30-2025-vic-metro/37.jpg,https://www.catalogueau.com/coles/#catalogue=coles/coles-catalogue-september-24-30-2025-vic-metro/,save_was_arithmetic,displayed_price;save_was_arithmetic,2,verified
Coles,VIC METRO,"Coles Catalogue September 24 - 30, 2025 VIC METRO",2025-09-24,2025-10-01,37,Optimum Dry Dog Food 6.2kg-7kg,36.0,45.0,9.0,20.0,save_amount,6.2kg; 7kg,,SAVES9 | WASS45 | Optimum Dry Dog Food | 6.2kg-7kg,94.04,False,,https://caau.syd1.cdn.digitaloceanspaces.com/wp-content/uploads/catalogue/coles/coles-catalogue-september-24-30-2025-vic-metro/37.jpg,https://www.catalogueau.com/coles/#catalogue=coles/coles-catalogue-september-24-30-2025-vic-metro/,save_was_arithmetic,displayed_price;save_was_arithmetic,2,verified
Coles,VIC METRO,"Coles Catalogue September 24 - 30, 2025 VIC METRO",2025-09-24,2025-10-01,37,Woofin' Good Oven Baked Dog Treat Biscuits 800g,9.0,11.0,2.0,18.18,save_amount,800g,$1.13 per 100g,WAS$11 | WAS$11 | JUL 2025 | Woofin' Good Oven Baked | Dog Treat Biscuits 800g | $1.13 | $1.13 per 100g | 37,95.63,False,,https://caau.syd1.cdn.digitaloceanspaces.com/wp-content/uploads/catalogue/coles/coles-catalogue-september-24-30-2025-vic-metro/37.jpg,https://www.catalogueau.com/coles/#catalogue=coles/coles-catalogue-september-24-30-2025-vic-metro/,displayed_price,displayed_price;unit_price,2,verified
Coles,VIC METRO,"Coles Catalogue September 24 - 30, 2025 VIC METRO",2025-09-24,2025-10-01,37,Greenies Original Dog Treats Regular 12 Pack,32.75,36.5,3.75,10.27,save_amount,12 Pack,$2.73 per each,WAS $36.50 | WAS $36.50 | AUG 2025 | Greenies Original Dog Treats | Regular 12 Pack $2.73 per each,96.31,True,single_price_evidence,https://caau.syd1.cdn.digitaloceanspaces.com/wp-content/uploads/catalogue/coles/coles-catalogue-september-24-30-2025-vic-metro/37.jpg,https://www.catalogueau.com/coles/#catalogue=coles/coles-catalogue-september-24-30-2025-vic-metro/,unknown,,0,review
Coles,VIC METRO,"Coles Catalogue September 24 - 30, 2025 VIC METRO",2025-09-24,2025-10-01,37,EGA PACK,2.0,,,,special,,,EGA PACK,75.85,True,offer_labels_missing;save_amount_missing;regular_price_missing;low_name_confidence_strict;inferred_price_requires_review,https://caau.syd1.cdn.digitaloceanspaces.com/wp-content/uploads/catalogue/coles/coles-catalogue-september-24-30-2025-vic-metro/37.jpg,https://www.catalogueau.com/coles/#catalogue=coles/coles-catalogue-september-24-30-2025-vic-metro/,displayed_price,displayed_price;grid_inference,1,review
Coles,VIC METRO,"Coles Catalogue September 24 - 30, 2025 VIC METRO",2025-09-24,2025-10-01,38,Dettol Multipurpose Disinfectant Wipes 110 Pack,7.0,12.0,5.0,41.67,save_amount,110 Pack,$0.06 per each,WASS12 | WASS12 | Dettol Multipurpose Disinfectant Wipes | 110 Pack $0.06 per each. *See page 19 for T&Cs,93.7,True,single_price_evidence,https://caau.syd1.cdn.digitaloceanspaces.com/wp-content/uploads/catalogue/coles/coles-catalogue-september-24-30-2025-vic-metro/38.jpg,https://www.catalogueau.com/coles/#catalogue=coles/coles-catalogue-september-24-30-2025-vic-metro/,displayed_price,displayed_price,1,review
Coles,VIC METRO,"Coles Catalogue September 24 - 30, 2025 VIC METRO",2025-09-24,2025-10-01,38,Quilton 4-Ply Softness Gold Toilet Tissue 20 Pack,13.5,15.0,1.5,10.0,save_amount,20 Pack,$0.56 per 100,WAS $15 | WAS $15 | SEP 2025 | Quilton 4-Ply Softness Gold Toilet | Tissue 20 Pack $0.56 per 100 sheets,95.11,True,single_price_evidence,https://caau.syd1.cdn.digitaloceanspaces.com/wp-content/uploads/catalogue/coles/coles-catalogue-september-24-30-2025-vic-metro/38.jpg,https://www.catalogueau.com/coles/#catalogue=coles/coles-catalogue-september-24-30-2025-vic-metro/,displayed_price,displayed_price,1,review
Coles,VIC METRO,"Coles Catalogue September 24 - 30, 2025 VIC METRO",2025-09-24,2025-10-01,38,Cuddly Concentrate Fabric Conditioner 850mL,5.25,10.5,5.25,50.0,half_price,850mL,$6.18 per litre,SAVES5.25 | WASS10.50 | Cuddly Concentrate Fabric | Conditioner 850mL $6.18 per litre | 38,95.16,False,,https://caau.syd1.cdn.digitaloceanspaces.com/wp-content/uploads/catalogue/coles/coles-catalogue-september-24-30-2025-vic-metro/38.jpg,https://www.catalogueau.com/coles/#catalogue=coles/coles-catalogue-september-24-30-2025-vic-metro/,save_was_arithmetic,save_was_arithmetic;unit_price,2,verified
Coles,VIC METRO,"Coles Catalogue September 24 - 30, 2025 VIC METRO",2025-09-24,2025-10-01,38,Handee Ultra Paper Towel 4 Pack,4.0,6.0,2.0,33.33,save_amount,4 Pack,$1.67 per 100,SAVES2 | WASS6 | Handee Ultra Paper Towel | 4 Pack $1.67 per 100 sheets | VIC-METRO-2409-25-488150,95.32,False,,https://caau.syd1.cdn.digitaloceanspaces.com/wp-content/uploads/catalogue/coles/coles-catalogue-september-24-30-2025-vic-metro/38.jpg,https://www.catalogueau.com/coles/#catalogue=coles/coles-catalogue-september-24-30-2025-vic-metro/,save_was_arithmetic,displayed_price;save_was_arithmetic,2,verified
Coles,VIC METRO,"Coles Catalogue September 24 - 30, 2025 VIC METRO",2025-09-24,2025-10-01,38,Coles Ultra Multipurpose Domestic Cleaning Wipes 10 Pack,1.1,,,,special,10 Pack,$0.11 per each,Coles Ultra Multipurpose | Domestic Cleaning Wipes | 10 Pack $0.11 per each,96.14,True,single_price_evidence,https://caau.syd1.cdn.digitaloceanspaces.com/wp-content/uploads/catalogue/coles/coles-catalogue-september-24-30-2025-vic-metro/38.jpg,https://www.catalogueau.com/coles/#catalogue=coles/coles-catalogue-september-24-30-2025-vic-metro/,unit_price,unit_price,1,review
Coles,VIC METRO,"Coles Catalogue September 24 - 30, 2025 VIC METRO",2025-09-24,2025-10-01,38,Coles Ultra Rinse Aid 500mL,2.8,,,,special,500mL,$0.56 per 100mL,Coles Ultra Rinse Aid 500mL | $0.56 per 100mL,94.26,False,,https://caau.syd1.cdn.digitaloceanspaces.com/wp-content/uploads/catalogue/coles/coles-catalogue-september-24-30-2025-vic-metro/38.jpg,https://www.catalogueau.com/coles/#catalogue=coles/coles-catalogue-september-24-30-2025-vic-metro/,displayed_price,displayed_price;unit_price,2,verified
Coles,VIC METRO,"Coles Catalogue September 24 - 30, 2025 VIC METRO",2025-09-24,2025-10-01,38,Coles Ultra Advanced Dishwasher Tablets 40 Pack,6.0,,,,special,40 Pack,$0.15 per each,Coles Ultra Advanced | Dishwasher Tablets 40 Pack | $0.15 per each,96.15,True,offer_labels_missing;save_amount_missing;regular_price_missing;single_price_evidence,https://caau.syd1.cdn.digitaloceanspaces.com/wp-content/uploads/catalogue/coles/coles-catalogue-september-24-30-2025-vic-metro/38.jpg,https://www.catalogueau.com/coles/#catalogue=coles/coles-catalogue-september-24-30-2025-vic-metro/,displayed_price,displayed_price,1,review
Coles,VIC METRO,"Coles Catalogue September 24 - 30, 2025 VIC METRO",2025-09-24,2025-10-01,38,MULTI ic},4.0,,,,special,,,MULTI | ic} | PUR' | LSA | mas | nui,77.64,True,offer_labels_missing;save_amount_missing;regular_price_missing;low_name_confidence_strict;single_price_evidence,https://caau.syd1.cdn.digitaloceanspaces.com/wp-content/uploads/catalogue/coles/coles-catalogue-september-24-30-2025-vic-metro/38.jpg,https://www.catalogueau.com/coles/#catalogue=coles/coles-catalogue-september-24-30-2025-vic-metro/,displayed_price,displayed_price,1,review
Coles,VIC METRO,"Coles Catalogue September 24 - 30, 2025 VIC METRO",2025-09-24,2025-10-01,38,Dettol Multipurpose Cleaner 750mL,4.0,,,,special,750mL,$0.53 per 100mL,Dettol Multipurpose Cleaner 750mL | $0.53 per 100mL. *See page 19 for T&Cs,93.65,False,,https://caau.syd1.cdn.digitaloceanspaces.com/wp-content/uploads/catalogue/coles/coles-catalogue-september-24-30-2025-vic-metro/38.jpg,https://www.catalogueau.com/coles/#catalogue=coles/coles-catalogue-september-24-30-2025-vic-metro/,displayed_price,displayed_price;unit_price,2,verified
Coles,VIC METRO,"Coles Catalogue September 24 - 30, 2025 VIC METRO",2025-09-24,2025-10-01,39,Coles Ultra Concentrate Laundry Powder 2kg,10.5,,,,everyday,2kg,$5.25 per kg,| EVERY DAY DAY | | Coles Ultra Concentrate | Laundry Powder 2kg | $5.25 per kg,94.96,False,,https://caau.syd1.cdn.digitaloceanspaces.com/wp-content/uploads/catalogue/coles/coles-catalogue-september-24-30-2025-vic-metro/39.jpg,https://www.catalogueau.com/coles/#catalogue=coles/coles-catalogue-september-24-30-2025-vic-metro/,displayed_price,displayed_price;unit_price,2,verified
Coles,VIC METRO,"Coles Catalogue September 24 - 30, 2025 VIC METRO",2025-09-24,2025-10-01,39,Coles Ultra Oxy Action Laundry Stain Remover Powder 1kg,3.9,,,,special,1kg,$3.90 per kg,Coles Ultra Oxy Action | Laundry Stain Remover | Powder 1kg $3.90 per kg,95.45,False,,https://caau.syd1.cdn.digitaloceanspaces.com/wp-content/uploads/catalogue/coles/coles-catalogue-september-24-30-2025-vic-metro/39.jpg,https://www.catalogueau.com/coles/#catalogue=coles/coles-catalogue-september-24-30-2025-vic-metro/,displayed_price,displayed_price;unit_price,2,verified
Coles,VIC METRO,"Coles Catalogue September 24 - 30, 2025 VIC METRO",2025-09-24,2025-10-01,39,Coles Ultra Fabric Conditioner 2 Litre,3.5,,,,special,2 Litre,$1.75 per litre,Coles Ultra Fabric | Conditioner 2 Litre | $1.75 per litre,96.26,False,,https://caau.syd1.cdn.digitaloceanspaces.com/wp-content/uploads/catalogue/coles/coles-catalogue-september-24-30-2025-vic-metro/39.jpg,https://www.catalogueau.com/coles/#catalogue=coles/coles-catalogue-september-24-30-2025-vic-metro/,displayed_price,displayed_price;unit_price,2,verified
Coles,VIC METRO,"Coles Catalogue September 24 - 30, 2025 VIC METRO",2025-09-24,2025-10-01,39,VIC-METRO-2409-25-488150,4.0,,,,special,,$4.00 per litre,$4.00 per litre | VIC-METRO-2409-25-488150,88.7,True,offer_labels_missing;save_amount_missing;regular_price_missing;single_price_evidence,https://caau.syd1.cdn.digitaloceanspaces.com/wp-content/uploads/catalogue/coles/coles-catalogue-september-24-30-2025-vic-metro/39.jpg,https://www.catalogueau.com/coles/#catalogue=coles/coles-catalogue-september-24-30-2025-vic-metro/,displayed_price,displayed_price,1,review
Coles,VIC METRO,"Coles Catalogue September 24 - 30, 2025 VIC METRO",2025-09-24,2025-10-01,40,Bond: Bonds Men's Hipster Briefs,16.0,32.0,16.0,50.0,half_price,,,SAVESI6 | WASS$32 | Bond: | Bonds Men's Hipster Briefs | 5 | 5 Pack | cl,79.0,True,low_name_confidence_strict;single_price_evidence,https://caau.syd1.cdn.digitaloceanspaces.com/wp-content/uploads/catalogue/coles/coles-catalogue-september-24-30-2025-vic-metro/40.jpg,https://www.catalogueau.com/coles/#catalogue=coles/coles-catalogue-september-24-30-2025-vic-metro/,save_was_arithmetic,save_was_arithmetic,1,review
Coles,VIC METRO,"Coles Catalogue September 24 - 30, 2025 VIC METRO",2025-09-24,2025-10-01,40,Bonds Women's Seamless Full Brief 2 Pack,13.0,26.0,13.0,50.0,half_price,2 Pack,,"SAVES13 | WAS$26 | Bonds Women's Seamless | Full Brief 2 Pack | TExcludes Babywear, Period and Continence Underwear & clearance items",96.41,False,,https://caau.syd1.cdn.digitaloceanspaces.com/wp-content/uploads/catalogue/coles/coles-catalogue-september-24-30-2025-vic-metro/40.jpg,https://www.catalogueau.com/coles/#catalogue=coles/coles-catalogue-september-24-30-2025-vic-metro/,save_was_arithmetic,displayed_price;save_was_arithmetic,2,verified
Coles,VIC METRO,"Coles Catalogue September 24 - 30, 2025 VIC METRO",2025-09-24,2025-10-01,40,Bonds Women's Socks % Crew Logo 3 Pack,8.0,16.0,8.0,50.0,half_price,3 Pack,,SAVES8 | WASS16 | Bonds Women's Socks % Crew | Logo 3 Pack On sale for 2 weeks,94.58,True,single_price_evidence,https://caau.syd1.cdn.digitaloceanspaces.com/wp-content/uploads/catalogue/coles/coles-catalogue-september-24-30-2025-vic-metro/40.jpg,https://www.catalogueau.com/coles/#catalogue=coles/coles-catalogue-september-24-30-2025-vic-metro/,save_was_arithmetic,save_was_arithmetic,1,review
Coles,VIC METRO,"Coles Catalogue September 24 - 30, 2025 VIC METRO",2025-09-24,2025-10-01,40,Décor Microsafe Easy Heat Containers 900mL 3 Pack,8.5,17.0,8.5,50.0,half_price,900mL; 3 Pack,$2.83 per each,SAVES8.50 | WASS17 | Décor Microsafe Easy Heat | Containers 900mL 3 Pack | $2.83 per each,93.98,False,,https://caau.syd1.cdn.digitaloceanspaces.com/wp-content/uploads/catalogue/coles/coles-catalogue-september-24-30-2025-vic-metro/40.jpg,https://www.catalogueau.com/coles/#catalogue=coles/coles-catalogue-september-24-30-2025-vic-metro/,save_was_arithmetic,save_was_arithmetic;unit_price,2,verified
Coles,VIC METRO,"Coles Catalogue September 24 - 30, 2025 VIC METRO",2025-09-24,2025-10-01,40,Joseph Joseph Duo 3 In 1 Avocado Tool,10.5,15.0,4.5,30.0,save_amount,,,SAVE%4.50 | Joseph Joseph Duo 3 In 1 | Avocado Tool,96.1,True,single_price_evidence,https://caau.syd1.cdn.digitaloceanspaces.com/wp-content/uploads/catalogue/coles/coles-catalogue-september-24-30-2025-vic-metro/40.jpg,https://www.catalogueau.com/coles/#catalogue=coles/coles-catalogue-september-24-30-2025-vic-metro/,displayed_price,displayed_price,1,review
Coles,VIC METRO,"Coles Catalogue September 24 - 30, 2025 VIC METRO",2025-09-24,2025-10-01,40,Brunnings Fast Action Path Weeder 1 Litre,7.0,14.0,7.0,50.0,half_price,1 Litre,,WASS14 | WASS14 | Brunnings Fast Action Path | Weeder 1 Litre,95.45,True,inferred_price_requires_review,https://caau.syd1.cdn.digitaloceanspaces.com/wp-content/uploads/catalogue/coles/coles-catalogue-september-24-30-2025-vic-metro/40.jpg,https://www.catalogueau.com/coles/#catalogue=coles/coles-catalogue-september-24-30-2025-vic-metro/,displayed_price,displayed_price;page_discount,1,review
Coles,VIC METRO,"Coles Catalogue September 24 - 30, 2025 VIC METRO",2025-09-24,2025-10-01,40,Heat Beads BB@ Briquettes 4kg,8.75,12.5,3.75,30.0,save_amount,4kg,$0.22 per 100g,SAVES3.75 | WASS12.50 | Heat Beads BB@ Briquettes 4kg | $0.22 per 100g | Flybuys,90.84,False,,https://caau.syd1.cdn.digitaloceanspaces.com/wp-content/uploads/catalogue/coles/coles-catalogue-september-24-30-2025-vic-metro/40.jpg,https://www.catalogueau.com/coles/#catalogue=coles/coles-catalogue-september-24-30-2025-vic-metro/,save_was_arithmetic,displayed_price;save_was_arithmetic,2,verified
Coles,VIC METRO,"Coles Catalogue September 24 - 30, 2025 VIC METRO",2025-09-24,2025-10-01,40,Bic Mega Lighter 1 Each,5.5,10.0,4.5,45.0,save_amount,,$5.50 per each,SAVES4.50 | WASS10 | Bic Mega Lighter 1 Each | $5.50 per each | $100 and $250,95.93,False,,https://caau.syd1.cdn.digitaloceanspaces.com/wp-content/uploads/catalogue/coles/coles-catalogue-september-24-30-2025-vic-metro/40.jpg,https://www.catalogueau.com/coles/#catalogue=coles/coles-catalogue-september-24-30-2025-vic-metro/,save_was_arithmetic,save_was_arithmetic;unit_price,2,verified
Coles,VIC METRO,"Coles Catalogue September 24 - 30, 2025 VIC METRO",2025-09-24,2025-10-01,40,Coles BBQ Trays 4 Pack,5.5,,,,special,4 Pack,$1.38 per each,Coles BBQ Trays 4 Pack | $1.38 per each | \visa | fsa | Hoo | 100.,92.32,False,,https://caau.syd1.cdn.digitaloceanspaces.com/wp-content/uploads/catalogue/coles/coles-catalogue-september-24-30-2025-vic-metro/40.jpg,https://www.catalogueau.com/coles/#catalogue=coles/coles-catalogue-september-24-30-2025-vic-metro/,displayed_price,displayed_price;unit_price,2,verified
Coles,VIC METRO,"Coles Catalogue September 24 - 30, 2025 VIC METRO",2025-09-24,2025-10-01,41,Join t &,13.0,39.0,26.0,66.67,save_amount,,,SAVE526 | WAS$39 | Join t | &,66.27,True,low_name_confidence_strict;single_price_evidence,https://caau.syd1.cdn.digitaloceanspaces.com/wp-content/uploads/catalogue/coles/coles-catalogue-september-24-30-2025-vic-metro/41.jpg,https://www.catalogueau.com/coles/#catalogue=coles/coles-catalogue-september-24-30-2025-vic-metro/,unknown,,0,review
Coles,VIC METRO,"Coles Catalogue September 24 - 30, 2025 VIC METRO",2025-09-24,2025-10-01,41,Telstra T-Essential 4G + 5° FWVGA+ display,59.0,79.0,20.0,25.32,save_amount,4G,,SAVE520 | WASS$79 | Telstra T-Essential 4G | + 5° FWVGA+ display | + Rear camera | (SMP with flash) | a@,89.86,True,single_price_evidence,https://caau.syd1.cdn.digitaloceanspaces.com/wp-content/uploads/catalogue/coles/coles-catalogue-september-24-30-2025-vic-metro/41.jpg,https://www.catalogueau.com/coles/#catalogue=coles/coles-catalogue-september-24-30-2025-vic-metro/,displayed_price,displayed_price,1,review
Coles,VIC METRO,"Coles Catalogue September 24 - 30, 2025 VIC METRO",2025-09-24,2025-10-01,41,Belong,15.0,35.0,20.0,57.14,save_amount,,,"SAVE520 | WAS$35 | Belong $35 | S35 4 | Mobile SIM | + Includes SIM card, | {mth for 12 mths Ri | 80GB + Unlimited",96.39,True,single_price_evidence,https://caau.syd1.cdn.digitaloceanspaces.com/wp-content/uploads/catalogue/coles/coles-catalogue-september-24-30-2025-vic-metro/41.jpg,https://www.catalogueau.com/coles/#catalogue=coles/coles-catalogue-september-24-30-2025-vic-metro/,displayed_price,displayed_price,1,review
Coles,VIC METRO,"Coles Catalogue September 24 - 30, 2025 VIC METRO",2025-09-24,2025-10-01,41,amaysim,15.0,40.0,25.0,62.5,save_amount,,,"SAVE525 | ‘WASS40 | amaysim $40 | Starter Pack | + 80GB data, | 28 day expiry | + Unlimited data banking",93.41,True,single_price_evidence,https://caau.syd1.cdn.digitaloceanspaces.com/wp-content/uploads/catalogue/coles/coles-catalogue-september-24-30-2025-vic-metro/41.jpg,https://www.catalogueau.com/coles/#catalogue=coles/coles-catalogue-september-24-30-2025-vic-metro/,unknown,,0,review
Coles,VIC METRO,"Coles Catalogue September 24 - 30, 2025 VIC METRO",2025-09-24,2025-10-01,41,Optus X Plus * 6.52” 90Hz display,79.0,99.0,20.0,20.2,save_amount,,,"SAVE‘S20 | WASS$99 | Optus X Plus | * 6.52” 90Hz display | + 8MP Al camera | General Devices: Excluding iPhones, all devices are Network Locked, Unlocking fees may apply. All included starter pack | i | offers are included in device packaging. General SIMs: All value SIMs include first recharge applied on activation.",92.97,False,,https://caau.syd1.cdn.digitaloceanspaces.com/wp-content/uploads/catalogue/coles/coles-catalogue-september-24-30-2025-vic-metro/41.jpg,https://www.catalogueau.com/coles/#catalogue=coles/coles-catalogue-september-24-30-2025-vic-metro/,save_was_arithmetic,displayed_price;save_was_arithmetic,2,verified
Coles,VIC METRO,"Coles Catalogue September 24 - 30, 2025 VIC METRO",2025-09-24,2025-10-01,41,"Optus X Start 4 4G + 5"" display",59.0,79.0,20.0,25.32,save_amount,4G,,"SAVE520 | WASS$79 | Optus X Start 4 4G | + 5"" display | + SMP camera with flash | fees may apply. All included starter | ack | K",88.66,True,single_price_evidence,https://caau.syd1.cdn.digitaloceanspaces.com/wp-content/uploads/catalogue/coles/coles-catalogue-september-24-30-2025-vic-metro/41.jpg,https://www.catalogueau.com/coles/#catalogue=coles/coles-catalogue-september-24-30-2025-vic-metro/,displayed_price,displayed_price,1,review
Coles,VIC METRO,"Coles Catalogue September 24 - 30, 2025 VIC METRO",2025-09-24,2025-10-01,41,BETTER PRICE,2.0,,,,special,,,=) | BETTER | PRICE | ht,79.0,True,offer_labels_missing;save_amount_missing;regular_price_missing;low_name_confidence_strict;single_price_evidence,https://caau.syd1.cdn.digitaloceanspaces.com/wp-content/uploads/catalogue/coles/coles-catalogue-september-24-30-2025-vic-metro/41.jpg,https://www.catalogueau.com/coles/#catalogue=coles/coles-catalogue-september-24-30-2025-vic-metro/,displayed_price,displayed_price,1,review
Coles,VIC METRO,"Coles Catalogue September 24 - 30, 2025 VIC METRO",2025-09-24,2025-10-01,41,SAVE525 amaysim,40.0,,,,special,,,SAVE525 | amaysim $40 | Starter Pack,79.0,True,offer_labels_missing;save_amount_missing;regular_price_missing;low_name_confidence_strict;single_price_evidence,https://caau.syd1.cdn.digitaloceanspaces.com/wp-content/uploads/catalogue/coles/coles-catalogue-september-24-30-2025-vic-metro/41.jpg,https://www.catalogueau.com/coles/#catalogue=coles/coles-catalogue-september-24-30-2025-vic-metro/,displayed_price,displayed_price,1,review
Coles,VIC METRO,"Coles Catalogue September 24 - 30, 2025 VIC METRO",2025-09-24,2025-10-01,43,100cB bonus data to bank on activation,35.0,,,,special,,,100cB | bonus data to bank on activation | Real ade’,93.2,True,offer_labels_missing;save_amount_missing;regular_price_missing;product_name_suspicious;single_price_evidence,https://caau.syd1.cdn.digitaloceanspaces.com/wp-content/uploads/catalogue/coles/coles-catalogue-september-24-30-2025-vic-metro/43.jpg,https://www.catalogueau.com/coles/#catalogue=coles/coles-catalogue-september-24-30-2025-vic-metro/,displayed_price,displayed_price,1,review
