retailer,region,catalogue_title,catalogue_start_date,catalogue_end_date,page_number,product_name,special_price,regular_price,save_amount,discount_percent,promo_type,pack_size,unit_price_text,offer_text,ocr_confidence,needs_review,review_reason,source_page_image,source_catalogue_url,price_source,price_evidence,evidence_count,verification_status
Coles,VIC METRO,"Coles Catalogue December 3 - 9, 2025 VIC METRO",2025-12-03,2025-12-10,1,Karumba Australian MSC Certified Thawed Raw Banana,17.0,22.0,5.0,22.73,save_amount,,$17.00 per kg,WAS$22t9 | WAS$22t9 | Karumba Australian MSC | Certified Thawed Raw Banana | Prawns $17.00 per kg. | Selected stores only*,95.5,True,single_price_evidence,https://caau.syd1.cdn.digitaloceanspaces.com/wp-content/uploads/catalogue/coles/coles-catalogue-december-3-9-2025-vic-metro/1.jpg,https://www.catalogueau.com/coles/#catalogue=coles/coles-catalogue-december-3-9-2025-vic-metro/,displayed_price,displayed_price,1,review
Coles,VIC METRO,"Coles Catalogue December 3 - 9, 2025 VIC METRO",2025-12-03,2025-12-10,1,Coles Paviova 1 Pack,8.0,,,,special,1 Pack,$8.00 per each,Coles Paviova 1 Pack | $8.00 per each | *For locations of Deli counter stores visit coles.com.au/range-availability,91.69,False,,https://caau.syd1.cdn.digitaloceanspaces.com/wp-content/uploads/catalogue/coles/coles-catalogue-december-3-9-2025-vic-metro/1.jpg,https://www.catalogueau.com/coles/#catalogue=coles/coles-catalogue-december-3-9-2025-vic-metro/,displayed_price,displayed_price;unit_price,2,verified
Coles,VIC METRO,"Coles Catalogue December 3 - 9, 2025 VIC METRO",2025-12-03,2025-12-10,1,Australian White or Yellow Nectarines,3.9,,,,special,,$3.90 per kg,Australian White or Yellow | Nectarines $3.90 per kg,94.99,True,offer_labels_missing;save_amount_missing;regular_price_missing;single_price_evidence,https://caau.syd1.cdn.digitaloceanspaces.com/wp-content/uploads/catalogue/coles/coles-catalogue-december-3-9-2025-vic-metro/1.jpg,https://www.catalogueau.com/coles/#catalogue=coles/coles-catalogue-december-3-9-2025-vic-metro/,unknown,,0,review
Coles,VIC METRO,"Coles Catalogue December 3 - 9, 2025 VIC METRO",2025-12-03,2025-12-10,2,Rexona 72hr Advanced Aerosol Deodorant 220mL,5.25,10.5,5.25,50.0,half_price,220mL,$2.39 per 100mL,SAVE $5.25 | Rexona 72hr Advanced | Aerosol Deodorant 220mL | $2.39 per 100mL | TExcludes Period and Continence Underwear & clearance items,93.72,False,,https://caau.syd1.cdn.digitaloceanspaces.com/wp-content/uploads/catalogue/coles/coles-catalogue-december-3-9-2025-vic-metro/2.jpg,https://www.catalogueau.com/coles/#catalogue=coles/coles-catalogue-december-3-9-2025-vic-metro/,displayed_price,displayed_price;unit_price,2,verified
Coles,VIC METRO,"Coles Catalogue December 3 - 9, 2025 VIC METRO",2025-12-03,2025-12-10,2,Bonds Men's Guyfront Trunk 1 Pack,12.0,24.5,12.5,51.02,save_amount,1 Pack,,SAVES12.50 |INO@ — SGNOE | Bonds Men's Guyfront Trunk | 1 Pack,79.0,True,low_name_confidence_strict;single_price_evidence,https://caau.syd1.cdn.digitaloceanspaces.com/wp-content/uploads/catalogue/coles/coles-catalogue-december-3-9-2025-vic-metro/2.jpg,https://www.catalogueau.com/coles/#catalogue=coles/coles-catalogue-december-3-9-2025-vic-metro/,displayed_price,displayed_price,1,review
Coles,VIC METRO,"Coles Catalogue December 3 - 9, 2025 VIC METRO",2025-12-03,2025-12-10,2,Cobram Estate Extra Virgin Olive Oil 750mL,15.0,25.0,10.0,40.0,save_amount,750mL,$2.00 per 100mL,SAVE510 | WASS$25 | Cobram Estate Extra Virgin | Olive Oil 750mL $2.00 per 100mL,94.57,False,,https://caau.syd1.cdn.digitaloceanspaces.com/wp-content/uploads/catalogue/coles/coles-catalogue-december-3-9-2025-vic-metro/2.jpg,https://www.catalogueau.com/coles/#catalogue=coles/coles-catalogue-december-3-9-2025-vic-metro/,displayed_price,displayed_price;unit_price,2,verified
Coles,VIC METRO,"Coles Catalogue December 3 - 9, 2025 VIC METRO",2025-12-03,2025-12-10,2,Huggies Bulk Nappy Pants 24 Pact 24 Pack-36 Pack,13.0,22.0,9.0,40.91,save_amount,24 Pack; 36 Pack,,SAVES9 | WAS$22 | Huggies Bulk Nappy Pants | 24 Pact | 24 Pack-36 Pack | acl | *See page 30 for T&Cs | —,79.0,True,low_name_confidence_strict,https://caau.syd1.cdn.digitaloceanspaces.com/wp-content/uploads/catalogue/coles/coles-catalogue-december-3-9-2025-vic-metro/2.jpg,https://www.catalogueau.com/coles/#catalogue=coles/coles-catalogue-december-3-9-2025-vic-metro/,save_was_arithmetic,displayed_price;save_was_arithmetic,2,review
Coles,VIC METRO,"Coles Catalogue December 3 - 9, 2025 VIC METRO",2025-12-03,2025-12-10,2,Lilydale Free Range Hot Roast Sage & Onion Chicken,12.0,13.5,1.5,11.11,save_amount,,$12.00 per each,SAVES1.50 | Lilydale Free Range Hot Roast Sage | & Onion Chicken $12.00 per each. | Selected stores only*,96.36,False,,https://caau.syd1.cdn.digitaloceanspaces.com/wp-content/uploads/catalogue/coles/coles-catalogue-december-3-9-2025-vic-metro/2.jpg,https://www.catalogueau.com/coles/#catalogue=coles/coles-catalogue-december-3-9-2025-vic-metro/,displayed_price,displayed_price;unit_price,2,verified
Coles,VIC METRO,"Coles Catalogue December 3 - 9, 2025 VIC METRO",2025-12-03,2025-12-10,2,Ferrero Collection 24 Pack 269g or Rocher Gift Box 30 Pack 375g,16.0,,,,special,24 Pack; 269g; 30 Pack; 375g,,Ferrero Collection 24 Pack | 269g or Rocher Gift Box | 30 Pack 375g,96.51,True,offer_labels_missing;save_amount_missing;regular_price_missing;inferred_price_requires_review,https://caau.syd1.cdn.digitaloceanspaces.com/wp-content/uploads/catalogue/coles/coles-catalogue-december-3-9-2025-vic-metro/2.jpg,https://www.catalogueau.com/coles/#catalogue=coles/coles-catalogue-december-3-9-2025-vic-metro/,displayed_price,displayed_price;grid_inference,1,review
Coles,VIC METRO,"Coles Catalogue December 3 - 9, 2025 VIC METRO",2025-12-03,2025-12-10,2,Coca-Cola Soft Drink 30x375mL,28.0,,,,special,30x375mL,$2.49 per litre,Coca-Cola Soft Drink 30x375mL | $2.49 per litre,94.56,True,offer_labels_missing;save_amount_missing;regular_price_missing;inferred_price_requires_review,https://caau.syd1.cdn.digitaloceanspaces.com/wp-content/uploads/catalogue/coles/coles-catalogue-december-3-9-2025-vic-metro/2.jpg,https://www.catalogueau.com/coles/#catalogue=coles/coles-catalogue-december-3-9-2025-vic-metro/,displayed_price,displayed_price;grid_inference,1,review
Coles,VIC METRO,"Coles Catalogue December 3 - 9, 2025 VIC METRO",2025-12-03,2025-12-10,2,Kettle Potato Chips 165g,3.0,,,,special,165g,$1.82 per 100g,Kettle Potato Chips 165g | $1.82 per 100g. | *See page 30 for T&Cs | — | =,96.12,False,,https://caau.syd1.cdn.digitaloceanspaces.com/wp-content/uploads/catalogue/coles/coles-catalogue-december-3-9-2025-vic-metro/2.jpg,https://www.catalogueau.com/coles/#catalogue=coles/coles-catalogue-december-3-9-2025-vic-metro/,displayed_price,displayed_price;unit_price,2,verified
Coles,VIC METRO,"Coles Catalogue December 3 - 9, 2025 VIC METRO",2025-12-03,2025-12-10,2,Nescafé Coffee Sachets 8 Pack-10 Pack,4.0,,,,special,8 Pack; 10 Pack,,Nescafé Coffee Sachets | 8 Pack-10 Pack | *See page 30 for T&Cs | ae,94.13,True,offer_labels_missing;save_amount_missing;regular_price_missing;single_price_evidence,https://caau.syd1.cdn.digitaloceanspaces.com/wp-content/uploads/catalogue/coles/coles-catalogue-december-3-9-2025-vic-metro/2.jpg,https://www.catalogueau.com/coles/#catalogue=coles/coles-catalogue-december-3-9-2025-vic-metro/,displayed_price,displayed_price,1,review
Coles,VIC METRO,"Coles Catalogue December 3 - 9, 2025 VIC METRO",2025-12-03,2025-12-10,2,Cadbury Favourites 680g-700g,15.0,,,,special,680g; 700g,,Cadbury Favourites | 680g-700g | 4),90.75,True,offer_labels_missing;save_amount_missing;regular_price_missing;single_price_evidence,https://caau.syd1.cdn.digitaloceanspaces.com/wp-content/uploads/catalogue/coles/coles-catalogue-december-3-9-2025-vic-metro/2.jpg,https://www.catalogueau.com/coles/#catalogue=coles/coles-catalogue-december-3-9-2025-vic-metro/,displayed_price,displayed_price,1,review
Coles,VIC METRO,"Coles Catalogue December 3 - 9, 2025 VIC METRO",2025-12-03,2025-12-10,2,SAVE510 Cobram Estate Extra Virgin,40.0,,,,special,,,*15. | SAVE510 | Cobram Estate Extra Virgin,79.0,True,offer_labels_missing;save_amount_missing;regular_price_missing;low_name_confidence_strict;single_price_evidence,https://caau.syd1.cdn.digitaloceanspaces.com/wp-content/uploads/catalogue/coles/coles-catalogue-december-3-9-2025-vic-metro/2.jpg,https://www.catalogueau.com/coles/#catalogue=coles/coles-catalogue-december-3-9-2025-vic-metro/,displayed_price,displayed_price,1,review
Coles,VIC METRO,"Coles Catalogue December 3 - 9, 2025 VIC METRO",2025-12-03,2025-12-10,3,Cadbury Chocolate Coated Fruit or Nut Jar 270g-340g,6.5,13.0,6.5,50.0,half_price,270g; 340g,,SAVES6.50 | Cadbury Chocolate Coated | Fruit or Nut Jar 270g-340g,94.75,True,single_price_evidence,https://caau.syd1.cdn.digitaloceanspaces.com/wp-content/uploads/catalogue/coles/coles-catalogue-december-3-9-2025-vic-metro/3.jpg,https://www.catalogueau.com/coles/#catalogue=coles/coles-catalogue-december-3-9-2025-vic-metro/,displayed_price,displayed_price,1,review
Coles,VIC METRO,"Coles Catalogue December 3 - 9, 2025 VIC METRO",2025-12-03,2025-12-10,3,Cadbury Favourites 264g-265g 2nd week,7.0,14.0,7.0,50.0,half_price,264g; 265g,,SAVES7 | WASS14 | Cadbury Favourites | 264g-265g 2nd week on sale | Nee,93.64,False,,https://caau.syd1.cdn.digitaloceanspaces.com/wp-content/uploads/catalogue/coles/coles-catalogue-december-3-9-2025-vic-metro/3.jpg,https://www.catalogueau.com/coles/#catalogue=coles/coles-catalogue-december-3-9-2025-vic-metro/,save_was_arithmetic,displayed_price;save_was_arithmetic,2,verified
Coles,VIC METRO,"Coles Catalogue December 3 - 9, 2025 VIC METRO",2025-12-03,2025-12-10,3,Maltesers Gift Box 400g,7.75,15.5,7.75,50.0,half_price,400g,$1.94 per 100g,SAVES7.75 | Maltesers Gift Box 400g | $1.94 per 100g,95.0,False,,https://caau.syd1.cdn.digitaloceanspaces.com/wp-content/uploads/catalogue/coles/coles-catalogue-december-3-9-2025-vic-metro/3.jpg,https://www.catalogueau.com/coles/#catalogue=coles/coles-catalogue-december-3-9-2025-vic-metro/,displayed_price,displayed_price;unit_price,2,verified
Coles,VIC METRO,"Coles Catalogue December 3 - 9, 2025 VIC METRO",2025-12-03,2025-12-10,3,Cadbury Roses 380g,10.0,20.0,10.0,50.0,half_price,380g,$2.63 per 100g,SAVES10 | WAS$20 | Cadbury Roses 380g | $2.63 per 100g | % | i BSP,96.11,False,,https://caau.syd1.cdn.digitaloceanspaces.com/wp-content/uploads/catalogue/coles/coles-catalogue-december-3-9-2025-vic-metro/3.jpg,https://www.catalogueau.com/coles/#catalogue=coles/coles-catalogue-december-3-9-2025-vic-metro/,save_was_arithmetic,displayed_price;save_was_arithmetic;unit_price,3,verified
Coles,VIC METRO,"Coles Catalogue December 3 - 9, 2025 VIC METRO",2025-12-03,2025-12-10,3,Darrell Lea Rocklea Road 290g,9.0,,,,special,290g,$3.10 per 100g,Wass | Wass | Darrell Lea Rocklea Road | 290g $3.10 per 100g | Hit 2 | PLN,95.32,True,save_amount_missing;regular_price_missing;single_price_evidence,https://caau.syd1.cdn.digitaloceanspaces.com/wp-content/uploads/catalogue/coles/coles-catalogue-december-3-9-2025-vic-metro/3.jpg,https://www.catalogueau.com/coles/#catalogue=coles/coles-catalogue-december-3-9-2025-vic-metro/,unit_price,unit_price,1,review
Coles,VIC METRO,"Coles Catalogue December 3 - 9, 2025 VIC METRO",2025-12-03,2025-12-10,3,Lindt Christmas Medley Bag 288g or Lindor Limited Edition Pouch 309g While stocks last,4.0,,,,special,288g; 309g,,Lindt Christmas Medley Bag | 288g or Lindor Limited Edition | Pouch 309g While stocks last. | No rainchecks,95.91,True,offer_labels_missing;save_amount_missing;regular_price_missing;single_price_evidence,https://caau.syd1.cdn.digitaloceanspaces.com/wp-content/uploads/catalogue/coles/coles-catalogue-december-3-9-2025-vic-metro/3.jpg,https://www.catalogueau.com/coles/#catalogue=coles/coles-catalogue-december-3-9-2025-vic-metro/,displayed_price,displayed_price,1,review
Coles,VIC METRO,"Coles Catalogue December 3 - 9, 2025 VIC METRO",2025-12-03,2025-12-10,3,Lindt Cornet 327g-333g,17.0,,,,special,327g; 333g,,Lindt Cornet 327g-333g,79.0,True,offer_labels_missing;save_amount_missing;regular_price_missing;low_name_confidence_strict;single_price_evidence,https://caau.syd1.cdn.digitaloceanspaces.com/wp-content/uploads/catalogue/coles/coles-catalogue-december-3-9-2025-vic-metro/3.jpg,https://www.catalogueau.com/coles/#catalogue=coles/coles-catalogue-december-3-9-2025-vic-metro/,displayed_price,displayed_price,1,review
Coles,VIC METRO,"Coles Catalogue December 3 - 9, 2025 VIC METRO",2025-12-03,2025-12-10,3,Toblerone Assorted Tinies 576g,15.0,,,,special,576g,$2.60 per 100g,Toblerone Assorted Tinies | 576g $2.60 per 100g. | While stocks last. No rainchecks | VIC-METRO-031 2-25-547900,79.0,True,low_name_confidence_strict,https://caau.syd1.cdn.digitaloceanspaces.com/wp-content/uploads/catalogue/coles/coles-catalogue-december-3-9-2025-vic-metro/3.jpg,https://www.catalogueau.com/coles/#catalogue=coles/coles-catalogue-december-3-9-2025-vic-metro/,displayed_price,displayed_price;unit_price,2,review
Coles,VIC METRO,"Coles Catalogue December 3 - 9, 2025 VIC METRO",2025-12-03,2025-12-10,4,Tibaldi Ham Off the Bone 120g,4.5,5.5,1.0,18.18,save_amount,120g,$37.50 per kg,WAS$5.50 | WAS$5.50 | NOV 2025 | Tibaldi Ham Off the Bone 120g | $37.50 per kg | ee Jip \s,95.37,True,single_price_evidence,https://caau.syd1.cdn.digitaloceanspaces.com/wp-content/uploads/catalogue/coles/coles-catalogue-december-3-9-2025-vic-metro/4.jpg,https://www.catalogueau.com/coles/#catalogue=coles/coles-catalogue-december-3-9-2025-vic-metro/,unit_price,unit_price,1,review
Coles,VIC METRO,"Coles Catalogue December 3 - 9, 2025 VIC METRO",2025-12-03,2025-12-10,4,Mersey Valley Cheese 235g,6.9,9.0,2.1,23.33,save_amount,235g,$29.36 per kg,"SAVES3 | WAS$9:90, | Mersey Valley Cheese 235g | $29.36 per kg | $220 | $340 | P-",94.96,True,single_price_evidence,https://caau.syd1.cdn.digitaloceanspaces.com/wp-content/uploads/catalogue/coles/coles-catalogue-december-3-9-2025-vic-metro/4.jpg,https://www.catalogueau.com/coles/#catalogue=coles/coles-catalogue-december-3-9-2025-vic-metro/,unit_price,unit_price,1,review
Coles,VIC METRO,"Coles Catalogue December 3 - 9, 2025 VIC METRO",2025-12-03,2025-12-10,4,Coles Pre-Packed Antipasto 110g-135g Selected stores only*,6.0,7.0,1.0,14.29,save_amount,110g; 135g,,SAVE $1 | Coles Pre-Packed Antipasto | 110g-135g Selected stores only* | a | $340 | od,93.61,True,single_price_evidence,https://caau.syd1.cdn.digitaloceanspaces.com/wp-content/uploads/catalogue/coles/coles-catalogue-december-3-9-2025-vic-metro/4.jpg,https://www.catalogueau.com/coles/#catalogue=coles/coles-catalogue-december-3-9-2025-vic-metro/,displayed_price,displayed_price,1,review
Coles,VIC METRO,"Coles Catalogue December 3 - 9, 2025 VIC METRO",2025-12-03,2025-12-10,4,Hans Twiggy Sticks,22.0,,,,special,,$22.00 per kg,SAVE Mi | Hans Twiggy Sticks | $22.00 per kg. | Selected stores only” | VIC-METRO-031 2-25-547900,96.05,True,save_amount_missing;regular_price_missing;single_price_evidence,https://caau.syd1.cdn.digitaloceanspaces.com/wp-content/uploads/catalogue/coles/coles-catalogue-december-3-9-2025-vic-metro/4.jpg,https://www.catalogueau.com/coles/#catalogue=coles/coles-catalogue-december-3-9-2025-vic-metro/,displayed_price,displayed_price,1,review
Coles,VIC METRO,"Coles Catalogue December 3 - 9, 2025 VIC METRO",2025-12-03,2025-12-10,4,Little Entertainers Cheese 80g,12.0,14.4,2.4,16.67,save_amount,80g,$50.00 per kg,SAVE *2.40 | Little Entertainers Cheese 80g | $50.00 per kg,96.53,True,unit_price_conflict;single_price_evidence,https://caau.syd1.cdn.digitaloceanspaces.com/wp-content/uploads/catalogue/coles/coles-catalogue-december-3-9-2025-vic-metro/4.jpg,https://www.catalogueau.com/coles/#catalogue=coles/coles-catalogue-december-3-9-2025-vic-metro/,displayed_price,displayed_price,1,review
Coles,VIC METRO,"Coles Catalogue December 3 - 9, 2025 VIC METRO",2025-12-03,2025-12-10,4,Bertocchi Soppressa,34.0,,,,special,,$34.00 per kg,Bertocchi Soppressa | $34.00 per kg. Selected stores | only*. On sale for 2 weeks | *For locations of Deli counter stores visit coles.com.au/range-availability | 4,91.9,True,offer_labels_missing;save_amount_missing;regular_price_missing;inferred_price_requires_review,https://caau.syd1.cdn.digitaloceanspaces.com/wp-content/uploads/catalogue/coles/coles-catalogue-december-3-9-2025-vic-metro/4.jpg,https://www.catalogueau.com/coles/#catalogue=coles/coles-catalogue-december-3-9-2025-vic-metro/,displayed_price,displayed_price;grid_inference,1,review
Coles,VIC METRO,"Coles Catalogue December 3 - 9, 2025 VIC METRO",2025-12-03,2025-12-10,5,Riverina Haloumi 180g,5.8,6.6,0.8,12.12,save_amount,180g,$32.22 per kg,WAS $6.60 | WAS $6.60 | NOV 2025 | Riverina Haloumi 180g | $32.22 per kg | 5,93.19,False,,https://caau.syd1.cdn.digitaloceanspaces.com/wp-content/uploads/catalogue/coles/coles-catalogue-december-3-9-2025-vic-metro/5.jpg,https://www.catalogueau.com/coles/#catalogue=coles/coles-catalogue-december-3-9-2025-vic-metro/,displayed_price,displayed_price;unit_price,2,verified
Coles,VIC METRO,"Coles Catalogue December 3 - 9, 2025 VIC METRO",2025-12-03,2025-12-10,5,Black Swan Crafted Dip 150g-170g,8.0,10.0,2.0,20.0,save_amount,150g; 170g,,SAVE 52 | | Black Swan Crafted Dip | 150g-170g | te | ©,93.74,True,single_price_evidence,https://caau.syd1.cdn.digitaloceanspaces.com/wp-content/uploads/catalogue/coles/coles-catalogue-december-3-9-2025-vic-metro/5.jpg,https://www.catalogueau.com/coles/#catalogue=coles/coles-catalogue-december-3-9-2025-vic-metro/,displayed_price,displayed_price,1,review
Coles,VIC METRO,"Coles Catalogue December 3 - 9, 2025 VIC METRO",2025-12-03,2025-12-10,5,Yumi's Dip 200g,7.0,9.0,2.0,22.22,save_amount,200g,$1.75 per 100g,SAVE *2 | Yumi's Dip 200g | $1.75 per 100g | tassal,93.46,True,unit_price_conflict;single_price_evidence,https://caau.syd1.cdn.digitaloceanspaces.com/wp-content/uploads/catalogue/coles/coles-catalogue-december-3-9-2025-vic-metro/5.jpg,https://www.catalogueau.com/coles/#catalogue=coles/coles-catalogue-december-3-9-2025-vic-metro/,displayed_price,displayed_price,1,review
Coles,VIC METRO,"Coles Catalogue December 3 - 9, 2025 VIC METRO",2025-12-03,2025-12-10,5,Tassal Smoked Salmon 250g,15.0,21.0,6.0,28.57,save_amount,250g,$60.00 per kg,SAVE*6 | ‘WASS21 | Tassal Smoked Salmon 250g | $60.00 per kg | *For locations of Deli counter stores visit coles.com.au/range-availability | 5,95.05,False,,https://caau.syd1.cdn.digitaloceanspaces.com/wp-content/uploads/catalogue/coles/coles-catalogue-december-3-9-2025-vic-metro/5.jpg,https://www.catalogueau.com/coles/#catalogue=coles/coles-catalogue-december-3-9-2025-vic-metro/,save_was_arithmetic,displayed_price;save_was_arithmetic;unit_price,3,verified
Coles,VIC METRO,"Coles Catalogue December 3 - 9, 2025 VIC METRO",2025-12-03,2025-12-10,5,OB Finest Crackers 130g-150g,10.0,13.0,3.0,23.08,save_amount,130g; 150g,,SAVE‘3 | OB Finest Crackers 130g-150g | On sale for 2 weeks. | Selected stores only* | VIC-METRO-031 2-25-547900,93.96,True,single_price_evidence,https://caau.syd1.cdn.digitaloceanspaces.com/wp-content/uploads/catalogue/coles/coles-catalogue-december-3-9-2025-vic-metro/5.jpg,https://www.catalogueau.com/coles/#catalogue=coles/coles-catalogue-december-3-9-2025-vic-metro/,displayed_price,displayed_price,1,review
Coles,VIC METRO,"Coles Catalogue December 3 - 9, 2025 VIC METRO",2025-12-03,2025-12-10,5,Coles Cooked Peeled Prawns Tail On or Tail Off 350g,13.0,,,,special,350g,$37.14 per kg,Coles Cooked Peeled Prawns | Tail On or Tail Off 350g | $37.14 per kg,94.88,False,,https://caau.syd1.cdn.digitaloceanspaces.com/wp-content/uploads/catalogue/coles/coles-catalogue-december-3-9-2025-vic-metro/5.jpg,https://www.catalogueau.com/coles/#catalogue=coles/coles-catalogue-december-3-9-2025-vic-metro/,displayed_price,displayed_price;unit_price,2,verified
Coles,VIC METRO,"Coles Catalogue December 3 - 9, 2025 VIC METRO",2025-12-03,2025-12-10,6,Beef Sliders 500g or Pork Kransky Bites 400g secivniae it,15.0,,,,special,500g; 400g,,_SAVE2 | | Beef Sliders 500g or Pork Kransky Bites 400g | secivniae it | 20) == fi,49.29,True,save_amount_missing;regular_price_missing;low_ocr_confidence;low_name_confidence_strict;single_price_evidence,https://caau.syd1.cdn.digitaloceanspaces.com/wp-content/uploads/catalogue/coles/coles-catalogue-december-3-9-2025-vic-metro/6.jpg,https://www.catalogueau.com/coles/#catalogue=coles/coles-catalogue-december-3-9-2025-vic-metro/,displayed_price,displayed_price,1,review
Coles,VIC METRO,"Coles Catalogue December 3 - 9, 2025 VIC METRO",2025-12-03,2025-12-10,6,"Coles Entertaining Chicken Tenderloin Skewers 300g, Beef Sliders 500g or Pork Kransky Bites 400g",15.0,,,,special,300g; 500g; 400g,,"Coles Entertaining Chicken Tenderloin Skewers 300g, | Beef Sliders 500g or Pork Kransky Bites 400g",95.94,True,offer_labels_missing;save_amount_missing;regular_price_missing;single_price_evidence,https://caau.syd1.cdn.digitaloceanspaces.com/wp-content/uploads/catalogue/coles/coles-catalogue-december-3-9-2025-vic-metro/6.jpg,https://www.catalogueau.com/coles/#catalogue=coles/coles-catalogue-december-3-9-2025-vic-metro/,displayed_price,displayed_price,1,review
Coles,VIC METRO,"Coles Catalogue December 3 - 9, 2025 VIC METRO",2025-12-03,2025-12-10,6,Ses Coles RSPCA Approved Chicken Boneless Herb & Garlic 1kg,11.0,,,,special,1kg,$11.00 per kg,Ses | Coles RSPCA Approved Chicken | Boneless Herb & Garlic 1kg | $11.00 per kg,78.55,True,low_name_confidence_strict,https://caau.syd1.cdn.digitaloceanspaces.com/wp-content/uploads/catalogue/coles/coles-catalogue-december-3-9-2025-vic-metro/6.jpg,https://www.catalogueau.com/coles/#catalogue=coles/coles-catalogue-december-3-9-2025-vic-metro/,displayed_price,displayed_price;unit_price,2,review
Coles,VIC METRO,"Coles Catalogue December 3 - 9, 2025 VIC METRO",2025-12-03,2025-12-10,7,Coles Australian Pork Ham Off The Bone Sliced 500g,11.0,12.5,1.5,12.0,save_amount,500g,$22.00 per kg,WASS12.50 | WASS12.50 | Coles Australian Pork Ham Off The | Bone Sliced 500g $22.00 per kg | =>,96.32,False,,https://caau.syd1.cdn.digitaloceanspaces.com/wp-content/uploads/catalogue/coles/coles-catalogue-december-3-9-2025-vic-metro/7.jpg,https://www.catalogueau.com/coles/#catalogue=coles/coles-catalogue-december-3-9-2025-vic-metro/,displayed_price,displayed_price;unit_price,2,verified
Coles,VIC METRO,"Coles Catalogue December 3 - 9, 2025 VIC METRO",2025-12-03,2025-12-10,7,Coles Australian Pork Belly Roast Boneless,16.0,18.0,2.0,11.11,save_amount,,$16.00 per kg,WASS18kg | WASS18kg | Coles Australian Pork Belly Roast | Boneless $16.00 per kg. | 2nd week on sale | VIC-METRO-031 2-25-547900,96.48,True,single_price_evidence,https://caau.syd1.cdn.digitaloceanspaces.com/wp-content/uploads/catalogue/coles/coles-catalogue-december-3-9-2025-vic-metro/7.jpg,https://www.catalogueau.com/coles/#catalogue=coles/coles-catalogue-december-3-9-2025-vic-metro/,displayed_price,displayed_price,1,review
Coles,VIC METRO,"Coles Catalogue December 3 - 9, 2025 VIC METRO",2025-12-03,2025-12-10,7,Coles Finest Slow Cooked Chicken Crown with Leek & Bacon 1.5kg,40.0,,,,special,1.5kg,$26.67 per kg,Coles Finest Slow Cooked Chicken | Crown with Leek & Bacon 1.5kg | $26.67 per kg. While stocks last. | No rainchecks. | *See page 30 for T&Cs,94.48,False,,https://caau.syd1.cdn.digitaloceanspaces.com/wp-content/uploads/catalogue/coles/coles-catalogue-december-3-9-2025-vic-metro/7.jpg,https://www.catalogueau.com/coles/#catalogue=coles/coles-catalogue-december-3-9-2025-vic-metro/,displayed_price,displayed_price;unit_price,2,verified
Coles,VIC METRO,"Coles Catalogue December 3 - 9, 2025 VIC METRO",2025-12-03,2025-12-10,7,Coles Pull Apart Ham with Smokey Maple Glaze,25.25,,,,special,,$25.00 per kg,Coles Pull Apart Ham with | Smokey Maple Glaze | $25.00 per kg. While stocks last | No rainchecks | = | Fr,96.53,True,offer_labels_missing;save_amount_missing;regular_price_missing;single_price_evidence,https://caau.syd1.cdn.digitaloceanspaces.com/wp-content/uploads/catalogue/coles/coles-catalogue-december-3-9-2025-vic-metro/7.jpg,https://www.catalogueau.com/coles/#catalogue=coles/coles-catalogue-december-3-9-2025-vic-metro/,unknown,,0,review
Coles,VIC METRO,"Coles Catalogue December 3 - 9, 2025 VIC METRO",2025-12-03,2025-12-10,7,Gravox Liquid Gravy or Finishing Sauce 165g,5.0,,,,special,165g,$1.52 per 100g,Gravox Liquid Gravy or Finishing | Sauce 165g $1.52 per 100g,96.09,True,offer_labels_missing;save_amount_missing;regular_price_missing;unit_price_conflict;single_price_evidence,https://caau.syd1.cdn.digitaloceanspaces.com/wp-content/uploads/catalogue/coles/coles-catalogue-december-3-9-2025-vic-metro/7.jpg,https://www.catalogueau.com/coles/#catalogue=coles/coles-catalogue-december-3-9-2025-vic-metro/,displayed_price,displayed_price,1,review
Coles,VIC METRO,"Coles Catalogue December 3 - 9, 2025 VIC METRO",2025-12-03,2025-12-10,8,b. Coles Made Easy Slow Cooked Lamb Shoulder Meal Kit 725g,13.5,16.0,2.5,15.62,save_amount,725g,$18.62 per kg,WASSi6 | WASSi6 | b. Coles Made Easy Slow Cooked Lamb | Shoulder Meal Kit 725g $18.62 per kg | nadeeasy” | asy | SLOW COOKED,96.34,True,single_price_evidence,https://caau.syd1.cdn.digitaloceanspaces.com/wp-content/uploads/catalogue/coles/coles-catalogue-december-3-9-2025-vic-metro/8.jpg,https://www.catalogueau.com/coles/#catalogue=coles/coles-catalogue-december-3-9-2025-vic-metro/,unit_price,unit_price,1,review
Coles,VIC METRO,"Coles Catalogue December 3 - 9, 2025 VIC METRO",2025-12-03,2025-12-10,8,a. Coles Made Easy Slow Cooked Honey Soy Wing Nibbles 700g,10.0,12.0,2.0,16.67,save_amount,700g,$14.29 per kg,WASS12. | WASS12. | a. Coles Made Easy Slow Cooked Honey Soy Wing | Nibbles 700g $14.29 per kg | madeeasy | asy | SLOW COOKED | a,96.16,False,,https://caau.syd1.cdn.digitaloceanspaces.com/wp-content/uploads/catalogue/coles/coles-catalogue-december-3-9-2025-vic-metro/8.jpg,https://www.catalogueau.com/coles/#catalogue=coles/coles-catalogue-december-3-9-2025-vic-metro/,displayed_price,displayed_price;unit_price,2,verified
Coles,VIC METRO,"Coles Catalogue December 3 - 9, 2025 VIC METRO",2025-12-03,2025-12-10,8,c. Coles Made Easy Slow Cooked Roast Beef in Crusted Garlic 700g,14.0,16.0,2.0,12.5,save_amount,700g,$20.00 per kg,WASSI6 | WASSI6 | c. Coles Made Easy Slow Cooked | Roast Beef in Crusted Garlic 700g | $20.00 per kg | VIC-METRO-031 2-25-547900,96.16,False,,https://caau.syd1.cdn.digitaloceanspaces.com/wp-content/uploads/catalogue/coles/coles-catalogue-december-3-9-2025-vic-metro/8.jpg,https://www.catalogueau.com/coles/#catalogue=coles/coles-catalogue-december-3-9-2025-vic-metro/,displayed_price,displayed_price;unit_price,2,verified
Coles,VIC METRO,"Coles Catalogue December 3 - 9, 2025 VIC METRO",2025-12-03,2025-12-10,8,e. Coles Made Easy Slow Cooked Pork Shoulder 480g,12.5,,,,special,480g,$26.04 per kg,e. Coles Made Easy Slow Cooked | Pork Shoulder 480g $26.04 per kg,95.89,False,,https://caau.syd1.cdn.digitaloceanspaces.com/wp-content/uploads/catalogue/coles/coles-catalogue-december-3-9-2025-vic-metro/8.jpg,https://www.catalogueau.com/coles/#catalogue=coles/coles-catalogue-december-3-9-2025-vic-metro/,displayed_price,displayed_price;unit_price,2,verified
Coles,VIC METRO,"Coles Catalogue December 3 - 9, 2025 VIC METRO",2025-12-03,2025-12-10,9,Coles Tasmanian Fresh Salmon Portions Skin On,34.0,38.0,4.0,10.53,save_amount,,$34.00 per kg,"WAS $38kg | WAS $38kg | Coles Tasmanian Fresh Salmon | Portions Skin On $34.00 per kg | 2nd week on sale. | Selected stores only* | eS""",96.37,True,single_price_evidence,https://caau.syd1.cdn.digitaloceanspaces.com/wp-content/uploads/catalogue/coles/coles-catalogue-december-3-9-2025-vic-metro/9.jpg,https://www.catalogueau.com/coles/#catalogue=coles/coles-catalogue-december-3-9-2025-vic-metro/,displayed_price,displayed_price,1,review
Coles,VIC METRO,"Coles Catalogue December 3 - 9, 2025 VIC METRO",2025-12-03,2025-12-10,9,Coles Australian MSC Certified Thawed Raw King Prawns,21.0,,,,special,,$21.00 per kg,‘WAS $d | ‘WAS $d | Coles Australian MSC Certified | Thawed Raw King Prawns | $21.00 per kg. 2nd week on sale. | Selected stores only* | $ | $ HOT SMOKED | A,96.14,True,save_amount_missing;regular_price_missing;single_price_evidence,https://caau.syd1.cdn.digitaloceanspaces.com/wp-content/uploads/catalogue/coles/coles-catalogue-december-3-9-2025-vic-metro/9.jpg,https://www.catalogueau.com/coles/#catalogue=coles/coles-catalogue-december-3-9-2025-vic-metro/,displayed_price,displayed_price,1,review
Coles,VIC METRO,"Coles Catalogue December 3 - 9, 2025 VIC METRO",2025-12-03,2025-12-10,9,KB's Deli Marinara Mix,16.7,201.0,184.3,91.69,save_amount,,$16.00 per kg,WASS201g | WASS201g | KB's Deli Marinara Mix | $16.00 per kg. On sale for 2 weeks. | Selected stores only*,96.59,True,single_price_evidence,https://caau.syd1.cdn.digitaloceanspaces.com/wp-content/uploads/catalogue/coles/coles-catalogue-december-3-9-2025-vic-metro/9.jpg,https://www.catalogueau.com/coles/#catalogue=coles/coles-catalogue-december-3-9-2025-vic-metro/,displayed_price,displayed_price,1,review
Coles,VIC METRO,"Coles Catalogue December 3 - 9, 2025 VIC METRO",2025-12-03,2025-12-10,9,Seabounty Fresh Blue Mussels 1kg,8.0,,,,special,1kg,$8.00 per kg,Seabounty Fresh Blue Mussels 1kg | $8.00 per kg. Selected stores only* | VIC-METRO-031 2-25-547900,91.76,False,,https://caau.syd1.cdn.digitaloceanspaces.com/wp-content/uploads/catalogue/coles/coles-catalogue-december-3-9-2025-vic-metro/9.jpg,https://www.catalogueau.com/coles/#catalogue=coles/coles-catalogue-december-3-9-2025-vic-metro/,displayed_price,displayed_price;unit_price,2,verified
Coles,VIC METRO,"Coles Catalogue December 3 - 9, 2025 VIC METRO",2025-12-03,2025-12-10,9,KB's Super Tender Squid Tubes,17.0,19.0,2.0,10.53,save_amount,,$17.00 per kg,WASS19tg | WASS19tg | KB's Super Tender Squid Tubes | $17.00 per kg. On sale for 2 weeks | Selected stores only*,96.16,True,single_price_evidence,https://caau.syd1.cdn.digitaloceanspaces.com/wp-content/uploads/catalogue/coles/coles-catalogue-december-3-9-2025-vic-metro/9.jpg,https://www.catalogueau.com/coles/#catalogue=coles/coles-catalogue-december-3-9-2025-vic-metro/,displayed_price,displayed_price,1,review
Coles,VIC METRO,"Coles Catalogue December 3 - 9, 2025 VIC METRO",2025-12-03,2025-12-10,9,Coles Hot Smoked Salmon Natural or Peppercorn 150g,7.5,8.5,1.0,11.76,save_amount,150g,$50.00 per kg,WASS$8.50 | WASS$8.50 | Coles Hot Smoked Salmon | Natural or Peppercorn 150g | $50.00 per kg | *For locations of Deli counter stores visit coles.com.au/range-availability,95.91,True,single_price_evidence,https://caau.syd1.cdn.digitaloceanspaces.com/wp-content/uploads/catalogue/coles/coles-catalogue-december-3-9-2025-vic-metro/9.jpg,https://www.catalogueau.com/coles/#catalogue=coles/coles-catalogue-december-3-9-2025-vic-metro/,unit_price,unit_price,1,review
Coles,VIC METRO,"Coles Catalogue December 3 - 9, 2025 VIC METRO",2025-12-03,2025-12-10,9,Selected stores only*,17.0,19.0,2.0,10.53,save_amount,,$17.00 per kg,$17.00 per kg. On sale for 2 weeks | Selected stores only*,93.92,True,offer_labels_missing;single_price_evidence,https://caau.syd1.cdn.digitaloceanspaces.com/wp-content/uploads/catalogue/coles/coles-catalogue-december-3-9-2025-vic-metro/9.jpg,https://www.catalogueau.com/coles/#catalogue=coles/coles-catalogue-december-3-9-2025-vic-metro/,displayed_price,displayed_price,1,review
Coles,VIC METRO,"Coles Catalogue December 3 - 9, 2025 VIC METRO",2025-12-03,2025-12-10,10,Coles Finest Cacio e Pepe Arancini 200g,12.0,,,,special,200g,$3.00 per 100g,Coles Finest Cacio e Pepe Arancini | 200g $3.00 per 100g,94.18,True,offer_labels_missing;save_amount_missing;regular_price_missing;unit_price_conflict;single_price_evidence,https://caau.syd1.cdn.digitaloceanspaces.com/wp-content/uploads/catalogue/coles/coles-catalogue-december-3-9-2025-vic-metro/10.jpg,https://www.catalogueau.com/coles/#catalogue=coles/coles-catalogue-december-3-9-2025-vic-metro/,displayed_price,displayed_price,1,review
Coles,VIC METRO,"Coles Catalogue December 3 - 9, 2025 VIC METRO",2025-12-03,2025-12-10,10,Coles Finest Fondue Bites 200g,12.0,,,,special,200g,$3.00 per 100g,Coles Finest Fondue Bites 200g | $3.00 per 100g | “See page 30 forT&Cs,96.28,True,offer_labels_missing;save_amount_missing;regular_price_missing;unit_price_conflict;single_price_evidence,https://caau.syd1.cdn.digitaloceanspaces.com/wp-content/uploads/catalogue/coles/coles-catalogue-december-3-9-2025-vic-metro/10.jpg,https://www.catalogueau.com/coles/#catalogue=coles/coles-catalogue-december-3-9-2025-vic-metro/,displayed_price,displayed_price,1,review
Coles,VIC METRO,"Coles Catalogue December 3 - 9, 2025 VIC METRO",2025-12-03,2025-12-10,10,Coles Finest Duck Fat Roast Australian Potatoes 600g,5.5,,,,special,600g,$9.17 per kg,Coles Finest Duck Fat Roast | Australian Potatoes 600g | $9.17 per kg,96.45,True,single_price_evidence,https://caau.syd1.cdn.digitaloceanspaces.com/wp-content/uploads/catalogue/coles/coles-catalogue-december-3-9-2025-vic-metro/10.jpg,https://www.catalogueau.com/coles/#catalogue=coles/coles-catalogue-december-3-9-2025-vic-metro/,unit_price,unit_price,1,review
Coles,VIC METRO,"Coles Catalogue December 3 - 9, 2025 VIC METRO",2025-12-03,2025-12-10,10,Coles Christmas Reindeer Bao Buns 6 Pack 240,7.0,,,,special,6 Pack,$2.92 per 100g,Coles Christmas Reindeer Bao | Buns 6 Pack 240 | 'g | $2.92 per 100g | VIC-METRO-031 2-25-547900,79.0,True,offer_labels_missing;save_amount_missing;regular_price_missing;low_name_confidence_strict;single_price_evidence,https://caau.syd1.cdn.digitaloceanspaces.com/wp-content/uploads/catalogue/coles/coles-catalogue-december-3-9-2025-vic-metro/10.jpg,https://www.catalogueau.com/coles/#catalogue=coles/coles-catalogue-december-3-9-2025-vic-metro/,displayed_price,displayed_price,1,review
Coles,VIC METRO,"Coles Catalogue December 3 - 9, 2025 VIC METRO",2025-12-03,2025-12-10,10,Coles Christmas Salted Caramel & Brandy Snap Ice Cream Tub 1 Litre,7.5,,,,special,1 Litre,$0.75 per 100mL,Coles Christmas Salted Caramel | & Brandy Snap Ice Cream Tub | 1 Litre $0.75 per 100mL,95.23,True,single_price_evidence,https://caau.syd1.cdn.digitaloceanspaces.com/wp-content/uploads/catalogue/coles/coles-catalogue-december-3-9-2025-vic-metro/10.jpg,https://www.catalogueau.com/coles/#catalogue=coles/coles-catalogue-december-3-9-2025-vic-metro/,unit_price,unit_price,1,review
Coles,VIC METRO,"Coles Catalogue December 3 - 9, 2025 VIC METRO",2025-12-03,2025-12-10,10,Coles Christmas Macaron Selection 12 Pack 152g,10.0,,,,special,12 Pack; 152g,$6.58 per 100g,Coles Christmas Macaron | Selection 12 Pack 152g | $6.58 per 100g,95.12,False,,https://caau.syd1.cdn.digitaloceanspaces.com/wp-content/uploads/catalogue/coles/coles-catalogue-december-3-9-2025-vic-metro/10.jpg,https://www.catalogueau.com/coles/#catalogue=coles/coles-catalogue-december-3-9-2025-vic-metro/,displayed_price,displayed_price;unit_price,2,verified
Coles,VIC METRO,"Coles Catalogue December 3 - 9, 2025 VIC METRO",2025-12-03,2025-12-10,11,Coles Christmas Traditional Pudding 700g,5.05,,,,special,700g,$0.72 per 100g,Coles Christmas Traditional | Pudding 700g $0.72 per 100g,96.2,True,single_price_evidence,https://caau.syd1.cdn.digitaloceanspaces.com/wp-content/uploads/catalogue/coles/coles-catalogue-december-3-9-2025-vic-metro/11.jpg,https://www.catalogueau.com/coles/#catalogue=coles/coles-catalogue-december-3-9-2025-vic-metro/,unit_price,unit_price,1,review
Coles,VIC METRO,"Coles Catalogue December 3 - 9, 2025 VIC METRO",2025-12-03,2025-12-10,11,Coles Finest Jamaican Rum Brown Butter Fruit Mince Pies 6 Pack 350g,9.0,,,,special,6 Pack; 350g,$2.57 per 100g,Coles Finest Jamaican Rum Brown | Butter Fruit Mince Pies 6 Pack 350g | $2.57 per 100g,96.23,False,,https://caau.syd1.cdn.digitaloceanspaces.com/wp-content/uploads/catalogue/coles/coles-catalogue-december-3-9-2025-vic-metro/11.jpg,https://www.catalogueau.com/coles/#catalogue=coles/coles-catalogue-december-3-9-2025-vic-metro/,displayed_price,displayed_price;unit_price,2,verified
Coles,VIC METRO,"Coles Catalogue December 3 - 9, 2025 VIC METRO",2025-12-03,2025-12-10,11,Coles Finest Luxury Sticky Date & Butterscotch Pudding 550g,16.5,,,,special,550g,$3.00 per 100g,Coles Finest Luxury Sticky Date | & Butterscotch Pudding 550g | $3.00 per 100g,96.47,True,single_price_evidence,https://caau.syd1.cdn.digitaloceanspaces.com/wp-content/uploads/catalogue/coles/coles-catalogue-december-3-9-2025-vic-metro/11.jpg,https://www.catalogueau.com/coles/#catalogue=coles/coles-catalogue-december-3-9-2025-vic-metro/,unit_price,unit_price,1,review
Coles,VIC METRO,"Coles Catalogue December 3 - 9, 2025 VIC METRO",2025-12-03,2025-12-10,11,Coles Christmas Chocolate Rum Balls 8 Pack 160g,5.0,,,,special,8 Pack; 160g,$3.13 per 100g,Coles Christmas Chocolate Rum | Balls 8 Pack 160g $3.13 per 100g | VIC-METRO-031 2-25-547900,96.51,False,,https://caau.syd1.cdn.digitaloceanspaces.com/wp-content/uploads/catalogue/coles/coles-catalogue-december-3-9-2025-vic-metro/11.jpg,https://www.catalogueau.com/coles/#catalogue=coles/coles-catalogue-december-3-9-2025-vic-metro/,displayed_price,displayed_price;unit_price,2,verified
Coles,VIC METRO,"Coles Catalogue December 3 - 9, 2025 VIC METRO",2025-12-03,2025-12-10,11,Baroni Fruit Panettone 900g,14.5,,,,special,900g,$1.61 per 100g,Baroni Fruit Panettone 900g | $1.61 per 100g,94.38,False,,https://caau.syd1.cdn.digitaloceanspaces.com/wp-content/uploads/catalogue/coles/coles-catalogue-december-3-9-2025-vic-metro/11.jpg,https://www.catalogueau.com/coles/#catalogue=coles/coles-catalogue-december-3-9-2025-vic-metro/,displayed_price,displayed_price;unit_price,2,verified
Coles,VIC METRO,"Coles Catalogue December 3 - 9, 2025 VIC METRO",2025-12-03,2025-12-10,12,Sunbeam Australian Pistachios 130g,8.4,12.0,3.6,30.0,save_amount,130g,$64.62 per kg,WASS12 | WASS12 | Sunbeam Australian Pistachios | 130g $64.62 per kg | white | —,96.15,True,single_price_evidence,https://caau.syd1.cdn.digitaloceanspaces.com/wp-content/uploads/catalogue/coles/coles-catalogue-december-3-9-2025-vic-metro/12.jpg,https://www.catalogueau.com/coles/#catalogue=coles/coles-catalogue-december-3-9-2025-vic-metro/,unit_price,unit_price,1,review
Coles,VIC METRO,"Coles Catalogue December 3 - 9, 2025 VIC METRO",2025-12-03,2025-12-10,12,Sunbeam Australian Natural Sultanas 375g,4.4,5.5,1.1,20.0,save_amount,375g,$11.73 per kg,WASS$5.50 | WASS$5.50 | Sunbeam Australian | Natural Sultanas 375g | $11.73 per kg | VIC-METRO-031 2-25-547900,94.6,True,single_price_evidence,https://caau.syd1.cdn.digitaloceanspaces.com/wp-content/uploads/catalogue/coles/coles-catalogue-december-3-9-2025-vic-metro/12.jpg,https://www.catalogueau.com/coles/#catalogue=coles/coles-catalogue-december-3-9-2025-vic-metro/,unit_price,unit_price,1,review
Coles,VIC METRO,"Coles Catalogue December 3 - 9, 2025 VIC METRO",2025-12-03,2025-12-10,12,Coles Thickened Cream 600mL,5.2,,,,everyday,600mL,$0.87 per 100mL,EVERY DAY J | Coles Thickened Cream 600mL | $0.87 per 100mL,90.97,True,single_price_evidence,https://caau.syd1.cdn.digitaloceanspaces.com/wp-content/uploads/catalogue/coles/coles-catalogue-december-3-9-2025-vic-metro/12.jpg,https://www.catalogueau.com/coles/#catalogue=coles/coles-catalogue-december-3-9-2025-vic-metro/,unit_price,unit_price,1,review
Coles,VIC METRO,"Coles Catalogue December 3 - 9, 2025 VIC METRO",2025-12-03,2025-12-10,12,Queen Organic Vanilla Extract 50mL,4.0,,,,everyday,50mL,,EVERY DAY | Queen Organic | Vanilla Extract 50mL | $0.80 per 10mL,95.25,True,single_price_evidence,https://caau.syd1.cdn.digitaloceanspaces.com/wp-content/uploads/catalogue/coles/coles-catalogue-december-3-9-2025-vic-metro/12.jpg,https://www.catalogueau.com/coles/#catalogue=coles/coles-catalogue-december-3-9-2025-vic-metro/,displayed_price,displayed_price,1,review
Coles,VIC METRO,"Coles Catalogue December 3 - 9, 2025 VIC METRO",2025-12-03,2025-12-10,12,Coles Paviova 1 Pack,8.0,,,,everyday,1 Pack,$8.00 per each,Coles Paviova 1 Pack | $8.00 per each,93.42,False,,https://caau.syd1.cdn.digitaloceanspaces.com/wp-content/uploads/catalogue/coles/coles-catalogue-december-3-9-2025-vic-metro/12.jpg,https://www.catalogueau.com/coles/#catalogue=coles/coles-catalogue-december-3-9-2025-vic-metro/,displayed_price,displayed_price;unit_price,2,verified
Coles,VIC METRO,"Coles Catalogue December 3 - 9, 2025 VIC METRO",2025-12-03,2025-12-10,12,Coles White Sugar 1kg,1.8,,,,everyday,1kg,$0.18 per 100g,Coles White Sugar 1kg | $0.18 per 100g,90.59,True,single_price_evidence,https://caau.syd1.cdn.digitaloceanspaces.com/wp-content/uploads/catalogue/coles/coles-catalogue-december-3-9-2025-vic-metro/12.jpg,https://www.catalogueau.com/coles/#catalogue=coles/coles-catalogue-december-3-9-2025-vic-metro/,unit_price,unit_price,1,review
Coles,VIC METRO,"Coles Catalogue December 3 - 9, 2025 VIC METRO",2025-12-03,2025-12-10,12,Queen Pure Canadian Maple Syrup 250mL,9.5,,,,everyday,250mL,$3.80 per 100mL,Queen Pure Canadian | Maple Syrup 250mL | $3.80 per 100mL,94.8,False,,https://caau.syd1.cdn.digitaloceanspaces.com/wp-content/uploads/catalogue/coles/coles-catalogue-december-3-9-2025-vic-metro/12.jpg,https://www.catalogueau.com/coles/#catalogue=coles/coles-catalogue-december-3-9-2025-vic-metro/,displayed_price,displayed_price;unit_price,2,verified
Coles,VIC METRO,"Coles Catalogue December 3 - 9, 2025 VIC METRO",2025-12-03,2025-12-10,15,Bonds Men's Hipster Brief 5 Pack,1.0,2.0,1.0,50.0,half_price,5 Pack,,*WASSa2” | *WASSa2” | Bonds Men's Hipster Brief | 5 Pack | Out®,96.33,True,inferred_price_requires_review,https://caau.syd1.cdn.digitaloceanspaces.com/wp-content/uploads/catalogue/coles/coles-catalogue-december-3-9-2025-vic-metro/15.jpg,https://www.catalogueau.com/coles/#catalogue=coles/coles-catalogue-december-3-9-2025-vic-metro/,page_discount_inference,page_discount,0,review
Coles,VIC METRO,"Coles Catalogue December 3 - 9, 2025 VIC METRO",2025-12-03,2025-12-10,15,Décor Adventurer Stainless Steel Bottle 1.2 Litre,16.75,32.75,16.0,48.85,save_amount,1.2 Litre,$16.75 per each,"SAVE*16, gs | z= | Décor Adventurer Stainless Steel | Bottle 1.2 Litre $16.75 per each. | 2nd week on sale",96.48,True,single_price_evidence,https://caau.syd1.cdn.digitaloceanspaces.com/wp-content/uploads/catalogue/coles/coles-catalogue-december-3-9-2025-vic-metro/15.jpg,https://www.catalogueau.com/coles/#catalogue=coles/coles-catalogue-december-3-9-2025-vic-metro/,unit_price,unit_price,1,review
Coles,VIC METRO,"Coles Catalogue December 3 - 9, 2025 VIC METRO",2025-12-03,2025-12-10,15,Hot Wheels Basic Car 1 Each 2nd week,3.0,,,,special,,,"Wass | | Wass | | Hot Wheels Basic Car 1 Each | 2nd week on sale | + | G,",96.48,True,save_amount_missing;regular_price_missing;single_price_evidence,https://caau.syd1.cdn.digitaloceanspaces.com/wp-content/uploads/catalogue/coles/coles-catalogue-december-3-9-2025-vic-metro/15.jpg,https://www.catalogueau.com/coles/#catalogue=coles/coles-catalogue-december-3-9-2025-vic-metro/,displayed_price,displayed_price,1,review
Coles,VIC METRO,"Coles Catalogue December 3 - 9, 2025 VIC METRO",2025-12-03,2025-12-10,15,Bonds Women's Half Crew Sock 4 Pack,3.0,,,,special,4 Pack,,Bonds Women's Half Crew | Sock 4 Pack | =,96.48,True,offer_labels_missing;save_amount_missing;regular_price_missing;single_price_evidence,https://caau.syd1.cdn.digitaloceanspaces.com/wp-content/uploads/catalogue/coles/coles-catalogue-december-3-9-2025-vic-metro/15.jpg,https://www.catalogueau.com/coles/#catalogue=coles/coles-catalogue-december-3-9-2025-vic-metro/,displayed_price,displayed_price,1,review
Coles,VIC METRO,"Coles Catalogue December 3 - 9, 2025 VIC METRO",2025-12-03,2025-12-10,15,Bonds Women's Hipster Bikini Brief 2 Pack,12.0,,,,special,2 Pack,,Bonds Women's Hipster Bikini | Brief 2 Pack | ‘tExcludes Period and Continence Underwear & clearance items,96.18,True,offer_labels_missing;save_amount_missing;regular_price_missing;single_price_evidence,https://caau.syd1.cdn.digitaloceanspaces.com/wp-content/uploads/catalogue/coles/coles-catalogue-december-3-9-2025-vic-metro/15.jpg,https://www.catalogueau.com/coles/#catalogue=coles/coles-catalogue-december-3-9-2025-vic-metro/,displayed_price,displayed_price,1,review
Coles,VIC METRO,"Coles Catalogue December 3 - 9, 2025 VIC METRO",2025-12-03,2025-12-10,15,Grinch Cubeez Plush 1 Each While stocks last. No rainchecks,6.0,,,,special,,,Grinch Cubeez Plush 1 Each | While stocks last. No rainchecks,94.46,True,offer_labels_missing;save_amount_missing;regular_price_missing;single_price_evidence,https://caau.syd1.cdn.digitaloceanspaces.com/wp-content/uploads/catalogue/coles/coles-catalogue-december-3-9-2025-vic-metro/15.jpg,https://www.catalogueau.com/coles/#catalogue=coles/coles-catalogue-december-3-9-2025-vic-metro/,displayed_price,displayed_price,1,review
Coles,VIC METRO,"Coles Catalogue December 3 - 9, 2025 VIC METRO",2025-12-03,2025-12-10,17,"Coles Dry Roasted, Honey, Natural or Roasted & Salted Cashews 400g Pack",9.0,10.0,1.0,10.0,save_amount,400g,$22.50 per kg,"WASS10 | WASS10 | Coles Dry Roasted, Honey, Natural or Roasted & | Salted Cashews 400g Pack $22.50 per kg",95.99,True,single_price_evidence,https://caau.syd1.cdn.digitaloceanspaces.com/wp-content/uploads/catalogue/coles/coles-catalogue-december-3-9-2025-vic-metro/17.jpg,https://www.catalogueau.com/coles/#catalogue=coles/coles-catalogue-december-3-9-2025-vic-metro/,unit_price,unit_price,1,review
Coles,VIC METRO,"Coles Catalogue December 3 - 9, 2025 VIC METRO",2025-12-03,2025-12-10,17,Coles Kitchen Asian Style Salad Kit 350g or Caesar Salad Kit 290g,9.0,,,,special,350g; 290g,,Coles Kitchen Asian Style Salad Kit 350g | or Caesar Salad Kit 290g,96.2,True,offer_labels_missing;save_amount_missing;regular_price_missing;single_price_evidence,https://caau.syd1.cdn.digitaloceanspaces.com/wp-content/uploads/catalogue/coles/coles-catalogue-december-3-9-2025-vic-metro/17.jpg,https://www.catalogueau.com/coles/#catalogue=coles/coles-catalogue-december-3-9-2025-vic-metro/,displayed_price,displayed_price,1,review
Coles,VIC METRO,"Coles Catalogue December 3 - 9, 2025 VIC METRO",2025-12-03,2025-12-10,17,Australian Lychees 400g Pack,9.9,,,,special,400g,$24.75 per kg,Australian Lychees 400g Pack | $24.75 per kg | ye | ie,94.16,False,,https://caau.syd1.cdn.digitaloceanspaces.com/wp-content/uploads/catalogue/coles/coles-catalogue-december-3-9-2025-vic-metro/17.jpg,https://www.catalogueau.com/coles/#catalogue=coles/coles-catalogue-december-3-9-2025-vic-metro/,displayed_price,displayed_price;unit_price,2,verified
Coles,VIC METRO,"Coles Catalogue December 3 - 9, 2025 VIC METRO",2025-12-03,2025-12-10,17,Australian Loose Cherries,16.9,,,,special,,$16.90 per kg,Australian Loose Cherries | $16.90 per kg | a,96.29,True,offer_labels_missing;save_amount_missing;regular_price_missing;single_price_evidence,https://caau.syd1.cdn.digitaloceanspaces.com/wp-content/uploads/catalogue/coles/coles-catalogue-december-3-9-2025-vic-metro/17.jpg,https://www.catalogueau.com/coles/#catalogue=coles/coles-catalogue-december-3-9-2025-vic-metro/,displayed_price,displayed_price,1,review
Coles,VIC METRO,"Coles Catalogue December 3 - 9, 2025 VIC METRO",2025-12-03,2025-12-10,18,Coles RSPCA Approved Chicken Breast Fillets Large Pack,11.0,,,,everyday,,$11.00 per kg,Coles RSPCA Approved Chicken Breast Fillets | Large Pack $11.00 per kg,96.38,True,single_price_evidence,https://caau.syd1.cdn.digitaloceanspaces.com/wp-content/uploads/catalogue/coles/coles-catalogue-december-3-9-2025-vic-metro/18.jpg,https://www.catalogueau.com/coles/#catalogue=coles/coles-catalogue-december-3-9-2025-vic-metro/,displayed_price,displayed_price,1,review
Coles,VIC METRO,"Coles Catalogue December 3 - 9, 2025 VIC METRO",2025-12-03,2025-12-10,19,Coles Australian No Added Hormones Beef Scotch Fillet Thin Sliced Steak 400g,18.5,,,,special,400g,$46.25 per kg,Coles Australian No Added | Hormones Beef Scotch Fillet Thin | Sliced Steak 400g $46.25 per kg,96.1,False,,https://caau.syd1.cdn.digitaloceanspaces.com/wp-content/uploads/catalogue/coles/coles-catalogue-december-3-9-2025-vic-metro/19.jpg,https://www.catalogueau.com/coles/#catalogue=coles/coles-catalogue-december-3-9-2025-vic-metro/,displayed_price,displayed_price;unit_price,2,verified
Coles,VIC METRO,"Coles Catalogue December 3 - 9, 2025 VIC METRO",2025-12-03,2025-12-10,19,Coles Australian Lamb Forequarter Chops,19.0,23.05,4.05,17.57,save_amount,,$19.00 per kg,WaSs2305 | WaSs2305 | Coles Australian Lamb | Forequarter Chops $19.00 per kg. | On sale for 2 weeks | s | #,95.72,True,single_price_evidence,https://caau.syd1.cdn.digitaloceanspaces.com/wp-content/uploads/catalogue/coles/coles-catalogue-december-3-9-2025-vic-metro/19.jpg,https://www.catalogueau.com/coles/#catalogue=coles/coles-catalogue-december-3-9-2025-vic-metro/,displayed_price,displayed_price,1,review
Coles,VIC METRO,"Coles Catalogue December 3 - 9, 2025 VIC METRO",2025-12-03,2025-12-10,19,Coles RSPCA Approved Chicken Thigh Cutlets,8.5,9.5,1.0,10.53,save_amount,,$8.50 per kg,"SAVE Stig | WASS9.50., | Coles RSPCA Approved Chicken | Thigh Cutlets $8.50 per kg",96.08,True,single_price_evidence,https://caau.syd1.cdn.digitaloceanspaces.com/wp-content/uploads/catalogue/coles/coles-catalogue-december-3-9-2025-vic-metro/19.jpg,https://www.catalogueau.com/coles/#catalogue=coles/coles-catalogue-december-3-9-2025-vic-metro/,displayed_price,displayed_price,1,review
Coles,VIC METRO,"Coles Catalogue December 3 - 9, 2025 VIC METRO",2025-12-03,2025-12-10,19,Coles Classic Sausages 550g,12.0,63.0,51.0,80.95,save_amount,550g,$10.91 per kg,SAVE51 | Coles Classic Sausages 550g | $10.91 per kg. On sale for 2 weeks | =e | boa,96.4,True,unit_price_conflict;single_price_evidence,https://caau.syd1.cdn.digitaloceanspaces.com/wp-content/uploads/catalogue/coles/coles-catalogue-december-3-9-2025-vic-metro/19.jpg,https://www.catalogueau.com/coles/#catalogue=coles/coles-catalogue-december-3-9-2025-vic-metro/,displayed_price,displayed_price,1,review
Coles,VIC METRO,"Coles Catalogue December 3 - 9, 2025 VIC METRO",2025-12-03,2025-12-10,19,Coles RSPCA Approved Chicken Breast Kyiv Garlic Butter 700g,5.6,8.0,2.4,30.0,save_amount,700g,$8.00 per kg,SAVES2.40 | MADE | Coles RSPCA Approved Chicken Breast Kyiv | Garlic Butter 700g $8.00 per kg | VIC-METRO-031 2-25-547900,96.13,False,,https://caau.syd1.cdn.digitaloceanspaces.com/wp-content/uploads/catalogue/coles/coles-catalogue-december-3-9-2025-vic-metro/19.jpg,https://www.catalogueau.com/coles/#catalogue=coles/coles-catalogue-december-3-9-2025-vic-metro/,displayed_price,displayed_price;unit_price,2,verified
Coles,VIC METRO,"Coles Catalogue December 3 - 9, 2025 VIC METRO",2025-12-03,2025-12-10,19,Coles Australian No Added Hormones Beef Slow Cook,16.0,,,,special,,$16.00 per kg,Coles Australian No Added | Hormones Beef Slow Cook | Short Ribs $16.00 per kg,96.53,True,offer_labels_missing;save_amount_missing;regular_price_missing;inferred_price_requires_review,https://caau.syd1.cdn.digitaloceanspaces.com/wp-content/uploads/catalogue/coles/coles-catalogue-december-3-9-2025-vic-metro/19.jpg,https://www.catalogueau.com/coles/#catalogue=coles/coles-catalogue-december-3-9-2025-vic-metro/,displayed_price,displayed_price;grid_inference,1,review
Coles,VIC METRO,"Coles Catalogue December 3 - 9, 2025 VIC METRO",2025-12-03,2025-12-10,19,Coles Australian Pork Ribs BBQ,17.0,,,,special,,$17.00 per kg,Coles Australian Pork Ribs BBQ | $17.00 per kg. 2nd week on sale,95.46,True,offer_labels_missing;save_amount_missing;regular_price_missing;inferred_price_requires_review,https://caau.syd1.cdn.digitaloceanspaces.com/wp-content/uploads/catalogue/coles/coles-catalogue-december-3-9-2025-vic-metro/19.jpg,https://www.catalogueau.com/coles/#catalogue=coles/coles-catalogue-december-3-9-2025-vic-metro/,displayed_price,displayed_price;grid_inference,1,review
Coles,VIC METRO,"Coles Catalogue December 3 - 9, 2025 VIC METRO",2025-12-03,2025-12-10,20,Coles Cooked Prawns with Cocktail Sauce 260g,11.0,12.5,1.5,12.0,save_amount,260g,$42.31 per kg,WAS $12.50 | WAS $12.50 | NOV 2025 | Coles Cooked Prawns with | Cocktail Sauce 260g $42.31 per kg. | From the Meat department,96.16,False,,https://caau.syd1.cdn.digitaloceanspaces.com/wp-content/uploads/catalogue/coles/coles-catalogue-december-3-9-2025-vic-metro/20.jpg,https://www.catalogueau.com/coles/#catalogue=coles/coles-catalogue-december-3-9-2025-vic-metro/,displayed_price,displayed_price;unit_price,2,verified
Coles,VIC METRO,"Coles Catalogue December 3 - 9, 2025 VIC METRO",2025-12-03,2025-12-10,20,Ocean Blue Mini Blinis 168g,4.9,5.8,0.9,15.52,save_amount,168g,$2.92 per 100g,WAS $5.80 | WAS $5.80 | OCT 2025 | Ocean Blue Mini Blinis 168g | $2.92 per 100g | ms,94.98,True,single_price_evidence,https://caau.syd1.cdn.digitaloceanspaces.com/wp-content/uploads/catalogue/coles/coles-catalogue-december-3-9-2025-vic-metro/20.jpg,https://www.catalogueau.com/coles/#catalogue=coles/coles-catalogue-december-3-9-2025-vic-metro/,unit_price,unit_price,1,review
Coles,VIC METRO,"Coles Catalogue December 3 - 9, 2025 VIC METRO",2025-12-03,2025-12-10,20,Ocean Blue Smoked Ocean Trout 100g,7.5,8.5,1.0,11.76,save_amount,100g,$75.00 per kg,WAS$8.50 | WAS$8.50 | SEP 2025 | Ocean Blue Smoked Ocean | Trout 100g $75.00 per kg,96.19,False,,https://caau.syd1.cdn.digitaloceanspaces.com/wp-content/uploads/catalogue/coles/coles-catalogue-december-3-9-2025-vic-metro/20.jpg,https://www.catalogueau.com/coles/#catalogue=coles/coles-catalogue-december-3-9-2025-vic-metro/,displayed_price,displayed_price;unit_price,2,verified
Coles,VIC METRO,"Coles Catalogue December 3 - 9, 2025 VIC METRO",2025-12-03,2025-12-10,20,Ocean Blue Smoked Salmon 180g,12.0,13.5,1.5,11.11,save_amount,180g,$66.67 per kg,WAS$13.50 | WAS$13.50 | SEP 2025 | Ocean Blue Smoked Salmon | 180g $66.67 per kg,96.35,False,,https://caau.syd1.cdn.digitaloceanspaces.com/wp-content/uploads/catalogue/coles/coles-catalogue-december-3-9-2025-vic-metro/20.jpg,https://www.catalogueau.com/coles/#catalogue=coles/coles-catalogue-december-3-9-2025-vic-metro/,displayed_price,displayed_price;unit_price,2,verified
Coles,VIC METRO,"Coles Catalogue December 3 - 9, 2025 VIC METRO",2025-12-03,2025-12-10,20,Birch & Waite Sauce 250mL,4.5,5.25,0.75,14.29,save_amount,250mL,$1.80 per 100mL,WAS $5.25 | WAS $5.25 | OCT 2025 | - | 5 | Birch & Waite Sauce 250mL | $1.80 per 100mL. | Selected stores only*,93.28,True,single_price_evidence,https://caau.syd1.cdn.digitaloceanspaces.com/wp-content/uploads/catalogue/coles/coles-catalogue-december-3-9-2025-vic-metro/20.jpg,https://www.catalogueau.com/coles/#catalogue=coles/coles-catalogue-december-3-9-2025-vic-metro/,unit_price,unit_price,1,review
Coles,VIC METRO,"Coles Catalogue December 3 - 9, 2025 VIC METRO",2025-12-03,2025-12-10,20,Coles Thawed Cooked Prawn Plate 200g,8.0,11.0,3.0,27.27,save_amount,200g,$4.00 per 100g,WASS11 | WASS11 | OCT 2025 | - | 5 | Coles Thawed Cooked Prawn | Plate 200g $4.00 per 100g. | Selected stores only*,96.26,False,,https://caau.syd1.cdn.digitaloceanspaces.com/wp-content/uploads/catalogue/coles/coles-catalogue-december-3-9-2025-vic-metro/20.jpg,https://www.catalogueau.com/coles/#catalogue=coles/coles-catalogue-december-3-9-2025-vic-metro/,displayed_price,displayed_price;unit_price,2,verified
Coles,VIC METRO,"Coles Catalogue December 3 - 9, 2025 VIC METRO",2025-12-03,2025-12-10,20,Coles Thawed Cooked Garlic Prawn Meat,30.0,34.0,4.0,11.76,save_amount,,$30.00 per kg,WAS $34kg | WAS $34kg | Coles Thawed Cooked Garlic | Prawn Meat $30.00 per kg. | Selected stores only*,95.99,True,single_price_evidence,https://caau.syd1.cdn.digitaloceanspaces.com/wp-content/uploads/catalogue/coles/coles-catalogue-december-3-9-2025-vic-metro/20.jpg,https://www.catalogueau.com/coles/#catalogue=coles/coles-catalogue-december-3-9-2025-vic-metro/,displayed_price,displayed_price,1,review
Coles,VIC METRO,"Coles Catalogue December 3 - 9, 2025 VIC METRO",2025-12-03,2025-12-10,21,Don Deli Cuts 80g-100g “Te,3.3,4.3,1.0,23.26,save_amount,80g; 100g,,"WAS$4.30 | WAS$4.30 | Don Deli Cuts 80g-100g | “Te | contre,",60.55,True,low_name_confidence_strict;single_price_evidence,https://caau.syd1.cdn.digitaloceanspaces.com/wp-content/uploads/catalogue/coles/coles-catalogue-december-3-9-2025-vic-metro/21.jpg,https://www.catalogueau.com/coles/#catalogue=coles/coles-catalogue-december-3-9-2025-vic-metro/,displayed_price,displayed_price,1,review
Coles,VIC METRO,"Coles Catalogue December 3 - 9, 2025 VIC METRO",2025-12-03,2025-12-10,21,Primo Bacon 175g-250g,5.5,6.8,1.3,19.12,save_amount,175g; 250g,,Primo Bacon 175g-250g | $340 | PER | 100g,93.89,True,offer_labels_missing;single_price_evidence,https://caau.syd1.cdn.digitaloceanspaces.com/wp-content/uploads/catalogue/coles/coles-catalogue-december-3-9-2025-vic-metro/21.jpg,https://www.catalogueau.com/coles/#catalogue=coles/coles-catalogue-december-3-9-2025-vic-metro/,displayed_price,displayed_price,1,review
Coles,VIC METRO,"Coles Catalogue December 3 - 9, 2025 VIC METRO",2025-12-03,2025-12-10,21,Elco Dodoni Feta,30.0,42.0,12.0,28.57,save_amount,,$30.00 per kg,WASS42ig | WASS42ig | Elco Dodoni Feta | $30.00 per kg. | Selected stores only* | PNG | 2%,93.79,True,single_price_evidence,https://caau.syd1.cdn.digitaloceanspaces.com/wp-content/uploads/catalogue/coles/coles-catalogue-december-3-9-2025-vic-metro/21.jpg,https://www.catalogueau.com/coles/#catalogue=coles/coles-catalogue-december-3-9-2025-vic-metro/,displayed_price,displayed_price,1,review
Coles,VIC METRO,"Coles Catalogue December 3 - 9, 2025 VIC METRO",2025-12-03,2025-12-10,21,Primo Sliced Meat 80g-100g,367.0,,,,special,80g; 100g,,Primo Sliced Meat 80g-100g | $3 | PER | 100g,94.42,True,offer_labels_missing;save_amount_missing;regular_price_missing;inferred_price_requires_review,https://caau.syd1.cdn.digitaloceanspaces.com/wp-content/uploads/catalogue/coles/coles-catalogue-december-3-9-2025-vic-metro/21.jpg,https://www.catalogueau.com/coles/#catalogue=coles/coles-catalogue-december-3-9-2025-vic-metro/,displayed_price,displayed_price;grid_inference,1,review
Coles,VIC METRO,"Coles Catalogue December 3 - 9, 2025 VIC METRO",2025-12-03,2025-12-10,21,Primo Cocktail Frankfurts 1kg,6.9,,,,special,1kg,$6.90 per kg,Primo Cocktail Frankfurts 1kg | $6.90 per kg. Selected stores only*,90.01,False,,https://caau.syd1.cdn.digitaloceanspaces.com/wp-content/uploads/catalogue/coles/coles-catalogue-december-3-9-2025-vic-metro/21.jpg,https://www.catalogueau.com/coles/#catalogue=coles/coles-catalogue-december-3-9-2025-vic-metro/,displayed_price,displayed_price;unit_price,2,verified
Coles,VIC METRO,"Coles Catalogue December 3 - 9, 2025 VIC METRO",2025-12-03,2025-12-10,21,Jarlsberg Swiss Sliced Cheese,34.34,,,,special,,$34.00 per kg,Jarlsberg Swiss Sliced Cheese | $34.00 per kg. | Selected stores only*,94.54,True,offer_labels_missing;save_amount_missing;regular_price_missing;single_price_evidence,https://caau.syd1.cdn.digitaloceanspaces.com/wp-content/uploads/catalogue/coles/coles-catalogue-december-3-9-2025-vic-metro/21.jpg,https://www.catalogueau.com/coles/#catalogue=coles/coles-catalogue-december-3-9-2025-vic-metro/,unknown,,0,review
Coles,VIC METRO,"Coles Catalogue December 3 - 9, 2025 VIC METRO",2025-12-03,2025-12-10,21,Coles Kitchen Filled Pasta 600g,6.0,,,,special,600g,$1.00 per 100g,Coles Kitchen Filled Pasta 600g | $1.00 per 100g,95.81,False,,https://caau.syd1.cdn.digitaloceanspaces.com/wp-content/uploads/catalogue/coles/coles-catalogue-december-3-9-2025-vic-metro/21.jpg,https://www.catalogueau.com/coles/#catalogue=coles/coles-catalogue-december-3-9-2025-vic-metro/,displayed_price,displayed_price;unit_price,2,verified
Coles,VIC METRO,"Coles Catalogue December 3 - 9, 2025 VIC METRO",2025-12-03,2025-12-10,21,Coles Kitchen Garlic Baguette Twin Pack 450g,3.4,,,,special,450g,$0.76 per 100g,Coles Kitchen Garlic Baguette | Twin Pack 450g $0.76 per 100g | *For locations of Deli counter stores visit coles.com.au/range-availability,96.45,False,,https://caau.syd1.cdn.digitaloceanspaces.com/wp-content/uploads/catalogue/coles/coles-catalogue-december-3-9-2025-vic-metro/21.jpg,https://www.catalogueau.com/coles/#catalogue=coles/coles-catalogue-december-3-9-2025-vic-metro/,displayed_price,displayed_price;unit_price,2,verified
Coles,VIC METRO,"Coles Catalogue December 3 - 9, 2025 VIC METRO",2025-12-03,2025-12-10,22,Coles Bakery Stone Baked by Laurent Sourdough Vienna,4.5,5.0,0.5,10.0,save_amount,,$4.50 per each,SAVE 50° | WASS5 | Coles Bakery Stone Baked by | Laurent Sourdough Vienna | h Vienna | or Pane di Casa $4.50 per each | Selected stores only,79.0,True,low_name_confidence_strict;single_price_evidence,https://caau.syd1.cdn.digitaloceanspaces.com/wp-content/uploads/catalogue/coles/coles-catalogue-december-3-9-2025-vic-metro/22.jpg,https://www.catalogueau.com/coles/#catalogue=coles/coles-catalogue-december-3-9-2025-vic-metro/,unit_price,unit_price,1,review
Coles,VIC METRO,"Coles Catalogue December 3 - 9, 2025 VIC METRO",2025-12-03,2025-12-10,22,Coles Bakery Pastries 2 Pack,3.0,3.5,0.5,14.29,save_amount,2 Pack,$1.50 per each,SAVE50‘ | WAS $3.50 | Coles Bakery Pastries 2 Pack | $1.50 per each. Selected stores only,96.46,False,,https://caau.syd1.cdn.digitaloceanspaces.com/wp-content/uploads/catalogue/coles/coles-catalogue-december-3-9-2025-vic-metro/22.jpg,https://www.catalogueau.com/coles/#catalogue=coles/coles-catalogue-december-3-9-2025-vic-metro/,displayed_price,displayed_price;unit_price,2,verified
Coles,VIC METRO,"Coles Catalogue December 3 - 9, 2025 VIC METRO",2025-12-03,2025-12-10,22,Coles Bake at Home Dinner Rolls 6 Pack 220g-260g,2.5,3.0,0.5,16.67,save_amount,6 Pack; 220g; 260g,,Coles Bake at Home Dinner Rolls | 6 Pack 220g-260g,79.0,True,offer_labels_missing;low_name_confidence_strict;single_price_evidence,https://caau.syd1.cdn.digitaloceanspaces.com/wp-content/uploads/catalogue/coles/coles-catalogue-december-3-9-2025-vic-metro/22.jpg,https://www.catalogueau.com/coles/#catalogue=coles/coles-catalogue-december-3-9-2025-vic-metro/,displayed_price,displayed_price,1,review
Coles,VIC METRO,"Coles Catalogue December 3 - 9, 2025 VIC METRO",2025-12-03,2025-12-10,22,Coles Bakery Pizza Rolls 2 Pack,3.5,415.0,411.5,99.16,save_amount,2 Pack,$1.75 per each,SAVE 65° | WASS415 | Coles Bakery Pizza Rolls 2 Pack | $1.75 per each | Selected stores only | = | - | a on,96.42,False,,https://caau.syd1.cdn.digitaloceanspaces.com/wp-content/uploads/catalogue/coles/coles-catalogue-december-3-9-2025-vic-metro/22.jpg,https://www.catalogueau.com/coles/#catalogue=coles/coles-catalogue-december-3-9-2025-vic-metro/,displayed_price,displayed_price;unit_price,2,verified
Coles,VIC METRO,"Coles Catalogue December 3 - 9, 2025 VIC METRO",2025-12-03,2025-12-10,22,Coles Muffins 4 Pack 420g or 9 Pack 315g,4.5,,,,special,4 Pack; 420g; 9 Pack; 315g,,Coles Muffins 4 Pack 420g | or 9 Pack 315g | eee,95.44,True,offer_labels_missing;save_amount_missing;regular_price_missing;inferred_price_requires_review,https://caau.syd1.cdn.digitaloceanspaces.com/wp-content/uploads/catalogue/coles/coles-catalogue-december-3-9-2025-vic-metro/22.jpg,https://www.catalogueau.com/coles/#catalogue=coles/coles-catalogue-december-3-9-2025-vic-metro/,displayed_price,displayed_price;grid_inference,1,review
Coles,VIC METRO,"Coles Catalogue December 3 - 9, 2025 VIC METRO",2025-12-03,2025-12-10,22,MEB Khobz 500g,3.6,,,,special,500g,$0.72 per 100g,MEB Khobz 500g | $0.72 per 100g | a,93.84,True,offer_labels_missing;save_amount_missing;regular_price_missing;inferred_price_requires_review,https://caau.syd1.cdn.digitaloceanspaces.com/wp-content/uploads/catalogue/coles/coles-catalogue-december-3-9-2025-vic-metro/22.jpg,https://www.catalogueau.com/coles/#catalogue=coles/coles-catalogue-december-3-9-2025-vic-metro/,unit_price,grid_inference;unit_price,1,review
Coles,VIC METRO,"Coles Catalogue December 3 - 9, 2025 VIC METRO",2025-12-03,2025-12-10,22,Coles Finest Pistachio Cake Slices 2 Pack 250g,9.0,,,,special,2 Pack; 250g,$3.60 per 100g,Coles Finest Pistachio Cake Slices 2 Pack 250g | $3.60 per 100g. Selected stores only. From the | Patisserie fridge. Price $9 Introductory Offer. Price,96.2,False,,https://caau.syd1.cdn.digitaloceanspaces.com/wp-content/uploads/catalogue/coles/coles-catalogue-december-3-9-2025-vic-metro/22.jpg,https://www.catalogueau.com/coles/#catalogue=coles/coles-catalogue-december-3-9-2025-vic-metro/,displayed_price,displayed_price;unit_price,2,verified
Coles,VIC METRO,"Coles Catalogue December 3 - 9, 2025 VIC METRO",2025-12-03,2025-12-10,22,Coles Made with Kitkat Cake Slices 2 Pack 190g,9.0,,,,special,2 Pack; 190g,$4.74 per 100g,Coles Made with Kitkat Cake Slices 2 Pack 190g | $4.74 per 100g. Selected stores only. From the | Patisserie fridge. Price $9 Introductory Offer. | Price after introductory period $10,95.48,False,,https://caau.syd1.cdn.digitaloceanspaces.com/wp-content/uploads/catalogue/coles/coles-catalogue-december-3-9-2025-vic-metro/22.jpg,https://www.catalogueau.com/coles/#catalogue=coles/coles-catalogue-december-3-9-2025-vic-metro/,displayed_price,displayed_price;unit_price,2,verified
Coles,VIC METRO,"Coles Catalogue December 3 - 9, 2025 VIC METRO",2025-12-03,2025-12-10,24,Schweppes Mixers or Soft Drink 1.1 Litre,1.5,51.5,50.0,97.09,save_amount,1.1 Litre,$1.36 per litre,SAVE] 50 | Schweppes Mixers or Soft | Drink 1.1 Litre $1.36 per litre | =,96.27,False,,https://caau.syd1.cdn.digitaloceanspaces.com/wp-content/uploads/catalogue/coles/coles-catalogue-december-3-9-2025-vic-metro/24.jpg,https://www.catalogueau.com/coles/#catalogue=coles/coles-catalogue-december-3-9-2025-vic-metro/,displayed_price,displayed_price;unit_price,2,verified
Coles,VIC METRO,"Coles Catalogue December 3 - 9, 2025 VIC METRO",2025-12-03,2025-12-10,24,Mars Chocolate Bar 30g-56g,1.0,2.5,1.5,60.0,save_amount,30g; 56g,,"SAVE51,50 | WAS$2.50 | Mars Chocolate Bar | 30g-56g",93.61,True,single_price_evidence,https://caau.syd1.cdn.digitaloceanspaces.com/wp-content/uploads/catalogue/coles/coles-catalogue-december-3-9-2025-vic-metro/24.jpg,https://www.catalogueau.com/coles/#catalogue=coles/coles-catalogue-december-3-9-2025-vic-metro/,displayed_price,displayed_price,1,review
Coles,VIC METRO,"Coles Catalogue December 3 - 9, 2025 VIC METRO",2025-12-03,2025-12-10,24,Violet Crumble Chocolate Bar 50g,1.25,2.5,1.25,50.0,half_price,50g,$2.50 per 100g,SAVE51.25 | WAS$2.50 | Violet Crumble Chocolate | Bar 50g $2.50 per 100g | * | ES | =,96.58,True,single_price_evidence,https://caau.syd1.cdn.digitaloceanspaces.com/wp-content/uploads/catalogue/coles/coles-catalogue-december-3-9-2025-vic-metro/24.jpg,https://www.catalogueau.com/coles/#catalogue=coles/coles-catalogue-december-3-9-2025-vic-metro/,unit_price,unit_price,1,review
Coles,VIC METRO,"Coles Catalogue December 3 - 9, 2025 VIC METRO",2025-12-03,2025-12-10,24,Arnott's Creams Biscuits 200g-250g,2.0,4.0,2.0,50.0,half_price,200g; 250g,,SAVE%2 | WASS4 | Arnott's Creams Biscuits | 200g-250g,91.79,False,,https://caau.syd1.cdn.digitaloceanspaces.com/wp-content/uploads/catalogue/coles/coles-catalogue-december-3-9-2025-vic-metro/24.jpg,https://www.catalogueau.com/coles/#catalogue=coles/coles-catalogue-december-3-9-2025-vic-metro/,save_was_arithmetic,displayed_price;save_was_arithmetic,2,verified
Coles,VIC METRO,"Coles Catalogue December 3 - 9, 2025 VIC METRO",2025-12-03,2025-12-10,24,Gatorade Sports Drink 600mL,2.1,4.2,2.1,50.0,half_price,600mL,$3.50 per litre,SAVE $2.10 | WAS $4.20 | Gatorade Sports Drink 600mL | $3.50 per litre,94.77,False,,https://caau.syd1.cdn.digitaloceanspaces.com/wp-content/uploads/catalogue/coles/coles-catalogue-december-3-9-2025-vic-metro/24.jpg,https://www.catalogueau.com/coles/#catalogue=coles/coles-catalogue-december-3-9-2025-vic-metro/,save_was_arithmetic,save_was_arithmetic;unit_price,2,verified
Coles,VIC METRO,"Coles Catalogue December 3 - 9, 2025 VIC METRO",2025-12-03,2025-12-10,24,Gatorade Fast Twitch Energy Drink 350mL,2.1,4.2,2.1,50.0,half_price,350mL,$6.00 per litre,SAVE52.10 | WASS4.20 | Gatorade Fast Twitch Energy | Drink 350mL $6.00 per litre,94.0,False,,https://caau.syd1.cdn.digitaloceanspaces.com/wp-content/uploads/catalogue/coles/coles-catalogue-december-3-9-2025-vic-metro/24.jpg,https://www.catalogueau.com/coles/#catalogue=coles/coles-catalogue-december-3-9-2025-vic-metro/,displayed_price,displayed_price;unit_price,2,verified
Coles,VIC METRO,"Coles Catalogue December 3 - 9, 2025 VIC METRO",2025-12-03,2025-12-10,24,Raw C Coconut Water 1 Litre,2.75,5.5,2.75,50.0,half_price,1 Litre,$2.75 per litre,SAVE‘2.75 | WASS$5.50 | Raw C Coconut Water 1 Litre | $2.75 per litre | VIC-METRO-031 2-25-547900,95.5,False,,https://caau.syd1.cdn.digitaloceanspaces.com/wp-content/uploads/catalogue/coles/coles-catalogue-december-3-9-2025-vic-metro/24.jpg,https://www.catalogueau.com/coles/#catalogue=coles/coles-catalogue-december-3-9-2025-vic-metro/,save_was_arithmetic,save_was_arithmetic;unit_price,2,verified
Coles,VIC METRO,"Coles Catalogue December 3 - 9, 2025 VIC METRO",2025-12-03,2025-12-10,24,Whole Earth Natural Block Chocolate 75g,3.25,6.5,3.25,50.0,half_price,75g,$4.33 per 100g,SAVE%3.25 | WASS6.50 | Whole Earth Natural Block | Chocolate 75g $4.33 per 100g | 24,96.32,False,,https://caau.syd1.cdn.digitaloceanspaces.com/wp-content/uploads/catalogue/coles/coles-catalogue-december-3-9-2025-vic-metro/24.jpg,https://www.catalogueau.com/coles/#catalogue=coles/coles-catalogue-december-3-9-2025-vic-metro/,save_was_arithmetic,displayed_price;save_was_arithmetic;unit_price,3,verified
Coles,VIC METRO,"Coles Catalogue December 3 - 9, 2025 VIC METRO",2025-12-03,2025-12-10,24,Monster Energy Drink 4x500mL,8.0,16.0,8.0,50.0,half_price,4x500mL,$4.00 per litre,SAVES8 | WASS16 | Monster Energy Drink 4x500mL | $4.00 per litre,93.63,False,,https://caau.syd1.cdn.digitaloceanspaces.com/wp-content/uploads/catalogue/coles/coles-catalogue-december-3-9-2025-vic-metro/24.jpg,https://www.catalogueau.com/coles/#catalogue=coles/coles-catalogue-december-3-9-2025-vic-metro/,save_was_arithmetic,displayed_price;save_was_arithmetic;unit_price,3,verified
Coles,VIC METRO,"Coles Catalogue December 3 - 9, 2025 VIC METRO",2025-12-03,2025-12-10,25,Nestlé Chocolate Bar 35g-50g 2nd week,1.5,3.0,1.5,50.0,half_price,35g; 50g,,SAVE*1.50 | WASS3 | Nestlé Chocolate Bar | 35g-50g 2nd week on sale,95.07,False,,https://caau.syd1.cdn.digitaloceanspaces.com/wp-content/uploads/catalogue/coles/coles-catalogue-december-3-9-2025-vic-metro/25.jpg,https://www.catalogueau.com/coles/#catalogue=coles/coles-catalogue-december-3-9-2025-vic-metro/,save_was_arithmetic,displayed_price;save_was_arithmetic,2,verified
Coles,VIC METRO,"Coles Catalogue December 3 - 9, 2025 VIC METRO",2025-12-03,2025-12-10,25,Cheezels 125g,1.75,3.5,1.75,50.0,half_price,125g,$1.40 per 100g,SAVE‘1.75 | WASS3.50 | Cheezels 125g | $1.40 per 100g | peor,93.58,False,,https://caau.syd1.cdn.digitaloceanspaces.com/wp-content/uploads/catalogue/coles/coles-catalogue-december-3-9-2025-vic-metro/25.jpg,https://www.catalogueau.com/coles/#catalogue=coles/coles-catalogue-december-3-9-2025-vic-metro/,save_was_arithmetic,displayed_price;save_was_arithmetic;unit_price,3,verified
Coles,VIC METRO,"Coles Catalogue December 3 - 9, 2025 VIC METRO",2025-12-03,2025-12-10,25,Kellogg's LCMs or Nutri Grain Bars 5 Pack 100g-110g,2.25,4.5,2.25,50.0,half_price,5 Pack; 100g; 110g,,SAVES2.25 | WASS4.50 | Kellogg's LCMs or Nutri Grain | Bars 5 Pack 100g-110g | ia | S| | Oo | ate,93.92,False,,https://caau.syd1.cdn.digitaloceanspaces.com/wp-content/uploads/catalogue/coles/coles-catalogue-december-3-9-2025-vic-metro/25.jpg,https://www.catalogueau.com/coles/#catalogue=coles/coles-catalogue-december-3-9-2025-vic-metro/,save_was_arithmetic,displayed_price;save_was_arithmetic,2,verified
Coles,VIC METRO,"Coles Catalogue December 3 - 9, 2025 VIC METRO",2025-12-03,2025-12-10,25,Vege Chips 100g or Rice Crackers 75g,2.45,4.9,2.45,50.0,half_price,100g; 75g,,SAVE $2.45 | WAS$4.90 | Vege Chips 100g or Rice | Crackers 75g | Meni,96.37,False,,https://caau.syd1.cdn.digitaloceanspaces.com/wp-content/uploads/catalogue/coles/coles-catalogue-december-3-9-2025-vic-metro/25.jpg,https://www.catalogueau.com/coles/#catalogue=coles/coles-catalogue-december-3-9-2025-vic-metro/,save_was_arithmetic,displayed_price;save_was_arithmetic,2,verified
Coles,VIC METRO,"Coles Catalogue December 3 - 9, 2025 VIC METRO",2025-12-03,2025-12-10,25,Arnott's Tee Vee Snacks 175g,2.75,5.5,2.75,50.0,half_price,175g,$1.57 per 100g,SAVES2.75 | WASS5.50 | Arnott's Tee Vee Snacks 175g | $1.57 per 100g | —,93.77,False,,https://caau.syd1.cdn.digitaloceanspaces.com/wp-content/uploads/catalogue/coles/coles-catalogue-december-3-9-2025-vic-metro/25.jpg,https://www.catalogueau.com/coles/#catalogue=coles/coles-catalogue-december-3-9-2025-vic-metro/,save_was_arithmetic,displayed_price;save_was_arithmetic;unit_price,3,verified
Coles,VIC METRO,"Coles Catalogue December 3 - 9, 2025 VIC METRO",2025-12-03,2025-12-10,25,Tostitos Tortilla Chips 165g-175g,2.6,5.2,2.6,50.0,half_price,165g; 175g,,SAVE2.60 | WASS5.20 | Tostitos Tortilla Chips | 165g-175g | x,79.0,True,low_name_confidence_strict,https://caau.syd1.cdn.digitaloceanspaces.com/wp-content/uploads/catalogue/coles/coles-catalogue-december-3-9-2025-vic-metro/25.jpg,https://www.catalogueau.com/coles/#catalogue=coles/coles-catalogue-december-3-9-2025-vic-metro/,save_was_arithmetic,displayed_price;save_was_arithmetic,2,review
Coles,VIC METRO,"Coles Catalogue December 3 - 9, 2025 VIC METRO",2025-12-03,2025-12-10,25,Doritos Big Bag 380g or Red Rock Deli Potato Chips 290g,4.25,8.5,4.25,50.0,half_price,380g; 290g,,SAVES4.25 | WASS8.50 | Doritos Big Bag 380g or Red | Rock Deli Potato Chips 290g | On sale for 2 weeks,96.5,False,,https://caau.syd1.cdn.digitaloceanspaces.com/wp-content/uploads/catalogue/coles/coles-catalogue-december-3-9-2025-vic-metro/25.jpg,https://www.catalogueau.com/coles/#catalogue=coles/coles-catalogue-december-3-9-2025-vic-metro/,save_was_arithmetic,displayed_price;save_was_arithmetic,2,verified
Coles,VIC METRO,"Coles Catalogue December 3 - 9, 2025 VIC METRO",2025-12-03,2025-12-10,25,Violet Crumble Choc Honeycomb Bag 130g-150g,3.0,6.0,3.0,50.0,half_price,130g; 150g,,SAVES3 | WASS6 | Violet Crumble Choc | Honeycomb Bag 130g-150g | VIC-METRO-031 2-25-547900,95.17,False,,https://caau.syd1.cdn.digitaloceanspaces.com/wp-content/uploads/catalogue/coles/coles-catalogue-december-3-9-2025-vic-metro/25.jpg,https://www.catalogueau.com/coles/#catalogue=coles/coles-catalogue-december-3-9-2025-vic-metro/,save_was_arithmetic,displayed_price;save_was_arithmetic,2,verified
Coles,VIC METRO,"Coles Catalogue December 3 - 9, 2025 VIC METRO",2025-12-03,2025-12-10,25,Heritage Mill Muesli or Clusters 650g-750g,4.2,8.5,4.3,50.59,save_amount,650g; 750g,,SAVE%4.30 | WASS8.50 | Heritage Mill Muesli or | Clusters 650g-750g | 25,94.72,True,single_price_evidence,https://caau.syd1.cdn.digitaloceanspaces.com/wp-content/uploads/catalogue/coles/coles-catalogue-december-3-9-2025-vic-metro/25.jpg,https://www.catalogueau.com/coles/#catalogue=coles/coles-catalogue-december-3-9-2025-vic-metro/,save_was_arithmetic,save_was_arithmetic,1,review
Coles,VIC METRO,"Coles Catalogue December 3 - 9, 2025 VIC METRO",2025-12-03,2025-12-10,26,Oral B Pro Health Advanced Deep Clean or Whitening Toothpaste 110g,3.0,6.0,3.0,50.0,half_price,110g,$2.73 per 100g,SAVE%3 | WASS6 | Oral B Pro Health | Advanced Deep Clean or | Whitening Toothpaste 110g | $2.73 per 100g,95.85,False,,https://caau.syd1.cdn.digitaloceanspaces.com/wp-content/uploads/catalogue/coles/coles-catalogue-december-3-9-2025-vic-metro/26.jpg,https://www.catalogueau.com/coles/#catalogue=coles/coles-catalogue-december-3-9-2025-vic-metro/,save_was_arithmetic,displayed_price;save_was_arithmetic;unit_price,3,verified
Coles,VIC METRO,"Coles Catalogue December 3 - 9, 2025 VIC METRO",2025-12-03,2025-12-10,26,U By Kotex Overnight Extra Pads with Wings Regular 10 Pack or Long 8 Pack,2.8,5.6,2.8,50.0,half_price,10 Pack; 8 Pack,,SAVES2.80 | WASS$5.60 | U By Kotex Overnight Extra | Pads with Wings Regular | 10 Pack or Long 8 Pack,96.62,True,single_price_evidence,https://caau.syd1.cdn.digitaloceanspaces.com/wp-content/uploads/catalogue/coles/coles-catalogue-december-3-9-2025-vic-metro/26.jpg,https://www.catalogueau.com/coles/#catalogue=coles/coles-catalogue-december-3-9-2025-vic-metro/,save_was_arithmetic,save_was_arithmetic,1,review
Coles,VIC METRO,"Coles Catalogue December 3 - 9, 2025 VIC METRO",2025-12-03,2025-12-10,26,Lynx Body Spray Deodorant 165mL,4.0,8.0,4.0,50.0,half_price,165mL,$2.42 per 100mL,SAVE%4 | WASS8 | Lynx Body Spray Deodorant | 165mL $2.42 per 100mL,94.16,False,,https://caau.syd1.cdn.digitaloceanspaces.com/wp-content/uploads/catalogue/coles/coles-catalogue-december-3-9-2025-vic-metro/26.jpg,https://www.catalogueau.com/coles/#catalogue=coles/coles-catalogue-december-3-9-2025-vic-metro/,save_was_arithmetic,displayed_price;save_was_arithmetic;unit_price,3,verified
Coles,VIC METRO,"Coles Catalogue December 3 - 9, 2025 VIC METRO",2025-12-03,2025-12-10,26,John Frieda Violet Crush Tone Refresh Shampoo or Conditioner 250mL,10.5,21.0,10.5,50.0,half_price,250mL,$4.20 per 100mL,SAVES10.50 | John Frieda Violet Crush | Tone Refresh Shampoo or | Conditioner 250mL | $4.20 per 100mL,95.01,True,single_price_evidence,https://caau.syd1.cdn.digitaloceanspaces.com/wp-content/uploads/catalogue/coles/coles-catalogue-december-3-9-2025-vic-metro/26.jpg,https://www.catalogueau.com/coles/#catalogue=coles/coles-catalogue-december-3-9-2025-vic-metro/,unit_price,unit_price,1,review
Coles,VIC METRO,"Coles Catalogue December 3 - 9, 2025 VIC METRO",2025-12-03,2025-12-10,26,Schick Xtreme 3 Disposable Sensitive Razors 14 Pack,8.0,16.0,8.0,50.0,half_price,14 Pack,$0.57 per each,SAVES8. | WASS16 | Schick Xtreme 3 Disposable | Sensitive Razors 14 Pack | $0.57 per each | On sale for 2 weeks,96.24,False,,https://caau.syd1.cdn.digitaloceanspaces.com/wp-content/uploads/catalogue/coles/coles-catalogue-december-3-9-2025-vic-metro/26.jpg,https://www.catalogueau.com/coles/#catalogue=coles/coles-catalogue-december-3-9-2025-vic-metro/,save_was_arithmetic,displayed_price;save_was_arithmetic,2,verified
Coles,VIC METRO,"Coles Catalogue December 3 - 9, 2025 VIC METRO",2025-12-03,2025-12-10,26,Rexona Clinical 96hr Deodorant 45mL,7.0,14.0,7.0,50.0,half_price,45mL,$15.56 per 100mL,SAVES7 | WASS14 | Rexona Clinical | 96hr Deodorant 45mL | $15.56 per 100mL,93.03,False,,https://caau.syd1.cdn.digitaloceanspaces.com/wp-content/uploads/catalogue/coles/coles-catalogue-december-3-9-2025-vic-metro/26.jpg,https://www.catalogueau.com/coles/#catalogue=coles/coles-catalogue-december-3-9-2025-vic-metro/,save_was_arithmetic,displayed_price;save_was_arithmetic;unit_price,3,verified
Coles,VIC METRO,"Coles Catalogue December 3 - 9, 2025 VIC METRO",2025-12-03,2025-12-10,26,Olay Moisturising Cream 100g,8.0,16.0,8.0,50.0,half_price,100g,$8.00 per 100g,SAVE’. | ‘WASSI6 | Olay Moisturising Cream | 100g $8.00 per 100g | VIC-METRO-031 2-25-547900,96.16,False,,https://caau.syd1.cdn.digitaloceanspaces.com/wp-content/uploads/catalogue/coles/coles-catalogue-december-3-9-2025-vic-metro/26.jpg,https://www.catalogueau.com/coles/#catalogue=coles/coles-catalogue-december-3-9-2025-vic-metro/,displayed_price,displayed_price;unit_price,2,verified
Coles,VIC METRO,"Coles Catalogue December 3 - 9, 2025 VIC METRO",2025-12-03,2025-12-10,26,Revion ColorStay Lipliner 0.28g,13.0,26.0,13.0,50.0,half_price,0.28g,,WASS$26 | WASS$26 | Revion ColorStay Lipliner | 0.28g $464.29 per 10g | 2nd week on sale | 26,93.59,True,single_price_evidence,https://caau.syd1.cdn.digitaloceanspaces.com/wp-content/uploads/catalogue/coles/coles-catalogue-december-3-9-2025-vic-metro/26.jpg,https://www.catalogueau.com/coles/#catalogue=coles/coles-catalogue-december-3-9-2025-vic-metro/,displayed_price,displayed_price,1,review
Coles,VIC METRO,"Coles Catalogue December 3 - 9, 2025 VIC METRO",2025-12-03,2025-12-10,27,Beach Rd Naturals Body Bar 150g,2.0,4.0,2.0,50.0,half_price,150g,$1.33 per 100g,SAVES2 | WASS4 | Beach Rd Naturals Body Bar | 150g $1.33 per 100g | On sale for 2 weeks,96.44,False,,https://caau.syd1.cdn.digitaloceanspaces.com/wp-content/uploads/catalogue/coles/coles-catalogue-december-3-9-2025-vic-metro/27.jpg,https://www.catalogueau.com/coles/#catalogue=coles/coles-catalogue-december-3-9-2025-vic-metro/,save_was_arithmetic,displayed_price;save_was_arithmetic;unit_price,3,verified
Coles,VIC METRO,"Coles Catalogue December 3 - 9, 2025 VIC METRO",2025-12-03,2025-12-10,27,Thankyou Hand Wash 500mL,5.47,10.95,5.48,50.05,half_price,500mL,$1.09 per 100mL,SAVE%5.48 | WASS10.95 | Thankyou Hand Wash 500mL | $1.09 per 100mL,94.8,False,,https://caau.syd1.cdn.digitaloceanspaces.com/wp-content/uploads/catalogue/coles/coles-catalogue-december-3-9-2025-vic-metro/27.jpg,https://www.catalogueau.com/coles/#catalogue=coles/coles-catalogue-december-3-9-2025-vic-metro/,save_was_arithmetic,save_was_arithmetic;unit_price,2,verified
Coles,VIC METRO,"Coles Catalogue December 3 - 9, 2025 VIC METRO",2025-12-03,2025-12-10,27,Dettol Pro Fresh Shower Gel 950mL,6.0,12.0,6.0,50.0,half_price,950mL,$0.63 per 100mL,SAVE*6 | WASS12 | Dettol Pro Fresh Shower Gel | 950mL $0.63 per 100mL. | *See page 30 for T&Cs,92.44,False,,https://caau.syd1.cdn.digitaloceanspaces.com/wp-content/uploads/catalogue/coles/coles-catalogue-december-3-9-2025-vic-metro/27.jpg,https://www.catalogueau.com/coles/#catalogue=coles/coles-catalogue-december-3-9-2025-vic-metro/,save_was_arithmetic,displayed_price;save_was_arithmetic;unit_price,3,verified
Coles,VIC METRO,"Coles Catalogue December 3 - 9, 2025 VIC METRO",2025-12-03,2025-12-10,27,Vitaceuticals MagZorb Magnesium Glycinate Capsules 100 Pack*,16.5,533.0,516.5,96.9,save_amount,100 Pack,$16.50 per 100 each,SAVE516.50 | Vitaceuticals MagZorb | Magnesium Glycinate | Capsules 100 Pack* | $16.50 per 100 each,92.25,True,single_price_evidence,https://caau.syd1.cdn.digitaloceanspaces.com/wp-content/uploads/catalogue/coles/coles-catalogue-december-3-9-2025-vic-metro/27.jpg,https://www.catalogueau.com/coles/#catalogue=coles/coles-catalogue-december-3-9-2025-vic-metro/,unit_price,unit_price,1,review
Coles,VIC METRO,"Coles Catalogue December 3 - 9, 2025 VIC METRO",2025-12-03,2025-12-10,27,Caltrate Bone & Muscle Health Tablets 100 Pack*,10.5,230.0,219.5,95.43,save_amount,100 Pack,$10.50 per 100 each,SAVE 219.50 | Caltrate Bone & Muscle | Health Tablets 100 Pack* | $10.50 per 100 each,94.43,False,,https://caau.syd1.cdn.digitaloceanspaces.com/wp-content/uploads/catalogue/coles/coles-catalogue-december-3-9-2025-vic-metro/27.jpg,https://www.catalogueau.com/coles/#catalogue=coles/coles-catalogue-december-3-9-2025-vic-metro/,displayed_price,displayed_price;unit_price,2,verified
Coles,VIC METRO,"Coles Catalogue December 3 - 9, 2025 VIC METRO",2025-12-03,2025-12-10,27,Berocca Energy Effervescent Tablets 45 Pack,13.0,26.0,13.0,50.0,half_price,45 Pack,$28.89 per 100 each,SAVE513 | WAS$26 | Berocca Energy Effervescent | Tablets 45 Pack | $28.89 per 100 each,95.66,False,,https://caau.syd1.cdn.digitaloceanspaces.com/wp-content/uploads/catalogue/coles/coles-catalogue-december-3-9-2025-vic-metro/27.jpg,https://www.catalogueau.com/coles/#catalogue=coles/coles-catalogue-december-3-9-2025-vic-metro/,displayed_price,displayed_price;unit_price,2,verified
Coles,VIC METRO,"Coles Catalogue December 3 - 9, 2025 VIC METRO",2025-12-03,2025-12-10,27,Nature's Way Kids Smart Vita Gummies Multi-Vitamin Plus,16.0,32.0,16.0,50.0,half_price,,$13.33 per 100 each,SAVES16 | Nature's Way Kids Smart Vita | Gummies Multi-Vitamin Plus | or Immune Defence | 120 Pack* $13.33 per 100 each,95.29,True,single_price_evidence,https://caau.syd1.cdn.digitaloceanspaces.com/wp-content/uploads/catalogue/coles/coles-catalogue-december-3-9-2025-vic-metro/27.jpg,https://www.catalogueau.com/coles/#catalogue=coles/coles-catalogue-december-3-9-2025-vic-metro/,displayed_price,displayed_price,1,review
Coles,VIC METRO,"Coles Catalogue December 3 - 9, 2025 VIC METRO",2025-12-03,2025-12-10,27,Nature's Way Magnesium + Turmeric Tablets 150 Pack*,22.0,44.0,22.0,50.0,half_price,150 Pack,$14.67 per 100 each,SAVES22 | WASS44 | Nature's Way Magnesium + | Turmeric Tablets 150 Pack* | $14.67 per 100 each,95.63,False,,https://caau.syd1.cdn.digitaloceanspaces.com/wp-content/uploads/catalogue/coles/coles-catalogue-december-3-9-2025-vic-metro/27.jpg,https://www.catalogueau.com/coles/#catalogue=coles/coles-catalogue-december-3-9-2025-vic-metro/,save_was_arithmetic,displayed_price;save_was_arithmetic;unit_price,3,verified
Coles,VIC METRO,"Coles Catalogue December 3 - 9, 2025 VIC METRO",2025-12-03,2025-12-10,27,Nature's Way Restore Probiotic Daily Health Capsules 90 Pack*,26.5,53.0,26.5,50.0,half_price,90 Pack,$29.44 per 100 each,SAVE%26.50 | Nature's Way Restore Probiotic | Daily Health Capsules | 90 Pack* $29.44 per 100 each,93.83,True,single_price_evidence,https://caau.syd1.cdn.digitaloceanspaces.com/wp-content/uploads/catalogue/coles/coles-catalogue-december-3-9-2025-vic-metro/27.jpg,https://www.catalogueau.com/coles/#catalogue=coles/coles-catalogue-december-3-9-2025-vic-metro/,unit_price,unit_price,1,review
Coles,VIC METRO,"Coles Catalogue December 3 - 9, 2025 VIC METRO",2025-12-03,2025-12-10,28,Hask Conditioner Sachet Argan Oil 50g,3.0,6.0,3.0,50.0,half_price,50g,$6.00 per 100g,SAVES3 | WASS6 | Hask Conditioner Sachet Argan | Oil 50g $6.00 per 100g | (ow) | >,94.79,False,,https://caau.syd1.cdn.digitaloceanspaces.com/wp-content/uploads/catalogue/coles/coles-catalogue-december-3-9-2025-vic-metro/28.jpg,https://www.catalogueau.com/coles/#catalogue=coles/coles-catalogue-december-3-9-2025-vic-metro/,save_was_arithmetic,displayed_price;save_was_arithmetic;unit_price,3,verified
Coles,VIC METRO,"Coles Catalogue December 3 - 9, 2025 VIC METRO",2025-12-03,2025-12-10,28,Schwarzkopf Extra Care Leave In Treatment 150mL,7.0,14.0,7.0,50.0,half_price,150mL,$4.67 per 100mL,SAVES7 | WASS14 | Schwarzkopf Extra Care Leave In | Treatment 150mL $4.67 per 100mL | (ow),94.44,False,,https://caau.syd1.cdn.digitaloceanspaces.com/wp-content/uploads/catalogue/coles/coles-catalogue-december-3-9-2025-vic-metro/28.jpg,https://www.catalogueau.com/coles/#catalogue=coles/coles-catalogue-december-3-9-2025-vic-metro/,save_was_arithmetic,displayed_price;save_was_arithmetic;unit_price,3,verified
Coles,VIC METRO,"Coles Catalogue December 3 - 9, 2025 VIC METRO",2025-12-03,2025-12-10,28,Garnier Fructis Hair Food 390mL,7.5,15.0,7.5,50.0,half_price,390mL,$1.92 per 100mL,SAVES7.50 | WASS15 | Garnier Fructis Hair Food 390mL | $1.92 per 100mL | Bonus,94.44,False,,https://caau.syd1.cdn.digitaloceanspaces.com/wp-content/uploads/catalogue/coles/coles-catalogue-december-3-9-2025-vic-metro/28.jpg,https://www.catalogueau.com/coles/#catalogue=coles/coles-catalogue-december-3-9-2025-vic-metro/,save_was_arithmetic,displayed_price;save_was_arithmetic;unit_price,3,verified
Coles,VIC METRO,"Coles Catalogue December 3 - 9, 2025 VIC METRO",2025-12-03,2025-12-10,28,L'Oréal Elvive Treatment Extraordinary Oil 100mL,11.0,22.0,11.0,50.0,half_price,100mL,$11.00 per 100mL,"SAVE°11 | WASS$22 | L'Oréal Elvive Treatment | Extraordinary Oil 100mL | $11.00 per 100mL. | *See page 30 forT&Cs | TExcludes Every Day, Down Down & clearance items",93.96,False,,https://caau.syd1.cdn.digitaloceanspaces.com/wp-content/uploads/catalogue/coles/coles-catalogue-december-3-9-2025-vic-metro/28.jpg,https://www.catalogueau.com/coles/#catalogue=coles/coles-catalogue-december-3-9-2025-vic-metro/,save_was_arithmetic,displayed_price;save_was_arithmetic;unit_price,3,verified
Coles,VIC METRO,"Coles Catalogue December 3 - 9, 2025 VIC METRO",2025-12-03,2025-12-10,28,L'Oréal Elvive Glycolic Gloss 5 Minute Lamination 200mL or Leave-In Serum 150mL,15.0,30.0,15.0,50.0,half_price,200mL; 150mL,,SAVES15 | L'Oréal Elvive Glycolic Gloss | 5 Minute Lamination 200mL or | Leave-In Serum 150mL | *See page 30 for T&Cs,91.92,True,single_price_evidence,https://caau.syd1.cdn.digitaloceanspaces.com/wp-content/uploads/catalogue/coles/coles-catalogue-december-3-9-2025-vic-metro/28.jpg,https://www.catalogueau.com/coles/#catalogue=coles/coles-catalogue-december-3-9-2025-vic-metro/,displayed_price,displayed_price,1,review
Coles,VIC METRO,"Coles Catalogue December 3 - 9, 2025 VIC METRO",2025-12-03,2025-12-10,28,People All In One Treatment 200mL,8.0,16.0,8.0,50.0,half_price,200mL,$4.00 per 100mL,SAVES8 | WASS16 | People All In One Treatment | 200mL $4.00 per 100mL | is,94.34,False,,https://caau.syd1.cdn.digitaloceanspaces.com/wp-content/uploads/catalogue/coles/coles-catalogue-december-3-9-2025-vic-metro/28.jpg,https://www.catalogueau.com/coles/#catalogue=coles/coles-catalogue-december-3-9-2025-vic-metro/,save_was_arithmetic,displayed_price;save_was_arithmetic;unit_price,3,verified
Coles,VIC METRO,"Coles Catalogue December 3 - 9, 2025 VIC METRO",2025-12-03,2025-12-10,28,Pantene Ge,7.5,15.0,7.5,50.0,half_price,,,SAVE57.50 | WASS15 | os | Ca | Pantene | Ge | PANTENE | Hyaluron,74.33,True,low_name_confidence_strict;single_price_evidence,https://caau.syd1.cdn.digitaloceanspaces.com/wp-content/uploads/catalogue/coles/coles-catalogue-december-3-9-2025-vic-metro/28.jpg,https://www.catalogueau.com/coles/#catalogue=coles/coles-catalogue-december-3-9-2025-vic-metro/,displayed_price,displayed_price,1,review
Coles,VIC METRO,"Coles Catalogue December 3 - 9, 2025 VIC METRO",2025-12-03,2025-12-10,28,Wes? =,7.5,15.0,7.5,50.0,half_price,,,SAVES7.50 | WASSI5 | \ | Wes? | = | Pantene Smooth | Detangling Mist 180mL | or Leave-In Cream 270mL |,70.09,True,low_name_confidence_strict,https://caau.syd1.cdn.digitaloceanspaces.com/wp-content/uploads/catalogue/coles/coles-catalogue-december-3-9-2025-vic-metro/28.jpg,https://www.catalogueau.com/coles/#catalogue=coles/coles-catalogue-december-3-9-2025-vic-metro/,save_was_arithmetic,displayed_price;save_was_arithmetic,2,review
Coles,VIC METRO,"Coles Catalogue December 3 - 9, 2025 VIC METRO",2025-12-03,2025-12-10,28,Pantene PANTENE,7.5,15.0,7.5,50.0,half_price,,,"os | Ca | Pantene | PANTENE | Hyaluron | Hydration’,",94.82,True,offer_labels_missing;single_price_evidence,https://caau.syd1.cdn.digitaloceanspaces.com/wp-content/uploads/catalogue/coles/coles-catalogue-december-3-9-2025-vic-metro/28.jpg,https://www.catalogueau.com/coles/#catalogue=coles/coles-catalogue-december-3-9-2025-vic-metro/,displayed_price,displayed_price,1,review
Coles,VIC METRO,"Coles Catalogue December 3 - 9, 2025 VIC METRO",2025-12-03,2025-12-10,29,Morning Fresh Dishwashing Liquid 400mL,3.0,6.0,3.0,50.0,half_price,400mL,$0.75 per 100mL,SAVES3 | WAS$6 | Morning Fresh Dishwashing Liquid 400mL | $0.75 per 100mL,94.87,False,,https://caau.syd1.cdn.digitaloceanspaces.com/wp-content/uploads/catalogue/coles/coles-catalogue-december-3-9-2025-vic-metro/29.jpg,https://www.catalogueau.com/coles/#catalogue=coles/coles-catalogue-december-3-9-2025-vic-metro/,save_was_arithmetic,displayed_price;save_was_arithmetic;unit_price,3,verified
Coles,VIC METRO,"Coles Catalogue December 3 - 9, 2025 VIC METRO",2025-12-03,2025-12-10,29,Harpic Fresh Power Liquid 700mL or In The Bowl Toilet Cleaner 39g,3.5,7.0,3.5,50.0,half_price,700mL; 39g,,SAVE$3.50 | Harpic Fresh Power Liquid 700mL or | In The Bowl Toilet Cleaner 39g,94.88,True,single_price_evidence,https://caau.syd1.cdn.digitaloceanspaces.com/wp-content/uploads/catalogue/coles/coles-catalogue-december-3-9-2025-vic-metro/29.jpg,https://www.catalogueau.com/coles/#catalogue=coles/coles-catalogue-december-3-9-2025-vic-metro/,displayed_price,displayed_price,1,review
Coles,VIC METRO,"Coles Catalogue December 3 - 9, 2025 VIC METRO",2025-12-03,2025-12-10,29,Dynamo Professional Laundry Liquid 2 Litre,14.5,329.0,314.5,95.59,save_amount,2 Litre,$7.25 per litre,"SAVE 314,50 | Dynamo Professional Laundry | Liquid 2 Litre $7.25 per litre",96.37,False,,https://caau.syd1.cdn.digitaloceanspaces.com/wp-content/uploads/catalogue/coles/coles-catalogue-december-3-9-2025-vic-metro/29.jpg,https://www.catalogueau.com/coles/#catalogue=coles/coles-catalogue-december-3-9-2025-vic-metro/,displayed_price,displayed_price;unit_price,2,verified
Coles,VIC METRO,"Coles Catalogue December 3 - 9, 2025 VIC METRO",2025-12-03,2025-12-10,29,Sorbent 3-Ply Soft & Strong Toilet Paper 16 Pack,7.0,14.0,7.0,50.0,half_price,16 Pack,$0.24 per 100,SAVES7 | WASS14 | Sorbent 3-Ply Soft & | Strong Toilet Paper 16 Pack | $0.24 per 100 sheets,94.48,False,,https://caau.syd1.cdn.digitaloceanspaces.com/wp-content/uploads/catalogue/coles/coles-catalogue-december-3-9-2025-vic-metro/29.jpg,https://www.catalogueau.com/coles/#catalogue=coles/coles-catalogue-december-3-9-2025-vic-metro/,save_was_arithmetic,displayed_price;save_was_arithmetic,2,verified
Coles,VIC METRO,"Coles Catalogue December 3 - 9, 2025 VIC METRO",2025-12-03,2025-12-10,29,Omo Laundry Liquid 2 Litre or Powder 2kg,15.0,30.0,15.0,50.0,half_price,2 Litre; 2kg,,SAVE%15 | WASS30 | Omo Laundry Liquid 2 Litre | or Powder 2kg,92.57,False,,https://caau.syd1.cdn.digitaloceanspaces.com/wp-content/uploads/catalogue/coles/coles-catalogue-december-3-9-2025-vic-metro/29.jpg,https://www.catalogueau.com/coles/#catalogue=coles/coles-catalogue-december-3-9-2025-vic-metro/,save_was_arithmetic,displayed_price;save_was_arithmetic,2,verified
Coles,VIC METRO,"Coles Catalogue December 3 - 9, 2025 VIC METRO",2025-12-03,2025-12-10,29,Botanica by Air Wick Wax Blended Candle 1 Each,17.5,35.0,17.5,50.0,half_price,,$17.50 per each,"SAVE517,50 | WAS$35 | Botanica by Air Wick Wax | Blended Candle 1 Each | $17.50 per each. | *See page 30 for T&Cs",96.41,True,single_price_evidence,https://caau.syd1.cdn.digitaloceanspaces.com/wp-content/uploads/catalogue/coles/coles-catalogue-december-3-9-2025-vic-metro/29.jpg,https://www.catalogueau.com/coles/#catalogue=coles/coles-catalogue-december-3-9-2025-vic-metro/,unit_price,unit_price,1,review
Coles,VIC METRO,"Coles Catalogue December 3 - 9, 2025 VIC METRO",2025-12-03,2025-12-10,29,Vanish NapiSan Oxi Action Gold Stain Remover Powder 2kg,16.0,32.0,16.0,50.0,half_price,2kg,$8.00 per kg,SAVE*16 | WAS$32 | Vanish NapiSan Oxi Action | Gold Stain Remover Powder | 2kg $8.00 per kg | VIC-METRO-031 2-25-547900,95.29,False,,https://caau.syd1.cdn.digitaloceanspaces.com/wp-content/uploads/catalogue/coles/coles-catalogue-december-3-9-2025-vic-metro/29.jpg,https://www.catalogueau.com/coles/#catalogue=coles/coles-catalogue-december-3-9-2025-vic-metro/,save_was_arithmetic,displayed_price;save_was_arithmetic;unit_price,3,verified
Coles,VIC METRO,"Coles Catalogue December 3 - 9, 2025 VIC METRO",2025-12-03,2025-12-10,29,Mirabella 14W GLS LED Light Globes 2 Pack,8.25,16.5,8.25,50.0,half_price,2 Pack,$4.13 per each,SAVES8.25 | WASS16.50 | Mirabella 14W GLS LED Light | Globes 2 Pack $4.13 per each | 29,95.18,False,,https://caau.syd1.cdn.digitaloceanspaces.com/wp-content/uploads/catalogue/coles/coles-catalogue-december-3-9-2025-vic-metro/29.jpg,https://www.catalogueau.com/coles/#catalogue=coles/coles-catalogue-december-3-9-2025-vic-metro/,save_was_arithmetic,displayed_price;save_was_arithmetic;unit_price,3,verified
Coles,VIC METRO,"Coles Catalogue December 3 - 9, 2025 VIC METRO",2025-12-03,2025-12-10,30,Powerade Sports Drink 1 Litre,3.35,5.6,2.25,40.18,save_amount,1 Litre,$3.35 per litre,SAVE52.25 | WASS$5.60 | Powerade Sports Drink 1 Litre | $3.35 per litre | * | abd,95.68,False,,https://caau.syd1.cdn.digitaloceanspaces.com/wp-content/uploads/catalogue/coles/coles-catalogue-december-3-9-2025-vic-metro/30.jpg,https://www.catalogueau.com/coles/#catalogue=coles/coles-catalogue-december-3-9-2025-vic-metro/,displayed_price,displayed_price;unit_price,2,verified
Coles,VIC METRO,"Coles Catalogue December 3 - 9, 2025 VIC METRO",2025-12-03,2025-12-10,30,McVitie's Plain or Milk Chocolate Digestives Biscuits 266g-355g,3.3,5.5,2.2,40.0,save_amount,266g; 355g,,McVitie's Plain or Milk | Chocolate Digestives | Biscuits 266g-355g,89.45,True,offer_labels_missing;single_price_evidence,https://caau.syd1.cdn.digitaloceanspaces.com/wp-content/uploads/catalogue/coles/coles-catalogue-december-3-9-2025-vic-metro/30.jpg,https://www.catalogueau.com/coles/#catalogue=coles/coles-catalogue-december-3-9-2025-vic-metro/,unknown,,0,review
Coles,VIC METRO,"Coles Catalogue December 3 - 9, 2025 VIC METRO",2025-12-03,2025-12-10,30,Pringles Potato Crisps 118g-134g,3.3,5.5,2.2,40.0,save_amount,118g; 134g,,WASS$5.50 | WASS$5.50 | Pringles Potato Crisps | 118g-134g | ee,93.82,True,single_price_evidence,https://caau.syd1.cdn.digitaloceanspaces.com/wp-content/uploads/catalogue/coles/coles-catalogue-december-3-9-2025-vic-metro/30.jpg,https://www.catalogueau.com/coles/#catalogue=coles/coles-catalogue-december-3-9-2025-vic-metro/,displayed_price,displayed_price,1,review
Coles,VIC METRO,"Coles Catalogue December 3 - 9, 2025 VIC METRO",2025-12-03,2025-12-10,30,Coca-Cola Soft Drink 30x375mL,28.0,50.0,22.0,44.0,save_amount,30x375mL,$2.49 per litre,"‘WAS$50, | ‘WAS$50, | Coca-Cola Soft Drink 30x375mL | $2.49 per litre | —— | — | Wa",92.86,True,single_price_evidence,https://caau.syd1.cdn.digitaloceanspaces.com/wp-content/uploads/catalogue/coles/coles-catalogue-december-3-9-2025-vic-metro/30.jpg,https://www.catalogueau.com/coles/#catalogue=coles/coles-catalogue-december-3-9-2025-vic-metro/,unknown,,0,review
Coles,VIC METRO,"Coles Catalogue December 3 - 9, 2025 VIC METRO",2025-12-03,2025-12-10,30,Rova Sparkling Water 4x250mL,4.95,6.75,1.8,26.67,save_amount,4x250mL,$4.95 per litre,WAS$6.75 | WAS$6.75 | DEC 2025 | Rova Sparkling Water | 4x250mL $4.95 per litre,94.76,True,single_price_evidence,https://caau.syd1.cdn.digitaloceanspaces.com/wp-content/uploads/catalogue/coles/coles-catalogue-december-3-9-2025-vic-metro/30.jpg,https://www.catalogueau.com/coles/#catalogue=coles/coles-catalogue-december-3-9-2025-vic-metro/,unit_price,unit_price,1,review
Coles,VIC METRO,"Coles Catalogue December 3 - 9, 2025 VIC METRO",2025-12-03,2025-12-10,30,Nestlé Milo 1kg,13.5,17.5,4.0,22.86,save_amount,1kg,$1.35 per 100g,"SAVE 54 | WASS17.50 | Nestlé Milo 1kg | $1.35 per 100g | **Not available for Deliver More timeslots | Spend $20 in one transaction, scan your Flybuys and receive one bonus",90.65,False,,https://caau.syd1.cdn.digitaloceanspaces.com/wp-content/uploads/catalogue/coles/coles-catalogue-december-3-9-2025-vic-metro/30.jpg,https://www.catalogueau.com/coles/#catalogue=coles/coles-catalogue-december-3-9-2025-vic-metro/,save_was_arithmetic,displayed_price;save_was_arithmetic;unit_price,3,verified
Coles,VIC METRO,"Coles Catalogue December 3 - 9, 2025 VIC METRO",2025-12-03,2025-12-10,30,Moccona Freeze Dried Instant Coffee 200g,16.5,23.6,7.1,30.08,save_amount,200g,$8.25 per 100g,"WAS$23.60 | WAS$23.60 | Moccona Freeze Dried Instant | Coffee 200g $8.25 per 100g | SCHOTT | Spend $20 in one transaction, scan your Flybuys and receive one bonus | TWIESEL",95.98,False,,https://caau.syd1.cdn.digitaloceanspaces.com/wp-content/uploads/catalogue/coles/coles-catalogue-december-3-9-2025-vic-metro/30.jpg,https://www.catalogueau.com/coles/#catalogue=coles/coles-catalogue-december-3-9-2025-vic-metro/,displayed_price,displayed_price;unit_price,2,verified
Coles,VIC METRO,"Coles Catalogue December 3 - 9, 2025 VIC METRO",2025-12-03,2025-12-10,30,Frantelle Natural Spring Water 24x600mL**,12.0,,,,special,24x600mL,$0.83 per litre,Frantelle Natural Spring Water | 24x600mL** $0.83 per litre | SPA\,94.59,True,offer_labels_missing;save_amount_missing;regular_price_missing;single_price_evidence,https://caau.syd1.cdn.digitaloceanspaces.com/wp-content/uploads/catalogue/coles/coles-catalogue-december-3-9-2025-vic-metro/30.jpg,https://www.catalogueau.com/coles/#catalogue=coles/coles-catalogue-december-3-9-2025-vic-metro/,displayed_price,displayed_price,1,review
Coles,VIC METRO,"Coles Catalogue December 3 - 9, 2025 VIC METRO",2025-12-03,2025-12-10,30,"Solo, Schweppes Lemonade or Sunkist Soft Drink 30x375mL",25.0,,,,special,30x375mL,$2.22 per litre,"Solo, Schweppes Lemonade | or Sunkist Soft Drink 30x375mL | $2.22 per litre | <=",95.06,True,offer_labels_missing;save_amount_missing;regular_price_missing;single_price_evidence,https://caau.syd1.cdn.digitaloceanspaces.com/wp-content/uploads/catalogue/coles/coles-catalogue-december-3-9-2025-vic-metro/30.jpg,https://www.catalogueau.com/coles/#catalogue=coles/coles-catalogue-december-3-9-2025-vic-metro/,displayed_price,displayed_price,1,review
Coles,VIC METRO,"Coles Catalogue December 3 - 9, 2025 VIC METRO",2025-12-03,2025-12-10,31,Extra Envelope Chewing Gum 27g,2.0,2.5,0.5,20.0,save_amount,27g,$7.41 per 100g,WAS$2.50 | WAS$2.50 | Extra Envelope Chewing Gum | 27g $7.41 per 100g. | On sale for 2 weeks | sare | t | pag,96.06,False,,https://caau.syd1.cdn.digitaloceanspaces.com/wp-content/uploads/catalogue/coles/coles-catalogue-december-3-9-2025-vic-metro/31.jpg,https://www.catalogueau.com/coles/#catalogue=coles/coles-catalogue-december-3-9-2025-vic-metro/,displayed_price,displayed_price;unit_price,2,verified
Coles,VIC METRO,"Coles Catalogue December 3 - 9, 2025 VIC METRO",2025-12-03,2025-12-10,31,Nestlé Mini Chocolate Fun Size Bag 127g-158g,5.25,7.5,2.25,30.0,save_amount,127g; 158g,,Nestlé Mini Chocolate Fun Size | Bag 127g-158g | a a de a en a ee,92.31,True,offer_labels_missing;single_price_evidence,https://caau.syd1.cdn.digitaloceanspaces.com/wp-content/uploads/catalogue/coles/coles-catalogue-december-3-9-2025-vic-metro/31.jpg,https://www.catalogueau.com/coles/#catalogue=coles/coles-catalogue-december-3-9-2025-vic-metro/,unknown,,0,review
Coles,VIC METRO,"Coles Catalogue December 3 - 9, 2025 VIC METRO",2025-12-03,2025-12-10,31,Cadbury Christmas Chocolate ¢% Tree Giftbox 70g,3.5,7.0,3.5,50.0,half_price,70g,$5.00 per 100g,WASS$7 | WASS$7 | Cadbury Christmas Chocolate | ¢% Tree Giftbox 70g $5.00 per 100g | While stocks last. No rainchecks | g,92.99,True,single_price_evidence,https://caau.syd1.cdn.digitaloceanspaces.com/wp-content/uploads/catalogue/coles/coles-catalogue-december-3-9-2025-vic-metro/31.jpg,https://www.catalogueau.com/coles/#catalogue=coles/coles-catalogue-december-3-9-2025-vic-metro/,unit_price,unit_price,1,review
Coles,VIC METRO,"Coles Catalogue December 3 - 9, 2025 VIC METRO",2025-12-03,2025-12-10,31,Cadbury Roses ¢% Tin 485g,10.0,20.0,10.0,50.0,half_price,485g,,Cadbury Roses | ¢% Tin | 485g $3.09 per | 100g. While stocks,93.4,True,offer_labels_missing;single_price_evidence,https://caau.syd1.cdn.digitaloceanspaces.com/wp-content/uploads/catalogue/coles/coles-catalogue-december-3-9-2025-vic-metro/31.jpg,https://www.catalogueau.com/coles/#catalogue=coles/coles-catalogue-december-3-9-2025-vic-metro/,displayed_price,displayed_price,1,review
Coles,VIC METRO,"Coles Catalogue December 3 - 9, 2025 VIC METRO",2025-12-03,2025-12-10,31,CADBURY FAVOURITES AND THE COLOUR PURPLE ARE TRADE MARKS USED UNDER LICENCE,15.0,30.0,15.0,50.0,half_price,,,WAS$30 | WAS$30 | CADBURY FAVOURITES AND THE COLOUR PURPLE ARE TRADE MARKS USED UNDER LICENCE.,79.0,True,low_name_confidence_strict;single_price_evidence,https://caau.syd1.cdn.digitaloceanspaces.com/wp-content/uploads/catalogue/coles/coles-catalogue-december-3-9-2025-vic-metro/31.jpg,https://www.catalogueau.com/coles/#catalogue=coles/coles-catalogue-december-3-9-2025-vic-metro/,displayed_price,displayed_price,1,review
Coles,VIC METRO,"Coles Catalogue December 3 - 9, 2025 VIC METRO",2025-12-03,2025-12-10,31,The Natural Confectionery Co. 130g-230g or Sour Patch 190g,7.34,,,,special,130g; 230g; 190g,,The Natural Confectionery Co. | 130g-230g or Sour Patch 190g | On sale for 2 weeks,95.6,True,offer_labels_missing;save_amount_missing;regular_price_missing;single_price_evidence,https://caau.syd1.cdn.digitaloceanspaces.com/wp-content/uploads/catalogue/coles/coles-catalogue-december-3-9-2025-vic-metro/31.jpg,https://www.catalogueau.com/coles/#catalogue=coles/coles-catalogue-december-3-9-2025-vic-metro/,displayed_price,displayed_price,1,review
Coles,VIC METRO,"Coles Catalogue December 3 - 9, 2025 VIC METRO",2025-12-03,2025-12-10,31,Arnott's Choc Ripple or Scotch Finger Biscuits 250g,5.0,,,,special,250g,$1.00 per 100g,Arnott's Choc Ripple or Scotch | Finger Biscuits 250g $1.00 per 100g | + | @*,92.92,True,offer_labels_missing;save_amount_missing;regular_price_missing;unit_price_conflict;single_price_evidence,https://caau.syd1.cdn.digitaloceanspaces.com/wp-content/uploads/catalogue/coles/coles-catalogue-december-3-9-2025-vic-metro/31.jpg,https://www.catalogueau.com/coles/#catalogue=coles/coles-catalogue-december-3-9-2025-vic-metro/,displayed_price,displayed_price,1,review
Coles,VIC METRO,"Coles Catalogue December 3 - 9, 2025 VIC METRO",2025-12-03,2025-12-10,31,Cadbury Favourites 264g-26:,7.0,,,,special,264g,,= | Cadbury Favourites | 264g-26: | 2nd week | * | on sale,79.0,True,offer_labels_missing;save_amount_missing;regular_price_missing;low_name_confidence_strict;single_price_evidence,https://caau.syd1.cdn.digitaloceanspaces.com/wp-content/uploads/catalogue/coles/coles-catalogue-december-3-9-2025-vic-metro/31.jpg,https://www.catalogueau.com/coles/#catalogue=coles/coles-catalogue-december-3-9-2025-vic-metro/,displayed_price,displayed_price,1,review
Coles,VIC METRO,"Coles Catalogue December 3 - 9, 2025 VIC METRO",2025-12-03,2025-12-10,33,Peckish Fancies Rice Crackers 90g,2.0,3.0,1.0,33.33,save_amount,90g,$2.22 per 100g,WAS$3 | WAS$3 | Peckish Fancies Rice Crackers 90g | $2.22 per 100g. 2nd week on sale | er | —= | + | 1ERO SUGAR,94.37,False,,https://caau.syd1.cdn.digitaloceanspaces.com/wp-content/uploads/catalogue/coles/coles-catalogue-december-3-9-2025-vic-metro/33.jpg,https://www.catalogueau.com/coles/#catalogue=coles/coles-catalogue-december-3-9-2025-vic-metro/,displayed_price,displayed_price;unit_price,2,verified
Coles,VIC METRO,"Coles Catalogue December 3 - 9, 2025 VIC METRO",2025-12-03,2025-12-10,33,Always Fresh Grissini or Crustini Crackers 120g-125g,3.0,4.5,1.5,33.33,save_amount,120g; 125g,,Always Fresh Grissini or | Crustini Crackers 120g-125g,93.2,True,offer_labels_missing;single_price_evidence,https://caau.syd1.cdn.digitaloceanspaces.com/wp-content/uploads/catalogue/coles/coles-catalogue-december-3-9-2025-vic-metro/33.jpg,https://www.catalogueau.com/coles/#catalogue=coles/coles-catalogue-december-3-9-2025-vic-metro/,displayed_price,displayed_price,1,review
Coles,VIC METRO,"Coles Catalogue December 3 - 9, 2025 VIC METRO",2025-12-03,2025-12-10,33,Amott's Savoy or Shapes Crackers 130g-225g,56.0,,,,special,130g; 225g,,Amott's Savoy or Shapes | Crackers 130g-225g | | | ”,79.0,True,offer_labels_missing;save_amount_missing;regular_price_missing;low_name_confidence_strict;inferred_price_requires_review,https://caau.syd1.cdn.digitaloceanspaces.com/wp-content/uploads/catalogue/coles/coles-catalogue-december-3-9-2025-vic-metro/33.jpg,https://www.catalogueau.com/coles/#catalogue=coles/coles-catalogue-december-3-9-2025-vic-metro/,displayed_price,displayed_price;grid_inference,1,review
Coles,VIC METRO,"Coles Catalogue December 3 - 9, 2025 VIC METRO",2025-12-03,2025-12-10,33,Pepsi Soft Drink 30x375mL,25.0,,,,special,30x375mL,$2.22 per litre,Pepsi Soft Drink 30x375mL | $2.22 per litre,94.18,True,offer_labels_missing;save_amount_missing;regular_price_missing;single_price_evidence,https://caau.syd1.cdn.digitaloceanspaces.com/wp-content/uploads/catalogue/coles/coles-catalogue-december-3-9-2025-vic-metro/33.jpg,https://www.catalogueau.com/coles/#catalogue=coles/coles-catalogue-december-3-9-2025-vic-metro/,displayed_price,displayed_price,1,review
Coles,VIC METRO,"Coles Catalogue December 3 - 9, 2025 VIC METRO",2025-12-03,2025-12-10,33,Smith's Crinkle Cut Potato Chips or Doritos Corn Chips 150g-170g,6.0,,,,special,150g; 170g,,Smith's Crinkle Cut Potato Chips | or Doritos Corn Chips 150g-170g | On sale for 2 weeks | Sas,95.3,True,offer_labels_missing;save_amount_missing;regular_price_missing;single_price_evidence,https://caau.syd1.cdn.digitaloceanspaces.com/wp-content/uploads/catalogue/coles/coles-catalogue-december-3-9-2025-vic-metro/33.jpg,https://www.catalogueau.com/coles/#catalogue=coles/coles-catalogue-december-3-9-2025-vic-metro/,displayed_price,displayed_price,1,review
Coles,VIC METRO,"Coles Catalogue December 3 - 9, 2025 VIC METRO",2025-12-03,2025-12-10,33,Bundaberg Passionfruit or Tropical Mango,2.0,,,,special,,$4.20 per litre,Bundaberg Passionfruit | or Tropical Mango | Brewed Soft Drink | 4x375mL $4.20 per litre,93.7,True,offer_labels_missing;save_amount_missing;regular_price_missing;single_price_evidence,https://caau.syd1.cdn.digitaloceanspaces.com/wp-content/uploads/catalogue/coles/coles-catalogue-december-3-9-2025-vic-metro/33.jpg,https://www.catalogueau.com/coles/#catalogue=coles/coles-catalogue-december-3-9-2025-vic-metro/,displayed_price,displayed_price,1,review
Coles,VIC METRO,"Coles Catalogue December 3 - 9, 2025 VIC METRO",2025-12-03,2025-12-10,33,Solo Energy Drink 250mL,2.5,,,,special,250mL,$10.00 per litre,Solo Energy Drink 250mL | $10.00 per litre,94.09,False,,https://caau.syd1.cdn.digitaloceanspaces.com/wp-content/uploads/catalogue/coles/coles-catalogue-december-3-9-2025-vic-metro/33.jpg,https://www.catalogueau.com/coles/#catalogue=coles/coles-catalogue-december-3-9-2025-vic-metro/,displayed_price,displayed_price;unit_price,2,verified
Coles,VIC METRO,"Coles Catalogue December 3 - 9, 2025 VIC METRO",2025-12-03,2025-12-10,33,V Energy Drink 4x500mL,10.5,,,,special,4x500mL,$5.25 per litre,V Energy Drink 4x500mL | $5.25 per litre,93.78,False,,https://caau.syd1.cdn.digitaloceanspaces.com/wp-content/uploads/catalogue/coles/coles-catalogue-december-3-9-2025-vic-metro/33.jpg,https://www.catalogueau.com/coles/#catalogue=coles/coles-catalogue-december-3-9-2025-vic-metro/,displayed_price,displayed_price;unit_price,2,verified
Coles,VIC METRO,"Coles Catalogue December 3 - 9, 2025 VIC METRO",2025-12-03,2025-12-10,34,Nice & Natural Nut Bars 180g-192g,3.3,5.5,2.2,40.0,save_amount,180g; 192g,,SAVES2.20 | WAS$5.50 | Nice & Natural Nut Bars | 180g-192g | al,93.66,False,,https://caau.syd1.cdn.digitaloceanspaces.com/wp-content/uploads/catalogue/coles/coles-catalogue-december-3-9-2025-vic-metro/34.jpg,https://www.catalogueau.com/coles/#catalogue=coles/coles-catalogue-december-3-9-2025-vic-metro/,save_was_arithmetic,displayed_price;save_was_arithmetic,2,verified
Coles,VIC METRO,"Coles Catalogue December 3 - 9, 2025 VIC METRO",2025-12-03,2025-12-10,34,Pic's Peanut Butter 380g,4.5,7.5,3.0,40.0,save_amount,380g,$1.18 per 100g,SAVE%3 | WASS$7.50 | Pic's Peanut Butter 380g | $1.18 per 100g | ———,95.97,False,,https://caau.syd1.cdn.digitaloceanspaces.com/wp-content/uploads/catalogue/coles/coles-catalogue-december-3-9-2025-vic-metro/34.jpg,https://www.catalogueau.com/coles/#catalogue=coles/coles-catalogue-december-3-9-2025-vic-metro/,save_was_arithmetic,save_was_arithmetic;unit_price,2,verified
Coles,VIC METRO,"Coles Catalogue December 3 - 9, 2025 VIC METRO",2025-12-03,2025-12-10,34,Lindt Lindor Bag 123g-125g po,7.8,13.0,5.2,40.0,save_amount,123g; 125g,,SAVES5.20 | ‘WASSI3 | Lindt Lindor Bag 123g-125g | po,67.15,True,low_name_confidence_strict;single_price_evidence,https://caau.syd1.cdn.digitaloceanspaces.com/wp-content/uploads/catalogue/coles/coles-catalogue-december-3-9-2025-vic-metro/34.jpg,https://www.catalogueau.com/coles/#catalogue=coles/coles-catalogue-december-3-9-2025-vic-metro/,save_was_arithmetic,save_was_arithmetic,1,review
Coles,VIC METRO,"Coles Catalogue December 3 - 9, 2025 VIC METRO",2025-12-03,2025-12-10,34,Fibre One Brownie Choc Fudge 120g or Nature Valley Crunchy Bars 252g,4.7,6.7,2.0,29.85,save_amount,120g; 252g,,SAVE®2;20 5a | Fibre One Brownie Choc Fudge | 120g or Nature Valley Crunchy | Bars 252g,96.28,True,single_price_evidence,https://caau.syd1.cdn.digitaloceanspaces.com/wp-content/uploads/catalogue/coles/coles-catalogue-december-3-9-2025-vic-metro/34.jpg,https://www.catalogueau.com/coles/#catalogue=coles/coles-catalogue-december-3-9-2025-vic-metro/,displayed_price,displayed_price,1,review
Coles,VIC METRO,"Coles Catalogue December 3 - 9, 2025 VIC METRO",2025-12-03,2025-12-10,34,Carman's Oat Slices 175g,4.0,6.2,2.2,35.48,save_amount,175g,$2.29 per 100g,SAVES2.20 | WASS6.20 | Carman's Oat Slices 175g | $2.29 per 100g | e] | P,93.93,False,,https://caau.syd1.cdn.digitaloceanspaces.com/wp-content/uploads/catalogue/coles/coles-catalogue-december-3-9-2025-vic-metro/34.jpg,https://www.catalogueau.com/coles/#catalogue=coles/coles-catalogue-december-3-9-2025-vic-metro/,save_was_arithmetic,displayed_price;save_was_arithmetic;unit_price,3,verified
Coles,VIC METRO,"Coles Catalogue December 3 - 9, 2025 VIC METRO",2025-12-03,2025-12-10,34,Lotus Biscoff Spread 700g-720g,9.6,12.0,2.4,20.0,save_amount,700g; 720g,,SAVE%2.40 | WASS12 | Lotus Biscoff Spread 700g-720g,92.49,False,,https://caau.syd1.cdn.digitaloceanspaces.com/wp-content/uploads/catalogue/coles/coles-catalogue-december-3-9-2025-vic-metro/34.jpg,https://www.catalogueau.com/coles/#catalogue=coles/coles-catalogue-december-3-9-2025-vic-metro/,save_was_arithmetic,displayed_price;save_was_arithmetic,2,verified
Coles,VIC METRO,"Coles Catalogue December 3 - 9, 2025 VIC METRO",2025-12-03,2025-12-10,34,Bega Smooth or Crunchy Peanut Butter 470g,5.5,6.9,1.4,20.29,save_amount,470g,$1.17 per 100g,SAVES1.40 | WAS$6.90 | Bega Smooth or Crunchy Peanut | Butter 470g $1.17 per 100g | VIC-METRO-031 2-25-547900,96.37,False,,https://caau.syd1.cdn.digitaloceanspaces.com/wp-content/uploads/catalogue/coles/coles-catalogue-december-3-9-2025-vic-metro/34.jpg,https://www.catalogueau.com/coles/#catalogue=coles/coles-catalogue-december-3-9-2025-vic-metro/,save_was_arithmetic,displayed_price;save_was_arithmetic;unit_price,3,verified
Coles,VIC METRO,"Coles Catalogue December 3 - 9, 2025 VIC METRO",2025-12-03,2025-12-10,34,Bonne Maman Conserve 370g,5.5,6.9,1.4,20.29,save_amount,370g,$1.49 per 100g,SAVE51.40 | ‘WAS$6.90 | Bonne Maman Conserve 370g | $1.49 per 100g | 34,96.73,False,,https://caau.syd1.cdn.digitaloceanspaces.com/wp-content/uploads/catalogue/coles/coles-catalogue-december-3-9-2025-vic-metro/34.jpg,https://www.catalogueau.com/coles/#catalogue=coles/coles-catalogue-december-3-9-2025-vic-metro/,displayed_price,displayed_price;unit_price,2,verified
Coles,VIC METRO,"Coles Catalogue December 3 - 9, 2025 VIC METRO",2025-12-03,2025-12-10,34,Nestlé Bakers Choice Baking Chocolate Bits 200g,4.2,,,,special,200g,$2.10 per 100g,Nestlé Bakers Choice Baking Chocolate | Bits 200g $2.10 per 100g | Lndl3 | —_—,96.4,True,single_price_evidence,https://caau.syd1.cdn.digitaloceanspaces.com/wp-content/uploads/catalogue/coles/coles-catalogue-december-3-9-2025-vic-metro/34.jpg,https://www.catalogueau.com/coles/#catalogue=coles/coles-catalogue-december-3-9-2025-vic-metro/,unit_price,unit_price,1,review
Coles,VIC METRO,"Coles Catalogue December 3 - 9, 2025 VIC METRO",2025-12-03,2025-12-10,35,Fantastic Noodle Cup or Bowl 70g-85g,1.0,2.5,1.5,60.0,save_amount,70g; 85g,,SAVES1.50 | WASS$2.50 | Fantastic Noodle Cup | or Bowl 70g-85g,94.82,False,,https://caau.syd1.cdn.digitaloceanspaces.com/wp-content/uploads/catalogue/coles/coles-catalogue-december-3-9-2025-vic-metro/35.jpg,https://www.catalogueau.com/coles/#catalogue=coles/coles-catalogue-december-3-9-2025-vic-metro/,save_was_arithmetic,displayed_price;save_was_arithmetic,2,verified
Coles,VIC METRO,"Coles Catalogue December 3 - 9, 2025 VIC METRO",2025-12-03,2025-12-10,35,Golden Crumpet Rounds 6 Pack 300g,2.4,4.8,2.4,50.0,half_price,6 Pack; 300g,$0.80 per 100g,SAVES2.40 | WASS4.80 | Golden Crumpet Rounds | 6 Pack 300g $0.80 per 100g,96.33,False,,https://caau.syd1.cdn.digitaloceanspaces.com/wp-content/uploads/catalogue/coles/coles-catalogue-december-3-9-2025-vic-metro/35.jpg,https://www.catalogueau.com/coles/#catalogue=coles/coles-catalogue-december-3-9-2025-vic-metro/,save_was_arithmetic,displayed_price;save_was_arithmetic;unit_price,3,verified
Coles,VIC METRO,"Coles Catalogue December 3 - 9, 2025 VIC METRO",2025-12-03,2025-12-10,35,oe Cereal Kello:,3.75,7.5,3.75,50.0,half_price,,,SAVES3.75 | WAS$7.50 | oe Cereal | Kello: | Kellogg's Just Right Cereal | ES) | 's Just Rit | 460g $\,40.35,True,low_ocr_confidence;low_name_confidence_strict;single_price_evidence,https://caau.syd1.cdn.digitaloceanspaces.com/wp-content/uploads/catalogue/coles/coles-catalogue-december-3-9-2025-vic-metro/35.jpg,https://www.catalogueau.com/coles/#catalogue=coles/coles-catalogue-december-3-9-2025-vic-metro/,save_was_arithmetic,save_was_arithmetic,1,review
Coles,VIC METRO,"Coles Catalogue December 3 - 9, 2025 VIC METRO",2025-12-03,2025-12-10,35,John West Salmon 95g,2.8,3.5,0.7,20.0,save_amount,95g,$29.47 per kg,SAVE70‘ | WASS3.50 | John West Salmon 95g | $29.47 per kg,95.91,True,single_price_evidence,https://caau.syd1.cdn.digitaloceanspaces.com/wp-content/uploads/catalogue/coles/coles-catalogue-december-3-9-2025-vic-metro/35.jpg,https://www.catalogueau.com/coles/#catalogue=coles/coles-catalogue-december-3-9-2025-vic-metro/,unit_price,unit_price,1,review
Coles,VIC METRO,"Coles Catalogue December 3 - 9, 2025 VIC METRO",2025-12-03,2025-12-10,35,Sanitarium Up&Go Protein Energize 3x250mL,5.3,7.6,2.3,30.26,save_amount,3x250mL,$7.07 per litre,SAVES2.30 | WASS$7.60 | Sanitarium Up&Go Protein | Energize 3x250mL $7.07 per litre | — | nus | Sa,94.13,False,,https://caau.syd1.cdn.digitaloceanspaces.com/wp-content/uploads/catalogue/coles/coles-catalogue-december-3-9-2025-vic-metro/35.jpg,https://www.catalogueau.com/coles/#catalogue=coles/coles-catalogue-december-3-9-2025-vic-metro/,save_was_arithmetic,displayed_price;save_was_arithmetic;unit_price,3,verified
Coles,VIC METRO,"Coles Catalogue December 3 - 9, 2025 VIC METRO",2025-12-03,2025-12-10,35,Nestlé Milo Cereal 535g-620g,4.75,9.5,4.75,50.0,half_price,535g; 620g,,WASS9.50 | WASS9.50 | Nestlé Milo Cereal | 535g-620g,79.0,True,low_name_confidence_strict;inferred_price_requires_review,https://caau.syd1.cdn.digitaloceanspaces.com/wp-content/uploads/catalogue/coles/coles-catalogue-december-3-9-2025-vic-metro/35.jpg,https://www.catalogueau.com/coles/#catalogue=coles/coles-catalogue-december-3-9-2025-vic-metro/,page_discount_inference,page_discount,0,review
Coles,VIC METRO,"Coles Catalogue December 3 - 9, 2025 VIC METRO",2025-12-03,2025-12-10,35,Barilla Pesto 190g-195g ‘See page 30 forT&Cs,2.65,5.3,2.65,50.0,half_price,190g; 195g,,WAS$5.30 | WAS$5.30 | NOV 2025 | Barilla Pesto 190g-195g | ‘See page 30 forT&Cs | 35,87.84,True,inferred_price_requires_review,https://caau.syd1.cdn.digitaloceanspaces.com/wp-content/uploads/catalogue/coles/coles-catalogue-december-3-9-2025-vic-metro/35.jpg,https://www.catalogueau.com/coles/#catalogue=coles/coles-catalogue-december-3-9-2025-vic-metro/,page_discount_inference,page_discount,0,review
Coles,VIC METRO,"Coles Catalogue December 3 - 9, 2025 VIC METRO",2025-12-03,2025-12-10,35,Bhuja Mix 140g-160g,3.0,4.5,1.5,33.33,save_amount,140g; 160g,,SAVES1.50 | WASS$4.50 | Bhuja Mix 140g-160g | On sale for 2 weeks | VIC-METRO-031 2-25-547900,92.48,False,,https://caau.syd1.cdn.digitaloceanspaces.com/wp-content/uploads/catalogue/coles/coles-catalogue-december-3-9-2025-vic-metro/35.jpg,https://www.catalogueau.com/coles/#catalogue=coles/coles-catalogue-december-3-9-2025-vic-metro/,save_was_arithmetic,displayed_price;save_was_arithmetic,2,verified
Coles,VIC METRO,"Coles Catalogue December 3 - 9, 2025 VIC METRO",2025-12-03,2025-12-10,35,John West Tuna 425g,5.0,6.3,1.3,20.63,save_amount,425g,$11.76 per kg,SAVES1.30 | WASS$6.30 | John West Tuna 425g | $11.76 per kg | 35,94.07,False,,https://caau.syd1.cdn.digitaloceanspaces.com/wp-content/uploads/catalogue/coles/coles-catalogue-december-3-9-2025-vic-metro/35.jpg,https://www.catalogueau.com/coles/#catalogue=coles/coles-catalogue-december-3-9-2025-vic-metro/,save_was_arithmetic,displayed_price;save_was_arithmetic;unit_price,3,verified
Coles,VIC METRO,"Coles Catalogue December 3 - 9, 2025 VIC METRO",2025-12-03,2025-12-10,35,Berri Quelch Water Ice 24 Pack,5.3,7.8,2.5,32.05,save_amount,24 Pack,$0.32 per 100mL,SAVES2.50 | WAS$7.80 | Berri Quelch Water Ice | 24 Pack $0.32 per 100mL | On sale for 2 weeks,93.68,True,single_price_evidence,https://caau.syd1.cdn.digitaloceanspaces.com/wp-content/uploads/catalogue/coles/coles-catalogue-december-3-9-2025-vic-metro/35.jpg,https://www.catalogueau.com/coles/#catalogue=coles/coles-catalogue-december-3-9-2025-vic-metro/,save_was_arithmetic,save_was_arithmetic,1,review
Coles,VIC METRO,"Coles Catalogue December 3 - 9, 2025 VIC METRO",2025-12-03,2025-12-10,36,Sirena Tuna 95g,2.3,2.95,0.65,22.03,save_amount,95g,$24.21 per kg,WASS$2.95 | WASS$2.95 | Sirena Tuna 95g | $24.21 per kg | ¢ | 2 | a | %,94.56,True,single_price_evidence,https://caau.syd1.cdn.digitaloceanspaces.com/wp-content/uploads/catalogue/coles/coles-catalogue-december-3-9-2025-vic-metro/36.jpg,https://www.catalogueau.com/coles/#catalogue=coles/coles-catalogue-december-3-9-2025-vic-metro/,unit_price,unit_price,1,review
Coles,VIC METRO,"Coles Catalogue December 3 - 9, 2025 VIC METRO",2025-12-03,2025-12-10,36,Mutti Passata 700g,3.8,4.8,1.0,20.83,save_amount,700g,$0.54 per 100g,WASS4.80 | WASS4.80 | Mutti Passata 700g | $0.54 per 100g | aa,91.28,True,single_price_evidence,https://caau.syd1.cdn.digitaloceanspaces.com/wp-content/uploads/catalogue/coles/coles-catalogue-december-3-9-2025-vic-metro/36.jpg,https://www.catalogueau.com/coles/#catalogue=coles/coles-catalogue-december-3-9-2025-vic-metro/,unit_price,unit_price,1,review
Coles,VIC METRO,"Coles Catalogue December 3 - 9, 2025 VIC METRO",2025-12-03,2025-12-10,36,Sungold Basmati Rice 5kg,15.0,30.0,15.0,50.0,half_price,5kg,$0.30 per 100g,WASS30 | WASS30 | Sungold Basmati Rice 5kg | $0.30 per 100g,92.23,True,single_price_evidence,https://caau.syd1.cdn.digitaloceanspaces.com/wp-content/uploads/catalogue/coles/coles-catalogue-december-3-9-2025-vic-metro/36.jpg,https://www.catalogueau.com/coles/#catalogue=coles/coles-catalogue-december-3-9-2025-vic-metro/,displayed_price,displayed_price,1,review
Coles,VIC METRO,"Coles Catalogue December 3 - 9, 2025 VIC METRO",2025-12-03,2025-12-10,36,Moro Olive Oil 4 Litre,45.0,65.0,20.0,30.77,save_amount,4 Litre,$1.13 per 100mL,WASS65 | WASS65 | Moro Olive Oil 4 Litre | $1.13 per 100mL,96.2,True,single_price_evidence,https://caau.syd1.cdn.digitaloceanspaces.com/wp-content/uploads/catalogue/coles/coles-catalogue-december-3-9-2025-vic-metro/36.jpg,https://www.catalogueau.com/coles/#catalogue=coles/coles-catalogue-december-3-9-2025-vic-metro/,displayed_price,displayed_price,1,review
Coles,VIC METRO,"Coles Catalogue December 3 - 9, 2025 VIC METRO",2025-12-03,2025-12-10,36,Moro Olive Oil 500mL,9.0,16.0,7.0,43.75,save_amount,500mL,$1.80 per 100mL,WASS16 | WASS16 | Moro Olive Oil 500mL | $1.80 per 100mL,93.89,False,,https://caau.syd1.cdn.digitaloceanspaces.com/wp-content/uploads/catalogue/coles/coles-catalogue-december-3-9-2025-vic-metro/36.jpg,https://www.catalogueau.com/coles/#catalogue=coles/coles-catalogue-december-3-9-2025-vic-metro/,displayed_price,displayed_price;unit_price,2,verified
Coles,VIC METRO,"Coles Catalogue December 3 - 9, 2025 VIC METRO",2025-12-03,2025-12-10,36,Alfa One Rice Bran Oil 3 Litre,14.0,17.65,3.65,20.68,save_amount,3 Litre,$0.47 per 100mL,WASS17.65 | WASS17.65 | Alfa One Rice Bran Oil 3 Litre | $0.47 per 100mL | Share The Best,96.29,True,single_price_evidence,https://caau.syd1.cdn.digitaloceanspaces.com/wp-content/uploads/catalogue/coles/coles-catalogue-december-3-9-2025-vic-metro/36.jpg,https://www.catalogueau.com/coles/#catalogue=coles/coles-catalogue-december-3-9-2025-vic-metro/,displayed_price,displayed_price,1,review
Coles,VIC METRO,"Coles Catalogue December 3 - 9, 2025 VIC METRO",2025-12-03,2025-12-10,36,It’s what John West rejects that makes Bi@eAWs38,2.3,3.5,1.2,34.29,save_amount,,,It’s what John West rejects | that makes Bi@eAWs38,71.75,True,offer_labels_missing;low_name_confidence_strict;single_price_evidence,https://caau.syd1.cdn.digitaloceanspaces.com/wp-content/uploads/catalogue/coles/coles-catalogue-december-3-9-2025-vic-metro/36.jpg,https://www.catalogueau.com/coles/#catalogue=coles/coles-catalogue-december-3-9-2025-vic-metro/,unknown,,0,review
Coles,VIC METRO,"Coles Catalogue December 3 - 9, 2025 VIC METRO",2025-12-03,2025-12-10,36,PRIMERO EXTRA,9.0,,,,special,,,PRIMERO | EXTRA | VIRGIN | °45. | OLIVE OIL | FIRST COLO PRESSED FOR FLAVOUR,76.88,True,offer_labels_missing;save_amount_missing;regular_price_missing;low_name_confidence_strict;single_price_evidence,https://caau.syd1.cdn.digitaloceanspaces.com/wp-content/uploads/catalogue/coles/coles-catalogue-december-3-9-2025-vic-metro/36.jpg,https://www.catalogueau.com/coles/#catalogue=coles/coles-catalogue-december-3-9-2025-vic-metro/,displayed_price,displayed_price,1,review
Coles,VIC METRO,"Coles Catalogue December 3 - 9, 2025 VIC METRO",2025-12-03,2025-12-10,37,McCain Pizza Slices 2 Pack 600g,7.7,9.8,2.1,21.43,save_amount,2 Pack; 600g,$1.28 per 100g,SAVE52.10 | WASS9.80 | McCain Pizza Slices 2 Pack | 600g $1.28 per 100g | *See page 30 forT&Cs | Sa,96.6,False,,https://caau.syd1.cdn.digitaloceanspaces.com/wp-content/uploads/catalogue/coles/coles-catalogue-december-3-9-2025-vic-metro/37.jpg,https://www.catalogueau.com/coles/#catalogue=coles/coles-catalogue-december-3-9-2025-vic-metro/,displayed_price,displayed_price;unit_price,2,verified
Coles,VIC METRO,"Coles Catalogue December 3 - 9, 2025 VIC METRO",2025-12-03,2025-12-10,37,McCain Rustica Pizza 370g-460g ———,8.8,11.0,2.2,20.0,save_amount,370g; 460g,,SAVES2.20 | WASS11 | McCain Rustica Pizza 370g-460g | ———,53.45,True,low_ocr_confidence;low_name_confidence_strict,https://caau.syd1.cdn.digitaloceanspaces.com/wp-content/uploads/catalogue/coles/coles-catalogue-december-3-9-2025-vic-metro/37.jpg,https://www.catalogueau.com/coles/#catalogue=coles/coles-catalogue-december-3-9-2025-vic-metro/,save_was_arithmetic,displayed_price;save_was_arithmetic,2,review
Coles,VIC METRO,"Coles Catalogue December 3 - 9, 2025 VIC METRO",2025-12-03,2025-12-10,37,McCain Beer Batter Chips 750g,4.6,5.8,1.2,20.69,save_amount,750g,$6.13 per kg,SAVE*1.20 | WASS5.80 | McCain Beer Batter Chips | 750g $6.13 per kg | i} | SWEET,96.56,False,,https://caau.syd1.cdn.digitaloceanspaces.com/wp-content/uploads/catalogue/coles/coles-catalogue-december-3-9-2025-vic-metro/37.jpg,https://www.catalogueau.com/coles/#catalogue=coles/coles-catalogue-december-3-9-2025-vic-metro/,save_was_arithmetic,displayed_price;save_was_arithmetic;unit_price,3,verified
Coles,VIC METRO,"Coles Catalogue December 3 - 9, 2025 VIC METRO",2025-12-03,2025-12-10,37,Family Faves Chicken Tenders Tkg,10.0,12.0,2.0,16.67,save_amount,,$10.00 per kg,WASS12. | WASS12. | OCT 2025 | Family Faves Chicken Tenders | Tkg $10.00 per kg,79.0,True,low_name_confidence_strict;single_price_evidence,https://caau.syd1.cdn.digitaloceanspaces.com/wp-content/uploads/catalogue/coles/coles-catalogue-december-3-9-2025-vic-metro/37.jpg,https://www.catalogueau.com/coles/#catalogue=coles/coles-catalogue-december-3-9-2025-vic-metro/,displayed_price,displayed_price,1,review
Coles,VIC METRO,"Coles Catalogue December 3 - 9, 2025 VIC METRO",2025-12-03,2025-12-10,37,Birds Eye Oven Bake Fish Fillets 425g,9.0,12.0,3.0,25.0,save_amount,425g,$21.18 per kg,SAVES3 | WASS12 | Birds Eye Oven Bake Fish Fillets | 425g $21.18 per kg | Catatlos | special,95.92,False,,https://caau.syd1.cdn.digitaloceanspaces.com/wp-content/uploads/catalogue/coles/coles-catalogue-december-3-9-2025-vic-metro/37.jpg,https://www.catalogueau.com/coles/#catalogue=coles/coles-catalogue-december-3-9-2025-vic-metro/,save_was_arithmetic,save_was_arithmetic;unit_price,2,verified
Coles,VIC METRO,"Coles Catalogue December 3 - 9, 2025 VIC METRO",2025-12-03,2025-12-10,37,Four'N Twenty Angus Meat Pies 4 Pack 700g,7.5,12.5,5.0,40.0,save_amount,4 Pack; 700g,$1.07 per 100g,"SAVES | WASS12.50 | Four'N Twenty Angus Meat Pies | 4 Pack 700g $1.07 per 100g | Catalogue on sale Wed 3rd Dee until Tue 9th Dee 2025 or until Tue 16th Dee where indicated. Selected | specials commenced Wed 26th Nov. Promotional prices commence 7am Wednesday and may commence or extend | beyond the advertised date. Promotional products and prices are not available on DoorDash, UberEats or at Coles Express,",95.63,True,single_price_evidence,https://caau.syd1.cdn.digitaloceanspaces.com/wp-content/uploads/catalogue/coles/coles-catalogue-december-3-9-2025-vic-metro/37.jpg,https://www.catalogueau.com/coles/#catalogue=coles/coles-catalogue-december-3-9-2025-vic-metro/,unit_price,unit_price,1,review
Coles,VIC METRO,"Coles Catalogue December 3 - 9, 2025 VIC METRO",2025-12-03,2025-12-10,38,Peters Maxibon 4 Pack 560mL,5.75,11.5,5.75,50.0,half_price,4 Pack; 560mL,$1.03 per 100mL,SAVE‘5.75 | WASS11.50 | Peters Maxibon 4 Pack 560mL | $1.03 per 100mL | a | ——,91.53,False,,https://caau.syd1.cdn.digitaloceanspaces.com/wp-content/uploads/catalogue/coles/coles-catalogue-december-3-9-2025-vic-metro/38.jpg,https://www.catalogueau.com/coles/#catalogue=coles/coles-catalogue-december-3-9-2025-vic-metro/,save_was_arithmetic,displayed_price;save_was_arithmetic;unit_price,3,verified
Coles,VIC METRO,"Coles Catalogue December 3 - 9, 2025 VIC METRO",2025-12-03,2025-12-10,38,Bulla Creamy Classics Ice Cream Tub 2 Litre,6.0,12.0,6.0,50.0,half_price,2 Litre,$0.30 per 100mL,"SAVE%6 | WASS12 | Bulla Creamy Classics Ice Cream Tub | 2 Litre $0.30 per 100mL | ee BY,",94.43,False,,https://caau.syd1.cdn.digitaloceanspaces.com/wp-content/uploads/catalogue/coles/coles-catalogue-december-3-9-2025-vic-metro/38.jpg,https://www.catalogueau.com/coles/#catalogue=coles/coles-catalogue-december-3-9-2025-vic-metro/,save_was_arithmetic,displayed_price;save_was_arithmetic,2,verified
Coles,VIC METRO,"Coles Catalogue December 3 - 9, 2025 VIC METRO",2025-12-03,2025-12-10,38,Peters Original Twin Pole Sticks 8 Pack 544mL-590mL,4.0,8.0,4.0,50.0,half_price,8 Pack; 544mL; 590mL,,SAVES4 | WASS$8 | Peters Original Twin Pole Sticks | 8 Pack 544mL-590mL | On sale for 2 weeks,94.5,False,,https://caau.syd1.cdn.digitaloceanspaces.com/wp-content/uploads/catalogue/coles/coles-catalogue-december-3-9-2025-vic-metro/38.jpg,https://www.catalogueau.com/coles/#catalogue=coles/coles-catalogue-december-3-9-2025-vic-metro/,save_was_arithmetic,displayed_price;save_was_arithmetic,2,verified
Coles,VIC METRO,"Coles Catalogue December 3 - 9, 2025 VIC METRO",2025-12-03,2025-12-10,38,Hershey's or Reese's Ice Cream Tub 1 Litre,5.5,11.0,5.5,50.0,half_price,1 Litre,$0.55 per 100mL,SAVE 55.50 | WASS11 | Hershey's or Reese's | Ice Cream Tub 1 Litre | $0.55 per 100mL | Ca 9,95.19,False,,https://caau.syd1.cdn.digitaloceanspaces.com/wp-content/uploads/catalogue/coles/coles-catalogue-december-3-9-2025-vic-metro/38.jpg,https://www.catalogueau.com/coles/#catalogue=coles/coles-catalogue-december-3-9-2025-vic-metro/,save_was_arithmetic,save_was_arithmetic;unit_price,2,verified
Coles,VIC METRO,"Coles Catalogue December 3 - 9, 2025 VIC METRO",2025-12-03,2025-12-10,38,Norco Cape Byron Ice Cream Sticks 4 Pack 380mL,6.25,12.5,6.25,50.0,half_price,4 Pack; 380mL,$1.64 per 100mL,SAVES6.25 | WASS12.50 | Norco Cape Byron Ice Cream | Sticks 4 Pack 380mL | $1.64 per 100mL | SS,93.39,False,,https://caau.syd1.cdn.digitaloceanspaces.com/wp-content/uploads/catalogue/coles/coles-catalogue-december-3-9-2025-vic-metro/38.jpg,https://www.catalogueau.com/coles/#catalogue=coles/coles-catalogue-december-3-9-2025-vic-metro/,save_was_arithmetic,displayed_price;save_was_arithmetic;unit_price,3,verified
Coles,VIC METRO,"Coles Catalogue December 3 - 9, 2025 VIC METRO",2025-12-03,2025-12-10,38,Cadbury Dairy Milk Sticks 4 Pack-6 Pack 300mL-360mL,7.2,12.0,4.8,40.0,save_amount,4 Pack; 6 Pack; 300mL; 360mL,,SAVES4.80 | WASS12 | Cadbury Dairy Milk | Sticks 4 Pack-6 Pack | 300mL-360mL | 2nd week on sale,94.14,True,single_price_evidence,https://caau.syd1.cdn.digitaloceanspaces.com/wp-content/uploads/catalogue/coles/coles-catalogue-december-3-9-2025-vic-metro/38.jpg,https://www.catalogueau.com/coles/#catalogue=coles/coles-catalogue-december-3-9-2025-vic-metro/,save_was_arithmetic,save_was_arithmetic,1,review
Coles,VIC METRO,"Coles Catalogue December 3 - 9, 2025 VIC METRO",2025-12-03,2025-12-10,38,Borg's Frozen Shortcrust or Puff Pastry Roll 300g,4.0,5.0,1.0,20.0,save_amount,300g,$0.67 per 100g,SAVES1 | Borg's Frozen Shortcrust | or Puff Pastry Roll 300g | $0.67 per 100g. | On sale for 2 weeks | 38,94.43,True,unit_price_conflict;single_price_evidence,https://caau.syd1.cdn.digitaloceanspaces.com/wp-content/uploads/catalogue/coles/coles-catalogue-december-3-9-2025-vic-metro/38.jpg,https://www.catalogueau.com/coles/#catalogue=coles/coles-catalogue-december-3-9-2025-vic-metro/,displayed_price,displayed_price,1,review
Coles,VIC METRO,"Coles Catalogue December 3 - 9, 2025 VIC METRO",2025-12-03,2025-12-10,38,Nanna's Apple Snack Pies 4 Pack 450g or Family Size Apple Pie 600g,4.5,6.5,2.0,30.77,save_amount,4 Pack; 450g; 600g,,SAVES2 | WAS$6.50 | Nanna's Apple Snack Pies | 4 Pack 450g or Family | Size Apple Pie 600g | VIC-METRO-031 2-25-547900,95.53,True,single_price_evidence,https://caau.syd1.cdn.digitaloceanspaces.com/wp-content/uploads/catalogue/coles/coles-catalogue-december-3-9-2025-vic-metro/38.jpg,https://www.catalogueau.com/coles/#catalogue=coles/coles-catalogue-december-3-9-2025-vic-metro/,save_was_arithmetic,save_was_arithmetic,1,review
Coles,VIC METRO,"Coles Catalogue December 3 - 9, 2025 VIC METRO",2025-12-03,2025-12-10,38,Streets Magnum Sticks 4 Pack-6 Pack 360mL-428mL,12.0,24.0,12.0,50.0,half_price,4 Pack; 6 Pack; 360mL; 428mL,,SAVE 512 | Streets Magnum Sticks | 4 Pack-6 Pack | 360mL-428mL | 38,92.15,True,single_price_evidence,https://caau.syd1.cdn.digitaloceanspaces.com/wp-content/uploads/catalogue/coles/coles-catalogue-december-3-9-2025-vic-metro/38.jpg,https://www.catalogueau.com/coles/#catalogue=coles/coles-catalogue-december-3-9-2025-vic-metro/,displayed_price,displayed_price,1,review
Coles,VIC METRO,"Coles Catalogue December 3 - 9, 2025 VIC METRO",2025-12-03,2025-12-10,39,KB's Barramundi Fillets 1kg,20.8,26.0,5.2,20.0,save_amount,1kg,$20.80 per kg,KB's Barramundi Fillets 1kg | $20.80 per kg,88.3,False,,https://caau.syd1.cdn.digitaloceanspaces.com/wp-content/uploads/catalogue/coles/coles-catalogue-december-3-9-2025-vic-metro/39.jpg,https://www.catalogueau.com/coles/#catalogue=coles/coles-catalogue-december-3-9-2025-vic-metro/,displayed_price,displayed_price;unit_price,2,verified
Coles,VIC METRO,"Coles Catalogue December 3 - 9, 2025 VIC METRO",2025-12-03,2025-12-10,39,KB's Raw Prawns Tail On 1kg,32.0,,,,special,1kg,$32.00 per kg,KB's Raw Prawns Tail On 1kg | $32.00 per kg,92.59,False,,https://caau.syd1.cdn.digitaloceanspaces.com/wp-content/uploads/catalogue/coles/coles-catalogue-december-3-9-2025-vic-metro/39.jpg,https://www.catalogueau.com/coles/#catalogue=coles/coles-catalogue-december-3-9-2025-vic-metro/,displayed_price,displayed_price;unit_price,2,verified
Coles,VIC METRO,"Coles Catalogue December 3 - 9, 2025 VIC METRO",2025-12-03,2025-12-10,39,Check out our website www.kbseafoodco.com.au,5.2,26.0,20.8,80.0,save_amount,,$20.80 per kg,$20.80 per kg | Check out our website www.kbseafoodco.com.au,93.81,True,offer_labels_missing;single_price_evidence,https://caau.syd1.cdn.digitaloceanspaces.com/wp-content/uploads/catalogue/coles/coles-catalogue-december-3-9-2025-vic-metro/39.jpg,https://www.catalogueau.com/coles/#catalogue=coles/coles-catalogue-december-3-9-2025-vic-metro/,unknown,,0,review
Coles,VIC METRO,"Coles Catalogue December 3 - 9, 2025 VIC METRO",2025-12-03,2025-12-10,41,Perfect Italiano Grated Cheese 250g,5.2,6.5,1.3,20.0,save_amount,250g,$20.80 per kg,SAVE51.30 | ‘WAS$6.50 | Perfect Italiano Grated Cheese | 250g $20.80 per kg,96.36,True,single_price_evidence,https://caau.syd1.cdn.digitaloceanspaces.com/wp-content/uploads/catalogue/coles/coles-catalogue-december-3-9-2025-vic-metro/41.jpg,https://www.catalogueau.com/coles/#catalogue=coles/coles-catalogue-december-3-9-2025-vic-metro/,unit_price,unit_price,1,review
Coles,VIC METRO,"Coles Catalogue December 3 - 9, 2025 VIC METRO",2025-12-03,2025-12-10,41,Table of Plenty Kefir 1kg,7.0,9.3,2.3,24.73,save_amount,1kg,$0.70 per 100g,SAVE52.30 | WASS$9.30 | Table of Plenty Kefir 1kg | $0.70 per 100g | = |,90.28,False,,https://caau.syd1.cdn.digitaloceanspaces.com/wp-content/uploads/catalogue/coles/coles-catalogue-december-3-9-2025-vic-metro/41.jpg,https://www.catalogueau.com/coles/#catalogue=coles/coles-catalogue-december-3-9-2025-vic-metro/,displayed_price,displayed_price;unit_price,2,verified
Coles,VIC METRO,"Coles Catalogue December 3 - 9, 2025 VIC METRO",2025-12-03,2025-12-10,41,Dare Flavoured Milk 750mL,4.3,5.4,1.1,20.37,save_amount,750mL,$5.73 per litre,SAVE*1.10 | WASS5.40 | Dare Flavoured Milk 750mL | $5.73 per litre | —_——— | 6,94.57,False,,https://caau.syd1.cdn.digitaloceanspaces.com/wp-content/uploads/catalogue/coles/coles-catalogue-december-3-9-2025-vic-metro/41.jpg,https://www.catalogueau.com/coles/#catalogue=coles/coles-catalogue-december-3-9-2025-vic-metro/,save_was_arithmetic,save_was_arithmetic;unit_price,2,verified
Coles,VIC METRO,"Coles Catalogue December 3 - 9, 2025 VIC METRO",2025-12-03,2025-12-10,41,The Juice Lab Wellness Shot 350mL,10.0,12.0,2.0,16.67,save_amount,350mL,$28.57 per litre,SAVES2 | WASS12 | The Juice Lab Wellness Shot | 350mL $28.57 per litre,95.29,False,,https://caau.syd1.cdn.digitaloceanspaces.com/wp-content/uploads/catalogue/coles/coles-catalogue-december-3-9-2025-vic-metro/41.jpg,https://www.catalogueau.com/coles/#catalogue=coles/coles-catalogue-december-3-9-2025-vic-metro/,save_was_arithmetic,save_was_arithmetic;unit_price,2,verified
Coles,VIC METRO,"Coles Catalogue December 3 - 9, 2025 VIC METRO",2025-12-03,2025-12-10,41,Flora Margarine Spread 500g,4.0,55.25,51.25,92.76,save_amount,500g,$0.80 per 100g,SAVE51.25 | Flora Margarine Spread 500g | $0.80 per 100g,96.23,False,,https://caau.syd1.cdn.digitaloceanspaces.com/wp-content/uploads/catalogue/coles/coles-catalogue-december-3-9-2025-vic-metro/41.jpg,https://www.catalogueau.com/coles/#catalogue=coles/coles-catalogue-december-3-9-2025-vic-metro/,displayed_price,displayed_price;unit_price,2,verified
Coles,VIC METRO,"Coles Catalogue December 3 - 9, 2025 VIC METRO",2025-12-03,2025-12-10,41,Western Star Butter 250g,4.7,5.2,0.5,9.62,save_amount,250g,$1.88 per 100g,WASS$5.20 | WASS$5.20 | OCT 2025 | Western Star Butter 250g | $1.88 | $1.88 per 100g | Al,79.0,True,low_name_confidence_strict;single_price_evidence,https://caau.syd1.cdn.digitaloceanspaces.com/wp-content/uploads/catalogue/coles/coles-catalogue-december-3-9-2025-vic-metro/41.jpg,https://www.catalogueau.com/coles/#catalogue=coles/coles-catalogue-december-3-9-2025-vic-metro/,unit_price,unit_price,1,review
Coles,VIC METRO,"Coles Catalogue December 3 - 9, 2025 VIC METRO",2025-12-03,2025-12-10,41,Paul's Bluey Flavoured Milk 250mL,2.7,,,,special,250mL,$10.80 per litre,Paul's Bluey Flavoured Milk | 250mL $10.80 per litre | Fi,94.86,True,offer_labels_missing;save_amount_missing;regular_price_missing,https://caau.syd1.cdn.digitaloceanspaces.com/wp-content/uploads/catalogue/coles/coles-catalogue-december-3-9-2025-vic-metro/41.jpg,https://www.catalogueau.com/coles/#catalogue=coles/coles-catalogue-december-3-9-2025-vic-metro/,displayed_price,displayed_price;grid_inference;unit_price,2,review
Coles,VIC METRO,"Coles Catalogue December 3 - 9, 2025 VIC METRO",2025-12-03,2025-12-10,42,Sensodyne Alcohol Free Cool Mint Mouthwash 500mL*,5.9,,,,special,500mL,$1.18 per 100mL,Sensodyne Alcohol Free Cool | Mint Mouthwash 500mL* | $1.18 per 100mL,93.24,True,single_price_evidence,https://caau.syd1.cdn.digitaloceanspaces.com/wp-content/uploads/catalogue/coles/coles-catalogue-december-3-9-2025-vic-metro/42.jpg,https://www.catalogueau.com/coles/#catalogue=coles/coles-catalogue-december-3-9-2025-vic-metro/,unit_price,unit_price,1,review
Coles,VIC METRO,"Coles Catalogue December 3 - 9, 2025 VIC METRO",2025-12-03,2025-12-10,42,Sensodyne Repair & Protect Whitening or Cool Mint Toothpaste 100g*,7.35,,,,special,100g,$7.35 per 100g,Sensodyne Repair & Protect | Whitening or Cool Mint | Toothpaste 100g* $7.35 per 100g | G | nee,94.24,False,,https://caau.syd1.cdn.digitaloceanspaces.com/wp-content/uploads/catalogue/coles/coles-catalogue-december-3-9-2025-vic-metro/42.jpg,https://www.catalogueau.com/coles/#catalogue=coles/coles-catalogue-december-3-9-2025-vic-metro/,displayed_price,displayed_price;unit_price,2,verified
Coles,VIC METRO,"Coles Catalogue December 3 - 9, 2025 VIC METRO",2025-12-03,2025-12-10,42,Sensodyne Soft Daily Care Toothbrush 3 Pack,6.6,,,,special,3 Pack,$2.20 per each,Sensodyne Soft Daily | Care Toothbrush 3 Pack | $2.20 per each,95.13,True,single_price_evidence,https://caau.syd1.cdn.digitaloceanspaces.com/wp-content/uploads/catalogue/coles/coles-catalogue-december-3-9-2025-vic-metro/42.jpg,https://www.catalogueau.com/coles/#catalogue=coles/coles-catalogue-december-3-9-2025-vic-metro/,unit_price,unit_price,1,review
Coles,VIC METRO,"Coles Catalogue December 3 - 9, 2025 VIC METRO",2025-12-03,2025-12-10,42,Huggies Baby Wipes 70 Pack-80 Pack,3.5,,,,special,70 Pack; 80 Pack,,Huggies Baby Wipes | 70 Pack-80 Pack | *See page 30 forT&Cs,94.72,True,offer_labels_missing;save_amount_missing;regular_price_missing;single_price_evidence,https://caau.syd1.cdn.digitaloceanspaces.com/wp-content/uploads/catalogue/coles/coles-catalogue-december-3-9-2025-vic-metro/42.jpg,https://www.catalogueau.com/coles/#catalogue=coles/coles-catalogue-december-3-9-2025-vic-metro/,displayed_price,displayed_price,1,review
Coles,VIC METRO,"Coles Catalogue December 3 - 9, 2025 VIC METRO",2025-12-03,2025-12-10,42,Huggies Bulk Nappy Pants 24 Pack-36 Pack,13.0,,,,special,24 Pack; 36 Pack,,Huggies Bulk Nappy | Pants 24 Pack-36 Pack | *See page 30 forT&Cs | pon since,95.36,True,offer_labels_missing;save_amount_missing;regular_price_missing;single_price_evidence,https://caau.syd1.cdn.digitaloceanspaces.com/wp-content/uploads/catalogue/coles/coles-catalogue-december-3-9-2025-vic-metro/42.jpg,https://www.catalogueau.com/coles/#catalogue=coles/coles-catalogue-december-3-9-2025-vic-metro/,displayed_price,displayed_price,1,review
Coles,VIC METRO,"Coles Catalogue December 3 - 9, 2025 VIC METRO",2025-12-03,2025-12-10,42,Rascals Premium Jumbo Nappies 54 Pack-108 Pack,27.0,,,,special,54 Pack; 108 Pack,,Rascals Premium Jumbo | Nappies 54 Pack-108 Pack | 2nd week on sale | pon since,95.54,True,offer_labels_missing;save_amount_missing;regular_price_missing;single_price_evidence,https://caau.syd1.cdn.digitaloceanspaces.com/wp-content/uploads/catalogue/coles/coles-catalogue-december-3-9-2025-vic-metro/42.jpg,https://www.catalogueau.com/coles/#catalogue=coles/coles-catalogue-december-3-9-2025-vic-metro/,displayed_price,displayed_price,1,review
Coles,VIC METRO,"Coles Catalogue December 3 - 9, 2025 VIC METRO",2025-12-03,2025-12-10,42,"Rafferty's Garden 4+ Months, 6+ Months",9.0,,,,special,,$1.50 per 100g,"Rafferty's Garden | 4+ Months, 6+ Months | or 8+ Months Baby | Food Pouch 120g | $1.50 per 100g. | 2nd week on sale",94.94,True,offer_labels_missing;save_amount_missing;regular_price_missing;single_price_evidence,https://caau.syd1.cdn.digitaloceanspaces.com/wp-content/uploads/catalogue/coles/coles-catalogue-december-3-9-2025-vic-metro/42.jpg,https://www.catalogueau.com/coles/#catalogue=coles/coles-catalogue-december-3-9-2025-vic-metro/,displayed_price,displayed_price,1,review
Coles,VIC METRO,"Coles Catalogue December 3 - 9, 2025 VIC METRO",2025-12-03,2025-12-10,42,Alula Gentle Toddler Milk Drink Stage 3 900g,16.0,,,,special,900g,$1.78 per 100g,Alula Gentle Toddler Milk | Drink Stage 3 900g | <] | $1.78 per 100g | $1.78,79.0,True,low_name_confidence_strict,https://caau.syd1.cdn.digitaloceanspaces.com/wp-content/uploads/catalogue/coles/coles-catalogue-december-3-9-2025-vic-metro/42.jpg,https://www.catalogueau.com/coles/#catalogue=coles/coles-catalogue-december-3-9-2025-vic-metro/,displayed_price,displayed_price;unit_price,2,review
Coles,VIC METRO,"Coles Catalogue December 3 - 9, 2025 VIC METRO",2025-12-03,2025-12-10,42,QV Baby Gentle Wash 500g,14.35,,,,special,500g,$2.87 per 100g,QV Baby Gentle | Wash 500g | $2.87 per 100g,96.05,False,,https://caau.syd1.cdn.digitaloceanspaces.com/wp-content/uploads/catalogue/coles/coles-catalogue-december-3-9-2025-vic-metro/42.jpg,https://www.catalogueau.com/coles/#catalogue=coles/coles-catalogue-december-3-9-2025-vic-metro/,displayed_price,displayed_price;unit_price,2,verified
Coles,VIC METRO,"Coles Catalogue December 3 - 9, 2025 VIC METRO",2025-12-03,2025-12-10,42,Olié6 Goat Milk Stage 3 Premium Toddler Drink 800g,33.5,,,,special,800g,$4.19 per 100g,Olié6 Goat Milk Stage 3 | Premium Toddler Drink | 800g $4.19 per 100g,91.98,False,,https://caau.syd1.cdn.digitaloceanspaces.com/wp-content/uploads/catalogue/coles/coles-catalogue-december-3-9-2025-vic-metro/42.jpg,https://www.catalogueau.com/coles/#catalogue=coles/coles-catalogue-december-3-9-2025-vic-metro/,displayed_price,displayed_price;unit_price,2,verified
Coles,VIC METRO,"Coles Catalogue December 3 - 9, 2025 VIC METRO",2025-12-03,2025-12-10,43,Batiste Dry Shampoo Blush or Original 350mL,9.5,19.0,9.5,50.0,half_price,350mL,$2.71 per 100mL,WASS19 | WASS19 | Batiste Dry Shampoo Blush or | Original 350mL $2.71 per 100mL | ss | '>,94.48,True,single_price_evidence,https://caau.syd1.cdn.digitaloceanspaces.com/wp-content/uploads/catalogue/coles/coles-catalogue-december-3-9-2025-vic-metro/43.jpg,https://www.catalogueau.com/coles/#catalogue=coles/coles-catalogue-december-3-9-2025-vic-metro/,unit_price,unit_price,1,review
Coles,VIC METRO,"Coles Catalogue December 3 - 9, 2025 VIC METRO",2025-12-03,2025-12-10,43,Head & Shoulders Shampoo or Conditioner 850mL,13.0,26.0,13.0,50.0,half_price,850mL,$1.53 per 100mL,‘WAS§26 | ‘WAS§26 | Head & Shoulders Shampoo | or Conditioner 850mL | $1.53 per 100mL,93.65,False,,https://caau.syd1.cdn.digitaloceanspaces.com/wp-content/uploads/catalogue/coles/coles-catalogue-december-3-9-2025-vic-metro/43.jpg,https://www.catalogueau.com/coles/#catalogue=coles/coles-catalogue-december-3-9-2025-vic-metro/,displayed_price,displayed_price;unit_price,2,verified
Coles,VIC METRO,"Coles Catalogue December 3 - 9, 2025 VIC METRO",2025-12-03,2025-12-10,43,L'Oréal Excellence Creme Nudes Colourant 1 Pack,16.2,27.0,10.8,40.0,save_amount,1 Pack,$16.20 per each,WAS$27 | WAS$27 | L'Oréal Excellence Creme Nudes | Colourant 1 Pack $16.20 per each. | $1.53 per 100mL | *See page 30 forT&Cs | — | Oral:,94.96,True,single_price_evidence,https://caau.syd1.cdn.digitaloceanspaces.com/wp-content/uploads/catalogue/coles/coles-catalogue-december-3-9-2025-vic-metro/43.jpg,https://www.catalogueau.com/coles/#catalogue=coles/coles-catalogue-december-3-9-2025-vic-metro/,unit_price,unit_price,1,review
Coles,VIC METRO,"Coles Catalogue December 3 - 9, 2025 VIC METRO",2025-12-03,2025-12-10,43,Colgate Total Active Prevention Deep Clean or Whitening Toothpaste 200g,7.7,11.0,3.3,30.0,save_amount,200g,$3.85 per 100g,Colgate Total Active Prevention | Deep Clean or Whitening | Toothpaste 200g $3.85 per 100g | *See page 30 forT&Cs,96.35,False,,https://caau.syd1.cdn.digitaloceanspaces.com/wp-content/uploads/catalogue/coles/coles-catalogue-december-3-9-2025-vic-metro/43.jpg,https://www.catalogueau.com/coles/#catalogue=coles/coles-catalogue-december-3-9-2025-vic-metro/,displayed_price,displayed_price;unit_price,2,verified
Coles,VIC METRO,"Coles Catalogue December 3 - 9, 2025 VIC METRO",2025-12-03,2025-12-10,43,Oral B iO2 Electric Toothbrush White or Black 1 Pack,64.0,160.0,96.0,60.0,save_amount,1 Pack,$64.00 per each,WASS160 | WASS160 | Oral B iO2 Electric Toothbrush White | or Black 1 Pack | $64.00 per each. On sale for 2 weeks,94.95,False,,https://caau.syd1.cdn.digitaloceanspaces.com/wp-content/uploads/catalogue/coles/coles-catalogue-december-3-9-2025-vic-metro/43.jpg,https://www.catalogueau.com/coles/#catalogue=coles/coles-catalogue-december-3-9-2025-vic-metro/,displayed_price,displayed_price;unit_price,2,verified
Coles,VIC METRO,"Coles Catalogue December 3 - 9, 2025 VIC METRO",2025-12-03,2025-12-10,43,Tena Plus Night Continence Pants 12 Pack,17.5,25.0,7.5,30.0,save_amount,12 Pack,$1.46 per each,WAS$25 | WAS$25 | Tena Plus Night Continence | Pants 12 Pack $1.46 per each. | 2nd week on sale,96.41,True,single_price_evidence,https://caau.syd1.cdn.digitaloceanspaces.com/wp-content/uploads/catalogue/coles/coles-catalogue-december-3-9-2025-vic-metro/43.jpg,https://www.catalogueau.com/coles/#catalogue=coles/coles-catalogue-december-3-9-2025-vic-metro/,unknown,,0,review
Coles,VIC METRO,"Coles Catalogue December 3 - 9, 2025 VIC METRO",2025-12-03,2025-12-10,44,Fancy Feast Classic or Creamy Delights Cat Food 85g,1.0,1.6,0.6,37.5,save_amount,85g,$1.18 per 100g,WASS1.60 | WASS1.60 | Fancy Feast Classic or | Creamy Delights Cat Food 85g | $1.18 per 100g,96.06,False,,https://caau.syd1.cdn.digitaloceanspaces.com/wp-content/uploads/catalogue/coles/coles-catalogue-december-3-9-2025-vic-metro/44.jpg,https://www.catalogueau.com/coles/#catalogue=coles/coles-catalogue-december-3-9-2025-vic-metro/,displayed_price,displayed_price;unit_price,2,verified
Coles,VIC METRO,"Coles Catalogue December 3 - 9, 2025 VIC METRO",2025-12-03,2025-12-10,44,Dine Classic Collections Cat Food 7x85g,6.0,10.0,4.0,40.0,save_amount,7x85g,$1.01 per 100g,WASS10 | WASS10 | Dine Classic Collections | Cat Food 7x85g $1.01 per 100g | ——,95.76,False,,https://caau.syd1.cdn.digitaloceanspaces.com/wp-content/uploads/catalogue/coles/coles-catalogue-december-3-9-2025-vic-metro/44.jpg,https://www.catalogueau.com/coles/#catalogue=coles/coles-catalogue-december-3-9-2025-vic-metro/,displayed_price,displayed_price;unit_price,2,verified
Coles,VIC METRO,"Coles Catalogue December 3 - 9, 2025 VIC METRO",2025-12-03,2025-12-10,44,Felix Cat Food 12x85g,10.0,14.5,4.5,31.03,save_amount,12x85g,$0.98 per 100g,WASS14.50 | WASS14.50 | Felix Cat Food 12x85g | $0.98 per 100g,94.37,True,single_price_evidence,https://caau.syd1.cdn.digitaloceanspaces.com/wp-content/uploads/catalogue/coles/coles-catalogue-december-3-9-2025-vic-metro/44.jpg,https://www.catalogueau.com/coles/#catalogue=coles/coles-catalogue-december-3-9-2025-vic-metro/,unit_price,unit_price,1,review
Coles,VIC METRO,"Coles Catalogue December 3 - 9, 2025 VIC METRO",2025-12-03,2025-12-10,44,Supercoat Dry Dog Food 2.6kg-2.8kg,12.5,18.0,5.5,30.56,save_amount,2.6kg; 2.8kg,,WASS18 | WASS18 | Supercoat Dry Dog Food | 2.6kg-2.8kg | Bt | ‘4 | Va,79.0,True,low_name_confidence_strict;single_price_evidence,https://caau.syd1.cdn.digitaloceanspaces.com/wp-content/uploads/catalogue/coles/coles-catalogue-december-3-9-2025-vic-metro/44.jpg,https://www.catalogueau.com/coles/#catalogue=coles/coles-catalogue-december-3-9-2025-vic-metro/,displayed_price,displayed_price,1,review
Coles,VIC METRO,"Coles Catalogue December 3 - 9, 2025 VIC METRO",2025-12-03,2025-12-10,44,Pedigree Dentastix 28 Pack,16.8,24.0,7.2,30.0,save_amount,28 Pack,$0.60 per each,WAS$24 | WAS$24 | Pedigree Dentastix 28 Pack | $0.60 per each | We | 4 | if,93.61,True,single_price_evidence,https://caau.syd1.cdn.digitaloceanspaces.com/wp-content/uploads/catalogue/coles/coles-catalogue-december-3-9-2025-vic-metro/44.jpg,https://www.catalogueau.com/coles/#catalogue=coles/coles-catalogue-december-3-9-2025-vic-metro/,unknown,,0,review
Coles,VIC METRO,"Coles Catalogue December 3 - 9, 2025 VIC METRO",2025-12-03,2025-12-10,44,nace Duracell Coppertop Batteries,13.0,27.5,14.5,52.73,save_amount,,,WAS$27.50 | WAS$27.50 | nace | Duracell Coppertop Batteries | DURACELL | AA 16 Pack or AAA 14 Pack | average across LR6 IEC tests (for AA) and LRO IEC t,65.0,True,low_name_confidence_strict;single_price_evidence,https://caau.syd1.cdn.digitaloceanspaces.com/wp-content/uploads/catalogue/coles/coles-catalogue-december-3-9-2025-vic-metro/44.jpg,https://www.catalogueau.com/coles/#catalogue=coles/coles-catalogue-december-3-9-2025-vic-metro/,displayed_price,displayed_price,1,review
Coles,VIC METRO,"Coles Catalogue December 3 - 9, 2025 VIC METRO",2025-12-03,2025-12-10,44,Pedigree Dry Dog Food 8kg,2.0,,,,special,8kg,$0.31 per 100g,Pedigree Dry Dog Food 8kg | $0.31 per 100g | v4 | 3 | \ & | 4,94.98,True,offer_labels_missing;save_amount_missing;regular_price_missing;inferred_price_requires_review,https://caau.syd1.cdn.digitaloceanspaces.com/wp-content/uploads/catalogue/coles/coles-catalogue-december-3-9-2025-vic-metro/44.jpg,https://www.catalogueau.com/coles/#catalogue=coles/coles-catalogue-december-3-9-2025-vic-metro/,displayed_price,displayed_price;grid_inference,1,review
Coles,VIC METRO,"Coles Catalogue December 3 - 9, 2025 VIC METRO",2025-12-03,2025-12-10,44,Duracell Coppertop Batteries AA 16 Pack or AAA 14 Pack,13.0,27.5,14.5,52.73,save_amount,16 Pack; 14 Pack,,Duracell Coppertop Batteries | AA 16 Pack or AAA 14 Pack,94.49,True,offer_labels_missing;single_price_evidence,https://caau.syd1.cdn.digitaloceanspaces.com/wp-content/uploads/catalogue/coles/coles-catalogue-december-3-9-2025-vic-metro/44.jpg,https://www.catalogueau.com/coles/#catalogue=coles/coles-catalogue-december-3-9-2025-vic-metro/,displayed_price,displayed_price,1,review
Coles,VIC METRO,"Coles Catalogue December 3 - 9, 2025 VIC METRO",2025-12-03,2025-12-10,47,Telstra T-Pro 2 5G 25GB,79.0,129.0,50.0,38.76,save_amount,5G,,SAVE‘S5O | WASS129 | Telstra T-Pro 2 5G | 25GB | SIM included,95.21,True,single_price_evidence,https://caau.syd1.cdn.digitaloceanspaces.com/wp-content/uploads/catalogue/coles/coles-catalogue-december-3-9-2025-vic-metro/47.jpg,https://www.catalogueau.com/coles/#catalogue=coles/coles-catalogue-december-3-9-2025-vic-metro/,displayed_price,displayed_price,1,review
Coles,VIC METRO,"Coles Catalogue December 3 - 9, 2025 VIC METRO",2025-12-03,2025-12-10,47,"Telstra T-Prime 5G * 6.7"" IPS display",159.0,199.0,40.0,20.1,save_amount,5G,,"SAVES40 | WASS199 | Telstra T-Prime 5G | * 6.7"" IPS display | + Rear camera | (GOMP + 0.8MP) + | Li | 8MP front camera",89.53,False,,https://caau.syd1.cdn.digitaloceanspaces.com/wp-content/uploads/catalogue/coles/coles-catalogue-december-3-9-2025-vic-metro/47.jpg,https://www.catalogueau.com/coles/#catalogue=coles/coles-catalogue-december-3-9-2025-vic-metro/,save_was_arithmetic,displayed_price;save_was_arithmetic,2,verified
Coles,VIC METRO,"Coles Catalogue December 3 - 9, 2025 VIC METRO",2025-12-03,2025-12-10,49,eserve Sparkling,42.0,,,,special,,,eserve | Sparkling | Prosecco | 750mL | By | Pose,79.0,True,offer_labels_missing;save_amount_missing;regular_price_missing;low_name_confidence_strict;single_price_evidence,https://caau.syd1.cdn.digitaloceanspaces.com/wp-content/uploads/catalogue/coles/coles-catalogue-december-3-9-2025-vic-metro/49.jpg,https://www.catalogueau.com/coles/#catalogue=coles/coles-catalogue-december-3-9-2025-vic-metro/,displayed_price,displayed_price,1,review
Coles,VIC METRO,"Coles Catalogue December 3 - 9, 2025 VIC METRO",2025-12-03,2025-12-10,49,Croser NV CROSER 750mL,2.0,,,,special,750mL,,Croser NV | CROSER | 750mL | aaa,88.16,True,offer_labels_missing;save_amount_missing;regular_price_missing;single_price_evidence,https://caau.syd1.cdn.digitaloceanspaces.com/wp-content/uploads/catalogue/coles/coles-catalogue-december-3-9-2025-vic-metro/49.jpg,https://www.catalogueau.com/coles/#catalogue=coles/coles-catalogue-december-3-9-2025-vic-metro/,displayed_price,displayed_price,1,review
Coles,VIC METRO,"Coles Catalogue December 3 - 9, 2025 VIC METRO",2025-12-03,2025-12-10,49,Flybuys 10x,3.0,,,,special,,,"— | ""30. | Flybuys | 10x",79.0,True,offer_labels_missing;save_amount_missing;regular_price_missing;low_name_confidence_strict;single_price_evidence,https://caau.syd1.cdn.digitaloceanspaces.com/wp-content/uploads/catalogue/coles/coles-catalogue-december-3-9-2025-vic-metro/49.jpg,https://www.catalogueau.com/coles/#catalogue=coles/coles-catalogue-december-3-9-2025-vic-metro/,displayed_price,displayed_price,1,review
Coles,VIC METRO,"Coles Catalogue December 3 - 9, 2025 VIC METRO",2025-12-03,2025-12-10,49,SUNTORY Cans 4x330mL,20.0,,,,special,4x330mL,,SUNTORY | Cans 4x330mL | 498 | Jenness | ove ei | yal,79.0,True,offer_labels_missing;save_amount_missing;regular_price_missing;low_name_confidence_strict;single_price_evidence,https://caau.syd1.cdn.digitaloceanspaces.com/wp-content/uploads/catalogue/coles/coles-catalogue-december-3-9-2025-vic-metro/49.jpg,https://www.catalogueau.com/coles/#catalogue=coles/coles-catalogue-december-3-9-2025-vic-metro/,displayed_price,displayed_price,1,review
Coles,VIC METRO,"Coles Catalogue December 3 - 9, 2025 VIC METRO",2025-12-03,2025-12-10,49,Tequila 700mL ESPECIAL,58.0,,,,special,700mL,,Tequila 700mL | ESPECIAL | } ——__——_,79.0,True,offer_labels_missing;save_amount_missing;regular_price_missing;low_name_confidence_strict;single_price_evidence,https://caau.syd1.cdn.digitaloceanspaces.com/wp-content/uploads/catalogue/coles/coles-catalogue-december-3-9-2025-vic-metro/49.jpg,https://www.catalogueau.com/coles/#catalogue=coles/coles-catalogue-december-3-9-2025-vic-metro/,displayed_price,displayed_price,1,review
Coles,VIC METRO,"Coles Catalogue December 3 - 9, 2025 VIC METRO",2025-12-03,2025-12-10,49,DAN &Cola Cans,30.0,,,,special,,,DAN | &Cola Cans | 4x375mL | | | Jenness | | a6,77.82,True,offer_labels_missing;save_amount_missing;regular_price_missing;low_name_confidence_strict;single_price_evidence,https://caau.syd1.cdn.digitaloceanspaces.com/wp-content/uploads/catalogue/coles/coles-catalogue-december-3-9-2025-vic-metro/49.jpg,https://www.catalogueau.com/coles/#catalogue=coles/coles-catalogue-december-3-9-2025-vic-metro/,displayed_price,displayed_price,1,review
Coles,VIC METRO,"Coles Catalogue December 3 - 9, 2025 VIC METRO",2025-12-03,2025-12-10,49,"AND SCAN YOUR FLYBUYS *Flybuys points can be converted to Flybuys dollars in multiples of 2,000 points only",10.0,,,,special,,,"AND SCAN YOUR FLYBUYS | *Flybuys points can be converted to Flybuys dollars in multiples of 2,000 points only. | points ony | 2,000 points equates to $10 Flybuys dollars. For Flybuys dollars T&Cs visit flybuys.com.a | ybuycom.a",79.0,True,offer_labels_missing;save_amount_missing;regular_price_missing;low_name_confidence_strict;single_price_evidence,https://caau.syd1.cdn.digitaloceanspaces.com/wp-content/uploads/catalogue/coles/coles-catalogue-december-3-9-2025-vic-metro/49.jpg,https://www.catalogueau.com/coles/#catalogue=coles/coles-catalogue-december-3-9-2025-vic-metro/,displayed_price,displayed_price,1,review
