retailer,region,catalogue_title,catalogue_start_date,catalogue_end_date,page_number,product_name,special_price,regular_price,save_amount,discount_percent,promo_type,pack_size,unit_price_text,offer_text,ocr_confidence,needs_review,review_reason,source_page_image,source_catalogue_url,price_source,price_evidence,evidence_count,verification_status
Coles,VIC METRO,"Coles Catalogue November 25 - December 2, 2025 VIC METRO",2025-11-25,2025-12-02,1,Coles Australian Thawed Cooked Extra Large Black Tiger Prawns,22.0,39.0,17.0,43.59,save_amount,,$22.00 per kg,WAS$39ig | WAS$39ig | Coles Australian Thawed Cooked Extra Large Black | Tiger Prawns $22.00 per kg. Selected stores only*,95.94,True,single_price_evidence,https://caau.syd1.cdn.digitaloceanspaces.com/wp-content/uploads/catalogue/coles/coles-catalogue-november-25-december-2-2025-vic-metro/1.jpg,https://www.catalogueau.com/coles/#catalogue=coles/coles-catalogue-november-25-december-2-2025-vic-metro/,displayed_price,displayed_price,1,review
Coles,VIC METRO,"Coles Catalogue November 25 - December 2, 2025 VIC METRO",2025-11-25,2025-12-02,1,Cadbury Favourites 264g-265g,7.0,14.0,7.0,50.0,half_price,264g; 265g,,WASS14 | WASS14 | Cadbury Favourites | 264g-265g | 2 | “265 | On sale for 2 weeks | *For locations of Deli counter stores visit coles.com.au/range-availability,79.0,True,low_name_confidence_strict;single_price_evidence,https://caau.syd1.cdn.digitaloceanspaces.com/wp-content/uploads/catalogue/coles/coles-catalogue-november-25-december-2-2025-vic-metro/1.jpg,https://www.catalogueau.com/coles/#catalogue=coles/coles-catalogue-november-25-december-2-2025-vic-metro/,displayed_price,displayed_price,1,review
Coles,VIC METRO,"Coles Catalogue November 25 - December 2, 2025 VIC METRO",2025-11-25,2025-12-02,1,Ferrero Rocher Gift Box 30 Pack 375g,16.0,32.0,16.0,50.0,half_price,30 Pack; 375g,$4.27 per 100g,WAS$32 | WAS$32 | Ferrero Rocher Gift | Box 30 Pack 375g | $4.27 per 100g,96.55,False,,https://caau.syd1.cdn.digitaloceanspaces.com/wp-content/uploads/catalogue/coles/coles-catalogue-november-25-december-2-2025-vic-metro/1.jpg,https://www.catalogueau.com/coles/#catalogue=coles/coles-catalogue-november-25-december-2-2025-vic-metro/,displayed_price,displayed_price;unit_price,2,verified
Coles,VIC METRO,"Coles Catalogue November 25 - December 2, 2025 VIC METRO",2025-11-25,2025-12-02,1,Pepsi or Solo Soft Drink 10x375mL,9.0,19.0,10.0,52.63,save_amount,10x375mL,$2.40 per litre,WASS19 | WASS19 | Pepsi or Solo Soft Drink | 10x375mL $2.40 per litre | *For locations of Deli counter stores visit coles.com.au/range-availability,95.18,False,,https://caau.syd1.cdn.digitaloceanspaces.com/wp-content/uploads/catalogue/coles/coles-catalogue-november-25-december-2-2025-vic-metro/1.jpg,https://www.catalogueau.com/coles/#catalogue=coles/coles-catalogue-november-25-december-2-2025-vic-metro/,displayed_price,displayed_price;unit_price,2,verified
Coles,VIC METRO,"Coles Catalogue November 25 - December 2, 2025 VIC METRO",2025-11-25,2025-12-02,3,Cadbury Christmas Chocolate Tree Giftbox 70,3.5,7.0,3.5,50.0,half_price,,$5.00 per 100g,SAVES3.50 | Cadbury Christmas Chocolate | Tree Giftbox 70 | $5.00 per 100g. While stocks | last. No rainchecks,79.0,True,low_name_confidence_strict;single_price_evidence,https://caau.syd1.cdn.digitaloceanspaces.com/wp-content/uploads/catalogue/coles/coles-catalogue-november-25-december-2-2025-vic-metro/3.jpg,https://www.catalogueau.com/coles/#catalogue=coles/coles-catalogue-november-25-december-2-2025-vic-metro/,displayed_price,displayed_price,1,review
Coles,VIC METRO,"Coles Catalogue November 25 - December 2, 2025 VIC METRO",2025-11-25,2025-12-02,3,Cadbury Favourites 680g-700g,15.0,30.0,15.0,50.0,half_price,680g; 700g,,SAVE*15 | WAS$30 | Cadbury Favourites 680g-700g,93.19,False,,https://caau.syd1.cdn.digitaloceanspaces.com/wp-content/uploads/catalogue/coles/coles-catalogue-november-25-december-2-2025-vic-metro/3.jpg,https://www.catalogueau.com/coles/#catalogue=coles/coles-catalogue-november-25-december-2-2025-vic-metro/,save_was_arithmetic,displayed_price;save_was_arithmetic,2,verified
Coles,VIC METRO,"Coles Catalogue November 25 - December 2, 2025 VIC METRO",2025-11-25,2025-12-02,3,Lindt Lindor Bag 123g-125g VIC-METRO-261 1-25-543000,7.8,13.0,5.2,40.0,save_amount,123g; 125g,,SAVES5.20 | Lindt Lindor Bag 123g-125g | VIC-METRO-261 1-25-543000,85.71,True,single_price_evidence,https://caau.syd1.cdn.digitaloceanspaces.com/wp-content/uploads/catalogue/coles/coles-catalogue-november-25-december-2-2025-vic-metro/3.jpg,https://www.catalogueau.com/coles/#catalogue=coles/coles-catalogue-november-25-december-2-2025-vic-metro/,displayed_price,displayed_price,1,review
Coles,VIC METRO,"Coles Catalogue November 25 - December 2, 2025 VIC METRO",2025-11-25,2025-12-02,3,Toblerone Assorted Tinies 576g,15.0,,,,special,576g,$2.60 per 100g,WAS =) | WAS =) | Toblerone Assorted Tinies 576g | $2.60 per 100g,94.64,True,save_amount_missing;regular_price_missing;single_price_evidence,https://caau.syd1.cdn.digitaloceanspaces.com/wp-content/uploads/catalogue/coles/coles-catalogue-november-25-december-2-2025-vic-metro/3.jpg,https://www.catalogueau.com/coles/#catalogue=coles/coles-catalogue-november-25-december-2-2025-vic-metro/,unit_price,unit_price,1,review
Coles,VIC METRO,"Coles Catalogue November 25 - December 2, 2025 VIC METRO",2025-11-25,2025-12-02,3,Cadbury Dairy Milk Advent Calendar 90g,4.5,,,,special,90g,$5.00 per 100g,Cadbury Dairy Milk Advent | Calendar 90g $5.00 per 100g. | While stocks last. No rainchecks | oo,96.08,False,,https://caau.syd1.cdn.digitaloceanspaces.com/wp-content/uploads/catalogue/coles/coles-catalogue-november-25-december-2-2025-vic-metro/3.jpg,https://www.catalogueau.com/coles/#catalogue=coles/coles-catalogue-november-25-december-2-2025-vic-metro/,displayed_price,displayed_price;unit_price,2,verified
Coles,VIC METRO,"Coles Catalogue November 25 - December 2, 2025 VIC METRO",2025-11-25,2025-12-02,3,Coles Finest Cherry Choc Liqueurs 250g,10.0,,,,special,250g,$4.00 per 100g,Coles Finest Cherry Choc | Liqueurs 250g $4.00 per 100g. | While stocks last. No rainchecks. | *See page 26 forT&Cs | 3,96.42,True,single_price_evidence,https://caau.syd1.cdn.digitaloceanspaces.com/wp-content/uploads/catalogue/coles/coles-catalogue-november-25-december-2-2025-vic-metro/3.jpg,https://www.catalogueau.com/coles/#catalogue=coles/coles-catalogue-november-25-december-2-2025-vic-metro/,unit_price,unit_price,1,review
Coles,VIC METRO,"Coles Catalogue November 25 - December 2, 2025 VIC METRO",2025-11-25,2025-12-02,3,Lindt Christmas Medley Bag 288g,16.0,,,,special,288g,$5.56 per 100g,Lindt Christmas Medley Bag | 288g $5.56 per 100g. | While stocks last. No rainchecks,96.25,False,,https://caau.syd1.cdn.digitaloceanspaces.com/wp-content/uploads/catalogue/coles/coles-catalogue-november-25-december-2-2025-vic-metro/3.jpg,https://www.catalogueau.com/coles/#catalogue=coles/coles-catalogue-november-25-december-2-2025-vic-metro/,displayed_price,displayed_price;unit_price,2,verified
Coles,VIC METRO,"Coles Catalogue November 25 - December 2, 2025 VIC METRO",2025-11-25,2025-12-02,3,Ferrero Collection Gift Box 24 Pack 269g,16.0,,,,special,24 Pack; 269g,$5.95 per 100g,Ferrero Collection Gift Box | 24 Pack 269g $5.95 per 100g,96.52,False,,https://caau.syd1.cdn.digitaloceanspaces.com/wp-content/uploads/catalogue/coles/coles-catalogue-november-25-december-2-2025-vic-metro/3.jpg,https://www.catalogueau.com/coles/#catalogue=coles/coles-catalogue-november-25-december-2-2025-vic-metro/,displayed_price,displayed_price;unit_price,2,verified
Coles,VIC METRO,"Coles Catalogue November 25 - December 2, 2025 VIC METRO",2025-11-25,2025-12-02,3,Lindt Cornet 327g-333g,17.0,,,,special,327g; 333g,,Lindt Cornet 327g-333g,92.82,True,offer_labels_missing;save_amount_missing;regular_price_missing;single_price_evidence,https://caau.syd1.cdn.digitaloceanspaces.com/wp-content/uploads/catalogue/coles/coles-catalogue-november-25-december-2-2025-vic-metro/3.jpg,https://www.catalogueau.com/coles/#catalogue=coles/coles-catalogue-november-25-december-2-2025-vic-metro/,displayed_price,displayed_price,1,review
Coles,VIC METRO,"Coles Catalogue November 25 - December 2, 2025 VIC METRO",2025-11-25,2025-12-02,4,Coles Australian MSC Certified Thawed Raw King Prawns,21.0,,,,special,,$21.00 per kg,WASS Zig | WASS Zig | Coles Australian MSC Certified | Thawed Raw King Prawns | $21.00 per kg. Selected stores | only*.On sale for 2 weeks,96.31,True,save_amount_missing;regular_price_missing;single_price_evidence,https://caau.syd1.cdn.digitaloceanspaces.com/wp-content/uploads/catalogue/coles/coles-catalogue-november-25-december-2-2025-vic-metro/4.jpg,https://www.catalogueau.com/coles/#catalogue=coles/coles-catalogue-november-25-december-2-2025-vic-metro/,displayed_price,displayed_price,1,review
Coles,VIC METRO,"Coles Catalogue November 25 - December 2, 2025 VIC METRO",2025-11-25,2025-12-02,4,Coles Tasmanian Fresh Salmon Skin On Portions,34.0,38.0,4.0,10.53,save_amount,,$34.00 per kg,WAS$38i5 | WAS$38i5 | Coles Tasmanian Fresh Salmon | Skin On Portions $34.00 per kg. | Selected stores only*. | On sale for 2 weeks,96.35,True,single_price_evidence,https://caau.syd1.cdn.digitaloceanspaces.com/wp-content/uploads/catalogue/coles/coles-catalogue-november-25-december-2-2025-vic-metro/4.jpg,https://www.catalogueau.com/coles/#catalogue=coles/coles-catalogue-november-25-december-2-2025-vic-metro/,displayed_price,displayed_price,1,review
Coles,VIC METRO,"Coles Catalogue November 25 - December 2, 2025 VIC METRO",2025-11-25,2025-12-02,4,Ocean Blue Smoked Salmon 300g,16.0,19.0,3.0,15.79,save_amount,300g,$53.33 per kg,WASS19 | WASS19 | Ocean Blue Smoked Salmon | 300g $53.33 per kg | == ie | 4 | a.,96.31,False,,https://caau.syd1.cdn.digitaloceanspaces.com/wp-content/uploads/catalogue/coles/coles-catalogue-november-25-december-2-2025-vic-metro/4.jpg,https://www.catalogueau.com/coles/#catalogue=coles/coles-catalogue-november-25-december-2-2025-vic-metro/,displayed_price,displayed_price;unit_price,2,verified
Coles,VIC METRO,"Coles Catalogue November 25 - December 2, 2025 VIC METRO",2025-11-25,2025-12-02,4,Birch & Waite Sauce 250mL,4.5,,,,special,250mL,$1.80 per 100mL,Birch & Waite Sauce 250mL | $1.80 per 100mL. | Selected stores only* | VIC-METRO-261 1-25-543000,93.57,False,,https://caau.syd1.cdn.digitaloceanspaces.com/wp-content/uploads/catalogue/coles/coles-catalogue-november-25-december-2-2025-vic-metro/4.jpg,https://www.catalogueau.com/coles/#catalogue=coles/coles-catalogue-november-25-december-2-2025-vic-metro/,displayed_price,displayed_price;unit_price,2,verified
Coles,VIC METRO,"Coles Catalogue November 25 - December 2, 2025 VIC METRO",2025-11-25,2025-12-02,4,Coles Thawed Cooked Prawn Plate 200g,8.0,,,,special,200g,$4.00 per 100g,Coles Thawed Cooked Prawn | Plate 200g $4.00 per 100g. | Selected stores only* | *For locations of Deli counter stores visit coles.com.au/range-availability,96.44,False,,https://caau.syd1.cdn.digitaloceanspaces.com/wp-content/uploads/catalogue/coles/coles-catalogue-november-25-december-2-2025-vic-metro/4.jpg,https://www.catalogueau.com/coles/#catalogue=coles/coles-catalogue-november-25-december-2-2025-vic-metro/,displayed_price,displayed_price;unit_price,2,verified
Coles,VIC METRO,"Coles Catalogue November 25 - December 2, 2025 VIC METRO",2025-11-25,2025-12-02,4,Coles Cooked Prawns with Cocktail Sauce 260g,11.0,,,,special,260g,$42.31 per kg,Coles Cooked Prawns with | Cocktail Sauce 260g $42.31 per kg. | From the meat department,96.14,False,,https://caau.syd1.cdn.digitaloceanspaces.com/wp-content/uploads/catalogue/coles/coles-catalogue-november-25-december-2-2025-vic-metro/4.jpg,https://www.catalogueau.com/coles/#catalogue=coles/coles-catalogue-november-25-december-2-2025-vic-metro/,displayed_price,displayed_price;unit_price,2,verified
Coles,VIC METRO,"Coles Catalogue November 25 - December 2, 2025 VIC METRO",2025-11-25,2025-12-02,5,Tibaldi Ham Off The Bone 500g,14.0,16.0,2.0,12.5,save_amount,500g,$28.00 per kg,WASS16 | WASS16 | Tibaldi Ham Off The Bone 500g | $28.00 per kg | VIC-METRO-261 1-25-543000,95.47,False,,https://caau.syd1.cdn.digitaloceanspaces.com/wp-content/uploads/catalogue/coles/coles-catalogue-november-25-december-2-2025-vic-metro/5.jpg,https://www.catalogueau.com/coles/#catalogue=coles/coles-catalogue-november-25-december-2-2025-vic-metro/,displayed_price,displayed_price;unit_price,2,verified
Coles,VIC METRO,"Coles Catalogue November 25 - December 2, 2025 VIC METRO",2025-11-25,2025-12-02,5,Coles Beechwood Smoked Half Leg Ham,8.0,,,,special,,$8.00 per kg,Coles Beechwood Smoked | Half Leg Ham $8.00 per kg. | Based on 5kg bone in ham serving | 26 people at $8/kg,96.35,True,offer_labels_missing;save_amount_missing;regular_price_missing;single_price_evidence,https://caau.syd1.cdn.digitaloceanspaces.com/wp-content/uploads/catalogue/coles/coles-catalogue-november-25-december-2-2025-vic-metro/5.jpg,https://www.catalogueau.com/coles/#catalogue=coles/coles-catalogue-november-25-december-2-2025-vic-metro/,displayed_price,displayed_price,1,review
Coles,VIC METRO,"Coles Catalogue November 25 - December 2, 2025 VIC METRO",2025-11-25,2025-12-02,5,Coles Finest Free Range Triple Smoked Half Leg Ham,15.5,,,,special,,$15.50 per kg,Coles Finest Free Range Triple | Smoked Half Leg Ham | $15.50 per kg. *See page 26 for | T&Cs. Based on 4kg bone in ham | serving 20 people at $15.50/kg,95.92,True,offer_labels_missing;save_amount_missing;regular_price_missing;single_price_evidence,https://caau.syd1.cdn.digitaloceanspaces.com/wp-content/uploads/catalogue/coles/coles-catalogue-november-25-december-2-2025-vic-metro/5.jpg,https://www.catalogueau.com/coles/#catalogue=coles/coles-catalogue-november-25-december-2-2025-vic-metro/,displayed_price,displayed_price,1,review
Coles,VIC METRO,"Coles Catalogue November 25 - December 2, 2025 VIC METRO",2025-11-25,2025-12-02,5,Coles Beechwood Smoked Full Leg Ham,7.87,,,,special,,$7.50 per kg,Coles Beechwood Smoked | Full Leg Ham $7.50 per kg. | Based on 8kg average weight | serving 40 people at $7.50/kg,96.07,True,offer_labels_missing;save_amount_missing;regular_price_missing;single_price_evidence,https://caau.syd1.cdn.digitaloceanspaces.com/wp-content/uploads/catalogue/coles/coles-catalogue-november-25-december-2-2025-vic-metro/5.jpg,https://www.catalogueau.com/coles/#catalogue=coles/coles-catalogue-november-25-december-2-2025-vic-metro/,unknown,,0,review
Coles,VIC METRO,"Coles Catalogue November 25 - December 2, 2025 VIC METRO",2025-11-25,2025-12-02,5,Coles Pull Apart Ham with Smokey Maple Glaze,25.25,,,,special,,$25.00 per kg,Coles Pull Apart Ham with | Smokey Maple Glaze | $25.00 per kg,96.25,True,offer_labels_missing;save_amount_missing;regular_price_missing;single_price_evidence,https://caau.syd1.cdn.digitaloceanspaces.com/wp-content/uploads/catalogue/coles/coles-catalogue-november-25-december-2-2025-vic-metro/5.jpg,https://www.catalogueau.com/coles/#catalogue=coles/coles-catalogue-november-25-december-2-2025-vic-metro/,unknown,,0,review
Coles,VIC METRO,"Coles Catalogue November 25 - December 2, 2025 VIC METRO",2025-11-25,2025-12-02,5,Coles Finest Slow Cooked Chicken Crown with Leek & Bacon 1.5kg,40.0,,,,special,1.5kg,$26.67 per kg,Coles Finest Slow Cooked Chicken | Crown with Leek & Bacon 1.5kg | $26.67 per kg. *See page 26 forT&Cs,94.57,False,,https://caau.syd1.cdn.digitaloceanspaces.com/wp-content/uploads/catalogue/coles/coles-catalogue-november-25-december-2-2025-vic-metro/5.jpg,https://www.catalogueau.com/coles/#catalogue=coles/coles-catalogue-november-25-december-2-2025-vic-metro/,displayed_price,displayed_price;unit_price,2,verified
Coles,VIC METRO,"Coles Catalogue November 25 - December 2, 2025 VIC METRO",2025-11-25,2025-12-02,6,Tasmanian Heritage Double Cream Brie or Camembert 200g,5.9,11.95,6.05,50.63,save_amount,200g,$29.50 per kg,WASS11.95 | WASS11.95 | Tasmanian Heritage Double Cream Brie | or Camembert 200g $29.50 per kg | war,96.39,True,single_price_evidence,https://caau.syd1.cdn.digitaloceanspaces.com/wp-content/uploads/catalogue/coles/coles-catalogue-november-25-december-2-2025-vic-metro/6.jpg,https://www.catalogueau.com/coles/#catalogue=coles/coles-catalogue-november-25-december-2-2025-vic-metro/,unit_price,unit_price,1,review
Coles,VIC METRO,"Coles Catalogue November 25 - December 2, 2025 VIC METRO",2025-11-25,2025-12-02,6,Black Swan Favourites La Casa Del Formaggio Dip 180g-200g Burrata 150g,4.0,,,,special,180g; 200g; 150g,$43.33 per kg,save? | | Black Swan Favourites | La Casa Del Formaggio | Dip 180g-200g | Burrata 150g | $43.33 per kg,93.76,True,save_amount_missing;regular_price_missing;single_price_evidence,https://caau.syd1.cdn.digitaloceanspaces.com/wp-content/uploads/catalogue/coles/coles-catalogue-november-25-december-2-2025-vic-metro/6.jpg,https://www.catalogueau.com/coles/#catalogue=coles/coles-catalogue-november-25-december-2-2025-vic-metro/,displayed_price,displayed_price,1,review
Coles,VIC METRO,"Coles Catalogue November 25 - December 2, 2025 VIC METRO",2025-11-25,2025-12-02,6,Nuffin Dip 200g,4.0,5.0,1.0,20.0,save_amount,200g,$2.00 per 100g,WASS5 | WASS5 | Nuffin Dip 200g | $2.00 per 100g | VIC-METRO-261 1-25-543000,94.68,True,single_price_evidence,https://caau.syd1.cdn.digitaloceanspaces.com/wp-content/uploads/catalogue/coles/coles-catalogue-november-25-december-2-2025-vic-metro/6.jpg,https://www.catalogueau.com/coles/#catalogue=coles/coles-catalogue-november-25-december-2-2025-vic-metro/,unit_price,unit_price,1,review
Coles,VIC METRO,"Coles Catalogue November 25 - December 2, 2025 VIC METRO",2025-11-25,2025-12-02,6,Arnott's Savoy or Shapes Crackers 130g-225g,6.0,,,,special,130g; 225g,,Arnott's Savoy or Shapes | Crackers 130g-225g,87.27,True,offer_labels_missing;save_amount_missing;regular_price_missing;inferred_price_requires_review,https://caau.syd1.cdn.digitaloceanspaces.com/wp-content/uploads/catalogue/coles/coles-catalogue-november-25-december-2-2025-vic-metro/6.jpg,https://www.catalogueau.com/coles/#catalogue=coles/coles-catalogue-november-25-december-2-2025-vic-metro/,displayed_price,displayed_price;grid_inference,1,review
Coles,VIC METRO,"Coles Catalogue November 25 - December 2, 2025 VIC METRO",2025-11-25,2025-12-02,6,Coles Entertaining Chicken Tenderloin Skewers,15.0,,,,special,,,Coles Entertaining Chicken Tenderloin Skewers,96.41,True,offer_labels_missing;save_amount_missing;regular_price_missing;single_price_evidence,https://caau.syd1.cdn.digitaloceanspaces.com/wp-content/uploads/catalogue/coles/coles-catalogue-november-25-december-2-2025-vic-metro/6.jpg,https://www.catalogueau.com/coles/#catalogue=coles/coles-catalogue-november-25-december-2-2025-vic-metro/,displayed_price,displayed_price,1,review
Coles,VIC METRO,"Coles Catalogue November 25 - December 2, 2025 VIC METRO",2025-11-25,2025-12-02,7,Coles Chocolate Rum Balls 8 Pack 160g,5.0,,,,special,8 Pack; 160g,$3.13 per 100g,"Coles Chocolate Rum Balls 8 Pack | 160g $3.13 per 100g | a | , &",95.89,False,,https://caau.syd1.cdn.digitaloceanspaces.com/wp-content/uploads/catalogue/coles/coles-catalogue-november-25-december-2-2025-vic-metro/7.jpg,https://www.catalogueau.com/coles/#catalogue=coles/coles-catalogue-november-25-december-2-2025-vic-metro/,displayed_price,displayed_price;unit_price,2,verified
Coles,VIC METRO,"Coles Catalogue November 25 - December 2, 2025 VIC METRO",2025-11-25,2025-12-02,7,Coles Christmas Mini Cookies 15 Pack 150g,7.0,,,,special,15 Pack; 150g,$4.67 per 100g,Coles Christmas Mini Cookies | 15 Pack 150g $4.67 per 100g | ah,96.54,False,,https://caau.syd1.cdn.digitaloceanspaces.com/wp-content/uploads/catalogue/coles/coles-catalogue-november-25-december-2-2025-vic-metro/7.jpg,https://www.catalogueau.com/coles/#catalogue=coles/coles-catalogue-november-25-december-2-2025-vic-metro/,displayed_price,displayed_price;unit_price,2,verified
Coles,VIC METRO,"Coles Catalogue November 25 - December 2, 2025 VIC METRO",2025-11-25,2025-12-02,7,Coles Christmas Decorate Your Own Biscuit Kit 168g,7.0,,,,special,168g,$4.17 per 100g,Coles Christmas Decorate Your Own | Biscuit Kit 168g $4.17 per 100g | Py.,96.14,False,,https://caau.syd1.cdn.digitaloceanspaces.com/wp-content/uploads/catalogue/coles/coles-catalogue-november-25-december-2-2025-vic-metro/7.jpg,https://www.catalogueau.com/coles/#catalogue=coles/coles-catalogue-november-25-december-2-2025-vic-metro/,displayed_price,displayed_price;unit_price,2,verified
Coles,VIC METRO,"Coles Catalogue November 25 - December 2, 2025 VIC METRO",2025-11-25,2025-12-02,7,Train Kit 720g,15.0,,,,special,720g,$2.08 per 100g,Train Kit 720g $2.08 per 100g,96.69,False,,https://caau.syd1.cdn.digitaloceanspaces.com/wp-content/uploads/catalogue/coles/coles-catalogue-november-25-december-2-2025-vic-metro/7.jpg,https://www.catalogueau.com/coles/#catalogue=coles/coles-catalogue-november-25-december-2-2025-vic-metro/,displayed_price,displayed_price;unit_price,2,verified
Coles,VIC METRO,"Coles Catalogue November 25 - December 2, 2025 VIC METRO",2025-11-25,2025-12-02,7,Coles Finest Luxury Madagascan Vanilla Meringue Wreath 1 Pack,18.0,,,,special,1 Pack,$18.00 per each,Coles Finest Luxury Madagascan | Vanilla Meringue Wreath 1 Pack | $18.00 per each. | *See page 26 for T&Cs,96.24,False,,https://caau.syd1.cdn.digitaloceanspaces.com/wp-content/uploads/catalogue/coles/coles-catalogue-november-25-december-2-2025-vic-metro/7.jpg,https://www.catalogueau.com/coles/#catalogue=coles/coles-catalogue-november-25-december-2-2025-vic-metro/,displayed_price,displayed_price;unit_price,2,verified
Coles,VIC METRO,"Coles Catalogue November 25 - December 2, 2025 VIC METRO",2025-11-25,2025-12-02,7,Coles Finest Soft Nougat Collection 200g,9.5,,,,special,200g,$4.75 per 100g,Coles Finest Soft Nougat | Collection 200g $4.75 per 100g. | *See page 26 for T&Cs | VIC-METRO-261 1-25-543000,96.22,False,,https://caau.syd1.cdn.digitaloceanspaces.com/wp-content/uploads/catalogue/coles/coles-catalogue-november-25-december-2-2025-vic-metro/7.jpg,https://www.catalogueau.com/coles/#catalogue=coles/coles-catalogue-november-25-december-2-2025-vic-metro/,displayed_price,displayed_price;unit_price,2,verified
Coles,VIC METRO,"Coles Catalogue November 25 - December 2, 2025 VIC METRO",2025-11-25,2025-12-02,12,Coles Bakery Apple or Banoffee Turnover,4.5,5.0,0.5,10.0,save_amount,,$4.50 per each,WASS5 | WASS5 | Coles Bakery Apple or | Banoffee Turnover $4.50 per each | Selected stores only. | From the Patisserie fridge,95.55,True,single_price_evidence,https://caau.syd1.cdn.digitaloceanspaces.com/wp-content/uploads/catalogue/coles/coles-catalogue-november-25-december-2-2025-vic-metro/12.jpg,https://www.catalogueau.com/coles/#catalogue=coles/coles-catalogue-november-25-december-2-2025-vic-metro/,unit_price,unit_price,1,review
Coles,VIC METRO,"Coles Catalogue November 25 - December 2, 2025 VIC METRO",2025-11-25,2025-12-02,12,Coles Bakery Cookies 24 Pack,5.0,6.5,1.5,23.08,save_amount,24 Pack,$0.21 per each,WASS6.50 | WASS6.50 | Coles Bakery Cookies 24 Pack | $0.21 per each. Selected stores only,96.55,True,single_price_evidence,https://caau.syd1.cdn.digitaloceanspaces.com/wp-content/uploads/catalogue/coles/coles-catalogue-november-25-december-2-2025-vic-metro/12.jpg,https://www.catalogueau.com/coles/#catalogue=coles/coles-catalogue-november-25-december-2-2025-vic-metro/,displayed_price,displayed_price,1,review
Coles,VIC METRO,"Coles Catalogue November 25 - December 2, 2025 VIC METRO",2025-11-25,2025-12-02,12,Golden Crumpet Squares 6 Pack 425g,3.5,5.0,1.5,30.0,save_amount,6 Pack; 425g,$0.82 per 100g,‘WASS5 | ‘WASS5 | Golden Crumpet Squares 6 Pack | 425g $0.82 per 100g,96.38,False,,https://caau.syd1.cdn.digitaloceanspaces.com/wp-content/uploads/catalogue/coles/coles-catalogue-november-25-december-2-2025-vic-metro/12.jpg,https://www.catalogueau.com/coles/#catalogue=coles/coles-catalogue-november-25-december-2-2025-vic-metro/,displayed_price,displayed_price;unit_price,2,verified
Coles,VIC METRO,"Coles Catalogue November 25 - December 2, 2025 VIC METRO",2025-11-25,2025-12-02,12,Coles Bakery Tear & Share,4.0,5.0,1.0,20.0,save_amount,,$4.00 per each,WASS5 | WASS5 | Coles Bakery Tear & Share | $4.00 per each. | Selected stores only,95.66,False,,https://caau.syd1.cdn.digitaloceanspaces.com/wp-content/uploads/catalogue/coles/coles-catalogue-november-25-december-2-2025-vic-metro/12.jpg,https://www.catalogueau.com/coles/#catalogue=coles/coles-catalogue-november-25-december-2-2025-vic-metro/,displayed_price,displayed_price;unit_price,2,verified
Coles,VIC METRO,"Coles Catalogue November 25 - December 2, 2025 VIC METRO",2025-11-25,2025-12-02,12,Mission Wraps 8 Pack 567g,4.5,5.5,1.0,18.18,save_amount,8 Pack; 567g,$0.79 per 100g,WASS5.50 | WASS5.50 | Mission Wraps 8 Pack 567g | $0.79 per 100g | - | 4,96.57,False,,https://caau.syd1.cdn.digitaloceanspaces.com/wp-content/uploads/catalogue/coles/coles-catalogue-november-25-december-2-2025-vic-metro/12.jpg,https://www.catalogueau.com/coles/#catalogue=coles/coles-catalogue-november-25-december-2-2025-vic-metro/,displayed_price,displayed_price;unit_price,2,verified
Coles,VIC METRO,"Coles Catalogue November 25 - December 2, 2025 VIC METRO",2025-11-25,2025-12-02,12,Coles Muffins 4 Pack 420g or 9 Pack 315g,50.0,,,,special,4 Pack; 420g; 9 Pack; 315g,,Coles Muffins 4 Pack 420g or | 9 Pack 315g,96.04,True,offer_labels_missing;save_amount_missing;regular_price_missing;inferred_price_requires_review,https://caau.syd1.cdn.digitaloceanspaces.com/wp-content/uploads/catalogue/coles/coles-catalogue-november-25-december-2-2025-vic-metro/12.jpg,https://www.catalogueau.com/coles/#catalogue=coles/coles-catalogue-november-25-december-2-2025-vic-metro/,displayed_price,displayed_price;grid_inference,1,review
Coles,VIC METRO,"Coles Catalogue November 25 - December 2, 2025 VIC METRO",2025-11-25,2025-12-02,12,Coles Christmas Sticky Date Mince Pies 6 Pack 360g,6.0,,,,special,6 Pack; 360g,$1.67 per 100g,Coles Christmas Sticky Date Mince Pies | 6 Pack 360g $1.67 per 100g. | While stocks last. No rainchecks,96.21,False,,https://caau.syd1.cdn.digitaloceanspaces.com/wp-content/uploads/catalogue/coles/coles-catalogue-november-25-december-2-2025-vic-metro/12.jpg,https://www.catalogueau.com/coles/#catalogue=coles/coles-catalogue-november-25-december-2-2025-vic-metro/,displayed_price,displayed_price;unit_price,2,verified
Coles,VIC METRO,"Coles Catalogue November 25 - December 2, 2025 VIC METRO",2025-11-25,2025-12-02,12,"Coles Christmas Toffee, Date & Ginger Pudding per 100g. 500g",8.0,,,,special,100g; 500g,$1.60 per 100g,"Coles Christmas Toffee, Date & Ginger Pudding | per 100g. | 500g $1.60 | 500g $1.60 per 100g. | While stocks last. No rainchecks",79.0,True,low_name_confidence_strict,https://caau.syd1.cdn.digitaloceanspaces.com/wp-content/uploads/catalogue/coles/coles-catalogue-november-25-december-2-2025-vic-metro/12.jpg,https://www.catalogueau.com/coles/#catalogue=coles/coles-catalogue-november-25-december-2-2025-vic-metro/,displayed_price,displayed_price;unit_price,2,review
Coles,VIC METRO,"Coles Catalogue November 25 - December 2, 2025 VIC METRO",2025-11-25,2025-12-02,12,One si whites»,4.0,,,,special,,,ye) | One | si whites»,78.5,True,offer_labels_missing;save_amount_missing;regular_price_missing;low_name_confidence_strict;single_price_evidence,https://caau.syd1.cdn.digitaloceanspaces.com/wp-content/uploads/catalogue/coles/coles-catalogue-november-25-december-2-2025-vic-metro/12.jpg,https://www.catalogueau.com/coles/#catalogue=coles/coles-catalogue-november-25-december-2-2025-vic-metro/,displayed_price,displayed_price,1,review
Coles,VIC METRO,"Coles Catalogue November 25 - December 2, 2025 VIC METRO",2025-11-25,2025-12-02,12,Tip Top The One Bread 700g,4.6,,,,special,700g,$0.66 per 100g,Tip Top The One Bread 700g | $0.66 per 100g | sc],96.25,False,,https://caau.syd1.cdn.digitaloceanspaces.com/wp-content/uploads/catalogue/coles/coles-catalogue-november-25-december-2-2025-vic-metro/12.jpg,https://www.catalogueau.com/coles/#catalogue=coles/coles-catalogue-november-25-december-2-2025-vic-metro/,displayed_price,displayed_price;unit_price,2,verified
Coles,VIC METRO,"Coles Catalogue November 25 - December 2, 2025 VIC METRO",2025-11-25,2025-12-02,12,Coles Bakery French Stick or Baguette,1.9,,,,special,,$1.90 per each,Coles Bakery French Stick | or Baguette $1.90 per each. | Selected stores only,96.42,True,single_price_evidence,https://caau.syd1.cdn.digitaloceanspaces.com/wp-content/uploads/catalogue/coles/coles-catalogue-november-25-december-2-2025-vic-metro/12.jpg,https://www.catalogueau.com/coles/#catalogue=coles/coles-catalogue-november-25-december-2-2025-vic-metro/,unit_price,unit_price,1,review
Coles,VIC METRO,"Coles Catalogue November 25 - December 2, 2025 VIC METRO",2025-11-25,2025-12-02,13,Coles I'm Free From Gluten Traditional White Loaf 440g,6.25,,,,special,440g,$1.42 per 100g,Coles I'm Free From Gluten | Traditional White Loaf 440g | $1.42 per 100g | VIC-METRO-261 1-25-543000,95.71,True,single_price_evidence,https://caau.syd1.cdn.digitaloceanspaces.com/wp-content/uploads/catalogue/coles/coles-catalogue-november-25-december-2-2025-vic-metro/13.jpg,https://www.catalogueau.com/coles/#catalogue=coles/coles-catalogue-november-25-december-2-2025-vic-metro/,unit_price,unit_price,1,review
Coles,VIC METRO,"Coles Catalogue November 25 - December 2, 2025 VIC METRO",2025-11-25,2025-12-02,13,Coles I'm Free From Gluten Traditional Wholemeal Loaf 450g,6.25,,,,special,450g,$1.39 per 100g,Coles I'm Free From Gluten | Traditional Wholemeal Loaf 450g | $1.39 per 100g | 13,93.77,True,single_price_evidence,https://caau.syd1.cdn.digitaloceanspaces.com/wp-content/uploads/catalogue/coles/coles-catalogue-november-25-december-2-2025-vic-metro/13.jpg,https://www.catalogueau.com/coles/#catalogue=coles/coles-catalogue-november-25-december-2-2025-vic-metro/,unit_price,unit_price,1,review
Coles,VIC METRO,"Coles Catalogue November 25 - December 2, 2025 VIC METRO",2025-11-25,2025-12-02,13,Coles I'm Free From Gluten Traditional Fruit Loaf 460g,6.5,,,,special,460g,$1.41 per 100g,Coles I'm Free From Gluten | Traditional Fruit Loaf 460g | $1.41 per 100g | g,96.07,False,,https://caau.syd1.cdn.digitaloceanspaces.com/wp-content/uploads/catalogue/coles/coles-catalogue-november-25-december-2-2025-vic-metro/13.jpg,https://www.catalogueau.com/coles/#catalogue=coles/coles-catalogue-november-25-december-2-2025-vic-metro/,displayed_price,displayed_price;unit_price,2,verified
Coles,VIC METRO,"Coles Catalogue November 25 - December 2, 2025 VIC METRO",2025-11-25,2025-12-02,14,Coles Australian Lamb Loin Chops,24.0,33.0,9.0,27.27,save_amount,,$24.00 per kg,"WAS $33, | WAS $33, | Coles Australian Lamb | Loin Chops $24.00 per kg. | 2nd week on sale | made casy | asy | a",96.2,True,single_price_evidence,https://caau.syd1.cdn.digitaloceanspaces.com/wp-content/uploads/catalogue/coles/coles-catalogue-november-25-december-2-2025-vic-metro/14.jpg,https://www.catalogueau.com/coles/#catalogue=coles/coles-catalogue-november-25-december-2-2025-vic-metro/,displayed_price,displayed_price,1,review
Coles,VIC METRO,"Coles Catalogue November 25 - December 2, 2025 VIC METRO",2025-11-25,2025-12-02,14,Coles Finest Sausages 450g-500g,8.0,9.0,1.0,11.11,save_amount,450g; 500g,,WASS9 | WASS9 | Coles Finest Sausages 450g-500g | *See page 26 forT&Cs,93.11,True,single_price_evidence,https://caau.syd1.cdn.digitaloceanspaces.com/wp-content/uploads/catalogue/coles/coles-catalogue-november-25-december-2-2025-vic-metro/14.jpg,https://www.catalogueau.com/coles/#catalogue=coles/coles-catalogue-november-25-december-2-2025-vic-metro/,displayed_price,displayed_price,1,review
Coles,VIC METRO,"Coles Catalogue November 25 - December 2, 2025 VIC METRO",2025-11-25,2025-12-02,14,Coles Australian Pork Quick Cook Belly Slices 350g,9.0,10.0,1.0,10.0,save_amount,350g,$25.71 per kg,WASS10 | WASS10 | Coles Australian Pork Quick Cook | Belly Slices 350g $25.71 per kg. | 2nd week on sale,96.12,False,,https://caau.syd1.cdn.digitaloceanspaces.com/wp-content/uploads/catalogue/coles/coles-catalogue-november-25-december-2-2025-vic-metro/14.jpg,https://www.catalogueau.com/coles/#catalogue=coles/coles-catalogue-november-25-december-2-2025-vic-metro/,displayed_price,displayed_price;unit_price,2,verified
Coles,VIC METRO,"Coles Catalogue November 25 - December 2, 2025 VIC METRO",2025-11-25,2025-12-02,14,Coles Made Easy Slow Cooked Beef in Red Wine Sauce 500g,13.0,15.0,2.0,13.33,save_amount,500g,$26.00 per kg,WASS15 | WASS15 | Coles Made Easy Slow Cooked | Beef in Red Wine Sauce 500g | $26.00 per kg,96.06,False,,https://caau.syd1.cdn.digitaloceanspaces.com/wp-content/uploads/catalogue/coles/coles-catalogue-november-25-december-2-2025-vic-metro/14.jpg,https://www.catalogueau.com/coles/#catalogue=coles/coles-catalogue-november-25-december-2-2025-vic-metro/,displayed_price,displayed_price;unit_price,2,verified
Coles,VIC METRO,"Coles Catalogue November 25 - December 2, 2025 VIC METRO",2025-11-25,2025-12-02,14,Coles Australian Pork Ribs BBQ,17.0,20.14,3.14,15.59,save_amount,,$17.00 per kg,WAS 52014 | WAS 52014 | Coles Australian Pork Ribs BBQ | $17.00 per kg. On sale for 2 weeks,96.12,True,single_price_evidence,https://caau.syd1.cdn.digitaloceanspaces.com/wp-content/uploads/catalogue/coles/coles-catalogue-november-25-december-2-2025-vic-metro/14.jpg,https://www.catalogueau.com/coles/#catalogue=coles/coles-catalogue-november-25-december-2-2025-vic-metro/,displayed_price,displayed_price,1,review
Coles,VIC METRO,"Coles Catalogue November 25 - December 2, 2025 VIC METRO",2025-11-25,2025-12-02,14,Coles No Added Hormones Beef Chuck Casserole Steak 850g,13.0,16.0,3.0,18.75,save_amount,850g,$15.29 per kg,WASS16 | WASS16 | Coles No Added Hormones | Beef Chuck Casserole Steak 850g | $15.29 per kg,96.31,True,single_price_evidence,https://caau.syd1.cdn.digitaloceanspaces.com/wp-content/uploads/catalogue/coles/coles-catalogue-november-25-december-2-2025-vic-metro/14.jpg,https://www.catalogueau.com/coles/#catalogue=coles/coles-catalogue-november-25-december-2-2025-vic-metro/,unit_price,unit_price,1,review
Coles,VIC METRO,"Coles Catalogue November 25 - December 2, 2025 VIC METRO",2025-11-25,2025-12-02,15,"Coles Dry Roasted, Natural Smoked or Roasted & Salted Almonds 400g Pack",9.0,10.0,1.0,10.0,save_amount,400g,$22.50 per kg,"WASS10 | WASS10 | Coles Dry Roasted, Natural | Smoked or Roasted & Salted | Almonds 400g Pack $22.50 per kg | bail",95.97,False,,https://caau.syd1.cdn.digitaloceanspaces.com/wp-content/uploads/catalogue/coles/coles-catalogue-november-25-december-2-2025-vic-metro/15.jpg,https://www.catalogueau.com/coles/#catalogue=coles/coles-catalogue-november-25-december-2-2025-vic-metro/,displayed_price,displayed_price;unit_price,2,verified
Coles,VIC METRO,"Coles Catalogue November 25 - December 2, 2025 VIC METRO",2025-11-25,2025-12-02,15,Australian Perino Red Grape Tomatoes 350g Pack,5.5,,,,special,350g,$15.71 per kg,Australian Perino Red Grape | Tomatoes 350g Pack $15.71 per kg,96.26,False,,https://caau.syd1.cdn.digitaloceanspaces.com/wp-content/uploads/catalogue/coles/coles-catalogue-november-25-december-2-2025-vic-metro/15.jpg,https://www.catalogueau.com/coles/#catalogue=coles/coles-catalogue-november-25-december-2-2025-vic-metro/,displayed_price,displayed_price;unit_price,2,verified
Coles,VIC METRO,"Coles Catalogue November 25 - December 2, 2025 VIC METRO",2025-11-25,2025-12-02,15,Australian Rockmelon,3.5,,,,special,,$3.50 per each,Australian Rockmelon | $3.50 per each,89.65,True,single_price_evidence,https://caau.syd1.cdn.digitaloceanspaces.com/wp-content/uploads/catalogue/coles/coles-catalogue-november-25-december-2-2025-vic-metro/15.jpg,https://www.catalogueau.com/coles/#catalogue=coles/coles-catalogue-november-25-december-2-2025-vic-metro/,unit_price,unit_price,1,review
Coles,VIC METRO,"Coles Catalogue November 25 - December 2, 2025 VIC METRO",2025-11-25,2025-12-02,15,Coles Kitchen Family Ranch Salad Kit 400g or Green Goddess Salad Kit 350g,2.0,,,,special,400g; 350g,,Coles Kitchen Family Ranch | Salad Kit 400g or Green Goddess | Salad Kit 350g | v,96.5,True,offer_labels_missing;save_amount_missing;regular_price_missing;single_price_evidence,https://caau.syd1.cdn.digitaloceanspaces.com/wp-content/uploads/catalogue/coles/coles-catalogue-november-25-december-2-2025-vic-metro/15.jpg,https://www.catalogueau.com/coles/#catalogue=coles/coles-catalogue-november-25-december-2-2025-vic-metro/,displayed_price,displayed_price,1,review
Coles,VIC METRO,"Coles Catalogue November 25 - December 2, 2025 VIC METRO",2025-11-25,2025-12-02,15,Australian Bravo Apples,5.21,,,,special,,$5.90 per kg,Australian Bravo Apples | $5.90 per kg | ‘,96.02,True,offer_labels_missing;save_amount_missing;regular_price_missing;single_price_evidence,https://caau.syd1.cdn.digitaloceanspaces.com/wp-content/uploads/catalogue/coles/coles-catalogue-november-25-december-2-2025-vic-metro/15.jpg,https://www.catalogueau.com/coles/#catalogue=coles/coles-catalogue-november-25-december-2-2025-vic-metro/,unknown,,0,review
Coles,VIC METRO,"Coles Catalogue November 25 - December 2, 2025 VIC METRO",2025-11-25,2025-12-02,15,Australian R2E2 Mangoes,2.9,,,,special,,$2.90 per each,a | Australian R2E2 Mangoes | $2.90 per each,94.03,True,single_price_evidence,https://caau.syd1.cdn.digitaloceanspaces.com/wp-content/uploads/catalogue/coles/coles-catalogue-november-25-december-2-2025-vic-metro/15.jpg,https://www.catalogueau.com/coles/#catalogue=coles/coles-catalogue-november-25-december-2-2025-vic-metro/,unit_price,unit_price,1,review
Coles,VIC METRO,"Coles Catalogue November 25 - December 2, 2025 VIC METRO",2025-11-25,2025-12-02,16,CC's Corn Chips 175g,2.5,5.0,2.5,50.0,half_price,175g,$1.43 per 100g,SAVE2.50 | CC's Corn Chips 175g | $1.43 per 100g,96.23,False,,https://caau.syd1.cdn.digitaloceanspaces.com/wp-content/uploads/catalogue/coles/coles-catalogue-november-25-december-2-2025-vic-metro/16.jpg,https://www.catalogueau.com/coles/#catalogue=coles/coles-catalogue-november-25-december-2-2025-vic-metro/,displayed_price,displayed_price;unit_price,2,verified
Coles,VIC METRO,"Coles Catalogue November 25 - December 2, 2025 VIC METRO",2025-11-25,2025-12-02,16,Nestlé Chocolate Bar 35g-50g,0.45,3.0,2.55,85.0,save_amount,35g; 50g,,Nestlé Chocolate Bar 35g-50g | On sale for 2 weeks | Bonus,93.26,True,offer_labels_missing;single_price_evidence,https://caau.syd1.cdn.digitaloceanspaces.com/wp-content/uploads/catalogue/coles/coles-catalogue-november-25-december-2-2025-vic-metro/16.jpg,https://www.catalogueau.com/coles/#catalogue=coles/coles-catalogue-november-25-december-2-2025-vic-metro/,unknown,,0,review
Coles,VIC METRO,"Coles Catalogue November 25 - December 2, 2025 VIC METRO",2025-11-25,2025-12-02,16,Oreo Creme Cookies 128g-131g,1.5,3.0,1.5,50.0,half_price,128g; 131g,,WAS$3 | WAS$3 | Oreo Creme Cookies | 128g-131g | —,93.16,True,single_price_evidence,https://caau.syd1.cdn.digitaloceanspaces.com/wp-content/uploads/catalogue/coles/coles-catalogue-november-25-december-2-2025-vic-metro/16.jpg,https://www.catalogueau.com/coles/#catalogue=coles/coles-catalogue-november-25-december-2-2025-vic-metro/,displayed_price,displayed_price,1,review
Coles,VIC METRO,"Coles Catalogue November 25 - December 2, 2025 VIC METRO",2025-11-25,2025-12-02,16,Kettle Ridge Cut Potato Chips 165g,3.0,6.0,3.0,50.0,half_price,165g,$1.82 per 100g,SAVES3 | WASS6 | Kettle Ridge Cut Potato Chips | 165g $1.82 per 100g | *See page 26 for TkCs,96.27,False,,https://caau.syd1.cdn.digitaloceanspaces.com/wp-content/uploads/catalogue/coles/coles-catalogue-november-25-december-2-2025-vic-metro/16.jpg,https://www.catalogueau.com/coles/#catalogue=coles/coles-catalogue-november-25-december-2-2025-vic-metro/,save_was_arithmetic,displayed_price;save_was_arithmetic;unit_price,3,verified
Coles,VIC METRO,"Coles Catalogue November 25 - December 2, 2025 VIC METRO",2025-11-25,2025-12-02,16,Cadbury Breakaway Biscuits 180g,3.0,6.0,3.0,50.0,half_price,180g,$1.67 per 100g,SAVES3 | WASS6 | Cadbury Breakaway Biscuits | 180g $1.67 per 100g,96.43,False,,https://caau.syd1.cdn.digitaloceanspaces.com/wp-content/uploads/catalogue/coles/coles-catalogue-november-25-december-2-2025-vic-metro/16.jpg,https://www.catalogueau.com/coles/#catalogue=coles/coles-catalogue-november-25-december-2-2025-vic-metro/,save_was_arithmetic,displayed_price;save_was_arithmetic;unit_price,3,verified
Coles,VIC METRO,"Coles Catalogue November 25 - December 2, 2025 VIC METRO",2025-11-25,2025-12-02,16,Kirks Soft Drink 1.25 Litre,1.42,2.85,1.43,50.18,half_price,1.25 Litre,$1.14 per litre,SAVE51.43 | WASS2.85 | Kirks Soft Drink 1.25 Litre | $1.14 per litre,95.54,False,,https://caau.syd1.cdn.digitaloceanspaces.com/wp-content/uploads/catalogue/coles/coles-catalogue-november-25-december-2-2025-vic-metro/16.jpg,https://www.catalogueau.com/coles/#catalogue=coles/coles-catalogue-november-25-december-2-2025-vic-metro/,displayed_price,displayed_price;unit_price,2,verified
Coles,VIC METRO,"Coles Catalogue November 25 - December 2, 2025 VIC METRO",2025-11-25,2025-12-02,16,Lipton Ice Tea 1.5 Litre,2.75,5.5,2.75,50.0,half_price,1.5 Litre,$1.83 per litre,SAVES2.75 | Lipton Ice Tea 1.5 Litre | $1.83 per litre,95.69,False,,https://caau.syd1.cdn.digitaloceanspaces.com/wp-content/uploads/catalogue/coles/coles-catalogue-november-25-december-2-2025-vic-metro/16.jpg,https://www.catalogueau.com/coles/#catalogue=coles/coles-catalogue-november-25-december-2-2025-vic-metro/,displayed_price,displayed_price;unit_price,2,verified
Coles,VIC METRO,"Coles Catalogue November 25 - December 2, 2025 VIC METRO",2025-11-25,2025-12-02,16,Schweppes Infused Sparkling Water 10x375mL,9.0,19.0,10.0,52.63,save_amount,10x375mL,$2.40 per litre,SAVES10 | WASSI9 | Schweppes Infused | Sparkling Water 10x375mL | $2.40 per litre,94.88,False,,https://caau.syd1.cdn.digitaloceanspaces.com/wp-content/uploads/catalogue/coles/coles-catalogue-november-25-december-2-2025-vic-metro/16.jpg,https://www.catalogueau.com/coles/#catalogue=coles/coles-catalogue-november-25-december-2-2025-vic-metro/,save_was_arithmetic,displayed_price;save_was_arithmetic;unit_price,3,verified
Coles,VIC METRO,"Coles Catalogue November 25 - December 2, 2025 VIC METRO",2025-11-25,2025-12-02,16,Kirks Soft Drink 10x375mL,7.5,115.0,107.5,93.48,save_amount,10x375mL,$2.00 per litre,SAVE‘7.50 | WASSI15 | Kirks Soft Drink 10x375mL | $2.00 per litre | 16,92.61,False,,https://caau.syd1.cdn.digitaloceanspaces.com/wp-content/uploads/catalogue/coles/coles-catalogue-november-25-december-2-2025-vic-metro/16.jpg,https://www.catalogueau.com/coles/#catalogue=coles/coles-catalogue-november-25-december-2-2025-vic-metro/,displayed_price,displayed_price;unit_price,2,verified
Coles,VIC METRO,"Coles Catalogue November 25 - December 2, 2025 VIC METRO",2025-11-25,2025-12-02,17,Sunrice Premium White Long Grain Rice 1kg,1.5,3.0,1.5,50.0,half_price,1kg,$0.15 per 100g,SAVE 1.50 | WASS3 | Sunrice Premium White Long | Grain Rice 1kg $0.15 per 100g,95.27,False,,https://caau.syd1.cdn.digitaloceanspaces.com/wp-content/uploads/catalogue/coles/coles-catalogue-november-25-december-2-2025-vic-metro/17.jpg,https://www.catalogueau.com/coles/#catalogue=coles/coles-catalogue-november-25-december-2-2025-vic-metro/,save_was_arithmetic,save_was_arithmetic;unit_price,2,verified
Coles,VIC METRO,"Coles Catalogue November 25 - December 2, 2025 VIC METRO",2025-11-25,2025-12-02,17,Leggo's Chunky Pasta Sauce 490g-500g,2.3,4.6,2.3,50.0,half_price,490g; 500g,,SAVE52.30 | WASS$4.60 | Leggo's Chunky Pasta Sauce | 490g-500g | a | nus,91.07,True,single_price_evidence,https://caau.syd1.cdn.digitaloceanspaces.com/wp-content/uploads/catalogue/coles/coles-catalogue-november-25-december-2-2025-vic-metro/17.jpg,https://www.catalogueau.com/coles/#catalogue=coles/coles-catalogue-november-25-december-2-2025-vic-metro/,unknown,,0,review
Coles,VIC METRO,"Coles Catalogue November 25 - December 2, 2025 VIC METRO",2025-11-25,2025-12-02,17,Red Rock Deli Style Crackers 135g,2.5,5.0,2.5,50.0,half_price,135g,$1.85 per 100g,SAVES2.50 | WASS5 | Red Rock Deli Style Crackers | 135g $1.85 | 135g $1.85 per 100g | per 100g | nus | Bonus,79.0,True,low_name_confidence_strict,https://caau.syd1.cdn.digitaloceanspaces.com/wp-content/uploads/catalogue/coles/coles-catalogue-november-25-december-2-2025-vic-metro/17.jpg,https://www.catalogueau.com/coles/#catalogue=coles/coles-catalogue-november-25-december-2-2025-vic-metro/,save_was_arithmetic,displayed_price;save_was_arithmetic;unit_price,3,review
Coles,VIC METRO,"Coles Catalogue November 25 - December 2, 2025 VIC METRO",2025-11-25,2025-12-02,17,Nescafé Farmers Origins ins,4.25,8.5,4.25,50.0,half_price,,,SAVE%4.25 | WASS$8.50 | Nescafé Farmers Origins | ins | Nespresso Compatible Coffee | Capsules 10 Pack $0.43 per | each. *See page 26 for T&Cs,79.0,True,low_name_confidence_strict,https://caau.syd1.cdn.digitaloceanspaces.com/wp-content/uploads/catalogue/coles/coles-catalogue-november-25-december-2-2025-vic-metro/17.jpg,https://www.catalogueau.com/coles/#catalogue=coles/coles-catalogue-november-25-december-2-2025-vic-metro/,save_was_arithmetic,displayed_price;save_was_arithmetic,2,review
Coles,VIC METRO,"Coles Catalogue November 25 - December 2, 2025 VIC METRO",2025-11-25,2025-12-02,17,BSc Bodyscience High Protein Low Carb Bar 60g,2.5,5.0,2.5,50.0,half_price,60g,$4.17 per 100g,SAVE$2.50 | WASS5 | BSc Bodyscience High | Protein Low Carb Bar 60g | $4.17 per 100g,94.61,False,,https://caau.syd1.cdn.digitaloceanspaces.com/wp-content/uploads/catalogue/coles/coles-catalogue-november-25-december-2-2025-vic-metro/17.jpg,https://www.catalogueau.com/coles/#catalogue=coles/coles-catalogue-november-25-december-2-2025-vic-metro/,save_was_arithmetic,displayed_price;save_was_arithmetic;unit_price,3,verified
Coles,VIC METRO,"Coles Catalogue November 25 - December 2, 2025 VIC METRO",2025-11-25,2025-12-02,17,Heinz Seriously Good Aioli or Mayonnaise 295mL,2.75,5.5,2.75,50.0,half_price,295mL,,SAVE$2.75 | WASS$5.50 | Heinz Seriously Good Aioli or | Mayonnaise 295mL $0.93 per | 100mL. *See page 26 forT&Cs,94.16,False,,https://caau.syd1.cdn.digitaloceanspaces.com/wp-content/uploads/catalogue/coles/coles-catalogue-november-25-december-2-2025-vic-metro/17.jpg,https://www.catalogueau.com/coles/#catalogue=coles/coles-catalogue-november-25-december-2-2025-vic-metro/,save_was_arithmetic,displayed_price;save_was_arithmetic,2,verified
Coles,VIC METRO,"Coles Catalogue November 25 - December 2, 2025 VIC METRO",2025-11-25,2025-12-02,17,Vittoria Nespresso Compatible Coffee Capsules 10 Pack,4.75,9.5,4.75,50.0,half_price,10 Pack,$0.48 per each,SAVE%4.75 | WASS9.50 | Vittoria Nespresso | Compatible Coffee Capsules | 10 Pack $0.48 per each | VIC-METRO-261 1-25-543000,96.23,False,,https://caau.syd1.cdn.digitaloceanspaces.com/wp-content/uploads/catalogue/coles/coles-catalogue-november-25-december-2-2025-vic-metro/17.jpg,https://www.catalogueau.com/coles/#catalogue=coles/coles-catalogue-november-25-december-2-2025-vic-metro/,save_was_arithmetic,save_was_arithmetic;unit_price,2,verified
Coles,VIC METRO,"Coles Catalogue November 25 - December 2, 2025 VIC METRO",2025-11-25,2025-12-02,17,La Espafiola Olive Oil 500mL,8.0,16.0,8.0,50.0,half_price,500mL,$1.60 per 100mL,SAVE‘8. | WASS16 | La Espafiola Olive Oil 500mL | $1.60 per 100mL. | 2nd week on sale | 7,91.78,False,,https://caau.syd1.cdn.digitaloceanspaces.com/wp-content/uploads/catalogue/coles/coles-catalogue-november-25-december-2-2025-vic-metro/17.jpg,https://www.catalogueau.com/coles/#catalogue=coles/coles-catalogue-november-25-december-2-2025-vic-metro/,save_was_arithmetic,displayed_price;save_was_arithmetic;unit_price,3,verified
Coles,VIC METRO,"Coles Catalogue November 25 - December 2, 2025 VIC METRO",2025-11-25,2025-12-02,17,Gold Sunset Vegetable or Canola Oil 4 Litre,15.0,30.0,15.0,50.0,half_price,4 Litre,$0.38 per 100mL,WAS$30 | WAS$30 | Gold Sunset Vegetable or | Canola Oil 4 Litre | $0.38 per 100mL,96.59,True,single_price_evidence,https://caau.syd1.cdn.digitaloceanspaces.com/wp-content/uploads/catalogue/coles/coles-catalogue-november-25-december-2-2025-vic-metro/17.jpg,https://www.catalogueau.com/coles/#catalogue=coles/coles-catalogue-november-25-december-2-2025-vic-metro/,displayed_price,displayed_price,1,review
Coles,VIC METRO,"Coles Catalogue November 25 - December 2, 2025 VIC METRO",2025-11-25,2025-12-02,18,Nivea Refreshing Wash Gel or Exfoliating Gentle Scrub 150mL,6.5,13.0,6.5,50.0,half_price,150mL,$4.33 per 100mL,"SAVE°6.50 | WASS13 | Nivea Refreshing Wash | Gel or Exfoliating Gentle | Scrub 150mL $4.33 per 100mL. | 2nd week on sale | TExcludes Every Day, Down Down & clearance items",94.56,False,,https://caau.syd1.cdn.digitaloceanspaces.com/wp-content/uploads/catalogue/coles/coles-catalogue-november-25-december-2-2025-vic-metro/18.jpg,https://www.catalogueau.com/coles/#catalogue=coles/coles-catalogue-november-25-december-2-2025-vic-metro/,save_was_arithmetic,displayed_price;save_was_arithmetic;unit_price,3,verified
Coles,VIC METRO,"Coles Catalogue November 25 - December 2, 2025 VIC METRO",2025-11-25,2025-12-02,18,Nivea Antiperspirant Roll On Deodorant 50mL,2.5,5.0,2.5,50.0,half_price,50mL,$5.00 per 100mL,SAVE52.50 | WASS5S | Nivea Antiperspirant Roll On | Deodorant 50mL | $5.00 per 100mL,93.03,False,,https://caau.syd1.cdn.digitaloceanspaces.com/wp-content/uploads/catalogue/coles/coles-catalogue-november-25-december-2-2025-vic-metro/18.jpg,https://www.catalogueau.com/coles/#catalogue=coles/coles-catalogue-november-25-december-2-2025-vic-metro/,displayed_price,displayed_price;unit_price,2,verified
Coles,VIC METRO,"Coles Catalogue November 25 - December 2, 2025 VIC METRO",2025-11-25,2025-12-02,18,Nivea Sun Protect & Moisture Sunscreen SPF50+ 100mL**,7.5,15.0,7.5,50.0,half_price,100mL,$7.50 per 100mL,SAVE*7.50 | WASS15 | Nivea Sun Protect & Moisture | Sunscreen SPF50+ 100mL** | $7.50 per 100mL,93.22,False,,https://caau.syd1.cdn.digitaloceanspaces.com/wp-content/uploads/catalogue/coles/coles-catalogue-november-25-december-2-2025-vic-metro/18.jpg,https://www.catalogueau.com/coles/#catalogue=coles/coles-catalogue-november-25-december-2-2025-vic-metro/,save_was_arithmetic,displayed_price;save_was_arithmetic;unit_price,3,verified
Coles,VIC METRO,"Coles Catalogue November 25 - December 2, 2025 VIC METRO",2025-11-25,2025-12-02,18,Swisse Ultiboost Magnesium Tablets or Odourless High,24.75,49.5,24.75,50.0,half_price,,$12.38 per 100 each,SAVES24.75 | WASS49.50 | Swisse Ultiboost Magnesium | Tablets or Odourless High | Strength Wild Fish Oil | Capsules 200 Pack* | $12.38 per 100 each,93.78,False,,https://caau.syd1.cdn.digitaloceanspaces.com/wp-content/uploads/catalogue/coles/coles-catalogue-november-25-december-2-2025-vic-metro/18.jpg,https://www.catalogueau.com/coles/#catalogue=coles/coles-catalogue-november-25-december-2-2025-vic-metro/,save_was_arithmetic,displayed_price;save_was_arithmetic,2,verified
Coles,VIC METRO,"Coles Catalogue November 25 - December 2, 2025 VIC METRO",2025-11-25,2025-12-02,18,Rascals Premium Baby Wipes 72 Pack-80 Pack,2.5,5.0,2.5,50.0,half_price,72 Pack; 80 Pack,,SAVES2.50 | WASS5 | Rascals Premium Baby Wipes | 72 Pack-80 Pack,95.29,False,,https://caau.syd1.cdn.digitaloceanspaces.com/wp-content/uploads/catalogue/coles/coles-catalogue-november-25-december-2-2025-vic-metro/18.jpg,https://www.catalogueau.com/coles/#catalogue=coles/coles-catalogue-november-25-december-2-2025-vic-metro/,save_was_arithmetic,displayed_price;save_was_arithmetic,2,verified
Coles,VIC METRO,"Coles Catalogue November 25 - December 2, 2025 VIC METRO",2025-11-25,2025-12-02,18,Toni & Guy Shampoo or Conditioner 600mL,15.0,30.0,15.0,50.0,half_price,600mL,$2.50 per 100mL,SAVE 515 | WAS$30 | Toni & Guy Shampoo | or Conditioner 600mL | $2.50 per 100mL,94.11,False,,https://caau.syd1.cdn.digitaloceanspaces.com/wp-content/uploads/catalogue/coles/coles-catalogue-november-25-december-2-2025-vic-metro/18.jpg,https://www.catalogueau.com/coles/#catalogue=coles/coles-catalogue-november-25-december-2-2025-vic-metro/,save_was_arithmetic,displayed_price;save_was_arithmetic;unit_price,3,verified
Coles,VIC METRO,"Coles Catalogue November 25 - December 2, 2025 VIC METRO",2025-11-25,2025-12-02,18,Blackmores RapiMelts 60 Pack*,15.0,30.0,15.0,50.0,half_price,60 Pack,$25.00 per 100 each,SAVE 515 | WAS$30 | Blackmores RapiMelts | 60 Pack* $25.00 per 100 each | “This medicine may not be right for you. Read the label before purchase. Follow the directions for use. If symptoms,86.05,False,,https://caau.syd1.cdn.digitaloceanspaces.com/wp-content/uploads/catalogue/coles/coles-catalogue-november-25-december-2-2025-vic-metro/18.jpg,https://www.catalogueau.com/coles/#catalogue=coles/coles-catalogue-november-25-december-2-2025-vic-metro/,save_was_arithmetic,displayed_price;save_was_arithmetic;unit_price,3,verified
Coles,VIC METRO,"Coles Catalogue November 25 - December 2, 2025 VIC METRO",2025-11-25,2025-12-02,18,Blackmores Omega Triple Super Strength Capsules 60 Pack*,22.5,545.0,522.5,95.87,save_amount,60 Pack,$37.50 per 100 each,SAVE522.50 | Blackmores Omega Triple | Super Strength Capsules | 60 Pack* $37.50 per 100 each,92.64,False,,https://caau.syd1.cdn.digitaloceanspaces.com/wp-content/uploads/catalogue/coles/coles-catalogue-november-25-december-2-2025-vic-metro/18.jpg,https://www.catalogueau.com/coles/#catalogue=coles/coles-catalogue-november-25-december-2-2025-vic-metro/,displayed_price,displayed_price;unit_price,2,verified
Coles,VIC METRO,"Coles Catalogue November 25 - December 2, 2025 VIC METRO",2025-11-25,2025-12-02,18,Swisse Ultiboost Iron Tablets 30 Pack*,7.5,15.0,7.5,50.0,half_price,30 Pack,$25.00 per 100 each,Swisse Ultiboost Iron Tablets | 30 Pack* $25.00 per 100 each,91.06,True,offer_labels_missing;regular_and_save_inferred_from_half_price;inferred_price_requires_review,https://caau.syd1.cdn.digitaloceanspaces.com/wp-content/uploads/catalogue/coles/coles-catalogue-november-25-december-2-2025-vic-metro/18.jpg,https://www.catalogueau.com/coles/#catalogue=coles/coles-catalogue-november-25-december-2-2025-vic-metro/,unit_price,grid_inference;unit_price,1,review
Coles,VIC METRO,"Coles Catalogue November 25 - December 2, 2025 VIC METRO",2025-11-25,2025-12-02,19,Mornin Fresh Dishwashin Liquid 350mL,3.0,6.0,3.0,50.0,half_price,350mL,$0.86 per 100mL,SAVES3 | WASS6 | Mornin | Fresh Dishwashin | Liquid 350mL $0.86 per 100mL | =,93.31,False,,https://caau.syd1.cdn.digitaloceanspaces.com/wp-content/uploads/catalogue/coles/coles-catalogue-november-25-december-2-2025-vic-metro/19.jpg,https://www.catalogueau.com/coles/#catalogue=coles/coles-catalogue-november-25-december-2-2025-vic-metro/,save_was_arithmetic,displayed_price;save_was_arithmetic;unit_price,3,verified
Coles,VIC METRO,"Coles Catalogue November 25 - December 2, 2025 VIC METRO",2025-11-25,2025-12-02,19,White Kin Power Gel Toilet,3.0,6.2,3.2,51.61,save_amount,,$0.43 per 100mL,SAVES3.20 | WASS$6.20 | White Kin | Power Gel Toilet | Cleaner | 00m | $0.43 per 100mL,95.0,True,single_price_evidence,https://caau.syd1.cdn.digitaloceanspaces.com/wp-content/uploads/catalogue/coles/coles-catalogue-november-25-december-2-2025-vic-metro/19.jpg,https://www.catalogueau.com/coles/#catalogue=coles/coles-catalogue-november-25-december-2-2025-vic-metro/,save_was_arithmetic,save_was_arithmetic,1,review
Coles,VIC METRO,"Coles Catalogue November 25 - December 2, 2025 VIC METRO",2025-11-25,2025-12-02,19,Bref In The Bowl Toilet Cleaner 2 Pack 100g,5.5,11.0,5.5,50.0,half_price,2 Pack; 100g,$5.50 per 100g,SAVE*5.50 | WASS11 | Bref In The Bowl Toilet Cleaner | 2 Pack 100g $5.50 per 100g | | EXTRA LARGE Pr | EXTRA LARGE PF Bonus,95.86,False,,https://caau.syd1.cdn.digitaloceanspaces.com/wp-content/uploads/catalogue/coles/coles-catalogue-november-25-december-2-2025-vic-metro/19.jpg,https://www.catalogueau.com/coles/#catalogue=coles/coles-catalogue-november-25-december-2-2025-vic-metro/,save_was_arithmetic,displayed_price;save_was_arithmetic;unit_price,3,verified
Coles,VIC METRO,"Coles Catalogue November 25 - December 2, 2025 VIC METRO",2025-11-25,2025-12-02,19,Glen 20 Gold 24h Protection Disinfectant Spray 300g,5.75,11.5,5.75,50.0,half_price,300g,$1.92 per 100g,SAVE*5.75 | WASS11.50 | Glen 20 Gold 24h Protection | Disinfectant Spray 300g | $1.92 per 100g | I,96.32,False,,https://caau.syd1.cdn.digitaloceanspaces.com/wp-content/uploads/catalogue/coles/coles-catalogue-november-25-december-2-2025-vic-metro/19.jpg,https://www.catalogueau.com/coles/#catalogue=coles/coles-catalogue-november-25-december-2-2025-vic-metro/,save_was_arithmetic,save_was_arithmetic;unit_price,2,verified
Coles,VIC METRO,"Coles Catalogue November 25 - December 2, 2025 VIC METRO",2025-11-25,2025-12-02,19,Downy Concentrate Fabric Conditioner 800mL-900mL,6.5,13.0,6.5,50.0,half_price,800mL; 900mL,,SAVE*6.50 | WASS13 | Downy Concentrate Fabric | Conditioner 800mL-900mL,93.99,False,,https://caau.syd1.cdn.digitaloceanspaces.com/wp-content/uploads/catalogue/coles/coles-catalogue-november-25-december-2-2025-vic-metro/19.jpg,https://www.catalogueau.com/coles/#catalogue=coles/coles-catalogue-november-25-december-2-2025-vic-metro/,save_was_arithmetic,displayed_price;save_was_arithmetic,2,verified
Coles,VIC METRO,"Coles Catalogue November 25 - December 2, 2025 VIC METRO",2025-11-25,2025-12-02,19,Dettol Multipurpose Wipes 150 Pack,57.5,115.0,57.5,50.0,half_price,150 Pack,$0.05 per each,SAVE57.50 | WASSI15 | Dettol Multipurpose Wipes | 150 Pack $0.05 per each. | *See page 26 for T&Cs,95.36,True,single_price_evidence,https://caau.syd1.cdn.digitaloceanspaces.com/wp-content/uploads/catalogue/coles/coles-catalogue-november-25-december-2-2025-vic-metro/19.jpg,https://www.catalogueau.com/coles/#catalogue=coles/coles-catalogue-november-25-december-2-2025-vic-metro/,save_was_arithmetic,save_was_arithmetic,1,review
Coles,VIC METRO,"Coles Catalogue November 25 - December 2, 2025 VIC METRO",2025-11-25,2025-12-02,19,Vanish NapiSan Gold Pro Turbo Stain Remover Powder 2kg,18.0,36.0,18.0,50.0,half_price,2kg,$9.00 per kg,SAVES18 | WAS$36 | Vanish NapiSan Gold Pro Turbo | Stain Remover Powder 2kg | $9.00 per kg | VIC-METRO-261 1-25-543000,94.51,False,,https://caau.syd1.cdn.digitaloceanspaces.com/wp-content/uploads/catalogue/coles/coles-catalogue-november-25-december-2-2025-vic-metro/19.jpg,https://www.catalogueau.com/coles/#catalogue=coles/coles-catalogue-november-25-december-2-2025-vic-metro/,save_was_arithmetic,displayed_price;save_was_arithmetic;unit_price,3,verified
Coles,VIC METRO,"Coles Catalogue November 25 - December 2, 2025 VIC METRO",2025-11-25,2025-12-02,19,Finish Ultimate Dishwashing Tablets 46 Pack,24.5,49.0,24.5,50.0,half_price,46 Pack,$0.53 per each,SAVES24.50 | WASS49 | Finish Ultimate Dishwashing | Tablets 46 Pack $0.53 per each | 19,96.22,False,,https://caau.syd1.cdn.digitaloceanspaces.com/wp-content/uploads/catalogue/coles/coles-catalogue-november-25-december-2-2025-vic-metro/19.jpg,https://www.catalogueau.com/coles/#catalogue=coles/coles-catalogue-november-25-december-2-2025-vic-metro/,save_was_arithmetic,displayed_price;save_was_arithmetic,2,verified
Coles,VIC METRO,"Coles Catalogue November 25 - December 2, 2025 VIC METRO",2025-11-25,2025-12-02,19,Cold Power Laundry Liquid 2 Litre or Powder 2kg,12.0,24.0,12.0,50.0,half_price,2 Litre; 2kg,,SAVE512 | WASS$24 | Cold Power Laundry Liquid | 2 Litre or Powder 2kg,94.12,True,single_price_evidence,https://caau.syd1.cdn.digitaloceanspaces.com/wp-content/uploads/catalogue/coles/coles-catalogue-november-25-december-2-2025-vic-metro/19.jpg,https://www.catalogueau.com/coles/#catalogue=coles/coles-catalogue-november-25-december-2-2025-vic-metro/,displayed_price,displayed_price,1,review
Coles,VIC METRO,"Coles Catalogue November 25 - December 2, 2025 VIC METRO",2025-11-25,2025-12-02,20,+$20 OFF NEXT,250.0,270.0,20.0,7.41,save_amount,,,SAVE *20 | +$20 OFF | NEXT | SHOP,95.4,True,single_price_evidence,https://caau.syd1.cdn.digitaloceanspaces.com/wp-content/uploads/catalogue/coles/coles-catalogue-november-25-december-2-2025-vic-metro/20.jpg,https://www.catalogueau.com/coles/#catalogue=coles/coles-catalogue-november-25-december-2-2025-vic-metro/,displayed_price,displayed_price,1,review
Coles,VIC METRO,"Coles Catalogue November 25 - December 2, 2025 VIC METRO",2025-11-25,2025-12-02,21,Poppin Microwave Popcorn 100g,1.0,2.0,1.0,50.0,half_price,100g,$1.00 per 100g,SAVE$1 | WASS2 | Poppin Microwave Popcorn 100g | $1.00 per 100g,96.41,False,,https://caau.syd1.cdn.digitaloceanspaces.com/wp-content/uploads/catalogue/coles/coles-catalogue-november-25-december-2-2025-vic-metro/21.jpg,https://www.catalogueau.com/coles/#catalogue=coles/coles-catalogue-november-25-december-2-2025-vic-metro/,save_was_arithmetic,displayed_price;save_was_arithmetic;unit_price,3,verified
Coles,VIC METRO,"Coles Catalogue November 25 - December 2, 2025 VIC METRO",2025-11-25,2025-12-02,21,Infuzions Veggie or Prawn Crackers 90g,2.25,4.5,2.25,50.0,half_price,90g,$2.50 per 100g,SAVES2.25 | Infuzions Veggie or Prawn Crackers 90g | $2.50 per 100g | _ | ———,94.59,False,,https://caau.syd1.cdn.digitaloceanspaces.com/wp-content/uploads/catalogue/coles/coles-catalogue-november-25-december-2-2025-vic-metro/21.jpg,https://www.catalogueau.com/coles/#catalogue=coles/coles-catalogue-november-25-december-2-2025-vic-metro/,displayed_price,displayed_price;unit_price,2,verified
Coles,VIC METRO,"Coles Catalogue November 25 - December 2, 2025 VIC METRO",2025-11-25,2025-12-02,21,Nestlé Block Chocolate 118g-180g,5.25,7.5,2.25,30.0,save_amount,118g; 180g,,"SAVES2.25 | WASS7.50 | Nestlé Block Chocolate | 118g-180g | =a | Bonus | SR,",93.19,False,,https://caau.syd1.cdn.digitaloceanspaces.com/wp-content/uploads/catalogue/coles/coles-catalogue-november-25-december-2-2025-vic-metro/21.jpg,https://www.catalogueau.com/coles/#catalogue=coles/coles-catalogue-november-25-december-2-2025-vic-metro/,save_was_arithmetic,displayed_price;save_was_arithmetic,2,verified
Coles,VIC METRO,"Coles Catalogue November 25 - December 2, 2025 VIC METRO",2025-11-25,2025-12-02,21,Cadbury Sharepack 120g-180g,4.9,7.0,2.1,30.0,save_amount,120g; 180g,,SAVES2.10 | Cadbury Sharepack 120g-180g | On sale for 2 weeks | =,92.07,True,single_price_evidence,https://caau.syd1.cdn.digitaloceanspaces.com/wp-content/uploads/catalogue/coles/coles-catalogue-november-25-december-2-2025-vic-metro/21.jpg,https://www.catalogueau.com/coles/#catalogue=coles/coles-catalogue-november-25-december-2-2025-vic-metro/,displayed_price,displayed_price,1,review
Coles,VIC METRO,"Coles Catalogue November 25 - December 2, 2025 VIC METRO",2025-11-25,2025-12-02,21,Nestlé Milo 395g-460g ——,7.5,10.7,3.2,29.91,save_amount,395g; 460g,,"SAVES3.20 | WASS10.70 | Nestlé Milo 395g-460g | —— | | | SR,",78.92,True,low_name_confidence_strict,https://caau.syd1.cdn.digitaloceanspaces.com/wp-content/uploads/catalogue/coles/coles-catalogue-november-25-december-2-2025-vic-metro/21.jpg,https://www.catalogueau.com/coles/#catalogue=coles/coles-catalogue-november-25-december-2-2025-vic-metro/,save_was_arithmetic,displayed_price;save_was_arithmetic,2,review
Coles,VIC METRO,"Coles Catalogue November 25 - December 2, 2025 VIC METRO",2025-11-25,2025-12-02,21,Coca-Cola Zero Sugar Soft Drink 1.25 Litre,20.0,22.8,2.8,12.28,save_amount,1.25 Litre,$2.08 per litre,SAVE‘2.80 | Coca-Cola Zero Sugar | Soft Drink 1.25 Litre | $2.08 per litre. | *See page 26 forT&Cs | 21,95.91,True,unit_price_conflict;single_price_evidence,https://caau.syd1.cdn.digitaloceanspaces.com/wp-content/uploads/catalogue/coles/coles-catalogue-november-25-december-2-2025-vic-metro/21.jpg,https://www.catalogueau.com/coles/#catalogue=coles/coles-catalogue-november-25-december-2-2025-vic-metro/,displayed_price,displayed_price,1,review
Coles,VIC METRO,"Coles Catalogue November 25 - December 2, 2025 VIC METRO",2025-11-25,2025-12-02,21,"Pepsi Max, Solo or Schweppes Soft Drink",6.0,8.7,2.7,31.03,save_amount,,$4.00 per litre,"WAS $8.70 | WAS $8.70 | NOV 2025 | Pepsi Max, Solo or | Schweppes Soft Drink | 6x250mL $4.00 per litre | 21",96.11,True,single_price_evidence,https://caau.syd1.cdn.digitaloceanspaces.com/wp-content/uploads/catalogue/coles/coles-catalogue-november-25-december-2-2025-vic-metro/21.jpg,https://www.catalogueau.com/coles/#catalogue=coles/coles-catalogue-november-25-december-2-2025-vic-metro/,displayed_price,displayed_price,1,review
Coles,VIC METRO,"Coles Catalogue November 25 - December 2, 2025 VIC METRO",2025-11-25,2025-12-02,21,Red Bull Energy Drink 8x250mL,14.7,21.0,6.3,30.0,save_amount,8x250mL,$7.35 per litre,SAVE%6.30 | WASS21 | Red Bull Energy Drink | 8x250mL $7.35 per litre,94.98,False,,https://caau.syd1.cdn.digitaloceanspaces.com/wp-content/uploads/catalogue/coles/coles-catalogue-november-25-december-2-2025-vic-metro/21.jpg,https://www.catalogueau.com/coles/#catalogue=coles/coles-catalogue-november-25-december-2-2025-vic-metro/,save_was_arithmetic,save_was_arithmetic;unit_price,2,verified
Coles,VIC METRO,"Coles Catalogue November 25 - December 2, 2025 VIC METRO",2025-11-25,2025-12-02,21,Cocobella Straight Up Coconut Water 1 Litre,4.0,5.5,1.5,27.27,save_amount,1 Litre,$4.00 per litre,"SAVE51,50 | WASS$5.50 | Cocobella Straight Up | Coconut Water 1 Litre | $4.00 per litre | VIC-METRO-261 1-25-543000",95.28,False,,https://caau.syd1.cdn.digitaloceanspaces.com/wp-content/uploads/catalogue/coles/coles-catalogue-november-25-december-2-2025-vic-metro/21.jpg,https://www.catalogueau.com/coles/#catalogue=coles/coles-catalogue-november-25-december-2-2025-vic-metro/,displayed_price,displayed_price;unit_price,2,verified
Coles,VIC METRO,"Coles Catalogue November 25 - December 2, 2025 VIC METRO",2025-11-25,2025-12-02,22,Sunbites Grain Waves 170g,3.0,5.0,2.0,40.0,save_amount,170g,$1.76 per 100g,WASS5 | WASS5 | Sunbites Grain Waves 170g | $1.76 per 100g | SHARE IN THE JOY OF FESTIVE ENTERTAINING ‘,94.72,False,,https://caau.syd1.cdn.digitaloceanspaces.com/wp-content/uploads/catalogue/coles/coles-catalogue-november-25-december-2-2025-vic-metro/22.jpg,https://www.catalogueau.com/coles/#catalogue=coles/coles-catalogue-november-25-december-2-2025-vic-metro/,displayed_price,displayed_price;unit_price,2,verified
Coles,VIC METRO,"Coles Catalogue November 25 - December 2, 2025 VIC METRO",2025-11-25,2025-12-02,22,Peckish Fancies Rice Crackers 90g,2.0,3.0,1.0,33.33,save_amount,90g,$2.22 per 100g,WAS$3 | WAS$3 | Peckish Fancies Rice Crackers 90g | $2.22 per 100g. On sale for 2 weeks,94.43,False,,https://caau.syd1.cdn.digitaloceanspaces.com/wp-content/uploads/catalogue/coles/coles-catalogue-november-25-december-2-2025-vic-metro/22.jpg,https://www.catalogueau.com/coles/#catalogue=coles/coles-catalogue-november-25-december-2-2025-vic-metro/,displayed_price,displayed_price;unit_price,2,verified
Coles,VIC METRO,"Coles Catalogue November 25 - December 2, 2025 VIC METRO",2025-11-25,2025-12-02,22,"ADT, Olin",4.5,5.0,0.5,10.0,save_amount,,,"WASS5 | WASS5 | ADT, | Olin | -bakehouse- | CARTIBAN CRACKERS | BLACK OLIVE | <a)",62.01,True,low_name_confidence_strict;single_price_evidence,https://caau.syd1.cdn.digitaloceanspaces.com/wp-content/uploads/catalogue/coles/coles-catalogue-november-25-december-2-2025-vic-metro/22.jpg,https://www.catalogueau.com/coles/#catalogue=coles/coles-catalogue-november-25-december-2-2025-vic-metro/,displayed_price,displayed_price,1,review
Coles,VIC METRO,"Coles Catalogue November 25 - December 2, 2025 VIC METRO",2025-11-25,2025-12-02,22,Ritz Crackers 227g,1.75,3.5,1.75,50.0,half_price,227g,$0.77 per 100g,WASS3.50 | WASS3.50 | Ritz Crackers 227g | $0.77 per 100g | + | ADVERTISER PROMOTION | VIC-METRO-261 1-25-543000,96.23,True,single_price_evidence,https://caau.syd1.cdn.digitaloceanspaces.com/wp-content/uploads/catalogue/coles/coles-catalogue-november-25-december-2-2025-vic-metro/22.jpg,https://www.catalogueau.com/coles/#catalogue=coles/coles-catalogue-november-25-december-2-2025-vic-metro/,unit_price,unit_price,1,review
Coles,VIC METRO,"Coles Catalogue November 25 - December 2, 2025 VIC METRO",2025-11-25,2025-12-02,22,Jumpy's or Kettle Potato Chips 5 Pack 90g-92g,7.0,,,,special,5 Pack; 90g; 92g,,Jumpy's or Kettle Potato Chips | 5 Pack 90g-92g,93.32,True,offer_labels_missing;save_amount_missing;regular_price_missing;inferred_price_requires_review,https://caau.syd1.cdn.digitaloceanspaces.com/wp-content/uploads/catalogue/coles/coles-catalogue-november-25-december-2-2025-vic-metro/22.jpg,https://www.catalogueau.com/coles/#catalogue=coles/coles-catalogue-november-25-december-2-2025-vic-metro/,displayed_price,displayed_price;grid_inference,1,review
Coles,VIC METRO,"Coles Catalogue November 25 - December 2, 2025 VIC METRO",2025-11-25,2025-12-02,22,Arnott's Choc Ripple or Scotch Finger Biscuits 250g,5.0,,,,special,250g,$1.00 per 100g,Arnott's Choc Ripple or Scotch | Finger Biscuits 250g $1.00 per 100g | Sno: | ee | 5,93.29,True,offer_labels_missing;save_amount_missing;regular_price_missing;unit_price_conflict;single_price_evidence,https://caau.syd1.cdn.digitaloceanspaces.com/wp-content/uploads/catalogue/coles/coles-catalogue-november-25-december-2-2025-vic-metro/22.jpg,https://www.catalogueau.com/coles/#catalogue=coles/coles-catalogue-november-25-december-2-2025-vic-metro/,displayed_price,displayed_price,1,review
Coles,VIC METRO,"Coles Catalogue November 25 - December 2, 2025 VIC METRO",2025-11-25,2025-12-02,23,Pepsi or Solo Soft Drink 1.25 Litre,2.0,3.5,1.5,42.86,save_amount,1.25 Litre,$1.60 per litre,"Pepsi or Solo Soft Drink 1.25 Litre | $1.60 per litre | sj | | | , | 2",96.23,False,,https://caau.syd1.cdn.digitaloceanspaces.com/wp-content/uploads/catalogue/coles/coles-catalogue-november-25-december-2-2025-vic-metro/23.jpg,https://www.catalogueau.com/coles/#catalogue=coles/coles-catalogue-november-25-december-2-2025-vic-metro/,displayed_price,displayed_price;unit_price,2,verified
Coles,VIC METRO,"Coles Catalogue November 25 - December 2, 2025 VIC METRO",2025-11-25,2025-12-02,23,V8 Juice 1.25 Litre,3.3,5.5,2.2,40.0,save_amount,1.25 Litre,$2.64 per litre,WASS5.50 | WASS5.50 | V8 Juice 1.25 Litre | $2.64 per litre | sy,96.25,False,,https://caau.syd1.cdn.digitaloceanspaces.com/wp-content/uploads/catalogue/coles/coles-catalogue-november-25-december-2-2025-vic-metro/23.jpg,https://www.catalogueau.com/coles/#catalogue=coles/coles-catalogue-november-25-december-2-2025-vic-metro/,displayed_price,displayed_price;page_discount;unit_price,2,verified
Coles,VIC METRO,"Coles Catalogue November 25 - December 2, 2025 VIC METRO",2025-11-25,2025-12-02,23,Remedy Kombucha or Ginger Beer 4x250mL,5.7,9.5,3.8,40.0,save_amount,4x250mL,$5.70 per litre,WASS9.50 | WASS9.50 | Remedy Kombucha or | Ginger Beer 4x250mL | $5.70 per litre | ———— | ann,93.44,True,inferred_price_requires_review,https://caau.syd1.cdn.digitaloceanspaces.com/wp-content/uploads/catalogue/coles/coles-catalogue-november-25-december-2-2025-vic-metro/23.jpg,https://www.catalogueau.com/coles/#catalogue=coles/coles-catalogue-november-25-december-2-2025-vic-metro/,unit_price,page_discount;unit_price,1,review
Coles,VIC METRO,"Coles Catalogue November 25 - December 2, 2025 VIC METRO",2025-11-25,2025-12-02,23,Coca-Cola or Mt Franklin Lightly Sparkling Water 6x250mL,6.0,10.0,4.0,40.0,save_amount,6x250mL,$4.00 per litre,WASS10 | WASS10 | Coca-Cola or Mt Franklin | Lightly Sparkling Water 6x250mL | $4.00 per litre,95.46,False,,https://caau.syd1.cdn.digitaloceanspaces.com/wp-content/uploads/catalogue/coles/coles-catalogue-november-25-december-2-2025-vic-metro/23.jpg,https://www.catalogueau.com/coles/#catalogue=coles/coles-catalogue-november-25-december-2-2025-vic-metro/,displayed_price,displayed_price;page_discount;unit_price,2,verified
Coles,VIC METRO,"Coles Catalogue November 25 - December 2, 2025 VIC METRO",2025-11-25,2025-12-02,23,V Energy Drink 4x250mL,7.0,11.75,4.75,40.43,save_amount,4x250mL,$7.00 per litre,V Energy Drink 4x250mL | $7.00 per litre,93.27,False,,https://caau.syd1.cdn.digitaloceanspaces.com/wp-content/uploads/catalogue/coles/coles-catalogue-november-25-december-2-2025-vic-metro/23.jpg,https://www.catalogueau.com/coles/#catalogue=coles/coles-catalogue-november-25-december-2-2025-vic-metro/,displayed_price,displayed_price;unit_price,2,verified
Coles,VIC METRO,"Coles Catalogue November 25 - December 2, 2025 VIC METRO",2025-11-25,2025-12-02,23,Fanta or Sprite Soft Drink 18x375mL,19.8,33.0,13.2,40.0,save_amount,18x375mL,$2.93 per litre,WAS$33 | WAS$33 | Fanta or Sprite Soft Drink | 18x375mL $2.93 per litre,95.49,True,inferred_price_requires_review,https://caau.syd1.cdn.digitaloceanspaces.com/wp-content/uploads/catalogue/coles/coles-catalogue-november-25-december-2-2025-vic-metro/23.jpg,https://www.catalogueau.com/coles/#catalogue=coles/coles-catalogue-november-25-december-2-2025-vic-metro/,unit_price,page_discount;unit_price,1,review
Coles,VIC METRO,"Coles Catalogue November 25 - December 2, 2025 VIC METRO",2025-11-25,2025-12-02,25,Pureharvest Organic Unsweetened Almond Milk,2.0,3.4,1.4,41.18,save_amount,,$2.60 per litre,"SAVE80¢ | WASS3.40 | Pureharvest Organic | Unsweetened Almond Milk | 1 Litre $2.60 per litre | te, He | 1.45) 11, | 2 ya",95.08,True,single_price_evidence,https://caau.syd1.cdn.digitaloceanspaces.com/wp-content/uploads/catalogue/coles/coles-catalogue-november-25-december-2-2025-vic-metro/25.jpg,https://www.catalogueau.com/coles/#catalogue=coles/coles-catalogue-november-25-december-2-2025-vic-metro/,displayed_price,displayed_price,1,review
Coles,VIC METRO,"Coles Catalogue November 25 - December 2, 2025 VIC METRO",2025-11-25,2025-12-02,25,Mayver's Low Carb High Protein Bars 128g,6.6,8.3,1.7,20.48,save_amount,128g,$5.16 per 100g,SAVE51.70 | WASS8.30 | Mayver's Low Carb High Protein | Bars 128g $5.16 per 100g,95.47,False,,https://caau.syd1.cdn.digitaloceanspaces.com/wp-content/uploads/catalogue/coles/coles-catalogue-november-25-december-2-2025-vic-metro/25.jpg,https://www.catalogueau.com/coles/#catalogue=coles/coles-catalogue-november-25-december-2-2025-vic-metro/,displayed_price,displayed_price;unit_price,2,verified
Coles,VIC METRO,"Coles Catalogue November 25 - December 2, 2025 VIC METRO",2025-11-25,2025-12-02,25,Nescafé Blend 43 500g,22.0,32.0,10.0,31.25,save_amount,500g,$4.40 per 100g,SAVE*10 | WAS$32 | Nescafé Blend 43 500g | $4.40 per 100g. | *See page 26 for T&Cs | INDULGE IN,94.71,False,,https://caau.syd1.cdn.digitaloceanspaces.com/wp-content/uploads/catalogue/coles/coles-catalogue-november-25-december-2-2025-vic-metro/25.jpg,https://www.catalogueau.com/coles/#catalogue=coles/coles-catalogue-november-25-december-2-2025-vic-metro/,save_was_arithmetic,displayed_price;save_was_arithmetic;unit_price,3,verified
Coles,VIC METRO,"Coles Catalogue November 25 - December 2, 2025 VIC METRO",2025-11-25,2025-12-02,25,Lavazza Espresso Barista Coffee Beans 1kg,30.0,44.0,14.0,31.82,save_amount,1kg,$3.00 per 100g,SAVE514 | WASS44 | Lavazza Espresso Barista Coffee | Beans 1kg $3.00 per 100g | Excludes Organic,93.07,False,,https://caau.syd1.cdn.digitaloceanspaces.com/wp-content/uploads/catalogue/coles/coles-catalogue-november-25-december-2-2025-vic-metro/25.jpg,https://www.catalogueau.com/coles/#catalogue=coles/coles-catalogue-november-25-december-2-2025-vic-metro/,displayed_price,displayed_price;unit_price,2,verified
Coles,VIC METRO,"Coles Catalogue November 25 - December 2, 2025 VIC METRO",2025-11-25,2025-12-02,25,Moccona 99% Sugar Free Coffee Sachets 10 Pack,3.95,790.0,786.05,99.5,save_amount,10 Pack,$0.40 per each,Moccona 99% | Sugar Free Coffee | Sachets 10 Pack | $0.40 per each,95.18,False,,https://caau.syd1.cdn.digitaloceanspaces.com/wp-content/uploads/catalogue/coles/coles-catalogue-november-25-december-2-2025-vic-metro/25.jpg,https://www.catalogueau.com/coles/#catalogue=coles/coles-catalogue-november-25-december-2-2025-vic-metro/,displayed_price,displayed_price;unit_price,2,verified
Coles,VIC METRO,"Coles Catalogue November 25 - December 2, 2025 VIC METRO",2025-11-25,2025-12-02,26,Kellogg's Kellogg's Just Right Cereal 740g,6.0,10.8,4.8,44.44,save_amount,740g,$0.81 per 100g,WASS10.80 | WASS10.80 | Kellogg's | Kellogg's Just Right Cereal 740g | $0. | $0.81 per 100g | pet | wi,79.0,True,low_name_confidence_strict,https://caau.syd1.cdn.digitaloceanspaces.com/wp-content/uploads/catalogue/coles/coles-catalogue-november-25-december-2-2025-vic-metro/26.jpg,https://www.catalogueau.com/coles/#catalogue=coles/coles-catalogue-november-25-december-2-2025-vic-metro/,displayed_price,displayed_price;unit_price,2,review
Coles,VIC METRO,"Coles Catalogue November 25 - December 2, 2025 VIC METRO",2025-11-25,2025-12-02,26,Vittoria Freeze Dried Instant Coffee 100g,9.0,15.0,6.0,40.0,save_amount,100g,$9.00 per 100g,WASS15 | WASS15 | Vittoria Freeze Dried Instant Coffee 100g | $9.00 per 100g. Excludes Decaf | 1 il,96.49,True,inferred_price_requires_review,https://caau.syd1.cdn.digitaloceanspaces.com/wp-content/uploads/catalogue/coles/coles-catalogue-november-25-december-2-2025-vic-metro/26.jpg,https://www.catalogueau.com/coles/#catalogue=coles/coles-catalogue-november-25-december-2-2025-vic-metro/,unit_price,page_discount;unit_price,1,review
Coles,VIC METRO,"Coles Catalogue November 25 - December 2, 2025 VIC METRO",2025-11-25,2025-12-02,26,Bega Smooth or Crunchy Peanut Butter 375g,4.5,5.8,1.3,22.41,save_amount,375g,$1.20 per 100g,WASS5.80 | WASS5.80 | Bega Smooth or Crunchy Peanut | Butter 375g $1.20 per 100g | ‘ Weet-B,79.0,True,low_name_confidence_strict,https://caau.syd1.cdn.digitaloceanspaces.com/wp-content/uploads/catalogue/coles/coles-catalogue-november-25-december-2-2025-vic-metro/26.jpg,https://www.catalogueau.com/coles/#catalogue=coles/coles-catalogue-november-25-december-2-2025-vic-metro/,displayed_price,displayed_price;unit_price,2,review
Coles,VIC METRO,"Coles Catalogue November 25 - December 2, 2025 VIC METRO",2025-11-25,2025-12-02,26,Mayver's Peanut Butter 375g,5.0,6.3,1.3,20.63,save_amount,375g,$1.33 per 100g,WASS$6.30 | WASS$6.30 | Mayver's Peanut Butter 375g | $1.33 per 100g | a | fod | 4,94.7,False,,https://caau.syd1.cdn.digitaloceanspaces.com/wp-content/uploads/catalogue/coles/coles-catalogue-november-25-december-2-2025-vic-metro/26.jpg,https://www.catalogueau.com/coles/#catalogue=coles/coles-catalogue-november-25-december-2-2025-vic-metro/,displayed_price,displayed_price;unit_price,2,verified
Coles,VIC METRO,"Coles Catalogue November 25 - December 2, 2025 VIC METRO",2025-11-25,2025-12-02,26,Lotus Biscoff Spread 380g-400g i,4.5,7.5,3.0,40.0,save_amount,380g; 400g,,WASS$7.50 | WASS$7.50 | Lotus Biscoff Spread 380g-400g | i,62.17,True,low_name_confidence_strict;inferred_price_requires_review,https://caau.syd1.cdn.digitaloceanspaces.com/wp-content/uploads/catalogue/coles/coles-catalogue-november-25-december-2-2025-vic-metro/26.jpg,https://www.catalogueau.com/coles/#catalogue=coles/coles-catalogue-november-25-december-2-2025-vic-metro/,page_discount_inference,page_discount,0,review
Coles,VIC METRO,"Coles Catalogue November 25 - December 2, 2025 VIC METRO",2025-11-25,2025-12-02,26,Sanitarium Weet-Bix Bites 500g-510g,3.9,6.5,2.6,40.0,save_amount,500g; 510g,,WASS$6.50 | WASS$6.50 | Sanitarium Weet-Bix Bites | 500g-510g,91.76,True,inferred_price_requires_review,https://caau.syd1.cdn.digitaloceanspaces.com/wp-content/uploads/catalogue/coles/coles-catalogue-november-25-december-2-2025-vic-metro/26.jpg,https://www.catalogueau.com/coles/#catalogue=coles/coles-catalogue-november-25-december-2-2025-vic-metro/,page_discount_inference,page_discount,0,review
Coles,VIC METRO,"Coles Catalogue November 25 - December 2, 2025 VIC METRO",2025-11-25,2025-12-02,26,Uncle Tobys Muesli Bars 145g-185g,3.3,5.5,2.2,40.0,save_amount,145g; 185g,,"WASSS.50 | WASSS.50 | Uncle Tobys Muesli Bars | 145g-185g | Spend $20 in one transaction, scan your Flybuys and receive one bonus | glassware credit when you also purchase a selected product from a",90.13,True,inferred_price_requires_review,https://caau.syd1.cdn.digitaloceanspaces.com/wp-content/uploads/catalogue/coles/coles-catalogue-november-25-december-2-2025-vic-metro/26.jpg,https://www.catalogueau.com/coles/#catalogue=coles/coles-catalogue-november-25-december-2-2025-vic-metro/,page_discount_inference,page_discount,0,review
Coles,VIC METRO,"Coles Catalogue November 25 - December 2, 2025 VIC METRO",2025-11-25,2025-12-02,26,Uncle Tobys Plus Antioxidants 435g,5.5,7.0,1.5,21.43,save_amount,435g,$1.26 per 100g,"WASS$7 | WASS$7 | Uncle Tobys Plus Antioxidants | per 100g | 435g $1.26 | 435g $1.26 per 100g | SCHOTT | Spend $20 in one transaction, scan your Flybuys and receive one bonus",79.0,True,low_name_confidence_strict,https://caau.syd1.cdn.digitaloceanspaces.com/wp-content/uploads/catalogue/coles/coles-catalogue-november-25-december-2-2025-vic-metro/26.jpg,https://www.catalogueau.com/coles/#catalogue=coles/coles-catalogue-november-25-december-2-2025-vic-metro/,displayed_price,displayed_price;unit_price,2,review
Coles,VIC METRO,"Coles Catalogue November 25 - December 2, 2025 VIC METRO",2025-11-25,2025-12-02,27,Nice & Natural Protein or Nut Butter Bars 125g-200g,5.0,6.5,1.5,23.08,save_amount,125g; 200g,,WAS$6.50 | WAS$6.50 | SEP 2025 | Nice & Natural Protein or Nut | Butter Bars 125g-200g,94.75,True,single_price_evidence,https://caau.syd1.cdn.digitaloceanspaces.com/wp-content/uploads/catalogue/coles/coles-catalogue-november-25-december-2-2025-vic-metro/27.jpg,https://www.catalogueau.com/coles/#catalogue=coles/coles-catalogue-november-25-december-2-2025-vic-metro/,displayed_price,displayed_price,1,review
Coles,VIC METRO,"Coles Catalogue November 25 - December 2, 2025 VIC METRO",2025-11-25,2025-12-02,27,Uncle Tobys Cheerios 520g-560g,5.5,7.5,2.0,26.67,save_amount,520g; 560g,,WAS $7.50 | WAS $7.50 | NOV 2025 | Uncle Tobys Cheerios | 520g-560g,93.06,True,single_price_evidence,https://caau.syd1.cdn.digitaloceanspaces.com/wp-content/uploads/catalogue/coles/coles-catalogue-november-25-december-2-2025-vic-metro/27.jpg,https://www.catalogueau.com/coles/#catalogue=coles/coles-catalogue-november-25-december-2-2025-vic-metro/,displayed_price,displayed_price,1,review
Coles,VIC METRO,"Coles Catalogue November 25 - December 2, 2025 VIC METRO",2025-11-25,2025-12-02,27,Bundaberg Passionfruit or Tropical Mango Brewed Soft,6.3,7.7,1.4,18.18,save_amount,,$4.20 per litre,WAS $7.70 | WAS $7.70 | OCT 2025 | Bundaberg Passionfruit or | Tropical Mango Brewed Soft | Drink 4x375mL $4.20 per litre,94.83,True,single_price_evidence,https://caau.syd1.cdn.digitaloceanspaces.com/wp-content/uploads/catalogue/coles/coles-catalogue-november-25-december-2-2025-vic-metro/27.jpg,https://www.catalogueau.com/coles/#catalogue=coles/coles-catalogue-november-25-december-2-2025-vic-metro/,displayed_price,displayed_price,1,review
Coles,VIC METRO,"Coles Catalogue November 25 - December 2, 2025 VIC METRO",2025-11-25,2025-12-02,27,Mayver's 100% Australian Almond Butter 240g,7.9,9.3,1.4,15.05,save_amount,240g,$3.29 per 100g,WAS$9.30 | WAS$9.30 | SEP 2025 | Mayver's 100% Australian | Almond Butter 240g | $3.29 per 100g,95.81,False,,https://caau.syd1.cdn.digitaloceanspaces.com/wp-content/uploads/catalogue/coles/coles-catalogue-november-25-december-2-2025-vic-metro/27.jpg,https://www.catalogueau.com/coles/#catalogue=coles/coles-catalogue-november-25-december-2-2025-vic-metro/,displayed_price,displayed_price;unit_price,2,verified
Coles,VIC METRO,"Coles Catalogue November 25 - December 2, 2025 VIC METRO",2025-11-25,2025-12-02,27,Devondale Instant Full Cream Milk Powder 1kg,14.5,16.5,2.0,12.12,save_amount,1kg,$1.45 per 100g,WAS $16.50 | WAS $16.50 | SEP 2025 | Devondale Instant Full Cream | Milk Powder 1kg | $1.45 per 100g,79.0,True,low_name_confidence_strict;single_price_evidence,https://caau.syd1.cdn.digitaloceanspaces.com/wp-content/uploads/catalogue/coles/coles-catalogue-november-25-december-2-2025-vic-metro/27.jpg,https://www.catalogueau.com/coles/#catalogue=coles/coles-catalogue-november-25-december-2-2025-vic-metro/,unit_price,unit_price,1,review
Coles,VIC METRO,"Coles Catalogue November 25 - December 2, 2025 VIC METRO",2025-11-25,2025-12-02,27,Nescafé Blend 43 250g,15.0,,,,down_down,250g,$6.00 per 100g,SEP 2025 | Nescafé Blend 43 250g | $6.00 per 100g. | *See page 26 forT&Cs,94.62,False,,https://caau.syd1.cdn.digitaloceanspaces.com/wp-content/uploads/catalogue/coles/coles-catalogue-november-25-december-2-2025-vic-metro/27.jpg,https://www.catalogueau.com/coles/#catalogue=coles/coles-catalogue-november-25-december-2-2025-vic-metro/,displayed_price,displayed_price;unit_price,2,verified
Coles,VIC METRO,"Coles Catalogue November 25 - December 2, 2025 VIC METRO",2025-11-25,2025-12-02,27,Nescafé Gold Instant Coffee 400g,26.0,32.0,6.0,18.75,save_amount,400g,$6.50 per 100g,WAS $32 | WAS $32 | SEP 2025 | Nescafé Gold Instant Coffee | 400g $6.50 per 100g. | *See page 26 for T&Cs,95.43,False,,https://caau.syd1.cdn.digitaloceanspaces.com/wp-content/uploads/catalogue/coles/coles-catalogue-november-25-december-2-2025-vic-metro/27.jpg,https://www.catalogueau.com/coles/#catalogue=coles/coles-catalogue-november-25-december-2-2025-vic-metro/,displayed_price,displayed_price;unit_price,2,verified
Coles,VIC METRO,"Coles Catalogue November 25 - December 2, 2025 VIC METRO",2025-11-25,2025-12-02,27,Vittoria Italian Blend Coffee Beans 1kg,35.0,50.0,15.0,30.0,save_amount,1kg,$3.50 per 100g,'WAS$50 | 'WAS$50 | Vittoria Italian Blend Coffee | Beans 1kg $3.50 per 100g,92.85,False,,https://caau.syd1.cdn.digitaloceanspaces.com/wp-content/uploads/catalogue/coles/coles-catalogue-november-25-december-2-2025-vic-metro/27.jpg,https://www.catalogueau.com/coles/#catalogue=coles/coles-catalogue-november-25-december-2-2025-vic-metro/,displayed_price,displayed_price;unit_price,2,verified
Coles,VIC METRO,"Coles Catalogue November 25 - December 2, 2025 VIC METRO",2025-11-25,2025-12-02,27,Liddells Lactose Free Milk 1 Litre,2.7,,,,down_down,1 Litre,$2.70 per litre,Liddells Lactose Free Milk | 1 Litre $2.70 per litre,92.59,False,,https://caau.syd1.cdn.digitaloceanspaces.com/wp-content/uploads/catalogue/coles/coles-catalogue-november-25-december-2-2025-vic-metro/27.jpg,https://www.catalogueau.com/coles/#catalogue=coles/coles-catalogue-november-25-december-2-2025-vic-metro/,displayed_price,displayed_price;unit_price,2,verified
Coles,VIC METRO,"Coles Catalogue November 25 - December 2, 2025 VIC METRO",2025-11-25,2025-12-02,29,Sirena Tuna 185g,3.7,4.7,1.0,21.28,save_amount,185g,$20.00 per kg,"‘WAS$4.70 | ‘WAS$4.70 | Sirena Tuna 185g | $20.00 per kg | marion’s | KITCHEN | “7? 2, | y",94.76,False,,https://caau.syd1.cdn.digitaloceanspaces.com/wp-content/uploads/catalogue/coles/coles-catalogue-november-25-december-2-2025-vic-metro/29.jpg,https://www.catalogueau.com/coles/#catalogue=coles/coles-catalogue-november-25-december-2-2025-vic-metro/,displayed_price,displayed_price;unit_price,2,verified
Coles,VIC METRO,"Coles Catalogue November 25 - December 2, 2025 VIC METRO",2025-11-25,2025-12-02,29,Kewpie Mayonnaise 300g,4.3,5.5,1.2,21.82,save_amount,300g,$1.43 per 100g,WASS5.50 | WASS5.50 | Kewpie Mayonnaise 300g | $1.43 per 100g | TASTY,94.67,True,single_price_evidence,https://caau.syd1.cdn.digitaloceanspaces.com/wp-content/uploads/catalogue/coles/coles-catalogue-november-25-december-2-2025-vic-metro/29.jpg,https://www.catalogueau.com/coles/#catalogue=coles/coles-catalogue-november-25-december-2-2025-vic-metro/,unit_price,unit_price,1,review
Coles,VIC METRO,"Coles Catalogue November 25 - December 2, 2025 VIC METRO",2025-11-25,2025-12-02,29,Marion's Kitchen Asian Meal Kit 188g-419g,6.8,8.5,1.7,20.0,save_amount,188g; 419g,,WAS$8.50 | WAS$8.50 | Marion's Kitchen Asian Meal Kit | 188g-419g | UTE,72.14,True,low_name_confidence_strict;single_price_evidence,https://caau.syd1.cdn.digitaloceanspaces.com/wp-content/uploads/catalogue/coles/coles-catalogue-november-25-december-2-2025-vic-metro/29.jpg,https://www.catalogueau.com/coles/#catalogue=coles/coles-catalogue-november-25-december-2-2025-vic-metro/,displayed_price,displayed_price,1,review
Coles,VIC METRO,"Coles Catalogue November 25 - December 2, 2025 VIC METRO",2025-11-25,2025-12-02,29,Coles Beans 420g,1.0,,,,special,420g,$2.38 per kg,Coles Beans 420g | $2.38 per kg | =o | 6,96.67,True,offer_labels_missing;save_amount_missing;regular_price_missing,https://caau.syd1.cdn.digitaloceanspaces.com/wp-content/uploads/catalogue/coles/coles-catalogue-november-25-december-2-2025-vic-metro/29.jpg,https://www.catalogueau.com/coles/#catalogue=coles/coles-catalogue-november-25-december-2-2025-vic-metro/,displayed_price,displayed_price;grid_inference;unit_price,2,review
Coles,VIC METRO,"Coles Catalogue November 25 - December 2, 2025 VIC METRO",2025-11-25,2025-12-02,29,Nombox Meal Box 350g,4.0,,,,special,350g,$1.14 per 100g,Nombox Meal Box 350g | $1.14 per 100g,94.91,False,,https://caau.syd1.cdn.digitaloceanspaces.com/wp-content/uploads/catalogue/coles/coles-catalogue-november-25-december-2-2025-vic-metro/29.jpg,https://www.catalogueau.com/coles/#catalogue=coles/coles-catalogue-november-25-december-2-2025-vic-metro/,displayed_price,displayed_price;unit_price,2,verified
Coles,VIC METRO,"Coles Catalogue November 25 - December 2, 2025 VIC METRO",2025-11-25,2025-12-02,29,Maggi 2 Minute Noodles 12 Pack 864g-888g,9.0,,,,special,12 Pack; 864g; 888g,,Maggi 2 Minute Noodles | 12 Pack 864g-888g | ADVERTISER PROMOTION,93.41,True,offer_labels_missing;save_amount_missing;regular_price_missing;single_price_evidence,https://caau.syd1.cdn.digitaloceanspaces.com/wp-content/uploads/catalogue/coles/coles-catalogue-november-25-december-2-2025-vic-metro/29.jpg,https://www.catalogueau.com/coles/#catalogue=coles/coles-catalogue-november-25-december-2-2025-vic-metro/,displayed_price,displayed_price,1,review
Coles,VIC METRO,"Coles Catalogue November 25 - December 2, 2025 VIC METRO",2025-11-25,2025-12-02,30,Mainland Cheese Block 400g-500g,9.8,11.0,1.2,10.91,save_amount,400g; 500g,,WASS11 | WASS11 | SEP 2025 | Mainland Cheese Block | 400g-500g | Se | se | AG,93.67,True,single_price_evidence,https://caau.syd1.cdn.digitaloceanspaces.com/wp-content/uploads/catalogue/coles/coles-catalogue-november-25-december-2-2025-vic-metro/30.jpg,https://www.catalogueau.com/coles/#catalogue=coles/coles-catalogue-november-25-december-2-2025-vic-metro/,displayed_price,displayed_price,1,review
Coles,VIC METRO,"Coles Catalogue November 25 - December 2, 2025 VIC METRO",2025-11-25,2025-12-02,30,Philadelphia Cream Cheese Block Twin Pack 2x250g,9.0,10.0,1.0,10.0,save_amount,2x250g,$18.00 per kg,WASS10 | WASS10 | SEP 2025 | Philadelphia Cream Cheese Block | Twin Pack 2x250g $18.00 per kg,95.43,False,,https://caau.syd1.cdn.digitaloceanspaces.com/wp-content/uploads/catalogue/coles/coles-catalogue-november-25-december-2-2025-vic-metro/30.jpg,https://www.catalogueau.com/coles/#catalogue=coles/coles-catalogue-november-25-december-2-2025-vic-metro/,displayed_price,displayed_price;unit_price,2,verified
Coles,VIC METRO,"Coles Catalogue November 25 - December 2, 2025 VIC METRO",2025-11-25,2025-12-02,30,Primo Stackers 45g-57g,3.5,,,,down_down,45g; 57g,,Primo Stackers 45g-57g | On sale for 2 weeks | fr,92.64,True,save_amount_missing;regular_price_missing;single_price_evidence,https://caau.syd1.cdn.digitaloceanspaces.com/wp-content/uploads/catalogue/coles/coles-catalogue-november-25-december-2-2025-vic-metro/30.jpg,https://www.catalogueau.com/coles/#catalogue=coles/coles-catalogue-november-25-december-2-2025-vic-metro/,displayed_price,displayed_price,1,review
Coles,VIC METRO,"Coles Catalogue November 25 - December 2, 2025 VIC METRO",2025-11-25,2025-12-02,31,Chobani Flip Yogurt 140g,2.4,3.4,1.0,29.41,save_amount,140g,$1.71 per 100g,"SAVE ‘1, 60 | Chobani Flip Yogurt 140g | $1.71 per 100g | ic] | tad",94.8,True,single_price_evidence,https://caau.syd1.cdn.digitaloceanspaces.com/wp-content/uploads/catalogue/coles/coles-catalogue-november-25-december-2-2025-vic-metro/31.jpg,https://www.catalogueau.com/coles/#catalogue=coles/coles-catalogue-november-25-december-2-2025-vic-metro/,unit_price,unit_price,1,review
Coles,VIC METRO,"Coles Catalogue November 25 - December 2, 2025 VIC METRO",2025-11-25,2025-12-02,31,Gippsland Dairy Twist Yogurt 700g,6.3,7.9,1.6,20.25,save_amount,700g,$0.90 per 100g,SAVE51.60 | WASS7.90 | Gippsland Dairy Twist Yogurt | 700g $0.90 per 100g | ae | ——— | Strawbert | wher,96.35,False,,https://caau.syd1.cdn.digitaloceanspaces.com/wp-content/uploads/catalogue/coles/coles-catalogue-november-25-december-2-2025-vic-metro/31.jpg,https://www.catalogueau.com/coles/#catalogue=coles/coles-catalogue-november-25-december-2-2025-vic-metro/,displayed_price,displayed_price;unit_price,2,verified
Coles,VIC METRO,"Coles Catalogue November 25 - December 2, 2025 VIC METRO",2025-11-25,2025-12-02,31,Tamar Valley Kids Greek Style Yoghurt Pouch 110g,10.0,12.5,2.5,20.0,save_amount,110g,$1.82 per 100g,SAVE$2.50 | Tamar Valley Kids Greek Style | Yoghurt Pouch 110g $1.82 per 100g | On sale for 2 weeks,96.19,True,unit_price_conflict;single_price_evidence,https://caau.syd1.cdn.digitaloceanspaces.com/wp-content/uploads/catalogue/coles/coles-catalogue-november-25-december-2-2025-vic-metro/31.jpg,https://www.catalogueau.com/coles/#catalogue=coles/coles-catalogue-november-25-december-2-2025-vic-metro/,displayed_price,displayed_price,1,review
Coles,VIC METRO,"Coles Catalogue November 25 - December 2, 2025 VIC METRO",2025-11-25,2025-12-02,31,Farmers Union Greek Style or No Added Sugar Yogurt Pouch 130g,350.0,354.0,4.0,1.13,save_amount,130g,$1.31 per 100g,SAVE %4 | Farmers Union Greek Style or No | Added Sugar Yogurt Pouch 130g | $1.31 per 100g,96.38,True,unit_price_conflict;single_price_evidence,https://caau.syd1.cdn.digitaloceanspaces.com/wp-content/uploads/catalogue/coles/coles-catalogue-november-25-december-2-2025-vic-metro/31.jpg,https://www.catalogueau.com/coles/#catalogue=coles/coles-catalogue-november-25-december-2-2025-vic-metro/,displayed_price,displayed_price,1,review
Coles,VIC METRO,"Coles Catalogue November 25 - December 2, 2025 VIC METRO",2025-11-25,2025-12-02,31,Western Star Spreadable Blend 500,6.7,7.5,0.8,10.67,save_amount,,,WAS $7.50 | WAS $7.50 | SEP 2025 | Western Star Spreadable | Blend 500 | fog | $1.34 per,92.58,True,single_price_evidence,https://caau.syd1.cdn.digitaloceanspaces.com/wp-content/uploads/catalogue/coles/coles-catalogue-november-25-december-2-2025-vic-metro/31.jpg,https://www.catalogueau.com/coles/#catalogue=coles/coles-catalogue-november-25-december-2-2025-vic-metro/,displayed_price,displayed_price,1,review
Coles,VIC METRO,"Coles Catalogue November 25 - December 2, 2025 VIC METRO",2025-11-25,2025-12-02,31,Remedy Kombucha 750mL,5.25,57.5,52.25,90.87,save_amount,750mL,$7.00 per litre,SAVE52.25 | Remedy Kombucha | 750mL $7.00 per litre,93.89,True,single_price_evidence,https://caau.syd1.cdn.digitaloceanspaces.com/wp-content/uploads/catalogue/coles/coles-catalogue-november-25-december-2-2025-vic-metro/31.jpg,https://www.catalogueau.com/coles/#catalogue=coles/coles-catalogue-november-25-december-2-2025-vic-metro/,unit_price,unit_price,1,review
Coles,VIC METRO,"Coles Catalogue November 25 - December 2, 2025 VIC METRO",2025-11-25,2025-12-02,31,Dare Iced Coffee 500mL,2.95,4.25,1.3,30.59,save_amount,500mL,$5.90 per litre,"SAVE51.30 | WASS$4.25 | Dare Iced Coffee | 500mL $5.90 per litre | Coles Group acknowledges the Traditional Custodians of Country throughout Australia | We recognise their strength and pay our respect fo Elders past, present and emerging",95.68,False,,https://caau.syd1.cdn.digitaloceanspaces.com/wp-content/uploads/catalogue/coles/coles-catalogue-november-25-december-2-2025-vic-metro/31.jpg,https://www.catalogueau.com/coles/#catalogue=coles/coles-catalogue-november-25-december-2-2025-vic-metro/,displayed_price,displayed_price;unit_price,2,verified
Coles,VIC METRO,"Coles Catalogue November 25 - December 2, 2025 VIC METRO",2025-11-25,2025-12-02,31,Coles Cream Cheese 190g,4.0,,,,down_down,190g,$21.05 per kg,Coles Cream Cheese | 190g $21.05 per kg,96.35,False,,https://caau.syd1.cdn.digitaloceanspaces.com/wp-content/uploads/catalogue/coles/coles-catalogue-november-25-december-2-2025-vic-metro/31.jpg,https://www.catalogueau.com/coles/#catalogue=coles/coles-catalogue-november-25-december-2-2025-vic-metro/,displayed_price,displayed_price;unit_price,2,verified
Coles,VIC METRO,"Coles Catalogue November 25 - December 2, 2025 VIC METRO",2025-11-25,2025-12-02,32,t Vi Coles Finest Vintage British Cheddar or Aged Red Leicester 200g,4.3,,,,special,200g,$21.50 per kg,"t Vi | Coles Finest Vintage British Cheddar or Aged Red Leicester 200g | $21.50 per kg. *See page 26 for TkCs | kg, | page 26 for T&Cs",79.0,True,low_name_confidence_strict;single_price_evidence,https://caau.syd1.cdn.digitaloceanspaces.com/wp-content/uploads/catalogue/coles/coles-catalogue-november-25-december-2-2025-vic-metro/32.jpg,https://www.catalogueau.com/coles/#catalogue=coles/coles-catalogue-november-25-december-2-2025-vic-metro/,unit_price,unit_price,1,review
Coles,VIC METRO,"Coles Catalogue November 25 - December 2, 2025 VIC METRO",2025-11-25,2025-12-02,33,On The Menu Pasta Sauce 425g,3.75,7.5,3.75,50.0,half_price,425g,$0.88 per 100g,SAVE*3.75 | WAS$7.50 | On The Menu Pasta Sauce 425g | $0.88 per 100g,95.87,False,,https://caau.syd1.cdn.digitaloceanspaces.com/wp-content/uploads/catalogue/coles/coles-catalogue-november-25-december-2-2025-vic-metro/33.jpg,https://www.catalogueau.com/coles/#catalogue=coles/coles-catalogue-november-25-december-2-2025-vic-metro/,save_was_arithmetic,displayed_price;save_was_arithmetic;unit_price,3,verified
Coles,VIC METRO,"Coles Catalogue November 25 - December 2, 2025 VIC METRO",2025-11-25,2025-12-02,33,On The Menu Filled Pasta 600g,5.5,11.0,5.5,50.0,half_price,600g,$0.92 per 100g,SAVESS.50 | WASS11 | On The Menu Filled Pasta 600g | $0.92 per 100g | D» ae | Sal | $130,95.72,False,,https://caau.syd1.cdn.digitaloceanspaces.com/wp-content/uploads/catalogue/coles/coles-catalogue-november-25-december-2-2025-vic-metro/33.jpg,https://www.catalogueau.com/coles/#catalogue=coles/coles-catalogue-november-25-december-2-2025-vic-metro/,save_was_arithmetic,displayed_price;save_was_arithmetic;unit_price,3,verified
Coles,VIC METRO,"Coles Catalogue November 25 - December 2, 2025 VIC METRO",2025-11-25,2025-12-02,33,Don Sliced Meat 160g-200g E,5.0,6.6,1.6,24.24,save_amount,160g; 200g,,SAVE*1.60 | WASS6.60 | Don Sliced Meat 160g-200g | E,79.0,True,low_name_confidence_strict,https://caau.syd1.cdn.digitaloceanspaces.com/wp-content/uploads/catalogue/coles/coles-catalogue-november-25-december-2-2025-vic-metro/33.jpg,https://www.catalogueau.com/coles/#catalogue=coles/coles-catalogue-november-25-december-2-2025-vic-metro/,save_was_arithmetic,displayed_price;save_was_arithmetic,2,review
Coles,VIC METRO,"Coles Catalogue November 25 - December 2, 2025 VIC METRO",2025-11-25,2025-12-02,33,Primo Middle Bacon,13.0,19.0,6.0,31.58,save_amount,,$13.00 per kg,SAVE %6kg | Primo Middle Bacon | $13.00 per kg. Selected stores only | $295 | 95,96.27,True,single_price_evidence,https://caau.syd1.cdn.digitaloceanspaces.com/wp-content/uploads/catalogue/coles/coles-catalogue-november-25-december-2-2025-vic-metro/33.jpg,https://www.catalogueau.com/coles/#catalogue=coles/coles-catalogue-november-25-december-2-2025-vic-metro/,displayed_price,displayed_price,1,review
Coles,VIC METRO,"Coles Catalogue November 25 - December 2, 2025 VIC METRO",2025-11-25,2025-12-02,33,Don Hungarian Salami,32.5,39.0,6.5,16.67,save_amount,,$29.50 per kg,SAVES6.50kg = | Don Hungarian Salami | $29.50 per kg. Selected stores | only*. 2nd week on sale,96.02,True,single_price_evidence,https://caau.syd1.cdn.digitaloceanspaces.com/wp-content/uploads/catalogue/coles/coles-catalogue-november-25-december-2-2025-vic-metro/33.jpg,https://www.catalogueau.com/coles/#catalogue=coles/coles-catalogue-november-25-december-2-2025-vic-metro/,displayed_price,displayed_price,1,review
Coles,VIC METRO,"Coles Catalogue November 25 - December 2, 2025 VIC METRO",2025-11-25,2025-12-02,33,Don Virginian Ham,24.15,28.15,4.0,14.21,save_amount,,$24.00 per kg,SAVE S4kg | ‘WASS2815 | Don Virginian Ham | $24.00 per kg. Selected stores only* | 2nd week on sale,96.05,True,single_price_evidence,https://caau.syd1.cdn.digitaloceanspaces.com/wp-content/uploads/catalogue/coles/coles-catalogue-november-25-december-2-2025-vic-metro/33.jpg,https://www.catalogueau.com/coles/#catalogue=coles/coles-catalogue-november-25-december-2-2025-vic-metro/,save_was_arithmetic,save_was_arithmetic,1,review
Coles,VIC METRO,"Coles Catalogue November 25 - December 2, 2025 VIC METRO",2025-11-25,2025-12-02,33,Jarlsberg Swiss Sliced Cheese,34.0,,,,special,,$34.00 per kg,Jarlsberg Swiss Sliced Cheese | $34.00 per kg. Selected stores only | Ready | “S,94.7,True,offer_labels_missing;save_amount_missing;regular_price_missing;inferred_price_requires_review,https://caau.syd1.cdn.digitaloceanspaces.com/wp-content/uploads/catalogue/coles/coles-catalogue-november-25-december-2-2025-vic-metro/33.jpg,https://www.catalogueau.com/coles/#catalogue=coles/coles-catalogue-november-25-december-2-2025-vic-metro/,displayed_price,displayed_price;grid_inference,1,review
Coles,VIC METRO,"Coles Catalogue November 25 - December 2, 2025 VIC METRO",2025-11-25,2025-12-02,34,Primo Short Cut Rindless Bacon 1kg,14.0,22.0,8.0,36.36,save_amount,1kg,$14.00 per kg,WAS $22 | WAS $22 | Primo Short Cut | Rindless Bacon 1kg | $14.00 per kg | Primo,94.22,False,,https://caau.syd1.cdn.digitaloceanspaces.com/wp-content/uploads/catalogue/coles/coles-catalogue-november-25-december-2-2025-vic-metro/34.jpg,https://www.catalogueau.com/coles/#catalogue=coles/coles-catalogue-november-25-december-2-2025-vic-metro/,displayed_price,displayed_price;unit_price,2,verified
Coles,VIC METRO,"Coles Catalogue November 25 - December 2, 2025 VIC METRO",2025-11-25,2025-12-02,34,Primo Sliced Meat 80g-100g,6.0,7.2,1.2,16.67,save_amount,80g; 100g,,SAVE *1.20 | Primo Sliced Meat | 80g-100g,79.0,True,low_name_confidence_strict;single_price_evidence,https://caau.syd1.cdn.digitaloceanspaces.com/wp-content/uploads/catalogue/coles/coles-catalogue-november-25-december-2-2025-vic-metro/34.jpg,https://www.catalogueau.com/coles/#catalogue=coles/coles-catalogue-november-25-december-2-2025-vic-metro/,displayed_price,displayed_price,1,review
Coles,VIC METRO,"Coles Catalogue November 25 - December 2, 2025 VIC METRO",2025-11-25,2025-12-02,34,Primo Reserve Classic or Cheese Kransky 250g,4.9,6.0,1.1,18.33,save_amount,250g,$19.60 per kg,SAVES1.10 | ®) | Primo Reserve | Classic or Cheese | Kransky 250g | $19.60 per kg,79.0,True,low_name_confidence_strict;single_price_evidence,https://caau.syd1.cdn.digitaloceanspaces.com/wp-content/uploads/catalogue/coles/coles-catalogue-november-25-december-2-2025-vic-metro/34.jpg,https://www.catalogueau.com/coles/#catalogue=coles/coles-catalogue-november-25-december-2-2025-vic-metro/,unit_price,unit_price,1,review
Coles,VIC METRO,"Coles Catalogue November 25 - December 2, 2025 VIC METRO",2025-11-25,2025-12-02,35,Streets Paddle Pop Sticks 8 Pack 544mL,4.5,9.0,4.5,50.0,half_price,8 Pack; 544mL,$0.83 per 100mL,"WASS9 | WASS9 | Streets Paddle Pop Sticks | 8 Pack 544mL $0.83 per 100mL | CBIERO, | Es",94.65,True,inferred_price_requires_review,https://caau.syd1.cdn.digitaloceanspaces.com/wp-content/uploads/catalogue/coles/coles-catalogue-november-25-december-2-2025-vic-metro/35.jpg,https://www.catalogueau.com/coles/#catalogue=coles/coles-catalogue-november-25-december-2-2025-vic-metro/,unit_price,page_discount;unit_price,1,review
Coles,VIC METRO,"Coles Catalogue November 25 - December 2, 2025 VIC METRO",2025-11-25,2025-12-02,35,Streets Golden Gaytime Sticks 4 Pack 400mL,5.0,10.0,5.0,50.0,half_price,4 Pack; 400mL,$1.25 per 100mL,WASS10 | WASS10 | Streets Golden Gaytime Sticks | 4 Pack 400mL $1.25 per 100mL,92.97,False,,https://caau.syd1.cdn.digitaloceanspaces.com/wp-content/uploads/catalogue/coles/coles-catalogue-november-25-december-2-2025-vic-metro/35.jpg,https://www.catalogueau.com/coles/#catalogue=coles/coles-catalogue-november-25-december-2-2025-vic-metro/,displayed_price,displayed_price;page_discount;unit_price,2,verified
Coles,VIC METRO,"Coles Catalogue November 25 - December 2, 2025 VIC METRO",2025-11-25,2025-12-02,35,Yo-Chi Greek Style Frozen Yogurt Tub 500mL,4.75,9.5,4.75,50.0,half_price,500mL,$0.95 per 100mL,WAS$9.50 | WAS$9.50 | Yo-Chi Greek Style | Frozen Yogurt Tub 500mL | $0.95 per 100mL,94.78,True,inferred_price_requires_review,https://caau.syd1.cdn.digitaloceanspaces.com/wp-content/uploads/catalogue/coles/coles-catalogue-november-25-december-2-2025-vic-metro/35.jpg,https://www.catalogueau.com/coles/#catalogue=coles/coles-catalogue-november-25-december-2-2025-vic-metro/,unit_price,page_discount;unit_price,1,review
Coles,VIC METRO,"Coles Catalogue November 25 - December 2, 2025 VIC METRO",2025-11-25,2025-12-02,35,Streets Solero Sticks 3 Pack 270mL,4.0,8.0,4.0,50.0,half_price,3 Pack; 270mL,$1.48 per 100mL,WASS8 | WASS8 | Streets Solero Sticks 3 Pack 270mL | $1.48 per 100mL | (Sarna),94.58,True,inferred_price_requires_review,https://caau.syd1.cdn.digitaloceanspaces.com/wp-content/uploads/catalogue/coles/coles-catalogue-november-25-december-2-2025-vic-metro/35.jpg,https://www.catalogueau.com/coles/#catalogue=coles/coles-catalogue-november-25-december-2-2025-vic-metro/,unit_price,page_discount;unit_price,1,review
Coles,VIC METRO,"Coles Catalogue November 25 - December 2, 2025 VIC METRO",2025-11-25,2025-12-02,35,Hada en-Dazs Ice Cream Tub 457mL,6.75,13.5,6.75,50.0,half_price,457mL,,WASS$13.50 | WASS$13.50 | Hada | en-Dazs Ice Cream Tub 457mL | $1.7 | per 100mL | Mars | Sem,53.77,True,low_ocr_confidence;low_name_confidence_strict;inferred_price_requires_review,https://caau.syd1.cdn.digitaloceanspaces.com/wp-content/uploads/catalogue/coles/coles-catalogue-november-25-december-2-2025-vic-metro/35.jpg,https://www.catalogueau.com/coles/#catalogue=coles/coles-catalogue-november-25-december-2-2025-vic-metro/,page_discount_inference,page_discount,0,review
Coles,VIC METRO,"Coles Catalogue November 25 - December 2, 2025 VIC METRO",2025-11-25,2025-12-02,35,Creative Gourmet Frozen Blueberries 300g or Frozen Banana Chunks 500g,2.5,5.0,2.5,50.0,half_price,300g; 500g,,WASS5 | WASS5 | Creative Gourmet Frozen | Blueberries 300g or Frozen Banana | Chunks 500g,96.53,True,inferred_price_requires_review,https://caau.syd1.cdn.digitaloceanspaces.com/wp-content/uploads/catalogue/coles/coles-catalogue-november-25-december-2-2025-vic-metro/35.jpg,https://www.catalogueau.com/coles/#catalogue=coles/coles-catalogue-november-25-december-2-2025-vic-metro/,page_discount_inference,page_discount,0,review
Coles,VIC METRO,"Coles Catalogue November 25 - December 2, 2025 VIC METRO",2025-11-25,2025-12-02,35,Mars Smooth & Creamy Frozen Dessert Bars 5 Pack 247mL,6.0,9.5,3.5,36.84,save_amount,5 Pack; 247mL,$2.43 per 100mL,‘WAS$9.50 | ‘WAS$9.50 | Mars Smooth & Creamy Frozen | Dessert Bars 5 Pack 247mL | $2.43 per 100mL | Ae | /,94.4,False,,https://caau.syd1.cdn.digitaloceanspaces.com/wp-content/uploads/catalogue/coles/coles-catalogue-november-25-december-2-2025-vic-metro/35.jpg,https://www.catalogueau.com/coles/#catalogue=coles/coles-catalogue-november-25-december-2-2025-vic-metro/,displayed_price,displayed_price;unit_price,2,verified
Coles,VIC METRO,"Coles Catalogue November 25 - December 2, 2025 VIC METRO",2025-11-25,2025-12-02,35,The Sweetporium Co Ice Cream Tub 1 Litre,7.0,10.0,3.0,30.0,save_amount,1 Litre,$0.70 per 100mL,WASS10 | WASS10 | The Sweetporium Co Ice Cream | Tub 1 Litre $0.70 per 100mL. | On sale for 2 weeks,94.09,True,single_price_evidence,https://caau.syd1.cdn.digitaloceanspaces.com/wp-content/uploads/catalogue/coles/coles-catalogue-november-25-december-2-2025-vic-metro/35.jpg,https://www.catalogueau.com/coles/#catalogue=coles/coles-catalogue-november-25-december-2-2025-vic-metro/,unit_price,unit_price,1,review
Coles,VIC METRO,"Coles Catalogue November 25 - December 2, 2025 VIC METRO",2025-11-25,2025-12-02,36,Peters Frosty Fruits Sticks 6 Pack-8 Pack 420mL-600mL,6.0,,,,special,6 Pack; 8 Pack; 420mL; 600mL,,Peters Frosty Fruits Sticks | 6 Pack-8 Pack 420mL-600mL,94.05,True,offer_labels_missing;save_amount_missing;regular_price_missing;single_price_evidence,https://caau.syd1.cdn.digitaloceanspaces.com/wp-content/uploads/catalogue/coles/coles-catalogue-november-25-december-2-2025-vic-metro/36.jpg,https://www.catalogueau.com/coles/#catalogue=coles/coles-catalogue-november-25-december-2-2025-vic-metro/,displayed_price,displayed_price,1,review
Coles,VIC METRO,"Coles Catalogue November 25 - December 2, 2025 VIC METRO",2025-11-25,2025-12-02,36,Streets Blue Ribbon Frozen Dessert Tub 2 Litre,6.5,,,,special,2 Litre,$0.33 per 100mL,Streets Blue Ribbon Frozen Dessert | Tub 2 Litre $0.33 per 100mL. | *See page 26 for T&Cs,95.08,True,offer_labels_missing;save_amount_missing;regular_price_missing;single_price_evidence,https://caau.syd1.cdn.digitaloceanspaces.com/wp-content/uploads/catalogue/coles/coles-catalogue-november-25-december-2-2025-vic-metro/36.jpg,https://www.catalogueau.com/coles/#catalogue=coles/coles-catalogue-november-25-december-2-2025-vic-metro/,displayed_price,displayed_price,1,review
Coles,VIC METRO,"Coles Catalogue November 25 - December 2, 2025 VIC METRO",2025-11-25,2025-12-02,36,Peters Drumstick Classic Vanilla Cones 16 Pack 1.9 Litre,20.0,,,,special,16 Pack; 1.9 Litre,$1.05 per 100mL,Peters Drumstick Classic Vanilla | Cones 16 Pack 1.9 Litre | $1.05 per 100mL,95.57,True,offer_labels_missing;save_amount_missing;regular_price_missing;single_price_evidence,https://caau.syd1.cdn.digitaloceanspaces.com/wp-content/uploads/catalogue/coles/coles-catalogue-november-25-december-2-2025-vic-metro/36.jpg,https://www.catalogueau.com/coles/#catalogue=coles/coles-catalogue-november-25-december-2-2025-vic-metro/,displayed_price,displayed_price,1,review
Coles,VIC METRO,"Coles Catalogue November 25 - December 2, 2025 VIC METRO",2025-11-25,2025-12-02,37,McCain Red Box Tray 375g400g,4.5,5.6,1.1,19.64,save_amount,,,SAVE*1.10 | WASS5.60 | McCain Red Box Tray 375g400g,86.3,False,,https://caau.syd1.cdn.digitaloceanspaces.com/wp-content/uploads/catalogue/coles/coles-catalogue-november-25-december-2-2025-vic-metro/37.jpg,https://www.catalogueau.com/coles/#catalogue=coles/coles-catalogue-november-25-december-2-2025-vic-metro/,save_was_arithmetic,displayed_price;save_was_arithmetic,2,verified
Coles,VIC METRO,"Coles Catalogue November 25 - December 2, 2025 VIC METRO",2025-11-25,2025-12-02,37,McCain Pub Style Fries 750g,4.8,6.0,1.2,20.0,save_amount,750g,$6.40 per kg,SAVE*1.20 | WASS6 | McCain Pub Style Fries 750g | $6.40 per kg | *See page 26 for T&Cs,96.4,False,,https://caau.syd1.cdn.digitaloceanspaces.com/wp-content/uploads/catalogue/coles/coles-catalogue-november-25-december-2-2025-vic-metro/37.jpg,https://www.catalogueau.com/coles/#catalogue=coles/coles-catalogue-november-25-december-2-2025-vic-metro/,save_was_arithmetic,displayed_price;save_was_arithmetic;unit_price,3,verified
Coles,VIC METRO,"Coles Catalogue November 25 - December 2, 2025 VIC METRO",2025-11-25,2025-12-02,37,McCain Pub Size Meal 480g-500g 2nd week,7.6,9.5,1.9,20.0,save_amount,480g; 500g,,SAVE51.90 | WASS$9.50 | McCain Pub Size Meal | 480g-500g 2nd week on sale | = | ae,95.42,True,single_price_evidence,https://caau.syd1.cdn.digitaloceanspaces.com/wp-content/uploads/catalogue/coles/coles-catalogue-november-25-december-2-2025-vic-metro/37.jpg,https://www.catalogueau.com/coles/#catalogue=coles/coles-catalogue-november-25-december-2-2025-vic-metro/,displayed_price,displayed_price,1,review
Coles,VIC METRO,"Coles Catalogue November 25 - December 2, 2025 VIC METRO",2025-11-25,2025-12-02,37,Core Powerfoods Frozen Meal 350g,7.5,9.5,2.0,21.05,save_amount,350g,$2.14 per 100g,SAVES2 | WASS9.50 | Core Powerfoods Frozen Meal 350g | $2.14 per 100g | oes | i,93.79,False,,https://caau.syd1.cdn.digitaloceanspaces.com/wp-content/uploads/catalogue/coles/coles-catalogue-november-25-december-2-2025-vic-metro/37.jpg,https://www.catalogueau.com/coles/#catalogue=coles/coles-catalogue-november-25-december-2-2025-vic-metro/,save_was_arithmetic,displayed_price;save_was_arithmetic;unit_price,3,verified
Coles,VIC METRO,"Coles Catalogue November 25 - December 2, 2025 VIC METRO",2025-11-25,2025-12-02,37,Wi 1&J Fish Fillets 425g,6.4,8.0,1.6,20.0,save_amount,425g,$15.06 per kg,SAVES1.60 | Wi | 1&J Fish Fillets 425g | $15.06 per kg | -.,79.0,True,low_name_confidence_strict,https://caau.syd1.cdn.digitaloceanspaces.com/wp-content/uploads/catalogue/coles/coles-catalogue-november-25-december-2-2025-vic-metro/37.jpg,https://www.catalogueau.com/coles/#catalogue=coles/coles-catalogue-november-25-december-2-2025-vic-metro/,displayed_price,displayed_price;unit_price,2,review
Coles,VIC METRO,"Coles Catalogue November 25 - December 2, 2025 VIC METRO",2025-11-25,2025-12-02,37,Pampas Frozen Puff Pastry 6 Sheets 1kg,5.5,,,,special,1kg,$0.55 per 100g,WAS | WAS | NOV 2025 | Pampas Frozen Puff Pastry | 6 Sheets 1kg $0.55 per 100g,93.87,True,save_amount_missing;regular_price_missing;single_price_evidence,https://caau.syd1.cdn.digitaloceanspaces.com/wp-content/uploads/catalogue/coles/coles-catalogue-november-25-december-2-2025-vic-metro/37.jpg,https://www.catalogueau.com/coles/#catalogue=coles/coles-catalogue-november-25-december-2-2025-vic-metro/,unit_price,unit_price,1,review
Coles,VIC METRO,"Coles Catalogue November 25 - December 2, 2025 VIC METRO",2025-11-25,2025-12-02,37,Birds Eye Deli Crispy Light Batter Fish 250g,8.8,11.0,2.2,20.0,save_amount,250g,$35.20 per kg,SAVES2.20 | WASS11 | Birds Eye Deli Crispy Light Batter | Fish 250g $35.20 per kg | Catatlos | special,96.19,False,,https://caau.syd1.cdn.digitaloceanspaces.com/wp-content/uploads/catalogue/coles/coles-catalogue-november-25-december-2-2025-vic-metro/37.jpg,https://www.catalogueau.com/coles/#catalogue=coles/coles-catalogue-november-25-december-2-2025-vic-metro/,save_was_arithmetic,displayed_price;save_was_arithmetic;unit_price,3,verified
Coles,VIC METRO,"Coles Catalogue November 25 - December 2, 2025 VIC METRO",2025-11-25,2025-12-02,37,Sealord Hoki Fillets 280g-300g Excludes Gluten Free,6.5,,,,down_down,280g; 300g,,"Sealord Hoki Fillets 280g-300g | Excludes Gluten Free | Catalogue on sale Wed 26th Nov until Tue 2nd Dee 2025 or until Tue 9th Dee where indicated. Selected | specials commenced Wed 19th Nov. Promotional prices commence 7am Wednesday and may commence or extend | beyond the advertised date. Promotional products and prices are not available on DoorDash, UberEats or at Coles Express,",94.36,True,save_amount_missing;regular_price_missing;product_name_suspicious;single_price_evidence,https://caau.syd1.cdn.digitaloceanspaces.com/wp-content/uploads/catalogue/coles/coles-catalogue-november-25-december-2-2025-vic-metro/37.jpg,https://www.catalogueau.com/coles/#catalogue=coles/coles-catalogue-november-25-december-2-2025-vic-metro/,displayed_price,displayed_price,1,review
Coles,VIC METRO,"Coles Catalogue November 25 - December 2, 2025 VIC METRO",2025-11-25,2025-12-02,38,UltraLife High Strength Magnesium Tablets 200 Pack*,15.0,30.0,15.0,50.0,half_price,200 Pack,$7.50 per 100 each,WAS$30 | WAS$30 | SEP 2025 | UltraLife High Strength | Magnesium Tablets | 200 Pack* | cl | $7.50 per 100 each,79.0,True,low_name_confidence_strict,https://caau.syd1.cdn.digitaloceanspaces.com/wp-content/uploads/catalogue/coles/coles-catalogue-november-25-december-2-2025-vic-metro/38.jpg,https://www.catalogueau.com/coles/#catalogue=coles/coles-catalogue-november-25-december-2-2025-vic-metro/,displayed_price,displayed_price;unit_price,2,review
Coles,VIC METRO,"Coles Catalogue November 25 - December 2, 2025 VIC METRO",2025-11-25,2025-12-02,38,Huggies Ultra Dry Jumbo Nappy Pants 48 Pack- 62 Pack,33.5,39.0,5.5,14.1,save_amount,48 Pack; 62 Pack,,WAS$39 | WAS$39 | NOV 2025 | Huggies Ultra Dry | Jumbo Nappy Pants | 48 Pack- 62 Pack | *See page 26 forT&Cs,79.0,True,low_name_confidence_strict;single_price_evidence,https://caau.syd1.cdn.digitaloceanspaces.com/wp-content/uploads/catalogue/coles/coles-catalogue-november-25-december-2-2025-vic-metro/38.jpg,https://www.catalogueau.com/coles/#catalogue=coles/coles-catalogue-november-25-december-2-2025-vic-metro/,displayed_price,displayed_price,1,review
Coles,VIC METRO,"Coles Catalogue November 25 - December 2, 2025 VIC METRO",2025-11-25,2025-12-02,38,BabyLove Bulk Nappy Pants 22 Pack-28 Pack,12.0,,,,special,22 Pack; 28 Pack,,BabyLove Bulk Nappy Pants | 22 Pack-28 Pack,79.0,True,offer_labels_missing;save_amount_missing;regular_price_missing;low_name_confidence_strict;single_price_evidence,https://caau.syd1.cdn.digitaloceanspaces.com/wp-content/uploads/catalogue/coles/coles-catalogue-november-25-december-2-2025-vic-metro/38.jpg,https://www.catalogueau.com/coles/#catalogue=coles/coles-catalogue-november-25-december-2-2025-vic-metro/,displayed_price,displayed_price,1,review
Coles,VIC METRO,"Coles Catalogue November 25 - December 2, 2025 VIC METRO",2025-11-25,2025-12-02,38,L'Oréal Elvive Dream Lengths Shampoo or Conditioner 800mL,12.0,,,,special,800mL,$1.50 per 100mL,L'Oréal Elvive Dream Lengths | Shampoo or Conditioner 800mL | $1.50 per 100mL | ara | 4,93.69,False,,https://caau.syd1.cdn.digitaloceanspaces.com/wp-content/uploads/catalogue/coles/coles-catalogue-november-25-december-2-2025-vic-metro/38.jpg,https://www.catalogueau.com/coles/#catalogue=coles/coles-catalogue-november-25-december-2-2025-vic-metro/,displayed_price,displayed_price;unit_price,2,verified
Coles,VIC METRO,"Coles Catalogue November 25 - December 2, 2025 VIC METRO",2025-11-25,2025-12-02,38,Cetaphil Gentle Skin Cleanser 1 Litre,19.0,,,,special,1 Litre,$1.90 per 100mL,Cetaphil Gentle Skin Cleanser | 1 Litre $1.90 per 100mL | oS,94.03,False,,https://caau.syd1.cdn.digitaloceanspaces.com/wp-content/uploads/catalogue/coles/coles-catalogue-november-25-december-2-2025-vic-metro/38.jpg,https://www.catalogueau.com/coles/#catalogue=coles/coles-catalogue-november-25-december-2-2025-vic-metro/,displayed_price,displayed_price;unit_price,2,verified
Coles,VIC METRO,"Coles Catalogue November 25 - December 2, 2025 VIC METRO",2025-11-25,2025-12-02,38,Palmolive Liquid Hand Wash Refill 1 Litre,6.0,,,,special,1 Litre,$0.60 per 100mL,Palmolive Liquid Hand | Wash Refill 1 Litre | $0.60 per 100mL. | *See page 26 forT&Cs | oy,96.48,False,,https://caau.syd1.cdn.digitaloceanspaces.com/wp-content/uploads/catalogue/coles/coles-catalogue-november-25-december-2-2025-vic-metro/38.jpg,https://www.catalogueau.com/coles/#catalogue=coles/coles-catalogue-november-25-december-2-2025-vic-metro/,displayed_price,displayed_price;unit_price,2,verified
Coles,VIC METRO,"Coles Catalogue November 25 - December 2, 2025 VIC METRO",2025-11-25,2025-12-02,38,Hydralyte Effervescent Tablets 10 Pack*,6.9,,,,special,10 Pack,$0.69 per each,Hydralyte Effervescent | Tablets 10 Pack* | $0.69 per each. | On sale for 2 weeks,94.38,False,,https://caau.syd1.cdn.digitaloceanspaces.com/wp-content/uploads/catalogue/coles/coles-catalogue-november-25-december-2-2025-vic-metro/38.jpg,https://www.catalogueau.com/coles/#catalogue=coles/coles-catalogue-november-25-december-2-2025-vic-metro/,displayed_price,displayed_price;unit_price,2,verified
Coles,VIC METRO,"Coles Catalogue November 25 - December 2, 2025 VIC METRO",2025-11-25,2025-12-02,38,Clairol ColourStrong Colourant 1 Pack,15.0,,,,special,1 Pack,$15.00 per each,Clairol ColourStrong | Colourant 1 Pack | $15.00 per each. | 2nd week on sale | ee,93.12,False,,https://caau.syd1.cdn.digitaloceanspaces.com/wp-content/uploads/catalogue/coles/coles-catalogue-november-25-december-2-2025-vic-metro/38.jpg,https://www.catalogueau.com/coles/#catalogue=coles/coles-catalogue-november-25-december-2-2025-vic-metro/,displayed_price,displayed_price;unit_price,2,verified
Coles,VIC METRO,"Coles Catalogue November 25 - December 2, 2025 VIC METRO",2025-11-25,2025-12-02,38,Tom Organic Tampons Regular or Super 16 Pack,4.42,,,,special,16 Pack,$0.28 per each,Tom Organic Tampons | Regular or Super 16 Pack | $0.28 per each,96.61,True,offer_labels_missing;save_amount_missing;regular_price_missing;single_price_evidence,https://caau.syd1.cdn.digitaloceanspaces.com/wp-content/uploads/catalogue/coles/coles-catalogue-november-25-december-2-2025-vic-metro/38.jpg,https://www.catalogueau.com/coles/#catalogue=coles/coles-catalogue-november-25-december-2-2025-vic-metro/,unknown,,0,review
Coles,VIC METRO,"Coles Catalogue November 25 - December 2, 2025 VIC METRO",2025-11-25,2025-12-02,38,Tena Plus Night Continence Pants Size L 12 Pack,17.5,,,,down_down,12 Pack,$1.46 per each,Tena Plus Night | Continence Pants Size L | 12 Pack $1.46 per each | On sale for 2 weeks,95.96,True,save_amount_missing;regular_price_missing;single_price_evidence,https://caau.syd1.cdn.digitaloceanspaces.com/wp-content/uploads/catalogue/coles/coles-catalogue-november-25-december-2-2025-vic-metro/38.jpg,https://www.catalogueau.com/coles/#catalogue=coles/coles-catalogue-november-25-december-2-2025-vic-metro/,displayed_price,displayed_price,1,review
Coles,VIC METRO,"Coles Catalogue November 25 - December 2, 2025 VIC METRO",2025-11-25,2025-12-02,38,Dove Body Wash 1 Litre,13.0,,,,special,1 Litre,$1.30 per 100mL,Dove Body Wash 1 Litre | $1.30 per 100mL,96.64,False,,https://caau.syd1.cdn.digitaloceanspaces.com/wp-content/uploads/catalogue/coles/coles-catalogue-november-25-december-2-2025-vic-metro/38.jpg,https://www.catalogueau.com/coles/#catalogue=coles/coles-catalogue-november-25-december-2-2025-vic-metro/,displayed_price,displayed_price;unit_price,2,verified
Coles,VIC METRO,"Coles Catalogue November 25 - December 2, 2025 VIC METRO",2025-11-25,2025-12-02,40,Nestlé NAN Optipro Stage 3 Toddler Milk Drink 800g,20.0,25.0,5.0,20.0,save_amount,800g,$2.50 per 100g,WASS$25 | WASS$25 | Nestlé NAN Optipro Stage 3 Toddler Milk | Drink 800g $2.50 per 100g,95.67,False,,https://caau.syd1.cdn.digitaloceanspaces.com/wp-content/uploads/catalogue/coles/coles-catalogue-november-25-december-2-2025-vic-metro/40.jpg,https://www.catalogueau.com/coles/#catalogue=coles/coles-catalogue-november-25-december-2-2025-vic-metro/,displayed_price,displayed_price;unit_price,2,verified
Coles,VIC METRO,"Coles Catalogue November 25 - December 2, 2025 VIC METRO",2025-11-25,2025-12-02,40,Rascals Premium Jumbo Nappies 54 Pack-108 Pack,15.5,31.0,15.5,50.0,half_price,54 Pack; 108 Pack,,WASS$31 | WASS$31 | Rascals Premium Jumbo Nappies | 54 Pack-108 Pack On sale for 2 weeks | i,95.39,True,inferred_price_requires_review,https://caau.syd1.cdn.digitaloceanspaces.com/wp-content/uploads/catalogue/coles/coles-catalogue-november-25-december-2-2025-vic-metro/40.jpg,https://www.catalogueau.com/coles/#catalogue=coles/coles-catalogue-november-25-december-2-2025-vic-metro/,page_discount_inference,page_discount,0,review
Coles,VIC METRO,"Coles Catalogue November 25 - December 2, 2025 VIC METRO",2025-11-25,2025-12-02,40,"Only Organic 4+ Months, 6+ Months or 8+ Months Baby Food Pouch 120g",1.8,2.3,0.5,21.74,save_amount,120g,$1.50 per 100g,"WASS$2.30 | WASS$2.30 | Only Organic 4+ Months, | 6+ Months or 8+ Months Baby | Food Pouch 120g $1.50 per 100g",95.84,True,single_price_evidence,https://caau.syd1.cdn.digitaloceanspaces.com/wp-content/uploads/catalogue/coles/coles-catalogue-november-25-december-2-2025-vic-metro/40.jpg,https://www.catalogueau.com/coles/#catalogue=coles/coles-catalogue-november-25-december-2-2025-vic-metro/,unit_price,unit_price,1,review
Coles,VIC METRO,"Coles Catalogue November 25 - December 2, 2025 VIC METRO",2025-11-25,2025-12-02,40,"Only Organic Banana Biscotti or Apple, Coconut & Flaxseed Biscuits 100g",4.0,5.0,1.0,20.0,save_amount,100g,$4.00 per 100g,"WASS5 | WASS5 | Only Organic Banana Biscotti | or Apple, Coconut & Flaxseed | Biscuits 100g $4.00 per 100g",95.83,False,,https://caau.syd1.cdn.digitaloceanspaces.com/wp-content/uploads/catalogue/coles/coles-catalogue-november-25-december-2-2025-vic-metro/40.jpg,https://www.catalogueau.com/coles/#catalogue=coles/coles-catalogue-november-25-december-2-2025-vic-metro/,displayed_price,displayed_price;unit_price,2,verified
Coles,VIC METRO,"Coles Catalogue November 25 - December 2, 2025 VIC METRO",2025-11-25,2025-12-02,40,B.Box Sippy Cup for Kids Assorted Colours 6m+ 1 Each,13.0,16.5,3.5,21.21,save_amount,,$13.00 per each,WASS16.50 | WASS16.50 | B.Box Sippy Cup for Kids | Assorted Colours 6m+ 1 Each | $13.00 per each,95.14,False,,https://caau.syd1.cdn.digitaloceanspaces.com/wp-content/uploads/catalogue/coles/coles-catalogue-november-25-december-2-2025-vic-metro/40.jpg,https://www.catalogueau.com/coles/#catalogue=coles/coles-catalogue-november-25-december-2-2025-vic-metro/,displayed_price,displayed_price;unit_price,2,verified
Coles,VIC METRO,"Coles Catalogue November 25 - December 2, 2025 VIC METRO",2025-11-25,2025-12-02,41,Colgate 360 Degree Advanced Soft or Medium Toothbrush 1 Pack,2.5,5.0,2.5,50.0,half_price,1 Pack,$2.50 per each,SAVE2.50 | Colgate 360 Degree Advanced | Soft or Medium Toothbrush | 1 Pack $2.50 per each | *See page 26 for T&Cs,96.3,True,single_price_evidence,https://caau.syd1.cdn.digitaloceanspaces.com/wp-content/uploads/catalogue/coles/coles-catalogue-november-25-december-2-2025-vic-metro/41.jpg,https://www.catalogueau.com/coles/#catalogue=coles/coles-catalogue-november-25-december-2-2025-vic-metro/,unit_price,unit_price,1,review
Coles,VIC METRO,"Coles Catalogue November 25 - December 2, 2025 VIC METRO",2025-11-25,2025-12-02,41,Colgate Plax Fresh Mint or Peppermint Mouthwash 500mL 0.70 per 100mL,3.5,7.0,3.5,50.0,half_price,500mL; 100mL,,SAVE'3.50 | Colgate Plax Fresh Mint or | Peppermint Mouthwash 500mL | 0.70 per 100mL | See page 26 forT&Cs,94.34,True,single_price_evidence,https://caau.syd1.cdn.digitaloceanspaces.com/wp-content/uploads/catalogue/coles/coles-catalogue-november-25-december-2-2025-vic-metro/41.jpg,https://www.catalogueau.com/coles/#catalogue=coles/coles-catalogue-november-25-december-2-2025-vic-metro/,displayed_price,displayed_price,1,review
Coles,VIC METRO,"Coles Catalogue November 25 - December 2, 2025 VIC METRO",2025-11-25,2025-12-02,41,Pantene Miracles Hyaluron 0.70 per 100mL Shampoo 650mL or Conditioner 600mL,10.0,20.0,10.0,50.0,half_price,100mL; 650mL; 600mL,,SAVES10 | WASS$20 | Pantene Miracles Hyaluron | 0.70 per 100mL | Shampoo 650mL or | Conditioner 600mL | oe,92.0,False,,https://caau.syd1.cdn.digitaloceanspaces.com/wp-content/uploads/catalogue/coles/coles-catalogue-november-25-december-2-2025-vic-metro/41.jpg,https://www.catalogueau.com/coles/#catalogue=coles/coles-catalogue-november-25-december-2-2025-vic-metro/,save_was_arithmetic,displayed_price;save_was_arithmetic,2,verified
Coles,VIC METRO,"Coles Catalogue November 25 - December 2, 2025 VIC METRO",2025-11-25,2025-12-02,41,Rimmel BB Cream 30mL,8.5,17.0,8.5,50.0,half_price,30mL,,SAVE°8.50 | WASS17 | Rimmel BB Cream 30mL | $2.83 per 10mL,93.88,False,,https://caau.syd1.cdn.digitaloceanspaces.com/wp-content/uploads/catalogue/coles/coles-catalogue-november-25-december-2-2025-vic-metro/41.jpg,https://www.catalogueau.com/coles/#catalogue=coles/coles-catalogue-november-25-december-2-2025-vic-metro/,save_was_arithmetic,displayed_price;save_was_arithmetic,2,verified
Coles,VIC METRO,"Coles Catalogue November 25 - December 2, 2025 VIC METRO",2025-11-25,2025-12-02,41,L'Oréal Paris Telescopic Lift Mascara 9.9mL,16.0,32.0,16.0,50.0,half_price,9.9mL,,SAVES16 | WAS$32 | L'Oréal Paris Telescopic | Lift Mascara 9.9mL | $16.16 per 10mL,93.54,False,,https://caau.syd1.cdn.digitaloceanspaces.com/wp-content/uploads/catalogue/coles/coles-catalogue-november-25-december-2-2025-vic-metro/41.jpg,https://www.catalogueau.com/coles/#catalogue=coles/coles-catalogue-november-25-december-2-2025-vic-metro/,save_was_arithmetic,displayed_price;save_was_arithmetic,2,verified
Coles,VIC METRO,"Coles Catalogue November 25 - December 2, 2025 VIC METRO",2025-11-25,2025-12-02,41,Hismile V34 Teeth Whitening Strips 14 Pack,19.5,39.0,19.5,50.0,half_price,14 Pack,$1.39 per each,SAVE19.50 | WAS$39 | Hismile V34 Teeth | Whitening Strips | 14 Pack | $1.39 per each,95.55,True,single_price_evidence,https://caau.syd1.cdn.digitaloceanspaces.com/wp-content/uploads/catalogue/coles/coles-catalogue-november-25-december-2-2025-vic-metro/41.jpg,https://www.catalogueau.com/coles/#catalogue=coles/coles-catalogue-november-25-december-2-2025-vic-metro/,save_was_arithmetic,save_was_arithmetic,1,review
Coles,VIC METRO,"Coles Catalogue November 25 - December 2, 2025 VIC METRO",2025-11-25,2025-12-02,41,Revion ColorStay Brow Pencil 0.35g,12.0,24.0,12.0,50.0,half_price,0.35g,,Revion ColorStay Brow Pencil | 0.35g $357.14 per 10g. | On sale for 2 weeks,94.26,True,offer_labels_missing;regular_and_save_inferred_from_half_price;inferred_price_requires_review,https://caau.syd1.cdn.digitaloceanspaces.com/wp-content/uploads/catalogue/coles/coles-catalogue-november-25-december-2-2025-vic-metro/41.jpg,https://www.catalogueau.com/coles/#catalogue=coles/coles-catalogue-november-25-december-2-2025-vic-metro/,displayed_price,displayed_price;grid_inference,1,review
Coles,VIC METRO,"Coles Catalogue November 25 - December 2, 2025 VIC METRO",2025-11-25,2025-12-02,42,Whiskas Favourites Cat Food 12x85g,7.5,13.0,5.5,42.31,save_amount,12x85g,$0.74 per 100g,SAVES5.50 | WASS13 | Whiskas Favourites Cat Food | 12x85g $0.74 per 100g | pine,95.11,False,,https://caau.syd1.cdn.digitaloceanspaces.com/wp-content/uploads/catalogue/coles/coles-catalogue-november-25-december-2-2025-vic-metro/42.jpg,https://www.catalogueau.com/coles/#catalogue=coles/coles-catalogue-november-25-december-2-2025-vic-metro/,save_was_arithmetic,save_was_arithmetic;unit_price,2,verified
Coles,VIC METRO,"Coles Catalogue November 25 - December 2, 2025 VIC METRO",2025-11-25,2025-12-02,42,Fussy Cat Cat Food Pouch 12x80g,8.1,13.5,5.4,40.0,save_amount,12x80g,$0.84 per 100g,SAVE°5.40 | WASS13.50 | Fussy Cat Cat Food Pouch | 12x80g $0.84 per 100g | wy,95.91,False,,https://caau.syd1.cdn.digitaloceanspaces.com/wp-content/uploads/catalogue/coles/coles-catalogue-november-25-december-2-2025-vic-metro/42.jpg,https://www.catalogueau.com/coles/#catalogue=coles/coles-catalogue-november-25-december-2-2025-vic-metro/,save_was_arithmetic,displayed_price;save_was_arithmetic;unit_price,3,verified
Coles,VIC METRO,"Coles Catalogue November 25 - December 2, 2025 VIC METRO",2025-11-25,2025-12-02,42,Fussy Cat Grainfree Dry Cat Food 2.5kg,15.9,26.5,10.6,40.0,save_amount,2.5kg,$0.64 per 100g,SAVE*10.60 | ‘WAS$26.50 | Fussy Cat Grainfree Dry | Cat Food 2.5kg $0.64 per 100g | Gaye | &,94.4,True,single_price_evidence,https://caau.syd1.cdn.digitaloceanspaces.com/wp-content/uploads/catalogue/coles/coles-catalogue-november-25-december-2-2025-vic-metro/42.jpg,https://www.catalogueau.com/coles/#catalogue=coles/coles-catalogue-november-25-december-2-2025-vic-metro/,save_was_arithmetic,save_was_arithmetic,1,review
Coles,VIC METRO,"Coles Catalogue November 25 - December 2, 2025 VIC METRO",2025-11-25,2025-12-02,42,Optimum Dry Dog Food 2.5kg-3kg,18.0,23.0,5.0,21.74,save_amount,2.5kg; 3kg,,SAVES5 | WAS$23 | Optimum Dry Dog Food | 2.5kg-3kg | td | bo! | ow,94.08,False,,https://caau.syd1.cdn.digitaloceanspaces.com/wp-content/uploads/catalogue/coles/coles-catalogue-november-25-december-2-2025-vic-metro/42.jpg,https://www.catalogueau.com/coles/#catalogue=coles/coles-catalogue-november-25-december-2-2025-vic-metro/,save_was_arithmetic,displayed_price;save_was_arithmetic,2,verified
Coles,VIC METRO,"Coles Catalogue November 25 - December 2, 2025 VIC METRO",2025-11-25,2025-12-02,42,My Dog Dog Food 400g,2.1,3.0,0.9,30.0,save_amount,400g,$0.53 per 100g,SAVE90° | WASS$3 | My Dog Dog Food 400g | $0.53 per 100g | BEEFROO,96.46,False,,https://caau.syd1.cdn.digitaloceanspaces.com/wp-content/uploads/catalogue/coles/coles-catalogue-november-25-december-2-2025-vic-metro/42.jpg,https://www.catalogueau.com/coles/#catalogue=coles/coles-catalogue-november-25-december-2-2025-vic-metro/,displayed_price,displayed_price;unit_price,2,verified
Coles,VIC METRO,"Coles Catalogue November 25 - December 2, 2025 VIC METRO",2025-11-25,2025-12-02,42,Dine Daily Cat Food 85g,1.1,1.6,0.5,31.25,save_amount,85g,$1.29 per 100g,WASS1.60 | WASS1.60 | Dine Daily Cat Food 85g | $1.29 per 100g,96.5,True,single_price_evidence,https://caau.syd1.cdn.digitaloceanspaces.com/wp-content/uploads/catalogue/coles/coles-catalogue-november-25-december-2-2025-vic-metro/42.jpg,https://www.catalogueau.com/coles/#catalogue=coles/coles-catalogue-november-25-december-2-2025-vic-metro/,unit_price,unit_price,1,review
Coles,VIC METRO,"Coles Catalogue November 25 - December 2, 2025 VIC METRO",2025-11-25,2025-12-02,42,Bow Wow Dog Treat Pigs Ear 1 Pack,2.45,3.5,1.05,30.0,save_amount,1 Pack,$2.45 per each,SAVE1.05 | WASS$3.50 | Bow Wow Dog Treat Pigs Ear | 1 Pack $2.45 per each,96.73,False,,https://caau.syd1.cdn.digitaloceanspaces.com/wp-content/uploads/catalogue/coles/coles-catalogue-november-25-december-2-2025-vic-metro/42.jpg,https://www.catalogueau.com/coles/#catalogue=coles/coles-catalogue-november-25-december-2-2025-vic-metro/,save_was_arithmetic,save_was_arithmetic;unit_price,2,verified
Coles,VIC METRO,"Coles Catalogue November 25 - December 2, 2025 VIC METRO",2025-11-25,2025-12-02,42,Bow Wow Dog Treat Beef + Roo Roll 1 Pack,2.45,3.5,1.05,30.0,save_amount,1 Pack,$2.45 per each,SAVE51.05 | WAS $3.50 | Bow Wow Dog Treat Beef + | Roo Roll 1 Pack $2.45 per each | sar,96.6,False,,https://caau.syd1.cdn.digitaloceanspaces.com/wp-content/uploads/catalogue/coles/coles-catalogue-november-25-december-2-2025-vic-metro/42.jpg,https://www.catalogueau.com/coles/#catalogue=coles/coles-catalogue-november-25-december-2-2025-vic-metro/,displayed_price,displayed_price;unit_price,2,verified
Coles,VIC METRO,"Coles Catalogue November 25 - December 2, 2025 VIC METRO",2025-11-25,2025-12-02,42,Bow Wow Super Snacks Dog Treats 10 Pack,5.0,7.5,2.5,33.33,save_amount,10 Pack,$0.50 per each,SAVE‘S2.50 | WAS$7.50 | Bow Wow Super Snacks Dog | Treats 10 Pack $0.50 per each | sar | QQ a | 7 gt,96.64,False,,https://caau.syd1.cdn.digitaloceanspaces.com/wp-content/uploads/catalogue/coles/coles-catalogue-november-25-december-2-2025-vic-metro/42.jpg,https://www.catalogueau.com/coles/#catalogue=coles/coles-catalogue-november-25-december-2-2025-vic-metro/,save_was_arithmetic,save_was_arithmetic;unit_price,2,verified
Coles,VIC METRO,"Coles Catalogue November 25 - December 2, 2025 VIC METRO",2025-11-25,2025-12-02,42,Pedigree Dry Dog Food 8kg,24.8,30.5,5.7,18.69,save_amount,8kg,$0.31 per 100g,WAS $30.50 | WAS $30.50 | SEP 2025 | Pedigree Dry Dog Food 8kg | $0.31 per 100g | 42,94.79,True,single_price_evidence,https://caau.syd1.cdn.digitaloceanspaces.com/wp-content/uploads/catalogue/coles/coles-catalogue-november-25-december-2-2025-vic-metro/42.jpg,https://www.catalogueau.com/coles/#catalogue=coles/coles-catalogue-november-25-december-2-2025-vic-metro/,unknown,,0,review
Coles,VIC METRO,"Coles Catalogue November 25 - December 2, 2025 VIC METRO",2025-11-25,2025-12-02,42,Supercoat Dry Dog Food 6.7kg-7kg,27.0,36.0,9.0,25.0,save_amount,6.7kg; 7kg,,WAS$36 | WAS$36 | OCT 2025 | Supercoat Dry Dog Food | 6.7kg-7kg,79.0,True,low_name_confidence_strict;single_price_evidence,https://caau.syd1.cdn.digitaloceanspaces.com/wp-content/uploads/catalogue/coles/coles-catalogue-november-25-december-2-2025-vic-metro/42.jpg,https://www.catalogueau.com/coles/#catalogue=coles/coles-catalogue-november-25-december-2-2025-vic-metro/,displayed_price,displayed_price,1,review
Coles,VIC METRO,"Coles Catalogue November 25 - December 2, 2025 VIC METRO",2025-11-25,2025-12-02,43,Quilton 3-Ply White Toilet Paper 6 Pack,3.25,6.5,3.25,50.0,half_price,6 Pack,$0.30 per 100,SAVES3.25 | WAS $6.50 | Quilton 3-Ply White Toilet Paper | 6 Pack $0.30 per 100 sheets | AA26,95.05,False,,https://caau.syd1.cdn.digitaloceanspaces.com/wp-content/uploads/catalogue/coles/coles-catalogue-november-25-december-2-2025-vic-metro/43.jpg,https://www.catalogueau.com/coles/#catalogue=coles/coles-catalogue-november-25-december-2-2025-vic-metro/,save_was_arithmetic,displayed_price;save_was_arithmetic,2,verified
Coles,VIC METRO,"Coles Catalogue November 25 - December 2, 2025 VIC METRO",2025-11-25,2025-12-02,43,Décor Microsafe Easy Heat Containers 375mL 3 Pack,6.0,12.0,6.0,50.0,half_price,375mL; 3 Pack,$2.00 per each,SAVE*6 | WASS12 | Décor Microsafe | Easy Heat Containers | 375mL 3 Pack $2.00 per each,94.64,False,,https://caau.syd1.cdn.digitaloceanspaces.com/wp-content/uploads/catalogue/coles/coles-catalogue-november-25-december-2-2025-vic-metro/43.jpg,https://www.catalogueau.com/coles/#catalogue=coles/coles-catalogue-november-25-december-2-2025-vic-metro/,save_was_arithmetic,displayed_price;save_was_arithmetic;unit_price,3,verified
Coles,VIC METRO,"Coles Catalogue November 25 - December 2, 2025 VIC METRO",2025-11-25,2025-12-02,43,Duracell Coppertop Batteries AA or AAA 26 Pack,21.5,31.0,9.5,30.65,save_amount,26 Pack,,"SAVE59.50 | WASS$31 | Duracell Coppertop Batteries | AA or AAA 26 Pack $0.83 per | each. 2nd week on sale | ©, | THAN | THAN",94.64,True,single_price_evidence,https://caau.syd1.cdn.digitaloceanspaces.com/wp-content/uploads/catalogue/coles/coles-catalogue-november-25-december-2-2025-vic-metro/43.jpg,https://www.catalogueau.com/coles/#catalogue=coles/coles-catalogue-november-25-december-2-2025-vic-metro/,unknown,,0,review
Coles,VIC METRO,"Coles Catalogue November 25 - December 2, 2025 VIC METRO",2025-11-25,2025-12-02,43,Tefal Cook Right Non Stick Frypan 28cm,29.0,42.0,13.0,30.95,save_amount,,,SAVE*13 | WASS$42 | Tefal Cook Right Non Stick | Frypan 28cm | flybuys,94.54,False,,https://caau.syd1.cdn.digitaloceanspaces.com/wp-content/uploads/catalogue/coles/coles-catalogue-november-25-december-2-2025-vic-metro/43.jpg,https://www.catalogueau.com/coles/#catalogue=coles/coles-catalogue-november-25-december-2-2025-vic-metro/,save_was_arithmetic,displayed_price;save_was_arithmetic,2,verified
Coles,VIC METRO,"Coles Catalogue November 25 - December 2, 2025 VIC METRO",2025-11-25,2025-12-02,43,Hot Wheels Basic Car 1 Each,3.0,3.75,0.75,20.0,save_amount,,,SAVE75¢ | WASS3.75 | Hot Wheels Basic Car 1 Each,96.03,True,single_price_evidence,https://caau.syd1.cdn.digitaloceanspaces.com/wp-content/uploads/catalogue/coles/coles-catalogue-november-25-december-2-2025-vic-metro/43.jpg,https://www.catalogueau.com/coles/#catalogue=coles/coles-catalogue-november-25-december-2-2025-vic-metro/,displayed_price,displayed_price,1,review
Coles,VIC METRO,"Coles Catalogue November 25 - December 2, 2025 VIC METRO",2025-11-25,2025-12-02,43,Telstra T-Prime 5G + 6.7” LCD Display,159.0,199.0,40.0,20.1,save_amount,5G,,SAVE%40 | WASS199 | Telstra T-Prime 5G | + 6.7” LCD Display | * Telstra Network Locked | Limit 5 | .er customer. Optus Bonus Flybuy:,90.95,False,,https://caau.syd1.cdn.digitaloceanspaces.com/wp-content/uploads/catalogue/coles/coles-catalogue-november-25-december-2-2025-vic-metro/43.jpg,https://www.catalogueau.com/coles/#catalogue=coles/coles-catalogue-november-25-december-2-2025-vic-metro/,save_was_arithmetic,displayed_price;save_was_arithmetic,2,verified
Coles,VIC METRO,"Coles Catalogue November 25 - December 2, 2025 VIC METRO",2025-11-25,2025-12-02,43,Optus X Plus 4G * 6.52” 90Hz display,69.0,99.0,30.0,30.3,save_amount,4G,,SAVE530 | WASS99 | Optus X Plus 4G | * 6.52” 90Hz display | * Optus network locked | General SIMs: First recharge applied on activation. All for | General SIMs: First rechar | lied on activation. All for,92.41,True,single_price_evidence,https://caau.syd1.cdn.digitaloceanspaces.com/wp-content/uploads/catalogue/coles/coles-catalogue-november-25-december-2-2025-vic-metro/43.jpg,https://www.catalogueau.com/coles/#catalogue=coles/coles-catalogue-november-25-december-2-2025-vic-metro/,displayed_price,displayed_price,1,review
Coles,VIC METRO,"Coles Catalogue November 25 - December 2, 2025 VIC METRO",2025-11-25,2025-12-02,43,Handee Ultra Paper Towel 2 Pack,2.0,4.0,2.0,50.0,half_price,2 Pack,$1.79 per 100,Handee Ultra Paper Towel | 2 Pack $1.79 per 100 sheets,95.76,True,offer_labels_missing;regular_and_save_inferred_from_half_price;inferred_price_requires_review,https://caau.syd1.cdn.digitaloceanspaces.com/wp-content/uploads/catalogue/coles/coles-catalogue-november-25-december-2-2025-vic-metro/43.jpg,https://www.catalogueau.com/coles/#catalogue=coles/coles-catalogue-november-25-december-2-2025-vic-metro/,displayed_price,displayed_price;grid_inference,1,review
Coles,VIC METRO,"Coles Catalogue November 25 - December 2, 2025 VIC METRO",2025-11-25,2025-12-02,45,iPhone SE3 (2022) 64GB Refurbished,289.0,349.0,60.0,17.19,save_amount,,,SAVE°60 | WAS $349 | iPhone SE3 (2022) | 64GB Refurbished,95.28,False,,https://caau.syd1.cdn.digitaloceanspaces.com/wp-content/uploads/catalogue/coles/coles-catalogue-november-25-december-2-2025-vic-metro/45.jpg,https://www.catalogueau.com/coles/#catalogue=coles/coles-catalogue-november-25-december-2-2025-vic-metro/,save_was_arithmetic,displayed_price;save_was_arithmetic,2,verified
Coles,VIC METRO,"Coles Catalogue November 25 - December 2, 2025 VIC METRO",2025-11-25,2025-12-02,45,iPhone 13 128GB Refurbished,489.0,599.0,110.0,18.36,save_amount,,,SAVES11I0 | WAS$599 | iPhone 13 128GB | Refurbished,95.43,True,single_price_evidence,https://caau.syd1.cdn.digitaloceanspaces.com/wp-content/uploads/catalogue/coles/coles-catalogue-november-25-december-2-2025-vic-metro/45.jpg,https://www.catalogueau.com/coles/#catalogue=coles/coles-catalogue-november-25-december-2-2025-vic-metro/,displayed_price,displayed_price,1,review
