retailer,region,catalogue_title,catalogue_start_date,catalogue_end_date,page_number,product_name,special_price,regular_price,save_amount,discount_percent,promo_type,pack_size,unit_price_text,offer_text,ocr_confidence,needs_review,review_reason,source_page_image,source_catalogue_url,price_source,price_evidence,evidence_count,verification_status
Coles,VIC METRO,"Coles Catalogue October 8 - 14, 2025 VIC METRO",2025-10-08,2025-10-15,1,Cadbury Dairy Milk Block Chocolate 150g-190g,4.0,8.0,4.0,50.0,half_price,150g; 190g,,WASS8 | WASS8 | Cadbury Dairy Milk Block | Chocolate 150g-190g | 7 ¢,94.46,True,inferred_price_requires_review,https://caau.syd1.cdn.digitaloceanspaces.com/wp-content/uploads/catalogue/coles/coles-catalogue-october-8-14-2025-vic-metro/1.jpg,https://www.catalogueau.com/coles/#catalogue=coles/coles-catalogue-october-8-14-2025-vic-metro/,page_discount_inference,page_discount,0,review
Coles,VIC METRO,"Coles Catalogue October 8 - 14, 2025 VIC METRO",2025-10-08,2025-10-15,1,"Kellogg's Coco Pops 375g, Just Right 460g or Sultana Bran 420g",3.75,7.5,3.75,50.0,half_price,375g; 460g; 420g,,"WASS7.50 | WASS7.50 | Kellogg's Coco Pops | 375g, Just Right 460g | or Sultana Bran 420g | Snacksine Caer | NOW IN A RECYE",96.14,True,inferred_price_requires_review,https://caau.syd1.cdn.digitaloceanspaces.com/wp-content/uploads/catalogue/coles/coles-catalogue-october-8-14-2025-vic-metro/1.jpg,https://www.catalogueau.com/coles/#catalogue=coles/coles-catalogue-october-8-14-2025-vic-metro/,page_discount_inference,page_discount,0,review
Coles,VIC METRO,"Coles Catalogue October 8 - 14, 2025 VIC METRO",2025-10-08,2025-10-15,1,Smith's Crinkle Cut Chips or Parker's Pretzels 8 Pack 152g-200g,3.0,6.0,3.0,50.0,half_price,8 Pack; 152g; 200g,,WASS6 | WASS6 | Smith's Crinkle Cut Chips or | Parker's Pretzels 8 Pack 152g-200g | SCHOTT | IWIESEL,95.66,True,inferred_price_requires_review,https://caau.syd1.cdn.digitaloceanspaces.com/wp-content/uploads/catalogue/coles/coles-catalogue-october-8-14-2025-vic-metro/1.jpg,https://www.catalogueau.com/coles/#catalogue=coles/coles-catalogue-october-8-14-2025-vic-metro/,page_discount_inference,page_discount,0,review
Coles,VIC METRO,"Coles Catalogue October 8 - 14, 2025 VIC METRO",2025-10-08,2025-10-15,1,Streets Magnum Sticks 4 Pack-6 Pack 360mL-428mL,6.0,12.0,6.0,50.0,half_price,4 Pack; 6 Pack; 360mL; 428mL,,WASS12 | WASS12 | Streets Magnum Sticks 4 Pack-6 Pack | 360mL-428mL | > | vu | See pg 26 | pg 26,79.0,True,low_name_confidence_strict;inferred_price_requires_review,https://caau.syd1.cdn.digitaloceanspaces.com/wp-content/uploads/catalogue/coles/coles-catalogue-october-8-14-2025-vic-metro/1.jpg,https://www.catalogueau.com/coles/#catalogue=coles/coles-catalogue-october-8-14-2025-vic-metro/,displayed_price,displayed_price;page_discount,1,review
Coles,VIC METRO,"Coles Catalogue October 8 - 14, 2025 VIC METRO",2025-10-08,2025-10-15,1,Coles RSPCA Approved Chicken Breast Fillet Value Pack,8.5,,,,special,,$8.50 per kg,Coles RSPCA Approved Chicken Breast Fillet | Value Pack $8.50 per kg. | While stocks last. No rainchecks | FP-VIC-METRO-0810-25-499600,96.34,True,offer_labels_missing;save_amount_missing;regular_price_missing;single_price_evidence,https://caau.syd1.cdn.digitaloceanspaces.com/wp-content/uploads/catalogue/coles/coles-catalogue-october-8-14-2025-vic-metro/1.jpg,https://www.catalogueau.com/coles/#catalogue=coles/coles-catalogue-october-8-14-2025-vic-metro/,unknown,,0,review
Coles,VIC METRO,"Coles Catalogue October 8 - 14, 2025 VIC METRO",2025-10-08,2025-10-15,2,Gatorade Sports Drink or G Active Water 600mL,2.0,4.2,2.2,52.38,save_amount,600mL,$3.33 per litre,SAVE52.20 | WASS4.20 | Gatorade Sports Drink | or G Active Water 600mL | $3.33 per litre | : Bonus,95.2,False,,https://caau.syd1.cdn.digitaloceanspaces.com/wp-content/uploads/catalogue/coles/coles-catalogue-october-8-14-2025-vic-metro/2.jpg,https://www.catalogueau.com/coles/#catalogue=coles/coles-catalogue-october-8-14-2025-vic-metro/,displayed_price,displayed_price;unit_price,2,verified
Coles,VIC METRO,"Coles Catalogue October 8 - 14, 2025 VIC METRO",2025-10-08,2025-10-15,2,Kellogg's LCMs Bars 5 Pack 100g-110g,2.25,4.5,2.25,50.0,half_price,5 Pack; 100g; 110g,,SAVES2.25 | WASS4.50 | Kellogg's LCMs Bars 5 Pack | 100g-110g | F | : Bonus,93.02,False,,https://caau.syd1.cdn.digitaloceanspaces.com/wp-content/uploads/catalogue/coles/coles-catalogue-october-8-14-2025-vic-metro/2.jpg,https://www.catalogueau.com/coles/#catalogue=coles/coles-catalogue-october-8-14-2025-vic-metro/,save_was_arithmetic,displayed_price;save_was_arithmetic,2,verified
Coles,VIC METRO,"Coles Catalogue October 8 - 14, 2025 VIC METRO",2025-10-08,2025-10-15,2,Golden Crumpet Rounds 6 Pack 300g,2.3,4.6,2.3,50.0,half_price,6 Pack; 300g,$0.77 per 100g,SAVE$2.30 | WAS $4.60 | Golden Crumpet Rounds | 6 Pack 300g $0.77 per 100g,96.39,False,,https://caau.syd1.cdn.digitaloceanspaces.com/wp-content/uploads/catalogue/coles/coles-catalogue-october-8-14-2025-vic-metro/2.jpg,https://www.catalogueau.com/coles/#catalogue=coles/coles-catalogue-october-8-14-2025-vic-metro/,save_was_arithmetic,displayed_price;save_was_arithmetic;unit_price,3,verified
Coles,VIC METRO,"Coles Catalogue October 8 - 14, 2025 VIC METRO",2025-10-08,2025-10-15,2,Nescafé Coffee Sachets 8 Pack-10 Pack,4.0,8.0,4.0,50.0,half_price,8 Pack; 10 Pack,,SAVE%4 | WASS$8 | Nescafé Coffee Sachets | 8 Pack-10 Pack | *See page 15 forT&Cs,94.46,False,,https://caau.syd1.cdn.digitaloceanspaces.com/wp-content/uploads/catalogue/coles/coles-catalogue-october-8-14-2025-vic-metro/2.jpg,https://www.catalogueau.com/coles/#catalogue=coles/coles-catalogue-october-8-14-2025-vic-metro/,save_was_arithmetic,displayed_price;save_was_arithmetic,2,verified
Coles,VIC METRO,"Coles Catalogue October 8 - 14, 2025 VIC METRO",2025-10-08,2025-10-15,2,Morning Fresh Dishwashing Liquid 900mL,5.0,10.0,5.0,50.0,half_price,900mL,$0.56 per 100mL,SAVESS | WASS10 | Morning Fresh Dishwashing | Liquid 900mL $0.56 per 100mL | TExcludes Every Day & clearance items,94.65,False,,https://caau.syd1.cdn.digitaloceanspaces.com/wp-content/uploads/catalogue/coles/coles-catalogue-october-8-14-2025-vic-metro/2.jpg,https://www.catalogueau.com/coles/#catalogue=coles/coles-catalogue-october-8-14-2025-vic-metro/,displayed_price,displayed_price;page_discount;unit_price,2,verified
Coles,VIC METRO,"Coles Catalogue October 8 - 14, 2025 VIC METRO",2025-10-08,2025-10-15,2,Maybelline Age Rewind Eraser Concealer 6mL,50.0,61.5,11.5,18.7,save_amount,6mL,,SAVES11.50 | WASS: | Maybelline Age Rewind | Eraser Concealer 6mL | $19.17 per 10mL,93.65,True,single_price_evidence,https://caau.syd1.cdn.digitaloceanspaces.com/wp-content/uploads/catalogue/coles/coles-catalogue-october-8-14-2025-vic-metro/2.jpg,https://www.catalogueau.com/coles/#catalogue=coles/coles-catalogue-october-8-14-2025-vic-metro/,displayed_price,displayed_price,1,review
Coles,VIC METRO,"Coles Catalogue October 8 - 14, 2025 VIC METRO",2025-10-08,2025-10-15,2,Huggies Ultra Dry Jumbo Nappies 60 Pack-108 Pack,29.0,39.0,10.0,25.64,save_amount,60 Pack; 108 Pack,,SAVES10 | WASS$39 | Huggies Ultra Dry Jumbo | Nappies 60 Pack-108 Pack | *See page 15 forT&Cs | rt,94.78,False,,https://caau.syd1.cdn.digitaloceanspaces.com/wp-content/uploads/catalogue/coles/coles-catalogue-october-8-14-2025-vic-metro/2.jpg,https://www.catalogueau.com/coles/#catalogue=coles/coles-catalogue-october-8-14-2025-vic-metro/,save_was_arithmetic,displayed_price;save_was_arithmetic,2,verified
Coles,VIC METRO,"Coles Catalogue October 8 - 14, 2025 VIC METRO",2025-10-08,2025-10-15,3,McVitie's Plain or Chocolate Digestive Biscuits 266g-355g,2.75,5.5,2.75,50.0,half_price,266g; 355g,,SAVE$2.75 | WASS5.50 | McVitie's Plain or Chocolate Digestive | Biscuits 266g-355g,79.19,True,low_name_confidence_strict,https://caau.syd1.cdn.digitaloceanspaces.com/wp-content/uploads/catalogue/coles/coles-catalogue-october-8-14-2025-vic-metro/3.jpg,https://www.catalogueau.com/coles/#catalogue=coles/coles-catalogue-october-8-14-2025-vic-metro/,save_was_arithmetic,displayed_price;save_was_arithmetic,2,review
Coles,VIC METRO,"Coles Catalogue October 8 - 14, 2025 VIC METRO",2025-10-08,2025-10-15,3,Twinings Tea Bags 80 Pack-100 Pack SS,6.75,13.5,6.75,50.0,half_price,80 Pack; 100 Pack,,SAVES6.75 | WASS$13.50 | Twinings Tea Bags 80 Pack-100 Pack | SS | —,47.26,True,low_ocr_confidence;low_name_confidence_strict;single_price_evidence,https://caau.syd1.cdn.digitaloceanspaces.com/wp-content/uploads/catalogue/coles/coles-catalogue-october-8-14-2025-vic-metro/3.jpg,https://www.catalogueau.com/coles/#catalogue=coles/coles-catalogue-october-8-14-2025-vic-metro/,save_was_arithmetic,save_was_arithmetic,1,review
Coles,VIC METRO,"Coles Catalogue October 8 - 14, 2025 VIC METRO",2025-10-08,2025-10-15,3,Continental Cup a Pasta 53g-62g,1.0,2.0,1.0,50.0,half_price,53g; 62g,,SAVES1 | WASS2 | Continental Cup a Pasta | 53g-62g,92.6,False,,https://caau.syd1.cdn.digitaloceanspaces.com/wp-content/uploads/catalogue/coles/coles-catalogue-october-8-14-2025-vic-metro/3.jpg,https://www.catalogueau.com/coles/#catalogue=coles/coles-catalogue-october-8-14-2025-vic-metro/,save_was_arithmetic,displayed_price;save_was_arithmetic,2,verified
Coles,VIC METRO,"Coles Catalogue October 8 - 14, 2025 VIC METRO",2025-10-08,2025-10-15,3,Sunrice Microwave Flavoured Twin Cup Rice 250g,2.0,4.0,2.0,50.0,half_price,250g,$0.80 per 100g,SAVES2 | WASS4 | Sunrice Microwave Flavoured | Twin Cup Rice 250g | $0.80 per 100g,95.87,False,,https://caau.syd1.cdn.digitaloceanspaces.com/wp-content/uploads/catalogue/coles/coles-catalogue-october-8-14-2025-vic-metro/3.jpg,https://www.catalogueau.com/coles/#catalogue=coles/coles-catalogue-october-8-14-2025-vic-metro/,save_was_arithmetic,displayed_price;save_was_arithmetic;unit_price,3,verified
Coles,VIC METRO,"Coles Catalogue October 8 - 14, 2025 VIC METRO",2025-10-08,2025-10-15,3,Aunt Betty's Puddings 2 Pack 190g-220g,2.45,4.9,2.45,50.0,half_price,2 Pack; 190g; 220g,,SAVES2.45 | WAS$4.90 | Aunt Betty's Puddings 2 Pack | 190g-220g,92.66,False,,https://caau.syd1.cdn.digitaloceanspaces.com/wp-content/uploads/catalogue/coles/coles-catalogue-october-8-14-2025-vic-metro/3.jpg,https://www.catalogueau.com/coles/#catalogue=coles/coles-catalogue-october-8-14-2025-vic-metro/,save_was_arithmetic,displayed_price;save_was_arithmetic,2,verified
Coles,VIC METRO,"Coles Catalogue October 8 - 14, 2025 VIC METRO",2025-10-08,2025-10-15,3,The Spice Tailor Asian or Indian Kit 225g-300g,3.35,6.7,3.35,50.0,half_price,225g; 300g,,SAVE*3.35 | WASS6.70 | The Spice Tailor Asian | or Indian Kit 225g-300g | VIC-METRO-081 0-25-499600,95.2,False,,https://caau.syd1.cdn.digitaloceanspaces.com/wp-content/uploads/catalogue/coles/coles-catalogue-october-8-14-2025-vic-metro/3.jpg,https://www.catalogueau.com/coles/#catalogue=coles/coles-catalogue-october-8-14-2025-vic-metro/,save_was_arithmetic,displayed_price;save_was_arithmetic,2,verified
Coles,VIC METRO,"Coles Catalogue October 8 - 14, 2025 VIC METRO",2025-10-08,2025-10-15,3,Sunrice Medium Grain Rice 5kg,9.5,19.0,9.5,50.0,half_price,5kg,$0.19 per 100g,SAVES9.50 | WASS19 | Sunrice Medium Grain Rice | 5kg $0.19 per 100g,95.16,False,,https://caau.syd1.cdn.digitaloceanspaces.com/wp-content/uploads/catalogue/coles/coles-catalogue-october-8-14-2025-vic-metro/3.jpg,https://www.catalogueau.com/coles/#catalogue=coles/coles-catalogue-october-8-14-2025-vic-metro/,save_was_arithmetic,displayed_price;save_was_arithmetic,2,verified
Coles,VIC METRO,"Coles Catalogue October 8 - 14, 2025 VIC METRO",2025-10-08,2025-10-15,3,Gold Sunset Canola or Vegetable Oil 4 Litre,15.0,30.0,15.0,50.0,half_price,4 Litre,$0.38 per 100mL,SAVE%15 | WASS$30 | Gold Sunset Canola or | Vegetable Oil 4 Litre | $0.38 per 100mL,96.18,False,,https://caau.syd1.cdn.digitaloceanspaces.com/wp-content/uploads/catalogue/coles/coles-catalogue-october-8-14-2025-vic-metro/3.jpg,https://www.catalogueau.com/coles/#catalogue=coles/coles-catalogue-october-8-14-2025-vic-metro/,save_was_arithmetic,displayed_price;save_was_arithmetic,2,verified
Coles,VIC METRO,"Coles Catalogue October 8 - 14, 2025 VIC METRO",2025-10-08,2025-10-15,4,Sally Hansen Hard As Nails Nail Polish 13.3mL,52.0,57.0,5.0,8.77,save_amount,13.3mL,,SAVE$5/50)) “7? | | Sally Hansen Hard As Nails | Nail Polish 13.3mL | $4.14 per 10mL,94.24,True,single_price_evidence,https://caau.syd1.cdn.digitaloceanspaces.com/wp-content/uploads/catalogue/coles/coles-catalogue-october-8-14-2025-vic-metro/4.jpg,https://www.catalogueau.com/coles/#catalogue=coles/coles-catalogue-october-8-14-2025-vic-metro/,displayed_price,displayed_price,1,review
Coles,VIC METRO,"Coles Catalogue October 8 - 14, 2025 VIC METRO",2025-10-08,2025-10-15,4,Cutex Strengthening Nail Polish Remover 100mL,3.0,6.0,3.0,50.0,half_price,100mL,$3.00 per 100mL,SAVES3 | WASS$6 | Cutex Strengthening Nail | Polish Remover 100mL | $3.00 per 100mL,93.88,False,,https://caau.syd1.cdn.digitaloceanspaces.com/wp-content/uploads/catalogue/coles/coles-catalogue-october-8-14-2025-vic-metro/4.jpg,https://www.catalogueau.com/coles/#catalogue=coles/coles-catalogue-october-8-14-2025-vic-metro/,save_was_arithmetic,displayed_price;save_was_arithmetic;unit_price,3,verified
Coles,VIC METRO,"Coles Catalogue October 8 - 14, 2025 VIC METRO",2025-10-08,2025-10-15,4,Revion ColorStay Brow Pencil 0.35g,12.0,24.5,12.5,51.02,save_amount,0.35g,,SAVE *12.50 | Revion ColorStay Brow Pencil | 0.35g $357.14 per 10g,94.33,True,single_price_evidence,https://caau.syd1.cdn.digitaloceanspaces.com/wp-content/uploads/catalogue/coles/coles-catalogue-october-8-14-2025-vic-metro/4.jpg,https://www.catalogueau.com/coles/#catalogue=coles/coles-catalogue-october-8-14-2025-vic-metro/,displayed_price,displayed_price,1,review
Coles,VIC METRO,"Coles Catalogue October 8 - 14, 2025 VIC METRO",2025-10-08,2025-10-15,4,L'Oréal Paris True Match Serum Foundation 30mL,22.5,45.0,22.5,50.0,half_price,30mL,,SAVE*22.50 | WAS$45 | L'Oréal Paris True Match | Serum Foundation 30mL | $7.50 per 10mL | *See page 15 forT&Cs,93.7,False,,https://caau.syd1.cdn.digitaloceanspaces.com/wp-content/uploads/catalogue/coles/coles-catalogue-october-8-14-2025-vic-metro/4.jpg,https://www.catalogueau.com/coles/#catalogue=coles/coles-catalogue-october-8-14-2025-vic-metro/,save_was_arithmetic,displayed_price;save_was_arithmetic,2,verified
Coles,VIC METRO,"Coles Catalogue October 8 - 14, 2025 VIC METRO",2025-10-08,2025-10-15,4,Rimmel Multi Tasker Foundation 30mL,15.0,30.0,15.0,50.0,half_price,30mL,,SAVES15 | WASS$30 | Rimmel Multi Tasker | Foundation 30mL | $5.00 per 10mL,93.81,False,,https://caau.syd1.cdn.digitaloceanspaces.com/wp-content/uploads/catalogue/coles/coles-catalogue-october-8-14-2025-vic-metro/4.jpg,https://www.catalogueau.com/coles/#catalogue=coles/coles-catalogue-october-8-14-2025-vic-metro/,save_was_arithmetic,displayed_price;save_was_arithmetic,2,verified
Coles,VIC METRO,"Coles Catalogue October 8 - 14, 2025 VIC METRO",2025-10-08,2025-10-15,4,Revion ColorStay Pressed Powder 8.4g,20.0,40.0,20.0,50.0,half_price,8.4g,,"SAVES20 | WASS40, | Revion ColorStay Pressed | Powder 8.4g $23.81 per 10g | TExcludes Every Day & clearance items",93.96,False,,https://caau.syd1.cdn.digitaloceanspaces.com/wp-content/uploads/catalogue/coles/coles-catalogue-october-8-14-2025-vic-metro/4.jpg,https://www.catalogueau.com/coles/#catalogue=coles/coles-catalogue-october-8-14-2025-vic-metro/,save_was_arithmetic,displayed_price;save_was_arithmetic,2,verified
Coles,VIC METRO,"Coles Catalogue October 8 - 14, 2025 VIC METRO",2025-10-08,2025-10-15,4,L'Oréal Excellence Colourant 1 Pack,13.5,27.0,13.5,50.0,half_price,1 Pack,$13.50 per each,SAVE 13.50 | L'Oréal Excellence Colourant | 1 Pack $13.50 per each | On sale for 2 weeks. | *See page 15 forT&Cs,94.07,True,single_price_evidence,https://caau.syd1.cdn.digitaloceanspaces.com/wp-content/uploads/catalogue/coles/coles-catalogue-october-8-14-2025-vic-metro/4.jpg,https://www.catalogueau.com/coles/#catalogue=coles/coles-catalogue-october-8-14-2025-vic-metro/,unit_price,unit_price,1,review
Coles,VIC METRO,"Coles Catalogue October 8 - 14, 2025 VIC METRO",2025-10-08,2025-10-15,4,Hask Shampoo or Conditioner 355mL,8.5,17.0,8.5,50.0,half_price,355mL,$2.39 per 100mL,SAVES8.50 | WASS17 | Hask Shampoo or Conditioner | 355mL $2.39 per 100mL | On sale for 2 weeks,93.55,False,,https://caau.syd1.cdn.digitaloceanspaces.com/wp-content/uploads/catalogue/coles/coles-catalogue-october-8-14-2025-vic-metro/4.jpg,https://www.catalogueau.com/coles/#catalogue=coles/coles-catalogue-october-8-14-2025-vic-metro/,save_was_arithmetic,displayed_price;save_was_arithmetic;unit_price,3,verified
Coles,VIC METRO,"Coles Catalogue October 8 - 14, 2025 VIC METRO",2025-10-08,2025-10-15,4,Gem Skin Loving Deodorant 207mL,5.25,10.5,5.25,50.0,half_price,207mL,$2.54 per 100mL,WASS10.50 | WASS10.50 | Gem Skin Loving Deodorant | 207mL $2.54 per 100mL | VIC-METRO-081 0-25-499600,93.92,False,,https://caau.syd1.cdn.digitaloceanspaces.com/wp-content/uploads/catalogue/coles/coles-catalogue-october-8-14-2025-vic-metro/4.jpg,https://www.catalogueau.com/coles/#catalogue=coles/coles-catalogue-october-8-14-2025-vic-metro/,displayed_price,displayed_price;page_discount;unit_price,2,verified
Coles,VIC METRO,"Coles Catalogue October 8 - 14, 2025 VIC METRO",2025-10-08,2025-10-15,5,Nivea Antiperspirant Aerosol Deodorant 250m,4.75,9.5,4.75,50.0,half_price,,$1.90 per 100mL,SAVE $4.75 | WASS9.50 | Nivea Antiperspirant Aerosol | Deodorant 250m | $1.90 per 100mL,94.9,True,single_price_evidence,https://caau.syd1.cdn.digitaloceanspaces.com/wp-content/uploads/catalogue/coles/coles-catalogue-october-8-14-2025-vic-metro/5.jpg,https://www.catalogueau.com/coles/#catalogue=coles/coles-catalogue-october-8-14-2025-vic-metro/,save_was_arithmetic,save_was_arithmetic,1,review
Coles,VIC METRO,"Coles Catalogue October 8 - 14, 2025 VIC METRO",2025-10-08,2025-10-15,5,Nivea Q10 Firming Body Lotion 400mL,5.5,11.0,5.5,50.0,half_price,400mL,$1.38 per 100mL,"SAVES5.50 | WASS11 | Nivea Q10 Firming Body | Lotion 400mL | $1.38 per 100mL | TExcludes Every Day, Down Down & clearance items",93.05,False,,https://caau.syd1.cdn.digitaloceanspaces.com/wp-content/uploads/catalogue/coles/coles-catalogue-october-8-14-2025-vic-metro/5.jpg,https://www.catalogueau.com/coles/#catalogue=coles/coles-catalogue-october-8-14-2025-vic-metro/,save_was_arithmetic,save_was_arithmetic;unit_price,2,verified
Coles,VIC METRO,"Coles Catalogue October 8 - 14, 2025 VIC METRO",2025-10-08,2025-10-15,5,Nivea Sun Protect & Moisture Sunscreen SPF50+ 400mL**,14.0,28.0,14.0,50.0,half_price,400mL,$3.50 per 100mL,SAVES14 | WAS$28 | Nivea Sun Protect & Moisture | Sunscreen SPF50+ 400mL** | $3.50 per 100mL,93.39,False,,https://caau.syd1.cdn.digitaloceanspaces.com/wp-content/uploads/catalogue/coles/coles-catalogue-october-8-14-2025-vic-metro/5.jpg,https://www.catalogueau.com/coles/#catalogue=coles/coles-catalogue-october-8-14-2025-vic-metro/,save_was_arithmetic,displayed_price;save_was_arithmetic;unit_price,3,verified
Coles,VIC METRO,"Coles Catalogue October 8 - 14, 2025 VIC METRO",2025-10-08,2025-10-15,5,Colgate Advanced Whitening & Tartar or Max Fresh Toothpaste 200g,5.0,10.0,5.0,50.0,half_price,200g,,SAVESS: | WASS10 | Colgate Advanced Whitening | & Tartar or Max Fresh | Toothpaste 200g $2.50 per | 100g. *See page 15 for T&Cs,96.27,True,inferred_price_requires_review,https://caau.syd1.cdn.digitaloceanspaces.com/wp-content/uploads/catalogue/coles/coles-catalogue-october-8-14-2025-vic-metro/5.jpg,https://www.catalogueau.com/coles/#catalogue=coles/coles-catalogue-october-8-14-2025-vic-metro/,displayed_price,displayed_price;page_discount,1,review
Coles,VIC METRO,"Coles Catalogue October 8 - 14, 2025 VIC METRO",2025-10-08,2025-10-15,5,Carefree Ori Carefree Original Unscented Liners 30 Pack,2.75,5.5,2.75,50.0,half_price,30 Pack,$0.09 per each,Carefree Ori | Carefree Original Unscented | Liners 30 Pack $0.09 per each,79.0,True,offer_labels_missing;low_name_confidence_strict;single_price_evidence,https://caau.syd1.cdn.digitaloceanspaces.com/wp-content/uploads/catalogue/coles/coles-catalogue-october-8-14-2025-vic-metro/5.jpg,https://www.catalogueau.com/coles/#catalogue=coles/coles-catalogue-october-8-14-2025-vic-metro/,displayed_price,displayed_price,1,review
Coles,VIC METRO,"Coles Catalogue October 8 - 14, 2025 VIC METRO",2025-10-08,2025-10-15,5,Oral B iO2 Electric Toothbrush White or Black 1 Pack,80.0,160.0,80.0,50.0,half_price,1 Pack,$80.00 per each,SAVES80 | WAS$160 | Oral B iO2 Electric Toothbrush | White or Black 1 Pack | $80.00 per each,93.66,False,,https://caau.syd1.cdn.digitaloceanspaces.com/wp-content/uploads/catalogue/coles/coles-catalogue-october-8-14-2025-vic-metro/5.jpg,https://www.catalogueau.com/coles/#catalogue=coles/coles-catalogue-october-8-14-2025-vic-metro/,save_was_arithmetic,displayed_price;save_was_arithmetic;unit_price,3,verified
Coles,VIC METRO,"Coles Catalogue October 8 - 14, 2025 VIC METRO",2025-10-08,2025-10-15,5,Nature's Own Glucosamine Sulfate with Chondroitin Tablets 200 Pack*,18.0,36.0,18.0,50.0,half_price,200 Pack,$9.00 per 100 each,SAVE*18 | WAS $36 | Nature's Own Glucosamine | Sulfate with Chondroitin | Tablets 200 Pack* | $9.00 per 100 each,95.33,False,,https://caau.syd1.cdn.digitaloceanspaces.com/wp-content/uploads/catalogue/coles/coles-catalogue-october-8-14-2025-vic-metro/5.jpg,https://www.catalogueau.com/coles/#catalogue=coles/coles-catalogue-october-8-14-2025-vic-metro/,save_was_arithmetic,displayed_price;save_was_arithmetic;unit_price,3,verified
Coles,VIC METRO,"Coles Catalogue October 8 - 14, 2025 VIC METRO",2025-10-08,2025-10-15,5,Ostelin Vitamin D3 1000IU Capsules or Calcium & Vitamin D3 Tablets 250 Pack*,24.5,49.0,24.5,50.0,half_price,250 Pack,$9.80 per 100 each,SAVE524.50 | WAS$49 | Ostelin Vitamin D3 1000IU | Capsules or Calcium & | Vitamin D3 Tablets 250 Pack* | $9.80 per 100 each,90.11,False,,https://caau.syd1.cdn.digitaloceanspaces.com/wp-content/uploads/catalogue/coles/coles-catalogue-october-8-14-2025-vic-metro/5.jpg,https://www.catalogueau.com/coles/#catalogue=coles/coles-catalogue-october-8-14-2025-vic-metro/,displayed_price,displayed_price;unit_price,2,verified
Coles,VIC METRO,"Coles Catalogue October 8 - 14, 2025 VIC METRO",2025-10-08,2025-10-15,5,Caltrate Bone & Muscle Health Tablets 100 Pack*,10.5,21.0,10.5,50.0,half_price,100 Pack,$10.50 per 100 each,Caltrate Bone & Muscle Health | Tablets 100 Pack* | $10.50 per 100 each,94.37,True,offer_labels_missing;regular_and_save_inferred_from_half_price,https://caau.syd1.cdn.digitaloceanspaces.com/wp-content/uploads/catalogue/coles/coles-catalogue-october-8-14-2025-vic-metro/5.jpg,https://www.catalogueau.com/coles/#catalogue=coles/coles-catalogue-october-8-14-2025-vic-metro/,displayed_price,displayed_price;grid_inference;unit_price,2,review
Coles,VIC METRO,"Coles Catalogue October 8 - 14, 2025 VIC METRO",2025-10-08,2025-10-15,6,Comfort Fabric Conditioner 800mL,4.5,8.5,4.0,47.06,save_amount,800mL,$5.63 per litre,SAVE %4. | Comfort Fabric Conditioner | 800mL $5.63 per litre,95.48,True,single_price_evidence,https://caau.syd1.cdn.digitaloceanspaces.com/wp-content/uploads/catalogue/coles/coles-catalogue-october-8-14-2025-vic-metro/6.jpg,https://www.catalogueau.com/coles/#catalogue=coles/coles-catalogue-october-8-14-2025-vic-metro/,unit_price,unit_price,1,review
Coles,VIC METRO,"Coles Catalogue October 8 - 14, 2025 VIC METRO",2025-10-08,2025-10-15,6,Comfort In Wash Booster Beads 425g,13.25,26.5,13.25,50.0,half_price,425g,$31.18 per kg,SAVE513.25 | WAS $26.50 | Comfort In Wash Booster | Beads 425g $31.18 per kg,96.26,True,single_price_evidence,https://caau.syd1.cdn.digitaloceanspaces.com/wp-content/uploads/catalogue/coles/coles-catalogue-october-8-14-2025-vic-metro/6.jpg,https://www.catalogueau.com/coles/#catalogue=coles/coles-catalogue-october-8-14-2025-vic-metro/,unit_price,unit_price,1,review
Coles,VIC METRO,"Coles Catalogue October 8 - 14, 2025 VIC METRO",2025-10-08,2025-10-15,6,Radiant Laundry Capsules 45 Pack,16.0,32.0,16.0,50.0,half_price,45 Pack,$0.36 per each,SAVES16 | WAS$32 | Radiant Laundry Capsules | 45 Pack $0.36 per each | th,96.47,False,,https://caau.syd1.cdn.digitaloceanspaces.com/wp-content/uploads/catalogue/coles/coles-catalogue-october-8-14-2025-vic-metro/6.jpg,https://www.catalogueau.com/coles/#catalogue=coles/coles-catalogue-october-8-14-2025-vic-metro/,save_was_arithmetic,displayed_price;save_was_arithmetic,2,verified
Coles,VIC METRO,"Coles Catalogue October 8 - 14, 2025 VIC METRO",2025-10-08,2025-10-15,6,Vanish Napisan Gold Pro Turbo Colours Stain Remover 2kg,18.0,36.0,18.0,50.0,half_price,2kg,$9.00 per kg,SAVES18 | WAS$36 | Vanish Napisan Gold Pro | Turbo Colours Stain Remover | 2kg $9.00 per kg | EN,95.28,False,,https://caau.syd1.cdn.digitaloceanspaces.com/wp-content/uploads/catalogue/coles/coles-catalogue-october-8-14-2025-vic-metro/6.jpg,https://www.catalogueau.com/coles/#catalogue=coles/coles-catalogue-october-8-14-2025-vic-metro/,save_was_arithmetic,displayed_price;save_was_arithmetic;unit_price,3,verified
Coles,VIC METRO,"Coles Catalogue October 8 - 14, 2025 VIC METRO",2025-10-08,2025-10-15,6,Cold Power Laundry Liquid 2 Litre or Powder 2kg,12.0,24.0,12.0,50.0,half_price,2 Litre; 2kg,,SAVES12 | WASS24 | Cold Power Laundry Liquid | 2 Litre or Powder 2kg,95.45,False,,https://caau.syd1.cdn.digitaloceanspaces.com/wp-content/uploads/catalogue/coles/coles-catalogue-october-8-14-2025-vic-metro/6.jpg,https://www.catalogueau.com/coles/#catalogue=coles/coles-catalogue-october-8-14-2025-vic-metro/,save_was_arithmetic,displayed_price;save_was_arithmetic,2,verified
Coles,VIC METRO,"Coles Catalogue October 8 - 14, 2025 VIC METRO",2025-10-08,2025-10-15,6,Biozet Attack Regular Laundry Liquid 2 Litre or Powder 2kg,12.0,24.0,12.0,50.0,half_price,2 Litre; 2kg,,SAVES12 | WAS$24 | Biozet Attack Regular Laundry | Liquid 2 Litre or Powder 2kg | EN,95.41,False,,https://caau.syd1.cdn.digitaloceanspaces.com/wp-content/uploads/catalogue/coles/coles-catalogue-october-8-14-2025-vic-metro/6.jpg,https://www.catalogueau.com/coles/#catalogue=coles/coles-catalogue-october-8-14-2025-vic-metro/,save_was_arithmetic,displayed_price;save_was_arithmetic,2,verified
Coles,VIC METRO,"Coles Catalogue October 8 - 14, 2025 VIC METRO",2025-10-08,2025-10-15,6,Air Wick Ultimate Getaways Pure Reed Diffuser 30mL,7.0,14.0,7.0,50.0,half_price,30mL,,SAVES7 | WASS14 | Air Wick Ultimate Getaways | Pure Reed Diffuser 30mL | $2.33 per 10mL. | *See page 15 for T&Cs,95.07,False,,https://caau.syd1.cdn.digitaloceanspaces.com/wp-content/uploads/catalogue/coles/coles-catalogue-october-8-14-2025-vic-metro/6.jpg,https://www.catalogueau.com/coles/#catalogue=coles/coles-catalogue-october-8-14-2025-vic-metro/,save_was_arithmetic,displayed_price;save_was_arithmetic,2,verified
Coles,VIC METRO,"Coles Catalogue October 8 - 14, 2025 VIC METRO",2025-10-08,2025-10-15,6,Fairy Platinum Dishwashing Tablets 52 Pack,23.0,46.0,23.0,50.0,half_price,52 Pack,$0.44 per each,SAVE523 | WASS46 | Fairy Platinum Dishwashing | Tablets 52 Pack | $0.44 per each,96.44,True,single_price_evidence,https://caau.syd1.cdn.digitaloceanspaces.com/wp-content/uploads/catalogue/coles/coles-catalogue-october-8-14-2025-vic-metro/6.jpg,https://www.catalogueau.com/coles/#catalogue=coles/coles-catalogue-october-8-14-2025-vic-metro/,displayed_price,displayed_price,1,review
Coles,VIC METRO,"Coles Catalogue October 8 - 14, 2025 VIC METRO",2025-10-08,2025-10-15,6,Bref In The Bowl Toilet Cleaner Two Pack 100g,5.5,11.0,5.5,50.0,half_price,100g,$5.50 per 100g,SAVE*5.50 | WASS11 | Bref In The Bowl Toilet | Cleaner Two Pack 100g | $5.50 per 100g | VIC-METRO-081 0-25-499600,94.09,False,,https://caau.syd1.cdn.digitaloceanspaces.com/wp-content/uploads/catalogue/coles/coles-catalogue-october-8-14-2025-vic-metro/6.jpg,https://www.catalogueau.com/coles/#catalogue=coles/coles-catalogue-october-8-14-2025-vic-metro/,save_was_arithmetic,displayed_price;save_was_arithmetic;unit_price,3,verified
Coles,VIC METRO,"Coles Catalogue October 8 - 14, 2025 VIC METRO",2025-10-08,2025-10-15,7,Mars or Snickers Chocolate Bar 44g-47g,1.25,2.5,1.25,50.0,half_price,44g; 47g,,SAVE*1.25 | WASS$2.50 | Mars or Snickers Chocolate | Bar 44g-47g | *Fei),93.55,False,,https://caau.syd1.cdn.digitaloceanspaces.com/wp-content/uploads/catalogue/coles/coles-catalogue-october-8-14-2025-vic-metro/7.jpg,https://www.catalogueau.com/coles/#catalogue=coles/coles-catalogue-october-8-14-2025-vic-metro/,save_was_arithmetic,displayed_price;save_was_arithmetic,2,verified
Coles,VIC METRO,"Coles Catalogue October 8 - 14, 2025 VIC METRO",2025-10-08,2025-10-15,7,Nestlé Chocolate Bar 35g-50g,1.5,3.0,1.5,50.0,half_price,35g; 50g,,SAVE*1.50 | WASS$3 | Nestlé Chocolate Bar | 35g-50g,93.36,False,,https://caau.syd1.cdn.digitaloceanspaces.com/wp-content/uploads/catalogue/coles/coles-catalogue-october-8-14-2025-vic-metro/7.jpg,https://www.catalogueau.com/coles/#catalogue=coles/coles-catalogue-october-8-14-2025-vic-metro/,save_was_arithmetic,displayed_price;save_was_arithmetic,2,verified
Coles,VIC METRO,"Coles Catalogue October 8 - 14, 2025 VIC METRO",2025-10-08,2025-10-15,7,Darrell Lea Liquorice or Twists 260g-280g,2.75,5.5,2.75,50.0,half_price,260g; 280g,,SAVE52.75 | WASS5.50 | Darrell Lea Liquorice or Twists | 260g-280g | * 42,94.57,True,single_price_evidence,https://caau.syd1.cdn.digitaloceanspaces.com/wp-content/uploads/catalogue/coles/coles-catalogue-october-8-14-2025-vic-metro/7.jpg,https://www.catalogueau.com/coles/#catalogue=coles/coles-catalogue-october-8-14-2025-vic-metro/,displayed_price,displayed_price,1,review
Coles,VIC METRO,"Coles Catalogue October 8 - 14, 2025 VIC METRO",2025-10-08,2025-10-15,7,Darrell Lea Bullets or Choc Twists 150g-204g,3.0,6.0,3.0,50.0,half_price,150g; 204g,,SAVES3 | WASS6 | Darrell Lea Bullets or | Choc Twists 150g-204g | Ke,94.63,False,,https://caau.syd1.cdn.digitaloceanspaces.com/wp-content/uploads/catalogue/coles/coles-catalogue-october-8-14-2025-vic-metro/7.jpg,https://www.catalogueau.com/coles/#catalogue=coles/coles-catalogue-october-8-14-2025-vic-metro/,save_was_arithmetic,displayed_price;save_was_arithmetic,2,verified
Coles,VIC METRO,"Coles Catalogue October 8 - 14, 2025 VIC METRO",2025-10-08,2025-10-15,7,Skittles Fun Size 180g,3.0,6.0,3.0,50.0,half_price,180g,$1.67 per 100g,SAVES3 | WASS6 | Skittles Fun Size 180g | $1.67 per 100g,95.65,False,,https://caau.syd1.cdn.digitaloceanspaces.com/wp-content/uploads/catalogue/coles/coles-catalogue-october-8-14-2025-vic-metro/7.jpg,https://www.catalogueau.com/coles/#catalogue=coles/coles-catalogue-october-8-14-2025-vic-metro/,save_was_arithmetic,displayed_price;save_was_arithmetic;unit_price,3,verified
Coles,VIC METRO,"Coles Catalogue October 8 - 14, 2025 VIC METRO",2025-10-08,2025-10-15,7,Mars Chocolate Fun Size 132g-192g,350.0,353.5,3.5,0.99,save_amount,132g; 192g,,SAVES3.50 | Mars Chocolate Fun Size | 132g-192g,93.78,True,single_price_evidence,https://caau.syd1.cdn.digitaloceanspaces.com/wp-content/uploads/catalogue/coles/coles-catalogue-october-8-14-2025-vic-metro/7.jpg,https://www.catalogueau.com/coles/#catalogue=coles/coles-catalogue-october-8-14-2025-vic-metro/,displayed_price,displayed_price,1,review
Coles,VIC METRO,"Coles Catalogue October 8 - 14, 2025 VIC METRO",2025-10-08,2025-10-15,7,Ferrero Rocher Gift Box 16 Pack 200g,9.5,18.8,9.3,49.47,save_amount,16 Pack; 200g,$4.75 per 100g,"SAVE 9,30 | Ferrero Rocher Gift Box | 16 Pack 200g $4.75 per 100g | on sale for 2 weeks",96.53,True,single_price_evidence,https://caau.syd1.cdn.digitaloceanspaces.com/wp-content/uploads/catalogue/coles/coles-catalogue-october-8-14-2025-vic-metro/7.jpg,https://www.catalogueau.com/coles/#catalogue=coles/coles-catalogue-october-8-14-2025-vic-metro/,unit_price,unit_price,1,review
Coles,VIC METRO,"Coles Catalogue October 8 - 14, 2025 VIC METRO",2025-10-08,2025-10-15,7,Ferrero Collection Gift Box 24 Pack 269g,16.0,32.0,16.0,50.0,half_price,24 Pack; 269g,$5.95 per 100g,SAVES16 | ‘WAS§32 | Ferrero Collection Gift Box | 24 Pack 269g $5.95 per 100g,96.4,False,,https://caau.syd1.cdn.digitaloceanspaces.com/wp-content/uploads/catalogue/coles/coles-catalogue-october-8-14-2025-vic-metro/7.jpg,https://www.catalogueau.com/coles/#catalogue=coles/coles-catalogue-october-8-14-2025-vic-metro/,save_was_arithmetic,displayed_price;save_was_arithmetic;unit_price,3,verified
Coles,VIC METRO,"Coles Catalogue October 8 - 14, 2025 VIC METRO",2025-10-08,2025-10-15,7,264g-265g VIC-METRO-081 0-25-499600,7.0,14.0,7.0,50.0,half_price,264g; 265g,,264g-265g | VIC-METRO-081 0-25-499600,87.29,True,offer_labels_missing;single_price_evidence,https://caau.syd1.cdn.digitaloceanspaces.com/wp-content/uploads/catalogue/coles/coles-catalogue-october-8-14-2025-vic-metro/7.jpg,https://www.catalogueau.com/coles/#catalogue=coles/coles-catalogue-october-8-14-2025-vic-metro/,displayed_price,displayed_price,1,review
Coles,VIC METRO,"Coles Catalogue October 8 - 14, 2025 VIC METRO",2025-10-08,2025-10-15,8,McVitie's Digestives Tops Biscuits 100g,1.0,2.0,1.0,50.0,half_price,100g,$1.00 per 100g,SAVE*1 | WASS2 | McVitie's Digestives Tops | Biscuits 100g $1.00 per 100g | size | EN Ar,94.28,False,,https://caau.syd1.cdn.digitaloceanspaces.com/wp-content/uploads/catalogue/coles/coles-catalogue-october-8-14-2025-vic-metro/8.jpg,https://www.catalogueau.com/coles/#catalogue=coles/coles-catalogue-october-8-14-2025-vic-metro/,save_was_arithmetic,displayed_price;save_was_arithmetic;unit_price,3,verified
Coles,VIC METRO,"Coles Catalogue October 8 - 14, 2025 VIC METRO",2025-10-08,2025-10-15,8,V8 Juice 1.25 Litre,2.75,5.5,2.75,50.0,half_price,1.25 Litre,$2.20 per litre,SAVES2.75 | WAS$5.50 | V8 Juice 1.25 Litre | $2.20 per litre,95.67,False,,https://caau.syd1.cdn.digitaloceanspaces.com/wp-content/uploads/catalogue/coles/coles-catalogue-october-8-14-2025-vic-metro/8.jpg,https://www.catalogueau.com/coles/#catalogue=coles/coles-catalogue-october-8-14-2025-vic-metro/,save_was_arithmetic,displayed_price;save_was_arithmetic;unit_price,3,verified
Coles,VIC METRO,"Coles Catalogue October 8 - 14, 2025 VIC METRO",2025-10-08,2025-10-15,8,Kellogg's K-Time Baked Twists 185g,2.75,5.5,2.75,50.0,half_price,185g,$1.49 per 100g,SAVES2.75 | ‘WAS$5.50 | Kellogg's K-Time Baked Twists | 185g $1.49 per 100g,95.1,False,,https://caau.syd1.cdn.digitaloceanspaces.com/wp-content/uploads/catalogue/coles/coles-catalogue-october-8-14-2025-vic-metro/8.jpg,https://www.catalogueau.com/coles/#catalogue=coles/coles-catalogue-october-8-14-2025-vic-metro/,save_was_arithmetic,displayed_price;save_was_arithmetic;unit_price,3,verified
Coles,VIC METRO,"Coles Catalogue October 8 - 14, 2025 VIC METRO",2025-10-08,2025-10-15,8,Uncle Tobys Cheerios 520g-560g,3.75,7.5,3.75,50.0,half_price,520g; 560g,,SAVES3.75 | WAS$7.50 | Uncle Tobys Cheerios | 520g-560g,69.69,True,low_name_confidence_strict,https://caau.syd1.cdn.digitaloceanspaces.com/wp-content/uploads/catalogue/coles/coles-catalogue-october-8-14-2025-vic-metro/8.jpg,https://www.catalogueau.com/coles/#catalogue=coles/coles-catalogue-october-8-14-2025-vic-metro/,save_was_arithmetic,displayed_price;save_was_arithmetic,2,review
Coles,VIC METRO,"Coles Catalogue October 8 - 14, 2025 VIC METRO",2025-10-08,2025-10-15,8,Poppin Microwave Popcorn 400g,3.5,7.0,3.5,50.0,half_price,400g,$0.88 per 100g,SAVES3.50 | WASS7 | Poppin Microwave Popcorn | 400g $0.88 per 100g,96.4,False,,https://caau.syd1.cdn.digitaloceanspaces.com/wp-content/uploads/catalogue/coles/coles-catalogue-october-8-14-2025-vic-metro/8.jpg,https://www.catalogueau.com/coles/#catalogue=coles/coles-catalogue-october-8-14-2025-vic-metro/,save_was_arithmetic,displayed_price;save_was_arithmetic;unit_price,3,verified
Coles,VIC METRO,"Coles Catalogue October 8 - 14, 2025 VIC METRO",2025-10-08,2025-10-15,8,Sistema To Go Mini Bites 3 Pack,3.87,7.75,3.88,50.06,half_price,3 Pack,$1.29 per each,SAVE*3.88 | WASS$7.75 | Sistema To Go Mini Bites | 3 Pack $1.29 per each,96.09,False,,https://caau.syd1.cdn.digitaloceanspaces.com/wp-content/uploads/catalogue/coles/coles-catalogue-october-8-14-2025-vic-metro/8.jpg,https://www.catalogueau.com/coles/#catalogue=coles/coles-catalogue-october-8-14-2025-vic-metro/,save_was_arithmetic,displayed_price;save_was_arithmetic;unit_price,3,verified
Coles,VIC METRO,"Coles Catalogue October 8 - 14, 2025 VIC METRO",2025-10-08,2025-10-15,8,Sistema To Go Ribbon Lunch Box 1.1 Litre,5.75,11.5,5.75,50.0,half_price,1.1 Litre,$5.75 per each,SAVES5.75 | WASS11.50 | Sistema To Go Ribbon Lunch | Box 1.1 Litre $5.75 per each | VIC-METRO-081 0-25-499600,94.49,False,,https://caau.syd1.cdn.digitaloceanspaces.com/wp-content/uploads/catalogue/coles/coles-catalogue-october-8-14-2025-vic-metro/8.jpg,https://www.catalogueau.com/coles/#catalogue=coles/coles-catalogue-october-8-14-2025-vic-metro/,save_was_arithmetic,displayed_price;save_was_arithmetic;unit_price,3,verified
Coles,VIC METRO,"Coles Catalogue October 8 - 14, 2025 VIC METRO",2025-10-08,2025-10-15,8,Sistema Hydrate Active Bottle 800mL,7.0,14.0,7.0,50.0,half_price,800mL,$7.00 per each,SAVE‘7 | WASS14 | Sistema Hydrate Active Bottle | 800mL $7.00 per each,94.97,False,,https://caau.syd1.cdn.digitaloceanspaces.com/wp-content/uploads/catalogue/coles/coles-catalogue-october-8-14-2025-vic-metro/8.jpg,https://www.catalogueau.com/coles/#catalogue=coles/coles-catalogue-october-8-14-2025-vic-metro/,save_was_arithmetic,displayed_price;save_was_arithmetic;unit_price,3,verified
Coles,VIC METRO,"Coles Catalogue October 8 - 14, 2025 VIC METRO",2025-10-08,2025-10-15,8,Sistema To Go Maxi Fold Up Lunch Cooler 1 Each,6.38,12.75,6.37,49.96,half_price,,$6.37 per each,WASS$12.75 | WASS$12.75 | Sistema To Go Maxi Fold Up | Lunch Cooler 1 Each | $6.37 per each,95.55,False,,https://caau.syd1.cdn.digitaloceanspaces.com/wp-content/uploads/catalogue/coles/coles-catalogue-october-8-14-2025-vic-metro/8.jpg,https://www.catalogueau.com/coles/#catalogue=coles/coles-catalogue-october-8-14-2025-vic-metro/,displayed_price,displayed_price;page_discount;unit_price,2,verified
Coles,VIC METRO,"Coles Catalogue October 8 - 14, 2025 VIC METRO",2025-10-08,2025-10-15,9,Bob Snail Fruit Rolls 60g,2.25,4.5,2.25,50.0,half_price,60g,$3.75 per 100g,SAVES2.25 | WASS4.50 | Bob Snail Fruit Rolls 60g | $3.75 per 100g | UNCLI | ‘T@BYS,95.96,False,,https://caau.syd1.cdn.digitaloceanspaces.com/wp-content/uploads/catalogue/coles/coles-catalogue-october-8-14-2025-vic-metro/9.jpg,https://www.catalogueau.com/coles/#catalogue=coles/coles-catalogue-october-8-14-2025-vic-metro/,save_was_arithmetic,displayed_price;save_was_arithmetic;unit_price,3,verified
Coles,VIC METRO,"Coles Catalogue October 8 - 14, 2025 VIC METRO",2025-10-08,2025-10-15,9,Kellogg's Nutri Grain Bars 5 Pack 110g,2.25,4.5,2.25,50.0,half_price,5 Pack; 110g,$2.05 per 100g,WASS$4.50 | WASS$4.50 | Kellogg's Nutri Grain Bars | 5 Pack 110g $2.05 per 100g | wi | Nestle.,96.02,False,,https://caau.syd1.cdn.digitaloceanspaces.com/wp-content/uploads/catalogue/coles/coles-catalogue-october-8-14-2025-vic-metro/9.jpg,https://www.catalogueau.com/coles/#catalogue=coles/coles-catalogue-october-8-14-2025-vic-metro/,displayed_price,displayed_price;page_discount;unit_price,2,verified
Coles,VIC METRO,"Coles Catalogue October 8 - 14, 2025 VIC METRO",2025-10-08,2025-10-15,9,Uncle Tobys Plus Cereal 620g-705g,4.4,8.8,4.4,50.0,half_price,620g; 705g,,SAVES4.40 | WASS8.80 | Uncle Tobys Plus Cereal | 620g-705g,79.0,True,low_name_confidence_strict;single_price_evidence,https://caau.syd1.cdn.digitaloceanspaces.com/wp-content/uploads/catalogue/coles/coles-catalogue-october-8-14-2025-vic-metro/9.jpg,https://www.catalogueau.com/coles/#catalogue=coles/coles-catalogue-october-8-14-2025-vic-metro/,save_was_arithmetic,save_was_arithmetic,1,review
Coles,VIC METRO,"Coles Catalogue October 8 - 14, 2025 VIC METRO",2025-10-08,2025-10-15,9,Nestlé Milo Cereal 535g-620g,4.75,9.5,4.75,50.0,half_price,535g; 620g,,SAVE%4.75 | WASS9.50 | Nestlé Milo Cereal | 535g-620g | —,93.79,True,single_price_evidence,https://caau.syd1.cdn.digitaloceanspaces.com/wp-content/uploads/catalogue/coles/coles-catalogue-october-8-14-2025-vic-metro/9.jpg,https://www.catalogueau.com/coles/#catalogue=coles/coles-catalogue-october-8-14-2025-vic-metro/,save_was_arithmetic,save_was_arithmetic,1,review
Coles,VIC METRO,"Coles Catalogue October 8 - 14, 2025 VIC METRO",2025-10-08,2025-10-15,9,Fibre One Bars or Squares 105g-120g or Nature Valley Crunchy Bars 252g,4.7,6.9,2.2,31.88,save_amount,105g; 120g; 252g,,SAVES2.20 | WASS6.90 | Fibre One Bars or Squares | 105g-120g or Nature Valley | Crunchy Bars 252g | I | nn,95.52,False,,https://caau.syd1.cdn.digitaloceanspaces.com/wp-content/uploads/catalogue/coles/coles-catalogue-october-8-14-2025-vic-metro/9.jpg,https://www.catalogueau.com/coles/#catalogue=coles/coles-catalogue-october-8-14-2025-vic-metro/,save_was_arithmetic,displayed_price;save_was_arithmetic,2,verified
Coles,VIC METRO,"Coles Catalogue October 8 - 14, 2025 VIC METRO",2025-10-08,2025-10-15,9,Carman's Nut or Muesli Bars 140g-270g,5.0,7.5,2.5,33.33,save_amount,140g; 270g,,SAVES2.50 | WAS$7.50 | Carman's Nut or Muesli Bars | 140g-270g,91.56,False,,https://caau.syd1.cdn.digitaloceanspaces.com/wp-content/uploads/catalogue/coles/coles-catalogue-october-8-14-2025-vic-metro/9.jpg,https://www.catalogueau.com/coles/#catalogue=coles/coles-catalogue-october-8-14-2025-vic-metro/,save_was_arithmetic,displayed_price;save_was_arithmetic,2,verified
Coles,VIC METRO,"Coles Catalogue October 8 - 14, 2025 VIC METRO",2025-10-08,2025-10-15,9,Uncle Tobys Protein Muesli Bars 175g,5.0,6.7,1.7,25.37,save_amount,175g,$2.86 per 100g,SAVES1.70 | WASS6.70 | Uncle Tobys Protein Muesli Bars | 175g $2.86 per 100g,95.43,False,,https://caau.syd1.cdn.digitaloceanspaces.com/wp-content/uploads/catalogue/coles/coles-catalogue-october-8-14-2025-vic-metro/9.jpg,https://www.catalogueau.com/coles/#catalogue=coles/coles-catalogue-october-8-14-2025-vic-metro/,save_was_arithmetic,displayed_price;save_was_arithmetic;unit_price,3,verified
Coles,VIC METRO,"Coles Catalogue October 8 - 14, 2025 VIC METRO",2025-10-08,2025-10-15,9,Bega Smooth or Crunchy Peanut Butter 375g,4.5,5.8,1.3,22.41,save_amount,375g,$1.20 per 100g,SAVE1.30 | WASS$5.80 | Bega Smooth or Crunchy Peanut | Butter 375g $1.20 per 100g | VIC-METRO-081 0-25-499600,96.53,False,,https://caau.syd1.cdn.digitaloceanspaces.com/wp-content/uploads/catalogue/coles/coles-catalogue-october-8-14-2025-vic-metro/9.jpg,https://www.catalogueau.com/coles/#catalogue=coles/coles-catalogue-october-8-14-2025-vic-metro/,save_was_arithmetic,save_was_arithmetic;unit_price,2,verified
Coles,VIC METRO,"Coles Catalogue October 8 - 14, 2025 VIC METRO",2025-10-08,2025-10-15,9,Vegemite 380g,6.0,7.7,1.7,22.08,save_amount,380g,$1.58 per 100g,SAVE 51.70 | WAS$7.70 | Vegemite 380g | $1.58 per 100g,95.93,False,,https://caau.syd1.cdn.digitaloceanspaces.com/wp-content/uploads/catalogue/coles/coles-catalogue-october-8-14-2025-vic-metro/9.jpg,https://www.catalogueau.com/coles/#catalogue=coles/coles-catalogue-october-8-14-2025-vic-metro/,save_was_arithmetic,displayed_price;save_was_arithmetic;unit_price,3,verified
Coles,VIC METRO,"Coles Catalogue October 8 - 14, 2025 VIC METRO",2025-10-08,2025-10-15,9,Lotus Biscoff Spread 700g-720g,9.6,12.0,2.4,20.0,save_amount,700g; 720g,,SAVES2.40 | WASS12 | Lotus Biscoff Spread 700g-720g,93.0,False,,https://caau.syd1.cdn.digitaloceanspaces.com/wp-content/uploads/catalogue/coles/coles-catalogue-october-8-14-2025-vic-metro/9.jpg,https://www.catalogueau.com/coles/#catalogue=coles/coles-catalogue-october-8-14-2025-vic-metro/,save_was_arithmetic,displayed_price;save_was_arithmetic,2,verified
Coles,VIC METRO,"Coles Catalogue October 8 - 14, 2025 VIC METRO",2025-10-08,2025-10-15,10,Coles Premium Strawberry Jam 345g,3.0,,,,everyday,345g,$0.87 per 100g,Coles Premium Strawberry | Jam 345g $0.87 per 100g,96.34,False,,https://caau.syd1.cdn.digitaloceanspaces.com/wp-content/uploads/catalogue/coles/coles-catalogue-october-8-14-2025-vic-metro/10.jpg,https://www.catalogueau.com/coles/#catalogue=coles/coles-catalogue-october-8-14-2025-vic-metro/,displayed_price,displayed_price;unit_price,2,verified
Coles,VIC METRO,"Coles Catalogue October 8 - 14, 2025 VIC METRO",2025-10-08,2025-10-15,10,Coles Squeezie Yoghurt Pouch 70g,0.8,,,,everyday,70g,$1.14 per 100g,Coles Squeezie Yoghurt Pouch | 70g $1.14 per 100g | len,95.24,True,single_price_evidence,https://caau.syd1.cdn.digitaloceanspaces.com/wp-content/uploads/catalogue/coles/coles-catalogue-october-8-14-2025-vic-metro/10.jpg,https://www.catalogueau.com/coles/#catalogue=coles/coles-catalogue-october-8-14-2025-vic-metro/,unit_price,unit_price,1,review
Coles,VIC METRO,"Coles Catalogue October 8 - 14, 2025 VIC METRO",2025-10-08,2025-10-15,10,Coles Fruit in Jelly 4 Pack 500g,2.3,,,,everyday,4 Pack; 500g,$4.60 per kg,Coles Fruit in Jelly 4 Pack | 500g $4.60 per kg,96.29,True,single_price_evidence,https://caau.syd1.cdn.digitaloceanspaces.com/wp-content/uploads/catalogue/coles/coles-catalogue-october-8-14-2025-vic-metro/10.jpg,https://www.catalogueau.com/coles/#catalogue=coles/coles-catalogue-october-8-14-2025-vic-metro/,unit_price,unit_price,1,review
Coles,VIC METRO,"Coles Catalogue October 8 - 14, 2025 VIC METRO",2025-10-08,2025-10-15,10,Coles Popcorn 120g,2.1,,,,everyday,120g,$1.75 per 100g,Coles Popcorn 120g | $1.75 per 100g | —— | — | ae | r,95.83,True,single_price_evidence,https://caau.syd1.cdn.digitaloceanspaces.com/wp-content/uploads/catalogue/coles/coles-catalogue-october-8-14-2025-vic-metro/10.jpg,https://www.catalogueau.com/coles/#catalogue=coles/coles-catalogue-october-8-14-2025-vic-metro/,unit_price,unit_price,1,review
Coles,VIC METRO,"Coles Catalogue October 8 - 14, 2025 VIC METRO",2025-10-08,2025-10-15,10,Coles Mini Cream Wafers 6 Pack 175g,3.0,,,,everyday,6 Pack; 175g,$1.71 per 100g,Coles Mini Cream Wafers | 6 Pack 175g $1.71 per 100g | =,96.32,False,,https://caau.syd1.cdn.digitaloceanspaces.com/wp-content/uploads/catalogue/coles/coles-catalogue-october-8-14-2025-vic-metro/10.jpg,https://www.catalogueau.com/coles/#catalogue=coles/coles-catalogue-october-8-14-2025-vic-metro/,displayed_price,displayed_price;unit_price,2,verified
Coles,VIC METRO,"Coles Catalogue October 8 - 14, 2025 VIC METRO",2025-10-08,2025-10-15,10,Coles Choc Chip Cookies 500g,3.25,,,,everyday,500g,$0.65 per 100g,Coles Choc Chip Cookies | 500g $0.65 per 100g,96.25,True,single_price_evidence,https://caau.syd1.cdn.digitaloceanspaces.com/wp-content/uploads/catalogue/coles/coles-catalogue-october-8-14-2025-vic-metro/10.jpg,https://www.catalogueau.com/coles/#catalogue=coles/coles-catalogue-october-8-14-2025-vic-metro/,unit_price,unit_price,1,review
Coles,VIC METRO,"Coles Catalogue October 8 - 14, 2025 VIC METRO",2025-10-08,2025-10-15,10,Coles Ice Tea 1.25 Litre,2.0,,,,everyday,1.25 Litre,$1.60 per litre,Coles Ice Tea 1.25 Litre | $1.60 per litre,95.96,False,,https://caau.syd1.cdn.digitaloceanspaces.com/wp-content/uploads/catalogue/coles/coles-catalogue-october-8-14-2025-vic-metro/10.jpg,https://www.catalogueau.com/coles/#catalogue=coles/coles-catalogue-october-8-14-2025-vic-metro/,displayed_price,displayed_price;unit_price,2,verified
Coles,VIC METRO,"Coles Catalogue October 8 - 14, 2025 VIC METRO",2025-10-08,2025-10-15,10,Coles Fruit Drink 6x250mL,3.71,,,,everyday,6x250mL,$2.47 per litre,Coles Fruit Drink 6x250mL | $2.47 per litre | VIC-METRO-081 0-25-499600,93.73,True,single_price_evidence,https://caau.syd1.cdn.digitaloceanspaces.com/wp-content/uploads/catalogue/coles/coles-catalogue-october-8-14-2025-vic-metro/10.jpg,https://www.catalogueau.com/coles/#catalogue=coles/coles-catalogue-october-8-14-2025-vic-metro/,unit_price,unit_price,1,review
Coles,VIC METRO,"Coles Catalogue October 8 - 14, 2025 VIC METRO",2025-10-08,2025-10-15,11,onde def,4.0,,,,special,,,"onde | def, | pull of 0% | tL of goodness | Fullo | WHOLE!",76.46,True,offer_labels_missing;save_amount_missing;regular_price_missing;low_name_confidence_strict;single_price_evidence,https://caau.syd1.cdn.digitaloceanspaces.com/wp-content/uploads/catalogue/coles/coles-catalogue-october-8-14-2025-vic-metro/11.jpg,https://www.catalogueau.com/coles/#catalogue=coles/coles-catalogue-october-8-14-2025-vic-metro/,displayed_price,displayed_price,1,review
Coles,VIC METRO,"Coles Catalogue October 8 - 14, 2025 VIC METRO",2025-10-08,2025-10-15,11,Coles Fruit in Syrup 4 Pack 480g,2.2,,,,special,4 Pack; 480g,$4.58 per kg,Coles Fruit in Syrup 4 Pack 480g | $4.58 per kg | My | Kipling | q | Fit,95.8,True,single_price_evidence,https://caau.syd1.cdn.digitaloceanspaces.com/wp-content/uploads/catalogue/coles/coles-catalogue-october-8-14-2025-vic-metro/11.jpg,https://www.catalogueau.com/coles/#catalogue=coles/coles-catalogue-october-8-14-2025-vic-metro/,unit_price,unit_price,1,review
Coles,VIC METRO,"Coles Catalogue October 8 - 14, 2025 VIC METRO",2025-10-08,2025-10-15,11,Healtheries Potato Stix 6 Pack 120g,4.0,,,,special,6 Pack; 120g,$3.33 per 100g,Healtheries Potato Stix 6 Pack | 120g $3.33 per 100g | Sy oe,95.43,False,,https://caau.syd1.cdn.digitaloceanspaces.com/wp-content/uploads/catalogue/coles/coles-catalogue-october-8-14-2025-vic-metro/11.jpg,https://www.catalogueau.com/coles/#catalogue=coles/coles-catalogue-october-8-14-2025-vic-metro/,displayed_price,displayed_price;unit_price,2,verified
Coles,VIC METRO,"Coles Catalogue October 8 - 14, 2025 VIC METRO",2025-10-08,2025-10-15,11,Mr Kipling Cakes or Slices 150g-165g,3.6,,,,special,150g; 165g,,Mr Kipling Cakes or Slices | 150g-165g | Ss | — | so,93.94,True,offer_labels_missing;save_amount_missing;regular_price_missing;single_price_evidence,https://caau.syd1.cdn.digitaloceanspaces.com/wp-content/uploads/catalogue/coles/coles-catalogue-october-8-14-2025-vic-metro/11.jpg,https://www.catalogueau.com/coles/#catalogue=coles/coles-catalogue-october-8-14-2025-vic-metro/,displayed_price,displayed_price,1,review
Coles,VIC METRO,"Coles Catalogue October 8 - 14, 2025 VIC METRO",2025-10-08,2025-10-15,11,Golden Circle Tetra Fruit Drink 6x250mL,70.0,,,,special,6x250mL,$2.50 per litre,Golden Circle Tetra Fruit Drink | 6x250mL $2.50 per litre | RNOTT: | ARN,95.02,True,offer_labels_missing;save_amount_missing;regular_price_missing;unit_price_conflict;single_price_evidence,https://caau.syd1.cdn.digitaloceanspaces.com/wp-content/uploads/catalogue/coles/coles-catalogue-october-8-14-2025-vic-metro/11.jpg,https://www.catalogueau.com/coles/#catalogue=coles/coles-catalogue-october-8-14-2025-vic-metro/,displayed_price,displayed_price,1,review
Coles,VIC METRO,"Coles Catalogue October 8 - 14, 2025 VIC METRO",2025-10-08,2025-10-15,11,Arnott's Shapes Crackers 130g-190g,3.0,,,,special,130g; 190g,,Arnott's Shapes | Crackers 130g-190g,79.0,True,offer_labels_missing;save_amount_missing;regular_price_missing;low_name_confidence_strict;single_price_evidence,https://caau.syd1.cdn.digitaloceanspaces.com/wp-content/uploads/catalogue/coles/coles-catalogue-october-8-14-2025-vic-metro/11.jpg,https://www.catalogueau.com/coles/#catalogue=coles/coles-catalogue-october-8-14-2025-vic-metro/,displayed_price,displayed_price,1,review
Coles,VIC METRO,"Coles Catalogue October 8 - 14, 2025 VIC METRO",2025-10-08,2025-10-15,11,Arnott's Malt 'O' Milk or Choc Ripple Biscuits per 100g. 250g,2.5,,,,special,100g; 250g,$1.00 per 100g,Arnott's Malt 'O' Milk or | Choc Ripple Biscuits | per 100g. | 250g $1.00 | 250g $1.00 per 100g. | 2nd week on sale,79.0,True,low_name_confidence_strict,https://caau.syd1.cdn.digitaloceanspaces.com/wp-content/uploads/catalogue/coles/coles-catalogue-october-8-14-2025-vic-metro/11.jpg,https://www.catalogueau.com/coles/#catalogue=coles/coles-catalogue-october-8-14-2025-vic-metro/,displayed_price,displayed_price;unit_price,2,review
Coles,VIC METRO,"Coles Catalogue October 8 - 14, 2025 VIC METRO",2025-10-08,2025-10-15,11,Arnott's Creams or Tina Wafer Biscuits 200g-250g,6.0,,,,special,200g; 250g,,Arnott's Creams or | Tina Wafer Biscuits | 200g-250g | 11,92.13,True,offer_labels_missing;save_amount_missing;regular_price_missing;single_price_evidence,https://caau.syd1.cdn.digitaloceanspaces.com/wp-content/uploads/catalogue/coles/coles-catalogue-october-8-14-2025-vic-metro/11.jpg,https://www.catalogueau.com/coles/#catalogue=coles/coles-catalogue-october-8-14-2025-vic-metro/,displayed_price,displayed_price,1,review
Coles,VIC METRO,"Coles Catalogue October 8 - 14, 2025 VIC METRO",2025-10-08,2025-10-15,11,Arnott's Savoy Crackers or Salada Crispbread 225g-250g,6.0,,,,special,225g; 250g,,Arnott's Savoy Crackers | or Salada Crispbread | 225g-250g,79.0,True,offer_labels_missing;save_amount_missing;regular_price_missing;low_name_confidence_strict;single_price_evidence,https://caau.syd1.cdn.digitaloceanspaces.com/wp-content/uploads/catalogue/coles/coles-catalogue-october-8-14-2025-vic-metro/11.jpg,https://www.catalogueau.com/coles/#catalogue=coles/coles-catalogue-october-8-14-2025-vic-metro/,displayed_price,displayed_price,1,review
Coles,VIC METRO,"Coles Catalogue October 8 - 14, 2025 VIC METRO",2025-10-08,2025-10-15,12,Chobani Greek or No Sugar Added Yogurt 150g-160g,2.15,,,,special,150g; 160g,,Chobani Greek or No Sugar | Added Yogurt 150g-160g,94.37,True,offer_labels_missing;save_amount_missing;regular_price_missing;single_price_evidence,https://caau.syd1.cdn.digitaloceanspaces.com/wp-content/uploads/catalogue/coles/coles-catalogue-october-8-14-2025-vic-metro/12.jpg,https://www.catalogueau.com/coles/#catalogue=coles/coles-catalogue-october-8-14-2025-vic-metro/,displayed_price,displayed_price,1,review
Coles,VIC METRO,"Coles Catalogue October 8 - 14, 2025 VIC METRO",2025-10-08,2025-10-15,12,Chobani Fit Protein Greek Yogurt 160g,2.4,,,,special,160g,$1.50 per 100g,Chobani Fit Protein Greek Yogurt | 160g $1.50 per 100g,95.41,False,,https://caau.syd1.cdn.digitaloceanspaces.com/wp-content/uploads/catalogue/coles/coles-catalogue-october-8-14-2025-vic-metro/12.jpg,https://www.catalogueau.com/coles/#catalogue=coles/coles-catalogue-october-8-14-2025-vic-metro/,displayed_price,displayed_price;unit_price,2,verified
Coles,VIC METRO,"Coles Catalogue October 8 - 14, 2025 VIC METRO",2025-10-08,2025-10-15,12,Farmers Union Greek Style Yogurt Pouch 130g,2.0,,,,special,130g,$1.54 per 100g,Farmers Union Greek Style Yogurt | Pouch 130g $1.54 per 100g | S273,96.52,False,,https://caau.syd1.cdn.digitaloceanspaces.com/wp-content/uploads/catalogue/coles/coles-catalogue-october-8-14-2025-vic-metro/12.jpg,https://www.catalogueau.com/coles/#catalogue=coles/coles-catalogue-october-8-14-2025-vic-metro/,displayed_price,displayed_price;unit_price,2,verified
Coles,VIC METRO,"Coles Catalogue October 8 - 14, 2025 VIC METRO",2025-10-08,2025-10-15,12,Yoplait Petit Miam Yoghurt Pouch 70g,0.8,,,,special,70g,$1.14 per 100g,Yoplait Petit Miam Yoghurt Pouch | 70g $1.14 per 100g,94.9,True,single_price_evidence,https://caau.syd1.cdn.digitaloceanspaces.com/wp-content/uploads/catalogue/coles/coles-catalogue-october-8-14-2025-vic-metro/12.jpg,https://www.catalogueau.com/coles/#catalogue=coles/coles-catalogue-october-8-14-2025-vic-metro/,unit_price,unit_price,1,review
Coles,VIC METRO,"Coles Catalogue October 8 - 14, 2025 VIC METRO",2025-10-08,2025-10-15,12,Western Star Spreadable Blend 375g,4.8,,,,special,375g,$1.28 per 100g,Western Star Spreadable Blend | 375g $1.28 per 100g | aD,95.32,True,single_price_evidence,https://caau.syd1.cdn.digitaloceanspaces.com/wp-content/uploads/catalogue/coles/coles-catalogue-october-8-14-2025-vic-metro/12.jpg,https://www.catalogueau.com/coles/#catalogue=coles/coles-catalogue-october-8-14-2025-vic-metro/,unit_price,unit_price,1,review
Coles,VIC METRO,"Coles Catalogue October 8 - 14, 2025 VIC METRO",2025-10-08,2025-10-15,12,"Bega Cheese Block, Slices or Shredded 250g",6.0,,,,special,250g,$24.00 per kg,"Bega Cheese Block, Slices or | Shredded 250g $24.00 per kg | 2nd week on sale | 12",96.27,False,,https://caau.syd1.cdn.digitaloceanspaces.com/wp-content/uploads/catalogue/coles/coles-catalogue-october-8-14-2025-vic-metro/12.jpg,https://www.catalogueau.com/coles/#catalogue=coles/coles-catalogue-october-8-14-2025-vic-metro/,displayed_price,displayed_price;unit_price,2,verified
Coles,VIC METRO,"Coles Catalogue October 8 - 14, 2025 VIC METRO",2025-10-08,2025-10-15,12,Bega Cheese Lactose Free Slices or Grated 250g,6.0,,,,special,250g,$24.00 per kg,Bega Cheese Lactose Free | Slices or Grated 250g | $24.00 per kg | VIC-METRO-081 0-25-499600,96.5,False,,https://caau.syd1.cdn.digitaloceanspaces.com/wp-content/uploads/catalogue/coles/coles-catalogue-october-8-14-2025-vic-metro/12.jpg,https://www.catalogueau.com/coles/#catalogue=coles/coles-catalogue-october-8-14-2025-vic-metro/,displayed_price,displayed_price;unit_price,2,verified
Coles,VIC METRO,"Coles Catalogue October 8 - 14, 2025 VIC METRO",2025-10-08,2025-10-15,12,Primo Stackers 459-57g,3.0,,,,special,57g,,Primo Stackers 459-57g,78.25,True,offer_labels_missing;save_amount_missing;regular_price_missing;low_name_confidence_strict;single_price_evidence,https://caau.syd1.cdn.digitaloceanspaces.com/wp-content/uploads/catalogue/coles/coles-catalogue-october-8-14-2025-vic-metro/12.jpg,https://www.catalogueau.com/coles/#catalogue=coles/coles-catalogue-october-8-14-2025-vic-metro/,displayed_price,displayed_price,1,review
Coles,VIC METRO,"Coles Catalogue October 8 - 14, 2025 VIC METRO",2025-10-08,2025-10-15,13,Pilot Frixion Ballpen 2 Pack 2nd week,5.5,74.0,68.5,92.57,save_amount,2 Pack,,SAVE‘1.90 | WASS74\ | Pilot Frixion Ballpen 2 Pack | 2nd week on sale,95.72,True,single_price_evidence,https://caau.syd1.cdn.digitaloceanspaces.com/wp-content/uploads/catalogue/coles/coles-catalogue-october-8-14-2025-vic-metro/13.jpg,https://www.catalogueau.com/coles/#catalogue=coles/coles-catalogue-october-8-14-2025-vic-metro/,displayed_price,displayed_price,1,review
Coles,VIC METRO,"Coles Catalogue October 8 - 14, 2025 VIC METRO",2025-10-08,2025-10-15,13,Faber Castell Connector Pens 20 Pack,6.0,8.8,2.8,31.82,save_amount,20 Pack,,"SAVES2,80 | Faber Castell Connector Pens | 20 Pack | ick | 32 6B",79.0,True,low_name_confidence_strict;single_price_evidence,https://caau.syd1.cdn.digitaloceanspaces.com/wp-content/uploads/catalogue/coles/coles-catalogue-october-8-14-2025-vic-metro/13.jpg,https://www.catalogueau.com/coles/#catalogue=coles/coles-catalogue-october-8-14-2025-vic-metro/,displayed_price,displayed_price,1,review
Coles,VIC METRO,"Coles Catalogue October 8 - 14, 2025 VIC METRO",2025-10-08,2025-10-15,13,Spirax A4 Notebook 120 Pages 1 Each 2nd week,3.0,4.0,1.0,25.0,save_amount,,,SAVE*1 | WASS4 | Spirax A4 Notebook 120 Pages | 1 Each 2nd week on sale | gsypt | Sh | [,95.78,False,,https://caau.syd1.cdn.digitaloceanspaces.com/wp-content/uploads/catalogue/coles/coles-catalogue-october-8-14-2025-vic-metro/13.jpg,https://www.catalogueau.com/coles/#catalogue=coles/coles-catalogue-october-8-14-2025-vic-metro/,save_was_arithmetic,displayed_price;save_was_arithmetic,2,verified
Coles,VIC METRO,"Coles Catalogue October 8 - 14, 2025 VIC METRO",2025-10-08,2025-10-15,13,Sharpie Permanent Bullet Tip Markers 2 Pack,4.5,6.5,2.0,30.77,save_amount,2 Pack,,SAVE52 | WAS$6.50 | Sharpie Permanent | Bullet Tip Markers 2 Pack | On sale for 2 weeks,96.53,True,single_price_evidence,https://caau.syd1.cdn.digitaloceanspaces.com/wp-content/uploads/catalogue/coles/coles-catalogue-october-8-14-2025-vic-metro/13.jpg,https://www.catalogueau.com/coles/#catalogue=coles/coles-catalogue-october-8-14-2025-vic-metro/,unknown,,0,review
Coles,VIC METRO,"Coles Catalogue October 8 - 14, 2025 VIC METRO",2025-10-08,2025-10-15,13,Dynabook USB 3.0 32GB 1 Each 2nd week,15.0,19.0,4.0,21.05,save_amount,,,SAVES4 | WASS19 | Dynabook USB 3.0 32GB | 1 Each 2nd week on sale | —,95.38,False,,https://caau.syd1.cdn.digitaloceanspaces.com/wp-content/uploads/catalogue/coles/coles-catalogue-october-8-14-2025-vic-metro/13.jpg,https://www.catalogueau.com/coles/#catalogue=coles/coles-catalogue-october-8-14-2025-vic-metro/,save_was_arithmetic,displayed_price;save_was_arithmetic,2,verified
Coles,VIC METRO,"Coles Catalogue October 8 - 14, 2025 VIC METRO",2025-10-08,2025-10-15,13,Elmers School Glue 225mL,90.0,92.1,2.1,2.28,save_amount,225mL,,SAVES2.10 | Elmers School Glue 225mL | On sale for 2 weeks,94.84,True,single_price_evidence,https://caau.syd1.cdn.digitaloceanspaces.com/wp-content/uploads/catalogue/coles/coles-catalogue-october-8-14-2025-vic-metro/13.jpg,https://www.catalogueau.com/coles/#catalogue=coles/coles-catalogue-october-8-14-2025-vic-metro/,displayed_price,displayed_price,1,review
Coles,VIC METRO,"Coles Catalogue October 8 - 14, 2025 VIC METRO",2025-10-08,2025-10-15,13,NRG USB-A to Lightning Cable White 1.2 Metre,11.5,17.0,5.5,32.35,save_amount,,,SAVE55.50 | WASS17 | NRG USB-A to Lightning Cable | White 1.2 Metre | = | = | » | =,95.25,True,single_price_evidence,https://caau.syd1.cdn.digitaloceanspaces.com/wp-content/uploads/catalogue/coles/coles-catalogue-october-8-14-2025-vic-metro/13.jpg,https://www.catalogueau.com/coles/#catalogue=coles/coles-catalogue-october-8-14-2025-vic-metro/,unknown,,0,review
Coles,VIC METRO,"Coles Catalogue October 8 - 14, 2025 VIC METRO",2025-10-08,2025-10-15,13,Sport Socks Size 5-10 5 Pack or Men's Low Cut Sports Socks Size 6-10 5 Pack,7.0,,,,special,5 Pack,,"Sport Socks Size 5-10 5 Pack | or Men's Low Cut Sports Socks | Size 6-10 5 Pack | $50 or $100 Ultimate Her, Ultimate",96.36,True,offer_labels_missing;save_amount_missing;regular_price_missing;inferred_price_requires_review,https://caau.syd1.cdn.digitaloceanspaces.com/wp-content/uploads/catalogue/coles/coles-catalogue-october-8-14-2025-vic-metro/13.jpg,https://www.catalogueau.com/coles/#catalogue=coles/coles-catalogue-october-8-14-2025-vic-metro/,displayed_price,displayed_price;grid_inference,1,review
Coles,VIC METRO,"Coles Catalogue October 8 - 14, 2025 VIC METRO",2025-10-08,2025-10-15,13,Mix Women's Quarter Crew Sport Socks Size 5-10 5 Pack,7.0,,,,special,5 Pack,,Mix Women's Quarter Crew | Sport Socks Size 5-10 5 Pack | or Men's Low Cut Sports Socks | Size 6-10 5 Pack,96.25,True,offer_labels_missing;save_amount_missing;regular_price_missing;single_price_evidence,https://caau.syd1.cdn.digitaloceanspaces.com/wp-content/uploads/catalogue/coles/coles-catalogue-october-8-14-2025-vic-metro/13.jpg,https://www.catalogueau.com/coles/#catalogue=coles/coles-catalogue-october-8-14-2025-vic-metro/,displayed_price,displayed_price,1,review
Coles,VIC METRO,"Coles Catalogue October 8 - 14, 2025 VIC METRO",2025-10-08,2025-10-15,15,McCain Beer Batter Chips 750g,4.6,5.8,1.2,20.69,save_amount,750g,$6.13 per kg,SAVE51.20 | WASS$5.80 | McCain Beer Batter Chips | 750g $6.13 per kg | = | eCatn,79.0,True,low_name_confidence_strict;single_price_evidence,https://caau.syd1.cdn.digitaloceanspaces.com/wp-content/uploads/catalogue/coles/coles-catalogue-october-8-14-2025-vic-metro/15.jpg,https://www.catalogueau.com/coles/#catalogue=coles/coles-catalogue-october-8-14-2025-vic-metro/,unit_price,unit_price,1,review
Coles,VIC METRO,"Coles Catalogue October 8 - 14, 2025 VIC METRO",2025-10-08,2025-10-15,15,Heinz Seriously Good Aioli or Mayonnaise 500mL,5.0,7.0,2.0,28.57,save_amount,500mL,$1.00 per 100mL,SAVE 52 | ‘WAS$7 | Heinz Seriously Good Aioli | or Mayonnaise 500mL | $1.00 per 100mL,94.26,False,,https://caau.syd1.cdn.digitaloceanspaces.com/wp-content/uploads/catalogue/coles/coles-catalogue-october-8-14-2025-vic-metro/15.jpg,https://www.catalogueau.com/coles/#catalogue=coles/coles-catalogue-october-8-14-2025-vic-metro/,save_was_arithmetic,displayed_price;save_was_arithmetic;unit_price,3,verified
Coles,VIC METRO,"Coles Catalogue October 8 - 14, 2025 VIC METRO",2025-10-08,2025-10-15,15,McCain Family Pizza 490g-500g,6.8,58.5,51.7,88.38,save_amount,490g; 500g,,SAVE51.70 | McCain Family Pizza | 490g-500g,79.0,True,low_name_confidence_strict;single_price_evidence,https://caau.syd1.cdn.digitaloceanspaces.com/wp-content/uploads/catalogue/coles/coles-catalogue-october-8-14-2025-vic-metro/15.jpg,https://www.catalogueau.com/coles/#catalogue=coles/coles-catalogue-october-8-14-2025-vic-metro/,displayed_price,displayed_price,1,review
Coles,VIC METRO,"Coles Catalogue October 8 - 14, 2025 VIC METRO",2025-10-08,2025-10-15,15,McCain Pizza Slices 2 Pack 600g,7.2,9.0,1.8,20.0,save_amount,2 Pack; 600g,$1.20 per 100g,SAVE ‘1.80 | WASS9 | McCain Pizza Slices 2 Pack 600g | $1.20 per 100g. 2nd week on sale | glassae eect | Bonus,96.48,False,,https://caau.syd1.cdn.digitaloceanspaces.com/wp-content/uploads/catalogue/coles/coles-catalogue-october-8-14-2025-vic-metro/15.jpg,https://www.catalogueau.com/coles/#catalogue=coles/coles-catalogue-october-8-14-2025-vic-metro/,save_was_arithmetic,displayed_price;save_was_arithmetic;unit_price,3,verified
Coles,VIC METRO,"Coles Catalogue October 8 - 14, 2025 VIC METRO",2025-10-08,2025-10-15,15,Nescafé Blend 43 500g,22.0,32.0,10.0,31.25,save_amount,500g,$4.40 per 100g,SAVES10 | WAS$32 | Nescafé Blend 43 500g | $4.40 per 100g | — | SCHOTT | TMIESEL,95.17,False,,https://caau.syd1.cdn.digitaloceanspaces.com/wp-content/uploads/catalogue/coles/coles-catalogue-october-8-14-2025-vic-metro/15.jpg,https://www.catalogueau.com/coles/#catalogue=coles/coles-catalogue-october-8-14-2025-vic-metro/,save_was_arithmetic,displayed_price;save_was_arithmetic;unit_price,3,verified
Coles,VIC METRO,"Coles Catalogue October 8 - 14, 2025 VIC METRO",2025-10-08,2025-10-15,15,Pickers Entertaining Snacks 230g-350g,10.0,15.0,5.0,33.33,save_amount,230g; 350g,,"SAVE ‘5 | Pickers Entertaining Snacks | 230g-350g | Spend $20 in one transaction, scan your Flybuys and receive one bonus",94.39,True,single_price_evidence,https://caau.syd1.cdn.digitaloceanspaces.com/wp-content/uploads/catalogue/coles/coles-catalogue-october-8-14-2025-vic-metro/15.jpg,https://www.catalogueau.com/coles/#catalogue=coles/coles-catalogue-october-8-14-2025-vic-metro/,displayed_price,displayed_price,1,review
Coles,VIC METRO,"Coles Catalogue October 8 - 14, 2025 VIC METRO",2025-10-08,2025-10-15,15,Coles Finest 70% Cocoa or 85% Cocoa Block Chocolate 100g,4.0,,,,special,100g,$4.00 per 100g,Coles Finest 70% Cocoa or | 85% Cocoa Block Chocolate 100g | $4.00 per 100g,95.87,True,offer_labels_missing;save_amount_missing;regular_price_missing,https://caau.syd1.cdn.digitaloceanspaces.com/wp-content/uploads/catalogue/coles/coles-catalogue-october-8-14-2025-vic-metro/15.jpg,https://www.catalogueau.com/coles/#catalogue=coles/coles-catalogue-october-8-14-2025-vic-metro/,displayed_price,displayed_price;grid_inference;unit_price,2,review
Coles,VIC METRO,"Coles Catalogue October 8 - 14, 2025 VIC METRO",2025-10-08,2025-10-15,16,Coles Australian Green Asparagus Bunch,1.5,,,,special,,$1.50 per each,Coles Australian Green Asparagus Bunch | $1.50 per each,96.39,True,single_price_evidence,https://caau.syd1.cdn.digitaloceanspaces.com/wp-content/uploads/catalogue/coles/coles-catalogue-october-8-14-2025-vic-metro/16.jpg,https://www.catalogueau.com/coles/#catalogue=coles/coles-catalogue-october-8-14-2025-vic-metro/,unit_price,unit_price,1,review
Coles,VIC METRO,"Coles Catalogue October 8 - 14, 2025 VIC METRO",2025-10-08,2025-10-15,16,Coles Australian Continental Cucumber,1.7,,,,special,,$1.70 per each,Coles Australian Continental Cucumber | $1.70 per each | VIC-METRO-081 0-25-499600,96.4,False,,https://caau.syd1.cdn.digitaloceanspaces.com/wp-content/uploads/catalogue/coles/coles-catalogue-october-8-14-2025-vic-metro/16.jpg,https://www.catalogueau.com/coles/#catalogue=coles/coles-catalogue-october-8-14-2025-vic-metro/,displayed_price,displayed_price;unit_price,2,verified
Coles,VIC METRO,"Coles Catalogue October 8 - 14, 2025 VIC METRO",2025-10-08,2025-10-15,16,Australian Iceberg Lettuce,2.9,,,,special,,$2.90 per each,Australian Iceberg Lettuce | $2.90 per each,95.35,True,single_price_evidence,https://caau.syd1.cdn.digitaloceanspaces.com/wp-content/uploads/catalogue/coles/coles-catalogue-october-8-14-2025-vic-metro/16.jpg,https://www.catalogueau.com/coles/#catalogue=coles/coles-catalogue-october-8-14-2025-vic-metro/,unit_price,unit_price,1,review
Coles,VIC METRO,"Coles Catalogue October 8 - 14, 2025 VIC METRO",2025-10-08,2025-10-15,17,"Coles Dry Roasted, Honey, Natural or Roasted & Salted Cashews 400g Pack",9.0,10.0,1.0,10.0,save_amount,400g,$22.50 per kg,"WASS10 | WASS10 | Coles Dry Roasted, Honey, Natural | or Roasted & Salted Cashews | 400g Pack $22.50 per kg | iy” | = | A",95.91,False,,https://caau.syd1.cdn.digitaloceanspaces.com/wp-content/uploads/catalogue/coles/coles-catalogue-october-8-14-2025-vic-metro/17.jpg,https://www.catalogueau.com/coles/#catalogue=coles/coles-catalogue-october-8-14-2025-vic-metro/,displayed_price,displayed_price;unit_price,2,verified
Coles,VIC METRO,"Coles Catalogue October 8 - 14, 2025 VIC METRO",2025-10-08,2025-10-15,17,Coles Australian Brown Onions Tkg Bag,2.5,,,,special,,$2.50 per kg,Coles Australian Brown Onions | Tkg Bag $2.50 per kg | 4 | = | & A,95.44,True,offer_labels_missing;save_amount_missing;regular_price_missing;single_price_evidence,https://caau.syd1.cdn.digitaloceanspaces.com/wp-content/uploads/catalogue/coles/coles-catalogue-october-8-14-2025-vic-metro/17.jpg,https://www.catalogueau.com/coles/#catalogue=coles/coles-catalogue-october-8-14-2025-vic-metro/,displayed_price,displayed_price,1,review
Coles,VIC METRO,"Coles Catalogue October 8 - 14, 2025 VIC METRO",2025-10-08,2025-10-15,17,Coles Australian Baby Broccoli Bunch,2.7,,,,special,,$2.70 per each,Coles Australian Baby Broccoli | Bunch $2.70 per each | 4 | },96.23,False,,https://caau.syd1.cdn.digitaloceanspaces.com/wp-content/uploads/catalogue/coles/coles-catalogue-october-8-14-2025-vic-metro/17.jpg,https://www.catalogueau.com/coles/#catalogue=coles/coles-catalogue-october-8-14-2025-vic-metro/,displayed_price,displayed_price;unit_price,2,verified
Coles,VIC METRO,"Coles Catalogue October 8 - 14, 2025 VIC METRO",2025-10-08,2025-10-15,17,Australian Eureka Blueberries 200g Punnet,5.0,,,,special,200g,$25.00 per kg,"Australian Eureka Blueberries | 200g Punnet $25.00 per kg. | All proceeds will be distributed to | Redkite. Maximum donation of $100,000. | Campaign from 1/10/25 to 28/10/25.",95.11,False,,https://caau.syd1.cdn.digitaloceanspaces.com/wp-content/uploads/catalogue/coles/coles-catalogue-october-8-14-2025-vic-metro/17.jpg,https://www.catalogueau.com/coles/#catalogue=coles/coles-catalogue-october-8-14-2025-vic-metro/,displayed_price,displayed_price;unit_price,2,verified
Coles,VIC METRO,"Coles Catalogue October 8 - 14, 2025 VIC METRO",2025-10-08,2025-10-15,17,Australian Kanzi Apples,6.9,,,,special,,$6.90 per kg,Australian Kanzi Apples | $6.90 per kg | a,93.89,True,offer_labels_missing;save_amount_missing;regular_price_missing;single_price_evidence,https://caau.syd1.cdn.digitaloceanspaces.com/wp-content/uploads/catalogue/coles/coles-catalogue-october-8-14-2025-vic-metro/17.jpg,https://www.catalogueau.com/coles/#catalogue=coles/coles-catalogue-october-8-14-2025-vic-metro/,displayed_price,displayed_price,1,review
Coles,VIC METRO,"Coles Catalogue October 8 - 14, 2025 VIC METRO",2025-10-08,2025-10-15,18,Don Deli Cuts 80g-100g mT /,2.15,4.3,2.15,50.0,half_price,80g; 100g,,SAVES2.15 | WAS $4.30 | Don Deli Cuts 80g-100g | mT / | $220 | PER,47.1,True,low_ocr_confidence;low_name_confidence_strict;product_name_suspicious,https://caau.syd1.cdn.digitaloceanspaces.com/wp-content/uploads/catalogue/coles/coles-catalogue-october-8-14-2025-vic-metro/18.jpg,https://www.catalogueau.com/coles/#catalogue=coles/coles-catalogue-october-8-14-2025-vic-metro/,save_was_arithmetic,displayed_price;save_was_arithmetic,2,review
Coles,VIC METRO,"Coles Catalogue October 8 - 14, 2025 VIC METRO",2025-10-08,2025-10-15,18,Primo Bacon 175g-250g,5.5,6.8,1.3,19.12,save_amount,175g; 250g,,SAVE*1.30 | WAS$6.80 | Primo Bacon 175g-250g | $220 | PER | 100g | >—,91.87,False,,https://caau.syd1.cdn.digitaloceanspaces.com/wp-content/uploads/catalogue/coles/coles-catalogue-october-8-14-2025-vic-metro/18.jpg,https://www.catalogueau.com/coles/#catalogue=coles/coles-catalogue-october-8-14-2025-vic-metro/,save_was_arithmetic,displayed_price;save_was_arithmetic,2,verified
Coles,VIC METRO,"Coles Catalogue October 8 - 14, 2025 VIC METRO",2025-10-08,2025-10-15,18,Primo Hickory Smoked Rindless Middle Bacon,22.5,27.0,4.5,16.67,save_amount,,$22.50 per kg,SAVES4.50ig | Primo Hickory Smoked Rindless | Middle Bacon $22.50 per kg. | Selected stores only* | rernann,95.15,True,single_price_evidence,https://caau.syd1.cdn.digitaloceanspaces.com/wp-content/uploads/catalogue/coles/coles-catalogue-october-8-14-2025-vic-metro/18.jpg,https://www.catalogueau.com/coles/#catalogue=coles/coles-catalogue-october-8-14-2025-vic-metro/,displayed_price,displayed_price,1,review
Coles,VIC METRO,"Coles Catalogue October 8 - 14, 2025 VIC METRO",2025-10-08,2025-10-15,18,Hans Twiggy Sticks,22.0,26.0,4.0,15.38,save_amount,,$22.00 per kg,SAVE ST4kg | Hans Twiggy Sticks | $22.00 per kg. Selected stores | only*. On sale for 2 weeks.,96.29,True,single_price_evidence,https://caau.syd1.cdn.digitaloceanspaces.com/wp-content/uploads/catalogue/coles/coles-catalogue-october-8-14-2025-vic-metro/18.jpg,https://www.catalogueau.com/coles/#catalogue=coles/coles-catalogue-october-8-14-2025-vic-metro/,displayed_price,displayed_price,1,review
Coles,VIC METRO,"Coles Catalogue October 8 - 14, 2025 VIC METRO",2025-10-08,2025-10-15,18,Coles Tasmanian Salmon Portions Skin Off 4 Pack 460g,19.0,21.5,2.5,11.63,save_amount,4 Pack; 460g,$41.30 per kg,WAS $21.50 | WAS $21.50 | AUG 2025 | Coles Tasmanian Salmon Portions | Skin Off 4 Pack 460g $41.30 per kg | From the Meat department,96.36,False,,https://caau.syd1.cdn.digitaloceanspaces.com/wp-content/uploads/catalogue/coles/coles-catalogue-october-8-14-2025-vic-metro/18.jpg,https://www.catalogueau.com/coles/#catalogue=coles/coles-catalogue-october-8-14-2025-vic-metro/,displayed_price,displayed_price;unit_price,2,verified
Coles,VIC METRO,"Coles Catalogue October 8 - 14, 2025 VIC METRO",2025-10-08,2025-10-15,18,Coles Thawed Basa Fillets,9.0,,,,special,,$9.00 per kg,WASSIlig | WASSIlig | Coles Thawed Basa Fillets | $9.00 per kg. Selected stores | only*. 2nd week on sale,96.26,True,save_amount_missing;regular_price_missing;single_price_evidence,https://caau.syd1.cdn.digitaloceanspaces.com/wp-content/uploads/catalogue/coles/coles-catalogue-october-8-14-2025-vic-metro/18.jpg,https://www.catalogueau.com/coles/#catalogue=coles/coles-catalogue-october-8-14-2025-vic-metro/,displayed_price,displayed_price,1,review
Coles,VIC METRO,"Coles Catalogue October 8 - 14, 2025 VIC METRO",2025-10-08,2025-10-15,18,Ocean Blue Smoked Salmon 180g,12.0,,,,down_down,180g,$66.67 per kg,SEP 2025 | Ocean Blue Smoked Salmon | 180g $66.67 per kg,96.64,False,,https://caau.syd1.cdn.digitaloceanspaces.com/wp-content/uploads/catalogue/coles/coles-catalogue-october-8-14-2025-vic-metro/18.jpg,https://www.catalogueau.com/coles/#catalogue=coles/coles-catalogue-october-8-14-2025-vic-metro/,displayed_price,displayed_price;unit_price,2,verified
Coles,VIC METRO,"Coles Catalogue October 8 - 14, 2025 VIC METRO",2025-10-08,2025-10-15,18,Coles Hot Roast RSPCA Approved Chicken,12.5,,,,special,,$12.50 per each,Coles Hot Roast RSPCA Approved Chicken | $12.50 per each. Selected stores only* | VIC-METRO-081 0-25-499600,96.5,False,,https://caau.syd1.cdn.digitaloceanspaces.com/wp-content/uploads/catalogue/coles/coles-catalogue-october-8-14-2025-vic-metro/18.jpg,https://www.catalogueau.com/coles/#catalogue=coles/coles-catalogue-october-8-14-2025-vic-metro/,displayed_price,displayed_price;unit_price,2,verified
Coles,VIC METRO,"Coles Catalogue October 8 - 14, 2025 VIC METRO",2025-10-08,2025-10-15,19,Grill'd Signature Beef Burger 2 Pack 270g,7.0,8.0,1.0,12.5,save_amount,2 Pack; 270g,$25.93 per kg,WASS8 | WASS8 | Grill'd Signature Beef Burger | 2 Pack 270g $25.93 per kg,95.59,False,,https://caau.syd1.cdn.digitaloceanspaces.com/wp-content/uploads/catalogue/coles/coles-catalogue-october-8-14-2025-vic-metro/19.jpg,https://www.catalogueau.com/coles/#catalogue=coles/coles-catalogue-october-8-14-2025-vic-metro/,displayed_price,displayed_price;unit_price,2,verified
Coles,VIC METRO,"Coles Catalogue October 8 - 14, 2025 VIC METRO",2025-10-08,2025-10-15,19,Coles RSPCA Approved Chicken Kebabs with Honey & Soy 750g,10.0,11.5,1.5,13.04,save_amount,750g,$13.33 per kg,"WASS11.50 | WASS11.50 | Coles RSPCA Approved Chicken | Kebabs with Honey & Soy 750g | $13.33 per kg | BA | ———, | oe",96.1,False,,https://caau.syd1.cdn.digitaloceanspaces.com/wp-content/uploads/catalogue/coles/coles-catalogue-october-8-14-2025-vic-metro/19.jpg,https://www.catalogueau.com/coles/#catalogue=coles/coles-catalogue-october-8-14-2025-vic-metro/,displayed_price,displayed_price;unit_price,2,verified
Coles,VIC METRO,"Coles Catalogue October 8 - 14, 2025 VIC METRO",2025-10-08,2025-10-15,19,Coles Australian No Added Hormones GRAZE Grass Fed Beef Rump Steak 300g,10.0,12.5,2.5,20.0,save_amount,300g,$33.33 per kg,WASS12.50 | WASS12.50 | Coles Australian No Added | Hormones GRAZE Grass Fed Beef | Rump Steak 300g | $33.33 per kg | — | ‘,96.47,False,,https://caau.syd1.cdn.digitaloceanspaces.com/wp-content/uploads/catalogue/coles/coles-catalogue-october-8-14-2025-vic-metro/19.jpg,https://www.catalogueau.com/coles/#catalogue=coles/coles-catalogue-october-8-14-2025-vic-metro/,displayed_price,displayed_price;unit_price,2,verified
Coles,VIC METRO,"Coles Catalogue October 8 - 14, 2025 VIC METRO",2025-10-08,2025-10-15,19,Coles Australian Lamb Forequarter Chops,19.0,23.0,4.0,17.39,save_amount,,$19.00 per kg,WAS$ 23: | WAS$ 23: | Coles Australian Lamb | Forequarter Chops $19.00 per kg. | On sale for 2 weeks | s | a | 0,95.6,True,single_price_evidence,https://caau.syd1.cdn.digitaloceanspaces.com/wp-content/uploads/catalogue/coles/coles-catalogue-october-8-14-2025-vic-metro/19.jpg,https://www.catalogueau.com/coles/#catalogue=coles/coles-catalogue-october-8-14-2025-vic-metro/,displayed_price,displayed_price,1,review
Coles,VIC METRO,"Coles Catalogue October 8 - 14, 2025 VIC METRO",2025-10-08,2025-10-15,19,Coles Australian No Added Hormones Beef Porterhouse Steak 2 Pack 450g,16.0,19.0,3.0,15.79,save_amount,2 Pack; 450g,$35.56 per kg,WASS19 | WASS19 | Coles Australian No Added | Hormones Beef Porterhouse | Steak 2 Pack 450g $35.56 per kg | * | s | a,79.0,True,low_name_confidence_strict,https://caau.syd1.cdn.digitaloceanspaces.com/wp-content/uploads/catalogue/coles/coles-catalogue-october-8-14-2025-vic-metro/19.jpg,https://www.catalogueau.com/coles/#catalogue=coles/coles-catalogue-october-8-14-2025-vic-metro/,displayed_price,displayed_price;unit_price,2,review
Coles,VIC METRO,"Coles Catalogue October 8 - 14, 2025 VIC METRO",2025-10-08,2025-10-15,19,VIC-METRO-081 0-25-499600,16.0,19.0,3.0,15.79,save_amount,,,WAS $19kg | WAS $19kg | VIC-METRO-081 0-25-499600,89.91,True,single_price_evidence,https://caau.syd1.cdn.digitaloceanspaces.com/wp-content/uploads/catalogue/coles/coles-catalogue-october-8-14-2025-vic-metro/19.jpg,https://www.catalogueau.com/coles/#catalogue=coles/coles-catalogue-october-8-14-2025-vic-metro/,displayed_price,displayed_price,1,review
Coles,VIC METRO,"Coles Catalogue October 8 - 14, 2025 VIC METRO",2025-10-08,2025-10-15,19,Coles Classic Sausages 550g,5.0,,,,special,550g,$9.09 per kg,Coles Classic Sausages 550g | $9.09 per kg. On sale for 2 weeks,95.3,True,offer_labels_missing;save_amount_missing;regular_price_missing;inferred_price_requires_review,https://caau.syd1.cdn.digitaloceanspaces.com/wp-content/uploads/catalogue/coles/coles-catalogue-october-8-14-2025-vic-metro/19.jpg,https://www.catalogueau.com/coles/#catalogue=coles/coles-catalogue-october-8-14-2025-vic-metro/,unit_price,grid_inference;unit_price,1,review
Coles,VIC METRO,"Coles Catalogue October 8 - 14, 2025 VIC METRO",2025-10-08,2025-10-15,19,Coles Australian Pork Mince 3 Star Regular 500g,5.0,,,,down_down,500g,$10.00 per kg,Coles Australian Pork Mince | 3 Star Regular 500g | $10.00 per kg,96.64,False,,https://caau.syd1.cdn.digitaloceanspaces.com/wp-content/uploads/catalogue/coles/coles-catalogue-october-8-14-2025-vic-metro/19.jpg,https://www.catalogueau.com/coles/#catalogue=coles/coles-catalogue-october-8-14-2025-vic-metro/,displayed_price,displayed_price;unit_price,2,verified
Coles,VIC METRO,"Coles Catalogue October 8 - 14, 2025 VIC METRO",2025-10-08,2025-10-15,19,Coles RSPCA Approved Chicken Tenderloins 600g,9.5,,,,down_down,600g,$15.83 per kg,Coles RSPCA Approved | Chicken Tenderloins 600g | $15.83 per kg,94.96,False,,https://caau.syd1.cdn.digitaloceanspaces.com/wp-content/uploads/catalogue/coles/coles-catalogue-october-8-14-2025-vic-metro/19.jpg,https://www.catalogueau.com/coles/#catalogue=coles/coles-catalogue-october-8-14-2025-vic-metro/,displayed_price,displayed_price;unit_price,2,verified
Coles,VIC METRO,"Coles Catalogue October 8 - 14, 2025 VIC METRO",2025-10-08,2025-10-15,19,Coles Australian Lamb Butterflied Leg with Rosemary,18.0,,,,down_down,,$18.00 per kg,Coles Australian Lamb | Butterflied Leg with Rosemary | & Garlic $18.00 per kg,95.56,True,save_amount_missing;regular_price_missing;single_price_evidence,https://caau.syd1.cdn.digitaloceanspaces.com/wp-content/uploads/catalogue/coles/coles-catalogue-october-8-14-2025-vic-metro/19.jpg,https://www.catalogueau.com/coles/#catalogue=coles/coles-catalogue-october-8-14-2025-vic-metro/,displayed_price,displayed_price,1,review
Coles,VIC METRO,"Coles Catalogue October 8 - 14, 2025 VIC METRO",2025-10-08,2025-10-15,20,Coles Bakery Pizza Rolls 2 Pack,3.0,415.0,412.0,99.28,save_amount,2 Pack,$1.50 per each,SAVES1.15 | WASS415 | Coles Bakery Pizza Rolls | 2 Pack $1.50 per each. | Selected stores only,96.25,False,,https://caau.syd1.cdn.digitaloceanspaces.com/wp-content/uploads/catalogue/coles/coles-catalogue-october-8-14-2025-vic-metro/20.jpg,https://www.catalogueau.com/coles/#catalogue=coles/coles-catalogue-october-8-14-2025-vic-metro/,displayed_price,displayed_price;unit_price,2,verified
Coles,VIC METRO,"Coles Catalogue October 8 - 14, 2025 VIC METRO",2025-10-08,2025-10-15,20,Coles Bakery Stone Baked by Laurent Mini Pane di Casa,2.5,3.25,0.75,23.08,save_amount,,,WAS $3.25 | WAS $3.25 | AUG 2025 | Coles Bakery Stone Baked by | Laurent Mini Pane di Casa $2.50 | per each. Selected stores only,96.56,True,single_price_evidence,https://caau.syd1.cdn.digitaloceanspaces.com/wp-content/uploads/catalogue/coles/coles-catalogue-october-8-14-2025-vic-metro/20.jpg,https://www.catalogueau.com/coles/#catalogue=coles/coles-catalogue-october-8-14-2025-vic-metro/,displayed_price,displayed_price,1,review
Coles,VIC METRO,"Coles Catalogue October 8 - 14, 2025 VIC METRO",2025-10-08,2025-10-15,20,Simson's Pantry Low Carb High Protein White Wraps 5 Pack 225g,4.7,5.5,0.8,14.55,save_amount,5 Pack; 225g,$2.09 per 100g,WASS$5.50 | WASS$5.50 | 2025 | Simson's Pantry Low Carb High | Protein White Wraps 5 Pack 225g | $2.09 per 100g | —,95.55,True,single_price_evidence,https://caau.syd1.cdn.digitaloceanspaces.com/wp-content/uploads/catalogue/coles/coles-catalogue-october-8-14-2025-vic-metro/20.jpg,https://www.catalogueau.com/coles/#catalogue=coles/coles-catalogue-october-8-14-2025-vic-metro/,unit_price,unit_price,1,review
Coles,VIC METRO,"Coles Catalogue October 8 - 14, 2025 VIC METRO",2025-10-08,2025-10-15,20,Coles Black Forest Cake 1.2kg,25.0,30.0,5.0,16.67,save_amount,1.2kg,$2.08 per 100g,SAVESS | WAS$30 | Coles Black Forest Cake 1.2kg | $2.08 per 100g. Selected stores | only. From the Patisserie Fridge,94.88,True,single_price_evidence,https://caau.syd1.cdn.digitaloceanspaces.com/wp-content/uploads/catalogue/coles/coles-catalogue-october-8-14-2025-vic-metro/20.jpg,https://www.catalogueau.com/coles/#catalogue=coles/coles-catalogue-october-8-14-2025-vic-metro/,displayed_price,displayed_price,1,review
Coles,VIC METRO,"Coles Catalogue October 8 - 14, 2025 VIC METRO",2025-10-08,2025-10-15,20,Coles Bakery Iced Donuts 6 Pack,3.25,3.8,0.55,14.47,save_amount,6 Pack,$0.54 per each,SAVE 55° | WAS$3.80 | Coles Bakery Iced Donuts | 6 Pack $0.54 per each. | Selected stores only,96.23,False,,https://caau.syd1.cdn.digitaloceanspaces.com/wp-content/uploads/catalogue/coles/coles-catalogue-october-8-14-2025-vic-metro/20.jpg,https://www.catalogueau.com/coles/#catalogue=coles/coles-catalogue-october-8-14-2025-vic-metro/,displayed_price,displayed_price;unit_price,2,verified
Coles,VIC METRO,"Coles Catalogue October 8 - 14, 2025 VIC METRO",2025-10-08,2025-10-15,20,Coles Bakery Cookies 12 Pack,3.5,4.0,0.5,12.5,save_amount,12 Pack,$0.29 per each,SAVE50‘ | WAS $4 | Coles Bakery Cookies 12 Pack | $0.29 per each. Selected stores | only. On sale for 2 weeks,96.36,True,single_price_evidence,https://caau.syd1.cdn.digitaloceanspaces.com/wp-content/uploads/catalogue/coles/coles-catalogue-october-8-14-2025-vic-metro/20.jpg,https://www.catalogueau.com/coles/#catalogue=coles/coles-catalogue-october-8-14-2025-vic-metro/,displayed_price,displayed_price,1,review
Coles,VIC METRO,"Coles Catalogue October 8 - 14, 2025 VIC METRO",2025-10-08,2025-10-15,20,Coles Bakery Rolls 6 Pack,3.0,,,,down_down,6 Pack,$0.50 per each,Coles Bakery Rolls 6 Pack | $0.50 per each. | Selected stores only | _,96.59,False,,https://caau.syd1.cdn.digitaloceanspaces.com/wp-content/uploads/catalogue/coles/coles-catalogue-october-8-14-2025-vic-metro/20.jpg,https://www.catalogueau.com/coles/#catalogue=coles/coles-catalogue-october-8-14-2025-vic-metro/,displayed_price,displayed_price;unit_price,2,verified
Coles,VIC METRO,"Coles Catalogue October 8 - 14, 2025 VIC METRO",2025-10-08,2025-10-15,20,WN DOW! Coles Muffins 4 Pack 420g,50.0,,,,special,4 Pack; 420g,,WN DOW! | Coles Muffins 4 Pack 420g | or 9 Pack 315g,79.0,True,offer_labels_missing;save_amount_missing;regular_price_missing;low_name_confidence_strict;single_price_evidence,https://caau.syd1.cdn.digitaloceanspaces.com/wp-content/uploads/catalogue/coles/coles-catalogue-october-8-14-2025-vic-metro/20.jpg,https://www.catalogueau.com/coles/#catalogue=coles/coles-catalogue-october-8-14-2025-vic-metro/,displayed_price,displayed_price,1,review
Coles,VIC METRO,"Coles Catalogue October 8 - 14, 2025 VIC METRO",2025-10-08,2025-10-15,21,Perfect Ted Healthy Energy Drink 250mL,2.3,3.3,1.0,30.3,save_amount,250mL,$9.20 per litre,SAVES1 | WASS3.30 | Perfect Ted Healthy Energy Drink 250mL | $9.20 per litre | a) | —,94.96,False,,https://caau.syd1.cdn.digitaloceanspaces.com/wp-content/uploads/catalogue/coles/coles-catalogue-october-8-14-2025-vic-metro/21.jpg,https://www.catalogueau.com/coles/#catalogue=coles/coles-catalogue-october-8-14-2025-vic-metro/,save_was_arithmetic,save_was_arithmetic;unit_price,2,verified
Coles,VIC METRO,"Coles Catalogue October 8 - 14, 2025 VIC METRO",2025-10-08,2025-10-15,21,Carman's Light & Crispy Granola 400g,5.95,8.5,2.55,30.0,save_amount,400g,$1.49 per 100g,SAVES2.55 | WASS$8.50 | Carman's Light & Crispy Granola 400g | $1.49 per 100g,94.51,False,,https://caau.syd1.cdn.digitaloceanspaces.com/wp-content/uploads/catalogue/coles/coles-catalogue-october-8-14-2025-vic-metro/21.jpg,https://www.catalogueau.com/coles/#catalogue=coles/coles-catalogue-october-8-14-2025-vic-metro/,save_was_arithmetic,displayed_price;save_was_arithmetic;unit_price,3,verified
Coles,VIC METRO,"Coles Catalogue October 8 - 14, 2025 VIC METRO",2025-10-08,2025-10-15,21,L'Oréal Elvive Growth Booster Shampoo 200mL or Conditioner 150mL,9.5,19.0,9.5,50.0,half_price,200mL; 150mL,,WASS19 | WASS19 | L'Oréal Elvive Growth Booster | Shampoo 200mL or Conditioner 150mL | *See page 15 forT&Cs | VIC-METRO-081 0-25-499600,92.66,True,single_price_evidence,https://caau.syd1.cdn.digitaloceanspaces.com/wp-content/uploads/catalogue/coles/coles-catalogue-october-8-14-2025-vic-metro/21.jpg,https://www.catalogueau.com/coles/#catalogue=coles/coles-catalogue-october-8-14-2025-vic-metro/,displayed_price,displayed_price,1,review
Coles,VIC METRO,"Coles Catalogue October 8 - 14, 2025 VIC METRO",2025-10-08,2025-10-15,21,Coles Christmas Sticky Date Pies 6 Pack 360g,6.0,,,,special,6 Pack; 360g,$1.67 per 100g,Coles Christmas Sticky Date Pies 6 Pack 360g | $1.67 per 100g. 2nd week on sale. | While stocks last. No rainchecks,96.28,False,,https://caau.syd1.cdn.digitaloceanspaces.com/wp-content/uploads/catalogue/coles/coles-catalogue-october-8-14-2025-vic-metro/21.jpg,https://www.catalogueau.com/coles/#catalogue=coles/coles-catalogue-october-8-14-2025-vic-metro/,displayed_price,displayed_price;unit_price,2,verified
Coles,VIC METRO,"Coles Catalogue October 8 - 14, 2025 VIC METRO",2025-10-08,2025-10-15,21,L'Oréal Elvive Growth Booster Serum 102mL,16.5,,,,special,102mL,$16.18 per 100mL,L'Oréal Elvive Growth Booster Serum 102mL | $16.18 per 100mL. *See page 15 for T&Cs | 21,93.02,True,single_price_evidence,https://caau.syd1.cdn.digitaloceanspaces.com/wp-content/uploads/catalogue/coles/coles-catalogue-october-8-14-2025-vic-metro/21.jpg,https://www.catalogueau.com/coles/#catalogue=coles/coles-catalogue-october-8-14-2025-vic-metro/,unit_price,unit_price,1,review
Coles,VIC METRO,"Coles Catalogue October 8 - 14, 2025 VIC METRO",2025-10-08,2025-10-15,22,Lindt Lindor Bag 123g-125g,10.0,13.0,3.0,23.08,save_amount,123g; 125g,,WASS13 | WASS13 | Lindt Lindor Bag | 123g-125g,79.0,True,low_name_confidence_strict;single_price_evidence,https://caau.syd1.cdn.digitaloceanspaces.com/wp-content/uploads/catalogue/coles/coles-catalogue-october-8-14-2025-vic-metro/22.jpg,https://www.catalogueau.com/coles/#catalogue=coles/coles-catalogue-october-8-14-2025-vic-metro/,displayed_price,displayed_price,1,review
Coles,VIC METRO,"Coles Catalogue October 8 - 14, 2025 VIC METRO",2025-10-08,2025-10-15,22,Cadbury Chocolate Coated Fruit or Nut Jar 270g-340g,6.5,13.0,6.5,50.0,half_price,270g; 340g,,WASS13 | WASS13 | Cadbury Chocolate Coated | Fruit or Nut Jar 270g-340g,95.01,True,single_price_evidence,https://caau.syd1.cdn.digitaloceanspaces.com/wp-content/uploads/catalogue/coles/coles-catalogue-october-8-14-2025-vic-metro/22.jpg,https://www.catalogueau.com/coles/#catalogue=coles/coles-catalogue-october-8-14-2025-vic-metro/,displayed_price,displayed_price,1,review
Coles,VIC METRO,"Coles Catalogue October 8 - 14, 2025 VIC METRO",2025-10-08,2025-10-15,22,Coles Lollies 150g,1.5,,,,special,150g,$1.00 per 100g,Coles Lollies 150g | $1.00 per 100g | spun | as | nS | SOUR,96.51,True,offer_labels_missing;save_amount_missing;regular_price_missing,https://caau.syd1.cdn.digitaloceanspaces.com/wp-content/uploads/catalogue/coles/coles-catalogue-october-8-14-2025-vic-metro/22.jpg,https://www.catalogueau.com/coles/#catalogue=coles/coles-catalogue-october-8-14-2025-vic-metro/,displayed_price,displayed_price;grid_inference;unit_price,2,review
Coles,VIC METRO,"Coles Catalogue October 8 - 14, 2025 VIC METRO",2025-10-08,2025-10-15,22,The Natural Confectionery Co. 130g-230g or Sour Patch 190g,7.0,,,,special,130g; 230g; 190g,,The Natural Confectionery Co. | 130g-230g or Sour Patch 190g | 2nd week on sale,95.55,True,offer_labels_missing;save_amount_missing;regular_price_missing;inferred_price_requires_review,https://caau.syd1.cdn.digitaloceanspaces.com/wp-content/uploads/catalogue/coles/coles-catalogue-october-8-14-2025-vic-metro/22.jpg,https://www.catalogueau.com/coles/#catalogue=coles/coles-catalogue-october-8-14-2025-vic-metro/,displayed_price,displayed_price;grid_inference,1,review
Coles,VIC METRO,"Coles Catalogue October 8 - 14, 2025 VIC METRO",2025-10-08,2025-10-15,23,Arnott's Cheds or Sesame Wheat Crackers 250g,3.5,4.5,1.0,22.22,save_amount,250g,$1.40 per 100g,WASS4.50 | WASS4.50 | Arnott's Cheds or Sesame Wheat | Crackers 250g $1.40 per 100g | Ke,94.87,True,single_price_evidence,https://caau.syd1.cdn.digitaloceanspaces.com/wp-content/uploads/catalogue/coles/coles-catalogue-october-8-14-2025-vic-metro/23.jpg,https://www.catalogueau.com/coles/#catalogue=coles/coles-catalogue-october-8-14-2025-vic-metro/,unit_price,unit_price,1,review
Coles,VIC METRO,"Coles Catalogue October 8 - 14, 2025 VIC METRO",2025-10-08,2025-10-15,23,"Twisties, Burger Rings or Cheetos 65g-90g",2.0,2.7,0.7,25.93,save_amount,65g; 90g,,"WASS$2.70 | WASS$2.70 | Twisties, Burger Rings or Cheetos | 65g-90g",88.54,True,single_price_evidence,https://caau.syd1.cdn.digitaloceanspaces.com/wp-content/uploads/catalogue/coles/coles-catalogue-october-8-14-2025-vic-metro/23.jpg,https://www.catalogueau.com/coles/#catalogue=coles/coles-catalogue-october-8-14-2025-vic-metro/,displayed_price,displayed_price,1,review
Coles,VIC METRO,"Coles Catalogue October 8 - 14, 2025 VIC METRO",2025-10-08,2025-10-15,23,Red Rock Deli Potato Chips 150g-165g,4.5,6.0,1.5,25.0,save_amount,150g; 165g,,WASS6 | WASS6 | Red Rock Deli Potato | Chips 150g-165g,94.09,True,single_price_evidence,https://caau.syd1.cdn.digitaloceanspaces.com/wp-content/uploads/catalogue/coles/coles-catalogue-october-8-14-2025-vic-metro/23.jpg,https://www.catalogueau.com/coles/#catalogue=coles/coles-catalogue-october-8-14-2025-vic-metro/,displayed_price,displayed_price,1,review
Coles,VIC METRO,"Coles Catalogue October 8 - 14, 2025 VIC METRO",2025-10-08,2025-10-15,23,Peckish Peckables Snack Crackers 100g,2.0,,,,special,100g,$2.00 per 100g,Peckish Peckables Snack | Crackers 100g $2.00 per 100g,94.57,True,offer_labels_missing;save_amount_missing;regular_price_missing,https://caau.syd1.cdn.digitaloceanspaces.com/wp-content/uploads/catalogue/coles/coles-catalogue-october-8-14-2025-vic-metro/23.jpg,https://www.catalogueau.com/coles/#catalogue=coles/coles-catalogue-october-8-14-2025-vic-metro/,displayed_price,displayed_price;grid_inference;unit_price,2,review
Coles,VIC METRO,"Coles Catalogue October 8 - 14, 2025 VIC METRO",2025-10-08,2025-10-15,23,Smith's Thinly Cut Potato Chips 175g,3.0,,,,special,175g,$1.71 per 100g,Smith's Thinly Cut Potato Chips | 175g $1.71 per 100g | DIVE INTC),95.34,False,,https://caau.syd1.cdn.digitaloceanspaces.com/wp-content/uploads/catalogue/coles/coles-catalogue-october-8-14-2025-vic-metro/23.jpg,https://www.catalogueau.com/coles/#catalogue=coles/coles-catalogue-october-8-14-2025-vic-metro/,displayed_price,displayed_price;unit_price,2,verified
Coles,VIC METRO,"Coles Catalogue October 8 - 14, 2025 VIC METRO",2025-10-08,2025-10-15,23,Cheezels 6 Pack or Jumpy's 5 Pack,7.0,,,,special,6 Pack; 5 Pack,,Cheezels 6 Pack | or Jumpy's 5 Pack,93.42,True,offer_labels_missing;save_amount_missing;regular_price_missing;single_price_evidence,https://caau.syd1.cdn.digitaloceanspaces.com/wp-content/uploads/catalogue/coles/coles-catalogue-october-8-14-2025-vic-metro/23.jpg,https://www.catalogueau.com/coles/#catalogue=coles/coles-catalogue-october-8-14-2025-vic-metro/,displayed_price,displayed_price,1,review
Coles,VIC METRO,"Coles Catalogue October 8 - 14, 2025 VIC METRO",2025-10-08,2025-10-15,24,Olina's Artisan Crackers 90g-100g,2.5,5.0,2.5,50.0,half_price,90g; 100g,,SAVES2.50 | Olina's Artisan Crackers | 90g-100g,79.0,True,low_name_confidence_strict;single_price_evidence,https://caau.syd1.cdn.digitaloceanspaces.com/wp-content/uploads/catalogue/coles/coles-catalogue-october-8-14-2025-vic-metro/24.jpg,https://www.catalogueau.com/coles/#catalogue=coles/coles-catalogue-october-8-14-2025-vic-metro/,displayed_price,displayed_price,1,review
Coles,VIC METRO,"Coles Catalogue October 8 - 14, 2025 VIC METRO",2025-10-08,2025-10-15,24,Tostitos Tortilla Chips 165g-175g,2.6,5.2,2.6,50.0,half_price,165g; 175g,,SAVES2.60 | WASS5.20 | Tostitos Tortilla Chips | 165g-175g | 2:2. 2.5 > | aa | ao,79.0,True,low_name_confidence_strict,https://caau.syd1.cdn.digitaloceanspaces.com/wp-content/uploads/catalogue/coles/coles-catalogue-october-8-14-2025-vic-metro/24.jpg,https://www.catalogueau.com/coles/#catalogue=coles/coles-catalogue-october-8-14-2025-vic-metro/,save_was_arithmetic,displayed_price;save_was_arithmetic,2,review
Coles,VIC METRO,"Coles Catalogue October 8 - 14, 2025 VIC METRO",2025-10-08,2025-10-15,24,Kettle Potato Chips 16,3.0,6.0,3.0,50.0,half_price,,$1.82 per 100g,SAVE*3 | WASS6 | Kettle Potato Chips 16 | $1.82 per 100g. *See page 15 for T&Cs,95.94,False,,https://caau.syd1.cdn.digitaloceanspaces.com/wp-content/uploads/catalogue/coles/coles-catalogue-october-8-14-2025-vic-metro/24.jpg,https://www.catalogueau.com/coles/#catalogue=coles/coles-catalogue-october-8-14-2025-vic-metro/,save_was_arithmetic,displayed_price;save_was_arithmetic,2,verified
Coles,VIC METRO,"Coles Catalogue October 8 - 14, 2025 VIC METRO",2025-10-08,2025-10-15,24,Toblerone 340g-360g 2%,10.0,20.0,10.0,50.0,half_price,340g; 360g,,"SAVE*10 | WASS20 | Toblerone 340g-360g | 2% | M%,, |",67.99,True,low_name_confidence_strict,https://caau.syd1.cdn.digitaloceanspaces.com/wp-content/uploads/catalogue/coles/coles-catalogue-october-8-14-2025-vic-metro/24.jpg,https://www.catalogueau.com/coles/#catalogue=coles/coles-catalogue-october-8-14-2025-vic-metro/,save_was_arithmetic,displayed_price;save_was_arithmetic,2,review
Coles,VIC METRO,"Coles Catalogue October 8 - 14, 2025 VIC METRO",2025-10-08,2025-10-15,24,Red Rock Deli Crostini or Deli Style Crackers 115g-135g,2.5,5.0,2.5,50.0,half_price,115g; 135g,,SAVE52.50 | WASS5 | Red Rock Deli Crostini or Deli Style Crackers | 115g-135g | BIGSHARE BAC,79.0,True,low_name_confidence_strict;single_price_evidence,https://caau.syd1.cdn.digitaloceanspaces.com/wp-content/uploads/catalogue/coles/coles-catalogue-october-8-14-2025-vic-metro/24.jpg,https://www.catalogueau.com/coles/#catalogue=coles/coles-catalogue-october-8-14-2025-vic-metro/,displayed_price,displayed_price,1,review
Coles,VIC METRO,"Coles Catalogue October 8 - 14, 2025 VIC METRO",2025-10-08,2025-10-15,24,Doritos or XXL Corn Chips 150g-170g,3.5,5.0,1.5,30.0,save_amount,150g; 170g,,SAVE*1.50 | WASS5 | Doritos or XXL Corn Chips | 150g-170g | 2 | 5 | Allens,94.61,False,,https://caau.syd1.cdn.digitaloceanspaces.com/wp-content/uploads/catalogue/coles/coles-catalogue-october-8-14-2025-vic-metro/24.jpg,https://www.catalogueau.com/coles/#catalogue=coles/coles-catalogue-october-8-14-2025-vic-metro/,save_was_arithmetic,displayed_price;save_was_arithmetic,2,verified
Coles,VIC METRO,"Coles Catalogue October 8 - 14, 2025 VIC METRO",2025-10-08,2025-10-15,24,Calbee Harvest Snaps Pea Crisps 230g,6.0,7.8,1.8,23.08,save_amount,230g,$2.61 per 100g,WAS $7.80 | WAS $7.80 | SEP 2025 | Calbee Harvest Snaps Pea Crisps | 230g $2.61 per 100g | VIC-METRO-081 0-25-499600,95.9,False,,https://caau.syd1.cdn.digitaloceanspaces.com/wp-content/uploads/catalogue/coles/coles-catalogue-october-8-14-2025-vic-metro/24.jpg,https://www.catalogueau.com/coles/#catalogue=coles/coles-catalogue-october-8-14-2025-vic-metro/,displayed_price,displayed_price;unit_price,2,verified
Coles,VIC METRO,"Coles Catalogue October 8 - 14, 2025 VIC METRO",2025-10-08,2025-10-15,24,Allen's Lollies 140g-200g,7.0,10.0,3.0,30.0,save_amount,140g; 200g,,SAVE *3 | Allen's Lollies 140g-200g | 24,93.57,True,single_price_evidence,https://caau.syd1.cdn.digitaloceanspaces.com/wp-content/uploads/catalogue/coles/coles-catalogue-october-8-14-2025-vic-metro/24.jpg,https://www.catalogueau.com/coles/#catalogue=coles/coles-catalogue-october-8-14-2025-vic-metro/,displayed_price,displayed_price,1,review
Coles,VIC METRO,"Coles Catalogue October 8 - 14, 2025 VIC METRO",2025-10-08,2025-10-15,24,Cadbury Block Chocolate 315g,3.5,,,,down_down,315g,,Cadbury Block Chocolate | 315g- | g,79.0,True,save_amount_missing;regular_price_missing;low_name_confidence_strict;single_price_evidence,https://caau.syd1.cdn.digitaloceanspaces.com/wp-content/uploads/catalogue/coles/coles-catalogue-october-8-14-2025-vic-metro/24.jpg,https://www.catalogueau.com/coles/#catalogue=coles/coles-catalogue-october-8-14-2025-vic-metro/,displayed_price,displayed_price,1,review
Coles,VIC METRO,"Coles Catalogue October 8 - 14, 2025 VIC METRO",2025-10-08,2025-10-15,25,Mt Franklin Lightly Sparkling Water 1.25 Litre,1.95,3.25,1.3,40.0,save_amount,1.25 Litre,$1.56 per litre,SAVES1.30 | WASS3.25 | Mt Franklin Lightly Sparkling | Water 1.25 Litre $1.56 per litre | pace | sa,95.84,False,,https://caau.syd1.cdn.digitaloceanspaces.com/wp-content/uploads/catalogue/coles/coles-catalogue-october-8-14-2025-vic-metro/25.jpg,https://www.catalogueau.com/coles/#catalogue=coles/coles-catalogue-october-8-14-2025-vic-metro/,save_was_arithmetic,save_was_arithmetic;unit_price,2,verified
Coles,VIC METRO,"Coles Catalogue October 8 - 14, 2025 VIC METRO",2025-10-08,2025-10-15,25,Sprite or Fanta Soft Drink 1.25 Litre,2.4,4.0,1.6,40.0,save_amount,1.25 Litre,$1.92 per litre,SAVE 1.60 | WASS4 | Sprite or Fanta Soft Drink | 1.25 Litre $1.92 per litre | => | SS | — es | i,96.06,False,,https://caau.syd1.cdn.digitaloceanspaces.com/wp-content/uploads/catalogue/coles/coles-catalogue-october-8-14-2025-vic-metro/25.jpg,https://www.catalogueau.com/coles/#catalogue=coles/coles-catalogue-october-8-14-2025-vic-metro/,save_was_arithmetic,displayed_price;save_was_arithmetic;unit_price,3,verified
Coles,VIC METRO,"Coles Catalogue October 8 - 14, 2025 VIC METRO",2025-10-08,2025-10-15,25,Schweppes Mixers or Soft Drink 1.1 Litre,1.8,3.0,1.2,40.0,save_amount,1.1 Litre,$1.64 per litre,SAVES1.20 | Schweppes Mixers or Soft Drink | 1.1 Litre $1.64 per litre | i},95.81,True,single_price_evidence,https://caau.syd1.cdn.digitaloceanspaces.com/wp-content/uploads/catalogue/coles/coles-catalogue-october-8-14-2025-vic-metro/25.jpg,https://www.catalogueau.com/coles/#catalogue=coles/coles-catalogue-october-8-14-2025-vic-metro/,unit_price,unit_price,1,review
Coles,VIC METRO,"Coles Catalogue October 8 - 14, 2025 VIC METRO",2025-10-08,2025-10-15,25,Gatorade Fast Twitch Energy Drink 350mL,2.0,4.2,2.2,52.38,save_amount,350mL,$5.71 per litre,SAVE52.20 | WAS $4.20 | Gatorade Fast Twitch Energy | Drink 350mL $5.71 per litre | Bonus,94.92,False,,https://caau.syd1.cdn.digitaloceanspaces.com/wp-content/uploads/catalogue/coles/coles-catalogue-october-8-14-2025-vic-metro/25.jpg,https://www.catalogueau.com/coles/#catalogue=coles/coles-catalogue-october-8-14-2025-vic-metro/,displayed_price,displayed_price;unit_price,2,verified
Coles,VIC METRO,"Coles Catalogue October 8 - 14, 2025 VIC METRO",2025-10-08,2025-10-15,25,Fanta or Sprite Soft Drink 10x375mL,12.0,20.0,8.0,40.0,save_amount,10x375mL,$3.20 per litre,SAVES8 | WAS$20 | Fanta or Sprite Soft Drink | 10x375mL $3.20 per litre | = | = | 4s | si,94.65,False,,https://caau.syd1.cdn.digitaloceanspaces.com/wp-content/uploads/catalogue/coles/coles-catalogue-october-8-14-2025-vic-metro/25.jpg,https://www.catalogueau.com/coles/#catalogue=coles/coles-catalogue-october-8-14-2025-vic-metro/,save_was_arithmetic,displayed_price;save_was_arithmetic;unit_price,3,verified
Coles,VIC METRO,"Coles Catalogue October 8 - 14, 2025 VIC METRO",2025-10-08,2025-10-15,25,Red Bull Energy Drink 4x250mL,7.5,12.5,5.0,40.0,save_amount,4x250mL,$7.50 per litre,WASS12.50 | WASS12.50 | Red Bull Energy Drink 4x250mL | $7.50 per litre | es | AR | Bonus | 0.0) Fru \,94.45,False,,https://caau.syd1.cdn.digitaloceanspaces.com/wp-content/uploads/catalogue/coles/coles-catalogue-october-8-14-2025-vic-metro/25.jpg,https://www.catalogueau.com/coles/#catalogue=coles/coles-catalogue-october-8-14-2025-vic-metro/,displayed_price,displayed_price;unit_price,2,verified
Coles,VIC METRO,"Coles Catalogue October 8 - 14, 2025 VIC METRO",2025-10-08,2025-10-15,25,Coca Cola Zero Sugar Soft Drink 10x375mL,12.0,20.0,8.0,40.0,save_amount,10x375mL,$3.20 per litre,SAVES8 | WAS $20 | Coca Cola Zero Sugar Soft Drink | 10x375mL $3.20 per litre. | *See page 15 for T&Cs | VIC-METRO-081 0-25-499600,94.73,False,,https://caau.syd1.cdn.digitaloceanspaces.com/wp-content/uploads/catalogue/coles/coles-catalogue-october-8-14-2025-vic-metro/25.jpg,https://www.catalogueau.com/coles/#catalogue=coles/coles-catalogue-october-8-14-2025-vic-metro/,save_was_arithmetic,displayed_price;save_was_arithmetic;unit_price,3,verified
Coles,VIC METRO,"Coles Catalogue October 8 - 14, 2025 VIC METRO",2025-10-08,2025-10-15,25,Mt Franklin Lightly Sparkling Water 10x375mL,12.0,20.0,8.0,40.0,save_amount,10x375mL,$3.20 per litre,SAVES8 | WAS$20 | Mt Franklin Lightly Sparkling | Water 10x375mL | $3.20 per litre | 25,94.37,False,,https://caau.syd1.cdn.digitaloceanspaces.com/wp-content/uploads/catalogue/coles/coles-catalogue-october-8-14-2025-vic-metro/25.jpg,https://www.catalogueau.com/coles/#catalogue=coles/coles-catalogue-october-8-14-2025-vic-metro/,save_was_arithmetic,displayed_price;save_was_arithmetic;unit_price,3,verified
Coles,VIC METRO,"Coles Catalogue October 8 - 14, 2025 VIC METRO",2025-10-08,2025-10-15,25,Pepsi Max or Solo Zero Sugar Soft Drink 24x375mL,22.5,37.5,15.0,40.0,save_amount,24x375mL,$2.50 per litre,SAVES15 | WAS$37.50 | Pepsi Max or Solo Zero Sugar | Soft Drink 24x375mL | $2.50 per litre,94.68,False,,https://caau.syd1.cdn.digitaloceanspaces.com/wp-content/uploads/catalogue/coles/coles-catalogue-october-8-14-2025-vic-metro/25.jpg,https://www.catalogueau.com/coles/#catalogue=coles/coles-catalogue-october-8-14-2025-vic-metro/,save_was_arithmetic,displayed_price;save_was_arithmetic;unit_price,3,verified
Coles,VIC METRO,"Coles Catalogue October 8 - 14, 2025 VIC METRO",2025-10-08,2025-10-15,27,"Pepsi Max, Solo or Schweppes Soft Drink 6x250mL",6.0,8.7,2.7,31.03,save_amount,6x250mL,$4.00 per litre,"SAVE‘2.70 | ‘WAS$8.70 | Pepsi Max, Solo or Schweppes | Soft Drink 6x250mL | $4.00 per litre",94.87,False,,https://caau.syd1.cdn.digitaloceanspaces.com/wp-content/uploads/catalogue/coles/coles-catalogue-october-8-14-2025-vic-metro/27.jpg,https://www.catalogueau.com/coles/#catalogue=coles/coles-catalogue-october-8-14-2025-vic-metro/,save_was_arithmetic,displayed_price;save_was_arithmetic;unit_price,3,verified
Coles,VIC METRO,"Coles Catalogue October 8 - 14, 2025 VIC METRO",2025-10-08,2025-10-15,27,Powerade Sports Drink 1 Litre,2.8,5.6,2.8,50.0,half_price,1 Litre,$2.80 per litre,SAVES2.80 — | WAS$5.60 | Powerade Sports Drink 1 Litre | $2.80 per litre | ee et | SS | a5 4,95.38,False,,https://caau.syd1.cdn.digitaloceanspaces.com/wp-content/uploads/catalogue/coles/coles-catalogue-october-8-14-2025-vic-metro/27.jpg,https://www.catalogueau.com/coles/#catalogue=coles/coles-catalogue-october-8-14-2025-vic-metro/,save_was_arithmetic,displayed_price;save_was_arithmetic;unit_price,3,verified
Coles,VIC METRO,"Coles Catalogue October 8 - 14, 2025 VIC METRO",2025-10-08,2025-10-15,27,Golden Circle Mango Nectar or Apple Juice 2 Litre,3.5,4.8,1.3,27.08,save_amount,2 Litre,$1.75 per litre,SAVE‘1.30 | WASS4.80 | Golden Circle Mango Nectar | or Apple Juice 2 Litre | $1.75 per litre,96.42,False,,https://caau.syd1.cdn.digitaloceanspaces.com/wp-content/uploads/catalogue/coles/coles-catalogue-october-8-14-2025-vic-metro/27.jpg,https://www.catalogueau.com/coles/#catalogue=coles/coles-catalogue-october-8-14-2025-vic-metro/,save_was_arithmetic,displayed_price;save_was_arithmetic;unit_price,3,verified
Coles,VIC METRO,"Coles Catalogue October 8 - 14, 2025 VIC METRO",2025-10-08,2025-10-15,27,V Energy Drink 4x500mL,10.5,16.75,6.25,37.31,save_amount,4x500mL,$5.25 per litre,WAS $16.75 | WAS $16.75 | SEP 2025 | V Energy Drink 4x500mL | $5.25 per litre,93.24,True,single_price_evidence,https://caau.syd1.cdn.digitaloceanspaces.com/wp-content/uploads/catalogue/coles/coles-catalogue-october-8-14-2025-vic-metro/27.jpg,https://www.catalogueau.com/coles/#catalogue=coles/coles-catalogue-october-8-14-2025-vic-metro/,unit_price,unit_price,1,review
Coles,VIC METRO,"Coles Catalogue October 8 - 14, 2025 VIC METRO",2025-10-08,2025-10-15,27,Red Bull Energy Drink 8x250mL,14.7,21.0,6.3,30.0,save_amount,8x250mL,$7.35 per litre,SAVES6.30 | WASS$21 | Red Bull Energy Drink 8x250mL | $7.35 per litre. On sale for 2 weeks,94.73,False,,https://caau.syd1.cdn.digitaloceanspaces.com/wp-content/uploads/catalogue/coles/coles-catalogue-october-8-14-2025-vic-metro/27.jpg,https://www.catalogueau.com/coles/#catalogue=coles/coles-catalogue-october-8-14-2025-vic-metro/,save_was_arithmetic,save_was_arithmetic;unit_price,2,verified
Coles,VIC METRO,"Coles Catalogue October 8 - 14, 2025 VIC METRO",2025-10-08,2025-10-15,27,Fever Tree Premium Mixers 4x250mL,6.95,9.95,3.0,30.15,save_amount,4x250mL,$6.95 per litre,SAVES3 | WASS$9.95 | Fever Tree Premium Mixers | 4x250mL $6.95 per litre,95.08,False,,https://caau.syd1.cdn.digitaloceanspaces.com/wp-content/uploads/catalogue/coles/coles-catalogue-october-8-14-2025-vic-metro/27.jpg,https://www.catalogueau.com/coles/#catalogue=coles/coles-catalogue-october-8-14-2025-vic-metro/,save_was_arithmetic,displayed_price;save_was_arithmetic;unit_price,3,verified
Coles,VIC METRO,"Coles Catalogue October 8 - 14, 2025 VIC METRO",2025-10-08,2025-10-15,27,Cottee's Cordial 1 Litre,3.0,5.5,2.5,45.45,save_amount,1 Litre,$4.25 per litre,SAVE‘2.50 | | Cottee's Cordial 1 Litre | $4.25 per litre | Cotlees,94.82,True,unit_price_conflict;single_price_evidence,https://caau.syd1.cdn.digitaloceanspaces.com/wp-content/uploads/catalogue/coles/coles-catalogue-october-8-14-2025-vic-metro/27.jpg,https://www.catalogueau.com/coles/#catalogue=coles/coles-catalogue-october-8-14-2025-vic-metro/,displayed_price,displayed_price,1,review
Coles,VIC METRO,"Coles Catalogue October 8 - 14, 2025 VIC METRO",2025-10-08,2025-10-15,28,Betty Crocker Choc Chunk Cookies 485g or Triple Choc Fudge Brownies Baking Mix 500g,4.0,7.0,3.0,42.86,save_amount,485g; 500g,,SAVE 53 | WASS7 | Betty Crocker Choc Chunk Cookies 485g or | Triple Choc Fudge Brownies Baking Mix 500g | ca,96.34,False,,https://caau.syd1.cdn.digitaloceanspaces.com/wp-content/uploads/catalogue/coles/coles-catalogue-october-8-14-2025-vic-metro/28.jpg,https://www.catalogueau.com/coles/#catalogue=coles/coles-catalogue-october-8-14-2025-vic-metro/,save_was_arithmetic,displayed_price;save_was_arithmetic,2,verified
Coles,VIC METRO,"Coles Catalogue October 8 - 14, 2025 VIC METRO",2025-10-08,2025-10-15,28,Green's Pancake Shake 300g-375g,2.8,3.5,0.7,20.0,save_amount,300g; 375g,,SAVE70° | WASS3.50 | Green's Pancake Shake | 300g-375g | — | noshu,94.46,True,single_price_evidence,https://caau.syd1.cdn.digitaloceanspaces.com/wp-content/uploads/catalogue/coles/coles-catalogue-october-8-14-2025-vic-metro/28.jpg,https://www.catalogueau.com/coles/#catalogue=coles/coles-catalogue-october-8-14-2025-vic-metro/,displayed_price,displayed_price,1,review
Coles,VIC METRO,"Coles Catalogue October 8 - 14, 2025 VIC METRO",2025-10-08,2025-10-15,28,Heinz Ketchup 500mL,4.0,5.0,1.0,20.0,save_amount,500mL,$0.80 per 100mL,SAVE*1 | WASSS5 | Heinz Ketchup 500mL | $0.80 per 100mL. | *See page 15 for T&Cs | 12; VALUE PACK,93.42,False,,https://caau.syd1.cdn.digitaloceanspaces.com/wp-content/uploads/catalogue/coles/coles-catalogue-october-8-14-2025-vic-metro/28.jpg,https://www.catalogueau.com/coles/#catalogue=coles/coles-catalogue-october-8-14-2025-vic-metro/,save_was_arithmetic,save_was_arithmetic;unit_price,2,verified
Coles,VIC METRO,"Coles Catalogue October 8 - 14, 2025 VIC METRO",2025-10-08,2025-10-15,28,Kewpie Mayonnaise 500g,6.0,8.0,2.0,25.0,save_amount,500g,$1.20 per 100g,SAVES2 | ‘WAS§8 | Kewpie Mayonnaise 500g | $1.20 per 100g. | On sale for 2 weeks,95.42,False,,https://caau.syd1.cdn.digitaloceanspaces.com/wp-content/uploads/catalogue/coles/coles-catalogue-october-8-14-2025-vic-metro/28.jpg,https://www.catalogueau.com/coles/#catalogue=coles/coles-catalogue-october-8-14-2025-vic-metro/,save_was_arithmetic,displayed_price;save_was_arithmetic;unit_price,3,verified
Coles,VIC METRO,"Coles Catalogue October 8 - 14, 2025 VIC METRO",2025-10-08,2025-10-15,28,Health Lab Protein Balls 5 Pack 200g,9.9,12.75,2.85,22.35,save_amount,5 Pack; 200g,$4.95 per 100g,SAVE52.85 | WASS12.75 | Health Lab Protein Balls 5 Pack | 200g $4.95 per 100g | Win a share of | 20 million Flybuys points!,96.21,True,single_price_evidence,https://caau.syd1.cdn.digitaloceanspaces.com/wp-content/uploads/catalogue/coles/coles-catalogue-october-8-14-2025-vic-metro/28.jpg,https://www.catalogueau.com/coles/#catalogue=coles/coles-catalogue-october-8-14-2025-vic-metro/,unit_price,unit_price,1,review
Coles,VIC METRO,"Coles Catalogue October 8 - 14, 2025 VIC METRO",2025-10-08,2025-10-15,28,Uncle Tobys Le Snak Value Pack 264g,8.0,10.0,2.0,20.0,save_amount,264g,$3.03 per 100g,WASS10 | WASS10 | Uncle Tobys Le Snak Value Pack | 264g $3.03 per 100g | x | 7 | =,95.52,False,,https://caau.syd1.cdn.digitaloceanspaces.com/wp-content/uploads/catalogue/coles/coles-catalogue-october-8-14-2025-vic-metro/28.jpg,https://www.catalogueau.com/coles/#catalogue=coles/coles-catalogue-october-8-14-2025-vic-metro/,displayed_price,displayed_price;unit_price,2,verified
Coles,VIC METRO,"Coles Catalogue October 8 - 14, 2025 VIC METRO",2025-10-08,2025-10-15,28,Noshu Low Carb Indulgence or Protein Bars 150g-160g,5.9,8.9,3.0,33.71,save_amount,150g; 160g,,WAS$8.90 | WAS$8.90 | Noshu Low Carb Indulgence or | Protein Bars 150g-160g | a | Fiyouys,94.64,True,single_price_evidence,https://caau.syd1.cdn.digitaloceanspaces.com/wp-content/uploads/catalogue/coles/coles-catalogue-october-8-14-2025-vic-metro/28.jpg,https://www.catalogueau.com/coles/#catalogue=coles/coles-catalogue-october-8-14-2025-vic-metro/,displayed_price,displayed_price,1,review
Coles,VIC METRO,"Coles Catalogue October 8 - 14, 2025 VIC METRO",2025-10-08,2025-10-15,28,Goulburn Valley Peaches in Juice 700g,3.5,,,,special,700g,$5.00 per kg,"Goulburn Valley Peaches in Juice | 700g $5.00 per kg | % | 0 | °,",95.93,False,,https://caau.syd1.cdn.digitaloceanspaces.com/wp-content/uploads/catalogue/coles/coles-catalogue-october-8-14-2025-vic-metro/28.jpg,https://www.catalogueau.com/coles/#catalogue=coles/coles-catalogue-october-8-14-2025-vic-metro/,displayed_price,displayed_price;unit_price,2,verified
Coles,VIC METRO,"Coles Catalogue October 8 - 14, 2025 VIC METRO",2025-10-08,2025-10-15,29,Kellogg's Just 460g o 460g or Sultana 420g,3.75,7.5,3.75,50.0,half_price,460g; 420g,,WAS$7.50 | WAS$7.50 | Kellogg's Just | 460g o | 460g or Sultana | 420g | ADVERTISER PROMOTION | ADVERTISER,79.0,True,low_name_confidence_strict;inferred_price_requires_review,https://caau.syd1.cdn.digitaloceanspaces.com/wp-content/uploads/catalogue/coles/coles-catalogue-october-8-14-2025-vic-metro/29.jpg,https://www.catalogueau.com/coles/#catalogue=coles/coles-catalogue-october-8-14-2025-vic-metro/,displayed_price,displayed_price;page_discount,1,review
Coles,VIC METRO,"Coles Catalogue October 8 - 14, 2025 VIC METRO",2025-10-08,2025-10-15,29,'s Nutri Grain Grain 21 per 100g,3.5,7.0,3.5,50.0,half_price,100g,,WASS7 | WASS7 | 's Nutri Grain | Grain | 21 per 100g,79.0,True,low_name_confidence_strict;inferred_price_requires_review,https://caau.syd1.cdn.digitaloceanspaces.com/wp-content/uploads/catalogue/coles/coles-catalogue-october-8-14-2025-vic-metro/29.jpg,https://www.catalogueau.com/coles/#catalogue=coles/coles-catalogue-october-8-14-2025-vic-metro/,displayed_price,displayed_price;page_discount,1,review
Coles,VIC METRO,"Coles Catalogue October 8 - 14, 2025 VIC METRO",2025-10-08,2025-10-15,29,Liddells Lactose Free Milk 1 Litre,2.7,,,,down_down,1 Litre,$2.70 per litre,Liddells Lactose Free Milk 1 Litre | $2.70 per litre | —,94.9,False,,https://caau.syd1.cdn.digitaloceanspaces.com/wp-content/uploads/catalogue/coles/coles-catalogue-october-8-14-2025-vic-metro/29.jpg,https://www.catalogueau.com/coles/#catalogue=coles/coles-catalogue-october-8-14-2025-vic-metro/,displayed_price,displayed_price;unit_price,2,verified
Coles,VIC METRO,"Coles Catalogue October 8 - 14, 2025 VIC METRO",2025-10-08,2025-10-15,29,Jed's Coffee Beans 1kg,35.0,,,,down_down,1kg,$3.50 per 100g,Jed's Coffee Beans 1kg | $3.50 per 100g,92.18,False,,https://caau.syd1.cdn.digitaloceanspaces.com/wp-content/uploads/catalogue/coles/coles-catalogue-october-8-14-2025-vic-metro/29.jpg,https://www.catalogueau.com/coles/#catalogue=coles/coles-catalogue-october-8-14-2025-vic-metro/,displayed_price,displayed_price;unit_price,2,verified
Coles,VIC METRO,"Coles Catalogue October 8 - 14, 2025 VIC METRO",2025-10-08,2025-10-15,29,Nice & Natural Protein or Nut Butter Bars 125g-200g,5.0,,,,down_down,125g; 200g,,Nice & Natural Protein | or Nut Butter Bars 125g-200g,94.58,True,save_amount_missing;regular_price_missing;single_price_evidence,https://caau.syd1.cdn.digitaloceanspaces.com/wp-content/uploads/catalogue/coles/coles-catalogue-october-8-14-2025-vic-metro/29.jpg,https://www.catalogueau.com/coles/#catalogue=coles/coles-catalogue-october-8-14-2025-vic-metro/,displayed_price,displayed_price,1,review
Coles,VIC METRO,"Coles Catalogue October 8 - 14, 2025 VIC METRO",2025-10-08,2025-10-15,29,Wellness Road Black Chia Seeds 300g,5.0,,,,down_down,300g,$1.67 per 100g,Wellness Road Black | Chia Seeds 300g $1.67 per 100g,96.29,False,,https://caau.syd1.cdn.digitaloceanspaces.com/wp-content/uploads/catalogue/coles/coles-catalogue-october-8-14-2025-vic-metro/29.jpg,https://www.catalogueau.com/coles/#catalogue=coles/coles-catalogue-october-8-14-2025-vic-metro/,displayed_price,displayed_price;unit_price,2,verified
Coles,VIC METRO,"Coles Catalogue October 8 - 14, 2025 VIC METRO",2025-10-08,2025-10-15,30,Moccona Liquid Espresso Coffee Sachets 8 Pack,4.3,8.6,4.3,50.0,half_price,8 Pack,$0.54 per each,SAVE$4.30 | WAS$8.60 | Moccona Liquid Espresso Coffee Sachets | 8 Pack $0.54 per each,96.05,False,,https://caau.syd1.cdn.digitaloceanspaces.com/wp-content/uploads/catalogue/coles/coles-catalogue-october-8-14-2025-vic-metro/30.jpg,https://www.catalogueau.com/coles/#catalogue=coles/coles-catalogue-october-8-14-2025-vic-metro/,save_was_arithmetic,save_was_arithmetic;unit_price,2,verified
Coles,VIC METRO,"Coles Catalogue October 8 - 14, 2025 VIC METRO",2025-10-08,2025-10-15,30,Nestlé Milo Frothy Instant Hot Chocolate Sachets 8 Pack,4.3,8.6,4.3,50.0,half_price,8 Pack,$0.54 per each,SAVES4.30 | WASS8.60 | Nestlé Milo Frothy Instant Hot Chocolate | Sachets 8 Pack $0.54 per each,95.84,False,,https://caau.syd1.cdn.digitaloceanspaces.com/wp-content/uploads/catalogue/coles/coles-catalogue-october-8-14-2025-vic-metro/30.jpg,https://www.catalogueau.com/coles/#catalogue=coles/coles-catalogue-october-8-14-2025-vic-metro/,save_was_arithmetic,save_was_arithmetic;unit_price,2,verified
Coles,VIC METRO,"Coles Catalogue October 8 - 14, 2025 VIC METRO",2025-10-08,2025-10-15,30,Vitasoy Almond or Oat Milk 1 Litre,2.0,3.3,1.3,39.39,save_amount,1 Litre,$2.00 per litre,SAVES1.30 | WAS $3.30 | Vitasoy Almond or Oat Milk 1 Litre | $2.00 per litre | i= | =,95.4,False,,https://caau.syd1.cdn.digitaloceanspaces.com/wp-content/uploads/catalogue/coles/coles-catalogue-october-8-14-2025-vic-metro/30.jpg,https://www.catalogueau.com/coles/#catalogue=coles/coles-catalogue-october-8-14-2025-vic-metro/,save_was_arithmetic,displayed_price;save_was_arithmetic;unit_price,3,verified
Coles,VIC METRO,"Coles Catalogue October 8 - 14, 2025 VIC METRO",2025-10-08,2025-10-15,30,BSc Bodyscience Soft Protein Bar 55g,6.0,10.0,4.0,40.0,save_amount,55g,$5.45 per 100g,SAVE %4 | BSc Bodyscience Soft Protein Bar 55g | $5.45 per 100g,93.54,True,unit_price_conflict;single_price_evidence,https://caau.syd1.cdn.digitaloceanspaces.com/wp-content/uploads/catalogue/coles/coles-catalogue-october-8-14-2025-vic-metro/30.jpg,https://www.catalogueau.com/coles/#catalogue=coles/coles-catalogue-october-8-14-2025-vic-metro/,displayed_price,displayed_price,1,review
Coles,VIC METRO,"Coles Catalogue October 8 - 14, 2025 VIC METRO",2025-10-08,2025-10-15,30,Republica Or anic Naturally,13.6,17.0,3.4,20.0,save_amount,,$13.60 per 100g,SAVES3.40 | WASS | Republica Or | anic Naturally | d | Decaffeinate | Coffee 100g | $13.60 per 100g.,79.0,True,low_name_confidence_strict;single_price_evidence,https://caau.syd1.cdn.digitaloceanspaces.com/wp-content/uploads/catalogue/coles/coles-catalogue-october-8-14-2025-vic-metro/30.jpg,https://www.catalogueau.com/coles/#catalogue=coles/coles-catalogue-october-8-14-2025-vic-metro/,displayed_price,displayed_price,1,review
Coles,VIC METRO,"Coles Catalogue October 8 - 14, 2025 VIC METRO",2025-10-08,2025-10-15,30,Lipton Black Tea Bags 100 Pack,4.0,56.1,52.1,92.87,save_amount,100 Pack,$0.05 per each,SAVE52.10 | Lipton Black Tea Bags 100 Pack | $0.05 per each | VIC-METRO-081 0-25-499600,96.04,True,single_price_evidence,https://caau.syd1.cdn.digitaloceanspaces.com/wp-content/uploads/catalogue/coles/coles-catalogue-october-8-14-2025-vic-metro/30.jpg,https://www.catalogueau.com/coles/#catalogue=coles/coles-catalogue-october-8-14-2025-vic-metro/,displayed_price,displayed_price,1,review
Coles,VIC METRO,"Coles Catalogue October 8 - 14, 2025 VIC METRO",2025-10-08,2025-10-15,30,Starbucks by Nespresso Coffee Capsules 10 Pack,6.5,9.3,2.8,30.11,save_amount,10 Pack,$0.65 per each,SAVES2.80 | Starbucks by Nespresso | Coffee Capsules 10 Pack | $0.65 per each | 30,96.54,True,single_price_evidence,https://caau.syd1.cdn.digitaloceanspaces.com/wp-content/uploads/catalogue/coles/coles-catalogue-october-8-14-2025-vic-metro/30.jpg,https://www.catalogueau.com/coles/#catalogue=coles/coles-catalogue-october-8-14-2025-vic-metro/,unit_price,unit_price,1,review
Coles,VIC METRO,"Coles Catalogue October 8 - 14, 2025 VIC METRO",2025-10-08,2025-10-15,31,Moro Olive Oil 1 Litre,16.0,27.0,11.0,40.74,save_amount,1 Litre,$1.60 per 100mL,SAVE S11 | WAS$27 | Moro Olive Oil 1 Litre | $1.60 per 100mL | a | A,96.41,False,,https://caau.syd1.cdn.digitaloceanspaces.com/wp-content/uploads/catalogue/coles/coles-catalogue-october-8-14-2025-vic-metro/31.jpg,https://www.catalogueau.com/coles/#catalogue=coles/coles-catalogue-october-8-14-2025-vic-metro/,save_was_arithmetic,displayed_price;save_was_arithmetic;unit_price,3,verified
Coles,VIC METRO,"Coles Catalogue October 8 - 14, 2025 VIC METRO",2025-10-08,2025-10-15,31,Edgell Beans 400g,1.8,2.2,0.4,18.18,save_amount,400g,$4.50 per kg,WAS $2.20 | WAS $2.20 | AUG 2025 | Edgell Beans 400g | $4.50 per kg,96.61,False,,https://caau.syd1.cdn.digitaloceanspaces.com/wp-content/uploads/catalogue/coles/coles-catalogue-october-8-14-2025-vic-metro/31.jpg,https://www.catalogueau.com/coles/#catalogue=coles/coles-catalogue-october-8-14-2025-vic-metro/,displayed_price,displayed_price;unit_price,2,verified
Coles,VIC METRO,"Coles Catalogue October 8 - 14, 2025 VIC METRO",2025-10-08,2025-10-15,31,Continental Cup a Soup 2 Serves 50g-75g,1.4,2.8,1.4,50.0,half_price,50g; 75g,,SAVE1.40 | WAS$2.80 | Continental Cup a Soup | 2 Serves 50g-75g,94.57,False,,https://caau.syd1.cdn.digitaloceanspaces.com/wp-content/uploads/catalogue/coles/coles-catalogue-october-8-14-2025-vic-metro/31.jpg,https://www.catalogueau.com/coles/#catalogue=coles/coles-catalogue-october-8-14-2025-vic-metro/,save_was_arithmetic,displayed_price;save_was_arithmetic,2,verified
Coles,VIC METRO,"Coles Catalogue October 8 - 14, 2025 VIC METRO",2025-10-08,2025-10-15,31,MasterFoods Squeeze Tomato or Barbecue Sauce 475mL-500mL,2.8,4.2,1.4,33.33,save_amount,475mL; 500mL,,SAVE1.40 | WAS $4.20 | MasterFoods Squeeze Tomato or | Barbecue Sauce 475mL-500mL | dd | — | wr | —,93.86,True,single_price_evidence,https://caau.syd1.cdn.digitaloceanspaces.com/wp-content/uploads/catalogue/coles/coles-catalogue-october-8-14-2025-vic-metro/31.jpg,https://www.catalogueau.com/coles/#catalogue=coles/coles-catalogue-october-8-14-2025-vic-metro/,save_was_arithmetic,save_was_arithmetic,1,review
Coles,VIC METRO,"Coles Catalogue October 8 - 14, 2025 VIC METRO",2025-10-08,2025-10-15,31,La Espanola Olive Oil 3.78 Litre,40.0,49.0,9.0,18.37,save_amount,3.78 Litre,$1.06 per 100mL,SAVES9 | WASS49 | La Espanola Olive Oil | 3.78 Litre $1.06 per 100mL,79.0,True,low_name_confidence_strict,https://caau.syd1.cdn.digitaloceanspaces.com/wp-content/uploads/catalogue/coles/coles-catalogue-october-8-14-2025-vic-metro/31.jpg,https://www.catalogueau.com/coles/#catalogue=coles/coles-catalogue-october-8-14-2025-vic-metro/,save_was_arithmetic,displayed_price;save_was_arithmetic,2,review
Coles,VIC METRO,"Coles Catalogue October 8 - 14, 2025 VIC METRO",2025-10-08,2025-10-15,31,Wi Maggi 2 Minute Noodles 5 Pack 335g-380g,3.5,5.0,1.5,30.0,save_amount,5 Pack; 335g; 380g,,SAVES1.50 | Wi | Maggi 2 Minute Noodles | 5 Pack 335g-380g | VIC-METRO-081 0-25-499600,79.0,True,low_name_confidence_strict;single_price_evidence,https://caau.syd1.cdn.digitaloceanspaces.com/wp-content/uploads/catalogue/coles/coles-catalogue-october-8-14-2025-vic-metro/31.jpg,https://www.catalogueau.com/coles/#catalogue=coles/coles-catalogue-october-8-14-2025-vic-metro/,displayed_price,displayed_price,1,review
Coles,VIC METRO,"Coles Catalogue October 8 - 14, 2025 VIC METRO",2025-10-08,2025-10-15,31,Nongshim Shin Ramyun Noodles 5 Pack 600g,5.0,8.0,3.0,37.5,save_amount,5 Pack; 600g,$0.83 per 100g,SAVES3 | WASS8 | Nongshim Shin Ramyun | Noodles 5 Pack 600g | $0.83 per 100g | 31,94.56,False,,https://caau.syd1.cdn.digitaloceanspaces.com/wp-content/uploads/catalogue/coles/coles-catalogue-october-8-14-2025-vic-metro/31.jpg,https://www.catalogueau.com/coles/#catalogue=coles/coles-catalogue-october-8-14-2025-vic-metro/,save_was_arithmetic,save_was_arithmetic;unit_price,2,verified
Coles,VIC METRO,"Coles Catalogue October 8 - 14, 2025 VIC METRO",2025-10-08,2025-10-15,31,Squeaky Gate Olive Oil 750mL,16.0,20.0,4.0,20.0,save_amount,750mL,$2.13 per 100mL,SAVES4 | WAS$20 | Squeaky Gate Olive Oil | 750mL $2.13 per 100mL | 31,94.31,False,,https://caau.syd1.cdn.digitaloceanspaces.com/wp-content/uploads/catalogue/coles/coles-catalogue-october-8-14-2025-vic-metro/31.jpg,https://www.catalogueau.com/coles/#catalogue=coles/coles-catalogue-october-8-14-2025-vic-metro/,save_was_arithmetic,displayed_price;save_was_arithmetic;unit_price,3,verified
Coles,VIC METRO,"Coles Catalogue October 8 - 14, 2025 VIC METRO",2025-10-08,2025-10-15,31,Nestlé Bakers Choice Baking Chocolate Bits 200g,4.2,,,,special,200g,$2.10 per 100g,Nestlé Bakers Choice Baking Chocolate | Bits 200g $2.10 per 100g | @z=,96.42,False,,https://caau.syd1.cdn.digitaloceanspaces.com/wp-content/uploads/catalogue/coles/coles-catalogue-october-8-14-2025-vic-metro/31.jpg,https://www.catalogueau.com/coles/#catalogue=coles/coles-catalogue-october-8-14-2025-vic-metro/,displayed_price,displayed_price;unit_price,2,verified
Coles,VIC METRO,"Coles Catalogue October 8 - 14, 2025 VIC METRO",2025-10-08,2025-10-15,32,Perfect Italiano Grated Cheese 250g,5.8,6.5,0.7,10.77,save_amount,250g,$23.20 per kg,WAS $6.50 | WAS $6.50 | AUG 2025 | Perfect Italiano Grated | Cheese 250g $23.20 per kg,95.6,False,,https://caau.syd1.cdn.digitaloceanspaces.com/wp-content/uploads/catalogue/coles/coles-catalogue-october-8-14-2025-vic-metro/32.jpg,https://www.catalogueau.com/coles/#catalogue=coles/coles-catalogue-october-8-14-2025-vic-metro/,displayed_price,displayed_price;unit_price,2,verified
Coles,VIC METRO,"Coles Catalogue October 8 - 14, 2025 VIC METRO",2025-10-08,2025-10-15,32,Bega Cheese Slices 432g,8.0,9.0,1.0,11.11,save_amount,432g,$18.52 per kg,WASS$9 | WASS$9 | SEP 2025 | Bega Cheese Slices 432g | $18.52 per kg,96.63,False,,https://caau.syd1.cdn.digitaloceanspaces.com/wp-content/uploads/catalogue/coles/coles-catalogue-october-8-14-2025-vic-metro/32.jpg,https://www.catalogueau.com/coles/#catalogue=coles/coles-catalogue-october-8-14-2025-vic-metro/,displayed_price,displayed_price;unit_price,2,verified
Coles,VIC METRO,"Coles Catalogue October 8 - 14, 2025 VIC METRO",2025-10-08,2025-10-15,32,Black Swan Crafted Dip 150g-170g,4.2,5.0,0.8,16.0,save_amount,150g; 170g,,WAS$5 | WAS$5 | AUG 2025 | Black Swan Crafted Dip | 150g-170g,92.96,True,single_price_evidence,https://caau.syd1.cdn.digitaloceanspaces.com/wp-content/uploads/catalogue/coles/coles-catalogue-october-8-14-2025-vic-metro/32.jpg,https://www.catalogueau.com/coles/#catalogue=coles/coles-catalogue-october-8-14-2025-vic-metro/,displayed_price,displayed_price,1,review
Coles,VIC METRO,"Coles Catalogue October 8 - 14, 2025 VIC METRO",2025-10-08,2025-10-15,32,Yumi's Dip 200g,3.5,4.5,1.0,22.22,save_amount,200g,$1.75 per 100g,SAVE 51 | WASS4.50 | Yumi's Dip 200g | $1.75 per 100g | | | IATMIGLA & © | g | ee,94.42,False,,https://caau.syd1.cdn.digitaloceanspaces.com/wp-content/uploads/catalogue/coles/coles-catalogue-october-8-14-2025-vic-metro/32.jpg,https://www.catalogueau.com/coles/#catalogue=coles/coles-catalogue-october-8-14-2025-vic-metro/,save_was_arithmetic,displayed_price;save_was_arithmetic;unit_price,3,verified
Coles,VIC METRO,"Coles Catalogue October 8 - 14, 2025 VIC METRO",2025-10-08,2025-10-15,32,La Famiglia Garlic Bread Slices 270g,4.0,6.5,2.5,38.46,save_amount,270g,$1.48 per 100g,SAVES2.50 | WASS6.50 | La Famiglia Garlic Bread Slices | 270g $1.48 per 100g | Catallos | special,96.2,False,,https://caau.syd1.cdn.digitaloceanspaces.com/wp-content/uploads/catalogue/coles/coles-catalogue-october-8-14-2025-vic-metro/32.jpg,https://www.catalogueau.com/coles/#catalogue=coles/coles-catalogue-october-8-14-2025-vic-metro/,save_was_arithmetic,save_was_arithmetic;unit_price,2,verified
Coles,VIC METRO,"Coles Catalogue October 8 - 14, 2025 VIC METRO",2025-10-08,2025-10-15,32,Western Star Butter 500g,7.5,8.5,1.0,11.76,save_amount,500g,$1.50 per 100g,"SAVES1 | WASS$8.50 | Western Star Butter 500g | $1.50 | $1.50 per 100g | Catalogue on sale Wed 8th Oct until Tue 14th Oct 2025 or until Tue 21st Oct where indicated. Selected | specials commenced Wed 1st Oct. Promotional prices commence 7am Wednesday and may commence or extend | beyond the advertised date. Promotional products and prices are not available on DoorDash, UberEats or at Coles Express,",96.15,False,,https://caau.syd1.cdn.digitaloceanspaces.com/wp-content/uploads/catalogue/coles/coles-catalogue-october-8-14-2025-vic-metro/32.jpg,https://www.catalogueau.com/coles/#catalogue=coles/coles-catalogue-october-8-14-2025-vic-metro/,save_was_arithmetic,displayed_price;save_was_arithmetic;unit_price,3,verified
Coles,VIC METRO,"Coles Catalogue October 8 - 14, 2025 VIC METRO",2025-10-08,2025-10-15,32,Cheer Cheese Slices 500g,10.0,11.0,1.0,9.09,save_amount,500g,$20.00 per kg,WASS11 | WASS11 | Cheer Cheese Slices 500g | $20.00 per kg,96.21,False,,https://caau.syd1.cdn.digitaloceanspaces.com/wp-content/uploads/catalogue/coles/coles-catalogue-october-8-14-2025-vic-metro/32.jpg,https://www.catalogueau.com/coles/#catalogue=coles/coles-catalogue-october-8-14-2025-vic-metro/,displayed_price,displayed_price;unit_price,2,verified
Coles,VIC METRO,"Coles Catalogue October 8 - 14, 2025 VIC METRO",2025-10-08,2025-10-15,32,Coles Cream Cheese 190g,4.0,,,,down_down,190g,$21.05 per kg,Coles Cream Cheese 190g | $21.05 per kg,95.74,False,,https://caau.syd1.cdn.digitaloceanspaces.com/wp-content/uploads/catalogue/coles/coles-catalogue-october-8-14-2025-vic-metro/32.jpg,https://www.catalogueau.com/coles/#catalogue=coles/coles-catalogue-october-8-14-2025-vic-metro/,displayed_price,displayed_price;unit_price,2,verified
Coles,VIC METRO,"Coles Catalogue October 8 - 14, 2025 VIC METRO",2025-10-08,2025-10-15,33,Tasmanian Heritage Double Cream Brie or Camembert 200g,5.9,11.95,6.05,50.63,save_amount,200g,$29.50 per kg,SAVE°6.05 | WASS11.95 | Tasmanian Heritage Double Cream Brie | or Camembert 200g $29.50 per kg | SANT | 7 | aR | Tal,96.16,False,,https://caau.syd1.cdn.digitaloceanspaces.com/wp-content/uploads/catalogue/coles/coles-catalogue-october-8-14-2025-vic-metro/33.jpg,https://www.catalogueau.com/coles/#catalogue=coles/coles-catalogue-october-8-14-2025-vic-metro/,save_was_arithmetic,save_was_arithmetic;unit_price,2,verified
Coles,VIC METRO,"Coles Catalogue October 8 - 14, 2025 VIC METRO",2025-10-08,2025-10-15,33,Jaina Greek Style Yoghurt 1kg,7.0,8.8,1.8,20.45,save_amount,1kg,$0.70 per 100g,SAVES1.80 | WASS$8.80 | Jaina Greek Style Yoghurt 1kg | $0.70 per 100g,79.0,True,low_name_confidence_strict,https://caau.syd1.cdn.digitaloceanspaces.com/wp-content/uploads/catalogue/coles/coles-catalogue-october-8-14-2025-vic-metro/33.jpg,https://www.catalogueau.com/coles/#catalogue=coles/coles-catalogue-october-8-14-2025-vic-metro/,save_was_arithmetic,displayed_price;save_was_arithmetic;unit_price,3,review
Coles,VIC METRO,"Coles Catalogue October 8 - 14, 2025 VIC METRO",2025-10-08,2025-10-15,33,Tamar Valley Dairy The Creamery Yoghurt 170g,2.2,3.0,0.8,26.67,save_amount,170g,$1.29 per 100g,SAVE 80° | WASS3 | Tamar Valley Dairy The | Creamery Yoghurt 170g | $1.29 | $1.29 per 100g,96.2,True,single_price_evidence,https://caau.syd1.cdn.digitaloceanspaces.com/wp-content/uploads/catalogue/coles/coles-catalogue-october-8-14-2025-vic-metro/33.jpg,https://www.catalogueau.com/coles/#catalogue=coles/coles-catalogue-october-8-14-2025-vic-metro/,unit_price,unit_price,1,review
Coles,VIC METRO,"Coles Catalogue October 8 - 14, 2025 VIC METRO",2025-10-08,2025-10-15,33,Danone Ultimate Yoghurt 4x115g,4.0,5.75,1.75,30.43,save_amount,4x115g,$0.87 per 100g,SAVE‘1.75 | WASS5.75 | Danone Ultimate | Yoghurt 4x115g | $0.87 per 100g | = | = | =,93.07,False,,https://caau.syd1.cdn.digitaloceanspaces.com/wp-content/uploads/catalogue/coles/coles-catalogue-october-8-14-2025-vic-metro/33.jpg,https://www.catalogueau.com/coles/#catalogue=coles/coles-catalogue-october-8-14-2025-vic-metro/,save_was_arithmetic,displayed_price;save_was_arithmetic;unit_price,3,verified
Coles,VIC METRO,"Coles Catalogue October 8 - 14, 2025 VIC METRO",2025-10-08,2025-10-15,33,Dairy Farmers Thick & Creamy Yoghurt 600g,4.15,5.95,1.8,30.25,save_amount,600g,$0.69 per 100g,SAVE‘1.80 | WASS5.95 | Dairy Farmers Thick & | Creamy Yoghurt 600g | $0.69 per 100g | =,95.73,False,,https://caau.syd1.cdn.digitaloceanspaces.com/wp-content/uploads/catalogue/coles/coles-catalogue-october-8-14-2025-vic-metro/33.jpg,https://www.catalogueau.com/coles/#catalogue=coles/coles-catalogue-october-8-14-2025-vic-metro/,save_was_arithmetic,save_was_arithmetic;unit_price,2,verified
Coles,VIC METRO,"Coles Catalogue October 8 - 14, 2025 VIC METRO",2025-10-08,2025-10-15,33,Gippsland Dairy Mix-ins 140g,9.0,12.6,3.6,28.57,save_amount,140g,$2.14 per 100g,SAVE *3.60 | Gippsland Dairy Mix-ins | 140g $2.14 per 100g | ox THT | ich,94.59,True,unit_price_conflict;single_price_evidence,https://caau.syd1.cdn.digitaloceanspaces.com/wp-content/uploads/catalogue/coles/coles-catalogue-october-8-14-2025-vic-metro/33.jpg,https://www.catalogueau.com/coles/#catalogue=coles/coles-catalogue-october-8-14-2025-vic-metro/,displayed_price,displayed_price,1,review
Coles,VIC METRO,"Coles Catalogue October 8 - 14, 2025 VIC METRO",2025-10-08,2025-10-15,33,Grove Fresh Juice 1.5 Litre,6.95,7.95,1.0,12.58,save_amount,1.5 Litre,$4.63 per litre,WAS$7.95 | WAS$7.95 | SEP 2025 | Grove Fresh Juice | 1.5 Litre $4.63 per litre | 33,96.29,False,,https://caau.syd1.cdn.digitaloceanspaces.com/wp-content/uploads/catalogue/coles/coles-catalogue-october-8-14-2025-vic-metro/33.jpg,https://www.catalogueau.com/coles/#catalogue=coles/coles-catalogue-october-8-14-2025-vic-metro/,displayed_price,displayed_price;unit_price,2,verified
Coles,VIC METRO,"Coles Catalogue October 8 - 14, 2025 VIC METRO",2025-10-08,2025-10-15,33,Pauls Plus+ Protein Low Fat Milk 400mL,3.4,4.4,1.0,22.73,save_amount,400mL,$8.50 per litre,SAVE*1 | WASS$4.40 | Pauls Plus+ Protein | Low Fat Milk 400mL | $8.50 per litre | 33,94.8,False,,https://caau.syd1.cdn.digitaloceanspaces.com/wp-content/uploads/catalogue/coles/coles-catalogue-october-8-14-2025-vic-metro/33.jpg,https://www.catalogueau.com/coles/#catalogue=coles/coles-catalogue-october-8-14-2025-vic-metro/,save_was_arithmetic,displayed_price;save_was_arithmetic;unit_price,3,verified
Coles,VIC METRO,"Coles Catalogue October 8 - 14, 2025 VIC METRO",2025-10-08,2025-10-15,33,Ice Break Flavoured Milk 500mL,3.0,3.95,0.95,24.05,save_amount,500mL,$6.00 per litre,SAVE 95°‘ | WAS$3.95 | Ice Break Flavoured Milk | 500mL $6.00 per litre | VIC-METRO-081 0-25-499600,95.41,False,,https://caau.syd1.cdn.digitaloceanspaces.com/wp-content/uploads/catalogue/coles/coles-catalogue-october-8-14-2025-vic-metro/33.jpg,https://www.catalogueau.com/coles/#catalogue=coles/coles-catalogue-october-8-14-2025-vic-metro/,displayed_price,displayed_price;unit_price,2,verified
Coles,VIC METRO,"Coles Catalogue October 8 - 14, 2025 VIC METRO",2025-10-08,2025-10-15,33,Coles Kitchen Filled Pasta 600g,6.0,,,,down_down,600g,$1.00 per 100g,Coles Kitchen Filled Pasta | 600g $1.00 per 100g,96.48,True,single_price_evidence,https://caau.syd1.cdn.digitaloceanspaces.com/wp-content/uploads/catalogue/coles/coles-catalogue-october-8-14-2025-vic-metro/33.jpg,https://www.catalogueau.com/coles/#catalogue=coles/coles-catalogue-october-8-14-2025-vic-metro/,unit_price,unit_price,1,review
Coles,VIC METRO,"Coles Catalogue October 8 - 14, 2025 VIC METRO",2025-10-08,2025-10-15,34,Lean Cuisine Dinner Meal 375g,4.9,7.0,2.1,30.0,save_amount,375g,$1.31 per 100g,SAVE52.10 | WASS7 | Lean Cuisine Dinner Meal 375g | $1.31 per 100g | acer | —<— | ee | },96.71,True,single_price_evidence,https://caau.syd1.cdn.digitaloceanspaces.com/wp-content/uploads/catalogue/coles/coles-catalogue-october-8-14-2025-vic-metro/34.jpg,https://www.catalogueau.com/coles/#catalogue=coles/coles-catalogue-october-8-14-2025-vic-metro/,unit_price,unit_price,1,review
Coles,VIC METRO,"Coles Catalogue October 8 - 14, 2025 VIC METRO",2025-10-08,2025-10-15,34,Four'N Twenty Traditional Meat Pies 4 Pack 700g,6.9,9.5,2.6,27.37,save_amount,4 Pack; 700g,$0.99 per 100g,SAVE‘2.60 | WASS$9.50 | Four'N Twenty Traditional Meat Pies | 4 Pack 700g $0.99 per 100g | MEATBALLS],93.1,False,,https://caau.syd1.cdn.digitaloceanspaces.com/wp-content/uploads/catalogue/coles/coles-catalogue-october-8-14-2025-vic-metro/34.jpg,https://www.catalogueau.com/coles/#catalogue=coles/coles-catalogue-october-8-14-2025-vic-metro/,save_was_arithmetic,displayed_price;save_was_arithmetic;unit_price,3,verified
Coles,VIC METRO,"Coles Catalogue October 8 - 14, 2025 VIC METRO",2025-10-08,2025-10-15,34,Fropro FPFC Chicken Tenders 300g,9.95,12.95,3.0,23.17,save_amount,300g,$33.17 per kg,SAVE 3 | WASS12.95 | Fropro FPFC Chicken Tenders 300g | $33.17 per kg,95.12,False,,https://caau.syd1.cdn.digitaloceanspaces.com/wp-content/uploads/catalogue/coles/coles-catalogue-october-8-14-2025-vic-metro/34.jpg,https://www.catalogueau.com/coles/#catalogue=coles/coles-catalogue-october-8-14-2025-vic-metro/,save_was_arithmetic,displayed_price;save_was_arithmetic;unit_price,3,verified
Coles,VIC METRO,"Coles Catalogue October 8 - 14, 2025 VIC METRO",2025-10-08,2025-10-15,34,Core Powerfoods Frozen Meal 350g,15.0,19.0,4.0,21.05,save_amount,350g,$2.14 per 100g,SAVE 54 | Core Powerfoods Frozen Meal 350g | $2.14 per 100g,93.17,True,unit_price_conflict;single_price_evidence,https://caau.syd1.cdn.digitaloceanspaces.com/wp-content/uploads/catalogue/coles/coles-catalogue-october-8-14-2025-vic-metro/34.jpg,https://www.catalogueau.com/coles/#catalogue=coles/coles-catalogue-october-8-14-2025-vic-metro/,displayed_price,displayed_price,1,review
Coles,VIC METRO,"Coles Catalogue October 8 - 14, 2025 VIC METRO",2025-10-08,2025-10-15,34,1&J Fish Fillets 425g,6.5,8.0,1.5,18.75,save_amount,425g,$15.29 per kg,SAVE‘1.50 | WASS$8 | 1&J Fish Fillets 425g | $15.29 per kg | ADVERTISER PROMOTION | VIC-METRO-081 0-25-499600,94.59,False,,https://caau.syd1.cdn.digitaloceanspaces.com/wp-content/uploads/catalogue/coles/coles-catalogue-october-8-14-2025-vic-metro/34.jpg,https://www.catalogueau.com/coles/#catalogue=coles/coles-catalogue-october-8-14-2025-vic-metro/,save_was_arithmetic,save_was_arithmetic;unit_price,2,verified
Coles,VIC METRO,"Coles Catalogue October 8 - 14, 2025 VIC METRO",2025-10-08,2025-10-15,35,Charlotte's Bakery Slow Cooked Pies 2 Pack 400g,5.9,11.8,5.9,50.0,half_price,2 Pack; 400g,$1.48 per 100g,SAVE%5.90 | WASS11.80 | Charlotte's Bakery | Slow Cooked Pies 2 Pack 400g | $1.48 per 100g,95.7,False,,https://caau.syd1.cdn.digitaloceanspaces.com/wp-content/uploads/catalogue/coles/coles-catalogue-october-8-14-2025-vic-metro/35.jpg,https://www.catalogueau.com/coles/#catalogue=coles/coles-catalogue-october-8-14-2025-vic-metro/,save_was_arithmetic,save_was_arithmetic;unit_price,2,verified
Coles,VIC METRO,"Coles Catalogue October 8 - 14, 2025 VIC METRO",2025-10-08,2025-10-15,35,Four'N Twenty Traveller Classic Beef Pie 160g,2.15,4.3,2.15,50.0,half_price,160g,$1.34 per 100g,WASS4.30 | WASS4.30 | Four'N Twenty Traveller Classic | Beef Pie 160g $1.34 per 100g,94.09,True,single_price_evidence,https://caau.syd1.cdn.digitaloceanspaces.com/wp-content/uploads/catalogue/coles/coles-catalogue-october-8-14-2025-vic-metro/35.jpg,https://www.catalogueau.com/coles/#catalogue=coles/coles-catalogue-october-8-14-2025-vic-metro/,unit_price,unit_price,1,review
Coles,VIC METRO,"Coles Catalogue October 8 - 14, 2025 VIC METRO",2025-10-08,2025-10-15,35,Hong Kong Dim Sim Kitchen Pork & Chive Dumplings 300g,4.25,8.5,4.25,50.0,half_price,300g,$1.42 per 100g,WASS$8.50 | WASS$8.50 | Hong Kong Dim Sim Kitchen | Pork & Chive Dumplings 300g | $1.42 per 100g,96.04,True,single_price_evidence,https://caau.syd1.cdn.digitaloceanspaces.com/wp-content/uploads/catalogue/coles/coles-catalogue-october-8-14-2025-vic-metro/35.jpg,https://www.catalogueau.com/coles/#catalogue=coles/coles-catalogue-october-8-14-2025-vic-metro/,unit_price,unit_price,1,review
Coles,VIC METRO,"Coles Catalogue October 8 - 14, 2025 VIC METRO",2025-10-08,2025-10-15,35,Edgell Chiko Rolls 4 Pack 650g,6.0,7.5,1.5,20.0,save_amount,4 Pack; 650g,$0.92 per 100g,WAS $7.50 | WAS $7.50 | AUG 2025 | Edgell Chiko Rolls 4 Pack 650g | $0.92 per 100g,96.61,False,,https://caau.syd1.cdn.digitaloceanspaces.com/wp-content/uploads/catalogue/coles/coles-catalogue-october-8-14-2025-vic-metro/35.jpg,https://www.catalogueau.com/coles/#catalogue=coles/coles-catalogue-october-8-14-2025-vic-metro/,displayed_price,displayed_price;unit_price,2,verified
Coles,VIC METRO,"Coles Catalogue October 8 - 14, 2025 VIC METRO",2025-10-08,2025-10-15,35,Birds Eye Deli Sea Salt & Rosemary Seasoned Chips 600g,4.5,6.2,1.7,27.42,save_amount,600g,$7.50 per kg,SAVE51.70 | ‘WAS$6.20 | Birds Eye Deli Sea Salt & Rosemary | Seasoned Chips 600g | $7.50 per kg | ‘oles,96.18,True,single_price_evidence,https://caau.syd1.cdn.digitaloceanspaces.com/wp-content/uploads/catalogue/coles/coles-catalogue-october-8-14-2025-vic-metro/35.jpg,https://www.catalogueau.com/coles/#catalogue=coles/coles-catalogue-october-8-14-2025-vic-metro/,unit_price,unit_price,1,review
Coles,VIC METRO,"Coles Catalogue October 8 - 14, 2025 VIC METRO",2025-10-08,2025-10-15,35,Sara Lee Frozen Cheesecake 360g-425g,7.2,9.0,1.8,20.0,save_amount,360g; 425g,,SAVE‘1.80 | WASS9 | Sara Lee Frozen Cheesecake | 360g-425g | 35,93.69,True,single_price_evidence,https://caau.syd1.cdn.digitaloceanspaces.com/wp-content/uploads/catalogue/coles/coles-catalogue-october-8-14-2025-vic-metro/35.jpg,https://www.catalogueau.com/coles/#catalogue=coles/coles-catalogue-october-8-14-2025-vic-metro/,save_was_arithmetic,save_was_arithmetic,1,review
Coles,VIC METRO,"Coles Catalogue October 8 - 14, 2025 VIC METRO",2025-10-08,2025-10-15,35,KB's Gyoza 750g,14.4,18.0,3.6,20.0,save_amount,750g,$1.92 per 100g,SAVES3.60 | WASS18 | KB's Gyoza 750g | $1.92 per 100g,92.89,False,,https://caau.syd1.cdn.digitaloceanspaces.com/wp-content/uploads/catalogue/coles/coles-catalogue-october-8-14-2025-vic-metro/35.jpg,https://www.catalogueau.com/coles/#catalogue=coles/coles-catalogue-october-8-14-2025-vic-metro/,save_was_arithmetic,save_was_arithmetic;unit_price,2,verified
Coles,VIC METRO,"Coles Catalogue October 8 - 14, 2025 VIC METRO",2025-10-08,2025-10-15,35,Coles Ice Cream Sandwich 4 Pack 440mL,3.78,,,,special,4 Pack; 440mL,$0.86 per 100mL,Coles Ice Cream Sandwich | 4 Pack 440mL $0.86 per 100mL | VIC-METRO-081 0-25-499600,94.39,True,offer_labels_missing;save_amount_missing;regular_price_missing;inferred_price_requires_review,https://caau.syd1.cdn.digitaloceanspaces.com/wp-content/uploads/catalogue/coles/coles-catalogue-october-8-14-2025-vic-metro/35.jpg,https://www.catalogueau.com/coles/#catalogue=coles/coles-catalogue-october-8-14-2025-vic-metro/,unit_price,grid_inference;unit_price,1,review
Coles,VIC METRO,"Coles Catalogue October 8 - 14, 2025 VIC METRO",2025-10-08,2025-10-15,35,Della Rosa Thin & Crispy Meatlovers Pizza 350g,5.99,,,,down_down,350g,$1.71 per 100g,Della Rosa Thin & Crispy | Meatlovers Pizza 350g | $1.71 per 100g | gua Ge,93.6,False,,https://caau.syd1.cdn.digitaloceanspaces.com/wp-content/uploads/catalogue/coles/coles-catalogue-october-8-14-2025-vic-metro/35.jpg,https://www.catalogueau.com/coles/#catalogue=coles/coles-catalogue-october-8-14-2025-vic-metro/,displayed_price,displayed_price;unit_price,2,verified
Coles,VIC METRO,"Coles Catalogue October 8 - 14, 2025 VIC METRO",2025-10-08,2025-10-15,36,Connoisseur Ice Cream Tub 1 Litre,6.0,12.0,6.0,50.0,half_price,1 Litre,$0.60 per 100mL,SAVES6 | WASS12 | Connoisseur Ice Cream Tub | 1 Litre $0.60 per 100mL | eS | oem | tick,94.82,False,,https://caau.syd1.cdn.digitaloceanspaces.com/wp-content/uploads/catalogue/coles/coles-catalogue-october-8-14-2025-vic-metro/36.jpg,https://www.catalogueau.com/coles/#catalogue=coles/coles-catalogue-october-8-14-2025-vic-metro/,save_was_arithmetic,displayed_price;save_was_arithmetic;unit_price,3,verified
Coles,VIC METRO,"Coles Catalogue October 8 - 14, 2025 VIC METRO",2025-10-08,2025-10-15,36,Streets Paddle Pop Sticks 8 Pack 544mL,5.4,9.0,3.6,40.0,save_amount,8 Pack; 544mL,$0.99 per 100mL,SAVE$3.60 | Streets Paddle Pop Sticks 8 Pack | 544mL $0.99 per 100mL,94.43,False,,https://caau.syd1.cdn.digitaloceanspaces.com/wp-content/uploads/catalogue/coles/coles-catalogue-october-8-14-2025-vic-metro/36.jpg,https://www.catalogueau.com/coles/#catalogue=coles/coles-catalogue-october-8-14-2025-vic-metro/,displayed_price,displayed_price;unit_price,2,verified
Coles,VIC METRO,"Coles Catalogue October 8 - 14, 2025 VIC METRO",2025-10-08,2025-10-15,36,Peters Drumstick Cones 4 Pack-6 Pack 475mL-490mL,5.7,9.5,3.8,40.0,save_amount,4 Pack; 6 Pack; 475mL; 490mL,,SAVE 53.80 | WASS9.50 | Peters Drumstick Cones | 4 Pack-6 Pack 475mL-490mL | a | & | \,92.9,False,,https://caau.syd1.cdn.digitaloceanspaces.com/wp-content/uploads/catalogue/coles/coles-catalogue-october-8-14-2025-vic-metro/36.jpg,https://www.catalogueau.com/coles/#catalogue=coles/coles-catalogue-october-8-14-2025-vic-metro/,save_was_arithmetic,displayed_price;save_was_arithmetic,2,verified
Coles,VIC METRO,"Coles Catalogue October 8 - 14, 2025 VIC METRO",2025-10-08,2025-10-15,36,Weis Frozen Dessert Bars 4 Pack-6 Pack 264mL-280mL,6.5,9.5,3.0,31.58,save_amount,4 Pack; 6 Pack; 264mL; 280mL,,SAVES3 | WASS9.50 | Weis Frozen Dessert Bars | 4 Pack-6 Pack 264mL-280mL,93.68,False,,https://caau.syd1.cdn.digitaloceanspaces.com/wp-content/uploads/catalogue/coles/coles-catalogue-october-8-14-2025-vic-metro/36.jpg,https://www.catalogueau.com/coles/#catalogue=coles/coles-catalogue-october-8-14-2025-vic-metro/,save_was_arithmetic,displayed_price;save_was_arithmetic,2,verified
Coles,VIC METRO,"Coles Catalogue October 8 - 14, 2025 VIC METRO",2025-10-08,2025-10-15,36,Destination Italy Gelato Tub 500mL,11.0,12.5,1.5,12.0,save_amount,500mL,$2.20 per 100mL,WAS $12.50 | WAS $12.50 | SEP 2025 | Destination Italy Gelato Tub | 500mL $2.20 per 100mL,91.27,False,,https://caau.syd1.cdn.digitaloceanspaces.com/wp-content/uploads/catalogue/coles/coles-catalogue-october-8-14-2025-vic-metro/36.jpg,https://www.catalogueau.com/coles/#catalogue=coles/coles-catalogue-october-8-14-2025-vic-metro/,displayed_price,displayed_price;unit_price,2,verified
Coles,VIC METRO,"Coles Catalogue October 8 - 14, 2025 VIC METRO",2025-10-08,2025-10-15,36,Streets Calippo 6 Pack-10 Pack 525mL-575mL or Cyclone Sticks 8 Pack 688mL 2nd week,7.0,9.0,2.0,22.22,save_amount,6 Pack; 10 Pack; 525mL; 575mL; 8 Pack; 688mL,,SAVE‘2. | WASS9 | Streets Calippo 6 Pack-10 Pack | 525mL-575mL or Cyclone Sticks | 8 Pack 688mL 2nd week on sale | VIC-METRO-081 0-25-499600,93.84,False,,https://caau.syd1.cdn.digitaloceanspaces.com/wp-content/uploads/catalogue/coles/coles-catalogue-october-8-14-2025-vic-metro/36.jpg,https://www.catalogueau.com/coles/#catalogue=coles/coles-catalogue-october-8-14-2025-vic-metro/,save_was_arithmetic,displayed_price;save_was_arithmetic,2,verified
Coles,VIC METRO,"Coles Catalogue October 8 - 14, 2025 VIC METRO",2025-10-08,2025-10-15,36,Ben & Jerry's Ice Cream Tub 427mL-458mL,9.5,14.5,5.0,34.48,save_amount,427mL; 458mL,,SAVESS: | WASS14.50 | Ben & Jerry's Ice Cream Tub | 427mL-458mL | 36,92.44,True,single_price_evidence,https://caau.syd1.cdn.digitaloceanspaces.com/wp-content/uploads/catalogue/coles/coles-catalogue-october-8-14-2025-vic-metro/36.jpg,https://www.catalogueau.com/coles/#catalogue=coles/coles-catalogue-october-8-14-2025-vic-metro/,displayed_price,displayed_price,1,review
Coles,VIC METRO,"Coles Catalogue October 8 - 14, 2025 VIC METRO",2025-10-08,2025-10-15,36,Coles Irresistible Ice Cream Tub 1 Litre,6.5,,,,special,1 Litre,$0.65 per 100mL,Coles Irresistible Ice Cream Tub | 1 Litre $0.65 per 100mL,93.68,False,,https://caau.syd1.cdn.digitaloceanspaces.com/wp-content/uploads/catalogue/coles/coles-catalogue-october-8-14-2025-vic-metro/36.jpg,https://www.catalogueau.com/coles/#catalogue=coles/coles-catalogue-october-8-14-2025-vic-metro/,displayed_price,displayed_price;unit_price,2,verified
Coles,VIC METRO,"Coles Catalogue October 8 - 14, 2025 VIC METRO",2025-10-08,2025-10-15,37,Maybelline Lifter Lip Gloss 5.4mL,10.5,21.0,10.5,50.0,half_price,5.4mL,,WASS$21 | WASS$21 | Maybelline Lifter Lip Gloss 5.4mL | $19.44 per 10mL | BE] | Me,94.93,True,inferred_price_requires_review,https://caau.syd1.cdn.digitaloceanspaces.com/wp-content/uploads/catalogue/coles/coles-catalogue-october-8-14-2025-vic-metro/37.jpg,https://www.catalogueau.com/coles/#catalogue=coles/coles-catalogue-october-8-14-2025-vic-metro/,page_discount_inference,page_discount,0,review
Coles,VIC METRO,"Coles Catalogue October 8 - 14, 2025 VIC METRO",2025-10-08,2025-10-15,37,Maybelline Sky High Mascara 7.2mL,13.0,26.0,13.0,50.0,half_price,7.2mL,,WAS$26 | WAS$26 | Maybelline Sky High Mascara | 7.2mL $18.06 per 10mL | Se,90.54,True,inferred_price_requires_review,https://caau.syd1.cdn.digitaloceanspaces.com/wp-content/uploads/catalogue/coles/coles-catalogue-october-8-14-2025-vic-metro/37.jpg,https://www.catalogueau.com/coles/#catalogue=coles/coles-catalogue-october-8-14-2025-vic-metro/,displayed_price,displayed_price;page_discount,1,review
Coles,VIC METRO,"Coles Catalogue October 8 - 14, 2025 VIC METRO",2025-10-08,2025-10-15,37,Maybelline SuperStay Vinyl Ink Lipstick 4.2mL,13.5,27.0,13.5,50.0,half_price,4.2mL,,WAS$27 | WAS$27 | Maybelline SuperStay Vinyl Ink | Lipstick 4.2mL $32.14 per 10mL | MAYBELLING,90.2,True,inferred_price_requires_review,https://caau.syd1.cdn.digitaloceanspaces.com/wp-content/uploads/catalogue/coles/coles-catalogue-october-8-14-2025-vic-metro/37.jpg,https://www.catalogueau.com/coles/#catalogue=coles/coles-catalogue-october-8-14-2025-vic-metro/,page_discount_inference,page_discount,0,review
Coles,VIC METRO,"Coles Catalogue October 8 - 14, 2025 VIC METRO",2025-10-08,2025-10-15,37,Maybelline Teddy Tint Lipstick 5mL,13.5,27.0,13.5,50.0,half_price,5mL,,WAS$27 | WAS$27 | Maybelline Teddy Tint Lipstick | 5mL $27.00 per 10mL,93.3,True,inferred_price_requires_review,https://caau.syd1.cdn.digitaloceanspaces.com/wp-content/uploads/catalogue/coles/coles-catalogue-october-8-14-2025-vic-metro/37.jpg,https://www.catalogueau.com/coles/#catalogue=coles/coles-catalogue-october-8-14-2025-vic-metro/,page_discount_inference,page_discount,0,review
Coles,VIC METRO,"Coles Catalogue October 8 - 14, 2025 VIC METRO",2025-10-08,2025-10-15,37,L'Oréal Paris Panorama Mascara 9.9mL,16.5,33.0,16.5,50.0,half_price,9.9mL,,WAS$33 | WAS$33 | L'Oréal Paris Panorama Mascara | 9.9mL $16.67 per 10mL. | *See page 15 for T&Cs | TExcludes Every Day & clearance items,92.33,True,inferred_price_requires_review,https://caau.syd1.cdn.digitaloceanspaces.com/wp-content/uploads/catalogue/coles/coles-catalogue-october-8-14-2025-vic-metro/37.jpg,https://www.catalogueau.com/coles/#catalogue=coles/coles-catalogue-october-8-14-2025-vic-metro/,page_discount_inference,page_discount,0,review
Coles,VIC METRO,"Coles Catalogue October 8 - 14, 2025 VIC METRO",2025-10-08,2025-10-15,37,Maybelline Lumi Matte Foundation 35mL,17.5,35.0,17.5,50.0,half_price,35mL,,WAS$35 | WAS$35 | Maybelline Lumi Matte | Foundation 35mL $5.00 per 10mL,92.82,True,inferred_price_requires_review,https://caau.syd1.cdn.digitaloceanspaces.com/wp-content/uploads/catalogue/coles/coles-catalogue-october-8-14-2025-vic-metro/37.jpg,https://www.catalogueau.com/coles/#catalogue=coles/coles-catalogue-october-8-14-2025-vic-metro/,page_discount_inference,page_discount,0,review
Coles,VIC METRO,"Coles Catalogue October 8 - 14, 2025 VIC METRO",2025-10-08,2025-10-15,37,Maybelline Lifter Glaze Lip Balm 2.8g,10.0,20.0,10.0,50.0,half_price,2.8g,,WAS$20 | WAS$20 | Maybelline Lifter Glaze | Lip Balm 2.8g $35.71 per 10g | On sale for 2 weeks,95.76,True,inferred_price_requires_review,https://caau.syd1.cdn.digitaloceanspaces.com/wp-content/uploads/catalogue/coles/coles-catalogue-october-8-14-2025-vic-metro/37.jpg,https://www.catalogueau.com/coles/#catalogue=coles/coles-catalogue-october-8-14-2025-vic-metro/,displayed_price,displayed_price;page_discount,1,review
Coles,VIC METRO,"Coles Catalogue October 8 - 14, 2025 VIC METRO",2025-10-08,2025-10-15,38,WaterWipes Baby Wipes 60 Pack,4.25,,,,special,60 Pack,$7.08 per 100 each,WaterWipes Baby Wipes | 60 Pack $7.08 per 100 each,95.62,True,single_price_evidence,https://caau.syd1.cdn.digitaloceanspaces.com/wp-content/uploads/catalogue/coles/coles-catalogue-october-8-14-2025-vic-metro/38.jpg,https://www.catalogueau.com/coles/#catalogue=coles/coles-catalogue-october-8-14-2025-vic-metro/,unit_price,unit_price,1,review
Coles,VIC METRO,"Coles Catalogue October 8 - 14, 2025 VIC METRO",2025-10-08,2025-10-15,38,‘QV Baby Gentle Wash 500g,10.25,,,,special,500g,$2.05 per 100g,‘QV Baby Gentle Wash 500g | $2.05 per 100g,86.94,True,single_price_evidence,https://caau.syd1.cdn.digitaloceanspaces.com/wp-content/uploads/catalogue/coles/coles-catalogue-october-8-14-2025-vic-metro/38.jpg,https://www.catalogueau.com/coles/#catalogue=coles/coles-catalogue-october-8-14-2025-vic-metro/,unit_price,unit_price,1,review
Coles,VIC METRO,"Coles Catalogue October 8 - 14, 2025 VIC METRO",2025-10-08,2025-10-15,38,B.Box Insulated Drink Bottle 350mL 1 Each,16.5,,,,special,350mL,$16.50 per each,B.Box Insulated Drink Bottle | 350mL 1 Each $16.50 per each,95.54,False,,https://caau.syd1.cdn.digitaloceanspaces.com/wp-content/uploads/catalogue/coles/coles-catalogue-october-8-14-2025-vic-metro/38.jpg,https://www.catalogueau.com/coles/#catalogue=coles/coles-catalogue-october-8-14-2025-vic-metro/,displayed_price,displayed_price;unit_price,2,verified
Coles,VIC METRO,"Coles Catalogue October 8 - 14, 2025 VIC METRO",2025-10-08,2025-10-15,38,Huggies Baby Wipes 400 Pack,14.0,,,,special,400 Pack,$3.50 per 100 each,Huggies Baby Wipes 400 Pack | $3.50 per 100 each | *See page 15 forT&Cs,96.45,False,,https://caau.syd1.cdn.digitaloceanspaces.com/wp-content/uploads/catalogue/coles/coles-catalogue-october-8-14-2025-vic-metro/38.jpg,https://www.catalogueau.com/coles/#catalogue=coles/coles-catalogue-october-8-14-2025-vic-metro/,displayed_price,displayed_price;unit_price,2,verified
Coles,VIC METRO,"Coles Catalogue October 8 - 14, 2025 VIC METRO",2025-10-08,2025-10-15,38,Huggies Skin Protect Nappies 58 Pack or Nappy Pants 48 Pack,29.0,,,,special,58 Pack; 48 Pack,,Huggies Skin Protect Nappies | 58 Pack or Nappy Pants 48 Pack | *See page 15 forT&Cs,96.3,True,offer_labels_missing;save_amount_missing;regular_price_missing;single_price_evidence,https://caau.syd1.cdn.digitaloceanspaces.com/wp-content/uploads/catalogue/coles/coles-catalogue-october-8-14-2025-vic-metro/38.jpg,https://www.catalogueau.com/coles/#catalogue=coles/coles-catalogue-october-8-14-2025-vic-metro/,displayed_price,displayed_price,1,review
Coles,VIC METRO,"Coles Catalogue October 8 - 14, 2025 VIC METRO",2025-10-08,2025-10-15,38,Little Bellies Pick-Up Sticks 16g,3.0,,,,special,16g,$18.75 per 100g,Little Bellies Pick-Up | Sticks 16g | $18.75 per 100g | VIC-METRO-081 0-25-499600,96.14,False,,https://caau.syd1.cdn.digitaloceanspaces.com/wp-content/uploads/catalogue/coles/coles-catalogue-october-8-14-2025-vic-metro/38.jpg,https://www.catalogueau.com/coles/#catalogue=coles/coles-catalogue-october-8-14-2025-vic-metro/,displayed_price,displayed_price;unit_price,2,verified
Coles,VIC METRO,"Coles Catalogue October 8 - 14, 2025 VIC METRO",2025-10-08,2025-10-15,38,BabyLove Bulk Nappy Pants 22 Pack-28 Pack,17.0,,,,special,22 Pack; 28 Pack,,BabyLove Bulk Nappy | Pants 22 Pack-28 Pack | 38,94.44,True,offer_labels_missing;save_amount_missing;regular_price_missing;single_price_evidence,https://caau.syd1.cdn.digitaloceanspaces.com/wp-content/uploads/catalogue/coles/coles-catalogue-october-8-14-2025-vic-metro/38.jpg,https://www.catalogueau.com/coles/#catalogue=coles/coles-catalogue-october-8-14-2025-vic-metro/,displayed_price,displayed_price,1,review
Coles,VIC METRO,"Coles Catalogue October 8 - 14, 2025 VIC METRO",2025-10-08,2025-10-15,38,Bunjie Top to Toe Wash 500mL,12.0,,,,special,500mL,$2.40 per 100mL,Bunjie Top to Toe Wash | 500mL $2.40 per 100mL,93.75,False,,https://caau.syd1.cdn.digitaloceanspaces.com/wp-content/uploads/catalogue/coles/coles-catalogue-october-8-14-2025-vic-metro/38.jpg,https://www.catalogueau.com/coles/#catalogue=coles/coles-catalogue-october-8-14-2025-vic-metro/,displayed_price,displayed_price;unit_price,2,verified
Coles,VIC METRO,"Coles Catalogue October 8 - 14, 2025 VIC METRO",2025-10-08,2025-10-15,38,Aptamil Gold+ 3 Toddler Milk Drink 900g,26.5,,,,special,900g,$2.94 per 100g,Aptamil Gold+ 3 | Toddler Milk Drink 900g | $2.94 per 100g,93.8,False,,https://caau.syd1.cdn.digitaloceanspaces.com/wp-content/uploads/catalogue/coles/coles-catalogue-october-8-14-2025-vic-metro/38.jpg,https://www.catalogueau.com/coles/#catalogue=coles/coles-catalogue-october-8-14-2025-vic-metro/,displayed_price,displayed_price;unit_price,2,verified
Coles,VIC METRO,"Coles Catalogue October 8 - 14, 2025 VIC METRO",2025-10-08,2025-10-15,39,Rafferty's Garden Yoghurt Buttons 28g,5.0,6.0,1.0,16.67,save_amount,28g,$17.86 per 100g,SAVE*1 | WASS6 | Rafferty's Garden Yoghurt | Buttons 28g $17.86 per 100g | aa | Fes | = | —,95.35,False,,https://caau.syd1.cdn.digitaloceanspaces.com/wp-content/uploads/catalogue/coles/coles-catalogue-october-8-14-2025-vic-metro/39.jpg,https://www.catalogueau.com/coles/#catalogue=coles/coles-catalogue-october-8-14-2025-vic-metro/,save_was_arithmetic,displayed_price;save_was_arithmetic;unit_price,3,verified
Coles,VIC METRO,"Coles Catalogue October 8 - 14, 2025 VIC METRO",2025-10-08,2025-10-15,39,"Rafferty's Garden 4+ Months, 6+ Months or 8+ Months Baby Food Pouch 120g",2.0,2.3,0.3,13.04,save_amount,120g,$1.67 per 100g,"WASS2.30 | WASS2.30 | Rafferty's Garden 4+ Months, | 6+ Months or 8+ Months Baby | Food Pouch 120g $1.67 per 100g | aa | a | Fes",95.88,False,,https://caau.syd1.cdn.digitaloceanspaces.com/wp-content/uploads/catalogue/coles/coles-catalogue-october-8-14-2025-vic-metro/39.jpg,https://www.catalogueau.com/coles/#catalogue=coles/coles-catalogue-october-8-14-2025-vic-metro/,displayed_price,displayed_price;unit_price,2,verified
Coles,VIC METRO,"Coles Catalogue October 8 - 14, 2025 VIC METRO",2025-10-08,2025-10-15,39,Huggies Pure & Sensitive Nappies 68 Pack-86 Pack or Nappy Pants 40 Pack-54 Pack,29.0,35.0,6.0,17.14,save_amount,68 Pack; 86 Pack; 40 Pack; 54 Pack,,SAVES6 | WAS$35 | Huggies Pure & Sensitive | Nappies 68 Pack-86 Pack or | Nappy Pants 40 Pack-54 Pack | *See page 15 forT&Cs,95.07,False,,https://caau.syd1.cdn.digitaloceanspaces.com/wp-content/uploads/catalogue/coles/coles-catalogue-october-8-14-2025-vic-metro/39.jpg,https://www.catalogueau.com/coles/#catalogue=coles/coles-catalogue-october-8-14-2025-vic-metro/,save_was_arithmetic,displayed_price;save_was_arithmetic,2,verified
Coles,VIC METRO,"Coles Catalogue October 8 - 14, 2025 VIC METRO",2025-10-08,2025-10-15,39,Kiddylicious Veggie Straws or Fruity Puffs 4 Pack,6.0,7.8,1.8,23.08,save_amount,4 Pack,$12.50 per 100g,WAS $7.80 | WAS $7.80 | AUG 2025 | Kiddylicious Veggie Straws | or Fruity Puffs 4 Pack | $12.50 per 100g,95.09,True,single_price_evidence,https://caau.syd1.cdn.digitaloceanspaces.com/wp-content/uploads/catalogue/coles/coles-catalogue-october-8-14-2025-vic-metro/39.jpg,https://www.catalogueau.com/coles/#catalogue=coles/coles-catalogue-october-8-14-2025-vic-metro/,displayed_price,displayed_price,1,review
Coles,VIC METRO,"Coles Catalogue October 8 - 14, 2025 VIC METRO",2025-10-08,2025-10-15,39,B.Box Sippy Cups For Kids Assorted Colours 6m+ 1 Each,8.25,16.5,8.25,50.0,half_price,,$8.25 per each,SAVES8.25 ¥O°% | WASS16.50 © | B.Box Sippy Cups For Kids | Assorted Colours 6m+ 1 Each | $8.25 per each | ADVERTISER PROMOTION | VIC-METRO-081 0-25-499600,95.08,False,,https://caau.syd1.cdn.digitaloceanspaces.com/wp-content/uploads/catalogue/coles/coles-catalogue-october-8-14-2025-vic-metro/39.jpg,https://www.catalogueau.com/coles/#catalogue=coles/coles-catalogue-october-8-14-2025-vic-metro/,save_was_arithmetic,save_was_arithmetic;unit_price,2,verified
Coles,VIC METRO,"Coles Catalogue October 8 - 14, 2025 VIC METRO",2025-10-08,2025-10-15,39,B.Box Lunchbox 1 Each,16.5,33.0,16.5,50.0,half_price,,$16.50 per each,"SAVES16,50 | B.Box Lunchbox 1 Each | $16.50 per each | 39",95.34,True,single_price_evidence,https://caau.syd1.cdn.digitaloceanspaces.com/wp-content/uploads/catalogue/coles/coles-catalogue-october-8-14-2025-vic-metro/39.jpg,https://www.catalogueau.com/coles/#catalogue=coles/coles-catalogue-october-8-14-2025-vic-metro/,unit_price,unit_price,1,review
Coles,VIC METRO,"Coles Catalogue October 8 - 14, 2025 VIC METRO",2025-10-08,2025-10-15,39,B.Box Snackbox 1 Each,8.0,16.0,8.0,50.0,half_price,,$8.00 per each,SAVES8 | WASS16 | B.Box Snackbox 1 Each | $8.00 per each,93.54,False,,https://caau.syd1.cdn.digitaloceanspaces.com/wp-content/uploads/catalogue/coles/coles-catalogue-october-8-14-2025-vic-metro/39.jpg,https://www.catalogueau.com/coles/#catalogue=coles/coles-catalogue-october-8-14-2025-vic-metro/,save_was_arithmetic,displayed_price;save_was_arithmetic;unit_price,3,verified
Coles,VIC METRO,"Coles Catalogue October 8 - 14, 2025 VIC METRO",2025-10-08,2025-10-15,39,Coles Baby Food Pouch 120g,1.0,,,,everyday,120g,$0.83 per 100g,| EVERY DAY DAV | I | Coles Baby Food Pouch 120g | $0.83 per 100g | aa | d | 4,96.41,False,,https://caau.syd1.cdn.digitaloceanspaces.com/wp-content/uploads/catalogue/coles/coles-catalogue-october-8-14-2025-vic-metro/39.jpg,https://www.catalogueau.com/coles/#catalogue=coles/coles-catalogue-october-8-14-2025-vic-metro/,displayed_price,displayed_price;unit_price,2,verified
Coles,VIC METRO,"Coles Catalogue October 8 - 14, 2025 VIC METRO",2025-10-08,2025-10-15,39,Karicare Goat Milk Stage 3 Toddler Milk Drink 900g,48.0,,,,down_down,900g,$5.33 per 100g,Karicare Goat Milk Stage 3 | Toddler Milk Drink 900g | $5.33 per 100g | wom first sips,95.58,False,,https://caau.syd1.cdn.digitaloceanspaces.com/wp-content/uploads/catalogue/coles/coles-catalogue-october-8-14-2025-vic-metro/39.jpg,https://www.catalogueau.com/coles/#catalogue=coles/coles-catalogue-october-8-14-2025-vic-metro/,displayed_price,displayed_price;unit_price,2,verified
Coles,VIC METRO,"Coles Catalogue October 8 - 14, 2025 VIC METRO",2025-10-08,2025-10-15,40,Gillette Fusion 5 Razor Kit with 2 Refill Blades 1 Pack,15.0,21.5,6.5,30.23,save_amount,1 Pack,,WASS$21.50 | WASS$21.50 | Gillette Fusion 5 Razor Kit | with 2 Refill Blades 1 Pack | 15.00 per each | *See page 15 forT&Cs | my: | -,96.55,True,single_price_evidence,https://caau.syd1.cdn.digitaloceanspaces.com/wp-content/uploads/catalogue/coles/coles-catalogue-october-8-14-2025-vic-metro/40.jpg,https://www.catalogueau.com/coles/#catalogue=coles/coles-catalogue-october-8-14-2025-vic-metro/,displayed_price,displayed_price,1,review
Coles,VIC METRO,"Coles Catalogue October 8 - 14, 2025 VIC METRO",2025-10-08,2025-10-15,40,Palmolive Naturals Body Wash 1 Litre,7.0,12.0,5.0,41.67,save_amount,1 Litre,$0.70 per 100mL,WASS12 | WASS12 | Palmolive Naturals Body Wash | 1 Litre $0.70 per 100mL | *See page 15 forT&Cs | Re | <3 | Sy,95.24,False,,https://caau.syd1.cdn.digitaloceanspaces.com/wp-content/uploads/catalogue/coles/coles-catalogue-october-8-14-2025-vic-metro/40.jpg,https://www.catalogueau.com/coles/#catalogue=coles/coles-catalogue-october-8-14-2025-vic-metro/,displayed_price,displayed_price;unit_price,2,verified
Coles,VIC METRO,"Coles Catalogue October 8 - 14, 2025 VIC METRO",2025-10-08,2025-10-15,40,Rexona Advanced 72hr Aerosol Deodorant 220mL,6.3,10.5,4.2,40.0,save_amount,220mL,$2.86 per 100mL,WASS10.50 | WASS10.50 | Rexona Advanced 72hr | Aerosol Deodorant 220mL | $2.86 per 100mL,93.13,False,,https://caau.syd1.cdn.digitaloceanspaces.com/wp-content/uploads/catalogue/coles/coles-catalogue-october-8-14-2025-vic-metro/40.jpg,https://www.catalogueau.com/coles/#catalogue=coles/coles-catalogue-october-8-14-2025-vic-metro/,displayed_price,displayed_price;unit_price,2,verified
Coles,VIC METRO,"Coles Catalogue October 8 - 14, 2025 VIC METRO",2025-10-08,2025-10-15,40,L'Oréal Elvive Bui emits,4.0,33.0,29.0,87.88,save_amount,,,WAS$33 | WAS$33 | L'Oréal Elvive | Bui emits | LEMOS | ‘na | Growth Boosters | t,59.38,True,low_ocr_confidence;low_name_confidence_strict;single_price_evidence,https://caau.syd1.cdn.digitaloceanspaces.com/wp-content/uploads/catalogue/coles/coles-catalogue-october-8-14-2025-vic-metro/40.jpg,https://www.catalogueau.com/coles/#catalogue=coles/coles-catalogue-october-8-14-2025-vic-metro/,displayed_price,displayed_price,1,review
Coles,VIC METRO,"Coles Catalogue October 8 - 14, 2025 VIC METRO",2025-10-08,2025-10-15,40,YOU’RE WORTH IT. Carlos Sainz,10.0,,,,special,,,YOU’RE WORTH IT. | Carlos Sainz | test on shampoo + con | i | ADVERTISER PROMOTION - | N-,94.3,True,offer_labels_missing;save_amount_missing;regular_price_missing;inferred_price_requires_review,https://caau.syd1.cdn.digitaloceanspaces.com/wp-content/uploads/catalogue/coles/coles-catalogue-october-8-14-2025-vic-metro/40.jpg,https://www.catalogueau.com/coles/#catalogue=coles/coles-catalogue-october-8-14-2025-vic-metro/,displayed_price,displayed_price;grid_inference,1,review
Coles,VIC METRO,"Coles Catalogue October 8 - 14, 2025 VIC METRO",2025-10-08,2025-10-15,40,DUE TO BREAKAGE ee,10.0,,,,special,,,DUE TO BREAKAGE | ee | > | YOU’RE WORTH IT. | Carlos Sainz,72.1,True,offer_labels_missing;save_amount_missing;regular_price_missing;low_name_confidence_strict;single_price_evidence,https://caau.syd1.cdn.digitaloceanspaces.com/wp-content/uploads/catalogue/coles/coles-catalogue-october-8-14-2025-vic-metro/40.jpg,https://www.catalogueau.com/coles/#catalogue=coles/coles-catalogue-october-8-14-2025-vic-metro/,displayed_price,displayed_price,1,review
Coles,VIC METRO,"Coles Catalogue October 8 - 14, 2025 VIC METRO",2025-10-08,2025-10-15,41,IRACELL ELL,13.75,27.5,13.75,50.0,half_price,,,WASS27.50 | WASS27.50 | IRACELL | ELL | %8 | Duracell | 10% Loncer | A,65.75,True,low_name_confidence_strict;inferred_price_requires_review,https://caau.syd1.cdn.digitaloceanspaces.com/wp-content/uploads/catalogue/coles/coles-catalogue-october-8-14-2025-vic-metro/41.jpg,https://www.catalogueau.com/coles/#catalogue=coles/coles-catalogue-october-8-14-2025-vic-metro/,page_discount_inference,page_discount,0,review
Coles,VIC METRO,"Coles Catalogue October 8 - 14, 2025 VIC METRO",2025-10-08,2025-10-15,41,Halloween Treat Bags 15 Pack (},3.0,,,,special,15 Pack,,Halloween Treat Bags 15 Pack | (} | iy 5 | | | @o @ HALLOWEEN? | |ALL‘,71.82,True,offer_labels_missing;save_amount_missing;regular_price_missing;low_name_confidence_strict;single_price_evidence,https://caau.syd1.cdn.digitaloceanspaces.com/wp-content/uploads/catalogue/coles/coles-catalogue-october-8-14-2025-vic-metro/41.jpg,https://www.catalogueau.com/coles/#catalogue=coles/coles-catalogue-october-8-14-2025-vic-metro/,displayed_price,displayed_price,1,review
Coles,VIC METRO,"Coles Catalogue October 8 - 14, 2025 VIC METRO",2025-10-08,2025-10-15,41,Halloween Novelty Bowl aT ti oom,312.0,,,,special,,,Halloween Novelty Bowl | aT ti oom | Ro | Treat Her Trick o& Treat | Treot Her | 33 ),72.7,True,offer_labels_missing;save_amount_missing;regular_price_missing;low_name_confidence_strict;single_price_evidence,https://caau.syd1.cdn.digitaloceanspaces.com/wp-content/uploads/catalogue/coles/coles-catalogue-october-8-14-2025-vic-metro/41.jpg,https://www.catalogueau.com/coles/#catalogue=coles/coles-catalogue-october-8-14-2025-vic-metro/,displayed_price,displayed_price,1,review
Coles,VIC METRO,"Coles Catalogue October 8 - 14, 2025 VIC METRO",2025-10-08,2025-10-15,41,Coles Halloween Milk Chocolate Characters 100g,3.5,,,,special,100g,$3.50 per 100g,Coles Halloween Milk Chocolate | Characters 100g $3.50 per 100g,96.46,False,,https://caau.syd1.cdn.digitaloceanspaces.com/wp-content/uploads/catalogue/coles/coles-catalogue-october-8-14-2025-vic-metro/41.jpg,https://www.catalogueau.com/coles/#catalogue=coles/coles-catalogue-october-8-14-2025-vic-metro/,displayed_price,displayed_price;unit_price,2,verified
Coles,VIC METRO,"Coles Catalogue October 8 - 14, 2025 VIC METRO",2025-10-08,2025-10-15,41,Coles Halloween Sour Gummy Spiders 300g or Popping Candy Dippers 135g,5.0,,,,special,300g; 135g,,Coles Halloween Sour Gummy | Spiders 300g or Popping Candy | Dippers 135g,95.44,True,offer_labels_missing;save_amount_missing;regular_price_missing;single_price_evidence,https://caau.syd1.cdn.digitaloceanspaces.com/wp-content/uploads/catalogue/coles/coles-catalogue-october-8-14-2025-vic-metro/41.jpg,https://www.catalogueau.com/coles/#catalogue=coles/coles-catalogue-october-8-14-2025-vic-metro/,displayed_price,displayed_price,1,review
Coles,VIC METRO,"Coles Catalogue October 8 - 14, 2025 VIC METRO",2025-10-08,2025-10-15,42,Coles Cat Food 85g,1.0,,,,special,85g,$1.18 per 100g,Coles Cat Food 85g | $1.18 per 100g,96.59,False,,https://caau.syd1.cdn.digitaloceanspaces.com/wp-content/uploads/catalogue/coles/coles-catalogue-october-8-14-2025-vic-metro/42.jpg,https://www.catalogueau.com/coles/#catalogue=coles/coles-catalogue-october-8-14-2025-vic-metro/,displayed_price,displayed_price;unit_price,2,verified
Coles,VIC METRO,"Coles Catalogue October 8 - 14, 2025 VIC METRO",2025-10-08,2025-10-15,42,Coles Cat Food 400g,1.6,,,,special,400g,$0.40 per 100g,Coles Cat Food 400g | $0.40 per 100g,96.28,False,,https://caau.syd1.cdn.digitaloceanspaces.com/wp-content/uploads/catalogue/coles/coles-catalogue-october-8-14-2025-vic-metro/42.jpg,https://www.catalogueau.com/coles/#catalogue=coles/coles-catalogue-october-8-14-2025-vic-metro/,displayed_price,displayed_price;unit_price,2,verified
Coles,VIC METRO,"Coles Catalogue October 8 - 14, 2025 VIC METRO",2025-10-08,2025-10-15,42,Coles Cat Food 12x85g,5.5,,,,special,12x85g,$0.54 per 100g,Coles Cat Food 12x85g | $0.54 per 100g,94.32,False,,https://caau.syd1.cdn.digitaloceanspaces.com/wp-content/uploads/catalogue/coles/coles-catalogue-october-8-14-2025-vic-metro/42.jpg,https://www.catalogueau.com/coles/#catalogue=coles/coles-catalogue-october-8-14-2025-vic-metro/,displayed_price,displayed_price;unit_price,2,verified
Coles,VIC METRO,"Coles Catalogue October 8 - 14, 2025 VIC METRO",2025-10-08,2025-10-15,42,Coles Simply Clay Cat Litter 10kg,8.0,,,,special,10kg,$0.80 per kg,Coles Simply Clay Cat Litter | 10kg $0.80 per kg | e,79.0,True,low_name_confidence_strict,https://caau.syd1.cdn.digitaloceanspaces.com/wp-content/uploads/catalogue/coles/coles-catalogue-october-8-14-2025-vic-metro/42.jpg,https://www.catalogueau.com/coles/#catalogue=coles/coles-catalogue-october-8-14-2025-vic-metro/,displayed_price,displayed_price;unit_price,2,review
Coles,VIC METRO,"Coles Catalogue October 8 - 14, 2025 VIC METRO",2025-10-08,2025-10-15,42,Coles Cat Litter Recycled Paper 21 Litre,23.0,,,,special,21 Litre,$1.10 per litre,Coles Cat Litter Recycled | Paper 21 Litre $1.10 per litre,95.38,True,offer_labels_missing;save_amount_missing;regular_price_missing;single_price_evidence,https://caau.syd1.cdn.digitaloceanspaces.com/wp-content/uploads/catalogue/coles/coles-catalogue-october-8-14-2025-vic-metro/42.jpg,https://www.catalogueau.com/coles/#catalogue=coles/coles-catalogue-october-8-14-2025-vic-metro/,displayed_price,displayed_price,1,review
Coles,VIC METRO,"Coles Catalogue October 8 - 14, 2025 VIC METRO",2025-10-08,2025-10-15,42,Coles Dry Dog Food 3kg,9.0,,,,special,3kg,$0.30 per 100g,Coles Dry Dog Food 3kg | $0.30 per 100g,95.28,True,offer_labels_missing;save_amount_missing;regular_price_missing;single_price_evidence,https://caau.syd1.cdn.digitaloceanspaces.com/wp-content/uploads/catalogue/coles/coles-catalogue-october-8-14-2025-vic-metro/42.jpg,https://www.catalogueau.com/coles/#catalogue=coles/coles-catalogue-october-8-14-2025-vic-metro/,displayed_price,displayed_price,1,review
Coles,VIC METRO,"Coles Catalogue October 8 - 14, 2025 VIC METRO",2025-10-08,2025-10-15,42,Coles Dog Food 1.2kg,3.2,,,,special,1.2kg,$0.27 per 100g,Coles Dog Food 1.2kg | $0.27 per 100g,94.71,True,offer_labels_missing;save_amount_missing;regular_price_missing;single_price_evidence,https://caau.syd1.cdn.digitaloceanspaces.com/wp-content/uploads/catalogue/coles/coles-catalogue-october-8-14-2025-vic-metro/42.jpg,https://www.catalogueau.com/coles/#catalogue=coles/coles-catalogue-october-8-14-2025-vic-metro/,unknown,,0,review
Coles,VIC METRO,"Coles Catalogue October 8 - 14, 2025 VIC METRO",2025-10-08,2025-10-15,43,Fussy Cat Cat Food Pouch 12x80g,8.05,13.5,5.45,40.37,save_amount,12x80g,$0.84 per 100g,WAS$13.50 | WAS$13.50 | Fussy Cat Cat Food Pouch | 12x80g $0.84 per 100g | re),95.89,True,single_price_evidence,https://caau.syd1.cdn.digitaloceanspaces.com/wp-content/uploads/catalogue/coles/coles-catalogue-october-8-14-2025-vic-metro/43.jpg,https://www.catalogueau.com/coles/#catalogue=coles/coles-catalogue-october-8-14-2025-vic-metro/,unit_price,unit_price,1,review
Coles,VIC METRO,"Coles Catalogue October 8 - 14, 2025 VIC METRO",2025-10-08,2025-10-15,43,Fussy Cat Grainfree Dry Cat Food 2.5kg,16.0,26.5,10.5,39.62,save_amount,2.5kg,$0.64 per 100g,WAS$26.50 | WAS$26.50 | Fussy Cat Grainfree Dry | Cat Food 2.5kg $0.64 per 100g | $0.25 per 100g,94.28,True,single_price_evidence,https://caau.syd1.cdn.digitaloceanspaces.com/wp-content/uploads/catalogue/coles/coles-catalogue-october-8-14-2025-vic-metro/43.jpg,https://www.catalogueau.com/coles/#catalogue=coles/coles-catalogue-october-8-14-2025-vic-metro/,unknown,,0,review
Coles,VIC METRO,"Coles Catalogue October 8 - 14, 2025 VIC METRO",2025-10-08,2025-10-15,43,Nature's Gift Dog Food 700g,1.75,3.5,1.75,50.0,half_price,700g,$0.25 per 100g,WAS$3.50 | WAS$3.50 | Nature's Gift Dog Food 700g | $0.25 per 100g | ee | one | Siig,96.04,True,single_price_evidence,https://caau.syd1.cdn.digitaloceanspaces.com/wp-content/uploads/catalogue/coles/coles-catalogue-october-8-14-2025-vic-metro/43.jpg,https://www.catalogueau.com/coles/#catalogue=coles/coles-catalogue-october-8-14-2025-vic-metro/,unit_price,unit_price,1,review
Coles,VIC METRO,"Coles Catalogue October 8 - 14, 2025 VIC METRO",2025-10-08,2025-10-15,43,Nature's Gift Meatballs Dog Food 700,4.55,6.5,1.95,30.0,save_amount,,,"Nature's Gift Meatballs | Dog Food 700 | $0. | per 100g. From the | chilled pet food fridge | +t Excludes Fussy Cat Luxe, Every Day & clearance items",79.0,True,low_name_confidence_strict;single_price_evidence,https://caau.syd1.cdn.digitaloceanspaces.com/wp-content/uploads/catalogue/coles/coles-catalogue-october-8-14-2025-vic-metro/43.jpg,https://www.catalogueau.com/coles/#catalogue=coles/coles-catalogue-october-8-14-2025-vic-metro/,unknown,,0,review
Coles,VIC METRO,"Coles Catalogue October 8 - 14, 2025 VIC METRO",2025-10-08,2025-10-15,43,My Dog Dog Food 6x100g,8.0,10.0,2.0,20.0,save_amount,6x100g,$1.33 per 100g,WASS10 | WASS10 | My Dog Dog Food | 6x100g $1.33 per 100g | VIC-METRO-081 0-25-499600,95.61,False,,https://caau.syd1.cdn.digitaloceanspaces.com/wp-content/uploads/catalogue/coles/coles-catalogue-october-8-14-2025-vic-metro/43.jpg,https://www.catalogueau.com/coles/#catalogue=coles/coles-catalogue-october-8-14-2025-vic-metro/,displayed_price,displayed_price;unit_price,2,verified
Coles,VIC METRO,"Coles Catalogue October 8 - 14, 2025 VIC METRO",2025-10-08,2025-10-15,43,Pedigree Dentastix 7 Pack,5.55,7.0,1.45,20.71,save_amount,7 Pack,$0.79 per each,"WASS7 | WASS7 | Pedigree Dentastix | 7 Pack $0.79 per each | +t Excludes Fussy Cat Luxe, Every Day & clearance items",94.09,True,single_price_evidence,https://caau.syd1.cdn.digitaloceanspaces.com/wp-content/uploads/catalogue/coles/coles-catalogue-october-8-14-2025-vic-metro/43.jpg,https://www.catalogueau.com/coles/#catalogue=coles/coles-catalogue-october-8-14-2025-vic-metro/,unit_price,unit_price,1,review
Coles,VIC METRO,"Coles Catalogue October 8 - 14, 2025 VIC METRO",2025-10-08,2025-10-15,43,Schmackos Dog Treats 450g-500g,12.0,17.0,5.0,29.41,save_amount,450g; 500g,,WASS17 | WASS17 | Schmackos Dog Treats | 450g-500g,92.62,True,single_price_evidence,https://caau.syd1.cdn.digitaloceanspaces.com/wp-content/uploads/catalogue/coles/coles-catalogue-october-8-14-2025-vic-metro/43.jpg,https://www.catalogueau.com/coles/#catalogue=coles/coles-catalogue-october-8-14-2025-vic-metro/,displayed_price,displayed_price,1,review
Coles,VIC METRO,"Coles Catalogue October 8 - 14, 2025 VIC METRO",2025-10-08,2025-10-15,43,Supercoat Dry Dog Food 6.7kg-7kg,27.0,,,,down_down,6.7kg; 7kg,,Supercoat Dry Dog Food | 6.7kg-7kg,93.47,True,save_amount_missing;regular_price_missing;single_price_evidence,https://caau.syd1.cdn.digitaloceanspaces.com/wp-content/uploads/catalogue/coles/coles-catalogue-october-8-14-2025-vic-metro/43.jpg,https://www.catalogueau.com/coles/#catalogue=coles/coles-catalogue-october-8-14-2025-vic-metro/,displayed_price,displayed_price,1,review
Coles,VIC METRO,"Coles Catalogue October 8 - 14, 2025 VIC METRO",2025-10-08,2025-10-15,43,Pedigree Dry Dog Food 8kg,24.5,,,,down_down,8kg,$0.31 per 100g,Pedigree Dry Dog Food 8kg | $0.31 per 100g,94.64,True,save_amount_missing;regular_price_missing;single_price_evidence,https://caau.syd1.cdn.digitaloceanspaces.com/wp-content/uploads/catalogue/coles/coles-catalogue-october-8-14-2025-vic-metro/43.jpg,https://www.catalogueau.com/coles/#catalogue=coles/coles-catalogue-october-8-14-2025-vic-metro/,displayed_price,displayed_price,1,review
Coles,VIC METRO,"Coles Catalogue October 8 - 14, 2025 VIC METRO",2025-10-08,2025-10-15,44,Quilton Sparkle Paper Towel 3 Pack,2.4,4.8,2.4,50.0,half_price,3 Pack,$1.33 per 100,WASS4.80 | WASS4.80 | Quilton Sparkle | Paper Towel 3 Pack | $1.33 per 100 sheets | ye.),95.05,True,inferred_price_requires_review,https://caau.syd1.cdn.digitaloceanspaces.com/wp-content/uploads/catalogue/coles/coles-catalogue-october-8-14-2025-vic-metro/44.jpg,https://www.catalogueau.com/coles/#catalogue=coles/coles-catalogue-october-8-14-2025-vic-metro/,page_discount_inference,page_discount,0,review
Coles,VIC METRO,"Coles Catalogue October 8 - 14, 2025 VIC METRO",2025-10-08,2025-10-15,44,Duck Fresh Discs Toilet Cleaner 36mL,3.65,7.3,3.65,50.0,half_price,36mL,$10.14 per 100mL,WAS$7.30 | WAS$7.30 | Duck Fresh Discs | Toilet Cleaner 36mL | $10.14 per 100mL | $0.10 per each | 58°,95.34,True,inferred_price_requires_review,https://caau.syd1.cdn.digitaloceanspaces.com/wp-content/uploads/catalogue/coles/coles-catalogue-october-8-14-2025-vic-metro/44.jpg,https://www.catalogueau.com/coles/#catalogue=coles/coles-catalogue-october-8-14-2025-vic-metro/,unit_price,page_discount;unit_price,1,review
Coles,VIC METRO,"Coles Catalogue October 8 - 14, 2025 VIC METRO",2025-10-08,2025-10-15,44,Mortein PowerGard DIY Indoor & Outdoor Surface Spray 2 Litre,20.0,40.0,20.0,50.0,half_price,2 Litre,$1.00 per 100mL,WAS$40 | WAS$40 | Mortein PowerGard DIY Indoor | & Outdoor Surface Spray 2 Litre | $1.00 per 100mL. | *See page 15 forT&Cs,94.95,True,inferred_price_requires_review,https://caau.syd1.cdn.digitaloceanspaces.com/wp-content/uploads/catalogue/coles/coles-catalogue-october-8-14-2025-vic-metro/44.jpg,https://www.catalogueau.com/coles/#catalogue=coles/coles-catalogue-october-8-14-2025-vic-metro/,displayed_price,displayed_price;page_discount,1,review
Coles,VIC METRO,"Coles Catalogue October 8 - 14, 2025 VIC METRO",2025-10-08,2025-10-15,44,Pine O Cleen Scentsations Disinfectant Wipes 100 Pack,5.75,11.5,5.75,50.0,half_price,100 Pack,$0.06 per each,WASS11.50 | WASS11.50 | Pine O Cleen Scentsations | Disinfectant Wipes 100 Pack | $0.06 per each,94.01,True,inferred_price_requires_review,https://caau.syd1.cdn.digitaloceanspaces.com/wp-content/uploads/catalogue/coles/coles-catalogue-october-8-14-2025-vic-metro/44.jpg,https://www.catalogueau.com/coles/#catalogue=coles/coles-catalogue-october-8-14-2025-vic-metro/,displayed_price,displayed_price;page_discount,1,review
Coles,VIC METRO,"Coles Catalogue October 8 - 14, 2025 VIC METRO",2025-10-08,2025-10-15,44,Sorbent 3-Ply Hypo-Allergenic Toilet Paper 12 Pack,5.5,11.0,5.5,50.0,half_price,12 Pack,$0.32 per 100,WASS11 | WASS11 | Sorbent 3-Ply Hypo-Allergenic | Toilet Paper 12 Pack | $0.32 per 100 sheets,94.1,True,inferred_price_requires_review,https://caau.syd1.cdn.digitaloceanspaces.com/wp-content/uploads/catalogue/coles/coles-catalogue-october-8-14-2025-vic-metro/44.jpg,https://www.catalogueau.com/coles/#catalogue=coles/coles-catalogue-october-8-14-2025-vic-metro/,page_discount_inference,page_discount,0,review
Coles,VIC METRO,"Coles Catalogue October 8 - 14, 2025 VIC METRO",2025-10-08,2025-10-15,44,Hercules TwinZip Resealable Large Sandwich Bags 25 Pack,55.0,,,,special,25 Pack,$0.10 per each,Hercules TwinZip Resealable | Large Sandwich Bags 25 Pack | $0.10 per each | 10 the | Se | 58°,94.97,True,offer_labels_missing;save_amount_missing;regular_price_missing;inferred_price_requires_review,https://caau.syd1.cdn.digitaloceanspaces.com/wp-content/uploads/catalogue/coles/coles-catalogue-october-8-14-2025-vic-metro/44.jpg,https://www.catalogueau.com/coles/#catalogue=coles/coles-catalogue-october-8-14-2025-vic-metro/,displayed_price,displayed_price;grid_inference,1,review
Coles,VIC METRO,"Coles Catalogue October 8 - 14, 2025 VIC METRO",2025-10-08,2025-10-15,47,Telstra,39.0,78.0,39.0,50.0,half_price,,,SAVES39 | Telstra $39 | x | % | = | SIM Kit | » J,96.7,True,single_price_evidence,https://caau.syd1.cdn.digitaloceanspaces.com/wp-content/uploads/catalogue/coles/coles-catalogue-october-8-14-2025-vic-metro/47.jpg,https://www.catalogueau.com/coles/#catalogue=coles/coles-catalogue-october-8-14-2025-vic-metro/,displayed_price,displayed_price,1,review
