retailer,region,catalogue_title,catalogue_start_date,catalogue_end_date,page_number,product_name,special_price,regular_price,save_amount,discount_percent,promo_type,pack_size,unit_price_text,offer_text,ocr_confidence,needs_review,review_reason,source_page_image,source_catalogue_url,price_source,price_evidence,evidence_count,verification_status
Coles,VIC METRO,"Coles Catalogue March 19 - 25, 2025 VIC METRO",2025-03-19,2025-03-26,1,Coles Australian No Added Hormones Beef Rump Steak Product sold uncooked,22.0,28.3,6.3,22.26,save_amount,,,"WASS28.3, | WASS28.3, | Coles Australian No Added Hormones Beef | Rump Steak Product sold uncooked | otto, | ° | fone?",92.96,True,single_price_evidence,https://caau.syd1.cdn.digitaloceanspaces.com/wp-content/uploads/catalogue/coles/coles-catalogue-march-19-25-2025-vic-metro/1.jpg,https://www.catalogueau.com/coles/#catalogue=coles/coles-catalogue-march-19-25-2025-vic-metro/,displayed_price,displayed_price,1,review
Coles,VIC METRO,"Coles Catalogue March 19 - 25, 2025 VIC METRO",2025-03-19,2025-03-26,1,"Mars M&M's, Maltesers or Pods 120g-180g",3.3,6.0,2.7,45.0,save_amount,120g; 180g,,"Mars M&M's, Maltesers | or Pods 120g-180g | FP-VIC-METRO-1903-25-345850",92.95,True,offer_labels_missing;single_price_evidence,https://caau.syd1.cdn.digitaloceanspaces.com/wp-content/uploads/catalogue/coles/coles-catalogue-march-19-25-2025-vic-metro/1.jpg,https://www.catalogueau.com/coles/#catalogue=coles/coles-catalogue-march-19-25-2025-vic-metro/,unknown,,0,review
Coles,VIC METRO,"Coles Catalogue March 19 - 25, 2025 VIC METRO",2025-03-19,2025-03-26,1,Old El Paso Hard 'N Soft Taco Kit 350g,4.75,9.5,4.75,50.0,half_price,350g,$1.36 per 100g,WASS9.50 | WASS9.50 | Old El Paso Hard 'N Soft | Taco Kit 350g | $1.36 per 100g,95.87,True,single_price_evidence,https://caau.syd1.cdn.digitaloceanspaces.com/wp-content/uploads/catalogue/coles/coles-catalogue-march-19-25-2025-vic-metro/1.jpg,https://www.catalogueau.com/coles/#catalogue=coles/coles-catalogue-march-19-25-2025-vic-metro/,unit_price,unit_price,1,review
Coles,VIC METRO,"Coles Catalogue March 19 - 25, 2025 VIC METRO",2025-03-19,2025-03-26,1,Kellogg's Nutri Grain Cereal 765g,5.4,10.8,5.4,50.0,half_price,765g,$0.71 per 100g,WAS$10.80 | WAS$10.80 | Kellogg's Nutri Grain | Cereal 765g | $0.71 per 100g,96.41,False,,https://caau.syd1.cdn.digitaloceanspaces.com/wp-content/uploads/catalogue/coles/coles-catalogue-march-19-25-2025-vic-metro/1.jpg,https://www.catalogueau.com/coles/#catalogue=coles/coles-catalogue-march-19-25-2025-vic-metro/,displayed_price,displayed_price;unit_price,2,verified
Coles,VIC METRO,"Coles Catalogue March 19 - 25, 2025 VIC METRO",2025-03-19,2025-03-26,1,Primo Rindless Short Cut Bacon 1kg,11.0,22.0,11.0,50.0,half_price,1kg,$11.00 per kg,"‘WAS§22, | ‘WAS§22, | Primo Rindless Short | Cut Bacon Ikg | $11.00 per kg",79.0,True,low_name_confidence_strict;single_price_evidence,https://caau.syd1.cdn.digitaloceanspaces.com/wp-content/uploads/catalogue/coles/coles-catalogue-march-19-25-2025-vic-metro/1.jpg,https://www.catalogueau.com/coles/#catalogue=coles/coles-catalogue-march-19-25-2025-vic-metro/,unit_price,unit_price,1,review
Coles,VIC METRO,"Coles Catalogue March 19 - 25, 2025 VIC METRO",2025-03-19,2025-03-26,2,Dairy Farmers Thick & Creamy Yoghurt 140g-150g,1.3,2.6,1.3,50.0,half_price,140g; 150g,,SAVE*1.30 | WAS$2.60 | Dairy Farmers Thick & Creamy | Yoghurt 140g-150g,94.12,True,single_price_evidence,https://caau.syd1.cdn.digitaloceanspaces.com/wp-content/uploads/catalogue/coles/coles-catalogue-march-19-25-2025-vic-metro/2.jpg,https://www.catalogueau.com/coles/#catalogue=coles/coles-catalogue-march-19-25-2025-vic-metro/,save_was_arithmetic,save_was_arithmetic,1,review
Coles,VIC METRO,"Coles Catalogue March 19 - 25, 2025 VIC METRO",2025-03-19,2025-03-26,2,John West Salmon Tempters 95g,1.65,3.3,1.65,50.0,half_price,95g,$17.37 per kg,SAVE51.65 | WASS3.30 | John West Salmon Tempters | 95g $17.37 per kg | ee | ey,93.73,True,single_price_evidence,https://caau.syd1.cdn.digitaloceanspaces.com/wp-content/uploads/catalogue/coles/coles-catalogue-march-19-25-2025-vic-metro/2.jpg,https://www.catalogueau.com/coles/#catalogue=coles/coles-catalogue-march-19-25-2025-vic-metro/,unit_price,unit_price,1,review
Coles,VIC METRO,"Coles Catalogue March 19 - 25, 2025 VIC METRO",2025-03-19,2025-03-26,2,Powerade Sports Drink 600mL,2.2,4.4,2.2,50.0,half_price,600mL,$3.67 per litre,SAVES2.20 | WAS$4.40 | Powerade Sports Drink | 600mL $3.67 per litre,95.73,False,,https://caau.syd1.cdn.digitaloceanspaces.com/wp-content/uploads/catalogue/coles/coles-catalogue-march-19-25-2025-vic-metro/2.jpg,https://www.catalogueau.com/coles/#catalogue=coles/coles-catalogue-march-19-25-2025-vic-metro/,save_was_arithmetic,save_was_arithmetic;unit_price,2,verified
Coles,VIC METRO,"Coles Catalogue March 19 - 25, 2025 VIC METRO",2025-03-19,2025-03-26,2,Pringles Potato Crisps 118g-134g,2.75,5.5,2.75,50.0,half_price,118g; 134g,,SAVE‘2.75 | WASS$5.50 | Pringles Potato Crisps | 118g-134g | = | = | =,79.0,True,low_name_confidence_strict,https://caau.syd1.cdn.digitaloceanspaces.com/wp-content/uploads/catalogue/coles/coles-catalogue-march-19-25-2025-vic-metro/2.jpg,https://www.catalogueau.com/coles/#catalogue=coles/coles-catalogue-march-19-25-2025-vic-metro/,save_was_arithmetic,displayed_price;save_was_arithmetic,2,review
Coles,VIC METRO,"Coles Catalogue March 19 - 25, 2025 VIC METRO",2025-03-19,2025-03-26,2,Nescafé Coffee Sachets 8 Pack-10 Pack,4.0,8.0,4.0,50.0,half_price,8 Pack; 10 Pack,,SAVES4 | WASS8 | Nescafé Coffee Sachets | 8 Pack-10 Pack | = | @ | BONDS | =,94.05,False,,https://caau.syd1.cdn.digitaloceanspaces.com/wp-content/uploads/catalogue/coles/coles-catalogue-march-19-25-2025-vic-metro/2.jpg,https://www.catalogueau.com/coles/#catalogue=coles/coles-catalogue-march-19-25-2025-vic-metro/,save_was_arithmetic,displayed_price;save_was_arithmetic,2,verified
Coles,VIC METRO,"Coles Catalogue March 19 - 25, 2025 VIC METRO",2025-03-19,2025-03-26,2,Magnum Sticks 4 Pack-6 Pack 360mL-428mL,6.0,12.0,6.0,50.0,half_price,4 Pack; 6 Pack; 360mL; 428mL,,WASS12 | WASS12 | Magnum Sticks 4 Pack-6 Pack | 360mL-428mL | Bonus,92.78,True,single_price_evidence,https://caau.syd1.cdn.digitaloceanspaces.com/wp-content/uploads/catalogue/coles/coles-catalogue-march-19-25-2025-vic-metro/2.jpg,https://www.catalogueau.com/coles/#catalogue=coles/coles-catalogue-march-19-25-2025-vic-metro/,displayed_price,displayed_price,1,review
Coles,VIC METRO,"Coles Catalogue March 19 - 25, 2025 VIC METRO",2025-03-19,2025-03-26,2,Blackmores Fish Oil 1000mg Capsules 400 Pack*,30.0,60.0,30.0,50.0,half_price,400 Pack,$7.50 per 100 each,SAVES30 | WASS$60 | Blackmores Fish Oil 1000mg | Capsules 400 Pack* | $7.50 per 100 each. | *See page 9 for T&Cs,93.5,False,,https://caau.syd1.cdn.digitaloceanspaces.com/wp-content/uploads/catalogue/coles/coles-catalogue-march-19-25-2025-vic-metro/2.jpg,https://www.catalogueau.com/coles/#catalogue=coles/coles-catalogue-march-19-25-2025-vic-metro/,save_was_arithmetic,displayed_price;save_was_arithmetic;unit_price,3,verified
Coles,VIC METRO,"Coles Catalogue March 19 - 25, 2025 VIC METRO",2025-03-19,2025-03-26,2,Sunrice Jasmine Rice 5kg,12.0,24.0,12.0,50.0,half_price,5kg,$0.24 per 100g,SAVE512 | WASS24 | Sunrice Jasmine Rice 5kg | $0.24 per 100g,93.76,True,single_price_evidence,https://caau.syd1.cdn.digitaloceanspaces.com/wp-content/uploads/catalogue/coles/coles-catalogue-march-19-25-2025-vic-metro/2.jpg,https://www.catalogueau.com/coles/#catalogue=coles/coles-catalogue-march-19-25-2025-vic-metro/,displayed_price,displayed_price,1,review
Coles,VIC METRO,"Coles Catalogue March 19 - 25, 2025 VIC METRO",2025-03-19,2025-03-26,2,Bonds Women's Seamless Full Brief 2 Pack,13.0,26.0,13.0,50.0,half_price,2 Pack,,"SAVES13 | WASS26 | Bonds Women's | Seamless Full Brief 2 Pack | Assorted sizes & colours | TExcludes Bonds Baby, Nappies, Period and Continence Underwear, Every Day, Down Down & clearance items",96.54,False,,https://caau.syd1.cdn.digitaloceanspaces.com/wp-content/uploads/catalogue/coles/coles-catalogue-march-19-25-2025-vic-metro/2.jpg,https://www.catalogueau.com/coles/#catalogue=coles/coles-catalogue-march-19-25-2025-vic-metro/,save_was_arithmetic,displayed_price;save_was_arithmetic,2,verified
Coles,VIC METRO,"Coles Catalogue March 19 - 25, 2025 VIC METRO",2025-03-19,2025-03-26,2,int LASSIC,7.0,,,,special,,,6. | int | LASSIC | ¥: | alas | X,79.0,True,offer_labels_missing;save_amount_missing;regular_price_missing;low_name_confidence_strict;single_price_evidence,https://caau.syd1.cdn.digitaloceanspaces.com/wp-content/uploads/catalogue/coles/coles-catalogue-march-19-25-2025-vic-metro/2.jpg,https://www.catalogueau.com/coles/#catalogue=coles/coles-catalogue-march-19-25-2025-vic-metro/,displayed_price,displayed_price,1,review
Coles,VIC METRO,"Coles Catalogue March 19 - 25, 2025 VIC METRO",2025-03-19,2025-03-26,3,Cadbury Chocolate Bar 30g-55g,1.1,2.5,1.4,56.0,save_amount,30g; 55g,,SAVES1.40 | WASS$2.50 | Cadbury Chocolate Bar | 30g-55g | RISA | Oreo | SO,93.22,False,,https://caau.syd1.cdn.digitaloceanspaces.com/wp-content/uploads/catalogue/coles/coles-catalogue-march-19-25-2025-vic-metro/3.jpg,https://www.catalogueau.com/coles/#catalogue=coles/coles-catalogue-march-19-25-2025-vic-metro/,save_was_arithmetic,displayed_price;save_was_arithmetic,2,verified
Coles,VIC METRO,"Coles Catalogue March 19 - 25, 2025 VIC METRO",2025-03-19,2025-03-26,3,Haribo 140g-150g,2.0,4.0,2.0,50.0,half_price,140g; 150g,,SAVES2 | WASS4 | Haribo 140g-150g,90.51,False,,https://caau.syd1.cdn.digitaloceanspaces.com/wp-content/uploads/catalogue/coles/coles-catalogue-march-19-25-2025-vic-metro/3.jpg,https://www.catalogueau.com/coles/#catalogue=coles/coles-catalogue-march-19-25-2025-vic-metro/,save_was_arithmetic,displayed_price;save_was_arithmetic,2,verified
Coles,VIC METRO,"Coles Catalogue March 19 - 25, 2025 VIC METRO",2025-03-19,2025-03-26,3,Powerade Active Water 600mL,2.2,4.4,2.2,50.0,half_price,600mL,$3.67 per litre,SAVES2.20 | WAS$4.40 | Powerade Active Water 600mL | $3.67 per litre,94.93,False,,https://caau.syd1.cdn.digitaloceanspaces.com/wp-content/uploads/catalogue/coles/coles-catalogue-march-19-25-2025-vic-metro/3.jpg,https://www.catalogueau.com/coles/#catalogue=coles/coles-catalogue-march-19-25-2025-vic-metro/,save_was_arithmetic,save_was_arithmetic;unit_price,2,verified
Coles,VIC METRO,"Coles Catalogue March 19 - 25, 2025 VIC METRO",2025-03-19,2025-03-26,3,Always Fresh Mini Grissini 150g,2.25,4.5,2.25,50.0,half_price,150g,$1.50 per 100g,SAVE$2.25 | Always Fresh Mini Grissini 150g | $1.50 per 100g,95.2,False,,https://caau.syd1.cdn.digitaloceanspaces.com/wp-content/uploads/catalogue/coles/coles-catalogue-march-19-25-2025-vic-metro/3.jpg,https://www.catalogueau.com/coles/#catalogue=coles/coles-catalogue-march-19-25-2025-vic-metro/,displayed_price,displayed_price;unit_price,2,verified
Coles,VIC METRO,"Coles Catalogue March 19 - 25, 2025 VIC METRO",2025-03-19,2025-03-26,3,Cottee's Cordial 1 Litre,2.95,5.9,2.95,50.0,half_price,1 Litre,$2.95 per litre,SAVES2.95 | WASS$5.90 | Cottee's Cordial 1 Litre | $2.95 per litre | &,94.9,False,,https://caau.syd1.cdn.digitaloceanspaces.com/wp-content/uploads/catalogue/coles/coles-catalogue-march-19-25-2025-vic-metro/3.jpg,https://www.catalogueau.com/coles/#catalogue=coles/coles-catalogue-march-19-25-2025-vic-metro/,save_was_arithmetic,displayed_price;save_was_arithmetic;unit_price,3,verified
Coles,VIC METRO,"Coles Catalogue March 19 - 25, 2025 VIC METRO",2025-03-19,2025-03-26,3,McVitie's Plain or Chocolate Digestive Biscuits 266g-355g,2.0,5.5,3.5,63.64,save_amount,266g; 355g,,WASS5.50 | WASS5.50 | McVitie's Plain or Chocolate | Digestive Biscuits 266g-355g,93.77,True,single_price_evidence,https://caau.syd1.cdn.digitaloceanspaces.com/wp-content/uploads/catalogue/coles/coles-catalogue-march-19-25-2025-vic-metro/3.jpg,https://www.catalogueau.com/coles/#catalogue=coles/coles-catalogue-march-19-25-2025-vic-metro/,displayed_price,displayed_price,1,review
Coles,VIC METRO,"Coles Catalogue March 19 - 25, 2025 VIC METRO",2025-03-19,2025-03-26,3,ASS Skittles 120g-200g,2.0,5.0,3.0,60.0,save_amount,120g; 200g,,SAVES3 | ASS | Skittles 120g-200g | VIC-METRO-1903-25-345850,68.64,True,low_name_confidence_strict;single_price_evidence,https://caau.syd1.cdn.digitaloceanspaces.com/wp-content/uploads/catalogue/coles/coles-catalogue-march-19-25-2025-vic-metro/3.jpg,https://www.catalogueau.com/coles/#catalogue=coles/coles-catalogue-march-19-25-2025-vic-metro/,displayed_price,displayed_price,1,review
Coles,VIC METRO,"Coles Catalogue March 19 - 25, 2025 VIC METRO",2025-03-19,2025-03-26,3,Toblerone 360g,9.0,18.0,9.0,50.0,half_price,360g,$2.50 per 100g,SAVES9 | WASS18 | Toblerone 360g | $2.50 per 100g,96.04,False,,https://caau.syd1.cdn.digitaloceanspaces.com/wp-content/uploads/catalogue/coles/coles-catalogue-march-19-25-2025-vic-metro/3.jpg,https://www.catalogueau.com/coles/#catalogue=coles/coles-catalogue-march-19-25-2025-vic-metro/,save_was_arithmetic,displayed_price;save_was_arithmetic;unit_price,3,verified
Coles,VIC METRO,"Coles Catalogue March 19 - 25, 2025 VIC METRO",2025-03-19,2025-03-26,3,Cadbury Favourites 520g,11.0,22.0,11.0,50.0,half_price,520g,$2.12 per 100g,SAVEST1 | WAS$22 | Cadbury Favourites 520g | $2.12 per 100g,94.86,False,,https://caau.syd1.cdn.digitaloceanspaces.com/wp-content/uploads/catalogue/coles/coles-catalogue-march-19-25-2025-vic-metro/3.jpg,https://www.catalogueau.com/coles/#catalogue=coles/coles-catalogue-march-19-25-2025-vic-metro/,displayed_price,displayed_price;unit_price,2,verified
Coles,VIC METRO,"Coles Catalogue March 19 - 25, 2025 VIC METRO",2025-03-19,2025-03-26,3,Skittles 120g-200g VIC-METRO-1903-25-345850,2.0,,,,special,120g; 200g,,Skittles 120g-200g | VIC-METRO-1903-25-345850,92.66,True,offer_labels_missing;save_amount_missing;regular_price_missing;single_price_evidence,https://caau.syd1.cdn.digitaloceanspaces.com/wp-content/uploads/catalogue/coles/coles-catalogue-march-19-25-2025-vic-metro/3.jpg,https://www.catalogueau.com/coles/#catalogue=coles/coles-catalogue-march-19-25-2025-vic-metro/,displayed_price,displayed_price,1,review
Coles,VIC METRO,"Coles Catalogue March 19 - 25, 2025 VIC METRO",2025-03-19,2025-03-26,4,Cheezels 125g,1.75,3.5,1.75,50.0,half_price,125g,$1.40 per 100g,SAVES1.75 | WASS$3.50 | Cheezels 125g | $1.40 per 100g | Bo,93.63,False,,https://caau.syd1.cdn.digitaloceanspaces.com/wp-content/uploads/catalogue/coles/coles-catalogue-march-19-25-2025-vic-metro/4.jpg,https://www.catalogueau.com/coles/#catalogue=coles/coles-catalogue-march-19-25-2025-vic-metro/,save_was_arithmetic,save_was_arithmetic;unit_price,2,verified
Coles,VIC METRO,"Coles Catalogue March 19 - 25, 2025 VIC METRO",2025-03-19,2025-03-26,4,Red Rock Deli Style or Crostini Crackers 115g-135g,522.5,575.0,52.5,9.13,save_amount,115g; 135g,,SAVE52.50 | Red Rock Deli Style or | Crostini Crackers 115g-135g,95.22,True,single_price_evidence,https://caau.syd1.cdn.digitaloceanspaces.com/wp-content/uploads/catalogue/coles/coles-catalogue-march-19-25-2025-vic-metro/4.jpg,https://www.catalogueau.com/coles/#catalogue=coles/coles-catalogue-march-19-25-2025-vic-metro/,displayed_price,displayed_price,1,review
Coles,VIC METRO,"Coles Catalogue March 19 - 25, 2025 VIC METRO",2025-03-19,2025-03-26,4,Nice & Natural Nut or Smoothie Bars 100g-192g,2.75,5.5,2.75,50.0,half_price,100g; 192g,,SAVE‘2.75 | WASS$5.50 | Nice & Natural Nut or | Smoothie Bars 100g-192g,94.83,False,,https://caau.syd1.cdn.digitaloceanspaces.com/wp-content/uploads/catalogue/coles/coles-catalogue-march-19-25-2025-vic-metro/4.jpg,https://www.catalogueau.com/coles/#catalogue=coles/coles-catalogue-march-19-25-2025-vic-metro/,save_was_arithmetic,displayed_price;save_was_arithmetic,2,verified
Coles,VIC METRO,"Coles Catalogue March 19 - 25, 2025 VIC METRO",2025-03-19,2025-03-26,4,Jack Links Beef Jerky 50g,2.92,5.85,2.93,50.09,half_price,50g,$58.40 per kg,SAVE52.93 | WASS5.85 | Jack Links Beef Jerky 50g | $58.40 per kg,96.58,False,,https://caau.syd1.cdn.digitaloceanspaces.com/wp-content/uploads/catalogue/coles/coles-catalogue-march-19-25-2025-vic-metro/4.jpg,https://www.catalogueau.com/coles/#catalogue=coles/coles-catalogue-march-19-25-2025-vic-metro/,displayed_price,displayed_price;unit_price,2,verified
Coles,VIC METRO,"Coles Catalogue March 19 - 25, 2025 VIC METRO",2025-03-19,2025-03-26,4,White Wings Baking Mix 365g-475g,3.0,6.0,3.0,50.0,half_price,365g; 475g,,SAVES3 | WASS6 | White Wings Baking Mix | 365g-475g | VIC-METRO-1903-25-345850,79.0,True,low_name_confidence_strict,https://caau.syd1.cdn.digitaloceanspaces.com/wp-content/uploads/catalogue/coles/coles-catalogue-march-19-25-2025-vic-metro/4.jpg,https://www.catalogueau.com/coles/#catalogue=coles/coles-catalogue-march-19-25-2025-vic-metro/,save_was_arithmetic,displayed_price;save_was_arithmetic,2,review
Coles,VIC METRO,"Coles Catalogue March 19 - 25, 2025 VIC METRO",2025-03-19,2025-03-26,4,Twinings Tea Bags 80 Pack-100 Pack,6.75,13.5,6.75,50.0,half_price,80 Pack; 100 Pack,,SAVE6.75 | WASSI3.50 | Twinings Tea Bags | 80 Pack-100 Pack,94.95,False,,https://caau.syd1.cdn.digitaloceanspaces.com/wp-content/uploads/catalogue/coles/coles-catalogue-march-19-25-2025-vic-metro/4.jpg,https://www.catalogueau.com/coles/#catalogue=coles/coles-catalogue-march-19-25-2025-vic-metro/,save_was_arithmetic,displayed_price;save_was_arithmetic,2,verified
Coles,VIC METRO,"Coles Catalogue March 19 - 25, 2025 VIC METRO",2025-03-19,2025-03-26,4,L'Or Coffee Beans 500g,13.0,26.0,13.0,50.0,half_price,500g,$2.60 per 100g,SAVES13 | WAS$26 | L'Or Coffee Beans 500g | $2.60 per 100g,95.32,False,,https://caau.syd1.cdn.digitaloceanspaces.com/wp-content/uploads/catalogue/coles/coles-catalogue-march-19-25-2025-vic-metro/4.jpg,https://www.catalogueau.com/coles/#catalogue=coles/coles-catalogue-march-19-25-2025-vic-metro/,save_was_arithmetic,displayed_price;save_was_arithmetic;unit_price,3,verified
Coles,VIC METRO,"Coles Catalogue March 19 - 25, 2025 VIC METRO",2025-03-19,2025-03-26,4,Thins Potato Chips 150g-175g,2.5,5.0,2.5,50.0,half_price,150g; 175g,,Thins Potato Chips | 150g-175g | —— | es,79.0,True,offer_labels_missing;regular_and_save_inferred_from_half_price;low_name_confidence_strict;inferred_price_requires_review,https://caau.syd1.cdn.digitaloceanspaces.com/wp-content/uploads/catalogue/coles/coles-catalogue-march-19-25-2025-vic-metro/4.jpg,https://www.catalogueau.com/coles/#catalogue=coles/coles-catalogue-march-19-25-2025-vic-metro/,displayed_price,displayed_price;grid_inference,1,review
Coles,VIC METRO,"Coles Catalogue March 19 - 25, 2025 VIC METRO",2025-03-19,2025-03-26,4,Calbee Harvest Snaps 120g,2.5,5.0,2.5,50.0,half_price,120g,$2.08 per 100g,Calbee Harvest Snaps 120g | $2.08 per 100g | g,95.06,True,offer_labels_missing;regular_and_save_inferred_from_half_price;inferred_price_requires_review,https://caau.syd1.cdn.digitaloceanspaces.com/wp-content/uploads/catalogue/coles/coles-catalogue-march-19-25-2025-vic-metro/4.jpg,https://www.catalogueau.com/coles/#catalogue=coles/coles-catalogue-march-19-25-2025-vic-metro/,unit_price,grid_inference;unit_price,1,review
Coles,VIC METRO,"Coles Catalogue March 19 - 25, 2025 VIC METRO",2025-03-19,2025-03-26,5,Coles Green Olives with Chilli & Garlic Selected stores only*,12.0,24.0,12.0,50.0,half_price,,,SAVES12kg | WAS$ 24g | Coles Green Olives with Chilli | & Garlic Selected stores only* | $3,95.7,False,,https://caau.syd1.cdn.digitaloceanspaces.com/wp-content/uploads/catalogue/coles/coles-catalogue-march-19-25-2025-vic-metro/5.jpg,https://www.catalogueau.com/coles/#catalogue=coles/coles-catalogue-march-19-25-2025-vic-metro/,save_was_arithmetic,displayed_price;save_was_arithmetic,2,verified
Coles,VIC METRO,"Coles Catalogue March 19 - 25, 2025 VIC METRO",2025-03-19,2025-03-26,5,Coles Mediterranean Olives Selected stores only*,12.0,244.0,232.0,95.08,save_amount,,,SAVE $12kg | WAS $ 244g | Coles Mediterranean Olives | Selected stores only* | Ot | $280,95.47,True,single_price_evidence,https://caau.syd1.cdn.digitaloceanspaces.com/wp-content/uploads/catalogue/coles/coles-catalogue-march-19-25-2025-vic-metro/5.jpg,https://www.catalogueau.com/coles/#catalogue=coles/coles-catalogue-march-19-25-2025-vic-metro/,displayed_price,displayed_price,1,review
Coles,VIC METRO,"Coles Catalogue March 19 - 25, 2025 VIC METRO",2025-03-19,2025-03-26,5,Coles Semi Dried Tomatoes with Fresh Basil Selected stores only*,14.0,28.0,14.0,50.0,half_price,,,SAVES14kg | WAS$28ig | Coles Semi Dried Tomatoes with | Fresh Basil Selected stores only* | DON] |,95.6,False,,https://caau.syd1.cdn.digitaloceanspaces.com/wp-content/uploads/catalogue/coles/coles-catalogue-march-19-25-2025-vic-metro/5.jpg,https://www.catalogueau.com/coles/#catalogue=coles/coles-catalogue-march-19-25-2025-vic-metro/,save_was_arithmetic,displayed_price;save_was_arithmetic,2,verified
Coles,VIC METRO,"Coles Catalogue March 19 - 25, 2025 VIC METRO",2025-03-19,2025-03-26,5,Don Sliced Meat 160g-200g,5.0,6.6,1.6,24.24,save_amount,160g; 200g,,SAVE*1.60 | WAS $6.60 | Don Sliced Meat 160g-200g,93.37,False,,https://caau.syd1.cdn.digitaloceanspaces.com/wp-content/uploads/catalogue/coles/coles-catalogue-march-19-25-2025-vic-metro/5.jpg,https://www.catalogueau.com/coles/#catalogue=coles/coles-catalogue-march-19-25-2025-vic-metro/,save_was_arithmetic,displayed_price;save_was_arithmetic,2,verified
Coles,VIC METRO,"Coles Catalogue March 19 - 25, 2025 VIC METRO",2025-03-19,2025-03-26,5,Don Hungarian Salami Selected stores only*,28.0,361.0,333.0,92.24,save_amount,,,SAVE $8ka | WASS$361g | Don Hungarian Salami | Selected stores only*. | 2nd week on sale,93.33,True,single_price_evidence,https://caau.syd1.cdn.digitaloceanspaces.com/wp-content/uploads/catalogue/coles/coles-catalogue-march-19-25-2025-vic-metro/5.jpg,https://www.catalogueau.com/coles/#catalogue=coles/coles-catalogue-march-19-25-2025-vic-metro/,displayed_price,displayed_price,1,review
Coles,VIC METRO,"Coles Catalogue March 19 - 25, 2025 VIC METRO",2025-03-19,2025-03-26,5,Bertocchi Triple Smoked Leg Ham Selected stores only*,18.75,37.5,18.75,50.0,half_price,,,"WAS$3750, | WAS$3750, | Bertocchi Triple Smoked Leg Ham | Selected stores only*",94.21,True,inferred_price_requires_review,https://caau.syd1.cdn.digitaloceanspaces.com/wp-content/uploads/catalogue/coles/coles-catalogue-march-19-25-2025-vic-metro/5.jpg,https://www.catalogueau.com/coles/#catalogue=coles/coles-catalogue-march-19-25-2025-vic-metro/,page_discount_inference,page_discount,0,review
Coles,VIC METRO,"Coles Catalogue March 19 - 25, 2025 VIC METRO",2025-03-19,2025-03-26,5,Coles Australian Thawed Raw Extra Large Black Tiger Prawns,20.0,29.0,9.0,31.03,save_amount,,,SAVES9ig | WAS§29ig | Coles Australian Thawed Raw | Extra Large Black Tiger Prawns | Selected stores only*. | On sale for 2 weeks,96.06,False,,https://caau.syd1.cdn.digitaloceanspaces.com/wp-content/uploads/catalogue/coles/coles-catalogue-march-19-25-2025-vic-metro/5.jpg,https://www.catalogueau.com/coles/#catalogue=coles/coles-catalogue-march-19-25-2025-vic-metro/,save_was_arithmetic,displayed_price;save_was_arithmetic,2,verified
Coles,VIC METRO,"Coles Catalogue March 19 - 25, 2025 VIC METRO",2025-03-19,2025-03-26,5,Coles Tasmanian Fresh Salmon Portions Skin On,36.0,44.0,8.0,18.18,save_amount,,,SAVE 58k | WASS44:g | Coles Tasmanian Fresh | Salmon Portions Skin On | Selected stores only* | ~~. | Bu,96.12,False,,https://caau.syd1.cdn.digitaloceanspaces.com/wp-content/uploads/catalogue/coles/coles-catalogue-march-19-25-2025-vic-metro/5.jpg,https://www.catalogueau.com/coles/#catalogue=coles/coles-catalogue-march-19-25-2025-vic-metro/,save_was_arithmetic,displayed_price;save_was_arithmetic,2,verified
Coles,VIC METRO,"Coles Catalogue March 19 - 25, 2025 VIC METRO",2025-03-19,2025-03-26,5,\ Karumba Australian MSC Thawed Raw Banana Prawns,15.0,20.0,5.0,25.0,save_amount,,,SAVE 55kg | ea | \ | Karumba Australian MSC Thawed Raw Banana Prawns,79.0,True,low_name_confidence_strict;single_price_evidence,https://caau.syd1.cdn.digitaloceanspaces.com/wp-content/uploads/catalogue/coles/coles-catalogue-march-19-25-2025-vic-metro/5.jpg,https://www.catalogueau.com/coles/#catalogue=coles/coles-catalogue-march-19-25-2025-vic-metro/,displayed_price,displayed_price,1,review
Coles,VIC METRO,"Coles Catalogue March 19 - 25, 2025 VIC METRO",2025-03-19,2025-03-26,6,Bref Liquid 600mL-700mL or In The Bowl Toilet Cleaner 42g-50g,3.5,7.0,3.5,50.0,half_price,600mL; 700mL; 42g; 50g,,SAVES3.50 | Bref Liquid 600mL-700mL | or In The Bowl Toilet Cleaner | 42g-50g,93.44,True,single_price_evidence,https://caau.syd1.cdn.digitaloceanspaces.com/wp-content/uploads/catalogue/coles/coles-catalogue-march-19-25-2025-vic-metro/6.jpg,https://www.catalogueau.com/coles/#catalogue=coles/coles-catalogue-march-19-25-2025-vic-metro/,displayed_price,displayed_price,1,review
Coles,VIC METRO,"Coles Catalogue March 19 - 25, 2025 VIC METRO",2025-03-19,2025-03-26,6,Glen 20 Disinfectant Spray 300g,4.75,9.5,4.75,50.0,half_price,300g,$1.58 per 100g,SAVE%4.75 | WASS9.50 | Glen 20 Disinfectant Spray | 300g $1.58 per 100g,96.19,False,,https://caau.syd1.cdn.digitaloceanspaces.com/wp-content/uploads/catalogue/coles/coles-catalogue-march-19-25-2025-vic-metro/6.jpg,https://www.catalogueau.com/coles/#catalogue=coles/coles-catalogue-march-19-25-2025-vic-metro/,save_was_arithmetic,save_was_arithmetic;unit_price,2,verified
Coles,VIC METRO,"Coles Catalogue March 19 - 25, 2025 VIC METRO",2025-03-19,2025-03-26,6,Dettol Multipurpose Disinfectant Wipes 110 Pack,6.0,12.0,6.0,50.0,half_price,110 Pack,$0.05 per each,SAVE*6 | WASS12 | Dettol Multipurpose | Disinfectant Wipes 110 Pack | $0.05 per each,95.67,False,,https://caau.syd1.cdn.digitaloceanspaces.com/wp-content/uploads/catalogue/coles/coles-catalogue-march-19-25-2025-vic-metro/6.jpg,https://www.catalogueau.com/coles/#catalogue=coles/coles-catalogue-march-19-25-2025-vic-metro/,save_was_arithmetic,displayed_price;save_was_arithmetic,2,verified
Coles,VIC METRO,"Coles Catalogue March 19 - 25, 2025 VIC METRO",2025-03-19,2025-03-26,6,Handee Ultra Paper Towel 2 Pack,1.92,3.85,1.93,50.13,half_price,2 Pack,$1.60 per 100,SAVE51.93 | WASS$3.85 | Handee Ultra Paper Towel | 2 Pack $1.60 per 100 sheets,95.8,True,single_price_evidence,https://caau.syd1.cdn.digitaloceanspaces.com/wp-content/uploads/catalogue/coles/coles-catalogue-march-19-25-2025-vic-metro/6.jpg,https://www.catalogueau.com/coles/#catalogue=coles/coles-catalogue-march-19-25-2025-vic-metro/,unknown,,0,review
Coles,VIC METRO,"Coles Catalogue March 19 - 25, 2025 VIC METRO",2025-03-19,2025-03-26,6,Biozet Attack Plus Laundry Liquid 2 Litre or Powder 2kg,13.0,26.0,13.0,50.0,half_price,2 Litre; 2kg,,SAVES13 | WAS$26 | Biozet Attack Plus Laundry | Liquid 2 Litre or Powder 2kg,95.44,False,,https://caau.syd1.cdn.digitaloceanspaces.com/wp-content/uploads/catalogue/coles/coles-catalogue-march-19-25-2025-vic-metro/6.jpg,https://www.catalogueau.com/coles/#catalogue=coles/coles-catalogue-march-19-25-2025-vic-metro/,save_was_arithmetic,displayed_price;save_was_arithmetic,2,verified
Coles,VIC METRO,"Coles Catalogue March 19 - 25, 2025 VIC METRO",2025-03-19,2025-03-26,6,Comfort Fabric Conditioner 900mL,5.5,11.0,5.5,50.0,half_price,900mL,$6.11 per litre,SAVES5.50 | WASS11 | Comfort Fabric Conditioner | 900mL $6.11 per litre | VIC-METRO-1903-25-345850,94.49,False,,https://caau.syd1.cdn.digitaloceanspaces.com/wp-content/uploads/catalogue/coles/coles-catalogue-march-19-25-2025-vic-metro/6.jpg,https://www.catalogueau.com/coles/#catalogue=coles/coles-catalogue-march-19-25-2025-vic-metro/,save_was_arithmetic,save_was_arithmetic;unit_price,2,verified
Coles,VIC METRO,"Coles Catalogue March 19 - 25, 2025 VIC METRO",2025-03-19,2025-03-26,6,Comfort Dusk X In-Wash Scent Booster Beads 425g,17.25,34.5,17.25,50.0,half_price,425g,$40.59 per kg,SAVES17.25 | WAS$34.50 | Comfort Dusk X In-Wash | Scent Booster Beads 425g | $40.59 per kg,94.91,False,,https://caau.syd1.cdn.digitaloceanspaces.com/wp-content/uploads/catalogue/coles/coles-catalogue-march-19-25-2025-vic-metro/6.jpg,https://www.catalogueau.com/coles/#catalogue=coles/coles-catalogue-march-19-25-2025-vic-metro/,save_was_arithmetic,save_was_arithmetic;unit_price,2,verified
Coles,VIC METRO,"Coles Catalogue March 19 - 25, 2025 VIC METRO",2025-03-19,2025-03-26,6,Dynamo Professional Laundry Liquid 2 Litre,14.5,29.0,14.5,50.0,half_price,2 Litre,$7.25 per litre,SAVE514.50 | WASS$29 | Dynamo Professional | Laundry Liquid 2 Litre | $7.25 per litre,96.24,False,,https://caau.syd1.cdn.digitaloceanspaces.com/wp-content/uploads/catalogue/coles/coles-catalogue-march-19-25-2025-vic-metro/6.jpg,https://www.catalogueau.com/coles/#catalogue=coles/coles-catalogue-march-19-25-2025-vic-metro/,displayed_price,displayed_price;unit_price,2,verified
Coles,VIC METRO,"Coles Catalogue March 19 - 25, 2025 VIC METRO",2025-03-19,2025-03-26,7,Blackmores Executive B Stress Formula Tablets 125 Pack*,20.0,40.0,20.0,50.0,half_price,125 Pack,$16.00 per 100 each,SAVE‘S20 | WASS40 | Blackmores Executive B Stress | Formula Tablets 125 Pack* | $16.00 per 100 each,94.59,False,,https://caau.syd1.cdn.digitaloceanspaces.com/wp-content/uploads/catalogue/coles/coles-catalogue-march-19-25-2025-vic-metro/7.jpg,https://www.catalogueau.com/coles/#catalogue=coles/coles-catalogue-march-19-25-2025-vic-metro/,save_was_arithmetic,displayed_price;save_was_arithmetic;unit_price,3,verified
Coles,VIC METRO,"Coles Catalogue March 19 - 25, 2025 VIC METRO",2025-03-19,2025-03-26,7,Blackmores Super Magnesium+ Tablets 180 Pack*,22.5,45.0,22.5,50.0,half_price,180 Pack,$12.50 per 100 each,SAVE522.50 | WASS45 | Blackmores Super Magnesium+ | Tablets 180 Pack* | $12.50 per 100 each,93.08,False,,https://caau.syd1.cdn.digitaloceanspaces.com/wp-content/uploads/catalogue/coles/coles-catalogue-march-19-25-2025-vic-metro/7.jpg,https://www.catalogueau.com/coles/#catalogue=coles/coles-catalogue-march-19-25-2025-vic-metro/,displayed_price,displayed_price;unit_price,2,verified
Coles,VIC METRO,"Coles Catalogue March 19 - 25, 2025 VIC METRO",2025-03-19,2025-03-26,7,Berocca Energy Effervescent Tablets 45 Pack*,13.0,26.0,13.0,50.0,half_price,45 Pack,$28.89 per 100 each,SAVE*13 | WASS26 | Berocca Energy Effervescent | Tablets 45 Pack* | $28.89 per 100 each,93.25,False,,https://caau.syd1.cdn.digitaloceanspaces.com/wp-content/uploads/catalogue/coles/coles-catalogue-march-19-25-2025-vic-metro/7.jpg,https://www.catalogueau.com/coles/#catalogue=coles/coles-catalogue-march-19-25-2025-vic-metro/,save_was_arithmetic,displayed_price;save_was_arithmetic;unit_price,3,verified
Coles,VIC METRO,"Coles Catalogue March 19 - 25, 2025 VIC METRO",2025-03-19,2025-03-26,7,Oral B Compact Gum Care Ultra Thin Extra Soft Toothbrush 1 Pack,2.0,4.0,2.0,50.0,half_price,1 Pack,,SAVE‘2. | WASS4 | Oral B Compact Gum Care | Ultra Thin Extra Soft Toothbrush | 1 Pack,95.57,False,,https://caau.syd1.cdn.digitaloceanspaces.com/wp-content/uploads/catalogue/coles/coles-catalogue-march-19-25-2025-vic-metro/7.jpg,https://www.catalogueau.com/coles/#catalogue=coles/coles-catalogue-march-19-25-2025-vic-metro/,save_was_arithmetic,displayed_price;save_was_arithmetic,2,verified
Coles,VIC METRO,"Coles Catalogue March 19 - 25, 2025 VIC METRO",2025-03-19,2025-03-26,7,Oral B 3D White Luxe Glamorous White Toothpaste 95g,5.0,10.0,5.0,50.0,half_price,95g,$5.26 per 100g,SAVES. | WASS10 | Oral B 3D White Luxe | Glamorous White Toothpaste | 95g $5.26 per 100g,95.6,False,,https://caau.syd1.cdn.digitaloceanspaces.com/wp-content/uploads/catalogue/coles/coles-catalogue-march-19-25-2025-vic-metro/7.jpg,https://www.catalogueau.com/coles/#catalogue=coles/coles-catalogue-march-19-25-2025-vic-metro/,displayed_price,displayed_price;page_discount;unit_price,2,verified
Coles,VIC METRO,"Coles Catalogue March 19 - 25, 2025 VIC METRO",2025-03-19,2025-03-26,7,Oral B Pro 800 Cross Action Electric Toothbrush Black 1 Pack,50.0,100.0,50.0,50.0,half_price,1 Pack,,SAVE°50 | WASS100 | Oral B Pro 800 Cross Action | Electric Toothbrush Black | 1 Pack,96.02,True,single_price_evidence,https://caau.syd1.cdn.digitaloceanspaces.com/wp-content/uploads/catalogue/coles/coles-catalogue-march-19-25-2025-vic-metro/7.jpg,https://www.catalogueau.com/coles/#catalogue=coles/coles-catalogue-march-19-25-2025-vic-metro/,save_was_arithmetic,save_was_arithmetic,1,review
Coles,VIC METRO,"Coles Catalogue March 19 - 25, 2025 VIC METRO",2025-03-19,2025-03-26,7,Colgate Sensitive Pro Relief Multi Protection or Whitening Toothpaste 110g,5.5,6.0,0.5,8.33,save_amount,110g,$5.00 per 100g,SAVES5.50 | WASST1 | Colgate Sensitive Pro Relief | Multi Protection or Whitening | Toothpaste 110g $5.00 per 100g,96.46,True,single_price_evidence,https://caau.syd1.cdn.digitaloceanspaces.com/wp-content/uploads/catalogue/coles/coles-catalogue-march-19-25-2025-vic-metro/7.jpg,https://www.catalogueau.com/coles/#catalogue=coles/coles-catalogue-march-19-25-2025-vic-metro/,unit_price,unit_price,1,review
Coles,VIC METRO,"Coles Catalogue March 19 - 25, 2025 VIC METRO",2025-03-19,2025-03-26,7,Colgate Total Mouthwash Refreshing Clear Mint 500mL,5.0,10.0,5.0,50.0,half_price,500mL,$1.00 per 100mL,SAVESS | WASS10 | Colgate Total Mouthwash | Refreshing Clear Mint 500mL | $1.00 per 100mL,95.43,False,,https://caau.syd1.cdn.digitaloceanspaces.com/wp-content/uploads/catalogue/coles/coles-catalogue-march-19-25-2025-vic-metro/7.jpg,https://www.catalogueau.com/coles/#catalogue=coles/coles-catalogue-march-19-25-2025-vic-metro/,displayed_price,displayed_price;page_discount;unit_price,2,verified
Coles,VIC METRO,"Coles Catalogue March 19 - 25, 2025 VIC METRO",2025-03-19,2025-03-26,7,Nivea Antiperspirant Roll On Deodorant 50mL,2.5,5.0,2.5,50.0,half_price,50mL,$5.00 per 100mL,SAVE2.50 | WASS5 | Nivea Antiperspirant | Roll On Deodorant 50mL | $5.00 per 100mL,92.52,False,,https://caau.syd1.cdn.digitaloceanspaces.com/wp-content/uploads/catalogue/coles/coles-catalogue-march-19-25-2025-vic-metro/7.jpg,https://www.catalogueau.com/coles/#catalogue=coles/coles-catalogue-march-19-25-2025-vic-metro/,save_was_arithmetic,displayed_price;save_was_arithmetic;unit_price,3,verified
Coles,VIC METRO,"Coles Catalogue March 19 - 25, 2025 VIC METRO",2025-03-19,2025-03-26,10,Bulla Creamy Classic 2 Litre,5.5,11.0,5.5,50.0,half_price,2 Litre,$0.28 per 100mL,SAVE%5.50 | WASS11 | Bulla Creamy Classic 2 Litre | $0.28 per 100mL | | | eS | I,96.72,False,,https://caau.syd1.cdn.digitaloceanspaces.com/wp-content/uploads/catalogue/coles/coles-catalogue-march-19-25-2025-vic-metro/10.jpg,https://www.catalogueau.com/coles/#catalogue=coles/coles-catalogue-march-19-25-2025-vic-metro/,save_was_arithmetic,displayed_price;save_was_arithmetic,2,verified
Coles,VIC METRO,"Coles Catalogue March 19 - 25, 2025 VIC METRO",2025-03-19,2025-03-26,10,Sirena Tuna 95g,2.3,2.95,0.65,22.03,save_amount,95g,$24.21 per kg,SAVE 65° | WASS2.95 | Sirena Tuna 95g | $24.21 per kg | wut,79.0,True,low_name_confidence_strict,https://caau.syd1.cdn.digitaloceanspaces.com/wp-content/uploads/catalogue/coles/coles-catalogue-march-19-25-2025-vic-metro/10.jpg,https://www.catalogueau.com/coles/#catalogue=coles/coles-catalogue-march-19-25-2025-vic-metro/,displayed_price,displayed_price;unit_price,2,review
Coles,VIC METRO,"Coles Catalogue March 19 - 25, 2025 VIC METRO",2025-03-19,2025-03-26,10,Cheer Cheese Slices 500,10.0,11.0,1.0,9.09,save_amount,,$20.00 per kg,SAVES1 | WASS11 | Cheer Cheese Slices 500 | $20.00 per kg,96.49,False,,https://caau.syd1.cdn.digitaloceanspaces.com/wp-content/uploads/catalogue/coles/coles-catalogue-march-19-25-2025-vic-metro/10.jpg,https://www.catalogueau.com/coles/#catalogue=coles/coles-catalogue-march-19-25-2025-vic-metro/,save_was_arithmetic,displayed_price;save_was_arithmetic,2,verified
Coles,VIC METRO,"Coles Catalogue March 19 - 25, 2025 VIC METRO",2025-03-19,2025-03-26,10,Black Swan Favourites Dip 200g,7.0,58.0,51.0,87.93,save_amount,200g,$1.75 per 100g,SAVE51 | Black Swan Favourites Dip | 200g $1.75 per 100g | 7 | —— =,96.37,True,unit_price_conflict;single_price_evidence,https://caau.syd1.cdn.digitaloceanspaces.com/wp-content/uploads/catalogue/coles/coles-catalogue-march-19-25-2025-vic-metro/10.jpg,https://www.catalogueau.com/coles/#catalogue=coles/coles-catalogue-march-19-25-2025-vic-metro/,displayed_price,displayed_price,1,review
Coles,VIC METRO,"Coles Catalogue March 19 - 25, 2025 VIC METRO",2025-03-19,2025-03-26,10,L'Oréal Elvive Bond Repair Shampoo 200mL or Conditioner 150mL,11.4,19.0,7.6,40.0,save_amount,200mL; 150mL,,SAVE‘7.60 | WASS19 | L'Oréal Elvive Bond Repair | Shampoo 200mL or | Conditioner 150mL | VIC-METRO-1903-25-345850,91.08,True,single_price_evidence,https://caau.syd1.cdn.digitaloceanspaces.com/wp-content/uploads/catalogue/coles/coles-catalogue-march-19-25-2025-vic-metro/10.jpg,https://www.catalogueau.com/coles/#catalogue=coles/coles-catalogue-march-19-25-2025-vic-metro/,save_was_arithmetic,save_was_arithmetic,1,review
Coles,VIC METRO,"Coles Catalogue March 19 - 25, 2025 VIC METRO",2025-03-19,2025-03-26,10,Air Wick Reed Diffuser 50mL,7.0,14.0,7.0,50.0,half_price,50mL,,SAVE‘7 | WASS14 | Air Wick Reed Diffuser 50mL | $1.40 per 10mL | 10,94.41,False,,https://caau.syd1.cdn.digitaloceanspaces.com/wp-content/uploads/catalogue/coles/coles-catalogue-march-19-25-2025-vic-metro/10.jpg,https://www.catalogueau.com/coles/#catalogue=coles/coles-catalogue-march-19-25-2025-vic-metro/,save_was_arithmetic,displayed_price;save_was_arithmetic,2,verified
Coles,VIC METRO,"Coles Catalogue March 19 - 25, 2025 VIC METRO",2025-03-19,2025-03-26,10,Air Wick Essential Oil Diffuser 19mL-21mL,7.0,14.0,7.0,50.0,half_price,19mL; 21mL,,SAVE ‘7 | WASS14 | Air Wick Essential Oil Diffuser | 19mL-21mL,69.25,True,low_name_confidence_strict,https://caau.syd1.cdn.digitaloceanspaces.com/wp-content/uploads/catalogue/coles/coles-catalogue-march-19-25-2025-vic-metro/10.jpg,https://www.catalogueau.com/coles/#catalogue=coles/coles-catalogue-march-19-25-2025-vic-metro/,save_was_arithmetic,displayed_price;save_was_arithmetic,2,review
Coles,VIC METRO,"Coles Catalogue March 19 - 25, 2025 VIC METRO",2025-03-19,2025-03-26,11,Coles Finest Australian Red Gum Honey 400g,7.5,,,,special,400g,$1.88 per 100g,Coles Finest Australian Red Gum | Honey 400g $1.88 per 100g,96.15,False,,https://caau.syd1.cdn.digitaloceanspaces.com/wp-content/uploads/catalogue/coles/coles-catalogue-march-19-25-2025-vic-metro/11.jpg,https://www.catalogueau.com/coles/#catalogue=coles/coles-catalogue-march-19-25-2025-vic-metro/,displayed_price,displayed_price;unit_price,2,verified
Coles,VIC METRO,"Coles Catalogue March 19 - 25, 2025 VIC METRO",2025-03-19,2025-03-26,11,Coles Finest Granola Honey Roasted Nut or Pink Lady Apple &,8.5,,,,special,,$1.70 per 100g,Coles Finest Granola Honey | Roasted Nut or Pink Lady Apple & | & | Caramel 500g $1.70 per 100g | 100g,79.0,True,offer_labels_missing;save_amount_missing;regular_price_missing;low_name_confidence_strict;single_price_evidence,https://caau.syd1.cdn.digitaloceanspaces.com/wp-content/uploads/catalogue/coles/coles-catalogue-march-19-25-2025-vic-metro/11.jpg,https://www.catalogueau.com/coles/#catalogue=coles/coles-catalogue-march-19-25-2025-vic-metro/,displayed_price,displayed_price,1,review
Coles,VIC METRO,"Coles Catalogue March 19 - 25, 2025 VIC METRO",2025-03-19,2025-03-26,11,Coles Finest All Butter Croissants 2 Pack 180g,3.5,,,,special,2 Pack; 180g,$1.94 per 100g,Coles Finest All Butter Croissants | 2 Pack 180g $1.94 per 100g | VIC-METRO-1903-25-345850,96.25,False,,https://caau.syd1.cdn.digitaloceanspaces.com/wp-content/uploads/catalogue/coles/coles-catalogue-march-19-25-2025-vic-metro/11.jpg,https://www.catalogueau.com/coles/#catalogue=coles/coles-catalogue-march-19-25-2025-vic-metro/,displayed_price,displayed_price;unit_price,2,verified
Coles,VIC METRO,"Coles Catalogue March 19 - 25, 2025 VIC METRO",2025-03-19,2025-03-26,11,Coles Finest by Laurent White Sourdough Vienna,6.5,,,,special,,,Coles Finest by Laurent White | Sourdough Vienna,96.25,True,offer_labels_missing;save_amount_missing;regular_price_missing;single_price_evidence,https://caau.syd1.cdn.digitaloceanspaces.com/wp-content/uploads/catalogue/coles/coles-catalogue-march-19-25-2025-vic-metro/11.jpg,https://www.catalogueau.com/coles/#catalogue=coles/coles-catalogue-march-19-25-2025-vic-metro/,displayed_price,displayed_price,1,review
Coles,VIC METRO,"Coles Catalogue March 19 - 25, 2025 VIC METRO",2025-03-19,2025-03-26,12,Coles Australian Honey Belle Pears 750g Pack,2.9,,,,special,750g,$3.87 per kg,Coles Australian Honey Belle | Pears 750g Pack $3.87 per kg | VIC-METRO-1903-25-345850,96.31,True,single_price_evidence,https://caau.syd1.cdn.digitaloceanspaces.com/wp-content/uploads/catalogue/coles/coles-catalogue-march-19-25-2025-vic-metro/12.jpg,https://www.catalogueau.com/coles/#catalogue=coles/coles-catalogue-march-19-25-2025-vic-metro/,unit_price,unit_price,1,review
Coles,VIC METRO,"Coles Catalogue March 19 - 25, 2025 VIC METRO",2025-03-19,2025-03-26,12,Australian William Bartlett Pears,2.0,,,,special,,,Australian William Bartlett Pears | 12,96.71,True,offer_labels_missing;save_amount_missing;regular_price_missing;single_price_evidence,https://caau.syd1.cdn.digitaloceanspaces.com/wp-content/uploads/catalogue/coles/coles-catalogue-march-19-25-2025-vic-metro/12.jpg,https://www.catalogueau.com/coles/#catalogue=coles/coles-catalogue-march-19-25-2025-vic-metro/,displayed_price,displayed_price,1,review
Coles,VIC METRO,"Coles Catalogue March 19 - 25, 2025 VIC METRO",2025-03-19,2025-03-26,12,Australian Smitten Apples,3.9,,,,special,,,Australian Smitten Apples,96.5,True,offer_labels_missing;save_amount_missing;regular_price_missing;single_price_evidence,https://caau.syd1.cdn.digitaloceanspaces.com/wp-content/uploads/catalogue/coles/coles-catalogue-march-19-25-2025-vic-metro/12.jpg,https://www.catalogueau.com/coles/#catalogue=coles/coles-catalogue-march-19-25-2025-vic-metro/,displayed_price,displayed_price,1,review
Coles,VIC METRO,"Coles Catalogue March 19 - 25, 2025 VIC METRO",2025-03-19,2025-03-26,13,Coles Australian Roasted Salted Pistachios 750g Pack,16.0,18.0,2.0,11.11,save_amount,750g,$21.33 per kg,WASS18 | WASS18 | Coles Australian Roasted Salted | Pistachios 750g Pack $21.33 per kg | y | } | h | ft,96.39,True,single_price_evidence,https://caau.syd1.cdn.digitaloceanspaces.com/wp-content/uploads/catalogue/coles/coles-catalogue-march-19-25-2025-vic-metro/13.jpg,https://www.catalogueau.com/coles/#catalogue=coles/coles-catalogue-march-19-25-2025-vic-metro/,unit_price,unit_price,1,review
Coles,VIC METRO,"Coles Catalogue March 19 - 25, 2025 VIC METRO",2025-03-19,2025-03-26,13,Coles Kitchen Fine Cut Coleslaw 300g or Superfood Slaw Mix 350g,3.0,,,,special,300g; 350g,,Coles Kitchen Fine Cut Coleslaw 300g | or Superfood Slaw Mix 350g,96.08,True,offer_labels_missing;save_amount_missing;regular_price_missing;single_price_evidence,https://caau.syd1.cdn.digitaloceanspaces.com/wp-content/uploads/catalogue/coles/coles-catalogue-march-19-25-2025-vic-metro/13.jpg,https://www.catalogueau.com/coles/#catalogue=coles/coles-catalogue-march-19-25-2025-vic-metro/,displayed_price,displayed_price,1,review
Coles,VIC METRO,"Coles Catalogue March 19 - 25, 2025 VIC METRO",2025-03-19,2025-03-26,13,Coles Kitchen Asian Style Salad Kit 350g or Caesar Salad Kit 290g,9.0,,,,special,350g; 290g,,Coles Kitchen Asian Style Salad Kit 350g | or Caesar Salad Kit 290g | =,96.42,True,offer_labels_missing;save_amount_missing;regular_price_missing;single_price_evidence,https://caau.syd1.cdn.digitaloceanspaces.com/wp-content/uploads/catalogue/coles/coles-catalogue-march-19-25-2025-vic-metro/13.jpg,https://www.catalogueau.com/coles/#catalogue=coles/coles-catalogue-march-19-25-2025-vic-metro/,displayed_price,displayed_price,1,review
Coles,VIC METRO,"Coles Catalogue March 19 - 25, 2025 VIC METRO",2025-03-19,2025-03-26,13,Coles Australi Coles Australian Family Broccolini Pack:,5.7,,,,special,,,Coles Australi | Coles Australian Family Broccolini Pack: | “ | > | 8 | VIC-METRO-1903-25-345850,79.0,True,offer_labels_missing;save_amount_missing;regular_price_missing;low_name_confidence_strict;single_price_evidence,https://caau.syd1.cdn.digitaloceanspaces.com/wp-content/uploads/catalogue/coles/coles-catalogue-march-19-25-2025-vic-metro/13.jpg,https://www.catalogueau.com/coles/#catalogue=coles/coles-catalogue-march-19-25-2025-vic-metro/,displayed_price,displayed_price,1,review
Coles,VIC METRO,"Coles Catalogue March 19 - 25, 2025 VIC METRO",2025-03-19,2025-03-26,14,Coles Bakery Rustic Baguette Selected stores only,2.5,,,,special,,,Coles Bakery Rustic Baguette | Selected stores only | VIC-METRO-1903-25-345850,96.09,True,offer_labels_missing;save_amount_missing;regular_price_missing;single_price_evidence,https://caau.syd1.cdn.digitaloceanspaces.com/wp-content/uploads/catalogue/coles/coles-catalogue-march-19-25-2025-vic-metro/14.jpg,https://www.catalogueau.com/coles/#catalogue=coles/coles-catalogue-march-19-25-2025-vic-metro/,displayed_price,displayed_price,1,review
Coles,VIC METRO,"Coles Catalogue March 19 - 25, 2025 VIC METRO",2025-03-19,2025-03-26,14,Coles Bakery Stone Baked by Laurent Mini Pane di Casa,2.75,,,,special,,,Coles Bakery Stone Baked | by Laurent Mini Pane di Casa | Selected stores only | 14,96.63,True,offer_labels_missing;save_amount_missing;regular_price_missing;single_price_evidence,https://caau.syd1.cdn.digitaloceanspaces.com/wp-content/uploads/catalogue/coles/coles-catalogue-march-19-25-2025-vic-metro/14.jpg,https://www.catalogueau.com/coles/#catalogue=coles/coles-catalogue-march-19-25-2025-vic-metro/,displayed_price,displayed_price,1,review
Coles,VIC METRO,"Coles Catalogue March 19 - 25, 2025 VIC METRO",2025-03-19,2025-03-26,15,Coles Bakery Mixed Cookie Tray 24 Pack,5.0,6.5,1.5,23.08,save_amount,24 Pack,$0.21 per each,WASS6.50 | WASS6.50 | Coles Bakery Mixed Cookie Tray | 24 Pack $0.21 per each | Selected stores only | a,96.34,True,single_price_evidence,https://caau.syd1.cdn.digitaloceanspaces.com/wp-content/uploads/catalogue/coles/coles-catalogue-march-19-25-2025-vic-metro/15.jpg,https://www.catalogueau.com/coles/#catalogue=coles/coles-catalogue-march-19-25-2025-vic-metro/,displayed_price,displayed_price,1,review
Coles,VIC METRO,"Coles Catalogue March 19 - 25, 2025 VIC METRO",2025-03-19,2025-03-26,15,Coles Bakery Tear & Share Selected stores only,4.0,5.0,1.0,20.0,save_amount,,,WASS5 | WASS5 | Coles Bakery Tear & Share | Selected stores only,96.11,True,single_price_evidence,https://caau.syd1.cdn.digitaloceanspaces.com/wp-content/uploads/catalogue/coles/coles-catalogue-march-19-25-2025-vic-metro/15.jpg,https://www.catalogueau.com/coles/#catalogue=coles/coles-catalogue-march-19-25-2025-vic-metro/,displayed_price,displayed_price,1,review
Coles,VIC METRO,"Coles Catalogue March 19 - 25, 2025 VIC METRO",2025-03-19,2025-03-26,15,Golden Crumpet Squares 6 Pack 425g,3.5,5.0,1.5,30.0,save_amount,6 Pack; 425g,$0.82 per 100g,WASS5 | WASS5 | Golden Crumpet Squares 6 Pack | 425g $0.82 per 100g | Dp,96.66,True,single_price_evidence,https://caau.syd1.cdn.digitaloceanspaces.com/wp-content/uploads/catalogue/coles/coles-catalogue-march-19-25-2025-vic-metro/15.jpg,https://www.catalogueau.com/coles/#catalogue=coles/coles-catalogue-march-19-25-2025-vic-metro/,unit_price,unit_price,1,review
Coles,VIC METRO,"Coles Catalogue March 19 - 25, 2025 VIC METRO",2025-03-19,2025-03-26,15,Mr Brownie Chocolate Brownies 200g,5.0,6.5,1.5,23.08,save_amount,200g,$2.50 per 100g,WASS6.50 | WASS6.50 | Mr Brownie Chocolate Brownies | 200g $2.50 per 100g | a,96.33,False,,https://caau.syd1.cdn.digitaloceanspaces.com/wp-content/uploads/catalogue/coles/coles-catalogue-march-19-25-2025-vic-metro/15.jpg,https://www.catalogueau.com/coles/#catalogue=coles/coles-catalogue-march-19-25-2025-vic-metro/,displayed_price,displayed_price;unit_price,2,verified
Coles,VIC METRO,"Coles Catalogue March 19 - 25, 2025 VIC METRO",2025-03-19,2025-03-26,15,Coles Easter Mini Biscuits 15 Pack 150g,7.0,,,,special,15 Pack; 150g,$4.67 per 100g,Coles Easter Mini Biscuits | 15 Pack 150g $4.67 per 100g | $4.67 per 100g | 15 Pack 1 | While stocks last. No rainchecks | ~,79.0,True,offer_labels_missing;save_amount_missing;regular_price_missing;low_name_confidence_strict;inferred_price_requires_review,https://caau.syd1.cdn.digitaloceanspaces.com/wp-content/uploads/catalogue/coles/coles-catalogue-march-19-25-2025-vic-metro/15.jpg,https://www.catalogueau.com/coles/#catalogue=coles/coles-catalogue-march-19-25-2025-vic-metro/,unit_price,grid_inference;unit_price,1,review
Coles,VIC METRO,"Coles Catalogue March 19 - 25, 2025 VIC METRO",2025-03-19,2025-03-26,15,Coles Banana Bread or Cake Slices 5 Pack 500g,5.75,,,,special,5 Pack; 500g,$1.15 per 100g,Coles Banana Bread or Cake | Slices 5 Pack 500g $1.15 per 100g,96.59,False,,https://caau.syd1.cdn.digitaloceanspaces.com/wp-content/uploads/catalogue/coles/coles-catalogue-march-19-25-2025-vic-metro/15.jpg,https://www.catalogueau.com/coles/#catalogue=coles/coles-catalogue-march-19-25-2025-vic-metro/,displayed_price,displayed_price;unit_price,2,verified
Coles,VIC METRO,"Coles Catalogue March 19 - 25, 2025 VIC METRO",2025-03-19,2025-03-26,15,Coles Bakery Wraps 8 Pack 360g,2.4,,,,special,8 Pack; 360g,$0.67 per 100g,Coles Bakery Wraps 8 Pack 360g | $0.67 per 100g,96.68,True,single_price_evidence,https://caau.syd1.cdn.digitaloceanspaces.com/wp-content/uploads/catalogue/coles/coles-catalogue-march-19-25-2025-vic-metro/15.jpg,https://www.catalogueau.com/coles/#catalogue=coles/coles-catalogue-march-19-25-2025-vic-metro/,unit_price,unit_price,1,review
Coles,VIC METRO,"Coles Catalogue March 19 - 25, 2025 VIC METRO",2025-03-19,2025-03-26,16,Coles Australian Beef & Pork Meatballs 560g,7.0,8.0,1.0,12.5,save_amount,560g,$12.50 per kg,WASS8 | WASS8 | Coles Australian Beef & Pork | Meatballs 560g $12.50 per kg. | 2nd week on sale,95.41,False,,https://caau.syd1.cdn.digitaloceanspaces.com/wp-content/uploads/catalogue/coles/coles-catalogue-march-19-25-2025-vic-metro/16.jpg,https://www.catalogueau.com/coles/#catalogue=coles/coles-catalogue-march-19-25-2025-vic-metro/,displayed_price,displayed_price;unit_price,2,verified
Coles,VIC METRO,"Coles Catalogue March 19 - 25, 2025 VIC METRO",2025-03-19,2025-03-26,16,Coles Australian Lamb Boneless Leg Roast 2nd week,16.0,21.0,5.0,23.81,save_amount,,,"WASS21ig | WASS21ig | Coles Australian Lamb Boneless | Leg Roast 2nd week on sale | SRR ye,",96.15,True,single_price_evidence,https://caau.syd1.cdn.digitaloceanspaces.com/wp-content/uploads/catalogue/coles/coles-catalogue-march-19-25-2025-vic-metro/16.jpg,https://www.catalogueau.com/coles/#catalogue=coles/coles-catalogue-march-19-25-2025-vic-metro/,displayed_price,displayed_price,1,review
Coles,VIC METRO,"Coles Catalogue March 19 - 25, 2025 VIC METRO",2025-03-19,2025-03-26,16,Coles RSPCA Approved Chicken Southern Fried Portions 1.2kg,12.7,15.5,2.8,18.06,save_amount,1.2kg,$10.58 per kg,WASS15.50 | WASS15.50 | Coles RSPCA Approved Chicken | Southern Fried Portions 1.2kg | $10.58 per kg | eee | easy,95.11,True,single_price_evidence,https://caau.syd1.cdn.digitaloceanspaces.com/wp-content/uploads/catalogue/coles/coles-catalogue-march-19-25-2025-vic-metro/16.jpg,https://www.catalogueau.com/coles/#catalogue=coles/coles-catalogue-march-19-25-2025-vic-metro/,unit_price,unit_price,1,review
Coles,VIC METRO,"Coles Catalogue March 19 - 25, 2025 VIC METRO",2025-03-19,2025-03-26,16,Coles Made Easy Slow Cooked Lamb Shanks 900g,14.0,16.0,2.0,12.5,save_amount,900g,$15.56 per kg,WASS16 | WASS16 | Coles Made Easy Slow Cooked | Lamb Shanks 900g $15.56 per kg | % | —< | we:,96.4,True,single_price_evidence,https://caau.syd1.cdn.digitaloceanspaces.com/wp-content/uploads/catalogue/coles/coles-catalogue-march-19-25-2025-vic-metro/16.jpg,https://www.catalogueau.com/coles/#catalogue=coles/coles-catalogue-march-19-25-2025-vic-metro/,unit_price,unit_price,1,review
Coles,VIC METRO,"Coles Catalogue March 19 - 25, 2025 VIC METRO",2025-03-19,2025-03-26,16,Coles Australian Pork Sirloin Steak 500g,9.5,11.5,2.0,17.39,save_amount,500g,$19.00 per kg,WASS11.50 | WASS11.50 | Coles Australian Pork Sirloin Steak | 500g $19.00 per kg,96.36,False,,https://caau.syd1.cdn.digitaloceanspaces.com/wp-content/uploads/catalogue/coles/coles-catalogue-march-19-25-2025-vic-metro/16.jpg,https://www.catalogueau.com/coles/#catalogue=coles/coles-catalogue-march-19-25-2025-vic-metro/,displayed_price,displayed_price;unit_price,2,verified
Coles,VIC METRO,"Coles Catalogue March 19 - 25, 2025 VIC METRO",2025-03-19,2025-03-26,16,Coles Classic Sausages 550g,5.0,,,,special,550g,$9.09 per kg,Coles Classic Sausages 550g | $9.09 per kg | BS | 4 | i | oe,96.53,True,offer_labels_missing;save_amount_missing;regular_price_missing;inferred_price_requires_review,https://caau.syd1.cdn.digitaloceanspaces.com/wp-content/uploads/catalogue/coles/coles-catalogue-march-19-25-2025-vic-metro/16.jpg,https://www.catalogueau.com/coles/#catalogue=coles/coles-catalogue-march-19-25-2025-vic-metro/,unit_price,grid_inference;unit_price,1,review
Coles,VIC METRO,"Coles Catalogue March 19 - 25, 2025 VIC METRO",2025-03-19,2025-03-26,16,Coles RSPCA Approved Chicken Breast Mince 500g,7.0,,,,down_down,500g,$14.00 per kg,Coles RSPCA Approved | Chicken Breast Mince 500g | $14.00 per kg,96.3,False,,https://caau.syd1.cdn.digitaloceanspaces.com/wp-content/uploads/catalogue/coles/coles-catalogue-march-19-25-2025-vic-metro/16.jpg,https://www.catalogueau.com/coles/#catalogue=coles/coles-catalogue-march-19-25-2025-vic-metro/,displayed_price,displayed_price;unit_price,2,verified
Coles,VIC METRO,"Coles Catalogue March 19 - 25, 2025 VIC METRO",2025-03-19,2025-03-26,16,Coles Australian Pork Spare Ribs Large Pack,17.0,,,,down_down,,,Coles Australian Pork Spare | Ribs Large Pack,96.35,True,save_amount_missing;regular_price_missing;single_price_evidence,https://caau.syd1.cdn.digitaloceanspaces.com/wp-content/uploads/catalogue/coles/coles-catalogue-march-19-25-2025-vic-metro/16.jpg,https://www.catalogueau.com/coles/#catalogue=coles/coles-catalogue-march-19-25-2025-vic-metro/,displayed_price,displayed_price,1,review
Coles,VIC METRO,"Coles Catalogue March 19 - 25, 2025 VIC METRO",2025-03-19,2025-03-26,16,Coles Australian No Added Hormones Beef Slow Cook,15.0,,,,down_down,,,Coles Australian No Added | Hormones Beef Slow Cook | Short Ribs,96.4,True,save_amount_missing;regular_price_missing;single_price_evidence,https://caau.syd1.cdn.digitaloceanspaces.com/wp-content/uploads/catalogue/coles/coles-catalogue-march-19-25-2025-vic-metro/16.jpg,https://www.catalogueau.com/coles/#catalogue=coles/coles-catalogue-march-19-25-2025-vic-metro/,displayed_price,displayed_price,1,review
Coles,VIC METRO,"Coles Catalogue March 19 - 25, 2025 VIC METRO",2025-03-19,2025-03-26,17,Allen's Lollies 140g-200g,3.0,5.0,2.0,40.0,save_amount,140g; 200g,,WASS$5 | WASS$5 | Allen's Lollies 140g-200g,92.34,True,single_price_evidence,https://caau.syd1.cdn.digitaloceanspaces.com/wp-content/uploads/catalogue/coles/coles-catalogue-march-19-25-2025-vic-metro/17.jpg,https://www.catalogueau.com/coles/#catalogue=coles/coles-catalogue-march-19-25-2025-vic-metro/,displayed_price,displayed_price,1,review
Coles,VIC METRO,"Coles Catalogue March 19 - 25, 2025 VIC METRO",2025-03-19,2025-03-26,17,Cadbury Dairy Milk Egg Bag 110g-125g,4.0,6.7,2.7,40.3,save_amount,110g; 125g,,WAS$6.70 | WAS$6.70 | Cadbury Dairy Milk Egg Bag | 110g-125g | 12,79.0,True,low_name_confidence_strict;single_price_evidence,https://caau.syd1.cdn.digitaloceanspaces.com/wp-content/uploads/catalogue/coles/coles-catalogue-march-19-25-2025-vic-metro/17.jpg,https://www.catalogueau.com/coles/#catalogue=coles/coles-catalogue-march-19-25-2025-vic-metro/,displayed_price,displayed_price,1,review
Coles,VIC METRO,"Coles Catalogue March 19 - 25, 2025 VIC METRO",2025-03-19,2025-03-26,17,Cadbury Old Gold Block Chocolate 170g-180g,4.9,7.0,2.1,30.0,save_amount,170g; 180g,,WASS$7 | WASS$7 | Cadbury Old Gold Block | Chocolate 170g-180g,93.59,True,single_price_evidence,https://caau.syd1.cdn.digitaloceanspaces.com/wp-content/uploads/catalogue/coles/coles-catalogue-march-19-25-2025-vic-metro/17.jpg,https://www.catalogueau.com/coles/#catalogue=coles/coles-catalogue-march-19-25-2025-vic-metro/,displayed_price,displayed_price,1,review
Coles,VIC METRO,"Coles Catalogue March 19 - 25, 2025 VIC METRO",2025-03-19,2025-03-26,17,The Natural Confectionery Co. 130g-230g or Sour Patch 190g,6.0,,,,special,130g; 230g; 190g,,The Natural Confectionery Co. | 130g-230g or Sour Patch 190g,95.69,True,offer_labels_missing;save_amount_missing;regular_price_missing;inferred_price_requires_review,https://caau.syd1.cdn.digitaloceanspaces.com/wp-content/uploads/catalogue/coles/coles-catalogue-march-19-25-2025-vic-metro/17.jpg,https://www.catalogueau.com/coles/#catalogue=coles/coles-catalogue-march-19-25-2025-vic-metro/,displayed_price,displayed_price;grid_inference,1,review
Coles,VIC METRO,"Coles Catalogue March 19 - 25, 2025 VIC METRO",2025-03-19,2025-03-26,18,Cadbury Dairy Milk Easter Bunny 80g,3.25,6.5,3.25,50.0,half_price,80g,$4.06 per 100g,‘WAS$6.50 | ‘WAS$6.50 | Cadbury Dairy Milk Easter Bunny 80g | $4.06 per 100g,95.28,False,,https://caau.syd1.cdn.digitaloceanspaces.com/wp-content/uploads/catalogue/coles/coles-catalogue-march-19-25-2025-vic-metro/18.jpg,https://www.catalogueau.com/coles/#catalogue=coles/coles-catalogue-march-19-25-2025-vic-metro/,displayed_price,displayed_price;unit_price,2,verified
Coles,VIC METRO,"Coles Catalogue March 19 - 25, 2025 VIC METRO",2025-03-19,2025-03-26,18,Lindt Gold Bunny 100g,7.5,10.0,2.5,25.0,save_amount,100g,$7.50 per 100g,WASS10 | WASS10 | Lindt Gold Bunny 100g | $7.50 per 100g,96.4,False,,https://caau.syd1.cdn.digitaloceanspaces.com/wp-content/uploads/catalogue/coles/coles-catalogue-march-19-25-2025-vic-metro/18.jpg,https://www.catalogueau.com/coles/#catalogue=coles/coles-catalogue-march-19-25-2025-vic-metro/,displayed_price,displayed_price;unit_price,2,verified
Coles,VIC METRO,"Coles Catalogue March 19 - 25, 2025 VIC METRO",2025-03-19,2025-03-26,18,"Cadbury Egg Bag 230g-243g Uber Eats and DoorDash). To collect 2,000 points you must be a",8.5,11.5,3.0,26.09,save_amount,230g; 243g,,"WASS11.50 | WASS11.50 | Cadbury Egg Bag 230g-243g | Uber Eats and DoorDash). To collect 2,000 points you must be a",94.14,True,single_price_evidence,https://caau.syd1.cdn.digitaloceanspaces.com/wp-content/uploads/catalogue/coles/coles-catalogue-march-19-25-2025-vic-metro/18.jpg,https://www.catalogueau.com/coles/#catalogue=coles/coles-catalogue-march-19-25-2025-vic-metro/,displayed_price,displayed_price,1,review
Coles,VIC METRO,"Coles Catalogue March 19 - 25, 2025 VIC METRO",2025-03-19,2025-03-26,18,Coles Milk Chocolate Mini Eggs Popping Candy 120g,5.0,,,,special,120g,$4.17 per 100g,"Coles Milk Chocolate Mini Eggs | Popping Candy 120g | g | $4.17 per 100g | Coles Express and purchases made usin | Fiybuys member, spend a minimum of $",79.0,True,low_name_confidence_strict,https://caau.syd1.cdn.digitaloceanspaces.com/wp-content/uploads/catalogue/coles/coles-catalogue-march-19-25-2025-vic-metro/18.jpg,https://www.catalogueau.com/coles/#catalogue=coles/coles-catalogue-march-19-25-2025-vic-metro/,displayed_price,displayed_price;unit_price,2,review
Coles,VIC METRO,"Coles Catalogue March 19 - 25, 2025 VIC METRO",2025-03-19,2025-03-26,18,Coles Finest Chocolate Easter Eggs 120g,5.5,,,,special,120g,$4.58 per 100g,"Coles Finest Chocolate Easter | Eggs 120g $4.58 per 100g. | *See page 9 for T&Cs | ++Offer available between Wed 19 Mar and Tue 25 Mar 2025 (Offer Period). Offer valid in-store or online at Coles only, subject fo store availability (excludes | any third-party ordering platforms includin | 4",96.57,False,,https://caau.syd1.cdn.digitaloceanspaces.com/wp-content/uploads/catalogue/coles/coles-catalogue-march-19-25-2025-vic-metro/18.jpg,https://www.catalogueau.com/coles/#catalogue=coles/coles-catalogue-march-19-25-2025-vic-metro/,displayed_price,displayed_price;unit_price,2,verified
Coles,VIC METRO,"Coles Catalogue March 19 - 25, 2025 VIC METRO",2025-03-19,2025-03-26,19,Arnott's Multipacks Shapes Crackers or Tiny Teddy Biscuits 175g-200g,4.0,5.0,1.0,20.0,save_amount,175g; 200g,,"SAVES1 | WASS5 | Arnott's Multipacks Shapes | Crackers or Tiny Teddy Biscuits | 175g-200g | 10 2/4/25. Entrants must be an AU res 16+ and a registered Flybu | registration may take 48 hours. Entries drawn 9/4/25. Prizes: 100 x 100,000 Flybuys | le Pry Ltd, 800 Toorak Re",93.55,False,,https://caau.syd1.cdn.digitaloceanspaces.com/wp-content/uploads/catalogue/coles/coles-catalogue-march-19-25-2025-vic-metro/19.jpg,https://www.catalogueau.com/coles/#catalogue=coles/coles-catalogue-march-19-25-2025-vic-metro/,save_was_arithmetic,displayed_price;save_was_arithmetic,2,verified
Coles,VIC METRO,"Coles Catalogue March 19 - 25, 2025 VIC METRO",2025-03-19,2025-03-26,19,Arnott's Choc Ripple or Malt'O'Milk Biscuits 250g,2.5,3.3,0.8,24.24,save_amount,250g,$1.00 per 100g,"SAVE80* | WAS$3.30 | Arnott's Choc Ripple or | Malt'O'Milk Biscuits 250g | $1.00 per 100g | *For a chance to win, Scan | 1S | ‘",88.32,True,single_price_evidence,https://caau.syd1.cdn.digitaloceanspaces.com/wp-content/uploads/catalogue/coles/coles-catalogue-march-19-25-2025-vic-metro/19.jpg,https://www.catalogueau.com/coles/#catalogue=coles/coles-catalogue-march-19-25-2025-vic-metro/,unit_price,unit_price,1,review
Coles,VIC METRO,"Coles Catalogue March 19 - 25, 2025 VIC METRO",2025-03-19,2025-03-26,19,Arnott's Savoy or Shapes Crackers 130g-225g,6.0,8.0,2.0,25.0,save_amount,130g; 225g,,"SAVE ‘2 | Arnott's Savoy or Shapes | Crackers 130g-225g | our Flybuys when you buy 3 or more Arnott's products in one transaction in-store or online at Coles. | member fo participate. Full Flybuys | ints, Total Prize | 100 value:",79.0,True,low_name_confidence_strict;single_price_evidence,https://caau.syd1.cdn.digitaloceanspaces.com/wp-content/uploads/catalogue/coles/coles-catalogue-march-19-25-2025-vic-metro/19.jpg,https://www.catalogueau.com/coles/#catalogue=coles/coles-catalogue-march-19-25-2025-vic-metro/,displayed_price,displayed_price,1,review
Coles,VIC METRO,"Coles Catalogue March 19 - 25, 2025 VIC METRO",2025-03-19,2025-03-26,19,Doritos or XXL Corn Chips 150g-170g,3.0,5.0,2.0,40.0,save_amount,150g; 170g,,SAVES2 | WASS5 | Doritos or XXL Corn Chips | 150g-170g | i | Loe | nent | Hellggs,94.14,True,single_price_evidence,https://caau.syd1.cdn.digitaloceanspaces.com/wp-content/uploads/catalogue/coles/coles-catalogue-march-19-25-2025-vic-metro/19.jpg,https://www.catalogueau.com/coles/#catalogue=coles/coles-catalogue-march-19-25-2025-vic-metro/,save_was_arithmetic,save_was_arithmetic,1,review
Coles,VIC METRO,"Coles Catalogue March 19 - 25, 2025 VIC METRO",2025-03-19,2025-03-26,19,Peckish White Rice Crackers 90g,1.75,2.5,0.75,30.0,save_amount,90g,$1.94 per 100g,SAVE75* | WASS2.50 | Peckish White Rice Crackers 90g | $1.94 per 100g | — | Ne Senne» | | at | wo,95.3,False,,https://caau.syd1.cdn.digitaloceanspaces.com/wp-content/uploads/catalogue/coles/coles-catalogue-march-19-25-2025-vic-metro/19.jpg,https://www.catalogueau.com/coles/#catalogue=coles/coles-catalogue-march-19-25-2025-vic-metro/,displayed_price,displayed_price;unit_price,2,verified
Coles,VIC METRO,"Coles Catalogue March 19 - 25, 2025 VIC METRO",2025-03-19,2025-03-26,19,Jumpy's 5 Pack or Smith's Crinkle Potato Chips 150g-170g,7.0,9.0,2.0,22.22,save_amount,5 Pack; 150g; 170g,,SAVE $2 | Jumpy's 5 Pack or Smith's Crinkle | Potato Chips 150g-170g | = | Loe | ——_——— | SOURCE OF FIBRE,94.38,True,single_price_evidence,https://caau.syd1.cdn.digitaloceanspaces.com/wp-content/uploads/catalogue/coles/coles-catalogue-march-19-25-2025-vic-metro/19.jpg,https://www.catalogueau.com/coles/#catalogue=coles/coles-catalogue-march-19-25-2025-vic-metro/,displayed_price,displayed_price,1,review
Coles,VIC METRO,"Coles Catalogue March 19 - 25, 2025 VIC METRO",2025-03-19,2025-03-26,19,Remedy Sodaly 4x250mL,5.6,8.0,2.4,30.0,save_amount,4x250mL,$5.60 per litre,SAVE*2.40 | Remedy Sodaly | 4x250mL $5.60 per litre | VIC-METRO-1903-25-345850,93.06,True,single_price_evidence,https://caau.syd1.cdn.digitaloceanspaces.com/wp-content/uploads/catalogue/coles/coles-catalogue-march-19-25-2025-vic-metro/19.jpg,https://www.catalogueau.com/coles/#catalogue=coles/coles-catalogue-march-19-25-2025-vic-metro/,unit_price,unit_price,1,review
Coles,VIC METRO,"Coles Catalogue March 19 - 25, 2025 VIC METRO",2025-03-19,2025-03-26,19,"Coca-Cola, Fanta or Sprite Mini Cans",7.0,10.0,3.0,30.0,save_amount,,$4.67 per litre,"SAVE*3 | WASS10 | Coca-Cola, Fanta or | Sprite Mini Cans | 6x250mL $4.67 per litre | 19",95.42,False,,https://caau.syd1.cdn.digitaloceanspaces.com/wp-content/uploads/catalogue/coles/coles-catalogue-march-19-25-2025-vic-metro/19.jpg,https://www.catalogueau.com/coles/#catalogue=coles/coles-catalogue-march-19-25-2025-vic-metro/,save_was_arithmetic,displayed_price;save_was_arithmetic,2,verified
Coles,VIC METRO,"Coles Catalogue March 19 - 25, 2025 VIC METRO",2025-03-19,2025-03-26,19,Kellogg's Nutri Grain 25% Less Sugar 450g,6.5,,,,special,450g,$1.44 per 100g,Kellogg's Nutri Grain | 25% Less Sugar 450g | $1.44 per 100g | 19,96.13,False,,https://caau.syd1.cdn.digitaloceanspaces.com/wp-content/uploads/catalogue/coles/coles-catalogue-march-19-25-2025-vic-metro/19.jpg,https://www.catalogueau.com/coles/#catalogue=coles/coles-catalogue-march-19-25-2025-vic-metro/,displayed_price,displayed_price;unit_price,2,verified
Coles,VIC METRO,"Coles Catalogue March 19 - 25, 2025 VIC METRO",2025-03-19,2025-03-26,19,Nestlé Milo Bars 210g-270g,6.0,,,,special,210g; 270g,,Nestlé Milo Bars | 210g-270g,79.0,True,offer_labels_missing;save_amount_missing;regular_price_missing;low_name_confidence_strict;single_price_evidence,https://caau.syd1.cdn.digitaloceanspaces.com/wp-content/uploads/catalogue/coles/coles-catalogue-march-19-25-2025-vic-metro/19.jpg,https://www.catalogueau.com/coles/#catalogue=coles/coles-catalogue-march-19-25-2025-vic-metro/,displayed_price,displayed_price,1,review
Coles,VIC METRO,"Coles Catalogue March 19 - 25, 2025 VIC METRO",2025-03-19,2025-03-26,20,Monster Energy Drink ink,9.6,,,,special,,$4.80 per litre,Monster Energy Drink | ink | 4x500mL $4.80 per litre | litre,79.0,True,offer_labels_missing;save_amount_missing;regular_price_missing;low_name_confidence_strict;single_price_evidence,https://caau.syd1.cdn.digitaloceanspaces.com/wp-content/uploads/catalogue/coles/coles-catalogue-march-19-25-2025-vic-metro/20.jpg,https://www.catalogueau.com/coles/#catalogue=coles/coles-catalogue-march-19-25-2025-vic-metro/,displayed_price,displayed_price,1,review
Coles,VIC METRO,"Coles Catalogue March 19 - 25, 2025 VIC METRO",2025-03-19,2025-03-26,20,Monster Energy Drink 500mL,690.0,,,,special,500mL,$6.90 per litre,Monster Energy Drink | 500mL $6.90 per litre | litre,79.0,True,offer_labels_missing;save_amount_missing;regular_price_missing;unit_price_conflict;low_name_confidence_strict;single_price_evidence,https://caau.syd1.cdn.digitaloceanspaces.com/wp-content/uploads/catalogue/coles/coles-catalogue-march-19-25-2025-vic-metro/20.jpg,https://www.catalogueau.com/coles/#catalogue=coles/coles-catalogue-march-19-25-2025-vic-metro/,displayed_price,displayed_price,1,review
Coles,VIC METRO,"Coles Catalogue March 19 - 25, 2025 VIC METRO",2025-03-19,2025-03-26,21,Kirks Soft Drink 1.25 Litre,1.7,2.85,1.15,40.35,save_amount,1.25 Litre,$1.36 per litre,SAVES1.15 | WASS$2.85 | Kirks Soft Drink 1.25 Litre | $1.36 per litre,95.89,False,,https://caau.syd1.cdn.digitaloceanspaces.com/wp-content/uploads/catalogue/coles/coles-catalogue-march-19-25-2025-vic-metro/21.jpg,https://www.catalogueau.com/coles/#catalogue=coles/coles-catalogue-march-19-25-2025-vic-metro/,save_was_arithmetic,displayed_price;save_was_arithmetic;unit_price,3,verified
Coles,VIC METRO,"Coles Catalogue March 19 - 25, 2025 VIC METRO",2025-03-19,2025-03-26,21,Kirks Soft Drink 10x375mL,9.0,15.0,6.0,40.0,save_amount,10x375mL,$2.40 per litre,SAVE56 | WASS15 | Kirks Soft Drink 10x375mL | $2.40 per litre | SSeS,93.07,False,,https://caau.syd1.cdn.digitaloceanspaces.com/wp-content/uploads/catalogue/coles/coles-catalogue-march-19-25-2025-vic-metro/21.jpg,https://www.catalogueau.com/coles/#catalogue=coles/coles-catalogue-march-19-25-2025-vic-metro/,displayed_price,displayed_price;unit_price,2,verified
Coles,VIC METRO,"Coles Catalogue March 19 - 25, 2025 VIC METRO",2025-03-19,2025-03-26,21,Frantelle Natural Spring Water 24x600mL**,11.3,18.9,7.6,40.21,save_amount,24x600mL,$0.78 per litre,SAVE‘7.60 | WASS18.90 | Frantelle Natural Spring Water 24x600mL** | $0.78 per litre | =,94.06,True,single_price_evidence,https://caau.syd1.cdn.digitaloceanspaces.com/wp-content/uploads/catalogue/coles/coles-catalogue-march-19-25-2025-vic-metro/21.jpg,https://www.catalogueau.com/coles/#catalogue=coles/coles-catalogue-march-19-25-2025-vic-metro/,save_was_arithmetic,save_was_arithmetic,1,review
Coles,VIC METRO,"Coles Catalogue March 19 - 25, 2025 VIC METRO",2025-03-19,2025-03-26,21,Pepsi or Solo Soft Drink or Schweppes Infused Sparkling Water 10x375mL,11.4,19.0,7.6,40.0,save_amount,10x375mL,$3.04 per litre,SAVE57.60 | WASS19 | Pepsi or Solo Soft Drink or Schweppes Infused | Sparkling Water 10x375mL $3.04 per litre | ——,95.07,False,,https://caau.syd1.cdn.digitaloceanspaces.com/wp-content/uploads/catalogue/coles/coles-catalogue-march-19-25-2025-vic-metro/21.jpg,https://www.catalogueau.com/coles/#catalogue=coles/coles-catalogue-march-19-25-2025-vic-metro/,displayed_price,displayed_price;unit_price,2,verified
Coles,VIC METRO,"Coles Catalogue March 19 - 25, 2025 VIC METRO",2025-03-19,2025-03-26,21,"Coca-Cola, Fanta or Sprite Soft Drink 12x300mL",12.0,20.0,8.0,40.0,save_amount,12x300mL,$3.33 per litre,"SAVES8 | WAS$20 | Coca-Cola, Fanta or Sprite Soft Drink | 12x300mL $3.33 per litre | VIC-METRO-1903-25-345850",95.3,False,,https://caau.syd1.cdn.digitaloceanspaces.com/wp-content/uploads/catalogue/coles/coles-catalogue-march-19-25-2025-vic-metro/21.jpg,https://www.catalogueau.com/coles/#catalogue=coles/coles-catalogue-march-19-25-2025-vic-metro/,save_was_arithmetic,displayed_price;save_was_arithmetic;unit_price,3,verified
Coles,VIC METRO,"Coles Catalogue March 19 - 25, 2025 VIC METRO",2025-03-19,2025-03-26,21,Coca-Cola Soft Drink 24x375mL,24.75,41.25,16.5,40.0,save_amount,24x375mL,$2.75 per litre,SAVES16.50 | WAS $41.25 | Coca-Cola Soft Drink 24x375mL | $2.75 per litre | “Not available for Deliver More delivery timeslots | 21,94.0,False,,https://caau.syd1.cdn.digitaloceanspaces.com/wp-content/uploads/catalogue/coles/coles-catalogue-march-19-25-2025-vic-metro/21.jpg,https://www.catalogueau.com/coles/#catalogue=coles/coles-catalogue-march-19-25-2025-vic-metro/,save_was_arithmetic,save_was_arithmetic;unit_price,2,verified
Coles,VIC METRO,"Coles Catalogue March 19 - 25, 2025 VIC METRO",2025-03-19,2025-03-26,22,Coles Simply Cheese Spread Snack 12 Pack 300g,5.0,,,,everyday,12 Pack; 300g,$1.67 per 100g,Coles Simply Cheese Spread | Snack 12 Pack 300g | $1.67 per 100g,79.0,True,low_name_confidence_strict,https://caau.syd1.cdn.digitaloceanspaces.com/wp-content/uploads/catalogue/coles/coles-catalogue-march-19-25-2025-vic-metro/22.jpg,https://www.catalogueau.com/coles/#catalogue=coles/coles-catalogue-march-19-25-2025-vic-metro/,displayed_price,displayed_price;unit_price,2,review
Coles,VIC METRO,"Coles Catalogue March 19 - 25, 2025 VIC METRO",2025-03-19,2025-03-26,22,Mother Earth Baked Oaty Slices 240g,3.3,,,,everyday,240g,$1.38 per 100g,Mother Earth Baked Oaty | Slices 240g $1.38 per 100g,95.72,False,,https://caau.syd1.cdn.digitaloceanspaces.com/wp-content/uploads/catalogue/coles/coles-catalogue-march-19-25-2025-vic-metro/22.jpg,https://www.catalogueau.com/coles/#catalogue=coles/coles-catalogue-march-19-25-2025-vic-metro/,displayed_price,displayed_price;unit_price,2,verified
Coles,VIC METRO,"Coles Catalogue March 19 - 25, 2025 VIC METRO",2025-03-19,2025-03-26,22,Kellogg's K-Time Value Pack 315g 315g-333g,72.2,,,,everyday,315g; 333g,,Kellogg's K-Time Value Pack | 315g | 315g-333g,79.0,True,low_name_confidence_strict;single_price_evidence,https://caau.syd1.cdn.digitaloceanspaces.com/wp-content/uploads/catalogue/coles/coles-catalogue-march-19-25-2025-vic-metro/22.jpg,https://www.catalogueau.com/coles/#catalogue=coles/coles-catalogue-march-19-25-2025-vic-metro/,displayed_price,displayed_price,1,review
Coles,VIC METRO,"Coles Catalogue March 19 - 25, 2025 VIC METRO",2025-03-19,2025-03-26,22,Uncle Tobys Muesli Bars 15 Pack 469g,8.0,,,,everyday,15 Pack; 469g,$1.71 per 100g,Uncle Tobys Muesli Bars | 15 Pack 469g $1.71 per 100g,94.33,False,,https://caau.syd1.cdn.digitaloceanspaces.com/wp-content/uploads/catalogue/coles/coles-catalogue-march-19-25-2025-vic-metro/22.jpg,https://www.catalogueau.com/coles/#catalogue=coles/coles-catalogue-march-19-25-2025-vic-metro/,displayed_price,displayed_price;unit_price,2,verified
Coles,VIC METRO,"Coles Catalogue March 19 - 25, 2025 VIC METRO",2025-03-19,2025-03-26,22,Nice & Natural Fruit Fun Mix 272g,8.0,,,,everyday,272g,$2.94 per 100g,Nice & Natural Fruit Fun Mix | 272g $2.94 per 100g,96.15,False,,https://caau.syd1.cdn.digitaloceanspaces.com/wp-content/uploads/catalogue/coles/coles-catalogue-march-19-25-2025-vic-metro/22.jpg,https://www.catalogueau.com/coles/#catalogue=coles/coles-catalogue-march-19-25-2025-vic-metro/,displayed_price,displayed_price;unit_price,2,verified
Coles,VIC METRO,"Coles Catalogue March 19 - 25, 2025 VIC METRO",2025-03-19,2025-03-26,22,Bega Peanut Butter 755g,7.4,,,,everyday,755g,$0.98 per 100g,Bega Peanut Butter 755g | $0.98 per 100g | 18: FAM LY PACK | = | = | PACK,96.24,True,single_price_evidence,https://caau.syd1.cdn.digitaloceanspaces.com/wp-content/uploads/catalogue/coles/coles-catalogue-march-19-25-2025-vic-metro/22.jpg,https://www.catalogueau.com/coles/#catalogue=coles/coles-catalogue-march-19-25-2025-vic-metro/,unit_price,unit_price,1,review
Coles,VIC METRO,"Coles Catalogue March 19 - 25, 2025 VIC METRO",2025-03-19,2025-03-26,22,Kellogg's LCMs Variety 18 Pack 360g-396g,9.0,,,,everyday,18 Pack; 360g; 396g,,Kellogg's LCMs Variety | 18 Pack 360g-396g | VIC-METRO-1903-25-345850,93.31,True,single_price_evidence,https://caau.syd1.cdn.digitaloceanspaces.com/wp-content/uploads/catalogue/coles/coles-catalogue-march-19-25-2025-vic-metro/22.jpg,https://www.catalogueau.com/coles/#catalogue=coles/coles-catalogue-march-19-25-2025-vic-metro/,displayed_price,displayed_price,1,review
Coles,VIC METRO,"Coles Catalogue March 19 - 25, 2025 VIC METRO",2025-03-19,2025-03-26,22,Uncle Tobys Roll Ups Variety 15 Pack 234g,9.0,,,,everyday,15 Pack; 234g,$3.85 per 100g,Uncle Tobys Roll Ups Variety | 15 Pack 234g $3.85 per 100g,95.79,False,,https://caau.syd1.cdn.digitaloceanspaces.com/wp-content/uploads/catalogue/coles/coles-catalogue-march-19-25-2025-vic-metro/22.jpg,https://www.catalogueau.com/coles/#catalogue=coles/coles-catalogue-march-19-25-2025-vic-metro/,displayed_price,displayed_price;unit_price,2,verified
Coles,VIC METRO,"Coles Catalogue March 19 - 25, 2025 VIC METRO",2025-03-19,2025-03-26,22,Capilano 100% Pure Australian Honey Squeeze 1kg,14.5,,,,everyday,1kg,$1.45 per 100g,Capilano 100% Pure | Australian Honey Squeeze 1kg | $1.45 per 100g,95.72,False,,https://caau.syd1.cdn.digitaloceanspaces.com/wp-content/uploads/catalogue/coles/coles-catalogue-march-19-25-2025-vic-metro/22.jpg,https://www.catalogueau.com/coles/#catalogue=coles/coles-catalogue-march-19-25-2025-vic-metro/,displayed_price,displayed_price;unit_price,2,verified
Coles,VIC METRO,"Coles Catalogue March 19 - 25, 2025 VIC METRO",2025-03-19,2025-03-26,23,Carman's Protein Crisp 250g,7.5,9.8,2.3,23.47,save_amount,250g,$3.00 per 100g,WASS9.80 | WASS9.80 | Carman's Protein Crisp 250g | $3.00 per 100g | 1 | 1/2 | /,94.13,False,,https://caau.syd1.cdn.digitaloceanspaces.com/wp-content/uploads/catalogue/coles/coles-catalogue-march-19-25-2025-vic-metro/23.jpg,https://www.catalogueau.com/coles/#catalogue=coles/coles-catalogue-march-19-25-2025-vic-metro/,displayed_price,displayed_price;unit_price,2,verified
Coles,VIC METRO,"Coles Catalogue March 19 - 25, 2025 VIC METRO",2025-03-19,2025-03-26,23,Beerenberg Chutney or Relish 260g-300g,4.0,6.3,2.3,36.51,save_amount,260g; 300g,,WAS$6.30 | WAS$6.30 | Beerenberg Chutney | or Relish 260g-300g | — | Wage,92.91,True,single_price_evidence,https://caau.syd1.cdn.digitaloceanspaces.com/wp-content/uploads/catalogue/coles/coles-catalogue-march-19-25-2025-vic-metro/23.jpg,https://www.catalogueau.com/coles/#catalogue=coles/coles-catalogue-march-19-25-2025-vic-metro/,displayed_price,displayed_price,1,review
Coles,VIC METRO,"Coles Catalogue March 19 - 25, 2025 VIC METRO",2025-03-19,2025-03-26,23,Moccona Freeze Dried Instant Coffee 200g,13.6,19.5,5.9,30.26,save_amount,200g,$6.80 per 100g,WASS19.50 | WASS19.50 | Moccona Freeze Dried Instant | Coffee 200g $6.80 per 100g,95.87,True,single_price_evidence,https://caau.syd1.cdn.digitaloceanspaces.com/wp-content/uploads/catalogue/coles/coles-catalogue-march-19-25-2025-vic-metro/23.jpg,https://www.catalogueau.com/coles/#catalogue=coles/coles-catalogue-march-19-25-2025-vic-metro/,unit_price,unit_price,1,review
Coles,VIC METRO,"Coles Catalogue March 19 - 25, 2025 VIC METRO",2025-03-19,2025-03-26,23,Nescafé Blend 43 500g,19.5,30.0,10.5,35.0,save_amount,500g,$3.90 per 100g,WAS$30 | WAS$30 | Nescafé Blend 43 500g | $3.90 per 100g,94.88,True,single_price_evidence,https://caau.syd1.cdn.digitaloceanspaces.com/wp-content/uploads/catalogue/coles/coles-catalogue-march-19-25-2025-vic-metro/23.jpg,https://www.catalogueau.com/coles/#catalogue=coles/coles-catalogue-march-19-25-2025-vic-metro/,unit_price,unit_price,1,review
Coles,VIC METRO,"Coles Catalogue March 19 - 25, 2025 VIC METRO",2025-03-19,2025-03-26,23,Vitasoy Unsweetened Almond Milk 1 Litre,1.65,3.3,1.65,50.0,half_price,1 Litre,$1.65 per litre,WAS$3.30 | WAS$3.30 | Vitasoy Unsweetened Almond | Milk 1 Litre $1.65 per litre | VIC-METRO-1903-25-345850,95.53,True,single_price_evidence,https://caau.syd1.cdn.digitaloceanspaces.com/wp-content/uploads/catalogue/coles/coles-catalogue-march-19-25-2025-vic-metro/23.jpg,https://www.catalogueau.com/coles/#catalogue=coles/coles-catalogue-march-19-25-2025-vic-metro/,unit_price,unit_price,1,review
Coles,VIC METRO,"Coles Catalogue March 19 - 25, 2025 VIC METRO",2025-03-19,2025-03-26,23,Carman's Protein Bar Dark Chocolate Value Pack 400g,12.5,,,,everyday,400g,$3.13 per 100g,Carman's Protein Bar Dark | Chocolate Value Pack 400g | $3.13 per 100g,94.97,True,single_price_evidence,https://caau.syd1.cdn.digitaloceanspaces.com/wp-content/uploads/catalogue/coles/coles-catalogue-march-19-25-2025-vic-metro/23.jpg,https://www.catalogueau.com/coles/#catalogue=coles/coles-catalogue-march-19-25-2025-vic-metro/,unit_price,unit_price,1,review
Coles,VIC METRO,"Coles Catalogue March 19 - 25, 2025 VIC METRO",2025-03-19,2025-03-26,23,Carman's Protein Bar Variety Value Pack 360g,12.5,,,,everyday,360g,$3.47 per 100g,Carman's Protein Bar | Variety Value Pack 360g | $3.47 per 100g,95.35,False,,https://caau.syd1.cdn.digitaloceanspaces.com/wp-content/uploads/catalogue/coles/coles-catalogue-march-19-25-2025-vic-metro/23.jpg,https://www.catalogueau.com/coles/#catalogue=coles/coles-catalogue-march-19-25-2025-vic-metro/,displayed_price,displayed_price;unit_price,2,verified
Coles,VIC METRO,"Coles Catalogue March 19 - 25, 2025 VIC METRO",2025-03-19,2025-03-26,23,Carman's Muesli Bars Value Pack 320g-540g,11.5,,,,everyday,320g; 540g,,Carman's Muesli Bars Value | Pack 320g-540g,79.0,True,low_name_confidence_strict;single_price_evidence,https://caau.syd1.cdn.digitaloceanspaces.com/wp-content/uploads/catalogue/coles/coles-catalogue-march-19-25-2025-vic-metro/23.jpg,https://www.catalogueau.com/coles/#catalogue=coles/coles-catalogue-march-19-25-2025-vic-metro/,displayed_price,displayed_price,1,review
Coles,VIC METRO,"Coles Catalogue March 19 - 25, 2025 VIC METRO",2025-03-19,2025-03-26,24,Sanitarium Weet-Bix Blend Multigrain 575g,4.5,6.0,1.5,25.0,save_amount,575g,$0.78 per 100g,SAVE*1.50 | WASS6 | Sanitarium Weet-Bix Blend | Multigrain 575g $0.78 per 100g | —— | Pa 4 | 7 | =,93.81,False,,https://caau.syd1.cdn.digitaloceanspaces.com/wp-content/uploads/catalogue/coles/coles-catalogue-march-19-25-2025-vic-metro/24.jpg,https://www.catalogueau.com/coles/#catalogue=coles/coles-catalogue-march-19-25-2025-vic-metro/,save_was_arithmetic,save_was_arithmetic;unit_price,2,verified
Coles,VIC METRO,"Coles Catalogue March 19 - 25, 2025 VIC METRO",2025-03-19,2025-03-26,24,Milklab 1 Litre,4.4,5.5,1.1,20.0,save_amount,1 Litre,$4.40 per litre,SAVE51.10 | WAS$5.50 | Milklab 1 Litre | $4.40 per litre | = 10 | UNCLE | A,94.34,True,single_price_evidence,https://caau.syd1.cdn.digitaloceanspaces.com/wp-content/uploads/catalogue/coles/coles-catalogue-march-19-25-2025-vic-metro/24.jpg,https://www.catalogueau.com/coles/#catalogue=coles/coles-catalogue-march-19-25-2025-vic-metro/,unit_price,unit_price,1,review
Coles,VIC METRO,"Coles Catalogue March 19 - 25, 2025 VIC METRO",2025-03-19,2025-03-26,24,Kellogg's LCMs or Nutri Grain Bars 5 Pack 100g-110g,3.5,4.5,1.0,22.22,save_amount,5 Pack; 100g; 110g,,WASS4.50 | WASS4.50 | Kellogg's LCMs or Nutri Grain Bars | 5 Pack 100g-110g | men az | E: | — | ad,93.44,True,single_price_evidence,https://caau.syd1.cdn.digitaloceanspaces.com/wp-content/uploads/catalogue/coles/coles-catalogue-march-19-25-2025-vic-metro/24.jpg,https://www.catalogueau.com/coles/#catalogue=coles/coles-catalogue-march-19-25-2025-vic-metro/,displayed_price,displayed_price,1,review
Coles,VIC METRO,"Coles Catalogue March 19 - 25, 2025 VIC METRO",2025-03-19,2025-03-26,24,Uncle Tobys Quick Oat Sachets 320g:,5.0,6.3,1.3,20.63,save_amount,320g,,SAVE‘1.30 | ‘WAS$6.30 | Uncle Tobys Quick Oat Sachets | 320g:,66.1,True,low_name_confidence_strict,https://caau.syd1.cdn.digitaloceanspaces.com/wp-content/uploads/catalogue/coles/coles-catalogue-march-19-25-2025-vic-metro/24.jpg,https://www.catalogueau.com/coles/#catalogue=coles/coles-catalogue-march-19-25-2025-vic-metro/,save_was_arithmetic,displayed_price;save_was_arithmetic,2,review
Coles,VIC METRO,"Coles Catalogue March 19 - 25, 2025 VIC METRO",2025-03-19,2025-03-26,24,Mayver's Smooth or Crunchy Peanut Butter 375g,4.5,5.8,1.3,22.41,save_amount,375g,$1.20 per 100g,SAVE1.30 | WASS5.80 | Mayver's Smooth or Crunchy | Peanut Butter 375g $1.20 per 100g,95.48,False,,https://caau.syd1.cdn.digitaloceanspaces.com/wp-content/uploads/catalogue/coles/coles-catalogue-march-19-25-2025-vic-metro/24.jpg,https://www.catalogueau.com/coles/#catalogue=coles/coles-catalogue-march-19-25-2025-vic-metro/,save_was_arithmetic,save_was_arithmetic;unit_price,2,verified
Coles,VIC METRO,"Coles Catalogue March 19 - 25, 2025 VIC METRO",2025-03-19,2025-03-26,24,Bonne Maman Jam 370g,5.0,6.9,1.9,27.54,save_amount,370g,$1.35 per 100g,SAVES1.90 | WAS$6.90 | Bonne Maman Jam 370g | $1.35 per 100g,96.82,False,,https://caau.syd1.cdn.digitaloceanspaces.com/wp-content/uploads/catalogue/coles/coles-catalogue-march-19-25-2025-vic-metro/24.jpg,https://www.catalogueau.com/coles/#catalogue=coles/coles-catalogue-march-19-25-2025-vic-metro/,save_was_arithmetic,displayed_price;save_was_arithmetic;unit_price,3,verified
Coles,VIC METRO,"Coles Catalogue March 19 - 25, 2025 VIC METRO",2025-03-19,2025-03-26,25,Heinz Baked Beanz or Spaghetti 300g,1.7,2.9,1.2,41.38,save_amount,300g,$0.57 per 100g,SAVES1.20 | WAS$2.90 | Heinz Baked Beanz or Spaghetti | 300g $0.57 per 100g | 2 | ar,96.63,False,,https://caau.syd1.cdn.digitaloceanspaces.com/wp-content/uploads/catalogue/coles/coles-catalogue-march-19-25-2025-vic-metro/25.jpg,https://www.catalogueau.com/coles/#catalogue=coles/coles-catalogue-march-19-25-2025-vic-metro/,save_was_arithmetic,displayed_price;save_was_arithmetic;unit_price,3,verified
Coles,VIC METRO,"Coles Catalogue March 19 - 25, 2025 VIC METRO",2025-03-19,2025-03-26,25,Vittoria Nespresso Compatible Coffee Capsules 10 Pack,4.95,8.3,3.35,40.36,save_amount,10 Pack,$0.50 per each,SAVE3.35 | WASS8.30 | Vittoria Nespresso Compatible | Coffee Capsules 10 Pack | $0.50 per each,95.82,False,,https://caau.syd1.cdn.digitaloceanspaces.com/wp-content/uploads/catalogue/coles/coles-catalogue-march-19-25-2025-vic-metro/25.jpg,https://www.catalogueau.com/coles/#catalogue=coles/coles-catalogue-march-19-25-2025-vic-metro/,save_was_arithmetic,save_was_arithmetic;unit_price,2,verified
Coles,VIC METRO,"Coles Catalogue March 19 - 25, 2025 VIC METRO",2025-03-19,2025-03-26,25,Jordans Granola or Oat Clusters 500g-750g or Dorset Granola or Muesli 450g,5.4,9.0,3.6,40.0,save_amount,500g; 750g; 450g,,SAVE$3.60 | Jordans Granola or Oat Clusters | 500g-750g or Dorset Granola or | Muesli 450g,95.3,True,single_price_evidence,https://caau.syd1.cdn.digitaloceanspaces.com/wp-content/uploads/catalogue/coles/coles-catalogue-march-19-25-2025-vic-metro/25.jpg,https://www.catalogueau.com/coles/#catalogue=coles/coles-catalogue-march-19-25-2025-vic-metro/,displayed_price,displayed_price,1,review
Coles,VIC METRO,"Coles Catalogue March 19 - 25, 2025 VIC METRO",2025-03-19,2025-03-26,25,Monini Extra Virgin Olive Oil 750mL,14.4,24.0,9.6,40.0,save_amount,750mL,$1.92 per 100mL,SAVE59.60 | WAS$24 | Monini Extra Virgin Olive Oil | 750mL $1.92 per 100mL,93.81,False,,https://caau.syd1.cdn.digitaloceanspaces.com/wp-content/uploads/catalogue/coles/coles-catalogue-march-19-25-2025-vic-metro/25.jpg,https://www.catalogueau.com/coles/#catalogue=coles/coles-catalogue-march-19-25-2025-vic-metro/,displayed_price,displayed_price;unit_price,2,verified
Coles,VIC METRO,"Coles Catalogue March 19 - 25, 2025 VIC METRO",2025-03-19,2025-03-26,25,Vittoria Freeze Dried Instant Coffee 400g,23.0,39.0,16.0,41.03,save_amount,400g,$5.75 per 100g,SAVES16 | WASS39 | Vittoria Freeze Dried Instant | Coffee 400g $5.75 per 100g,96.59,False,,https://caau.syd1.cdn.digitaloceanspaces.com/wp-content/uploads/catalogue/coles/coles-catalogue-march-19-25-2025-vic-metro/25.jpg,https://www.catalogueau.com/coles/#catalogue=coles/coles-catalogue-march-19-25-2025-vic-metro/,save_was_arithmetic,displayed_price;save_was_arithmetic;unit_price,3,verified
Coles,VIC METRO,"Coles Catalogue March 19 - 25, 2025 VIC METRO",2025-03-19,2025-03-26,25,Vittoria Mountain Grown Coffee Beans or Ground 1kg,29.0,49.0,20.0,40.82,save_amount,1kg,$2.90 per 100g,SAVE520 | WASS49 | Vittoria Mountain Grown Coffee | Beans or Ground 1kg | $2.90 per 100g,92.87,False,,https://caau.syd1.cdn.digitaloceanspaces.com/wp-content/uploads/catalogue/coles/coles-catalogue-march-19-25-2025-vic-metro/25.jpg,https://www.catalogueau.com/coles/#catalogue=coles/coles-catalogue-march-19-25-2025-vic-metro/,displayed_price,displayed_price;unit_price,2,verified
Coles,VIC METRO,"Coles Catalogue March 19 - 25, 2025 VIC METRO",2025-03-19,2025-03-26,25,Gravox Liquid Gravy or Finishing Sauce 165g,2.8,3.5,0.7,20.0,save_amount,165g,$1.70 per 100g,SAVE70‘ | WASS$3.50 | Gravox Liquid Gravy or Finishing | Sauce 165g $1.70 per 100g | VIC-METRO-1903-25-345850,96.03,True,single_price_evidence,https://caau.syd1.cdn.digitaloceanspaces.com/wp-content/uploads/catalogue/coles/coles-catalogue-march-19-25-2025-vic-metro/25.jpg,https://www.catalogueau.com/coles/#catalogue=coles/coles-catalogue-march-19-25-2025-vic-metro/,unit_price,unit_price,1,review
Coles,VIC METRO,"Coles Catalogue March 19 - 25, 2025 VIC METRO",2025-03-19,2025-03-26,25,La Espanola Olive Oil 500mL,10.0,16.0,6.0,37.5,save_amount,500mL,$2.00 per 100mL,SAVE*6 | WASS16 | La Espanola Olive Oil | 500mL $2.00 per 100mL,79.0,True,low_name_confidence_strict,https://caau.syd1.cdn.digitaloceanspaces.com/wp-content/uploads/catalogue/coles/coles-catalogue-march-19-25-2025-vic-metro/25.jpg,https://www.catalogueau.com/coles/#catalogue=coles/coles-catalogue-march-19-25-2025-vic-metro/,save_was_arithmetic,displayed_price;save_was_arithmetic;unit_price,3,review
Coles,VIC METRO,"Coles Catalogue March 19 - 25, 2025 VIC METRO",2025-03-19,2025-03-26,25,Campbell's Real Stock 1 Litre,7.0,9.0,2.0,22.22,save_amount,1 Litre,$0.35 per 100mL,SAVE‘2 | Campbell's Real Stock | 1 Litre $0.35 per 100mL | 25,94.46,True,unit_price_conflict;single_price_evidence,https://caau.syd1.cdn.digitaloceanspaces.com/wp-content/uploads/catalogue/coles/coles-catalogue-march-19-25-2025-vic-metro/25.jpg,https://www.catalogueau.com/coles/#catalogue=coles/coles-catalogue-march-19-25-2025-vic-metro/,displayed_price,displayed_price,1,review
Coles,VIC METRO,"Coles Catalogue March 19 - 25, 2025 VIC METRO",2025-03-19,2025-03-26,26,John West Salmon Tempters 95g,1.65,3.3,1.65,50.0,half_price,95g,$17.37 per kg,SAVE‘1.65 | WASS3.30 | John West Salmon Tempters | 95g $17.37 per kg,94.4,False,,https://caau.syd1.cdn.digitaloceanspaces.com/wp-content/uploads/catalogue/coles/coles-catalogue-march-19-25-2025-vic-metro/26.jpg,https://www.catalogueau.com/coles/#catalogue=coles/coles-catalogue-march-19-25-2025-vic-metro/,save_was_arithmetic,displayed_price;save_was_arithmetic;unit_price,3,verified
Coles,VIC METRO,"Coles Catalogue March 19 - 25, 2025 VIC METRO",2025-03-19,2025-03-26,26,Old El Paso Jumbo Taco Kit 345g,4.75,9.5,4.75,50.0,half_price,345g,$1.38 per 100g,SAVES4.75 | WASS9.50 | Old El Paso Jumbo Taco Kit | 345g $1.38 per 100g,79.0,True,low_name_confidence_strict,https://caau.syd1.cdn.digitaloceanspaces.com/wp-content/uploads/catalogue/coles/coles-catalogue-march-19-25-2025-vic-metro/26.jpg,https://www.catalogueau.com/coles/#catalogue=coles/coles-catalogue-march-19-25-2025-vic-metro/,save_was_arithmetic,save_was_arithmetic;unit_price,2,review
Coles,VIC METRO,"Coles Catalogue March 19 - 25, 2025 VIC METRO",2025-03-19,2025-03-26,26,Gold Sunset Canola or Vegetable Oil 4 Litre,15.0,30.0,15.0,50.0,half_price,4 Litre,$0.38 per 100mL,SAVES15 | WAS$30 | Gold Sunset Canola or | Vegetable Oil 4 Litre | $0.38 per 100mL,96.33,False,,https://caau.syd1.cdn.digitaloceanspaces.com/wp-content/uploads/catalogue/coles/coles-catalogue-march-19-25-2025-vic-metro/26.jpg,https://www.catalogueau.com/coles/#catalogue=coles/coles-catalogue-march-19-25-2025-vic-metro/,save_was_arithmetic,displayed_price;save_was_arithmetic,2,verified
Coles,VIC METRO,"Coles Catalogue March 19 - 25, 2025 VIC METRO",2025-03-19,2025-03-26,26,Old El Paso Spice Mix 30g-40g,2.0,3.0,1.0,33.33,save_amount,30g; 40g,,SAVES1 | WASS3 | Old El Paso Spice Mix | 30g-40g,93.36,False,,https://caau.syd1.cdn.digitaloceanspaces.com/wp-content/uploads/catalogue/coles/coles-catalogue-march-19-25-2025-vic-metro/26.jpg,https://www.catalogueau.com/coles/#catalogue=coles/coles-catalogue-march-19-25-2025-vic-metro/,save_was_arithmetic,displayed_price;save_was_arithmetic,2,verified
Coles,VIC METRO,"Coles Catalogue March 19 - 25, 2025 VIC METRO",2025-03-19,2025-03-26,26,John West Sardines 110g,2.5,3.4,0.9,26.47,save_amount,110g,$22.73 per kg,SAVE 90° | WAS$3.40 | John West Sardines 110g | $22.73 per kg,96.19,True,single_price_evidence,https://caau.syd1.cdn.digitaloceanspaces.com/wp-content/uploads/catalogue/coles/coles-catalogue-march-19-25-2025-vic-metro/26.jpg,https://www.catalogueau.com/coles/#catalogue=coles/coles-catalogue-march-19-25-2025-vic-metro/,unit_price,unit_price,1,review
Coles,VIC METRO,"Coles Catalogue March 19 - 25, 2025 VIC METRO",2025-03-19,2025-03-26,26,Campbell's Country Ladle or Chunky Soup 495g-505g,3.5,4.5,1.0,22.22,save_amount,495g; 505g,,SAVE*1 | WASS4.50 | Campbell's Country Ladle | or Chunky Soup 495g-505g | VIC-METRO-1903-25-345850,91.54,False,,https://caau.syd1.cdn.digitaloceanspaces.com/wp-content/uploads/catalogue/coles/coles-catalogue-march-19-25-2025-vic-metro/26.jpg,https://www.catalogueau.com/coles/#catalogue=coles/coles-catalogue-march-19-25-2025-vic-metro/,save_was_arithmetic,displayed_price;save_was_arithmetic,2,verified
Coles,VIC METRO,"Coles Catalogue March 19 - 25, 2025 VIC METRO",2025-03-19,2025-03-26,26,Leggo's Chunky Pasta Sauce 490g-500g,3.65,4.6,0.95,20.65,save_amount,490g; 500g,,SAVE 95° | WASS4.60 | Leggo's Chunky Pasta Sauce | 490g-500g | 26,87.7,True,single_price_evidence,https://caau.syd1.cdn.digitaloceanspaces.com/wp-content/uploads/catalogue/coles/coles-catalogue-march-19-25-2025-vic-metro/26.jpg,https://www.catalogueau.com/coles/#catalogue=coles/coles-catalogue-march-19-25-2025-vic-metro/,displayed_price,displayed_price,1,review
Coles,VIC METRO,"Coles Catalogue March 19 - 25, 2025 VIC METRO",2025-03-19,2025-03-26,27,Dairy Farmers Thick & Creamy Yoghurt 140g-150g,1.3,2.6,1.3,50.0,half_price,140g; 150g,,SAVE*1.30 | WASS2.60 | Dairy Farmers Thick & Creamy Yoghurt | 140g-150g | €,93.43,False,,https://caau.syd1.cdn.digitaloceanspaces.com/wp-content/uploads/catalogue/coles/coles-catalogue-march-19-25-2025-vic-metro/27.jpg,https://www.catalogueau.com/coles/#catalogue=coles/coles-catalogue-march-19-25-2025-vic-metro/,save_was_arithmetic,displayed_price;save_was_arithmetic,2,verified
Coles,VIC METRO,"Coles Catalogue March 19 - 25, 2025 VIC METRO",2025-03-19,2025-03-26,27,Pauls Plus Protein Yoghurt Pouch 150g,1.7,2.9,1.2,41.38,save_amount,150g,$1.13 per 100g,SAVE1.20 | WAS$2.90 | Pauls Plus Protein Yoghurt Pouch | 150g $1.13 per 100g | gies | Deke 5,96.31,False,,https://caau.syd1.cdn.digitaloceanspaces.com/wp-content/uploads/catalogue/coles/coles-catalogue-march-19-25-2025-vic-metro/27.jpg,https://www.catalogueau.com/coles/#catalogue=coles/coles-catalogue-march-19-25-2025-vic-metro/,save_was_arithmetic,save_was_arithmetic;unit_price,2,verified
Coles,VIC METRO,"Coles Catalogue March 19 - 25, 2025 VIC METRO",2025-03-19,2025-03-26,27,Cocobella Coconut Yoghurt 500g,4.5,6.0,1.5,25.0,save_amount,500g,$0.90 per 100g,SAVES1.50 | Cocobella Coconut Yoghurt 500g | $0.90 per 100g | =,94.48,True,single_price_evidence,https://caau.syd1.cdn.digitaloceanspaces.com/wp-content/uploads/catalogue/coles/coles-catalogue-march-19-25-2025-vic-metro/27.jpg,https://www.catalogueau.com/coles/#catalogue=coles/coles-catalogue-march-19-25-2025-vic-metro/,unit_price,unit_price,1,review
Coles,VIC METRO,"Coles Catalogue March 19 - 25, 2025 VIC METRO",2025-03-19,2025-03-26,27,Gippsland Dairy Mix-ins 140g,2.65,3.85,1.2,31.17,save_amount,140g,$1.89 per 100g,SAVE*1.20 | WASS$3.85 | Gippsland Dairy Mix-ins 140g | $1.89 per 100g | Pa fae | Soo,94.26,False,,https://caau.syd1.cdn.digitaloceanspaces.com/wp-content/uploads/catalogue/coles/coles-catalogue-march-19-25-2025-vic-metro/27.jpg,https://www.catalogueau.com/coles/#catalogue=coles/coles-catalogue-march-19-25-2025-vic-metro/,save_was_arithmetic,displayed_price;save_was_arithmetic;unit_price,3,verified
Coles,VIC METRO,"Coles Catalogue March 19 - 25, 2025 VIC METRO",2025-03-19,2025-03-26,27,Wicked Sister High Protein Pudding 170g,2.5,3.0,0.5,16.67,save_amount,170g,$1.47 per 100g,SAVE50° | WASS3 | Wicked Sister High Protein Pudding | 170g $1.47 per 100g,96.45,False,,https://caau.syd1.cdn.digitaloceanspaces.com/wp-content/uploads/catalogue/coles/coles-catalogue-march-19-25-2025-vic-metro/27.jpg,https://www.catalogueau.com/coles/#catalogue=coles/coles-catalogue-march-19-25-2025-vic-metro/,displayed_price,displayed_price;unit_price,2,verified
Coles,VIC METRO,"Coles Catalogue March 19 - 25, 2025 VIC METRO",2025-03-19,2025-03-26,27,Tamar Valley Dairy Greek Style Yoghurt 1kg,6.0,7.8,1.8,23.08,save_amount,1kg,$0.60 per 100g,SAVES1.80 | WASS7.80 | Tamar Valley Dairy Greek Style | Yoghurt 1kg $0.60 per 100g,94.38,False,,https://caau.syd1.cdn.digitaloceanspaces.com/wp-content/uploads/catalogue/coles/coles-catalogue-march-19-25-2025-vic-metro/27.jpg,https://www.catalogueau.com/coles/#catalogue=coles/coles-catalogue-march-19-25-2025-vic-metro/,save_was_arithmetic,displayed_price;save_was_arithmetic;unit_price,3,verified
Coles,VIC METRO,"Coles Catalogue March 19 - 25, 2025 VIC METRO",2025-03-19,2025-03-26,27,Pauls Kids Custard Pouch 70g,1.5,1.9,0.4,21.05,save_amount,70g,$2.14 per 100g,SAVE 40° | WASS1.90 | Pauls Kids Custard Pouch 70g | $2.14 per 100g | a | os,96.34,False,,https://caau.syd1.cdn.digitaloceanspaces.com/wp-content/uploads/catalogue/coles/coles-catalogue-march-19-25-2025-vic-metro/27.jpg,https://www.catalogueau.com/coles/#catalogue=coles/coles-catalogue-march-19-25-2025-vic-metro/,displayed_price,displayed_price;unit_price,2,verified
Coles,VIC METRO,"Coles Catalogue March 19 - 25, 2025 VIC METRO",2025-03-19,2025-03-26,27,Gippsland Dairy Twist Yogurt 160g,10.0,15.0,5.0,33.33,save_amount,160g,$1.25 per 100g,SAVE 5 | Gippsland Dairy Twist Yogurt 160g | $1.25 per 100g. On sale for 2 weeks | iz | — | i | a,96.03,True,unit_price_conflict;single_price_evidence,https://caau.syd1.cdn.digitaloceanspaces.com/wp-content/uploads/catalogue/coles/coles-catalogue-march-19-25-2025-vic-metro/27.jpg,https://www.catalogueau.com/coles/#catalogue=coles/coles-catalogue-march-19-25-2025-vic-metro/,displayed_price,displayed_price,1,review
Coles,VIC METRO,"Coles Catalogue March 19 - 25, 2025 VIC METRO",2025-03-19,2025-03-26,27,Yoplait Yoghurt 1kg,4.8,,,,special,1kg,$0.48 per 100g,Yoplait Yoghurt 1kg | $0.48 per 100g | 27,86.75,True,single_price_evidence,https://caau.syd1.cdn.digitaloceanspaces.com/wp-content/uploads/catalogue/coles/coles-catalogue-march-19-25-2025-vic-metro/27.jpg,https://www.catalogueau.com/coles/#catalogue=coles/coles-catalogue-march-19-25-2025-vic-metro/,unit_price,unit_price,1,review
Coles,VIC METRO,"Coles Catalogue March 19 - 25, 2025 VIC METRO",2025-03-19,2025-03-26,27,Farmers Union Greek Style Yogurt 950g-1kg,6.5,,,,special,950g; 1kg,,Farmers Union Greek Style | Yogurt 950g-1kg,79.0,True,offer_labels_missing;save_amount_missing;regular_price_missing;low_name_confidence_strict;single_price_evidence,https://caau.syd1.cdn.digitaloceanspaces.com/wp-content/uploads/catalogue/coles/coles-catalogue-march-19-25-2025-vic-metro/27.jpg,https://www.catalogueau.com/coles/#catalogue=coles/coles-catalogue-march-19-25-2025-vic-metro/,displayed_price,displayed_price,1,review
Coles,VIC METRO,"Coles Catalogue March 19 - 25, 2025 VIC METRO",2025-03-19,2025-03-26,28,Bega Cheese Stringers 12x20g,8.25,9.2,0.95,10.33,save_amount,12x20g,$34.38 per kg,WAS $9.20 | WAS $9.20 | FEB 2025 | Bega Cheese Stringers 12x20g | $34.38 per kg,94.0,False,,https://caau.syd1.cdn.digitaloceanspaces.com/wp-content/uploads/catalogue/coles/coles-catalogue-march-19-25-2025-vic-metro/28.jpg,https://www.catalogueau.com/coles/#catalogue=coles/coles-catalogue-march-19-25-2025-vic-metro/,displayed_price,displayed_price;unit_price,2,verified
Coles,VIC METRO,"Coles Catalogue March 19 - 25, 2025 VIC METRO",2025-03-19,2025-03-26,28,Bega Cheese Block 500g,9.5,10.5,1.0,9.52,save_amount,500g,$19.00 per kg,WAS $10.50 | WAS $10.50 | JAN 2025 | Bega Cheese Block 500g | $19.00 per kg,96.52,False,,https://caau.syd1.cdn.digitaloceanspaces.com/wp-content/uploads/catalogue/coles/coles-catalogue-march-19-25-2025-vic-metro/28.jpg,https://www.catalogueau.com/coles/#catalogue=coles/coles-catalogue-march-19-25-2025-vic-metro/,displayed_price,displayed_price;unit_price,2,verified
Coles,VIC METRO,"Coles Catalogue March 19 - 25, 2025 VIC METRO",2025-03-19,2025-03-26,28,Great Ocean Road Cheese Block 500g,9.0,10.3,1.3,12.62,save_amount,500g,$18.00 per kg,SAVE*1.30 | WASS10.30 | Great Ocean Road Cheese Block 500g | $18.00 per kg | SRS | tear,96.38,False,,https://caau.syd1.cdn.digitaloceanspaces.com/wp-content/uploads/catalogue/coles/coles-catalogue-march-19-25-2025-vic-metro/28.jpg,https://www.catalogueau.com/coles/#catalogue=coles/coles-catalogue-march-19-25-2025-vic-metro/,save_was_arithmetic,displayed_price;save_was_arithmetic;unit_price,3,verified
Coles,VIC METRO,"Coles Catalogue March 19 - 25, 2025 VIC METRO",2025-03-19,2025-03-26,28,Perfect Italiano Grated Cheese 450g,7.5,9.5,2.0,21.05,save_amount,450g,$16.67 per kg,SAVES2 | WASS9.50 | Perfect Italiano Grated Cheese 450g | $16.67 per kg,95.34,False,,https://caau.syd1.cdn.digitaloceanspaces.com/wp-content/uploads/catalogue/coles/coles-catalogue-march-19-25-2025-vic-metro/28.jpg,https://www.catalogueau.com/coles/#catalogue=coles/coles-catalogue-march-19-25-2025-vic-metro/,save_was_arithmetic,displayed_price;save_was_arithmetic;unit_price,3,verified
Coles,VIC METRO,"Coles Catalogue March 19 - 25, 2025 VIC METRO",2025-03-19,2025-03-26,28,Philadelphia Cream Cheese Block 250g,4.0,5.7,1.7,29.82,save_amount,250g,$16.00 per kg,SAVE‘1.70 | WASS5.70 | Philadelphia Cream Cheese Block 250g | $16.00 per kg | VIC-METRO-1903-25-345850,96.41,False,,https://caau.syd1.cdn.digitaloceanspaces.com/wp-content/uploads/catalogue/coles/coles-catalogue-march-19-25-2025-vic-metro/28.jpg,https://www.catalogueau.com/coles/#catalogue=coles/coles-catalogue-march-19-25-2025-vic-metro/,save_was_arithmetic,displayed_price;save_was_arithmetic;unit_price,3,verified
Coles,VIC METRO,"Coles Catalogue March 19 - 25, 2025 VIC METRO",2025-03-19,2025-03-26,28,Yumi's Dip 200:,3.5,4.5,1.0,22.22,save_amount,,$1.75 per 100g,WASS4.50 | WASS4.50 | Yumi's Dip 200: | $1.75 per 100g | 28,93.76,True,single_price_evidence,https://caau.syd1.cdn.digitaloceanspaces.com/wp-content/uploads/catalogue/coles/coles-catalogue-march-19-25-2025-vic-metro/28.jpg,https://www.catalogueau.com/coles/#catalogue=coles/coles-catalogue-march-19-25-2025-vic-metro/,displayed_price,displayed_price,1,review
Coles,VIC METRO,"Coles Catalogue March 19 - 25, 2025 VIC METRO",2025-03-19,2025-03-26,28,ASTY PROUDLY AUSTRALIAN,5.0,,,,special,,,ASTY | PROUDLY AUSTRALIAN | OWNE:,75.39,True,offer_labels_missing;save_amount_missing;regular_price_missing;low_name_confidence_strict;single_price_evidence,https://caau.syd1.cdn.digitaloceanspaces.com/wp-content/uploads/catalogue/coles/coles-catalogue-march-19-25-2025-vic-metro/28.jpg,https://www.catalogueau.com/coles/#catalogue=coles/coles-catalogue-march-19-25-2025-vic-metro/,displayed_price,displayed_price,1,review
Coles,VIC METRO,"Coles Catalogue March 19 - 25, 2025 VIC METRO",2025-03-19,2025-03-26,29,Mersey Valley Cheese 235g,6.9,9.9,3.0,30.3,save_amount,235g,$29.36 per kg,WASS9.90 | WASS9.90 | Mersey Valley Cheese 235g | $29.36 per kg,96.33,False,,https://caau.syd1.cdn.digitaloceanspaces.com/wp-content/uploads/catalogue/coles/coles-catalogue-march-19-25-2025-vic-metro/29.jpg,https://www.catalogueau.com/coles/#catalogue=coles/coles-catalogue-march-19-25-2025-vic-metro/,displayed_price,displayed_price;unit_price,2,verified
Coles,VIC METRO,"Coles Catalogue March 19 - 25, 2025 VIC METRO",2025-03-19,2025-03-26,29,Tasmanian Heritage Double Cream Brie or Camembert 200g,8.0,11.95,3.95,33.05,save_amount,200g,$40.00 per kg,WASS11.95 | WASS11.95 | Tasmanian Heritage Double | Cream Brie or Camembert 200g | $40.00 per kg,96.25,False,,https://caau.syd1.cdn.digitaloceanspaces.com/wp-content/uploads/catalogue/coles/coles-catalogue-march-19-25-2025-vic-metro/29.jpg,https://www.catalogueau.com/coles/#catalogue=coles/coles-catalogue-march-19-25-2025-vic-metro/,displayed_price,displayed_price;unit_price,2,verified
Coles,VIC METRO,"Coles Catalogue March 19 - 25, 2025 VIC METRO",2025-03-19,2025-03-26,29,Coles Kitchen Meal 350g,7.49,,,,special,350g,$2.14 per 100g,Coles Kitchen Meal 350g | $2.14 per 100g | VIC-METRO-1903-25-345850,96.37,True,offer_labels_missing;save_amount_missing;regular_price_missing;inferred_price_requires_review,https://caau.syd1.cdn.digitaloceanspaces.com/wp-content/uploads/catalogue/coles/coles-catalogue-march-19-25-2025-vic-metro/29.jpg,https://www.catalogueau.com/coles/#catalogue=coles/coles-catalogue-march-19-25-2025-vic-metro/,unit_price,grid_inference;unit_price,1,review
Coles,VIC METRO,"Coles Catalogue March 19 - 25, 2025 VIC METRO",2025-03-19,2025-03-26,29,Unicorn Classic Camembert Cheese 125g,5.5,,,,everyday,125g,$44.00 per kg,Unicorn Classic Camembert | Cheese 125g $44.00 per kg,96.2,False,,https://caau.syd1.cdn.digitaloceanspaces.com/wp-content/uploads/catalogue/coles/coles-catalogue-march-19-25-2025-vic-metro/29.jpg,https://www.catalogueau.com/coles/#catalogue=coles/coles-catalogue-march-19-25-2025-vic-metro/,displayed_price,displayed_price;unit_price,2,verified
Coles,VIC METRO,"Coles Catalogue March 19 - 25, 2025 VIC METRO",2025-03-19,2025-03-26,29,Coles Filled Pasta 600g,6.0,,,,everyday,600g,$1.00 per 100g,"Coles Filled Pasta 600g | $1.00 per 100g | TE > FANS FAS, | —s | inant",96.4,False,,https://caau.syd1.cdn.digitaloceanspaces.com/wp-content/uploads/catalogue/coles/coles-catalogue-march-19-25-2025-vic-metro/29.jpg,https://www.catalogueau.com/coles/#catalogue=coles/coles-catalogue-march-19-25-2025-vic-metro/,displayed_price,displayed_price;unit_price,2,verified
Coles,VIC METRO,"Coles Catalogue March 19 - 25, 2025 VIC METRO",2025-03-19,2025-03-26,29,Coles Kitchen Garlic Baguette Twin Pack 450g,3.2,,,,everyday,450g,$0.71 per 100g,Coles Kitchen Garlic Baguette | Twin Pack 450g $0.71 per 100g,96.29,False,,https://caau.syd1.cdn.digitaloceanspaces.com/wp-content/uploads/catalogue/coles/coles-catalogue-march-19-25-2025-vic-metro/29.jpg,https://www.catalogueau.com/coles/#catalogue=coles/coles-catalogue-march-19-25-2025-vic-metro/,displayed_price,displayed_price;unit_price,2,verified
Coles,VIC METRO,"Coles Catalogue March 19 - 25, 2025 VIC METRO",2025-03-19,2025-03-26,29,La Casa Del Formaggio Bocconcini 220g,6.0,,,,everyday,220g,$27.27 per kg,La Casa Del Formaggio | Bocconcini 220g $27.27 per kg,93.88,False,,https://caau.syd1.cdn.digitaloceanspaces.com/wp-content/uploads/catalogue/coles/coles-catalogue-march-19-25-2025-vic-metro/29.jpg,https://www.catalogueau.com/coles/#catalogue=coles/coles-catalogue-march-19-25-2025-vic-metro/,displayed_price,displayed_price;unit_price,2,verified
Coles,VIC METRO,"Coles Catalogue March 19 - 25, 2025 VIC METRO",2025-03-19,2025-03-26,29,Coles Beef Lasagne 1.8kg,12.4,,,,everyday,1.8kg,$0.69 per 100g,Coles Beef Lasagne 1.8kg | $0.69 per 100g,93.93,True,single_price_evidence,https://caau.syd1.cdn.digitaloceanspaces.com/wp-content/uploads/catalogue/coles/coles-catalogue-march-19-25-2025-vic-metro/29.jpg,https://www.catalogueau.com/coles/#catalogue=coles/coles-catalogue-march-19-25-2025-vic-metro/,unknown,,0,review
Coles,VIC METRO,"Coles Catalogue March 19 - 25, 2025 VIC METRO",2025-03-19,2025-03-26,29,Devondale Shredded Cheese 750g,13.5,,,,everyday,750g,$18.00 per kg,Devondale Shredded Cheese | 750g $18.00 per kg,95.71,True,single_price_evidence,https://caau.syd1.cdn.digitaloceanspaces.com/wp-content/uploads/catalogue/coles/coles-catalogue-march-19-25-2025-vic-metro/29.jpg,https://www.catalogueau.com/coles/#catalogue=coles/coles-catalogue-march-19-25-2025-vic-metro/,unit_price,unit_price,1,review
Coles,VIC METRO,"Coles Catalogue March 19 - 25, 2025 VIC METRO",2025-03-19,2025-03-26,31,Peters Maxibon 4 Pack 560mL,5.75,11.5,5.75,50.0,half_price,4 Pack; 560mL,$1.03 per 100mL,WASS11.50 | WASS11.50 | Peters Maxibon 4 Pack 560mL | $1.03 per 100mL | v | | ay,89.25,True,inferred_price_requires_review,https://caau.syd1.cdn.digitaloceanspaces.com/wp-content/uploads/catalogue/coles/coles-catalogue-march-19-25-2025-vic-metro/31.jpg,https://www.catalogueau.com/coles/#catalogue=coles/coles-catalogue-march-19-25-2025-vic-metro/,unit_price,page_discount;unit_price,1,review
Coles,VIC METRO,"Coles Catalogue March 19 - 25, 2025 VIC METRO",2025-03-19,2025-03-26,31,Destination Italy Gelato 500mL,10.0,12.5,2.5,20.0,save_amount,500mL,$2.00 per 100mL,"WASS$12.50 | WASS$12.50 | Destination Italy Gelato 500mL | $2.00 per 100mL | eae | 30,",93.33,False,,https://caau.syd1.cdn.digitaloceanspaces.com/wp-content/uploads/catalogue/coles/coles-catalogue-march-19-25-2025-vic-metro/31.jpg,https://www.catalogueau.com/coles/#catalogue=coles/coles-catalogue-march-19-25-2025-vic-metro/,displayed_price,displayed_price;unit_price,2,verified
Coles,VIC METRO,"Coles Catalogue March 19 - 25, 2025 VIC METRO",2025-03-19,2025-03-26,31,Streets Golden Gaytime Sticks 4 Pack 400mL,6.5,10.0,3.5,35.0,save_amount,4 Pack; 400mL,$1.63 per 100mL,WASS10 | WASS10 | Streets Golden Gaytime Sticks 4 Pack 400mL | $1.63 per 100mL. On sale for 2 weeks | SS | Qader,94.26,False,,https://caau.syd1.cdn.digitaloceanspaces.com/wp-content/uploads/catalogue/coles/coles-catalogue-march-19-25-2025-vic-metro/31.jpg,https://www.catalogueau.com/coles/#catalogue=coles/coles-catalogue-march-19-25-2025-vic-metro/,displayed_price,displayed_price;unit_price,2,verified
Coles,VIC METRO,"Coles Catalogue March 19 - 25, 2025 VIC METRO",2025-03-19,2025-03-26,31,Streets Calippo or Cyclone 8 Pack-10 Pack 575mL-688mL,4.5,9.0,4.5,50.0,half_price,8 Pack; 10 Pack; 575mL; 688mL,,WASS9 | WASS9 | Streets Calippo or Cyclone 8 Pack-10 Pack | 575mL-688mL | buene,91.64,True,inferred_price_requires_review,https://caau.syd1.cdn.digitaloceanspaces.com/wp-content/uploads/catalogue/coles/coles-catalogue-march-19-25-2025-vic-metro/31.jpg,https://www.catalogueau.com/coles/#catalogue=coles/coles-catalogue-march-19-25-2025-vic-metro/,page_discount_inference,page_discount,0,review
Coles,VIC METRO,"Coles Catalogue March 19 - 25, 2025 VIC METRO",2025-03-19,2025-03-26,31,Cadbury Sticks 4 Pack 300mL-360mL,6.0,12.0,6.0,50.0,half_price,4 Pack; 300mL; 360mL,,WASS12 | WASS12 | Cadbury Sticks 4 Pack | 300mL-360mL | a year’s worth,92.29,True,inferred_price_requires_review,https://caau.syd1.cdn.digitaloceanspaces.com/wp-content/uploads/catalogue/coles/coles-catalogue-march-19-25-2025-vic-metro/31.jpg,https://www.catalogueau.com/coles/#catalogue=coles/coles-catalogue-march-19-25-2025-vic-metro/,page_discount_inference,page_discount,0,review
Coles,VIC METRO,"Coles Catalogue March 19 - 25, 2025 VIC METRO",2025-03-19,2025-03-26,31,Kinder Bueno Frozen Dessert Cones 4 Pack 254g,9.0,12.0,3.0,25.0,save_amount,4 Pack; 254g,$3.54 per 100g,WASS12 | WASS12 | Kinder Bueno Frozen Dessert | Cones 4 Pack 254g $3.54 per 100g | a registered FI | i | D | must spend S:,96.52,True,single_price_evidence,https://caau.syd1.cdn.digitaloceanspaces.com/wp-content/uploads/catalogue/coles/coles-catalogue-march-19-25-2025-vic-metro/31.jpg,https://www.catalogueau.com/coles/#catalogue=coles/coles-catalogue-march-19-25-2025-vic-metro/,unit_price,unit_price,1,review
Coles,VIC METRO,"Coles Catalogue March 19 - 25, 2025 VIC METRO",2025-03-19,2025-03-26,31,Cape Byron Ice Cream Sticks 4 Pack 378mL,8.0,11.5,3.5,30.43,save_amount,4 Pack; 378mL,$2.12 per 100mL,"WASS11.50 | WASS11.50 | Cape Byron Ice Cream Sticks | 4 Pack 378mL $2.12 per 100mL | ***Competition dates 19/3/25 to 24/6/25. Entrants must be an Australian resident over 18 years and | buys member to participate. To receive an automatic entry into the competition, entrants | into the competition, entrants | ind discounts have been gy",93.71,False,,https://caau.syd1.cdn.digitaloceanspaces.com/wp-content/uploads/catalogue/coles/coles-catalogue-march-19-25-2025-vic-metro/31.jpg,https://www.catalogueau.com/coles/#catalogue=coles/coles-catalogue-march-19-25-2025-vic-metro/,displayed_price,displayed_price;unit_price,2,verified
Coles,VIC METRO,"Coles Catalogue March 19 - 25, 2025 VIC METRO",2025-03-19,2025-03-26,32,McCain Pub Size Meal 480g-500g,7.6,9.5,1.9,20.0,save_amount,480g; 500g,,WASS9.50 | WASS9.50 | McCain Pub Size Meal | 480g-500g,94.45,True,single_price_evidence,https://caau.syd1.cdn.digitaloceanspaces.com/wp-content/uploads/catalogue/coles/coles-catalogue-march-19-25-2025-vic-metro/32.jpg,https://www.catalogueau.com/coles/#catalogue=coles/coles-catalogue-march-19-25-2025-vic-metro/,displayed_price,displayed_price,1,review
Coles,VIC METRO,"Coles Catalogue March 19 - 25, 2025 VIC METRO",2025-03-19,2025-03-26,32,The Sweetporium Co Ice Cream Tub 1 Litre,7.0,10.0,3.0,30.0,save_amount,1 Litre,$0.70 per 100mL,"WASS10 | WASS10 | The Sweetporium Co Ice Cream | Tub 1 Litre $0.70 per 100mL | eye for goo, | po",94.21,False,,https://caau.syd1.cdn.digitaloceanspaces.com/wp-content/uploads/catalogue/coles/coles-catalogue-march-19-25-2025-vic-metro/32.jpg,https://www.catalogueau.com/coles/#catalogue=coles/coles-catalogue-march-19-25-2025-vic-metro/,displayed_price,displayed_price;unit_price,2,verified
Coles,VIC METRO,"Coles Catalogue March 19 - 25, 2025 VIC METRO",2025-03-19,2025-03-26,32,Tegel Take Outs Korean Style Chicken Chunks 400g,8.4,12.0,3.6,30.0,save_amount,400g,$21.00 per kg,WASS12 | WASS12 | Tegel Take Outs Korean Style | Chicken Chunks 400g $21.00 per kg,96.52,True,single_price_evidence,https://caau.syd1.cdn.digitaloceanspaces.com/wp-content/uploads/catalogue/coles/coles-catalogue-march-19-25-2025-vic-metro/32.jpg,https://www.catalogueau.com/coles/#catalogue=coles/coles-catalogue-march-19-25-2025-vic-metro/,unit_price,unit_price,1,review
Coles,VIC METRO,"Coles Catalogue March 19 - 25, 2025 VIC METRO",2025-03-19,2025-03-26,32,"Birds Eye Air Baked Barramundi, Southern Blue Whiting or Deep Sea Dory 250g-380g",6.25,12.6,6.35,50.4,half_price,250g; 380g,,"WASS12.60 | WASS12.60 | Birds Eye Air Baked Barramundi, | Southern Blue Whiting or | Deep Sea Dory 250g-380g",94.55,True,single_price_evidence,https://caau.syd1.cdn.digitaloceanspaces.com/wp-content/uploads/catalogue/coles/coles-catalogue-march-19-25-2025-vic-metro/32.jpg,https://www.catalogueau.com/coles/#catalogue=coles/coles-catalogue-march-19-25-2025-vic-metro/,displayed_price,displayed_price,1,review
Coles,VIC METRO,"Coles Catalogue March 19 - 25, 2025 VIC METRO",2025-03-19,2025-03-26,32,380g € “AIR BAKED,2.0,,,,special,380g,,380g € | “AIR BAKED,77.08,True,offer_labels_missing;save_amount_missing;regular_price_missing;low_name_confidence_strict;single_price_evidence,https://caau.syd1.cdn.digitaloceanspaces.com/wp-content/uploads/catalogue/coles/coles-catalogue-march-19-25-2025-vic-metro/32.jpg,https://www.catalogueau.com/coles/#catalogue=coles/coles-catalogue-march-19-25-2025-vic-metro/,displayed_price,displayed_price,1,review
Coles,VIC METRO,"Coles Catalogue March 19 - 25, 2025 VIC METRO",2025-03-19,2025-03-26,33,Western Star Spreadable Blend 500g,5.8,6.8,1.0,14.71,save_amount,500g,$1.16 per 100g,SAVE 1 20 | Western Star Spreadable Blend 500g | $1.16 per 100g | = | es | suntoay | suntory,94.82,False,,https://caau.syd1.cdn.digitaloceanspaces.com/wp-content/uploads/catalogue/coles/coles-catalogue-march-19-25-2025-vic-metro/33.jpg,https://www.catalogueau.com/coles/#catalogue=coles/coles-catalogue-march-19-25-2025-vic-metro/,displayed_price,displayed_price;unit_price,2,verified
Coles,VIC METRO,"Coles Catalogue March 19 - 25, 2025 VIC METRO",2025-03-19,2025-03-26,33,The Juice Brothers Juice 1 Litre,4.0,5.0,1.0,20.0,save_amount,1 Litre,$4.00 per litre,SAVE*1 | WASS5 | The Juice Brothers Juice 1 Litre | $4.00 per litre | Excludes Orange Juice,96.64,False,,https://caau.syd1.cdn.digitaloceanspaces.com/wp-content/uploads/catalogue/coles/coles-catalogue-march-19-25-2025-vic-metro/33.jpg,https://www.catalogueau.com/coles/#catalogue=coles/coles-catalogue-march-19-25-2025-vic-metro/,save_was_arithmetic,displayed_price;save_was_arithmetic;unit_price,3,verified
Coles,VIC METRO,"Coles Catalogue March 19 - 25, 2025 VIC METRO",2025-03-19,2025-03-26,33,Boss Coffee 237mL,3.0,4.0,1.0,25.0,save_amount,237mL,$12.66 per litre,"SAVE ""1 | Boss Coffee 237mL | $12.66 per litre | _——",93.35,False,,https://caau.syd1.cdn.digitaloceanspaces.com/wp-content/uploads/catalogue/coles/coles-catalogue-march-19-25-2025-vic-metro/33.jpg,https://www.catalogueau.com/coles/#catalogue=coles/coles-catalogue-march-19-25-2025-vic-metro/,displayed_price,displayed_price;unit_price,2,verified
Coles,VIC METRO,"Coles Catalogue March 19 - 25, 2025 VIC METRO",2025-03-19,2025-03-26,33,Ice Break Flavoured Milk 750mL,4.2,5.25,1.05,20.0,save_amount,750mL,$5.60 per litre,SAVE51.05 | WASS5.25 | Ice Break Flavoured Milk 750mL | $5.60 per litre | cake we | ve; | del | delights,94.72,True,single_price_evidence,https://caau.syd1.cdn.digitaloceanspaces.com/wp-content/uploads/catalogue/coles/coles-catalogue-march-19-25-2025-vic-metro/33.jpg,https://www.catalogueau.com/coles/#catalogue=coles/coles-catalogue-march-19-25-2025-vic-metro/,unit_price,unit_price,1,review
Coles,VIC METRO,"Coles Catalogue March 19 - 25, 2025 VIC METRO",2025-03-19,2025-03-26,33,JAN 20: Vegie Delights Plant Based Sausages 300g,6.5,,,,down_down,300g,$2.17 per 100g,JAN 20: | Vegie Delights Plant Based | Sausages 300g $2.17 per 100g,79.0,True,low_name_confidence_strict,https://caau.syd1.cdn.digitaloceanspaces.com/wp-content/uploads/catalogue/coles/coles-catalogue-march-19-25-2025-vic-metro/33.jpg,https://www.catalogueau.com/coles/#catalogue=coles/coles-catalogue-march-19-25-2025-vic-metro/,displayed_price,displayed_price;unit_price,2,review
Coles,VIC METRO,"Coles Catalogue March 19 - 25, 2025 VIC METRO",2025-03-19,2025-03-26,33,Western Star Butter 250g,4.0,5.2,1.2,23.08,save_amount,250g,$1.60 per 100g,SAVE $1.20 | WAS$5.20 | Western Star Butter 250g | $1.60 per 100g | Shop online for even,96.46,False,,https://caau.syd1.cdn.digitaloceanspaces.com/wp-content/uploads/catalogue/coles/coles-catalogue-march-19-25-2025-vic-metro/33.jpg,https://www.catalogueau.com/coles/#catalogue=coles/coles-catalogue-march-19-25-2025-vic-metro/,save_was_arithmetic,displayed_price;save_was_arithmetic;unit_price,3,verified
Coles,VIC METRO,"Coles Catalogue March 19 - 25, 2025 VIC METRO",2025-03-19,2025-03-26,33,Flora Margarine 1kg,6.95,8.95,2.0,22.35,save_amount,1kg,$0.70 per 100g,SAVES2 | WAS$8.95 | Flora Margarine Ikg | $0.70 per 100g,84.92,False,,https://caau.syd1.cdn.digitaloceanspaces.com/wp-content/uploads/catalogue/coles/coles-catalogue-march-19-25-2025-vic-metro/33.jpg,https://www.catalogueau.com/coles/#catalogue=coles/coles-catalogue-march-19-25-2025-vic-metro/,save_was_arithmetic,displayed_price;save_was_arithmetic;unit_price,3,verified
Coles,VIC METRO,"Coles Catalogue March 19 - 25, 2025 VIC METRO",2025-03-19,2025-03-26,34,Borg’s Spinach & Ricotta Pastizzis 1kg,4.67,9.35,4.68,50.05,half_price,1kg,$0.47 per 100g,SAVE %4.68 | WASS9.35 | Borg’s Spinach & Ricotta Pastizzis 1kg | $0.47 per 100g | -,82.27,False,,https://caau.syd1.cdn.digitaloceanspaces.com/wp-content/uploads/catalogue/coles/coles-catalogue-march-19-25-2025-vic-metro/34.jpg,https://www.catalogueau.com/coles/#catalogue=coles/coles-catalogue-march-19-25-2025-vic-metro/,save_was_arithmetic,save_was_arithmetic;unit_price,2,verified
Coles,VIC METRO,"Coles Catalogue March 19 - 25, 2025 VIC METRO",2025-03-19,2025-03-26,34,Herbert Adams Slow Cooked Beef Pies 2 Pack 400g-420g,5.7,9.5,3.8,40.0,save_amount,2 Pack; 400g; 420g,,SAVE 53.80 | WASS9.50 | Herbert Adams Slow Cooked | Beef Pies 2 Pack 400g-420g | we,95.13,True,single_price_evidence,https://caau.syd1.cdn.digitaloceanspaces.com/wp-content/uploads/catalogue/coles/coles-catalogue-march-19-25-2025-vic-metro/34.jpg,https://www.catalogueau.com/coles/#catalogue=coles/coles-catalogue-march-19-25-2025-vic-metro/,save_was_arithmetic,save_was_arithmetic,1,review
Coles,VIC METRO,"Coles Catalogue March 19 - 25, 2025 VIC METRO",2025-03-19,2025-03-26,34,Patties Party Pack 30 Pack 1.25kg,12.6,18.0,5.4,30.0,save_amount,30 Pack; 1.25kg,$1.01 per 100g,SAVE*5.40 | WASS18 | Patties Party Pack 30 Pack 1.25kg | $1.01 per 100g | 2e@ 9 | 68 | « @ | =i.,95.39,False,,https://caau.syd1.cdn.digitaloceanspaces.com/wp-content/uploads/catalogue/coles/coles-catalogue-march-19-25-2025-vic-metro/34.jpg,https://www.catalogueau.com/coles/#catalogue=coles/coles-catalogue-march-19-25-2025-vic-metro/,save_was_arithmetic,displayed_price;save_was_arithmetic,2,verified
Coles,VIC METRO,"Coles Catalogue March 19 - 25, 2025 VIC METRO",2025-03-19,2025-03-26,34,McCain Rustica Pizza 335g-450g 2e@ 9,7.7,11.0,3.3,30.0,save_amount,335g; 450g,,SAVE*3.30 | WASS11 | McCain Rustica Pizza 335g-450g | 2e@ 9 | ica | =i. | UB STYLE,77.34,True,low_name_confidence_strict,https://caau.syd1.cdn.digitaloceanspaces.com/wp-content/uploads/catalogue/coles/coles-catalogue-march-19-25-2025-vic-metro/34.jpg,https://www.catalogueau.com/coles/#catalogue=coles/coles-catalogue-march-19-25-2025-vic-metro/,save_was_arithmetic,displayed_price;save_was_arithmetic,2,review
Coles,VIC METRO,"Coles Catalogue March 19 - 25, 2025 VIC METRO",2025-03-19,2025-03-26,34,Pacific West Cocktail Spring Roll Tkg,8.5,13.0,4.5,34.62,save_amount,,$0.85 per 100g,SAVE°4.50 | WASS13 | Pacific West Cocktail Spring Roll | Tkg $0.85 per 100g | Catalo | i | special,95.09,False,,https://caau.syd1.cdn.digitaloceanspaces.com/wp-content/uploads/catalogue/coles/coles-catalogue-march-19-25-2025-vic-metro/34.jpg,https://www.catalogueau.com/coles/#catalogue=coles/coles-catalogue-march-19-25-2025-vic-metro/,save_was_arithmetic,displayed_price;save_was_arithmetic,2,verified
Coles,VIC METRO,"Coles Catalogue March 19 - 25, 2025 VIC METRO",2025-03-19,2025-03-26,34,McCain Pub Style Fries 750g,4.2,6.0,1.8,30.0,save_amount,750g,$5.60 per kg,SAVE*1.80 | WASS6 | McCain Pub Style Fries 750g | $5.60 per kg,96.04,False,,https://caau.syd1.cdn.digitaloceanspaces.com/wp-content/uploads/catalogue/coles/coles-catalogue-march-19-25-2025-vic-metro/34.jpg,https://www.catalogueau.com/coles/#catalogue=coles/coles-catalogue-march-19-25-2025-vic-metro/,save_was_arithmetic,save_was_arithmetic;unit_price,2,verified
Coles,VIC METRO,"Coles Catalogue March 19 - 25, 2025 VIC METRO",2025-03-19,2025-03-26,34,Coles Simply Frozen Mixed Vegetables 1kg,2.8,,,,special,1kg,$2.80 per kg,"Coles Simply Frozen Mixed | Vegetables 1kg $2.80 per kg | Catalogue on sale Wed 19th Mar until Tue 25th Mar 2025 or until Tue 1st Apr where indicated. Selected | specials commenced Wed 12th Mar. Promotional prices commence 7am Wednesday and may commence or extend | beyond the advertised date. Promotional products and prices are not available on DoorDash, UberEats or at Coles Express,",95.34,True,offer_labels_missing;save_amount_missing;regular_price_missing;inferred_price_requires_review,https://caau.syd1.cdn.digitaloceanspaces.com/wp-content/uploads/catalogue/coles/coles-catalogue-march-19-25-2025-vic-metro/34.jpg,https://www.catalogueau.com/coles/#catalogue=coles/coles-catalogue-march-19-25-2025-vic-metro/,unit_price,grid_inference;unit_price,1,review
Coles,VIC METRO,"Coles Catalogue March 19 - 25, 2025 VIC METRO",2025-03-19,2025-03-26,34,Four'N Twenty Traditional Meat Pies 4 Pack 700g,6.9,,,,special,4 Pack; 700g,$0.99 per 100g,Four'N Twenty Traditional Meat Pies | 4 Pack 700g $0.99 per 100g. | 2nd week on sale | RUSTICA,94.66,False,,https://caau.syd1.cdn.digitaloceanspaces.com/wp-content/uploads/catalogue/coles/coles-catalogue-march-19-25-2025-vic-metro/34.jpg,https://www.catalogueau.com/coles/#catalogue=coles/coles-catalogue-march-19-25-2025-vic-metro/,displayed_price,displayed_price;unit_price,2,verified
Coles,VIC METRO,"Coles Catalogue March 19 - 25, 2025 VIC METRO",2025-03-19,2025-03-26,35,People Shampoo or Conditioner 350mL,8.0,16.0,8.0,50.0,half_price,350mL,$2.29 per 100mL,SAVES8 | WASSI6 | People Shampoo or | Conditioner 350mL | $2.29 per 100mL,94.51,False,,https://caau.syd1.cdn.digitaloceanspaces.com/wp-content/uploads/catalogue/coles/coles-catalogue-march-19-25-2025-vic-metro/35.jpg,https://www.catalogueau.com/coles/#catalogue=coles/coles-catalogue-march-19-25-2025-vic-metro/,save_was_arithmetic,displayed_price;save_was_arithmetic;unit_price,3,verified
Coles,VIC METRO,"Coles Catalogue March 19 - 25, 2025 VIC METRO",2025-03-19,2025-03-26,35,Pantene Shampoo or Conditioner 900mL,10.0,20.0,10.0,50.0,half_price,900mL,$1.11 per 100mL,SAVES10 | WAS$20 | Pantene Shampoo or | Conditioner 900mL | $1.11 per 100mL,94.54,False,,https://caau.syd1.cdn.digitaloceanspaces.com/wp-content/uploads/catalogue/coles/coles-catalogue-march-19-25-2025-vic-metro/35.jpg,https://www.catalogueau.com/coles/#catalogue=coles/coles-catalogue-march-19-25-2025-vic-metro/,save_was_arithmetic,displayed_price;save_was_arithmetic;unit_price,3,verified
Coles,VIC METRO,"Coles Catalogue March 19 - 25, 2025 VIC METRO",2025-03-19,2025-03-26,35,Sukin Shampoo or Conditioner 500mL,10.0,20.0,10.0,50.0,half_price,500mL,$2.00 per 100mL,SAVES10 | WAS$20 | Sukin Shampoo or Conditioner | 500mL $2.00 per 100mL,93.58,False,,https://caau.syd1.cdn.digitaloceanspaces.com/wp-content/uploads/catalogue/coles/coles-catalogue-march-19-25-2025-vic-metro/35.jpg,https://www.catalogueau.com/coles/#catalogue=coles/coles-catalogue-march-19-25-2025-vic-metro/,save_was_arithmetic,displayed_price;save_was_arithmetic;unit_price,3,verified
Coles,VIC METRO,"Coles Catalogue March 19 - 25, 2025 VIC METRO",2025-03-19,2025-03-26,35,Olay Complete SPF 15 Moisture Lotion or Sensitive Moisture Lotion 150mL,8.0,16.0,8.0,50.0,half_price,150mL,$5.33 per 100mL,SAVES8 | WASSI6 | Olay Complete SPF 15 | Moisture Lotion or Sensitive | Moisture Lotion 150mL | $5.33 per 100mL. | 2nd week on sale,95.16,False,,https://caau.syd1.cdn.digitaloceanspaces.com/wp-content/uploads/catalogue/coles/coles-catalogue-march-19-25-2025-vic-metro/35.jpg,https://www.catalogueau.com/coles/#catalogue=coles/coles-catalogue-march-19-25-2025-vic-metro/,save_was_arithmetic,displayed_price;save_was_arithmetic;unit_price,3,verified
Coles,VIC METRO,"Coles Catalogue March 19 - 25, 2025 VIC METRO",2025-03-19,2025-03-26,35,Olay Complete Rich Moisturising Cream 241g,16.0,32.0,16.0,50.0,half_price,241g,$6.64 per 100g,SAVESI6 | WAS$32 | Olay Complete Rich | Moisturising Cream 241g | $6.64 per 100g. | 2nd week on sale,96.41,False,,https://caau.syd1.cdn.digitaloceanspaces.com/wp-content/uploads/catalogue/coles/coles-catalogue-march-19-25-2025-vic-metro/35.jpg,https://www.catalogueau.com/coles/#catalogue=coles/coles-catalogue-march-19-25-2025-vic-metro/,save_was_arithmetic,displayed_price;save_was_arithmetic;unit_price,3,verified
Coles,VIC METRO,"Coles Catalogue March 19 - 25, 2025 VIC METRO",2025-03-19,2025-03-26,35,Olay Regenerist Micro Sculpting Night Cream 50g,30.0,60.0,30.0,50.0,half_price,50g,$60.00 per 100g,SAVES30 | WASS60 | Olay Regenerist Micro | Sculpting Night Cream 50g | $60.00 per 100g. | 2nd week on sale,95.28,False,,https://caau.syd1.cdn.digitaloceanspaces.com/wp-content/uploads/catalogue/coles/coles-catalogue-march-19-25-2025-vic-metro/35.jpg,https://www.catalogueau.com/coles/#catalogue=coles/coles-catalogue-march-19-25-2025-vic-metro/,save_was_arithmetic,displayed_price;save_was_arithmetic;unit_price,3,verified
Coles,VIC METRO,"Coles Catalogue March 19 - 25, 2025 VIC METRO",2025-03-19,2025-03-26,35,OC Naturals Shampoo or Conditioner 725mL,3.5,6.4,2.9,45.31,save_amount,725mL,$0.48 per 100mL,SAVE $2.90 | WAS$6.40 | OC Naturals Shampoo or | Conditioner 725mL $0.48 per 100mL | VIC-METRO-1903-25-345850,94.61,False,,https://caau.syd1.cdn.digitaloceanspaces.com/wp-content/uploads/catalogue/coles/coles-catalogue-march-19-25-2025-vic-metro/35.jpg,https://www.catalogueau.com/coles/#catalogue=coles/coles-catalogue-march-19-25-2025-vic-metro/,save_was_arithmetic,displayed_price;save_was_arithmetic;unit_price,3,verified
Coles,VIC METRO,"Coles Catalogue March 19 - 25, 2025 VIC METRO",2025-03-19,2025-03-26,35,Tresemmé Shampoo or Conditioner 940mL,11.0,16.0,5.0,31.25,save_amount,940mL,$1.17 per 100mL,SAVESS. | WASS16 | Tresemmé Shampoo or Conditioner | 940mL $1.17 per 100mL,92.67,True,single_price_evidence,https://caau.syd1.cdn.digitaloceanspaces.com/wp-content/uploads/catalogue/coles/coles-catalogue-march-19-25-2025-vic-metro/35.jpg,https://www.catalogueau.com/coles/#catalogue=coles/coles-catalogue-march-19-25-2025-vic-metro/,unit_price,unit_price,1,review
Coles,VIC METRO,"Coles Catalogue March 19 - 25, 2025 VIC METRO",2025-03-19,2025-03-26,35,Sunsilk Shampoo or Conditioner 350mL,4.5,6.5,2.0,30.77,save_amount,350mL,$1.29 per 100mL,WASS6.50 | WASS6.50 | Sunsilk Shampoo or Conditioner | 350mL $1.29 per 100mL | 35,94.2,False,,https://caau.syd1.cdn.digitaloceanspaces.com/wp-content/uploads/catalogue/coles/coles-catalogue-march-19-25-2025-vic-metro/35.jpg,https://www.catalogueau.com/coles/#catalogue=coles/coles-catalogue-march-19-25-2025-vic-metro/,displayed_price,displayed_price;unit_price,2,verified
Coles,VIC METRO,"Coles Catalogue March 19 - 25, 2025 VIC METRO",2025-03-19,2025-03-26,36,Hug: Ultra,30.0,39.0,9.0,23.08,save_amount,,,WAS$39 | WAS$39 | x | Hug: | Ultra | e- | Jumbo | Nappies 60 Pack-108 Pack,79.0,True,low_name_confidence_strict;single_price_evidence,https://caau.syd1.cdn.digitaloceanspaces.com/wp-content/uploads/catalogue/coles/coles-catalogue-march-19-25-2025-vic-metro/36.jpg,https://www.catalogueau.com/coles/#catalogue=coles/coles-catalogue-march-19-25-2025-vic-metro/,displayed_price,displayed_price,1,review
Coles,VIC METRO,"Coles Catalogue March 19 - 25, 2025 VIC METRO",2025-03-19,2025-03-26,36,"Huggies a"" CJ",8.4,14.0,5.6,40.0,save_amount,,,"WASS14 | WASS14 | | | Huggies | a"" CJ | Baby Wipes | ae | 216 Pack-240 Pack",47.96,True,low_ocr_confidence;low_name_confidence_strict;single_price_evidence,https://caau.syd1.cdn.digitaloceanspaces.com/wp-content/uploads/catalogue/coles/coles-catalogue-march-19-25-2025-vic-metro/36.jpg,https://www.catalogueau.com/coles/#catalogue=coles/coles-catalogue-march-19-25-2025-vic-metro/,displayed_price,displayed_price,1,review
Coles,VIC METRO,"Coles Catalogue March 19 - 25, 2025 VIC METRO",2025-03-19,2025-03-26,37,B.Box Sippy Cup for Kids 6 Months+ 1 Each,9.9,16.5,6.6,40.0,save_amount,,,B.Box Sippy Cup for Kids 6 Months+ 1 Each,94.68,True,offer_labels_missing;single_price_evidence,https://caau.syd1.cdn.digitaloceanspaces.com/wp-content/uploads/catalogue/coles/coles-catalogue-march-19-25-2025-vic-metro/37.jpg,https://www.catalogueau.com/coles/#catalogue=coles/coles-catalogue-march-19-25-2025-vic-metro/,displayed_price,displayed_price,1,review
Coles,VIC METRO,"Coles Catalogue March 19 - 25, 2025 VIC METRO",2025-03-19,2025-03-26,37,Huggies Ultra Dry Jumbo Nappies 60 Pack-108 Pack,30.0,39.0,9.0,23.08,save_amount,60 Pack; 108 Pack,,SAVES9 | WAS$39 | Huggies Ultra Dry Jumbo Nappies | 60 Pack-108 Pack | —,94.66,False,,https://caau.syd1.cdn.digitaloceanspaces.com/wp-content/uploads/catalogue/coles/coles-catalogue-march-19-25-2025-vic-metro/37.jpg,https://www.catalogueau.com/coles/#catalogue=coles/coles-catalogue-march-19-25-2025-vic-metro/,save_was_arithmetic,displayed_price;save_was_arithmetic,2,verified
Coles,VIC METRO,"Coles Catalogue March 19 - 25, 2025 VIC METRO",2025-03-19,2025-03-26,37,"Rafferty's Garden 4+ Months, 6+ Months",0.45,2.15,1.7,79.07,save_amount,,$1.08 per 100g,"Rafferty's Garden | 4+ Months, 6+ Months | or 8+ Months Baby Food | Pouch 120g | $1.08 per 100g",94.56,True,offer_labels_missing;single_price_evidence,https://caau.syd1.cdn.digitaloceanspaces.com/wp-content/uploads/catalogue/coles/coles-catalogue-march-19-25-2025-vic-metro/37.jpg,https://www.catalogueau.com/coles/#catalogue=coles/coles-catalogue-march-19-25-2025-vic-metro/,unknown,,0,review
Coles,VIC METRO,"Coles Catalogue March 19 - 25, 2025 VIC METRO",2025-03-19,2025-03-26,37,Huggies DryNites Night Time Pants 8 Pack-10 Pack,10.0,12.0,2.0,16.67,save_amount,8 Pack; 10 Pack,,SAVES2 | WASS12 | Huggies DryNites | Night Time Pants | 8 Pack-10 Pack | =,94.33,True,single_price_evidence,https://caau.syd1.cdn.digitaloceanspaces.com/wp-content/uploads/catalogue/coles/coles-catalogue-march-19-25-2025-vic-metro/37.jpg,https://www.catalogueau.com/coles/#catalogue=coles/coles-catalogue-march-19-25-2025-vic-metro/,save_was_arithmetic,save_was_arithmetic,1,review
Coles,VIC METRO,"Coles Catalogue March 19 - 25, 2025 VIC METRO",2025-03-19,2025-03-26,37,Rascals Premium Nappies 26 Pack-54 Pack,15.0,18.5,3.5,18.92,save_amount,26 Pack; 54 Pack,,SAVES3.50 | WAS$18.50 | Rascals Premium Nappies | 26 Pack-54 Pack | 2nd week on sale,94.9,False,,https://caau.syd1.cdn.digitaloceanspaces.com/wp-content/uploads/catalogue/coles/coles-catalogue-march-19-25-2025-vic-metro/37.jpg,https://www.catalogueau.com/coles/#catalogue=coles/coles-catalogue-march-19-25-2025-vic-metro/,save_was_arithmetic,displayed_price;save_was_arithmetic,2,verified
Coles,VIC METRO,"Coles Catalogue March 19 - 25, 2025 VIC METRO",2025-03-19,2025-03-26,37,Tooshies Baby Wipes 70 Pack,3.5,5.5,2.0,36.36,save_amount,70 Pack,$5.00 per 100 each,WASS$5.50 | WASS$5.50 | Tooshies Baby Wipes | 70 Pack | $5.00 per 100 each,79.0,True,low_name_confidence_strict,https://caau.syd1.cdn.digitaloceanspaces.com/wp-content/uploads/catalogue/coles/coles-catalogue-march-19-25-2025-vic-metro/37.jpg,https://www.catalogueau.com/coles/#catalogue=coles/coles-catalogue-march-19-25-2025-vic-metro/,displayed_price,displayed_price;unit_price,2,review
Coles,VIC METRO,"Coles Catalogue March 19 - 25, 2025 VIC METRO",2025-03-19,2025-03-26,37,Libra Girl Teen Period Brief Black Size,13.65,19.5,5.85,30.0,save_amount,,,SAVES5.85 | WAS$19.50 | Libra Girl Teen | Period Brief Black Size | 12-14 or Period Hipster | Medium Size M 1 Pack | 37,96.66,False,,https://caau.syd1.cdn.digitaloceanspaces.com/wp-content/uploads/catalogue/coles/coles-catalogue-march-19-25-2025-vic-metro/37.jpg,https://www.catalogueau.com/coles/#catalogue=coles/coles-catalogue-march-19-25-2025-vic-metro/,save_was_arithmetic,displayed_price;save_was_arithmetic,2,verified
Coles,VIC METRO,"Coles Catalogue March 19 - 25, 2025 VIC METRO",2025-03-19,2025-03-26,37,Poise Liners for Bladder Leaks Regular 26 Pack or Extra Long 22 Pack,4.0,6.0,2.0,33.33,save_amount,26 Pack; 22 Pack,,SAVE*2 | WASS6 | Poise Liners for Bladder | Leaks Regular 26 Pack | or Extra Long 22 Pack | 37,96.51,False,,https://caau.syd1.cdn.digitaloceanspaces.com/wp-content/uploads/catalogue/coles/coles-catalogue-march-19-25-2025-vic-metro/37.jpg,https://www.catalogueau.com/coles/#catalogue=coles/coles-catalogue-march-19-25-2025-vic-metro/,save_was_arithmetic,displayed_price;save_was_arithmetic,2,verified
Coles,VIC METRO,"Coles Catalogue March 19 - 25, 2025 VIC METRO",2025-03-19,2025-03-26,37,"Oli6 Goat Milk Formula Stage 1,2 or 3 800g",33.5,39.5,6.0,15.19,save_amount,800g,$4.19 per 100g,"SAVE 56 | WAS$39.50 | Oli6 Goat Milk Formula | Stage 1,2 or 3 800g | $4.19 per 100g",92.37,False,,https://caau.syd1.cdn.digitaloceanspaces.com/wp-content/uploads/catalogue/coles/coles-catalogue-march-19-25-2025-vic-metro/37.jpg,https://www.catalogueau.com/coles/#catalogue=coles/coles-catalogue-march-19-25-2025-vic-metro/,save_was_arithmetic,displayed_price;save_was_arithmetic;unit_price,3,verified
Coles,VIC METRO,"Coles Catalogue March 19 - 25, 2025 VIC METRO",2025-03-19,2025-03-26,37,Libra Ultra Thin Pads With Wings Regular 14 Pack or Super 12 Pack,20.0,,,,special,14 Pack; 12 Pack,,Libra Ultra Thin Pads With | Wings Regular 14 Pack | or Super 12 Pack | VIC-METRO-1903-25-345850,96.21,True,offer_labels_missing;save_amount_missing;regular_price_missing;inferred_price_requires_review,https://caau.syd1.cdn.digitaloceanspaces.com/wp-content/uploads/catalogue/coles/coles-catalogue-march-19-25-2025-vic-metro/37.jpg,https://www.catalogueau.com/coles/#catalogue=coles/coles-catalogue-march-19-25-2025-vic-metro/,displayed_price,displayed_price;grid_inference,1,review
Coles,VIC METRO,"Coles Catalogue March 19 - 25, 2025 VIC METRO",2025-03-19,2025-03-26,38,Lynx Antiperspirant Aerosol Deodorant or Body Spray 165mL,5.5,8.0,2.5,31.25,save_amount,165mL,$3.33 per 100mL,WASS8 | WASS8 | Lynx Antiperspirant Aerosol | Deodorant or Body Spray 165mL | $3.33 per 100mL,94.28,True,single_price_evidence,https://caau.syd1.cdn.digitaloceanspaces.com/wp-content/uploads/catalogue/coles/coles-catalogue-march-19-25-2025-vic-metro/38.jpg,https://www.catalogueau.com/coles/#catalogue=coles/coles-catalogue-march-19-25-2025-vic-metro/,unit_price,unit_price,1,review
Coles,VIC METRO,"Coles Catalogue March 19 - 25, 2025 VIC METRO",2025-03-19,2025-03-26,38,Rexona Clinical Protection Antiperspirant Deodorant 45mL,9.5,14.0,4.5,32.14,save_amount,45mL,$21.11 per 100mL,WASS14 | WASS14 | Rexona Clinical Protection | Antiperspirant Deodorant 45mL | $21.11 per 100mL | py,93.99,False,,https://caau.syd1.cdn.digitaloceanspaces.com/wp-content/uploads/catalogue/coles/coles-catalogue-march-19-25-2025-vic-metro/38.jpg,https://www.catalogueau.com/coles/#catalogue=coles/coles-catalogue-march-19-25-2025-vic-metro/,displayed_price,displayed_price;unit_price,2,verified
Coles,VIC METRO,"Coles Catalogue March 19 - 25, 2025 VIC METRO",2025-03-19,2025-03-26,38,Schick Quattro 4 Titanium Razor Kit with 5 Refill Blades 1 Pack,8.5,17.0,8.5,50.0,half_price,1 Pack,,WASS17 | WASS17 | Schick Quattro 4 Titanium Razor | Kit with 5 Refill Blades 1 Pack,95.82,True,inferred_price_requires_review,https://caau.syd1.cdn.digitaloceanspaces.com/wp-content/uploads/catalogue/coles/coles-catalogue-march-19-25-2025-vic-metro/38.jpg,https://www.catalogueau.com/coles/#catalogue=coles/coles-catalogue-march-19-25-2025-vic-metro/,page_discount_inference,page_discount,0,review
Coles,VIC METRO,"Coles Catalogue March 19 - 25, 2025 VIC METRO",2025-03-19,2025-03-26,38,Palmolive Naturals Body Wash 1 Litre,7.0,12.0,5.0,41.67,save_amount,1 Litre,$0.70 per 100mL,WASS12 | WASS12 | Palmolive Naturals Body Wash | 1 Litre $0.70 per 100mL | *«¢,94.9,False,,https://caau.syd1.cdn.digitaloceanspaces.com/wp-content/uploads/catalogue/coles/coles-catalogue-march-19-25-2025-vic-metro/38.jpg,https://www.catalogueau.com/coles/#catalogue=coles/coles-catalogue-march-19-25-2025-vic-metro/,displayed_price,displayed_price;unit_price,2,verified
Coles,VIC METRO,"Coles Catalogue March 19 - 25, 2025 VIC METRO",2025-03-19,2025-03-26,38,Glow Lab Body Wash 900mL,10.55,18.0,7.45,41.39,save_amount,900mL,$1.17 per 100mL,WASS18 | WASS18 | Glow Lab Body Wash 900mL | $1.17 per 100mL | net,94.89,True,single_price_evidence,https://caau.syd1.cdn.digitaloceanspaces.com/wp-content/uploads/catalogue/coles/coles-catalogue-march-19-25-2025-vic-metro/38.jpg,https://www.catalogueau.com/coles/#catalogue=coles/coles-catalogue-march-19-25-2025-vic-metro/,unit_price,unit_price,1,review
Coles,VIC METRO,"Coles Catalogue March 19 - 25, 2025 VIC METRO",2025-03-19,2025-03-26,38,Revlon ColorStay Brow Pencil 0.35g,12.0,24.0,12.0,50.0,half_price,0.35g,,WAS$24 | WAS$24 | Revlon ColorStay Brow Pencil 0.35g | $471.43 per 10g,91.72,True,inferred_price_requires_review,https://caau.syd1.cdn.digitaloceanspaces.com/wp-content/uploads/catalogue/coles/coles-catalogue-march-19-25-2025-vic-metro/38.jpg,https://www.catalogueau.com/coles/#catalogue=coles/coles-catalogue-march-19-25-2025-vic-metro/,page_discount_inference,page_discount,0,review
Coles,VIC METRO,"Coles Catalogue March 19 - 25, 2025 VIC METRO",2025-03-19,2025-03-26,38,original Dove Advanced Care,5.75,11.5,5.75,50.0,half_price,,$2.30 per 100mL,WASS11.50 | WASS11.50 | original | Dove Advanced Care | Antiperspirant Aerosol Deodorant | wegen | 250mL $2.30 per 100mL | T&Cs apply. AU res 18+. Starts: 26/2/25. Ends: 11:59pm AEDT 25/3/25. 1 entry p/transaction & Max 1,81.34,True,inferred_price_requires_review,https://caau.syd1.cdn.digitaloceanspaces.com/wp-content/uploads/catalogue/coles/coles-catalogue-march-19-25-2025-vic-metro/38.jpg,https://www.catalogueau.com/coles/#catalogue=coles/coles-catalogue-march-19-25-2025-vic-metro/,displayed_price,displayed_price;page_discount,1,review
Coles,VIC METRO,"Coles Catalogue March 19 - 25, 2025 VIC METRO",2025-03-19,2025-03-26,39,4 Legs Natural + Wellness Boost Meatball Dog Food Tray 870g,6.2,780.0,773.8,99.21,save_amount,870g,$0.71 per 100,WAS$780 | WAS$780 | 4 Legs Natural + Wellness Boost | Meatball Dog Food Tray 870g | $0.71 per 100 | From the chilled pet food fridge,92.22,True,single_price_evidence,https://caau.syd1.cdn.digitaloceanspaces.com/wp-content/uploads/catalogue/coles/coles-catalogue-march-19-25-2025-vic-metro/39.jpg,https://www.catalogueau.com/coles/#catalogue=coles/coles-catalogue-march-19-25-2025-vic-metro/,unit_price,unit_price,1,review
Coles,VIC METRO,"Coles Catalogue March 19 - 25, 2025 VIC METRO",2025-03-19,2025-03-26,39,Bow Wow Dog Treats Pigs Ears 5 Pack,11.2,16.0,4.8,30.0,save_amount,5 Pack,$2.24 per each,WASS16 | WASS16 | Bow Wow Dog Treats Pigs Ears | 5 Pack $2.24 per each,95.94,True,single_price_evidence,https://caau.syd1.cdn.digitaloceanspaces.com/wp-content/uploads/catalogue/coles/coles-catalogue-march-19-25-2025-vic-metro/39.jpg,https://www.catalogueau.com/coles/#catalogue=coles/coles-catalogue-march-19-25-2025-vic-metro/,unit_price,unit_price,1,review
Coles,VIC METRO,"Coles Catalogue March 19 - 25, 2025 VIC METRO",2025-03-19,2025-03-26,39,Felix Cat Food 12x85g,9.0,14.5,5.5,37.93,save_amount,12x85g,$0.88 per 100g,WASS14.50 | WASS14.50 | Felix Cat Food 12x85g | $0.88 per 100g | ilies al,93.63,False,,https://caau.syd1.cdn.digitaloceanspaces.com/wp-content/uploads/catalogue/coles/coles-catalogue-march-19-25-2025-vic-metro/39.jpg,https://www.catalogueau.com/coles/#catalogue=coles/coles-catalogue-march-19-25-2025-vic-metro/,displayed_price,displayed_price;unit_price,2,verified
Coles,VIC METRO,"Coles Catalogue March 19 - 25, 2025 VIC METRO",2025-03-19,2025-03-26,39,My Dog Dog Food Tray 100g,1.2,1.8,0.6,33.33,save_amount,100g,$1.20 per 100g,WASS1.80 | WASS1.80 | My Dog Dog Food Tray 100g | $1.20 per 100g | Excludes My Dog Shredded,96.17,False,,https://caau.syd1.cdn.digitaloceanspaces.com/wp-content/uploads/catalogue/coles/coles-catalogue-march-19-25-2025-vic-metro/39.jpg,https://www.catalogueau.com/coles/#catalogue=coles/coles-catalogue-march-19-25-2025-vic-metro/,displayed_price,displayed_price;unit_price,2,verified
Coles,VIC METRO,"Coles Catalogue March 19 - 25, 2025 VIC METRO",2025-03-19,2025-03-26,39,Pedigree Dry Dog Food 2.5kg-3kg,10.0,15.0,5.0,33.33,save_amount,2.5kg; 3kg,,WASS15 | WASS15 | Pedigree Dry Dog Food | 2.5kg-3kg | TExcludes clearance items,94.26,True,single_price_evidence,https://caau.syd1.cdn.digitaloceanspaces.com/wp-content/uploads/catalogue/coles/coles-catalogue-march-19-25-2025-vic-metro/39.jpg,https://www.catalogueau.com/coles/#catalogue=coles/coles-catalogue-march-19-25-2025-vic-metro/,displayed_price,displayed_price,1,review
Coles,VIC METRO,"Coles Catalogue March 19 - 25, 2025 VIC METRO",2025-03-19,2025-03-26,39,Supercoat Dry Dog Food 6.7kg-7kg,27.0,36.0,9.0,25.0,save_amount,6.7kg; 7kg,,‘WAS $36 | ‘WAS $36 | Supercoat Dry Dog Food | 6.7kg-7kg,93.4,True,single_price_evidence,https://caau.syd1.cdn.digitaloceanspaces.com/wp-content/uploads/catalogue/coles/coles-catalogue-march-19-25-2025-vic-metro/39.jpg,https://www.catalogueau.com/coles/#catalogue=coles/coles-catalogue-march-19-25-2025-vic-metro/,displayed_price,displayed_price,1,review
Coles,VIC METRO,"Coles Catalogue March 19 - 25, 2025 VIC METRO",2025-03-19,2025-03-26,39,) Finish Ultimate Plus Dishwashing Tablets 64 Pack,34.0,68.0,34.0,50.0,half_price,64 Pack,$0.53 per each,WASS68 | WASS68 | ) Finish Ultimate Plus | Dishwashing Tablets | 64 Pack $0.53 per each | z) | —,95.62,True,single_price_evidence,https://caau.syd1.cdn.digitaloceanspaces.com/wp-content/uploads/catalogue/coles/coles-catalogue-march-19-25-2025-vic-metro/39.jpg,https://www.catalogueau.com/coles/#catalogue=coles/coles-catalogue-march-19-25-2025-vic-metro/,displayed_price,displayed_price,1,review
Coles,VIC METRO,"Coles Catalogue March 19 - 25, 2025 VIC METRO",2025-03-19,2025-03-26,39,Finish Rinse & Shine Aid 500mL,5.0,11.5,6.5,56.52,save_amount,500mL,,WASS11.50 | WASS11.50 | Finish Rinse & | Shine Aid 500mL | $1.15 per.100mL | ADVERT | MOTION | a,94.28,True,single_price_evidence,https://caau.syd1.cdn.digitaloceanspaces.com/wp-content/uploads/catalogue/coles/coles-catalogue-march-19-25-2025-vic-metro/39.jpg,https://www.catalogueau.com/coles/#catalogue=coles/coles-catalogue-march-19-25-2025-vic-metro/,displayed_price,displayed_price,1,review
Coles,VIC METRO,"Coles Catalogue March 19 - 25, 2025 VIC METRO",2025-03-19,2025-03-26,39,= Finish Ultimate Dishwashing Tablets 46 Pack,24.5,49.0,24.5,50.0,half_price,46 Pack,$0.53 per each,‘WAS S49 | ‘WAS S49 | = | Finish Ultimate Dishwashing | Tablets 46 Pack $0.53 per each | MOTION,79.0,True,low_name_confidence_strict;single_price_evidence,https://caau.syd1.cdn.digitaloceanspaces.com/wp-content/uploads/catalogue/coles/coles-catalogue-march-19-25-2025-vic-metro/39.jpg,https://www.catalogueau.com/coles/#catalogue=coles/coles-catalogue-march-19-25-2025-vic-metro/,displayed_price,displayed_price,1,review
Coles,VIC METRO,"Coles Catalogue March 19 - 25, 2025 VIC METRO",2025-03-19,2025-03-26,40,Fluffy Concentrated Fabric Conditioner 2 Litre,8.0,116.0,108.0,93.1,save_amount,2 Litre,$4.00 per litre,SAVES8 | WASSI16 | Fluffy Concentrated | Fabric Conditioner 2 Litre | $4.00 per litre,96.6,False,,https://caau.syd1.cdn.digitaloceanspaces.com/wp-content/uploads/catalogue/coles/coles-catalogue-march-19-25-2025-vic-metro/40.jpg,https://www.catalogueau.com/coles/#catalogue=coles/coles-catalogue-march-19-25-2025-vic-metro/,displayed_price,displayed_price;unit_price,2,verified
Coles,VIC METRO,"Coles Catalogue March 19 - 25, 2025 VIC METRO",2025-03-19,2025-03-26,40,Radiant Laundry Capsules 28 Pack,11.0,22.0,11.0,50.0,half_price,28 Pack,$0.39 per each,SAVES11 | Radiant Laundry Capsules | 28 Pack $0.39 per each,96.63,True,single_price_evidence,https://caau.syd1.cdn.digitaloceanspaces.com/wp-content/uploads/catalogue/coles/coles-catalogue-march-19-25-2025-vic-metro/40.jpg,https://www.catalogueau.com/coles/#catalogue=coles/coles-catalogue-march-19-25-2025-vic-metro/,displayed_price,displayed_price,1,review
Coles,VIC METRO,"Coles Catalogue March 19 - 25, 2025 VIC METRO",2025-03-19,2025-03-26,40,Pine O Cleen Anti-Bacterial Laundry Sanitiser 2 Litre,11.25,22.5,11.25,50.0,half_price,2 Litre,$5.63 per litre,SAVE511.25 | WAS$22.50 | Pine O Cleen Anti-Bacterial | Laundry Sanitiser 2 Litre | $5.63 per litre,93.72,True,single_price_evidence,https://caau.syd1.cdn.digitaloceanspaces.com/wp-content/uploads/catalogue/coles/coles-catalogue-march-19-25-2025-vic-metro/40.jpg,https://www.catalogueau.com/coles/#catalogue=coles/coles-catalogue-march-19-25-2025-vic-metro/,unit_price,unit_price,1,review
Coles,VIC METRO,"Coles Catalogue March 19 - 25, 2025 VIC METRO",2025-03-19,2025-03-26,40,Sorbent 2-Ply Extra Thick & Large Facial Tissues 95 Pack,1.0,2.2,1.2,54.55,save_amount,95 Pack,$1.84 per 100,SAVE 45‘ | WASS2.20 | Sorbent 2-Ply Extra Thick & Large Facial Tissues | 95 Pack $1.84 per 100 sheets,95.68,True,single_price_evidence,https://caau.syd1.cdn.digitaloceanspaces.com/wp-content/uploads/catalogue/coles/coles-catalogue-march-19-25-2025-vic-metro/40.jpg,https://www.catalogueau.com/coles/#catalogue=coles/coles-catalogue-march-19-25-2025-vic-metro/,displayed_price,displayed_price,1,review
Coles,VIC METRO,"Coles Catalogue March 19 - 25, 2025 VIC METRO",2025-03-19,2025-03-26,40,Mortein Fast Knockdown Multi Insect Spray 300g,7.0,10.0,3.0,30.0,save_amount,300g,$2.33 per 100g,SAVES3 | WASS10 | Mortein Fast Knockdown Multi Insect Spray | 300g $2.33 per 100g | Doowrtss: | 3,95.63,False,,https://caau.syd1.cdn.digitaloceanspaces.com/wp-content/uploads/catalogue/coles/coles-catalogue-march-19-25-2025-vic-metro/40.jpg,https://www.catalogueau.com/coles/#catalogue=coles/coles-catalogue-march-19-25-2025-vic-metro/,save_was_arithmetic,displayed_price;save_was_arithmetic;unit_price,3,verified
Coles,VIC METRO,"Coles Catalogue March 19 - 25, 2025 VIC METRO",2025-03-19,2025-03-26,40,Sorbent 3-Ply Silky White Toilet Tissue 16 Pack,7.0,14.0,7.0,50.0,half_price,16 Pack,$0.30 per 100,WAS$14 | WAS$14 | Sorbent 3-Ply Silky White Toilet | Tissue 16 Pack $0.30 per 100 sheets,95.91,True,inferred_price_requires_review,https://caau.syd1.cdn.digitaloceanspaces.com/wp-content/uploads/catalogue/coles/coles-catalogue-march-19-25-2025-vic-metro/40.jpg,https://www.catalogueau.com/coles/#catalogue=coles/coles-catalogue-march-19-25-2025-vic-metro/,page_discount_inference,page_discount,0,review
Coles,VIC METRO,"Coles Catalogue March 19 - 25, 2025 VIC METRO",2025-03-19,2025-03-26,40,Mortein PowerGard Multi-Insect Automatic Spray Indoor & Outdoor 1 Pack,28.0,40.0,12.0,30.0,save_amount,1 Pack,,SAVES12 | WASS40 | Mortein PowerGard Multi-Insect | Automatic Spray Indoor & | Outdoor 1 Pack | 40,92.28,False,,https://caau.syd1.cdn.digitaloceanspaces.com/wp-content/uploads/catalogue/coles/coles-catalogue-march-19-25-2025-vic-metro/40.jpg,https://www.catalogueau.com/coles/#catalogue=coles/coles-catalogue-march-19-25-2025-vic-metro/,save_was_arithmetic,displayed_price;save_was_arithmetic,2,verified
Coles,VIC METRO,"Coles Catalogue March 19 - 25, 2025 VIC METRO",2025-03-19,2025-03-26,40,Coles Ultra Advanced Dishwasher Tablets 40 Pack,6.0,,,,down_down,40 Pack,$0.15 per each,Coles Ultra Advanced Dishwasher | Tablets 40 Pack $0.15 per each | VIC-METRO-1903-25-345850,96.24,True,save_amount_missing;regular_price_missing;single_price_evidence,https://caau.syd1.cdn.digitaloceanspaces.com/wp-content/uploads/catalogue/coles/coles-catalogue-march-19-25-2025-vic-metro/40.jpg,https://www.catalogueau.com/coles/#catalogue=coles/coles-catalogue-march-19-25-2025-vic-metro/,displayed_price,displayed_price,1,review
Coles,VIC METRO,"Coles Catalogue March 19 - 25, 2025 VIC METRO",2025-03-19,2025-03-26,41,Bonds Men's Hipster Brief 5 Pack Assorted sizes & colours,16.0,32.0,16.0,50.0,half_price,5 Pack,,SAVES16 | WAS$32 | Bonds Men's Hipster Brief | 5 Pack Assorted sizes & colours,96.05,False,,https://caau.syd1.cdn.digitaloceanspaces.com/wp-content/uploads/catalogue/coles/coles-catalogue-march-19-25-2025-vic-metro/41.jpg,https://www.catalogueau.com/coles/#catalogue=coles/coles-catalogue-march-19-25-2025-vic-metro/,save_was_arithmetic,displayed_price;save_was_arithmetic,2,verified
Coles,VIC METRO,"Coles Catalogue March 19 - 25, 2025 VIC METRO",2025-03-19,2025-03-26,41,Bonds Women's Logo %4 Crew Socks 3 Pack Assorted sizes,8.0,16.0,8.0,50.0,half_price,3 Pack,,"SAVES8 | WASSI6 | Bonds Women's Logo %4 Crew | Socks 3 Pack Assorted sizes | & colours | TExcludes Bonds Baby, Nappies, Period and Continence Underwear, Every Day, Down Down & clearance items",93.46,False,,https://caau.syd1.cdn.digitaloceanspaces.com/wp-content/uploads/catalogue/coles/coles-catalogue-march-19-25-2025-vic-metro/41.jpg,https://www.catalogueau.com/coles/#catalogue=coles/coles-catalogue-march-19-25-2025-vic-metro/,save_was_arithmetic,displayed_price;save_was_arithmetic,2,verified
Coles,VIC METRO,"Coles Catalogue March 19 - 25, 2025 VIC METRO",2025-03-19,2025-03-26,41,Bonds Women's Logo if,8.0,16.0,8.0,50.0,half_price,,,SAVES8 | WASS16 | Bonds Women's Logo | if | u | h | tweight No Show Socks | cack Assorted sizes & colours,79.0,True,low_name_confidence_strict,https://caau.syd1.cdn.digitaloceanspaces.com/wp-content/uploads/catalogue/coles/coles-catalogue-march-19-25-2025-vic-metro/41.jpg,https://www.catalogueau.com/coles/#catalogue=coles/coles-catalogue-march-19-25-2025-vic-metro/,save_was_arithmetic,displayed_price;save_was_arithmetic,2,review
Coles,VIC METRO,"Coles Catalogue March 19 - 25, 2025 VIC METRO",2025-03-19,2025-03-26,41,Brita Water Filter Maxtra Pro Pure Performance 2 Pack,24.5,30.0,5.5,18.33,save_amount,2 Pack,$12.25 per each,"SAVE: 5,50 | Brita Water Filter Maxtra Pro | Pure Performance 2 Pack | $12.25 per each",95.8,True,single_price_evidence,https://caau.syd1.cdn.digitaloceanspaces.com/wp-content/uploads/catalogue/coles/coles-catalogue-march-19-25-2025-vic-metro/41.jpg,https://www.catalogueau.com/coles/#catalogue=coles/coles-catalogue-march-19-25-2025-vic-metro/,unit_price,unit_price,1,review
Coles,VIC METRO,"Coles Catalogue March 19 - 25, 2025 VIC METRO",2025-03-19,2025-03-26,41,Duracell Coppertop Batteries AA or AAA 20 Pack,20.0,29.0,9.0,31.03,save_amount,20 Pack,$1.00 per each,SAVES9 | WAS$29 | Duracell Coppertop Batteries AA | or AAA 20 Pack $1.00 per each,95.39,False,,https://caau.syd1.cdn.digitaloceanspaces.com/wp-content/uploads/catalogue/coles/coles-catalogue-march-19-25-2025-vic-metro/41.jpg,https://www.catalogueau.com/coles/#catalogue=coles/coles-catalogue-march-19-25-2025-vic-metro/,save_was_arithmetic,displayed_price;save_was_arithmetic,2,verified
Coles,VIC METRO,"Coles Catalogue March 19 - 25, 2025 VIC METRO",2025-03-19,2025-03-26,41,Sistema Klip It Plus Container 3.35 Litre,5.0,10.0,5.0,50.0,half_price,3.35 Litre,$5.00 per each,WASS10 | WASS10 | Sistema Klip It Plus Container | 3.35 Litre $5.00 per each | Gs | ea | Cat,95.54,False,,https://caau.syd1.cdn.digitaloceanspaces.com/wp-content/uploads/catalogue/coles/coles-catalogue-march-19-25-2025-vic-metro/41.jpg,https://www.catalogueau.com/coles/#catalogue=coles/coles-catalogue-march-19-25-2025-vic-metro/,displayed_price,displayed_price;page_discount;unit_price,2,verified
Coles,VIC METRO,"Coles Catalogue March 19 - 25, 2025 VIC METRO",2025-03-19,2025-03-26,41,AFL Coaster 4 Pack TCN Him and,8.0,,,,special,4 Pack,,AFL Coaster 4 Pack | TCN Him and,94.88,True,offer_labels_missing;save_amount_missing;regular_price_missing;product_name_suspicious;single_price_evidence,https://caau.syd1.cdn.digitaloceanspaces.com/wp-content/uploads/catalogue/coles/coles-catalogue-march-19-25-2025-vic-metro/41.jpg,https://www.catalogueau.com/coles/#catalogue=coles/coles-catalogue-march-19-25-2025-vic-metro/,displayed_price,displayed_price,1,review
Coles,VIC METRO,"Coles Catalogue March 19 - 25, 2025 VIC METRO",2025-03-19,2025-03-26,41,AFL Magnetic Ladder While stocks last. No rainchecks,8.0,,,,special,,,AFL Magnetic Ladder | While stocks last. No rainchecks | S | TCN Him and,95.52,True,offer_labels_missing;save_amount_missing;regular_price_missing;single_price_evidence,https://caau.syd1.cdn.digitaloceanspaces.com/wp-content/uploads/catalogue/coles/coles-catalogue-march-19-25-2025-vic-metro/41.jpg,https://www.catalogueau.com/coles/#catalogue=coles/coles-catalogue-march-19-25-2025-vic-metro/,displayed_price,displayed_price,1,review
Coles,VIC METRO,"Coles Catalogue March 19 - 25, 2025 VIC METRO",2025-03-19,2025-03-26,41,AFL Logo Sticker JU,5.0,,,,special,,,AFL Logo Sticker | JU | o=— aA | er es,79.0,True,offer_labels_missing;save_amount_missing;regular_price_missing;low_name_confidence_strict;single_price_evidence,https://caau.syd1.cdn.digitaloceanspaces.com/wp-content/uploads/catalogue/coles/coles-catalogue-march-19-25-2025-vic-metro/41.jpg,https://www.catalogueau.com/coles/#catalogue=coles/coles-catalogue-march-19-25-2025-vic-metro/,displayed_price,displayed_price,1,review
Coles,VIC METRO,"Coles Catalogue March 19 - 25, 2025 VIC METRO",2025-03-19,2025-03-26,41,purchases via Cards not liste,10.0,,,,special,,,purchases via | Cards not liste | VIC-METRO-1903-25-345850,79.0,True,offer_labels_missing;save_amount_missing;regular_price_missing;low_name_confidence_strict;single_price_evidence,https://caau.syd1.cdn.digitaloceanspaces.com/wp-content/uploads/catalogue/coles/coles-catalogue-march-19-25-2025-vic-metro/41.jpg,https://www.catalogueau.com/coles/#catalogue=coles/coles-catalogue-march-19-25-2025-vic-metro/,displayed_price,displayed_price,1,review
Coles,VIC METRO,"Coles Catalogue March 19 - 25, 2025 VIC METRO",2025-03-19,2025-03-26,42,amaysim,10.0,,,,special,,,amaysim | $30 Starter Pack | + 32GB + 18GB bonus data | first 3 renewals,92.57,True,offer_labels_missing;save_amount_missing;regular_price_missing;single_price_evidence,https://caau.syd1.cdn.digitaloceanspaces.com/wp-content/uploads/catalogue/coles/coles-catalogue-march-19-25-2025-vic-metro/42.jpg,https://www.catalogueau.com/coles/#catalogue=coles/coles-catalogue-march-19-25-2025-vic-metro/,displayed_price,displayed_price,1,review
Coles,VIC METRO,"Coles Catalogue March 19 - 25, 2025 VIC METRO",2025-03-19,2025-03-26,42,Vodafone,12.0,,,,special,,,Vodafone | $35 Starter Pack | + 25GB + 35GB bonus | data first 6 recharges,96.51,True,offer_labels_missing;save_amount_missing;regular_price_missing;single_price_evidence,https://caau.syd1.cdn.digitaloceanspaces.com/wp-content/uploads/catalogue/coles/coles-catalogue-march-19-25-2025-vic-metro/42.jpg,https://www.catalogueau.com/coles/#catalogue=coles/coles-catalogue-march-19-25-2025-vic-metro/,displayed_price,displayed_price,1,review
Coles,VIC METRO,"Coles Catalogue March 19 - 25, 2025 VIC METRO",2025-03-19,2025-03-26,44,"T-Lite *1.77"" display",39.0,59.0,20.0,33.9,save_amount,,,"SAVES20 | WASS59 | T-Lite | *1.77"" display | +Rear camera | + 128MB internal | memory",82.81,True,single_price_evidence,https://caau.syd1.cdn.digitaloceanspaces.com/wp-content/uploads/catalogue/coles/coles-catalogue-march-19-25-2025-vic-metro/44.jpg,https://www.catalogueau.com/coles/#catalogue=coles/coles-catalogue-march-19-25-2025-vic-metro/,save_was_arithmetic,save_was_arithmetic,1,review
Coles,VIC METRO,"Coles Catalogue March 19 - 25, 2025 VIC METRO",2025-03-19,2025-03-26,44,"Nokia C22 +6.5"" HD+",159.0,179.0,20.0,11.17,save_amount,,,"WASS179 | WASS179 | Nokia C22 | +6.5"" HD+ | LCD display | +Dual rear camera | (I3MP + 2MP) + | 8MP front camera",88.61,True,single_price_evidence,https://caau.syd1.cdn.digitaloceanspaces.com/wp-content/uploads/catalogue/coles/coles-catalogue-march-19-25-2025-vic-metro/44.jpg,https://www.catalogueau.com/coles/#catalogue=coles/coles-catalogue-march-19-25-2025-vic-metro/,displayed_price,displayed_price,1,review
Coles,VIC METRO,"Coles Catalogue March 19 - 25, 2025 VIC METRO",2025-03-19,2025-03-26,44,"Motorola G34 5G *6.5"" 120Hz",199.0,229.0,30.0,13.1,save_amount,5G,,"SAVES30 | WAS$229 | Motorola G34 5G | *6.5"" 120Hz | HD LCD display | «Dual rear camera | (OMP + 2MP) | + 16MP front",83.37,False,,https://caau.syd1.cdn.digitaloceanspaces.com/wp-content/uploads/catalogue/coles/coles-catalogue-march-19-25-2025-vic-metro/44.jpg,https://www.catalogueau.com/coles/#catalogue=coles/coles-catalogue-march-19-25-2025-vic-metro/,save_was_arithmetic,displayed_price;save_was_arithmetic,2,verified
Coles,VIC METRO,"Coles Catalogue March 19 - 25, 2025 VIC METRO",2025-03-19,2025-03-26,44,Mobile SIM Belong,22.0,45.0,23.0,51.11,save_amount,,,SAVE‘23 | WASS45 | Mobile SIM | Belong $45 | Starter Pack | Trust your network | «Includes SIM | Boot dun,92.68,False,,https://caau.syd1.cdn.digitaloceanspaces.com/wp-content/uploads/catalogue/coles/coles-catalogue-march-19-25-2025-vic-metro/44.jpg,https://www.catalogueau.com/coles/#catalogue=coles/coles-catalogue-march-19-25-2025-vic-metro/,save_was_arithmetic,displayed_price;save_was_arithmetic,2,verified
Coles,VIC METRO,"Coles Catalogue March 19 - 25, 2025 VIC METRO",2025-03-19,2025-03-26,44,Telstra Pre-Paid 4GX Wi-Fi Plus 2,2.0,,,,special,,,4 | Telstra Pre-Paid | 4GX Wi-Fi Plus 2,93.64,True,offer_labels_missing;save_amount_missing;regular_price_missing;single_price_evidence,https://caau.syd1.cdn.digitaloceanspaces.com/wp-content/uploads/catalogue/coles/coles-catalogue-march-19-25-2025-vic-metro/44.jpg,https://www.catalogueau.com/coles/#catalogue=coles/coles-catalogue-march-19-25-2025-vic-metro/,displayed_price,displayed_price,1,review
Coles,VIC METRO,"Coles Catalogue March 19 - 25, 2025 VIC METRO",2025-03-19,2025-03-26,44,Belong,22.0,45.0,23.0,51.11,save_amount,,,"Belong $45 | Starter Pack | «Includes SIM | Boot dun | card, 100GB + | Unlimited calls",96.78,True,offer_labels_missing;single_price_evidence,https://caau.syd1.cdn.digitaloceanspaces.com/wp-content/uploads/catalogue/coles/coles-catalogue-march-19-25-2025-vic-metro/44.jpg,https://www.catalogueau.com/coles/#catalogue=coles/coles-catalogue-march-19-25-2025-vic-metro/,displayed_price,displayed_price,1,review
Coles,VIC METRO,"Coles Catalogue March 19 - 25, 2025 VIC METRO",2025-03-19,2025-03-26,44,Boot dun ~,45.0,,,,special,,,Boot dun | ~ | BALONG,70.21,True,offer_labels_missing;save_amount_missing;regular_price_missing;low_name_confidence_strict;single_price_evidence,https://caau.syd1.cdn.digitaloceanspaces.com/wp-content/uploads/catalogue/coles/coles-catalogue-march-19-25-2025-vic-metro/44.jpg,https://www.catalogueau.com/coles/#catalogue=coles/coles-catalogue-march-19-25-2025-vic-metro/,displayed_price,displayed_price,1,review
