retailer,region,catalogue_title,catalogue_start_date,catalogue_end_date,page_number,product_name,special_price,regular_price,save_amount,discount_percent,promo_type,pack_size,unit_price_text,offer_text,ocr_confidence,needs_review,review_reason,source_page_image,source_catalogue_url,price_source,price_evidence,evidence_count,verification_status
Coles,VIC METRO,"Coles Catalogue September 2 - 9, 2025 VIC METRO",2025-09-02,2025-09-09,1,Coles Australian No Added Hormones Beef Scotch Fillet Steak 2 Pack 480g,18.0,21.0,3.0,14.29,save_amount,2 Pack; 480g,$37.50 per kg,WASS21 | WASS21 | se | —— | Coles Australian No Added Hormones Beef | Scotch Fillet Steak 2 Pack 480g $37.50 per kg. | 2nd week on sale. Product sold uncooked | Celebrate,95.32,False,,https://caau.syd1.cdn.digitaloceanspaces.com/wp-content/uploads/catalogue/coles/coles-catalogue-september-2-9-2025-vic-metro/1.jpg,https://www.catalogueau.com/coles/#catalogue=coles/coles-catalogue-september-2-9-2025-vic-metro/,displayed_price,displayed_price;unit_price,2,verified
Coles,VIC METRO,"Coles Catalogue September 2 - 9, 2025 VIC METRO",2025-09-02,2025-09-09,1,Ferrero Collection 24 Pack 269g or Rocher Gift Box 30 Pack 375g,16.0,32.0,16.0,50.0,half_price,24 Pack; 269g; 30 Pack; 375g,,WASS32 | WASS32 | Ferrero Collection | 24 Pack 269g or Rocher | Gift Box 30 Pack 375g | On sale for 2 weeks,96.52,True,single_price_evidence,https://caau.syd1.cdn.digitaloceanspaces.com/wp-content/uploads/catalogue/coles/coles-catalogue-september-2-9-2025-vic-metro/1.jpg,https://www.catalogueau.com/coles/#catalogue=coles/coles-catalogue-september-2-9-2025-vic-metro/,displayed_price,displayed_price,1,review
Coles,VIC METRO,"Coles Catalogue September 2 - 9, 2025 VIC METRO",2025-09-02,2025-09-09,1,Cadbury Chocolate Coated Fruit or Nut Jar 270g-340g,6.5,13.0,6.5,50.0,half_price,270g; 340g,,WASS13 | WASS13 | Cadbury Chocolate | Coated Fruit or Nut Jar | 270g-340g | VIC-METRO-0309-25-469750,94.29,True,single_price_evidence,https://caau.syd1.cdn.digitaloceanspaces.com/wp-content/uploads/catalogue/coles/coles-catalogue-september-2-9-2025-vic-metro/1.jpg,https://www.catalogueau.com/coles/#catalogue=coles/coles-catalogue-september-2-9-2025-vic-metro/,displayed_price,displayed_price,1,review
Coles,VIC METRO,"Coles Catalogue September 2 - 9, 2025 VIC METRO",2025-09-02,2025-09-09,1,DrinkWise,700.0,,,,special,,,DrinkWise. | See page 46 forT&Cs,91.79,True,offer_labels_missing;save_amount_missing;regular_price_missing;inferred_price_requires_review,https://caau.syd1.cdn.digitaloceanspaces.com/wp-content/uploads/catalogue/coles/coles-catalogue-september-2-9-2025-vic-metro/1.jpg,https://www.catalogueau.com/coles/#catalogue=coles/coles-catalogue-september-2-9-2025-vic-metro/,displayed_price,displayed_price;grid_inference,1,review
Coles,VIC METRO,"Coles Catalogue September 2 - 9, 2025 VIC METRO",2025-09-02,2025-09-09,1,Wirra Wirra McLaren Vale,24.0,,,,special,,,Wirra Wirra | McLaren Vale | Vineyards | McLAREN VU | Shiraz 750mL | Shinn:,94.23,True,offer_labels_missing;save_amount_missing;regular_price_missing;single_price_evidence,https://caau.syd1.cdn.digitaloceanspaces.com/wp-content/uploads/catalogue/coles/coles-catalogue-september-2-9-2025-vic-metro/1.jpg,https://www.catalogueau.com/coles/#catalogue=coles/coles-catalogue-september-2-9-2025-vic-metro/,displayed_price,displayed_price,1,review
Coles,VIC METRO,"Coles Catalogue September 2 - 9, 2025 VIC METRO",2025-09-02,2025-09-09,1,Special Reserve Single,509.0,,,,special,,,Special | Reserve Single | HLEVE | LEVENSIDE | Scotch Whisky | Nea,96.64,True,offer_labels_missing;save_amount_missing;regular_price_missing;single_price_evidence,https://caau.syd1.cdn.digitaloceanspaces.com/wp-content/uploads/catalogue/coles/coles-catalogue-september-2-9-2025-vic-metro/1.jpg,https://www.catalogueau.com/coles/#catalogue=coles/coles-catalogue-september-2-9-2025-vic-metro/,displayed_price,displayed_price,1,review
Coles,VIC METRO,"Coles Catalogue September 2 - 9, 2025 VIC METRO",2025-09-02,2025-09-09,2,Nice & Natural Nut Bars 180g-192g,2.75,5.5,2.75,50.0,half_price,180g; 192g,,SAVES2.75 | WASS5.50 | Nice & Natural Nut Bars | 180g-192g,93.12,False,,https://caau.syd1.cdn.digitaloceanspaces.com/wp-content/uploads/catalogue/coles/coles-catalogue-september-2-9-2025-vic-metro/2.jpg,https://www.catalogueau.com/coles/#catalogue=coles/coles-catalogue-september-2-9-2025-vic-metro/,save_was_arithmetic,displayed_price;save_was_arithmetic,2,verified
Coles,VIC METRO,"Coles Catalogue September 2 - 9, 2025 VIC METRO",2025-09-02,2025-09-09,2,Tip Top English Muffins 6 Pack 360g-400g,3.1,6.2,3.1,50.0,half_price,6 Pack; 360g; 400g,,SAVES3.10 | WASS6.20 | Tip Top English Muffins 6 Pack | 360g-400g,94.26,False,,https://caau.syd1.cdn.digitaloceanspaces.com/wp-content/uploads/catalogue/coles/coles-catalogue-september-2-9-2025-vic-metro/2.jpg,https://www.catalogueau.com/coles/#catalogue=coles/coles-catalogue-september-2-9-2025-vic-metro/,save_was_arithmetic,displayed_price;save_was_arithmetic,2,verified
Coles,VIC METRO,"Coles Catalogue September 2 - 9, 2025 VIC METRO",2025-09-02,2025-09-09,2,Monster Energy Drink 4x500mL,8.0,16.0,8.0,50.0,half_price,4x500mL,$4.00 per litre,SAVES8 | WASS16 | Monster Energy Drink | 4x500mL $4.00 per litre,95.33,False,,https://caau.syd1.cdn.digitaloceanspaces.com/wp-content/uploads/catalogue/coles/coles-catalogue-september-2-9-2025-vic-metro/2.jpg,https://www.catalogueau.com/coles/#catalogue=coles/coles-catalogue-september-2-9-2025-vic-metro/,save_was_arithmetic,displayed_price;save_was_arithmetic;unit_price,3,verified
Coles,VIC METRO,"Coles Catalogue September 2 - 9, 2025 VIC METRO",2025-09-02,2025-09-09,2,Old El Paso Hard 'N Soft Taco Kit 350g,4.75,9.5,4.75,50.0,half_price,350g,$1.36 per 100g,SAVE%4.75 | WASS9.50 | Old El Paso Hard 'N Soft Taco | Kit 350g $1.36 per 100g,95.72,False,,https://caau.syd1.cdn.digitaloceanspaces.com/wp-content/uploads/catalogue/coles/coles-catalogue-september-2-9-2025-vic-metro/2.jpg,https://www.catalogueau.com/coles/#catalogue=coles/coles-catalogue-september-2-9-2025-vic-metro/,save_was_arithmetic,save_was_arithmetic;unit_price,2,verified
Coles,VIC METRO,"Coles Catalogue September 2 - 9, 2025 VIC METRO",2025-09-02,2025-09-09,2,Bulla Creamy Classics Ice Cream Tub 2 Litre,5.5,11.0,5.5,50.0,half_price,2 Litre,$0.28 per 100mL,SAVE*5.50 | WASS11 | Bulla Creamy Classics | Ice Cream Tub 2 Litre | $0.28 per 100mL,95.92,False,,https://caau.syd1.cdn.digitaloceanspaces.com/wp-content/uploads/catalogue/coles/coles-catalogue-september-2-9-2025-vic-metro/2.jpg,https://www.catalogueau.com/coles/#catalogue=coles/coles-catalogue-september-2-9-2025-vic-metro/,save_was_arithmetic,displayed_price;save_was_arithmetic,2,verified
Coles,VIC METRO,"Coles Catalogue September 2 - 9, 2025 VIC METRO",2025-09-02,2025-09-09,2,Rexona Advanced 72hr Antiperspirant Aerosol Deodorant 220mL,5.25,10.5,5.25,50.0,half_price,220mL,$2.39 per 100mL,SAVE*5.25 | WASS10.50 | Rexona Advanced 72hr | Antiperspirant Aerosol | Deodorant 220mL | $2.39 per 100mL,92.66,False,,https://caau.syd1.cdn.digitaloceanspaces.com/wp-content/uploads/catalogue/coles/coles-catalogue-september-2-9-2025-vic-metro/2.jpg,https://www.catalogueau.com/coles/#catalogue=coles/coles-catalogue-september-2-9-2025-vic-metro/,save_was_arithmetic,displayed_price;save_was_arithmetic;unit_price,3,verified
Coles,VIC METRO,"Coles Catalogue September 2 - 9, 2025 VIC METRO",2025-09-02,2025-09-09,2,Primo Rindless Short Cut Bacon 750g,8.4,16.8,8.4,50.0,half_price,750g,$11.20 per kg,SAVE‘8.40 | WASS16.80 | Primo Rindless Short Cut | Bacon 750g $11.20 per kg | VIC-METRO-0309-25-469750,95.33,False,,https://caau.syd1.cdn.digitaloceanspaces.com/wp-content/uploads/catalogue/coles/coles-catalogue-september-2-9-2025-vic-metro/2.jpg,https://www.catalogueau.com/coles/#catalogue=coles/coles-catalogue-september-2-9-2025-vic-metro/,save_was_arithmetic,displayed_price;save_was_arithmetic;unit_price,3,verified
Coles,VIC METRO,"Coles Catalogue September 2 - 9, 2025 VIC METRO",2025-09-02,2025-09-09,2,Pantene Shampoo or Conditioner 900mL,10.0,20.0,10.0,50.0,half_price,900mL,$1.11 per 100mL,SAVE510 | WAS$20 | Pantene Shampoo or | Conditioner 900mL | $1.11 per 100mL,94.46,False,,https://caau.syd1.cdn.digitaloceanspaces.com/wp-content/uploads/catalogue/coles/coles-catalogue-september-2-9-2025-vic-metro/2.jpg,https://www.catalogueau.com/coles/#catalogue=coles/coles-catalogue-september-2-9-2025-vic-metro/,displayed_price,displayed_price;unit_price,2,verified
Coles,VIC METRO,"Coles Catalogue September 2 - 9, 2025 VIC METRO",2025-09-02,2025-09-09,2,Smith's Crinkle Cut or Double Crunch Potato Chips 150g-170g,2.5,5.0,2.5,50.0,half_price,150g; 170g,,Smith's Crinkle Cut or | Double Crunch Potato Chips | 150g-170g,94.85,True,offer_labels_missing;regular_and_save_inferred_from_half_price;inferred_price_requires_review,https://caau.syd1.cdn.digitaloceanspaces.com/wp-content/uploads/catalogue/coles/coles-catalogue-september-2-9-2025-vic-metro/2.jpg,https://www.catalogueau.com/coles/#catalogue=coles/coles-catalogue-september-2-9-2025-vic-metro/,displayed_price,displayed_price;grid_inference,1,review
Coles,VIC METRO,"Coles Catalogue September 2 - 9, 2025 VIC METRO",2025-09-02,2025-09-09,3,Cadbury Chocolate Bar 30g-55g,1.2,3.0,1.8,60.0,save_amount,30g; 55g,,SAVES1.80 | WASS3 | Cadbury Chocolate Bar | 30g-55g,93.81,False,,https://caau.syd1.cdn.digitaloceanspaces.com/wp-content/uploads/catalogue/coles/coles-catalogue-september-2-9-2025-vic-metro/3.jpg,https://www.catalogueau.com/coles/#catalogue=coles/coles-catalogue-september-2-9-2025-vic-metro/,save_was_arithmetic,displayed_price;save_was_arithmetic,2,verified
Coles,VIC METRO,"Coles Catalogue September 2 - 9, 2025 VIC METRO",2025-09-02,2025-09-09,3,Allen’s or Nestlé Choc Coated Bites 160g,3.0,6.0,3.0,50.0,half_price,160g,$1.88 per 100g,SAVES3 | WASS6 | Allen’s or Nestlé Choc Coated | Bites 160g $1.88 per 100g,95.14,False,,https://caau.syd1.cdn.digitaloceanspaces.com/wp-content/uploads/catalogue/coles/coles-catalogue-september-2-9-2025-vic-metro/3.jpg,https://www.catalogueau.com/coles/#catalogue=coles/coles-catalogue-september-2-9-2025-vic-metro/,save_was_arithmetic,save_was_arithmetic;unit_price,2,verified
Coles,VIC METRO,"Coles Catalogue September 2 - 9, 2025 VIC METRO",2025-09-02,2025-09-09,3,"Twisties, Burger Rings or Cheetos 65g-90g",1.35,2.7,1.35,50.0,half_price,65g; 90g,,"SAVE 51.35 | WAS$2.70 | Twisties, Burger Rings | or Cheetos 65g-90g",92.33,True,single_price_evidence,https://caau.syd1.cdn.digitaloceanspaces.com/wp-content/uploads/catalogue/coles/coles-catalogue-september-2-9-2025-vic-metro/3.jpg,https://www.catalogueau.com/coles/#catalogue=coles/coles-catalogue-september-2-9-2025-vic-metro/,save_was_arithmetic,save_was_arithmetic,1,review
Coles,VIC METRO,"Coles Catalogue September 2 - 9, 2025 VIC METRO",2025-09-02,2025-09-09,3,Sakata Rice Crackers 80g-90g,1.05,2.1,1.05,50.0,half_price,80g; 90g,,SAVES1.05 | WAS$2.10 | Sakata Rice Crackers | 80g-90g,93.38,False,,https://caau.syd1.cdn.digitaloceanspaces.com/wp-content/uploads/catalogue/coles/coles-catalogue-september-2-9-2025-vic-metro/3.jpg,https://www.catalogueau.com/coles/#catalogue=coles/coles-catalogue-september-2-9-2025-vic-metro/,save_was_arithmetic,displayed_price;save_was_arithmetic,2,verified
Coles,VIC METRO,"Coles Catalogue September 2 - 9, 2025 VIC METRO",2025-09-02,2025-09-09,3,CC's Corn Chips 175g,2.5,5.0,2.5,50.0,half_price,175g,$1.43 per 100g,SAVE*2.50 | WASS5 | CC's Corn Chips 175g | $1.43 per 100g | VIC-METRO-0309-25-469750,89.71,False,,https://caau.syd1.cdn.digitaloceanspaces.com/wp-content/uploads/catalogue/coles/coles-catalogue-september-2-9-2025-vic-metro/3.jpg,https://www.catalogueau.com/coles/#catalogue=coles/coles-catalogue-september-2-9-2025-vic-metro/,save_was_arithmetic,displayed_price;save_was_arithmetic;unit_price,3,verified
Coles,VIC METRO,"Coles Catalogue September 2 - 9, 2025 VIC METRO",2025-09-02,2025-09-09,3,Kettle Potato Chips 165g,3.0,6.0,3.0,50.0,half_price,165g,$1.82 per 100g,SAVE*3 | WASS6 | Kettle Potato Chips 165g | $1.82 per 100g,96.25,False,,https://caau.syd1.cdn.digitaloceanspaces.com/wp-content/uploads/catalogue/coles/coles-catalogue-september-2-9-2025-vic-metro/3.jpg,https://www.catalogueau.com/coles/#catalogue=coles/coles-catalogue-september-2-9-2025-vic-metro/,save_was_arithmetic,displayed_price;save_was_arithmetic;unit_price,3,verified
Coles,VIC METRO,"Coles Catalogue September 2 - 9, 2025 VIC METRO",2025-09-02,2025-09-09,3,Poppin Microwave Popcorn 400g,3.5,7.0,3.5,50.0,half_price,400g,$0.88 per 100g,SAVES3.50 | Poppin Microwave Popcorn | 400g $0.88 per 100g,96.18,True,single_price_evidence,https://caau.syd1.cdn.digitaloceanspaces.com/wp-content/uploads/catalogue/coles/coles-catalogue-september-2-9-2025-vic-metro/3.jpg,https://www.catalogueau.com/coles/#catalogue=coles/coles-catalogue-september-2-9-2025-vic-metro/,unit_price,unit_price,1,review
Coles,VIC METRO,"Coles Catalogue September 2 - 9, 2025 VIC METRO",2025-09-02,2025-09-09,3,Life Savers Lollies 150g-2,950.5,,,,special,150g,,Life Savers Lollies | 150g-2,93.17,True,offer_labels_missing;save_amount_missing;regular_price_missing;inferred_price_requires_review,https://caau.syd1.cdn.digitaloceanspaces.com/wp-content/uploads/catalogue/coles/coles-catalogue-september-2-9-2025-vic-metro/3.jpg,https://www.catalogueau.com/coles/#catalogue=coles/coles-catalogue-september-2-9-2025-vic-metro/,displayed_price,displayed_price;grid_inference,1,review
Coles,VIC METRO,"Coles Catalogue September 2 - 9, 2025 VIC METRO",2025-09-02,2025-09-09,3,"Mars M&Ms, Maltesers or Pods 120g-180g",3.5,7.0,3.5,50.0,half_price,120g; 180g,,"Mars M&Ms, Maltesers | or Pods 120g-180g | 4 Fullsize | Aru",92.86,True,offer_labels_missing;regular_and_save_inferred_from_half_price;inferred_price_requires_review,https://caau.syd1.cdn.digitaloceanspaces.com/wp-content/uploads/catalogue/coles/coles-catalogue-september-2-9-2025-vic-metro/3.jpg,https://www.catalogueau.com/coles/#catalogue=coles/coles-catalogue-september-2-9-2025-vic-metro/,displayed_price,displayed_price;grid_inference,1,review
Coles,VIC METRO,"Coles Catalogue September 2 - 9, 2025 VIC METRO",2025-09-02,2025-09-09,4,Uncle Tobys Plus Antioxidants 435g,3.25,6.5,3.25,50.0,half_price,435g,$0.75 per 100g,SAVES3.25 | ‘WAS$6.50 | Uncle Tobys Plus Antioxidants 435g | $0.75 per 100g,95.02,False,,https://caau.syd1.cdn.digitaloceanspaces.com/wp-content/uploads/catalogue/coles/coles-catalogue-september-2-9-2025-vic-metro/4.jpg,https://www.catalogueau.com/coles/#catalogue=coles/coles-catalogue-september-2-9-2025-vic-metro/,save_was_arithmetic,displayed_price;save_was_arithmetic;unit_price,3,verified
Coles,VIC METRO,"Coles Catalogue September 2 - 9, 2025 VIC METRO",2025-09-02,2025-09-09,4,Moccona Café Classics Coffee Sachets 10 Pack,3.95,790.0,786.05,99.5,save_amount,10 Pack,$0.40 per each,SAVES3.95 | WAS$790 | Moccona Café Classics Coffee Sachets | 10 Pack $0.40 per each | is,96.13,True,single_price_evidence,https://caau.syd1.cdn.digitaloceanspaces.com/wp-content/uploads/catalogue/coles/coles-catalogue-september-2-9-2025-vic-metro/4.jpg,https://www.catalogueau.com/coles/#catalogue=coles/coles-catalogue-september-2-9-2025-vic-metro/,unit_price,unit_price,1,review
Coles,VIC METRO,"Coles Catalogue September 2 - 9, 2025 VIC METRO",2025-09-02,2025-09-09,4,Carman's Granola 450g,4.25,8.5,4.25,50.0,half_price,450g,$0.94 per 100g,SAVE%4.25 | ‘WAS$8.50 | Carman's Granola 450g | $0.94 per 100g,94.1,False,,https://caau.syd1.cdn.digitaloceanspaces.com/wp-content/uploads/catalogue/coles/coles-catalogue-september-2-9-2025-vic-metro/4.jpg,https://www.catalogueau.com/coles/#catalogue=coles/coles-catalogue-september-2-9-2025-vic-metro/,save_was_arithmetic,save_was_arithmetic;unit_price,2,verified
Coles,VIC METRO,"Coles Catalogue September 2 - 9, 2025 VIC METRO",2025-09-02,2025-09-09,4,Vittoria Nespresso Compatible Coffee Capsules 10 Pack,4.75,9.5,4.75,50.0,half_price,10 Pack,$0.48 per each,SAVES4.75 | WASS9.50 | Vittoria Nespresso Compatible | Coffee Capsules 10 Pack | $0.48 per each,96.14,False,,https://caau.syd1.cdn.digitaloceanspaces.com/wp-content/uploads/catalogue/coles/coles-catalogue-september-2-9-2025-vic-metro/4.jpg,https://www.catalogueau.com/coles/#catalogue=coles/coles-catalogue-september-2-9-2025-vic-metro/,save_was_arithmetic,displayed_price;save_was_arithmetic;unit_price,3,verified
Coles,VIC METRO,"Coles Catalogue September 2 - 9, 2025 VIC METRO",2025-09-02,2025-09-09,4,Mingle Mexican Seasoning 30g,1.3,2.6,1.3,50.0,half_price,30g,$4.33 per 100g,SAVES1.30 | WASS2.60 | Mingle Mexican Seasoning | 30g $4.33 per 100g,96.43,False,,https://caau.syd1.cdn.digitaloceanspaces.com/wp-content/uploads/catalogue/coles/coles-catalogue-september-2-9-2025-vic-metro/4.jpg,https://www.catalogueau.com/coles/#catalogue=coles/coles-catalogue-september-2-9-2025-vic-metro/,save_was_arithmetic,save_was_arithmetic;unit_price,2,verified
Coles,VIC METRO,"Coles Catalogue September 2 - 9, 2025 VIC METRO",2025-09-02,2025-09-09,4,Green's Deluxe Baking Mix 380g-630g,2.75,5.5,2.75,50.0,half_price,380g; 630g,,SAVE52.75 | WASS5.50 | Green's Deluxe Baking Mix | 380g-630g | VIC-METRO-0309-25-469750,79.0,True,low_name_confidence_strict;single_price_evidence,https://caau.syd1.cdn.digitaloceanspaces.com/wp-content/uploads/catalogue/coles/coles-catalogue-september-2-9-2025-vic-metro/4.jpg,https://www.catalogueau.com/coles/#catalogue=coles/coles-catalogue-september-2-9-2025-vic-metro/,displayed_price,displayed_price,1,review
Coles,VIC METRO,"Coles Catalogue September 2 - 9, 2025 VIC METRO",2025-09-02,2025-09-09,4,Gold Sunset Vegetable or Canola Oil 4 Litre,15.0,30.0,15.0,50.0,half_price,4 Litre,$0.38 per 100mL,SAVES15 | WAS$30 | Gold Sunset Vegetable | or Canola Oil 4 Litre | $0.38 per 100mL,96.14,False,,https://caau.syd1.cdn.digitaloceanspaces.com/wp-content/uploads/catalogue/coles/coles-catalogue-september-2-9-2025-vic-metro/4.jpg,https://www.catalogueau.com/coles/#catalogue=coles/coles-catalogue-september-2-9-2025-vic-metro/,save_was_arithmetic,displayed_price;save_was_arithmetic,2,verified
Coles,VIC METRO,"Coles Catalogue September 2 - 9, 2025 VIC METRO",2025-09-02,2025-09-09,4,Sungold Basmati Rice 5kg,15.0,30.0,15.0,50.0,half_price,5kg,$0.30 per 100g,SAVES15 | WASS30 | Sungold Basmati Rice 5kg | $0.30 per 100g,93.7,False,,https://caau.syd1.cdn.digitaloceanspaces.com/wp-content/uploads/catalogue/coles/coles-catalogue-september-2-9-2025-vic-metro/4.jpg,https://www.catalogueau.com/coles/#catalogue=coles/coles-catalogue-september-2-9-2025-vic-metro/,save_was_arithmetic,displayed_price;save_was_arithmetic,2,verified
Coles,VIC METRO,"Coles Catalogue September 2 - 9, 2025 VIC METRO",2025-09-02,2025-09-09,5,Nature's Way Adult Vita Gummies Multivitamins 120 Pack or Women's Multivitamins 100 Pack,14.0,28.0,14.0,50.0,half_price,120 Pack; 100 Pack,,SAVES14 | WASS$28 | Nature's Way Adult Vita | Gummies Multivitamins | 120 Pack or Women's | Multivitamins 100 Pack,95.71,False,,https://caau.syd1.cdn.digitaloceanspaces.com/wp-content/uploads/catalogue/coles/coles-catalogue-september-2-9-2025-vic-metro/5.jpg,https://www.catalogueau.com/coles/#catalogue=coles/coles-catalogue-september-2-9-2025-vic-metro/,save_was_arithmetic,displayed_price;save_was_arithmetic,2,verified
Coles,VIC METRO,"Coles Catalogue September 2 - 9, 2025 VIC METRO",2025-09-02,2025-09-09,5,Nature's Way Magnesium + Turmeric Tablets 150 Pack,22.0,44.0,22.0,50.0,half_price,150 Pack,$14.67 per 100 each,SAVE *22 | WASS44 | Nature's Way Magnesium + | Turmeric Tablets 150 Pack | $14.67 per 100 each,96.71,False,,https://caau.syd1.cdn.digitaloceanspaces.com/wp-content/uploads/catalogue/coles/coles-catalogue-september-2-9-2025-vic-metro/5.jpg,https://www.catalogueau.com/coles/#catalogue=coles/coles-catalogue-september-2-9-2025-vic-metro/,save_was_arithmetic,displayed_price;save_was_arithmetic;unit_price,3,verified
Coles,VIC METRO,"Coles Catalogue September 2 - 9, 2025 VIC METRO",2025-09-02,2025-09-09,5,Nature's Way Adult Vita Gummies Probiotic + Prebiotic 65 Pack,14.0,28.0,14.0,50.0,half_price,65 Pack,$21.54 per 100 each,SAVE°14 | WAS$28 | Nature's Way Adult Vita | Gummies Probiotic + Prebiotic | 65 Pack $21.54 per 100 each,95.08,False,,https://caau.syd1.cdn.digitaloceanspaces.com/wp-content/uploads/catalogue/coles/coles-catalogue-september-2-9-2025-vic-metro/5.jpg,https://www.catalogueau.com/coles/#catalogue=coles/coles-catalogue-september-2-9-2025-vic-metro/,save_was_arithmetic,displayed_price;save_was_arithmetic;unit_price,3,verified
Coles,VIC METRO,"Coles Catalogue September 2 - 9, 2025 VIC METRO",2025-09-02,2025-09-09,5,Nature's Way Kids Smart Vita Gummies Multi-Vitamin Plus or Vitamin C + Zinc 120 Pack,16.0,32.0,16.0,50.0,half_price,120 Pack,$13.33 per 100 each,SAVE*16 | ‘WAS$32 | Nature's Way Kids Smart Vita | Gummies Multi-Vitamin Plus or | Vitamin C + Zinc 120 Pack | $13.33 per 100 each,94.78,False,,https://caau.syd1.cdn.digitaloceanspaces.com/wp-content/uploads/catalogue/coles/coles-catalogue-september-2-9-2025-vic-metro/5.jpg,https://www.catalogueau.com/coles/#catalogue=coles/coles-catalogue-september-2-9-2025-vic-metro/,save_was_arithmetic,displayed_price;save_was_arithmetic;unit_price,3,verified
Coles,VIC METRO,"Coles Catalogue September 2 - 9, 2025 VIC METRO",2025-09-02,2025-09-09,5,Nature's Way Beauty Collagen Shot 50mL x 10 Pack,1.9,38.0,36.1,95.0,save_amount,50mL; 10 Pack,$38.00 per litre,SAVES19 | WAS$38 | Nature's Way Beauty Collagen | Shot 50mL x 10 Pack | $38.00 per litre,94.27,True,single_price_evidence,https://caau.syd1.cdn.digitaloceanspaces.com/wp-content/uploads/catalogue/coles/coles-catalogue-september-2-9-2025-vic-metro/5.jpg,https://www.catalogueau.com/coles/#catalogue=coles/coles-catalogue-september-2-9-2025-vic-metro/,unit_price,unit_price,1,review
Coles,VIC METRO,"Coles Catalogue September 2 - 9, 2025 VIC METRO",2025-09-02,2025-09-09,5,Nature's Way Adult Vita Gummies Hair Skin Nails 150 Pack,21.0,42.0,21.0,50.0,half_price,150 Pack,$14.00 per 100 each,SAVE521 | WASS$42 | Nature's Way Adult Vita | Gummies Hair Skin Nails | 150 Pack $14.00 per 100 each,95.47,True,single_price_evidence,https://caau.syd1.cdn.digitaloceanspaces.com/wp-content/uploads/catalogue/coles/coles-catalogue-september-2-9-2025-vic-metro/5.jpg,https://www.catalogueau.com/coles/#catalogue=coles/coles-catalogue-september-2-9-2025-vic-metro/,unit_price,unit_price,1,review
Coles,VIC METRO,"Coles Catalogue September 2 - 9, 2025 VIC METRO",2025-09-02,2025-09-09,5,Centrum Multivitamin Tablets 60 Pack,11.25,22.5,11.25,50.0,half_price,60 Pack,$18.75 per 100 each,SAVES11.25 | WASS$22.50 | Centrum Multivitamin Tablets | 60 Pack $18.75 per 100 each,96.01,False,,https://caau.syd1.cdn.digitaloceanspaces.com/wp-content/uploads/catalogue/coles/coles-catalogue-september-2-9-2025-vic-metro/5.jpg,https://www.catalogueau.com/coles/#catalogue=coles/coles-catalogue-september-2-9-2025-vic-metro/,save_was_arithmetic,save_was_arithmetic;unit_price,2,verified
Coles,VIC METRO,"Coles Catalogue September 2 - 9, 2025 VIC METRO",2025-09-02,2025-09-09,5,Swisse Ultiboost Iron Tablets 30 Pack,7.5,15.0,7.5,50.0,half_price,30 Pack,$25.00 per 100 each,SAVES7.50 | WASSI5 | Swisse Ultiboost Iron Tablets | 30 Pack $25.00 per 100 each,92.69,False,,https://caau.syd1.cdn.digitaloceanspaces.com/wp-content/uploads/catalogue/coles/coles-catalogue-september-2-9-2025-vic-metro/5.jpg,https://www.catalogueau.com/coles/#catalogue=coles/coles-catalogue-september-2-9-2025-vic-metro/,save_was_arithmetic,save_was_arithmetic;unit_price,2,verified
Coles,VIC METRO,"Coles Catalogue September 2 - 9, 2025 VIC METRO",2025-09-02,2025-09-09,5,Swisse Ultiboost Zinc+ Tablets 120 Pack,14.75,29.5,14.75,50.0,half_price,120 Pack,$12.29 per 100 each,SAVES14.75 | WAS$29.50 | Swisse Ultiboost Zinc+ Tablets | 120 Pack $12.29 per 100 each | es,95.0,False,,https://caau.syd1.cdn.digitaloceanspaces.com/wp-content/uploads/catalogue/coles/coles-catalogue-september-2-9-2025-vic-metro/5.jpg,https://www.catalogueau.com/coles/#catalogue=coles/coles-catalogue-september-2-9-2025-vic-metro/,save_was_arithmetic,save_was_arithmetic;unit_price,2,verified
Coles,VIC METRO,"Coles Catalogue September 2 - 9, 2025 VIC METRO",2025-09-02,2025-09-09,5,Swisse Ultiboost Odourless Super Strength Wild Fish Oil Capsules 200 Pack,27.5,55.0,27.5,50.0,half_price,200 Pack,$13.75 per 100 each,SAVE$27.50 | WASS55 | Swisse Ultiboost Odourless | Super Strength Wild Fish Oil | Capsules 200 Pack | $13.75 per 100 each,94.47,False,,https://caau.syd1.cdn.digitaloceanspaces.com/wp-content/uploads/catalogue/coles/coles-catalogue-september-2-9-2025-vic-metro/5.jpg,https://www.catalogueau.com/coles/#catalogue=coles/coles-catalogue-september-2-9-2025-vic-metro/,save_was_arithmetic,save_was_arithmetic;unit_price,2,verified
Coles,VIC METRO,"Coles Catalogue September 2 - 9, 2025 VIC METRO",2025-09-02,2025-09-09,5,Swisse Ultiboost Calm + Sleep Gummies 60 Pack or Probiotic + Prebiotic Gummies 45 Pack,14.75,29.5,14.75,50.0,half_price,60 Pack; 45 Pack,,SAVE%14.75 | WAS$29.50 | Swisse Ultiboost Calm + Sleep | Gummies 60 Pack or Probiotic | + Prebiotic Gummies 45 Pack,93.39,True,single_price_evidence,https://caau.syd1.cdn.digitaloceanspaces.com/wp-content/uploads/catalogue/coles/coles-catalogue-september-2-9-2025-vic-metro/5.jpg,https://www.catalogueau.com/coles/#catalogue=coles/coles-catalogue-september-2-9-2025-vic-metro/,save_was_arithmetic,save_was_arithmetic,1,review
Coles,VIC METRO,"Coles Catalogue September 2 - 9, 2025 VIC METRO",2025-09-02,2025-09-09,5,Swisse Ultiboost Magnesium Tablets 200 Pack,24.75,49.5,24.75,50.0,half_price,200 Pack,$12.38 per 100 each,SAVE'24.75 | WASS49.5 | Swisse Ultiboost Magnesium | Tablets 200 Pack | $12.38 per 100 each,94.92,False,,https://caau.syd1.cdn.digitaloceanspaces.com/wp-content/uploads/catalogue/coles/coles-catalogue-september-2-9-2025-vic-metro/5.jpg,https://www.catalogueau.com/coles/#catalogue=coles/coles-catalogue-september-2-9-2025-vic-metro/,save_was_arithmetic,save_was_arithmetic;unit_price,2,verified
Coles,VIC METRO,"Coles Catalogue September 2 - 9, 2025 VIC METRO",2025-09-02,2025-09-09,6,Dove 48hr Aerosol Deodorant 250mL,4.75,9.5,4.75,50.0,half_price,250mL,$1.90 per 100mL,SAVE $4.75 | WASS9.50 | Dove 48hr Aerosol Deodorant | 250mL $1.90 per 100mL,93.89,False,,https://caau.syd1.cdn.digitaloceanspaces.com/wp-content/uploads/catalogue/coles/coles-catalogue-september-2-9-2025-vic-metro/6.jpg,https://www.catalogueau.com/coles/#catalogue=coles/coles-catalogue-september-2-9-2025-vic-metro/,save_was_arithmetic,save_was_arithmetic;unit_price,2,verified
Coles,VIC METRO,"Coles Catalogue September 2 - 9, 2025 VIC METRO",2025-09-02,2025-09-09,6,Rexona Advanced 72hr Roll On Deodorant 50mL,2.75,5.5,2.75,50.0,half_price,50mL,$5.50 per 100mL,SAVE52.75 | WASS5.50 | Rexona Advanced 72hr Roll | On Deodorant 50mL | $5.50 per 100mL,93.24,True,single_price_evidence,https://caau.syd1.cdn.digitaloceanspaces.com/wp-content/uploads/catalogue/coles/coles-catalogue-september-2-9-2025-vic-metro/6.jpg,https://www.catalogueau.com/coles/#catalogue=coles/coles-catalogue-september-2-9-2025-vic-metro/,unit_price,unit_price,1,review
Coles,VIC METRO,"Coles Catalogue September 2 - 9, 2025 VIC METRO",2025-09-02,2025-09-09,6,Garnier Vitamin C Brightening Foam Wash 100mL,5.0,10.0,5.0,50.0,half_price,100mL,$5.00 per 100mL,SAVES: | WASS10 | Garnier Vitamin C Brightening | Foam Wash 100mL | $5.00 per 100mL | a,93.99,False,,https://caau.syd1.cdn.digitaloceanspaces.com/wp-content/uploads/catalogue/coles/coles-catalogue-september-2-9-2025-vic-metro/6.jpg,https://www.catalogueau.com/coles/#catalogue=coles/coles-catalogue-september-2-9-2025-vic-metro/,displayed_price,displayed_price;unit_price,2,verified
Coles,VIC METRO,"Coles Catalogue September 2 - 9, 2025 VIC METRO",2025-09-02,2025-09-09,6,Hask Shampoo or Conditioner 355mL,8.5,17.0,8.5,50.0,half_price,355mL,$2.39 per 100mL,SAVE°3.50 | WASS17 | Hask Shampoo or Conditioner | 355mL $2.39 per 100mL. | 2nd week on sale,94.6,True,single_price_evidence,https://caau.syd1.cdn.digitaloceanspaces.com/wp-content/uploads/catalogue/coles/coles-catalogue-september-2-9-2025-vic-metro/6.jpg,https://www.catalogueau.com/coles/#catalogue=coles/coles-catalogue-september-2-9-2025-vic-metro/,unit_price,unit_price,1,review
Coles,VIC METRO,"Coles Catalogue September 2 - 9, 2025 VIC METRO",2025-09-02,2025-09-09,6,Schick Quattro 4 Titanium Razor Kit with 5 Refill Blades 1 Pack,9.0,18.0,9.0,50.0,half_price,1 Pack,$9.00 per each,SAVES9 | WASS18 | Schick Quattro 4 Titanium | Razor Kit with 5 Refill Blades | 1 Pack $9.00 per each,96.49,False,,https://caau.syd1.cdn.digitaloceanspaces.com/wp-content/uploads/catalogue/coles/coles-catalogue-september-2-9-2025-vic-metro/6.jpg,https://www.catalogueau.com/coles/#catalogue=coles/coles-catalogue-september-2-9-2025-vic-metro/,save_was_arithmetic,displayed_price;save_was_arithmetic;unit_price,3,verified
Coles,VIC METRO,"Coles Catalogue September 2 - 9, 2025 VIC METRO",2025-09-02,2025-09-09,6,Garnier Micellar Cleansing Water 400mL,8.5,17.0,8.5,50.0,half_price,400mL,$2.13 per 100mL,SAVE*8.50 | WASS17 | Garnier Micellar Cleansing | Water 400mL $2.13 per 100mL | VIC-METRO-0309-25-469750,94.22,False,,https://caau.syd1.cdn.digitaloceanspaces.com/wp-content/uploads/catalogue/coles/coles-catalogue-september-2-9-2025-vic-metro/6.jpg,https://www.catalogueau.com/coles/#catalogue=coles/coles-catalogue-september-2-9-2025-vic-metro/,save_was_arithmetic,save_was_arithmetic;unit_price,2,verified
Coles,VIC METRO,"Coles Catalogue September 2 - 9, 2025 VIC METRO",2025-09-02,2025-09-09,6,Colgate Max Fresh Watermelon Mouthwash 500mL,4.0,8.0,4.0,50.0,half_price,500mL,$0.80 per 100mL,SAVES4 | WASS$8 | Colgate Max Fresh | Watermelon Mouthwash | 500mL $0.80 per 100mL,94.18,False,,https://caau.syd1.cdn.digitaloceanspaces.com/wp-content/uploads/catalogue/coles/coles-catalogue-september-2-9-2025-vic-metro/6.jpg,https://www.catalogueau.com/coles/#catalogue=coles/coles-catalogue-september-2-9-2025-vic-metro/,save_was_arithmetic,displayed_price;save_was_arithmetic;unit_price,3,verified
Coles,VIC METRO,"Coles Catalogue September 2 - 9, 2025 VIC METRO",2025-09-02,2025-09-09,6,Oral B Vitality Precision Clean Electric Toothbrush 1 Pack,25.0,50.0,25.0,50.0,half_price,1 Pack,$25.00 per each,SAVE525 | WAS$50 | Oral B Vitality Precision | Clean Electric Toothbrush | 1 Pack $25.00 per each,96.11,False,,https://caau.syd1.cdn.digitaloceanspaces.com/wp-content/uploads/catalogue/coles/coles-catalogue-september-2-9-2025-vic-metro/6.jpg,https://www.catalogueau.com/coles/#catalogue=coles/coles-catalogue-september-2-9-2025-vic-metro/,displayed_price,displayed_price;unit_price,2,verified
Coles,VIC METRO,"Coles Catalogue September 2 - 9, 2025 VIC METRO",2025-09-02,2025-09-09,6,Nivea Men Shower Gel 500mL,4.5,9.0,4.5,50.0,half_price,500mL,$0.90 per 100mL,Nivea Men Shower Gel 500mL | $0.90 per 100mL,95.01,True,offer_labels_missing;regular_and_save_inferred_from_half_price,https://caau.syd1.cdn.digitaloceanspaces.com/wp-content/uploads/catalogue/coles/coles-catalogue-september-2-9-2025-vic-metro/6.jpg,https://www.catalogueau.com/coles/#catalogue=coles/coles-catalogue-september-2-9-2025-vic-metro/,displayed_price,displayed_price;grid_inference;unit_price,2,review
Coles,VIC METRO,"Coles Catalogue September 2 - 9, 2025 VIC METRO",2025-09-02,2025-09-09,7,Ajax Eco or Luxury Multipurpose Wipes 110 Pack,5.5,11.0,5.5,50.0,half_price,110 Pack,$0.05 per each,WASS11 | WASS11 | Ajax Eco or Luxury | Multipurpose Wipes 110 Pack | $0.05 per each,96.34,True,inferred_price_requires_review,https://caau.syd1.cdn.digitaloceanspaces.com/wp-content/uploads/catalogue/coles/coles-catalogue-september-2-9-2025-vic-metro/7.jpg,https://www.catalogueau.com/coles/#catalogue=coles/coles-catalogue-september-2-9-2025-vic-metro/,page_discount_inference,page_discount,0,review
Coles,VIC METRO,"Coles Catalogue September 2 - 9, 2025 VIC METRO",2025-09-02,2025-09-09,7,Easy Off Bam Bathroom Cleaning Spray 750mL,4.25,8.5,4.25,50.0,half_price,750mL,$0.57 per 100mL,WASS8.50 | WASS8.50 | Easy Off Bam Bathroom | Cleaning Spray 750mL | $0.57 per 100mL,94.88,True,inferred_price_requires_review,https://caau.syd1.cdn.digitaloceanspaces.com/wp-content/uploads/catalogue/coles/coles-catalogue-september-2-9-2025-vic-metro/7.jpg,https://www.catalogueau.com/coles/#catalogue=coles/coles-catalogue-september-2-9-2025-vic-metro/,unit_price,page_discount;unit_price,1,review
Coles,VIC METRO,"Coles Catalogue September 2 - 9, 2025 VIC METRO",2025-09-02,2025-09-09,7,Cuddly Refresh Fabric Rinse 850mL,8.0,16.0,8.0,50.0,half_price,850mL,$9.41 per litre,WASS16 | WASS16 | Cuddly Refresh Fabric Rinse | 850mL $9.41 per litre,95.23,False,,https://caau.syd1.cdn.digitaloceanspaces.com/wp-content/uploads/catalogue/coles/coles-catalogue-september-2-9-2025-vic-metro/7.jpg,https://www.catalogueau.com/coles/#catalogue=coles/coles-catalogue-september-2-9-2025-vic-metro/,displayed_price,displayed_price;page_discount;unit_price,2,verified
Coles,VIC METRO,"Coles Catalogue September 2 - 9, 2025 VIC METRO",2025-09-02,2025-09-09,7,Vanish NapiSan Oxi Action Gold Multi Power Laundry Booster Powder 2kg,16.0,32.0,16.0,50.0,half_price,2kg,$8.00 per kg,‘WAS§32 | ‘WAS§32 | Vanish NapiSan Oxi Action | Gold Multi Power Laundry | Booster Powder 2kg | $8.00 per kg,95.27,False,,https://caau.syd1.cdn.digitaloceanspaces.com/wp-content/uploads/catalogue/coles/coles-catalogue-september-2-9-2025-vic-metro/7.jpg,https://www.catalogueau.com/coles/#catalogue=coles/coles-catalogue-september-2-9-2025-vic-metro/,displayed_price,displayed_price;page_discount;unit_price,2,verified
Coles,VIC METRO,"Coles Catalogue September 2 - 9, 2025 VIC METRO",2025-09-02,2025-09-09,7,Cold Power Laundry Liquid 2 Litre or Powder 2kg,12.0,24.0,12.0,50.0,half_price,2 Litre; 2kg,,WAS$24 | WAS$24 | Cold Power Laundry Liquid | 2 Litre or Powder 2kg | LTEA TOUGH OX stUNS | a | a,95.25,True,inferred_price_requires_review,https://caau.syd1.cdn.digitaloceanspaces.com/wp-content/uploads/catalogue/coles/coles-catalogue-september-2-9-2025-vic-metro/7.jpg,https://www.catalogueau.com/coles/#catalogue=coles/coles-catalogue-september-2-9-2025-vic-metro/,displayed_price,displayed_price;page_discount,1,review
Coles,VIC METRO,"Coles Catalogue September 2 - 9, 2025 VIC METRO",2025-09-02,2025-09-09,7,Omo Ultimate Laundry Liquid 2 Litre or Capsules 28 Pack,18.0,36.0,18.0,50.0,half_price,2 Litre; 28 Pack,,WASS36 | WASS36 | Omo Ultimate Laundry Liquid | 2 Litre or Capsules 28 Pack,95.98,True,inferred_price_requires_review,https://caau.syd1.cdn.digitaloceanspaces.com/wp-content/uploads/catalogue/coles/coles-catalogue-september-2-9-2025-vic-metro/7.jpg,https://www.catalogueau.com/coles/#catalogue=coles/coles-catalogue-september-2-9-2025-vic-metro/,displayed_price,displayed_price;page_discount,1,review
Coles,VIC METRO,"Coles Catalogue September 2 - 9, 2025 VIC METRO",2025-09-02,2025-09-09,7,Palmolive Ultra Dishwashing Liquid 950mL,4.25,8.5,4.25,50.0,half_price,950mL,$0.45 per 100mL,WASS8.50 | WASS8.50 | Palmolive Ultra Dishwashing | Liquid 950mL $0.45 per 100mL. | On sale for 2 weeks,94.71,False,,https://caau.syd1.cdn.digitaloceanspaces.com/wp-content/uploads/catalogue/coles/coles-catalogue-september-2-9-2025-vic-metro/7.jpg,https://www.catalogueau.com/coles/#catalogue=coles/coles-catalogue-september-2-9-2025-vic-metro/,displayed_price,displayed_price;page_discount;unit_price,2,verified
Coles,VIC METRO,"Coles Catalogue September 2 - 9, 2025 VIC METRO",2025-09-02,2025-09-09,7,Finish Ultimate Dishwashing Tablets 46 Pack,24.5,49.0,24.5,50.0,half_price,46 Pack,$0.53 per each,WASS49 | WASS49 | Finish Ultimate Dishwashing | Tablets 46 Pack $0.53 per each,96.41,True,inferred_price_requires_review,https://caau.syd1.cdn.digitaloceanspaces.com/wp-content/uploads/catalogue/coles/coles-catalogue-september-2-9-2025-vic-metro/7.jpg,https://www.catalogueau.com/coles/#catalogue=coles/coles-catalogue-september-2-9-2025-vic-metro/,page_discount_inference,page_discount,0,review
Coles,VIC METRO,"Coles Catalogue September 2 - 9, 2025 VIC METRO",2025-09-02,2025-09-09,8,Kinder Bueno Bar 39g-43g,1.5,3.0,1.5,50.0,half_price,39g; 43g,,SAVE 51.50 | WASS$3 | Kinder Bueno Bar | 39g-43g,92.69,True,single_price_evidence,https://caau.syd1.cdn.digitaloceanspaces.com/wp-content/uploads/catalogue/coles/coles-catalogue-september-2-9-2025-vic-metro/8.jpg,https://www.catalogueau.com/coles/#catalogue=coles/coles-catalogue-september-2-9-2025-vic-metro/,save_was_arithmetic,save_was_arithmetic,1,review
Coles,VIC METRO,"Coles Catalogue September 2 - 9, 2025 VIC METRO",2025-09-02,2025-09-09,8,McVitie's Plain or Milk Chocolate Digestives Biscuits 266g-355g,2.75,5.5,2.75,50.0,half_price,266g; 355g,,SAVES2.75 | WASS$5.50 | McVitie's Plain or Milk | Chocolate Digestives | Biscuits 266g-355g | =,91.03,False,,https://caau.syd1.cdn.digitaloceanspaces.com/wp-content/uploads/catalogue/coles/coles-catalogue-september-2-9-2025-vic-metro/8.jpg,https://www.catalogueau.com/coles/#catalogue=coles/coles-catalogue-september-2-9-2025-vic-metro/,save_was_arithmetic,displayed_price;save_was_arithmetic,2,verified
Coles,VIC METRO,"Coles Catalogue September 2 - 9, 2025 VIC METRO",2025-09-02,2025-09-09,8,Popcorners 130g,2.4,4.8,2.4,50.0,half_price,130g,$1.85 per 100g,WAS$4.80 | WAS$4.80 | Popcorners 130g | $1.85 per 100g,93.15,False,,https://caau.syd1.cdn.digitaloceanspaces.com/wp-content/uploads/catalogue/coles/coles-catalogue-september-2-9-2025-vic-metro/8.jpg,https://www.catalogueau.com/coles/#catalogue=coles/coles-catalogue-september-2-9-2025-vic-metro/,displayed_price,displayed_price;unit_price,2,verified
Coles,VIC METRO,"Coles Catalogue September 2 - 9, 2025 VIC METRO",2025-09-02,2025-09-09,8,DJ&A Shiitake Mushroom Crisps 65g,3.0,6.0,3.0,50.0,half_price,65g,$4.62 per 100g,SAVE $3 | WASS6 | DJ&A Shiitake Mushroom | Crisps 65g $4.62 per 100g | Gi | Gi,95.73,False,,https://caau.syd1.cdn.digitaloceanspaces.com/wp-content/uploads/catalogue/coles/coles-catalogue-september-2-9-2025-vic-metro/8.jpg,https://www.catalogueau.com/coles/#catalogue=coles/coles-catalogue-september-2-9-2025-vic-metro/,save_was_arithmetic,displayed_price;save_was_arithmetic;unit_price,3,verified
Coles,VIC METRO,"Coles Catalogue September 2 - 9, 2025 VIC METRO",2025-09-02,2025-09-09,8,Golden Circle Tetra Drink 1 Litre,1.35,2.7,1.35,50.0,half_price,1 Litre,$1.35 per litre,SAVE 51.35 | Golden Circle Tetra Drink | 1 Litre $1.35 per litre. | Excludes Pineapple,96.2,True,single_price_evidence,https://caau.syd1.cdn.digitaloceanspaces.com/wp-content/uploads/catalogue/coles/coles-catalogue-september-2-9-2025-vic-metro/8.jpg,https://www.catalogueau.com/coles/#catalogue=coles/coles-catalogue-september-2-9-2025-vic-metro/,unit_price,unit_price,1,review
Coles,VIC METRO,"Coles Catalogue September 2 - 9, 2025 VIC METRO",2025-09-02,2025-09-09,8,Pepsi or Solo Soft Drink 1.25 Litre,1.75,3.5,1.75,50.0,half_price,1.25 Litre,$1.40 per litre,SAVE $1.75 | WASS3.50 | Pepsi or Solo Soft Drink | 1.25 Litre $1.40 per litre,96.36,False,,https://caau.syd1.cdn.digitaloceanspaces.com/wp-content/uploads/catalogue/coles/coles-catalogue-september-2-9-2025-vic-metro/8.jpg,https://www.catalogueau.com/coles/#catalogue=coles/coles-catalogue-september-2-9-2025-vic-metro/,save_was_arithmetic,displayed_price;save_was_arithmetic;unit_price,3,verified
Coles,VIC METRO,"Coles Catalogue September 2 - 9, 2025 VIC METRO",2025-09-02,2025-09-09,8,Lipton Ice Tea 1.5 Litre,2.75,5.5,2.75,50.0,half_price,1.5 Litre,$1.83 per litre,SAVE52.75 | WASS5.50 | Lipton Ice Tea 1.5 Litre | $1.83 per litre | VIC-METRO-0309-25-469750,95.94,True,single_price_evidence,https://caau.syd1.cdn.digitaloceanspaces.com/wp-content/uploads/catalogue/coles/coles-catalogue-september-2-9-2025-vic-metro/8.jpg,https://www.catalogueau.com/coles/#catalogue=coles/coles-catalogue-september-2-9-2025-vic-metro/,unit_price,unit_price,1,review
Coles,VIC METRO,"Coles Catalogue September 2 - 9, 2025 VIC METRO",2025-09-02,2025-09-09,8,Kirks Soft Drink 10x375mL,7.5,15.0,7.5,50.0,half_price,10x375mL,$2.00 per litre,SAVES7.50 | WASS15 | Kirks Soft Drink 10x375mL | $2.00 per litre,93.19,False,,https://caau.syd1.cdn.digitaloceanspaces.com/wp-content/uploads/catalogue/coles/coles-catalogue-september-2-9-2025-vic-metro/8.jpg,https://www.catalogueau.com/coles/#catalogue=coles/coles-catalogue-september-2-9-2025-vic-metro/,save_was_arithmetic,save_was_arithmetic;unit_price,2,verified
Coles,VIC METRO,"Coles Catalogue September 2 - 9, 2025 VIC METRO",2025-09-02,2025-09-09,8,Pepsi or Solo Soft Drink or Schweppes Infused Sparkling,9.5,19.0,9.5,50.0,half_price,,$2.53 per litre,Pepsi or Solo Soft Drink or | Schweppes Infused Sparkling | Water 10x375mL $2.53 per litre,96.56,True,offer_labels_missing;regular_and_save_inferred_from_half_price;inferred_price_requires_review,https://caau.syd1.cdn.digitaloceanspaces.com/wp-content/uploads/catalogue/coles/coles-catalogue-september-2-9-2025-vic-metro/8.jpg,https://www.catalogueau.com/coles/#catalogue=coles/coles-catalogue-september-2-9-2025-vic-metro/,displayed_price,displayed_price;grid_inference,1,review
Coles,VIC METRO,"Coles Catalogue September 2 - 9, 2025 VIC METRO",2025-09-02,2025-09-09,9,Maltesers Gift Box 400g,7.75,15.5,7.75,50.0,half_price,400g,$1.94 per 100g,SAVES7.75 | WASS15.50 | Maltesers Gift Box 400g | $1.94 per 100g | 2nd week on sale,94.1,False,,https://caau.syd1.cdn.digitaloceanspaces.com/wp-content/uploads/catalogue/coles/coles-catalogue-september-2-9-2025-vic-metro/9.jpg,https://www.catalogueau.com/coles/#catalogue=coles/coles-catalogue-september-2-9-2025-vic-metro/,save_was_arithmetic,displayed_price;save_was_arithmetic;unit_price,3,verified
Coles,VIC METRO,"Coles Catalogue September 2 - 9, 2025 VIC METRO",2025-09-02,2025-09-09,9,Darrell Lea Rocklea Road Gift Box 290g,9.0,18.0,9.0,50.0,half_price,290g,$3.10 per 100g,SAVES9 | WASS18 | Darrell Lea Rocklea Road Gift | Box 290g $3.10 per 100g,95.44,False,,https://caau.syd1.cdn.digitaloceanspaces.com/wp-content/uploads/catalogue/coles/coles-catalogue-september-2-9-2025-vic-metro/9.jpg,https://www.catalogueau.com/coles/#catalogue=coles/coles-catalogue-september-2-9-2025-vic-metro/,save_was_arithmetic,displayed_price;save_was_arithmetic;unit_price,3,verified
Coles,VIC METRO,"Coles Catalogue September 2 - 9, 2025 VIC METRO",2025-09-02,2025-09-09,9,Cadbury Roses 380g,10.0,20.0,10.0,50.0,half_price,380g,$2.63 per 100g,SAVES10 | WAS$20 | Cadbury Roses 380g | $2.63 per 100g,96.23,False,,https://caau.syd1.cdn.digitaloceanspaces.com/wp-content/uploads/catalogue/coles/coles-catalogue-september-2-9-2025-vic-metro/9.jpg,https://www.catalogueau.com/coles/#catalogue=coles/coles-catalogue-september-2-9-2025-vic-metro/,save_was_arithmetic,displayed_price;save_was_arithmetic;unit_price,3,verified
Coles,VIC METRO,"Coles Catalogue September 2 - 9, 2025 VIC METRO",2025-09-02,2025-09-09,9,Cadbury Favourites 470g,12.0,24.0,12.0,50.0,half_price,470g,$2.55 per 100g,SAVE512 | WAS§24 | Cadbury Favourites 470g | $2.55 per 100g,96.05,False,,https://caau.syd1.cdn.digitaloceanspaces.com/wp-content/uploads/catalogue/coles/coles-catalogue-september-2-9-2025-vic-metro/9.jpg,https://www.catalogueau.com/coles/#catalogue=coles/coles-catalogue-september-2-9-2025-vic-metro/,displayed_price,displayed_price;unit_price,2,verified
Coles,VIC METRO,"Coles Catalogue September 2 - 9, 2025 VIC METRO",2025-09-02,2025-09-09,9,Cadbury Favourites Games Tin 549g,15.0,30.0,15.0,50.0,half_price,549g,$2.73 per 100g,SAVE%15 | WAS$30 | Cadbury Favourites Games | Tin 549g $2.73 per 100g | — | — | —— | IE),96.18,False,,https://caau.syd1.cdn.digitaloceanspaces.com/wp-content/uploads/catalogue/coles/coles-catalogue-september-2-9-2025-vic-metro/9.jpg,https://www.catalogueau.com/coles/#catalogue=coles/coles-catalogue-september-2-9-2025-vic-metro/,save_was_arithmetic,displayed_price;save_was_arithmetic;unit_price,3,verified
Coles,VIC METRO,"Coles Catalogue September 2 - 9, 2025 VIC METRO",2025-09-02,2025-09-09,9,Cadbury Favourites 680g-700g,15.0,30.0,15.0,50.0,half_price,680g; 700g,,SAVES15 | WASS | Cadbury Favourites 680g-700g | On sale for 2 weeks,93.36,True,single_price_evidence,https://caau.syd1.cdn.digitaloceanspaces.com/wp-content/uploads/catalogue/coles/coles-catalogue-september-2-9-2025-vic-metro/9.jpg,https://www.catalogueau.com/coles/#catalogue=coles/coles-catalogue-september-2-9-2025-vic-metro/,displayed_price,displayed_price,1,review
Coles,VIC METRO,"Coles Catalogue September 2 - 9, 2025 VIC METRO",2025-09-02,2025-09-09,9,Toblerone Assorted Tinies 576g,15.0,530.0,515.0,97.17,save_amount,576g,$2.60 per 100g,SAVE515 | Toblerone Assorted Tinies | 576g $2.60 per 100g | On sale for 2 weeks | VIC-METRO-0309-25-469750,95.29,False,,https://caau.syd1.cdn.digitaloceanspaces.com/wp-content/uploads/catalogue/coles/coles-catalogue-september-2-9-2025-vic-metro/9.jpg,https://www.catalogueau.com/coles/#catalogue=coles/coles-catalogue-september-2-9-2025-vic-metro/,displayed_price,displayed_price;unit_price,2,verified
Coles,VIC METRO,"Coles Catalogue September 2 - 9, 2025 VIC METRO",2025-09-02,2025-09-09,9,Ferrero Rocher Diamond Gift Box 300g,16.5,33.0,16.5,50.0,half_price,300g,$5.50 per 100g,"SAVES16,50 | ‘WASS33 | Ferrero Rocher Diamond | Gift Box 300g $5.50 per 100g | 2nd week on sale",96.08,False,,https://caau.syd1.cdn.digitaloceanspaces.com/wp-content/uploads/catalogue/coles/coles-catalogue-september-2-9-2025-vic-metro/9.jpg,https://www.catalogueau.com/coles/#catalogue=coles/coles-catalogue-september-2-9-2025-vic-metro/,save_was_arithmetic,save_was_arithmetic;unit_price,2,verified
Coles,VIC METRO,"Coles Catalogue September 2 - 9, 2025 VIC METRO",2025-09-02,2025-09-09,9,Lindt Cornet 333g,17.0,34.0,17.0,50.0,half_price,333g,$5.11 per 100,SAVE*17 | WASS34 | Lindt Cornet 333g | $5.11 per 100 | On sale for 2 weeks,96.35,False,,https://caau.syd1.cdn.digitaloceanspaces.com/wp-content/uploads/catalogue/coles/coles-catalogue-september-2-9-2025-vic-metro/9.jpg,https://www.catalogueau.com/coles/#catalogue=coles/coles-catalogue-september-2-9-2025-vic-metro/,save_was_arithmetic,displayed_price;save_was_arithmetic;unit_price,3,verified
Coles,VIC METRO,"Coles Catalogue September 2 - 9, 2025 VIC METRO",2025-09-02,2025-09-09,10,Bonds Men's Explorer Wool Socks 1 Pack,8.0,16.0,8.0,50.0,half_price,1 Pack,,SAVES8 | WASS16 | Bonds Men's Explorer | Wool Socks 1 Pack,96.66,True,single_price_evidence,https://caau.syd1.cdn.digitaloceanspaces.com/wp-content/uploads/catalogue/coles/coles-catalogue-september-2-9-2025-vic-metro/10.jpg,https://www.catalogueau.com/coles/#catalogue=coles/coles-catalogue-september-2-9-2025-vic-metro/,save_was_arithmetic,save_was_arithmetic,1,review
Coles,VIC METRO,"Coles Catalogue September 2 - 9, 2025 VIC METRO",2025-09-02,2025-09-09,10,Bonds Men's Logo Lowcut Socks 3 Pack,8.0,16.0,8.0,50.0,half_price,3 Pack,,SAVES8 | WASS16 | Bonds Men's Logo Lowcut | Socks 3 Pack,95.71,False,,https://caau.syd1.cdn.digitaloceanspaces.com/wp-content/uploads/catalogue/coles/coles-catalogue-september-2-9-2025-vic-metro/10.jpg,https://www.catalogueau.com/coles/#catalogue=coles/coles-catalogue-september-2-9-2025-vic-metro/,save_was_arithmetic,displayed_price;save_was_arithmetic,2,verified
Coles,VIC METRO,"Coles Catalogue September 2 - 9, 2025 VIC METRO",2025-09-02,2025-09-09,10,NRG Batteries AA or AAA 14 Pack,8.3,16.6,8.3,50.0,half_price,14 Pack,$0.59 per each,SAVES8.30 “== | WASS16.60 | NRG Batteries AA or AAA | 14 Pack $0.59 per each,96.45,False,,https://caau.syd1.cdn.digitaloceanspaces.com/wp-content/uploads/catalogue/coles/coles-catalogue-september-2-9-2025-vic-metro/10.jpg,https://www.catalogueau.com/coles/#catalogue=coles/coles-catalogue-september-2-9-2025-vic-metro/,save_was_arithmetic,displayed_price;save_was_arithmetic,2,verified
Coles,VIC METRO,"Coles Catalogue September 2 - 9, 2025 VIC METRO",2025-09-02,2025-09-09,10,Brunnings 1 Hour Action Weed Kill Or Fast Action Organic Weed,7.0,14.0,7.0,50.0,half_price,,,"SAVE‘7 | WASS14 | Brunnings 1 Hour Action Weed | Kill Or Fast Action Organic Weed | Kill 1 Litre | "")",95.5,False,,https://caau.syd1.cdn.digitaloceanspaces.com/wp-content/uploads/catalogue/coles/coles-catalogue-september-2-9-2025-vic-metro/10.jpg,https://www.catalogueau.com/coles/#catalogue=coles/coles-catalogue-september-2-9-2025-vic-metro/,save_was_arithmetic,displayed_price;save_was_arithmetic,2,verified
Coles,VIC METRO,"Coles Catalogue September 2 - 9, 2025 VIC METRO",2025-09-02,2025-09-09,10,Sistema Ultra Container 1.3 Litre,8.0,16.0,8.0,50.0,half_price,1.3 Litre,$8.00 per each,SAVES8 | WASS16 | Sistema Ultra Container 1.3 Litre | $8.00 per each | —,96.63,False,,https://caau.syd1.cdn.digitaloceanspaces.com/wp-content/uploads/catalogue/coles/coles-catalogue-september-2-9-2025-vic-metro/10.jpg,https://www.catalogueau.com/coles/#catalogue=coles/coles-catalogue-september-2-9-2025-vic-metro/,save_was_arithmetic,save_was_arithmetic;unit_price,2,verified
Coles,VIC METRO,"Coles Catalogue September 2 - 9, 2025 VIC METRO",2025-09-02,2025-09-09,10,Pyrex Measuring Jug 500mL,6.5,11.0,4.5,40.91,save_amount,500mL,$6.50 per each,SAVE%4.50 | WASS11 | Pyrex Measuring Jug 500mL | $6.50 per each,94.31,False,,https://caau.syd1.cdn.digitaloceanspaces.com/wp-content/uploads/catalogue/coles/coles-catalogue-september-2-9-2025-vic-metro/10.jpg,https://www.catalogueau.com/coles/#catalogue=coles/coles-catalogue-september-2-9-2025-vic-metro/,save_was_arithmetic,displayed_price;save_was_arithmetic;unit_price,3,verified
Coles,VIC METRO,"Coles Catalogue September 2 - 9, 2025 VIC METRO",2025-09-02,2025-09-09,10,Bonds Men's Guyfront Trunk 1 Pack,1.5,3.0,1.5,50.0,half_price,1 Pack,,Bonds Men's Guyfront Trunk | 1 Pack | TExcludes Period and Continence Underwear & clearance items,94.78,True,offer_labels_missing;regular_and_save_inferred_from_half_price;inferred_price_requires_review,https://caau.syd1.cdn.digitaloceanspaces.com/wp-content/uploads/catalogue/coles/coles-catalogue-september-2-9-2025-vic-metro/10.jpg,https://www.catalogueau.com/coles/#catalogue=coles/coles-catalogue-september-2-9-2025-vic-metro/,displayed_price,displayed_price;grid_inference,1,review
Coles,VIC METRO,"Coles Catalogue September 2 - 9, 2025 VIC METRO",2025-09-02,2025-09-09,10,Bamboo Grazing Box or Stainless Steel Margarita Cup with Lid Contents not included,18.0,,,,special,,,"Bamboo Grazing Box or Stainless Steel | Margarita Cup with Lid Contents not included | While stocks last. No rainchecks | Drummond Golf, Stan and",96.48,True,offer_labels_missing;save_amount_missing;regular_price_missing;single_price_evidence,https://caau.syd1.cdn.digitaloceanspaces.com/wp-content/uploads/catalogue/coles/coles-catalogue-september-2-9-2025-vic-metro/10.jpg,https://www.catalogueau.com/coles/#catalogue=coles/coles-catalogue-september-2-9-2025-vic-metro/,displayed_price,displayed_price,1,review
Coles,VIC METRO,"Coles Catalogue September 2 - 9, 2025 VIC METRO",2025-09-02,2025-09-09,11,Tip Top English Muffins 6 Pack > 360g; 360g-400g,3.1,6.2,3.1,50.0,half_price,6 Pack; 360g; 400g,,WASS6.20 | WASS6.20 | Tip Top English Muffins 6 Pack > | 360g; | 360g-400g | a,79.0,True,low_name_confidence_strict;single_price_evidence,https://caau.syd1.cdn.digitaloceanspaces.com/wp-content/uploads/catalogue/coles/coles-catalogue-september-2-9-2025-vic-metro/11.jpg,https://www.catalogueau.com/coles/#catalogue=coles/coles-catalogue-september-2-9-2025-vic-metro/,displayed_price,displayed_price,1,review
Coles,VIC METRO,"Coles Catalogue September 2 - 9, 2025 VIC METRO",2025-09-02,2025-09-09,11,Coles Finest All Butter Croissants 2 Pack 180g,3.5,4.25,0.75,17.65,save_amount,2 Pack; 180g,$1.94 per 100g,WASS$4.25 | WASS$4.25 | Coles Finest All Butter Croissants | 2 Pack 180g $1.94 per 100g | $150,96.03,True,single_price_evidence,https://caau.syd1.cdn.digitaloceanspaces.com/wp-content/uploads/catalogue/coles/coles-catalogue-september-2-9-2025-vic-metro/11.jpg,https://www.catalogueau.com/coles/#catalogue=coles/coles-catalogue-september-2-9-2025-vic-metro/,unit_price,unit_price,1,review
Coles,VIC METRO,"Coles Catalogue September 2 - 9, 2025 VIC METRO",2025-09-02,2025-09-09,11,Nescafé Blend 43 500g,22.0,32.0,10.0,31.25,save_amount,500g,$4.40 per 100g,WAS$32 | WAS$32 | Nescafé Blend 43 500g | $4.40 per 100g,94.68,False,,https://caau.syd1.cdn.digitaloceanspaces.com/wp-content/uploads/catalogue/coles/coles-catalogue-september-2-9-2025-vic-metro/11.jpg,https://www.catalogueau.com/coles/#catalogue=coles/coles-catalogue-september-2-9-2025-vic-metro/,displayed_price,displayed_price;unit_price,2,verified
Coles,VIC METRO,"Coles Catalogue September 2 - 9, 2025 VIC METRO",2025-09-02,2025-09-09,11,Western Star Spreadable Blend 375g,4.8,6.0,1.2,20.0,save_amount,375g,$1.28 per 100g,WASS6 | WASS6 | Western Star Spreadable Blend | 375g $1.28 per 100g. | 2nd week on sale,79.0,True,low_name_confidence_strict,https://caau.syd1.cdn.digitaloceanspaces.com/wp-content/uploads/catalogue/coles/coles-catalogue-september-2-9-2025-vic-metro/11.jpg,https://www.catalogueau.com/coles/#catalogue=coles/coles-catalogue-september-2-9-2025-vic-metro/,displayed_price,displayed_price;unit_price,2,review
Coles,VIC METRO,"Coles Catalogue September 2 - 9, 2025 VIC METRO",2025-09-02,2025-09-09,11,Primo Rindless Short Cut Bacon,15.0,21.0,6.0,28.57,save_amount,,$15.00 per kg,WASS21ig | WASS21ig | Primo Rindless Short Cut Bacon | $15.00 per kg. Selected stores only*. | 2nd week on sale | VIC-METRO-0309-25-469750,94.87,True,single_price_evidence,https://caau.syd1.cdn.digitaloceanspaces.com/wp-content/uploads/catalogue/coles/coles-catalogue-september-2-9-2025-vic-metro/11.jpg,https://www.catalogueau.com/coles/#catalogue=coles/coles-catalogue-september-2-9-2025-vic-metro/,displayed_price,displayed_price,1,review
Coles,VIC METRO,"Coles Catalogue September 2 - 9, 2025 VIC METRO",2025-09-02,2025-09-09,11,Coles Finest Sausages 450g-500g,8.0,9.0,1.0,11.11,save_amount,450g; 500g,,WASS9 | WASS9 | Coles Finest Sausages | 450g-500g | *For locations of Deli counter stores visit coles.com.au/range-availability,94.55,True,single_price_evidence,https://caau.syd1.cdn.digitaloceanspaces.com/wp-content/uploads/catalogue/coles/coles-catalogue-september-2-9-2025-vic-metro/11.jpg,https://www.catalogueau.com/coles/#catalogue=coles/coles-catalogue-september-2-9-2025-vic-metro/,displayed_price,displayed_price,1,review
Coles,VIC METRO,"Coles Catalogue September 2 - 9, 2025 VIC METRO",2025-09-02,2025-09-09,11,Hallmark Father's Day Card Range may vary by store,6.0,,,,special,,,Hallmark Father's Day Card | Range may vary by store,96.51,True,offer_labels_missing;save_amount_missing;regular_price_missing;inferred_price_requires_review,https://caau.syd1.cdn.digitaloceanspaces.com/wp-content/uploads/catalogue/coles/coles-catalogue-september-2-9-2025-vic-metro/11.jpg,https://www.catalogueau.com/coles/#catalogue=coles/coles-catalogue-september-2-9-2025-vic-metro/,displayed_price,displayed_price;grid_inference,1,review
Coles,VIC METRO,"Coles Catalogue September 2 - 9, 2025 VIC METRO",2025-09-02,2025-09-09,13,La Espanola Olive Oil 500mL,8.0,16.0,8.0,50.0,half_price,500mL,$1.60 per 100mL,WASS16 | WASS16 | La Espanola Olive Oil 500mL | $1.60 per 100mL. | On sale for 2 weeks,90.02,False,,https://caau.syd1.cdn.digitaloceanspaces.com/wp-content/uploads/catalogue/coles/coles-catalogue-september-2-9-2025-vic-metro/13.jpg,https://www.catalogueau.com/coles/#catalogue=coles/coles-catalogue-september-2-9-2025-vic-metro/,displayed_price,displayed_price;unit_price,2,verified
Coles,VIC METRO,"Coles Catalogue September 2 - 9, 2025 VIC METRO",2025-09-02,2025-09-09,13,Coles Mexican Seasoning Mix 40g,1.45,,,,special,40g,$3.63 per 100g,Coles Mexican Seasoning Mix | 40g $3.63 per 100g,96.4,True,single_price_evidence,https://caau.syd1.cdn.digitaloceanspaces.com/wp-content/uploads/catalogue/coles/coles-catalogue-september-2-9-2025-vic-metro/13.jpg,https://www.catalogueau.com/coles/#catalogue=coles/coles-catalogue-september-2-9-2025-vic-metro/,unit_price,unit_price,1,review
Coles,VIC METRO,"Coles Catalogue September 2 - 9, 2025 VIC METRO",2025-09-02,2025-09-09,13,Coles Mexican Sauce 240g,3.15,,,,special,240g,$1.31 per 100g,Coles Mexican Sauce 240g | $1.31 per 100g,96.22,True,single_price_evidence,https://caau.syd1.cdn.digitaloceanspaces.com/wp-content/uploads/catalogue/coles/coles-catalogue-september-2-9-2025-vic-metro/13.jpg,https://www.catalogueau.com/coles/#catalogue=coles/coles-catalogue-september-2-9-2025-vic-metro/,unit_price,unit_price,1,review
Coles,VIC METRO,"Coles Catalogue September 2 - 9, 2025 VIC METRO",2025-09-02,2025-09-09,13,Coles Kitchen Mexican Style Salad Kit 400g Pack,9.5,,,,special,400g,$11.25 per kg,Coles Kitchen Mexican | Style Salad Kit 400g Pack | $11.25 per kg | oes,96.77,True,offer_labels_missing;save_amount_missing;regular_price_missing;unit_price_conflict;single_price_evidence,https://caau.syd1.cdn.digitaloceanspaces.com/wp-content/uploads/catalogue/coles/coles-catalogue-september-2-9-2025-vic-metro/13.jpg,https://www.catalogueau.com/coles/#catalogue=coles/coles-catalogue-september-2-9-2025-vic-metro/,displayed_price,displayed_price,1,review
Coles,VIC METRO,"Coles Catalogue September 2 - 9, 2025 VIC METRO",2025-09-02,2025-09-09,13,Coles Street Tortilla Wraps 10 Pack 280g,3.5,,,,special,10 Pack; 280g,$1.25 per 100g,Coles Street Tortilla Wraps | 10 Pack 280g $1.25 per 100g | VIC-METRO-0309-25-469750,96.42,False,,https://caau.syd1.cdn.digitaloceanspaces.com/wp-content/uploads/catalogue/coles/coles-catalogue-september-2-9-2025-vic-metro/13.jpg,https://www.catalogueau.com/coles/#catalogue=coles/coles-catalogue-september-2-9-2025-vic-metro/,displayed_price,displayed_price;unit_price,2,verified
Coles,VIC METRO,"Coles Catalogue September 2 - 9, 2025 VIC METRO",2025-09-02,2025-09-09,13,Coles Sour Cream 300g,3.3,,,,special,300g,$1.10 per 100g,Coles Sour Cream 300g | $1.10 per 100g,96.47,False,,https://caau.syd1.cdn.digitaloceanspaces.com/wp-content/uploads/catalogue/coles/coles-catalogue-september-2-9-2025-vic-metro/13.jpg,https://www.catalogueau.com/coles/#catalogue=coles/coles-catalogue-september-2-9-2025-vic-metro/,displayed_price,displayed_price;unit_price,2,verified
Coles,VIC METRO,"Coles Catalogue September 2 - 9, 2025 VIC METRO",2025-09-02,2025-09-09,14,Coles Bakery Tear & Share,4.0,5.0,1.0,20.0,save_amount,,$4.00 per each,WASS5 | WASS5 | Coles Bakery Tear & Share | $4.00 per each. | Selected stores only | en. | — | =n),95.77,False,,https://caau.syd1.cdn.digitaloceanspaces.com/wp-content/uploads/catalogue/coles/coles-catalogue-september-2-9-2025-vic-metro/14.jpg,https://www.catalogueau.com/coles/#catalogue=coles/coles-catalogue-september-2-9-2025-vic-metro/,displayed_price,displayed_price;unit_price,2,verified
Coles,VIC METRO,"Coles Catalogue September 2 - 9, 2025 VIC METRO",2025-09-02,2025-09-09,14,Cadbury Cake Bars or Mini Rolls 5 Pack 105g-125g,3.9,6.5,2.6,40.0,save_amount,5 Pack; 105g; 125g,,WAS$6.50 | WAS$6.50 | Cadbury Cake Bars or Mini | Rolls 5 Pack 105g-125g | ry ~~ | ‘ | — | \,94.9,True,single_price_evidence,https://caau.syd1.cdn.digitaloceanspaces.com/wp-content/uploads/catalogue/coles/coles-catalogue-september-2-9-2025-vic-metro/14.jpg,https://www.catalogueau.com/coles/#catalogue=coles/coles-catalogue-september-2-9-2025-vic-metro/,displayed_price,displayed_price,1,review
Coles,VIC METRO,"Coles Catalogue September 2 - 9, 2025 VIC METRO",2025-09-02,2025-09-09,14,Coles Bakery Stone Baked by Laurent Mini Pane di Casa,2.5,,,,special,,$2.50 per each,Coles Bakery Stone Baked by | Laurent Mini Pane di Casa | $2.50 per each. Selected stores only,96.4,True,single_price_evidence,https://caau.syd1.cdn.digitaloceanspaces.com/wp-content/uploads/catalogue/coles/coles-catalogue-september-2-9-2025-vic-metro/14.jpg,https://www.catalogueau.com/coles/#catalogue=coles/coles-catalogue-september-2-9-2025-vic-metro/,unit_price,unit_price,1,review
Coles,VIC METRO,"Coles Catalogue September 2 - 9, 2025 VIC METRO",2025-09-02,2025-09-09,14,Coles Muffins 4 Pack 420g or 9 Pack 315g,4.5,,,,special,4 Pack; 420g; 9 Pack; 315g,,Coles Muffins 4 Pack 420g | or 9 Pack 315g,95.61,True,offer_labels_missing;save_amount_missing;regular_price_missing;single_price_evidence,https://caau.syd1.cdn.digitaloceanspaces.com/wp-content/uploads/catalogue/coles/coles-catalogue-september-2-9-2025-vic-metro/14.jpg,https://www.catalogueau.com/coles/#catalogue=coles/coles-catalogue-september-2-9-2025-vic-metro/,displayed_price,displayed_price,1,review
Coles,VIC METRO,"Coles Catalogue September 2 - 9, 2025 VIC METRO",2025-09-02,2025-09-09,14,Simson's Pantry Low Carb High Protein White Wraps 5 Pack 225g,4.7,,,,special,5 Pack; 225g,$2.09 per 100g,Simson's Pantry Low Carb High | Protein White Wraps 5 Pack 225g | $2.09 per 100g | ——,95.8,False,,https://caau.syd1.cdn.digitaloceanspaces.com/wp-content/uploads/catalogue/coles/coles-catalogue-september-2-9-2025-vic-metro/14.jpg,https://www.catalogueau.com/coles/#catalogue=coles/coles-catalogue-september-2-9-2025-vic-metro/,displayed_price,displayed_price;unit_price,2,verified
Coles,VIC METRO,"Coles Catalogue September 2 - 9, 2025 VIC METRO",2025-09-02,2025-09-09,14,Tip Top Thins 6 Pack 240g,3.0,,,,special,6 Pack; 240g,$1.25 per 100g,Tip Top Thins 6 Pack 240g | $1.25 per 100g | -_ | Te,96.14,False,,https://caau.syd1.cdn.digitaloceanspaces.com/wp-content/uploads/catalogue/coles/coles-catalogue-september-2-9-2025-vic-metro/14.jpg,https://www.catalogueau.com/coles/#catalogue=coles/coles-catalogue-september-2-9-2025-vic-metro/,displayed_price,displayed_price;unit_price,2,verified
Coles,VIC METRO,"Coles Catalogue September 2 - 9, 2025 VIC METRO",2025-09-02,2025-09-09,14,VIC-METRO-0309-25-469750,11.0,,,,special,,,a | VIC-METRO-0309-25-469750,74.93,True,offer_labels_missing;save_amount_missing;regular_price_missing;low_name_confidence_strict;single_price_evidence,https://caau.syd1.cdn.digitaloceanspaces.com/wp-content/uploads/catalogue/coles/coles-catalogue-september-2-9-2025-vic-metro/14.jpg,https://www.catalogueau.com/coles/#catalogue=coles/coles-catalogue-september-2-9-2025-vic-metro/,displayed_price,displayed_price,1,review
Coles,VIC METRO,"Coles Catalogue September 2 - 9, 2025 VIC METRO",2025-09-02,2025-09-09,15,Coles Finest Triple Cream Brie 200g,5.0,5.5,0.5,9.09,save_amount,200g,$25.00 per kg,WAS$5.50 | WAS$5.50 | JUN 2025 | Coles Finest Triple Cream | Brie 200g $25.00 per kg,96.33,False,,https://caau.syd1.cdn.digitaloceanspaces.com/wp-content/uploads/catalogue/coles/coles-catalogue-september-2-9-2025-vic-metro/15.jpg,https://www.catalogueau.com/coles/#catalogue=coles/coles-catalogue-september-2-9-2025-vic-metro/,displayed_price,displayed_price;unit_price,2,verified
Coles,VIC METRO,"Coles Catalogue September 2 - 9, 2025 VIC METRO",2025-09-02,2025-09-09,15,Coles Finest by Laurent Sourdough Vienna or Cob,6.25,,,,down_down,,$6.25 per each,Coles Finest by Laurent | Sourdough Vienna or Cob | $6.25 per each. | Selected stores only,96.62,False,,https://caau.syd1.cdn.digitaloceanspaces.com/wp-content/uploads/catalogue/coles/coles-catalogue-september-2-9-2025-vic-metro/15.jpg,https://www.catalogueau.com/coles/#catalogue=coles/coles-catalogue-september-2-9-2025-vic-metro/,displayed_price,displayed_price;unit_price,2,verified
Coles,VIC METRO,"Coles Catalogue September 2 - 9, 2025 VIC METRO",2025-09-02,2025-09-09,15,Coles Finest Spanish Truffle Cheese 140g,7.0,,,,down_down,140g,$50.00 per kg,Coles Finest Spanish Truffle | Cheese 140g $50.00 per kg | @,96.31,False,,https://caau.syd1.cdn.digitaloceanspaces.com/wp-content/uploads/catalogue/coles/coles-catalogue-september-2-9-2025-vic-metro/15.jpg,https://www.catalogueau.com/coles/#catalogue=coles/coles-catalogue-september-2-9-2025-vic-metro/,displayed_price,displayed_price;unit_price,2,verified
Coles,VIC METRO,"Coles Catalogue September 2 - 9, 2025 VIC METRO",2025-09-02,2025-09-09,15,Coles Finest Chicken Breasts Wrapped in Prosciutto 500g,25.0,,,,special,500g,$25.00 per kg,Coles Finest Chicken Breasts | Wrapped in Prosciutto 500g | $25.00 per kg,96.06,True,offer_labels_missing;save_amount_missing;regular_price_missing;unit_price_conflict;single_price_evidence,https://caau.syd1.cdn.digitaloceanspaces.com/wp-content/uploads/catalogue/coles/coles-catalogue-september-2-9-2025-vic-metro/15.jpg,https://www.catalogueau.com/coles/#catalogue=coles/coles-catalogue-september-2-9-2025-vic-metro/,displayed_price,displayed_price,1,review
Coles,VIC METRO,"Coles Catalogue September 2 - 9, 2025 VIC METRO",2025-09-02,2025-09-09,15,Coles Finest Hot Chilli Honey Cheese Bites 200g,12.0,,,,special,200g,$3.00 per 100g,Coles Finest Hot Chilli Honey | Cheese Bites 200g | $3.00 per 100g | VIC-METRO-0309-25-469750,96.11,True,offer_labels_missing;save_amount_missing;regular_price_missing;unit_price_conflict;single_price_evidence,https://caau.syd1.cdn.digitaloceanspaces.com/wp-content/uploads/catalogue/coles/coles-catalogue-september-2-9-2025-vic-metro/15.jpg,https://www.catalogueau.com/coles/#catalogue=coles/coles-catalogue-september-2-9-2025-vic-metro/,displayed_price,displayed_price,1,review
Coles,VIC METRO,"Coles Catalogue September 2 - 9, 2025 VIC METRO",2025-09-02,2025-09-09,15,Coles Finest Pumpkin & Sage Arancini with Cheese 200g,12.0,,,,special,200g,$3.00 per 100g,Coles Finest Pumpkin & | Sage Arancini with Cheese | 200g $3.00 per 100g | 100g | 15,79.0,True,offer_labels_missing;save_amount_missing;regular_price_missing;unit_price_conflict;low_name_confidence_strict;single_price_evidence,https://caau.syd1.cdn.digitaloceanspaces.com/wp-content/uploads/catalogue/coles/coles-catalogue-september-2-9-2025-vic-metro/15.jpg,https://www.catalogueau.com/coles/#catalogue=coles/coles-catalogue-september-2-9-2025-vic-metro/,displayed_price,displayed_price,1,review
Coles,VIC METRO,"Coles Catalogue September 2 - 9, 2025 VIC METRO",2025-09-02,2025-09-09,16,Coles Australian Pork Mince 3 Star Regular 500g,5.0,,,,special,500g,$10.00 per kg,Coles Australian Pork Mince 3 Star Regular 500g | $10.00 per kg,96.45,False,,https://caau.syd1.cdn.digitaloceanspaces.com/wp-content/uploads/catalogue/coles/coles-catalogue-september-2-9-2025-vic-metro/16.jpg,https://www.catalogueau.com/coles/#catalogue=coles/coles-catalogue-september-2-9-2025-vic-metro/,displayed_price,displayed_price;unit_price,2,verified
Coles,VIC METRO,"Coles Catalogue September 2 - 9, 2025 VIC METRO",2025-09-02,2025-09-09,16,Coles Australian No Added Hormones Beef Sizzle Steak 400g,12.0,,,,special,400g,$30.00 per kg,Coles Australian No Added Hormones Beef Sizzle | Steak 400g $30.00 per kg,96.28,False,,https://caau.syd1.cdn.digitaloceanspaces.com/wp-content/uploads/catalogue/coles/coles-catalogue-september-2-9-2025-vic-metro/16.jpg,https://www.catalogueau.com/coles/#catalogue=coles/coles-catalogue-september-2-9-2025-vic-metro/,displayed_price,displayed_price;unit_price,2,verified
Coles,VIC METRO,"Coles Catalogue September 2 - 9, 2025 VIC METRO",2025-09-02,2025-09-09,16,Coles Free Range RSPCA Approved Chicken Breast Large Pack,132.5,,,,special,,$13.50 per kg,Coles Free Range RSPCA Approved Chicken | Breast Large Pack $13.50 per kg,96.47,True,offer_labels_missing;save_amount_missing;regular_price_missing;single_price_evidence,https://caau.syd1.cdn.digitaloceanspaces.com/wp-content/uploads/catalogue/coles/coles-catalogue-september-2-9-2025-vic-metro/16.jpg,https://www.catalogueau.com/coles/#catalogue=coles/coles-catalogue-september-2-9-2025-vic-metro/,displayed_price,displayed_price,1,review
Coles,VIC METRO,"Coles Catalogue September 2 - 9, 2025 VIC METRO",2025-09-02,2025-09-09,17,Coles Australian Lamb Leg Roast Boneless,19.0,22.0,3.0,13.64,save_amount,,$19.00 per kg,WASS 22k | WASS 22k | Coles Australian Lamb Leg | Roast Boneless $19.00 per kg,96.01,True,single_price_evidence,https://caau.syd1.cdn.digitaloceanspaces.com/wp-content/uploads/catalogue/coles/coles-catalogue-september-2-9-2025-vic-metro/17.jpg,https://www.catalogueau.com/coles/#catalogue=coles/coles-catalogue-september-2-9-2025-vic-metro/,displayed_price,displayed_price,1,review
Coles,VIC METRO,"Coles Catalogue September 2 - 9, 2025 VIC METRO",2025-09-02,2025-09-09,17,Coles Australian Pork Shoulder Roast Boneless,9.0,11.0,2.0,18.18,save_amount,,$9.00 per kg,WASS 11g | WASS 11g | Coles Australian Pork Shoulder | Roast Boneless $9.00 per kg. | On sale for 2 weeks | i | nl | we,96.02,True,single_price_evidence,https://caau.syd1.cdn.digitaloceanspaces.com/wp-content/uploads/catalogue/coles/coles-catalogue-september-2-9-2025-vic-metro/17.jpg,https://www.catalogueau.com/coles/#catalogue=coles/coles-catalogue-september-2-9-2025-vic-metro/,displayed_price,displayed_price,1,review
Coles,VIC METRO,"Coles Catalogue September 2 - 9, 2025 VIC METRO",2025-09-02,2025-09-09,17,Coles Australian Lamb Loin Chops,24.0,31.0,7.0,22.58,save_amount,,$24.00 per kg,WASS31kq | WASS31kq | Coles Australian Lamb Loin Chops | $24.00 per kg. 2nd week on sale,96.38,True,single_price_evidence,https://caau.syd1.cdn.digitaloceanspaces.com/wp-content/uploads/catalogue/coles/coles-catalogue-september-2-9-2025-vic-metro/17.jpg,https://www.catalogueau.com/coles/#catalogue=coles/coles-catalogue-september-2-9-2025-vic-metro/,displayed_price,displayed_price,1,review
Coles,VIC METRO,"Coles Catalogue September 2 - 9, 2025 VIC METRO",2025-09-02,2025-09-09,17,Coles Australian Pork Spare Ribs,19.0,22.0,3.0,13.64,save_amount,,$19.00 per kg,WASS22kg | WASS22kg | Coles Australian Pork Spare Ribs | $19.00 per kg. On sale for 2 weeks | a) EE | { PO,96.22,True,single_price_evidence,https://caau.syd1.cdn.digitaloceanspaces.com/wp-content/uploads/catalogue/coles/coles-catalogue-september-2-9-2025-vic-metro/17.jpg,https://www.catalogueau.com/coles/#catalogue=coles/coles-catalogue-september-2-9-2025-vic-metro/,displayed_price,displayed_price,1,review
Coles,VIC METRO,"Coles Catalogue September 2 - 9, 2025 VIC METRO",2025-09-02,2025-09-09,17,Coles Australian No Added Hormones Porterhouse Steak with Thyme & Pepper Butter 500g,17.0,20.0,3.0,15.0,save_amount,500g,$34.00 per kg,‘WAS$20 | ‘WAS$20 | MADE | Coles Australian No Added | Hormones Porterhouse Steak | with Thyme & Pepper Butter 500g | $34.00 per kg | Ss,95.85,False,,https://caau.syd1.cdn.digitaloceanspaces.com/wp-content/uploads/catalogue/coles/coles-catalogue-september-2-9-2025-vic-metro/17.jpg,https://www.catalogueau.com/coles/#catalogue=coles/coles-catalogue-september-2-9-2025-vic-metro/,displayed_price,displayed_price;unit_price,2,verified
Coles,VIC METRO,"Coles Catalogue September 2 - 9, 2025 VIC METRO",2025-09-02,2025-09-09,17,Coles Australian No Added Hormones Beef Roast Topside,17.0,19.14,2.14,11.18,save_amount,,$17.00 per kg,WASS 1914 | WASS 1914 | Coles Australian No Added | Hormones Beef Roast Topside | $17.00 per kg | SS | ey | TAL Ad,96.32,True,single_price_evidence,https://caau.syd1.cdn.digitaloceanspaces.com/wp-content/uploads/catalogue/coles/coles-catalogue-september-2-9-2025-vic-metro/17.jpg,https://www.catalogueau.com/coles/#catalogue=coles/coles-catalogue-september-2-9-2025-vic-metro/,displayed_price,displayed_price,1,review
Coles,VIC METRO,"Coles Catalogue September 2 - 9, 2025 VIC METRO",2025-09-02,2025-09-09,17,Coles RSPCA Approved Chicken Kebabs Honey & Soy 375g,7.0,8.0,1.0,12.5,save_amount,375g,$18.67 per kg,WASS8 | WASS8 | Coles RSPCA Approved Chicken | Kebabs Honey & Soy 375g | $18.67 per kg,96.01,False,,https://caau.syd1.cdn.digitaloceanspaces.com/wp-content/uploads/catalogue/coles/coles-catalogue-september-2-9-2025-vic-metro/17.jpg,https://www.catalogueau.com/coles/#catalogue=coles/coles-catalogue-september-2-9-2025-vic-metro/,displayed_price,displayed_price;unit_price,2,verified
Coles,VIC METRO,"Coles Catalogue September 2 - 9, 2025 VIC METRO",2025-09-02,2025-09-09,17,Coles Made Easy Slow Cooked Beef Stroganoff with Creamy Sauce 500g,11.0,13.0,2.0,15.38,save_amount,500g,$22.00 per kg,WASS13 | WASS13 | Coles Made Easy Slow Cooked Beef | Stroganoff with Creamy Sauce 500g | $22.00 per kg | VIC-METRO-0309-25-469750,96.38,False,,https://caau.syd1.cdn.digitaloceanspaces.com/wp-content/uploads/catalogue/coles/coles-catalogue-september-2-9-2025-vic-metro/17.jpg,https://www.catalogueau.com/coles/#catalogue=coles/coles-catalogue-september-2-9-2025-vic-metro/,displayed_price,displayed_price;unit_price,2,verified
Coles,VIC METRO,"Coles Catalogue September 2 - 9, 2025 VIC METRO",2025-09-02,2025-09-09,18,Coles Australian Mini Apples 1kg Pack,3.9,,,,down_down,1kg,$3.90 per kg,Coles Australian Mini Apples 1kg Pack | $3.90 per kg | —_*,94.16,True,single_price_evidence,https://caau.syd1.cdn.digitaloceanspaces.com/wp-content/uploads/catalogue/coles/coles-catalogue-september-2-9-2025-vic-metro/18.jpg,https://www.catalogueau.com/coles/#catalogue=coles/coles-catalogue-september-2-9-2025-vic-metro/,unit_price,unit_price,1,review
Coles,VIC METRO,"Coles Catalogue September 2 - 9, 2025 VIC METRO",2025-09-02,2025-09-09,18,Coles Australian Roasted & Salted Peanuts 400g Pack,4.0,,,,down_down,400g,$10.00 per kg,Coles Australian Roasted & Salted Peanuts | 400g Pack $10.00 per kg | VIC-METRO-0309-25-469750,96.03,False,,https://caau.syd1.cdn.digitaloceanspaces.com/wp-content/uploads/catalogue/coles/coles-catalogue-september-2-9-2025-vic-metro/18.jpg,https://www.catalogueau.com/coles/#catalogue=coles/coles-catalogue-september-2-9-2025-vic-metro/,displayed_price,displayed_price;unit_price,2,verified
Coles,VIC METRO,"Coles Catalogue September 2 - 9, 2025 VIC METRO",2025-09-02,2025-09-09,18,"Coles Australian Classic Coleslaw, Pasta or Potato Salad 400g Pack",5.0,,,,down_down,400g,$12.50 per kg,"Coles Australian Classic Coleslaw, Pasta or | Potato Salad 400g Pack $12.50 per kg",96.57,False,,https://caau.syd1.cdn.digitaloceanspaces.com/wp-content/uploads/catalogue/coles/coles-catalogue-september-2-9-2025-vic-metro/18.jpg,https://www.catalogueau.com/coles/#catalogue=coles/coles-catalogue-september-2-9-2025-vic-metro/,displayed_price,displayed_price;unit_price,2,verified
Coles,VIC METRO,"Coles Catalogue September 2 - 9, 2025 VIC METRO",2025-09-02,2025-09-09,19,Coles Australian Dry Roasted or Natural Almonds 750g Pack,14.0,16.0,2.0,12.5,save_amount,750g,$18.67 per kg,WASS16 | WASS16 | Coles Australian Dry Roasted | or Natural Almonds 750g Pack | $18.67 per kg,96.29,False,,https://caau.syd1.cdn.digitaloceanspaces.com/wp-content/uploads/catalogue/coles/coles-catalogue-september-2-9-2025-vic-metro/19.jpg,https://www.catalogueau.com/coles/#catalogue=coles/coles-catalogue-september-2-9-2025-vic-metro/,displayed_price,displayed_price;unit_price,2,verified
Coles,VIC METRO,"Coles Catalogue September 2 - 9, 2025 VIC METRO",2025-09-02,2025-09-09,19,Australian Packham Pears,3.5,,,,special,,$3.50 per kg,Australian Packham Pears | $3.50 per kg,96.38,True,offer_labels_missing;save_amount_missing;regular_price_missing;single_price_evidence,https://caau.syd1.cdn.digitaloceanspaces.com/wp-content/uploads/catalogue/coles/coles-catalogue-september-2-9-2025-vic-metro/19.jpg,https://www.catalogueau.com/coles/#catalogue=coles/coles-catalogue-september-2-9-2025-vic-metro/,displayed_price,displayed_price,1,review
Coles,VIC METRO,"Coles Catalogue September 2 - 9, 2025 VIC METRO",2025-09-02,2025-09-09,19,Coles Australian Family Broccolini Pack,5.7,,,,special,,$5.70 per each,Coles Australian | Family Broccolini Pack | $5.70 per each | o——-,94.76,False,,https://caau.syd1.cdn.digitaloceanspaces.com/wp-content/uploads/catalogue/coles/coles-catalogue-september-2-9-2025-vic-metro/19.jpg,https://www.catalogueau.com/coles/#catalogue=coles/coles-catalogue-september-2-9-2025-vic-metro/,displayed_price,displayed_price;unit_price,2,verified
Coles,VIC METRO,"Coles Catalogue September 2 - 9, 2025 VIC METRO",2025-09-02,2025-09-09,19,Single sell,6.0,,,,special,,,Single sell $1.70 each. | $1.50 each when you buy 4,96.71,True,offer_labels_missing;save_amount_missing;regular_price_missing;single_price_evidence,https://caau.syd1.cdn.digitaloceanspaces.com/wp-content/uploads/catalogue/coles/coles-catalogue-september-2-9-2025-vic-metro/19.jpg,https://www.catalogueau.com/coles/#catalogue=coles/coles-catalogue-september-2-9-2025-vic-metro/,displayed_price,displayed_price,1,review
Coles,VIC METRO,"Coles Catalogue September 2 - 9, 2025 VIC METRO",2025-09-02,2025-09-09,19,Coles Australian Organic Carrots Tkg Bag,5.0,,,,special,,$5.00 per kg,Coles Australian Organic Carrots | Tkg Bag $5.00 per kg | ==,79.0,True,offer_labels_missing;save_amount_missing;regular_price_missing;low_name_confidence_strict;single_price_evidence,https://caau.syd1.cdn.digitaloceanspaces.com/wp-content/uploads/catalogue/coles/coles-catalogue-september-2-9-2025-vic-metro/19.jpg,https://www.catalogueau.com/coles/#catalogue=coles/coles-catalogue-september-2-9-2025-vic-metro/,displayed_price,displayed_price,1,review
Coles,VIC METRO,"Coles Catalogue September 2 - 9, 2025 VIC METRO",2025-09-02,2025-09-09,20,CAFO Ong AUG 2:,19.0,,,,special,,$41.30 per kg,WAS | WAS | CAFO Ong | AUG 2: | Coles Tasmanian Salmon | Portions Skin Off 4 Pack 460g | $41.30 per kg. From the | Meat department,43.82,True,save_amount_missing;regular_price_missing;low_ocr_confidence;low_name_confidence_strict;single_price_evidence,https://caau.syd1.cdn.digitaloceanspaces.com/wp-content/uploads/catalogue/coles/coles-catalogue-september-2-9-2025-vic-metro/20.jpg,https://www.catalogueau.com/coles/#catalogue=coles/coles-catalogue-september-2-9-2025-vic-metro/,displayed_price,displayed_price,1,review
Coles,VIC METRO,"Coles Catalogue September 2 - 9, 2025 VIC METRO",2025-09-02,2025-09-09,20,Bertocchi Soppressa,34.0,39.0,5.0,12.82,save_amount,,$34.00 per kg,WAS$39kg | WAS$39kg | Bertocchi Soppressa | $34.00 per kg. | Selected stores only*,92.13,True,single_price_evidence,https://caau.syd1.cdn.digitaloceanspaces.com/wp-content/uploads/catalogue/coles/coles-catalogue-september-2-9-2025-vic-metro/20.jpg,https://www.catalogueau.com/coles/#catalogue=coles/coles-catalogue-september-2-9-2025-vic-metro/,displayed_price,displayed_price,1,review
Coles,VIC METRO,"Coles Catalogue September 2 - 9, 2025 VIC METRO",2025-09-02,2025-09-09,20,Coles Rindless Bacon 200g,8.0,11.0,3.0,27.27,save_amount,200g,$20.00 per kg,SAVE ‘3 | Coles Rindless Bacon 200g | $20.00 per kg | ee | fips | ves,93.81,True,unit_price_conflict;single_price_evidence,https://caau.syd1.cdn.digitaloceanspaces.com/wp-content/uploads/catalogue/coles/coles-catalogue-september-2-9-2025-vic-metro/20.jpg,https://www.catalogueau.com/coles/#catalogue=coles/coles-catalogue-september-2-9-2025-vic-metro/,displayed_price,displayed_price,1,review
Coles,VIC METRO,"Coles Catalogue September 2 - 9, 2025 VIC METRO",2025-09-02,2025-09-09,20,Coles Pre-Packed Antipasto 110g-135g Selected stores only*,6.0,7.0,1.0,14.29,save_amount,110g; 135g,,SAVES1 | Coles Pre-Packed Antipasto | 110g-135g Selected stores only* | Sn,93.62,True,single_price_evidence,https://caau.syd1.cdn.digitaloceanspaces.com/wp-content/uploads/catalogue/coles/coles-catalogue-september-2-9-2025-vic-metro/20.jpg,https://www.catalogueau.com/coles/#catalogue=coles/coles-catalogue-september-2-9-2025-vic-metro/,displayed_price,displayed_price,1,review
Coles,VIC METRO,"Coles Catalogue September 2 - 9, 2025 VIC METRO",2025-09-02,2025-09-09,20,Austral MSC Certified Thawed Raw King Prawns,21.0,,,,special,,$21.00 per kg,WAS | WAS | Austral MSC Certified Thawed | Raw King Prawns $21.00 per kg. | Selected stores only*. | On sale for 2 weeks,96.42,True,save_amount_missing;regular_price_missing;single_price_evidence,https://caau.syd1.cdn.digitaloceanspaces.com/wp-content/uploads/catalogue/coles/coles-catalogue-september-2-9-2025-vic-metro/20.jpg,https://www.catalogueau.com/coles/#catalogue=coles/coles-catalogue-september-2-9-2025-vic-metro/,displayed_price,displayed_price,1,review
Coles,VIC METRO,"Coles Catalogue September 2 - 9, 2025 VIC METRO",2025-09-02,2025-09-09,20,Coles Honey Sliced Ham 100g,2.5,,,,special,100g,$25.00 per kg,Coles Honey Sliced Ham 100g | $25.00 per kg | ¥ | 2 | =>,96.47,False,,https://caau.syd1.cdn.digitaloceanspaces.com/wp-content/uploads/catalogue/coles/coles-catalogue-september-2-9-2025-vic-metro/20.jpg,https://www.catalogueau.com/coles/#catalogue=coles/coles-catalogue-september-2-9-2025-vic-metro/,displayed_price,displayed_price;unit_price,2,verified
Coles,VIC METRO,"Coles Catalogue September 2 - 9, 2025 VIC METRO",2025-09-02,2025-09-09,20,AUG 2: Coles Tasmanian Salmon Portions Skin Off 4 Pack 460g,19.0,,,,down_down,4 Pack; 460g,$41.30 per kg,AUG 2: | Coles Tasmanian Salmon | Portions Skin Off 4 Pack 460g | $41.30 per kg. From the | Meat department,79.0,True,low_name_confidence_strict,https://caau.syd1.cdn.digitaloceanspaces.com/wp-content/uploads/catalogue/coles/coles-catalogue-september-2-9-2025-vic-metro/20.jpg,https://www.catalogueau.com/coles/#catalogue=coles/coles-catalogue-september-2-9-2025-vic-metro/,displayed_price,displayed_price;unit_price,2,review
Coles,VIC METRO,"Coles Catalogue September 2 - 9, 2025 VIC METRO",2025-09-02,2025-09-09,20,Coles Tasmanian Fresh Salmon Skin On Portions,32.32,,,,special,,$32.00 per kg,Coles Tasmanian Fresh Salmon | Skin On Portions $32.00 per kg. | Selected stores only*. | On sale for 2 weeks,96.32,True,offer_labels_missing;save_amount_missing;regular_price_missing;single_price_evidence,https://caau.syd1.cdn.digitaloceanspaces.com/wp-content/uploads/catalogue/coles/coles-catalogue-september-2-9-2025-vic-metro/20.jpg,https://www.catalogueau.com/coles/#catalogue=coles/coles-catalogue-september-2-9-2025-vic-metro/,unknown,,0,review
Coles,VIC METRO,"Coles Catalogue September 2 - 9, 2025 VIC METRO",2025-09-02,2025-09-09,20,Don Virginian Ham,223.0,,,,special,,$22.00 per kg,Don Virginian Ham | $22.00 per kg. Selected stores only*. | 2nd week on sale,96.66,True,offer_labels_missing;save_amount_missing;regular_price_missing;single_price_evidence,https://caau.syd1.cdn.digitaloceanspaces.com/wp-content/uploads/catalogue/coles/coles-catalogue-september-2-9-2025-vic-metro/20.jpg,https://www.catalogueau.com/coles/#catalogue=coles/coles-catalogue-september-2-9-2025-vic-metro/,displayed_price,displayed_price,1,review
Coles,VIC METRO,"Coles Catalogue September 2 - 9, 2025 VIC METRO",2025-09-02,2025-09-09,20,Coles Hot Roast RSPCA Approved Chicken,12.5,,,,special,,$12.50 per each,Coles Hot Roast RSPCA Approved Chicken | $12.50 per each. Selected stores only* | VIC-METRO-0309-25-469750,96.47,True,single_price_evidence,https://caau.syd1.cdn.digitaloceanspaces.com/wp-content/uploads/catalogue/coles/coles-catalogue-september-2-9-2025-vic-metro/20.jpg,https://www.catalogueau.com/coles/#catalogue=coles/coles-catalogue-september-2-9-2025-vic-metro/,unit_price,unit_price,1,review
Coles,VIC METRO,"Coles Catalogue September 2 - 9, 2025 VIC METRO",2025-09-02,2025-09-09,21,Powerade Sports Drink Powerade Sports Drink or Active Water 600mL,2.6,4.4,1.8,40.91,save_amount,600mL,$4.33 per litre,SAVE*1.80 | WASS4.40 | Powerade Sports Drink | Powerade Sports Drink | or Active Water 600mL | $4.33 per litre,79.0,True,low_name_confidence_strict,https://caau.syd1.cdn.digitaloceanspaces.com/wp-content/uploads/catalogue/coles/coles-catalogue-september-2-9-2025-vic-metro/21.jpg,https://www.catalogueau.com/coles/#catalogue=coles/coles-catalogue-september-2-9-2025-vic-metro/,save_was_arithmetic,displayed_price;save_was_arithmetic;unit_price,3,review
Coles,VIC METRO,"Coles Catalogue September 2 - 9, 2025 VIC METRO",2025-09-02,2025-09-09,21,Cadbury Sharepack 120g-180g,4.0,7.0,3.0,42.86,save_amount,120g; 180g,,SAVE 3 | WASS7 | Cadbury Sharepack | 120g-180g,91.81,False,,https://caau.syd1.cdn.digitaloceanspaces.com/wp-content/uploads/catalogue/coles/coles-catalogue-september-2-9-2025-vic-metro/21.jpg,https://www.catalogueau.com/coles/#catalogue=coles/coles-catalogue-september-2-9-2025-vic-metro/,save_was_arithmetic,displayed_price;save_was_arithmetic,2,verified
Coles,VIC METRO,"Coles Catalogue September 2 - 9, 2025 VIC METRO",2025-09-02,2025-09-09,21,Coca-Cola Soft Drink or Mt Franklin Sparkling Water 6x250mL,6.0,10.0,4.0,40.0,save_amount,6x250mL,$4.00 per litre,SAVES4 | WASS10 | Coca-Cola Soft Drink or Mt Franklin Sparkling | Water 6x250mL $4.00 per litre | [EE | —s,91.74,False,,https://caau.syd1.cdn.digitaloceanspaces.com/wp-content/uploads/catalogue/coles/coles-catalogue-september-2-9-2025-vic-metro/21.jpg,https://www.catalogueau.com/coles/#catalogue=coles/coles-catalogue-september-2-9-2025-vic-metro/,save_was_arithmetic,displayed_price;save_was_arithmetic;unit_price,3,verified
Coles,VIC METRO,"Coles Catalogue September 2 - 9, 2025 VIC METRO",2025-09-02,2025-09-09,21,"Coca-Cola, Fanta or Sprite Soft Drink 12x300mL",12.0,20.0,8.0,40.0,save_amount,12x300mL,$3.33 per litre,"SAVES8 | WAS$20 | Coca-Cola, Fanta or Sprite Soft Drink | 12x300mL $3.33 per litre",95.25,False,,https://caau.syd1.cdn.digitaloceanspaces.com/wp-content/uploads/catalogue/coles/coles-catalogue-september-2-9-2025-vic-metro/21.jpg,https://www.catalogueau.com/coles/#catalogue=coles/coles-catalogue-september-2-9-2025-vic-metro/,save_was_arithmetic,displayed_price;save_was_arithmetic;unit_price,3,verified
Coles,VIC METRO,"Coles Catalogue September 2 - 9, 2025 VIC METRO",2025-09-02,2025-09-09,21,Harvest Snaps Pea Crisps 120g or Scoopers 90g,3.5,5.0,1.5,30.0,save_amount,120g; 90g,,SAVES1.50 | WASS5: | Harvest Snaps Pea Crisps 120g | or Scoopers 90g | 21,95.03,False,,https://caau.syd1.cdn.digitaloceanspaces.com/wp-content/uploads/catalogue/coles/coles-catalogue-september-2-9-2025-vic-metro/21.jpg,https://www.catalogueau.com/coles/#catalogue=coles/coles-catalogue-september-2-9-2025-vic-metro/,save_was_arithmetic,displayed_price;save_was_arithmetic,2,verified
Coles,VIC METRO,"Coles Catalogue September 2 - 9, 2025 VIC METRO",2025-09-02,2025-09-09,21,Lindt Lindor Bag 123g-125g,7.8,13.0,5.2,40.0,save_amount,123g; 125g,,SAVES5.20 | Lindt Lindor Bag 123g-125g | On sale for 2 weeks,92.2,True,single_price_evidence,https://caau.syd1.cdn.digitaloceanspaces.com/wp-content/uploads/catalogue/coles/coles-catalogue-september-2-9-2025-vic-metro/21.jpg,https://www.catalogueau.com/coles/#catalogue=coles/coles-catalogue-september-2-9-2025-vic-metro/,displayed_price,displayed_price,1,review
Coles,VIC METRO,"Coles Catalogue September 2 - 9, 2025 VIC METRO",2025-09-02,2025-09-09,21,Ritz Crackers 227g,2.8,3.5,0.7,20.0,save_amount,227g,$1.23 per 100g,SAVE70* | WASS3.50 | Ritz Crackers 227g | $1.23 per 100g. 2nd week on sale | VIC-METRO-0309-25-469750,96.7,False,,https://caau.syd1.cdn.digitaloceanspaces.com/wp-content/uploads/catalogue/coles/coles-catalogue-september-2-9-2025-vic-metro/21.jpg,https://www.catalogueau.com/coles/#catalogue=coles/coles-catalogue-september-2-9-2025-vic-metro/,displayed_price,displayed_price;unit_price,2,verified
Coles,VIC METRO,"Coles Catalogue September 2 - 9, 2025 VIC METRO",2025-09-02,2025-09-09,22,Arnott's Cheds or Sesame Wheat Crackers 250g,3.5,4.5,1.0,22.22,save_amount,250g,$1.40 per 100g,WASS$4.50 | WASS$4.50 | Arnott's Cheds or Sesame Wheat | Crackers 250g $1.40 per 100g | —_ | SS. | ae,93.24,True,single_price_evidence,https://caau.syd1.cdn.digitaloceanspaces.com/wp-content/uploads/catalogue/coles/coles-catalogue-september-2-9-2025-vic-metro/22.jpg,https://www.catalogueau.com/coles/#catalogue=coles/coles-catalogue-september-2-9-2025-vic-metro/,unit_price,unit_price,1,review
Coles,VIC METRO,"Coles Catalogue September 2 - 9, 2025 VIC METRO",2025-09-02,2025-09-09,22,Obela Garnished Hommus Dip 220g,4.0,5.5,1.5,27.27,save_amount,220g,$1.82 per 100g,WASS$5.50 | WASS$5.50 | Obela Garnished Hommus Dip | 220g $1.82 per 100g | = | \ | Poiccon | McCain,93.83,False,,https://caau.syd1.cdn.digitaloceanspaces.com/wp-content/uploads/catalogue/coles/coles-catalogue-september-2-9-2025-vic-metro/22.jpg,https://www.catalogueau.com/coles/#catalogue=coles/coles-catalogue-september-2-9-2025-vic-metro/,displayed_price,displayed_price;unit_price,2,verified
Coles,VIC METRO,"Coles Catalogue September 2 - 9, 2025 VIC METRO",2025-09-02,2025-09-09,22,Smith's Crackers 160g,2.8,4.0,1.2,30.0,save_amount,160g,$1.75 per 100g,WASS4 | WASS4 | Smith's Crackers 160g | $1.75 per 100g | {RHR | i} | ‘ | MeRsevg,96.46,False,,https://caau.syd1.cdn.digitaloceanspaces.com/wp-content/uploads/catalogue/coles/coles-catalogue-september-2-9-2025-vic-metro/22.jpg,https://www.catalogueau.com/coles/#catalogue=coles/coles-catalogue-september-2-9-2025-vic-metro/,displayed_price,displayed_price;unit_price,2,verified
Coles,VIC METRO,"Coles Catalogue September 2 - 9, 2025 VIC METRO",2025-09-02,2025-09-09,22,McCain Family Pizza 490g-500g,6.8,8.5,1.7,20.0,save_amount,490g; 500g,,WASS8.50 | WASS8.50 | McCain Family Pizza | 490g-500g,79.0,True,low_name_confidence_strict;single_price_evidence,https://caau.syd1.cdn.digitaloceanspaces.com/wp-content/uploads/catalogue/coles/coles-catalogue-september-2-9-2025-vic-metro/22.jpg,https://www.catalogueau.com/coles/#catalogue=coles/coles-catalogue-september-2-9-2025-vic-metro/,displayed_price,displayed_price,1,review
Coles,VIC METRO,"Coles Catalogue September 2 - 9, 2025 VIC METRO",2025-09-02,2025-09-09,22,Coca-Cola Soft Drink 24x375mL,24.75,41.25,16.5,40.0,save_amount,24x375mL,$2.75 per litre,WASS41.25 | WASS41.25 | Coca-Cola Soft Drink 24x375mL | $2.75 per litre | VIC-METRO-0309-25-469750,92.96,False,,https://caau.syd1.cdn.digitaloceanspaces.com/wp-content/uploads/catalogue/coles/coles-catalogue-september-2-9-2025-vic-metro/22.jpg,https://www.catalogueau.com/coles/#catalogue=coles/coles-catalogue-september-2-9-2025-vic-metro/,displayed_price,displayed_price;unit_price,2,verified
Coles,VIC METRO,"Coles Catalogue September 2 - 9, 2025 VIC METRO",2025-09-02,2025-09-09,22,"Little Entertainer Mersey Valley, Tasmanian Heritage or South Cape Cheese 80g",4.0,,,,special,80g,$50.00 per kg,"Little Entertainer Mersey Valley, | Tasmanian Heritage or South | Cape Cheese 80g $50.00 per kg",96.24,True,offer_labels_missing;save_amount_missing;regular_price_missing;inferred_price_requires_review,https://caau.syd1.cdn.digitaloceanspaces.com/wp-content/uploads/catalogue/coles/coles-catalogue-september-2-9-2025-vic-metro/22.jpg,https://www.catalogueau.com/coles/#catalogue=coles/coles-catalogue-september-2-9-2025-vic-metro/,unit_price,grid_inference;unit_price,1,review
Coles,VIC METRO,"Coles Catalogue September 2 - 9, 2025 VIC METRO",2025-09-02,2025-09-09,23,Kirks Soft Drink 1.25 Litre,1.7,2.85,1.15,40.35,save_amount,1.25 Litre,$1.36 per litre,WASS2.85 | WASS2.85 | Kirks Soft Drink 1.25 Litre | $1.36 per litre | FOUR NTWENTY | or | © ESS ae,95.6,True,single_price_evidence,https://caau.syd1.cdn.digitaloceanspaces.com/wp-content/uploads/catalogue/coles/coles-catalogue-september-2-9-2025-vic-metro/23.jpg,https://www.catalogueau.com/coles/#catalogue=coles/coles-catalogue-september-2-9-2025-vic-metro/,unit_price,unit_price,1,review
Coles,VIC METRO,"Coles Catalogue September 2 - 9, 2025 VIC METRO",2025-09-02,2025-09-09,23,Bhuja Mix 140g-160g Sache baer,3.0,4.5,1.5,33.33,save_amount,140g; 160g,,WASS$4.50 | WASS$4.50 | Bhuja Mix 140g-160g | Sache baer | =O | Nhu IW A BECVCLABLE BOX,52.0,True,low_ocr_confidence;low_name_confidence_strict;single_price_evidence,https://caau.syd1.cdn.digitaloceanspaces.com/wp-content/uploads/catalogue/coles/coles-catalogue-september-2-9-2025-vic-metro/23.jpg,https://www.catalogueau.com/coles/#catalogue=coles/coles-catalogue-september-2-9-2025-vic-metro/,displayed_price,displayed_price,1,review
Coles,VIC METRO,"Coles Catalogue September 2 - 9, 2025 VIC METRO",2025-09-02,2025-09-09,23,Four'N Twenty Angus Meat Pies 4 Pack 700g,8.9,12.5,3.6,28.8,save_amount,4 Pack; 700g,$1.27 per 100g,WASS12.50 | WASS12.50 | Four'N Twenty Angus Meat Pies | 4 Pack 700g $1.27 per 100g | VIC-METRO-0309-25-469750,95.56,True,single_price_evidence,https://caau.syd1.cdn.digitaloceanspaces.com/wp-content/uploads/catalogue/coles/coles-catalogue-september-2-9-2025-vic-metro/23.jpg,https://www.catalogueau.com/coles/#catalogue=coles/coles-catalogue-september-2-9-2025-vic-metro/,unit_price,unit_price,1,review
Coles,VIC METRO,"Coles Catalogue September 2 - 9, 2025 VIC METRO",2025-09-02,2025-09-09,23,Coles Classic Burgers or Sausages 400g-550g,10.0,,,,special,400g; 550g,,Coles Classic Burgers | or Sausages 400g-550g,94.81,True,offer_labels_missing;save_amount_missing;regular_price_missing;inferred_price_requires_review,https://caau.syd1.cdn.digitaloceanspaces.com/wp-content/uploads/catalogue/coles/coles-catalogue-september-2-9-2025-vic-metro/23.jpg,https://www.catalogueau.com/coles/#catalogue=coles/coles-catalogue-september-2-9-2025-vic-metro/,displayed_price,displayed_price;grid_inference,1,review
Coles,VIC METRO,"Coles Catalogue September 2 - 9, 2025 VIC METRO",2025-09-02,2025-09-09,23,Coles Bakery Rolls 6 Pack,3.0,,,,special,6 Pack,$0.50 per each,Coles Bakery Rolls 6 Pack | $0.50 per each. Selected stores only,96.62,False,,https://caau.syd1.cdn.digitaloceanspaces.com/wp-content/uploads/catalogue/coles/coles-catalogue-september-2-9-2025-vic-metro/23.jpg,https://www.catalogueau.com/coles/#catalogue=coles/coles-catalogue-september-2-9-2025-vic-metro/,displayed_price,displayed_price;unit_price,2,verified
Coles,VIC METRO,"Coles Catalogue September 2 - 9, 2025 VIC METRO",2025-09-02,2025-09-09,24,Schweppes Mixers or Soft Drink 4x300mL,5.5,7.5,2.0,26.67,save_amount,4x300mL,$4.58 per litre,SAVES2 | WASS7.50 | Schweppes Mixers or Soft Drink | 4x300mL $4.58 per litre,95.28,False,,https://caau.syd1.cdn.digitaloceanspaces.com/wp-content/uploads/catalogue/coles/coles-catalogue-september-2-9-2025-vic-metro/24.jpg,https://www.catalogueau.com/coles/#catalogue=coles/coles-catalogue-september-2-9-2025-vic-metro/,save_was_arithmetic,displayed_price;save_was_arithmetic;unit_price,3,verified
Coles,VIC METRO,"Coles Catalogue September 2 - 9, 2025 VIC METRO",2025-09-02,2025-09-09,24,Golden Circle Tetra Fruit Drink 6x250mL,3.5,5.1,1.6,31.37,save_amount,6x250mL,$2.33 per litre,SAVES1.60 | WASS$5.10 | Golden Circle Tetra Fruit Drink | 6x250mL $2.33 per litre,95.45,False,,https://caau.syd1.cdn.digitaloceanspaces.com/wp-content/uploads/catalogue/coles/coles-catalogue-september-2-9-2025-vic-metro/24.jpg,https://www.catalogueau.com/coles/#catalogue=coles/coles-catalogue-september-2-9-2025-vic-metro/,save_was_arithmetic,displayed_price;save_was_arithmetic;unit_price,3,verified
Coles,VIC METRO,"Coles Catalogue September 2 - 9, 2025 VIC METRO",2025-09-02,2025-09-09,24,Ocean Spray Drink 1.5 Litre,5.0,6.4,1.4,21.87,save_amount,1.5 Litre,$3.33 per litre,SAVE51.40 | WAS$6.40 | Ocean Spray Drink 1.5 Litre | $3.33 per litre. 2nd week on sale | 1 | os,96.41,False,,https://caau.syd1.cdn.digitaloceanspaces.com/wp-content/uploads/catalogue/coles/coles-catalogue-september-2-9-2025-vic-metro/24.jpg,https://www.catalogueau.com/coles/#catalogue=coles/coles-catalogue-september-2-9-2025-vic-metro/,displayed_price,displayed_price;unit_price,2,verified
Coles,VIC METRO,"Coles Catalogue September 2 - 9, 2025 VIC METRO",2025-09-02,2025-09-09,24,Bickford's Juice 1 Litre,5.2,6.5,1.3,20.0,save_amount,1 Litre,$5.20 per litre,SAVE51.30 | WASS6.50 | Bickford's Juice 1 Litre | $5.20 per litre. Excludes Cranberry. | On sale for 2 weeks | oe,93.86,False,,https://caau.syd1.cdn.digitaloceanspaces.com/wp-content/uploads/catalogue/coles/coles-catalogue-september-2-9-2025-vic-metro/24.jpg,https://www.catalogueau.com/coles/#catalogue=coles/coles-catalogue-september-2-9-2025-vic-metro/,displayed_price,displayed_price;unit_price,2,verified
Coles,VIC METRO,"Coles Catalogue September 2 - 9, 2025 VIC METRO",2025-09-02,2025-09-09,24,V Energy Drink 4x250mL,8.2,11.75,3.55,30.21,save_amount,4x250mL,$8.20 per litre,"SAVES3.55 | WASS11.75 | V Energy Drink 4x250mL | $8.20 per litre | Catalogue on sale Wed 3rd Sep until Tue 9th Sep 2025 or until Tue 16th Sep where indicated. Selected | specials commenced Wed 27th Aug. Promotional prices commence 7am Wednesday and may commence or extend | beyond the advertised date. Promotional products and prices are not available on DoorDash, UberEats or at Coles Express,",93.52,False,,https://caau.syd1.cdn.digitaloceanspaces.com/wp-content/uploads/catalogue/coles/coles-catalogue-september-2-9-2025-vic-metro/24.jpg,https://www.catalogueau.com/coles/#catalogue=coles/coles-catalogue-september-2-9-2025-vic-metro/,save_was_arithmetic,save_was_arithmetic;unit_price,2,verified
Coles,VIC METRO,"Coles Catalogue September 2 - 9, 2025 VIC METRO",2025-09-02,2025-09-09,24,Red Bull Energy Drink 8x250mL,14.7,21.0,6.3,30.0,save_amount,8x250mL,$7.35 per litre,SAVES6.30 | Red Bull Energy Drink 8x250mL | $7.35 per litre,94.75,True,single_price_evidence,https://caau.syd1.cdn.digitaloceanspaces.com/wp-content/uploads/catalogue/coles/coles-catalogue-september-2-9-2025-vic-metro/24.jpg,https://www.catalogueau.com/coles/#catalogue=coles/coles-catalogue-september-2-9-2025-vic-metro/,unit_price,unit_price,1,review
Coles,VIC METRO,"Coles Catalogue September 2 - 9, 2025 VIC METRO",2025-09-02,2025-09-09,24,Cocobella Straight Up Coconut Water 1 Litre,8.0,11.0,3.0,27.27,save_amount,1 Litre,$4.00 per litre,SAVES3 | Cocobella Straight Up Coconut | Water 1 Litre $4.00 per litre | Catalox | a | special,94.95,True,unit_price_conflict;single_price_evidence,https://caau.syd1.cdn.digitaloceanspaces.com/wp-content/uploads/catalogue/coles/coles-catalogue-september-2-9-2025-vic-metro/24.jpg,https://www.catalogueau.com/coles/#catalogue=coles/coles-catalogue-september-2-9-2025-vic-metro/,displayed_price,displayed_price,1,review
Coles,VIC METRO,"Coles Catalogue September 2 - 9, 2025 VIC METRO",2025-09-02,2025-09-09,24,Pepsi or Pepsi Max Soft Drink 30x375mL,28.0,,,,special,30x375mL,$2.49 per litre,Pepsi or Pepsi Max Soft Drink 30x375mL | $2.49 per litre,93.68,True,offer_labels_missing;save_amount_missing;regular_price_missing;single_price_evidence,https://caau.syd1.cdn.digitaloceanspaces.com/wp-content/uploads/catalogue/coles/coles-catalogue-september-2-9-2025-vic-metro/24.jpg,https://www.catalogueau.com/coles/#catalogue=coles/coles-catalogue-september-2-9-2025-vic-metro/,displayed_price,displayed_price,1,review
Coles,VIC METRO,"Coles Catalogue September 2 - 9, 2025 VIC METRO",2025-09-02,2025-09-09,25,Funday No Sugar Lollies 50g,3.15,4.5,1.35,30.0,save_amount,50g,$6.30 per 100g,WASS$4.50. | WASS$4.50. | Funday No Sugar Lollies 50g | $6.30 per 100g | a | =,93.6,True,single_price_evidence,https://caau.syd1.cdn.digitaloceanspaces.com/wp-content/uploads/catalogue/coles/coles-catalogue-september-2-9-2025-vic-metro/25.jpg,https://www.catalogueau.com/coles/#catalogue=coles/coles-catalogue-september-2-9-2025-vic-metro/,unit_price,unit_price,1,review
Coles,VIC METRO,"Coles Catalogue September 2 - 9, 2025 VIC METRO",2025-09-02,2025-09-09,25,Allen's Lollies 140g-200g Nex SK,3.5,,,,special,140g; 200g,,Wass: | Wass: | Allen's Lollies 140g-200g | Nex SK,60.45,True,save_amount_missing;regular_price_missing;low_name_confidence_strict;single_price_evidence,https://caau.syd1.cdn.digitaloceanspaces.com/wp-content/uploads/catalogue/coles/coles-catalogue-september-2-9-2025-vic-metro/25.jpg,https://www.catalogueau.com/coles/#catalogue=coles/coles-catalogue-september-2-9-2025-vic-metro/,displayed_price,displayed_price,1,review
Coles,VIC METRO,"Coles Catalogue September 2 - 9, 2025 VIC METRO",2025-09-02,2025-09-09,25,Cadbury Old Gold Block Chocolate 170g-180g,5.5,8.0,2.5,31.25,save_amount,170g; 180g,,WASS8 | WASS8 | Cadbury Old Gold Block | Chocolate 170g-180g | rs | ke,94.59,True,single_price_evidence,https://caau.syd1.cdn.digitaloceanspaces.com/wp-content/uploads/catalogue/coles/coles-catalogue-september-2-9-2025-vic-metro/25.jpg,https://www.catalogueau.com/coles/#catalogue=coles/coles-catalogue-september-2-9-2025-vic-metro/,displayed_price,displayed_price,1,review
Coles,VIC METRO,"Coles Catalogue September 2 - 9, 2025 VIC METRO",2025-09-02,2025-09-09,25,Smith's Crackers 160g,2.8,4.0,1.2,30.0,save_amount,160g,$1.75 per 100g,WASS4 | WASS4 | Smith's Crackers 160g | $1.75 per 100g,79.0,True,low_name_confidence_strict;single_price_evidence,https://caau.syd1.cdn.digitaloceanspaces.com/wp-content/uploads/catalogue/coles/coles-catalogue-september-2-9-2025-vic-metro/25.jpg,https://www.catalogueau.com/coles/#catalogue=coles/coles-catalogue-september-2-9-2025-vic-metro/,unit_price,unit_price,1,review
Coles,VIC METRO,"Coles Catalogue September 2 - 9, 2025 VIC METRO",2025-09-02,2025-09-09,26,Carmelina Beans 400g,1.4,1.9,0.5,26.32,save_amount,400g,$3.50 per kg,WAS$1.90 | WAS$1.90 | JUL 2025 | Carmelina Beans 400g | $3.50 per kg,93.26,False,,https://caau.syd1.cdn.digitaloceanspaces.com/wp-content/uploads/catalogue/coles/coles-catalogue-september-2-9-2025-vic-metro/26.jpg,https://www.catalogueau.com/coles/#catalogue=coles/coles-catalogue-september-2-9-2025-vic-metro/,displayed_price,displayed_price;unit_price,2,verified
Coles,VIC METRO,"Coles Catalogue September 2 - 9, 2025 VIC METRO",2025-09-02,2025-09-09,26,Wild Tides Tuna 95g,1.7,2.5,0.8,32.0,save_amount,95g,$17.89 per kg,WAS $2.50 | WAS $2.50 | JUL 2025 | Wild Tides Tuna 95g | $17.89 per kg,96.41,True,single_price_evidence,https://caau.syd1.cdn.digitaloceanspaces.com/wp-content/uploads/catalogue/coles/coles-catalogue-september-2-9-2025-vic-metro/26.jpg,https://www.catalogueau.com/coles/#catalogue=coles/coles-catalogue-september-2-9-2025-vic-metro/,unit_price,unit_price,1,review
Coles,VIC METRO,"Coles Catalogue September 2 - 9, 2025 VIC METRO",2025-09-02,2025-09-09,26,Peckish Peckables Snack Crackers 100g,2.0,3.2,1.2,37.5,save_amount,100g,$2.00 per 100g,WAS $3.20 | WAS $3.20 | JUL 2025 | Peckish Peckables Snack | Crackers 100g $2.00 per 100g,94.81,False,,https://caau.syd1.cdn.digitaloceanspaces.com/wp-content/uploads/catalogue/coles/coles-catalogue-september-2-9-2025-vic-metro/26.jpg,https://www.catalogueau.com/coles/#catalogue=coles/coles-catalogue-september-2-9-2025-vic-metro/,displayed_price,displayed_price;unit_price,2,verified
Coles,VIC METRO,"Coles Catalogue September 2 - 9, 2025 VIC METRO",2025-09-02,2025-09-09,26,Coles Ultimate 40% Chocolate Chip Cookies 400g,6.0,6.5,0.5,7.69,save_amount,400g,$1.50 per 100g,WAS $6.50 | WAS $6.50 | JUL 2025 | Coles Ultimate 40% Chocolate | Chip Cookies 400g | $1.50 per 100g,96.4,False,,https://caau.syd1.cdn.digitaloceanspaces.com/wp-content/uploads/catalogue/coles/coles-catalogue-september-2-9-2025-vic-metro/26.jpg,https://www.catalogueau.com/coles/#catalogue=coles/coles-catalogue-september-2-9-2025-vic-metro/,displayed_price,displayed_price;unit_price,2,verified
Coles,VIC METRO,"Coles Catalogue September 2 - 9, 2025 VIC METRO",2025-09-02,2025-09-09,26,JUL 20: All Natural Bakery Oat Slice 100g,2.9,3.25,0.35,10.77,down_down,100g,$2.90 per 100g,DOWN DOWN | JUL 20: | All Natural Bakery Oat Slice | 100g $2.90 per 100g,79.0,True,low_name_confidence_strict;single_price_evidence,https://caau.syd1.cdn.digitaloceanspaces.com/wp-content/uploads/catalogue/coles/coles-catalogue-september-2-9-2025-vic-metro/26.jpg,https://www.catalogueau.com/coles/#catalogue=coles/coles-catalogue-september-2-9-2025-vic-metro/,unit_price,unit_price,1,review
Coles,VIC METRO,"Coles Catalogue September 2 - 9, 2025 VIC METRO",2025-09-02,2025-09-09,26,Oxyshred Ultra Energy Drink 355mL,4.0,4.9,0.9,18.37,save_amount,355mL,$11.27 per litre,WAS$4.90 | WAS$4.90 | AUG 2025 | Oxyshred Ultra Energy Drink | 355mL $11.27 per litre | VIC-METRO-0309-25-469750,93.1,True,single_price_evidence,https://caau.syd1.cdn.digitaloceanspaces.com/wp-content/uploads/catalogue/coles/coles-catalogue-september-2-9-2025-vic-metro/26.jpg,https://www.catalogueau.com/coles/#catalogue=coles/coles-catalogue-september-2-9-2025-vic-metro/,unit_price,unit_price,1,review
Coles,VIC METRO,"Coles Catalogue September 2 - 9, 2025 VIC METRO",2025-09-02,2025-09-09,26,Remedy Sodaly 4x250mL,5.95,8.25,2.3,27.88,save_amount,4x250mL,$5.95 per litre,WAS$8.25 | WAS$8.25 | AUG 2025 | Remedy Sodaly 4x250mL | $5.95 per litre | 26,92.17,False,,https://caau.syd1.cdn.digitaloceanspaces.com/wp-content/uploads/catalogue/coles/coles-catalogue-september-2-9-2025-vic-metro/26.jpg,https://www.catalogueau.com/coles/#catalogue=coles/coles-catalogue-september-2-9-2025-vic-metro/,displayed_price,displayed_price;unit_price,2,verified
Coles,VIC METRO,"Coles Catalogue September 2 - 9, 2025 VIC METRO",2025-09-02,2025-09-09,26,Queen Victoria Tea Bags 100 Pack,6.5,12.0,5.5,45.83,save_amount,100 Pack,$0.07 per each,WAS $12 | WAS $12 | JUL 2025 | Queen Victoria Tea Bags | 100 Pack $0.07 per each,95.86,True,single_price_evidence,https://caau.syd1.cdn.digitaloceanspaces.com/wp-content/uploads/catalogue/coles/coles-catalogue-september-2-9-2025-vic-metro/26.jpg,https://www.catalogueau.com/coles/#catalogue=coles/coles-catalogue-september-2-9-2025-vic-metro/,displayed_price,displayed_price,1,review
Coles,VIC METRO,"Coles Catalogue September 2 - 9, 2025 VIC METRO",2025-09-02,2025-09-09,27,SPC Baked Beans or Spaghetti 420g-425g,1.5,2.5,1.0,40.0,save_amount,420g; 425g,,SAVES1 | WASS2.50 | SPC Baked Beans or Spaghetti 420g-425g,93.58,False,,https://caau.syd1.cdn.digitaloceanspaces.com/wp-content/uploads/catalogue/coles/coles-catalogue-september-2-9-2025-vic-metro/27.jpg,https://www.catalogueau.com/coles/#catalogue=coles/coles-catalogue-september-2-9-2025-vic-metro/,save_was_arithmetic,displayed_price;save_was_arithmetic,2,verified
Coles,VIC METRO,"Coles Catalogue September 2 - 9, 2025 VIC METRO",2025-09-02,2025-09-09,27,Moro Olive Oil 1 Litre,16.0,27.0,11.0,40.74,save_amount,1 Litre,$1.60 per 100mL,"SAVE511 | WASS$27 | Moro Olive Oil 1 Litre | $1.60 per 100mL | C=» | 1892, 6 AYAM RAY | aaa | apy",96.19,False,,https://caau.syd1.cdn.digitaloceanspaces.com/wp-content/uploads/catalogue/coles/coles-catalogue-september-2-9-2025-vic-metro/27.jpg,https://www.catalogueau.com/coles/#catalogue=coles/coles-catalogue-september-2-9-2025-vic-metro/,displayed_price,displayed_price;unit_price,2,verified
Coles,VIC METRO,"Coles Catalogue September 2 - 9, 2025 VIC METRO",2025-09-02,2025-09-09,27,Gravox Liquid Gravy or Finishing per 100g Sauce 165g,2.8,3.5,0.7,20.0,save_amount,100g; 165g,$1.70 per 100g,SAVE70* | WASS3.50 | Gravox Liquid Gravy or Finishing | per 100g | Sauce 165g $1.70 per 100g | Campbeli. | ICE | \,79.0,True,low_name_confidence_strict;single_price_evidence,https://caau.syd1.cdn.digitaloceanspaces.com/wp-content/uploads/catalogue/coles/coles-catalogue-september-2-9-2025-vic-metro/27.jpg,https://www.catalogueau.com/coles/#catalogue=coles/coles-catalogue-september-2-9-2025-vic-metro/,unit_price,unit_price,1,review
Coles,VIC METRO,"Coles Catalogue September 2 - 9, 2025 VIC METRO",2025-09-02,2025-09-09,27,Ayam Curry Paste 185g-195g A,3.2,83.2,80.0,96.15,save_amount,185g; 195g,,SAVE 80° | Ayam Curry Paste 185g-195g | A,79.0,True,low_name_confidence_strict;single_price_evidence,https://caau.syd1.cdn.digitaloceanspaces.com/wp-content/uploads/catalogue/coles/coles-catalogue-september-2-9-2025-vic-metro/27.jpg,https://www.catalogueau.com/coles/#catalogue=coles/coles-catalogue-september-2-9-2025-vic-metro/,displayed_price,displayed_price,1,review
Coles,VIC METRO,"Coles Catalogue September 2 - 9, 2025 VIC METRO",2025-09-02,2025-09-09,27,John West Tuna 95g,2.0,2.7,0.7,25.93,save_amount,95g,$21.05 per kg,WASS2.70 | WASS2.70 | John West Tuna 95g | $21.05 per kg | meapy-ro-nay | | ale | *,96.01,False,,https://caau.syd1.cdn.digitaloceanspaces.com/wp-content/uploads/catalogue/coles/coles-catalogue-september-2-9-2025-vic-metro/27.jpg,https://www.catalogueau.com/coles/#catalogue=coles/coles-catalogue-september-2-9-2025-vic-metro/,displayed_price,displayed_price;unit_price,2,verified
Coles,VIC METRO,"Coles Catalogue September 2 - 9, 2025 VIC METRO",2025-09-02,2025-09-09,27,MasterFoods Squeeze Tomato or Barbecue Sauce 475mL-500mL,6.0,8.4,2.4,28.57,save_amount,475mL; 500mL,,SAVE ‘2.40 | MasterFoods Squeeze | Tomato or Barbecue | Sauce 475mL-500mL | 2nd week on sale,93.75,True,single_price_evidence,https://caau.syd1.cdn.digitaloceanspaces.com/wp-content/uploads/catalogue/coles/coles-catalogue-september-2-9-2025-vic-metro/27.jpg,https://www.catalogueau.com/coles/#catalogue=coles/coles-catalogue-september-2-9-2025-vic-metro/,displayed_price,displayed_price,1,review
Coles,VIC METRO,"Coles Catalogue September 2 - 9, 2025 VIC METRO",2025-09-02,2025-09-09,27,Sirena Tuna Ready Meal 170g,3.3,4.3,1.0,23.26,save_amount,170g,$1.94 per 100g,SAVE*1 | WAS$4.30 | Sirena Tuna Ready Meal | 170g $1.94 per 100g | VIC-METRO-0309-25-469750,95.61,False,,https://caau.syd1.cdn.digitaloceanspaces.com/wp-content/uploads/catalogue/coles/coles-catalogue-september-2-9-2025-vic-metro/27.jpg,https://www.catalogueau.com/coles/#catalogue=coles/coles-catalogue-september-2-9-2025-vic-metro/,save_was_arithmetic,displayed_price;save_was_arithmetic;unit_price,3,verified
Coles,VIC METRO,"Coles Catalogue September 2 - 9, 2025 VIC METRO",2025-09-02,2025-09-09,27,Campbell's Country Ladle or Chunky Soup 495g-505g,3.5,4.5,1.0,22.22,save_amount,495g; 505g,,SAVE*1 | WASS$4.50 | Campbell's Country | Ladle or Chunky Soup | 495g-505g | 27,94.86,True,single_price_evidence,https://caau.syd1.cdn.digitaloceanspaces.com/wp-content/uploads/catalogue/coles/coles-catalogue-september-2-9-2025-vic-metro/27.jpg,https://www.catalogueau.com/coles/#catalogue=coles/coles-catalogue-september-2-9-2025-vic-metro/,save_was_arithmetic,save_was_arithmetic,1,review
Coles,VIC METRO,"Coles Catalogue September 2 - 9, 2025 VIC METRO",2025-09-02,2025-09-09,27,The Spice Tailor Asian or Indian Meal Kit 225g-500g,4.95,6.7,1.75,26.12,save_amount,225g; 500g,,SAVE51.75 | WAS$6.70 | The Spice Tailor | Asian or Indian Meal | Kit 225g-500g | 27,93.73,True,single_price_evidence,https://caau.syd1.cdn.digitaloceanspaces.com/wp-content/uploads/catalogue/coles/coles-catalogue-september-2-9-2025-vic-metro/27.jpg,https://www.catalogueau.com/coles/#catalogue=coles/coles-catalogue-september-2-9-2025-vic-metro/,unknown,,0,review
Coles,VIC METRO,"Coles Catalogue September 2 - 9, 2025 VIC METRO",2025-09-02,2025-09-09,28,Sanitarium So Good Barista Soy Milk 1 Litre,2.0,3.0,1.0,33.33,save_amount,1 Litre,$2.00 per litre,WAS$3 | WAS$3 | Sanitarium So Good Barista Soy | Milk 1 Litre $2.00 per litre,96.34,False,,https://caau.syd1.cdn.digitaloceanspaces.com/wp-content/uploads/catalogue/coles/coles-catalogue-september-2-9-2025-vic-metro/28.jpg,https://www.catalogueau.com/coles/#catalogue=coles/coles-catalogue-september-2-9-2025-vic-metro/,displayed_price,displayed_price;unit_price,2,verified
Coles,VIC METRO,"Coles Catalogue September 2 - 9, 2025 VIC METRO",2025-09-02,2025-09-09,28,BSc Bodyscience Violet Crumble Soft Protein Bar 55g,3.5,4.8,1.3,27.08,save_amount,55g,$6.36 per 100g,WAS$4.80 | WAS$4.80 | BSc Bodyscience Violet Crumble | Soft Protein Bar 55g $6.36 per 100g | — | 04 | .————— | JEINZ|.,94.89,False,,https://caau.syd1.cdn.digitaloceanspaces.com/wp-content/uploads/catalogue/coles/coles-catalogue-september-2-9-2025-vic-metro/28.jpg,https://www.catalogueau.com/coles/#catalogue=coles/coles-catalogue-september-2-9-2025-vic-metro/,displayed_price,displayed_price;unit_price,2,verified
Coles,VIC METRO,"Coles Catalogue September 2 - 9, 2025 VIC METRO",2025-09-02,2025-09-09,28,Fantastic Noodle Cup or Bowl 70g-85g,1.25,2.5,1.25,50.0,half_price,70g; 85g,,WASS2.50 | WASS2.50 | Fantastic Noodle Cup or Bowl | 70g-85g | ‘] | BE | = | S ae,79.0,True,low_name_confidence_strict;inferred_price_requires_review,https://caau.syd1.cdn.digitaloceanspaces.com/wp-content/uploads/catalogue/coles/coles-catalogue-september-2-9-2025-vic-metro/28.jpg,https://www.catalogueau.com/coles/#catalogue=coles/coles-catalogue-september-2-9-2025-vic-metro/,page_discount_inference,page_discount,0,review
Coles,VIC METRO,"Coles Catalogue September 2 - 9, 2025 VIC METRO",2025-09-02,2025-09-09,28,Heinz Baked Beanz or Spaghetti 300g,2.0,2.9,0.9,31.03,save_amount,300g,$0.67 per 100g,WASS2.90 | WASS2.90 | Heinz Baked Beanz or Spaghetti | 300g $0.67 per 100g | aaaaaa | AAR RAG | CAAA | COOSA,96.46,False,,https://caau.syd1.cdn.digitaloceanspaces.com/wp-content/uploads/catalogue/coles/coles-catalogue-september-2-9-2025-vic-metro/28.jpg,https://www.catalogueau.com/coles/#catalogue=coles/coles-catalogue-september-2-9-2025-vic-metro/,displayed_price,displayed_price;unit_price,2,verified
Coles,VIC METRO,"Coles Catalogue September 2 - 9, 2025 VIC METRO",2025-09-02,2025-09-09,28,Old El Paso Hard 'N Soft Taco Kit 350g,4.75,9.5,4.75,50.0,half_price,350g,$1.36 per 100g,WASS9.50 | WASS9.50 | Old El Paso | Hard 'N Soft | Taco Kit 350g | $1.36 per 100g | se,94.54,False,,https://caau.syd1.cdn.digitaloceanspaces.com/wp-content/uploads/catalogue/coles/coles-catalogue-september-2-9-2025-vic-metro/28.jpg,https://www.catalogueau.com/coles/#catalogue=coles/coles-catalogue-september-2-9-2025-vic-metro/,displayed_price,displayed_price;page_discount;unit_price,2,verified
Coles,VIC METRO,"Coles Catalogue September 2 - 9, 2025 VIC METRO",2025-09-02,2025-09-09,28,Coles Coconut Cream 400mL,1.1,,,,special,400mL,$0.28 per 100mL,"Coles Coconut Cream 400mL | $0.28 per 100mL | FIT IIIS II TTI. | Ae | a Me My fap) Me Fe fe fa fa fe) fl) fh, ff. | Me LB Le) LO} Sa fe; fi",93.71,False,,https://caau.syd1.cdn.digitaloceanspaces.com/wp-content/uploads/catalogue/coles/coles-catalogue-september-2-9-2025-vic-metro/28.jpg,https://www.catalogueau.com/coles/#catalogue=coles/coles-catalogue-september-2-9-2025-vic-metro/,displayed_price,displayed_price;unit_price,2,verified
Coles,VIC METRO,"Coles Catalogue September 2 - 9, 2025 VIC METRO",2025-09-02,2025-09-09,29,Kellogg's LCMs or Nutri Grain Bars 5 Pack 100g-110g,2.25,4.5,2.25,50.0,half_price,5 Pack; 100g; 110g,,WASS4.50 | WASS4.50 | Kellogg's LCMs or Nutri Grain | Bars 5 Pack 100g-110g,94.08,True,inferred_price_requires_review,https://caau.syd1.cdn.digitaloceanspaces.com/wp-content/uploads/catalogue/coles/coles-catalogue-september-2-9-2025-vic-metro/29.jpg,https://www.catalogueau.com/coles/#catalogue=coles/coles-catalogue-september-2-9-2025-vic-metro/,page_discount_inference,page_discount,0,review
Coles,VIC METRO,"Coles Catalogue September 2 - 9, 2025 VIC METRO",2025-09-02,2025-09-09,29,Nice & Natural Nut Bars 180g-192g,2.75,5.5,2.75,50.0,half_price,180g; 192g,,WASS$5.50 | WASS$5.50 | Nice & Natural Nut Bars | 180g-192g,93.14,True,inferred_price_requires_review,https://caau.syd1.cdn.digitaloceanspaces.com/wp-content/uploads/catalogue/coles/coles-catalogue-september-2-9-2025-vic-metro/29.jpg,https://www.catalogueau.com/coles/#catalogue=coles/coles-catalogue-september-2-9-2025-vic-metro/,displayed_price,displayed_price;page_discount,1,review
Coles,VIC METRO,"Coles Catalogue September 2 - 9, 2025 VIC METRO",2025-09-02,2025-09-09,29,Nestlé Milo Cereal 350g,3.5,7.0,3.5,50.0,half_price,350g,$1.00 per 100g,WASS7 | WASS7 | Nestlé Milo Cereal 350g | $1.00 | $1.00 per 100g,95.29,True,inferred_price_requires_review,https://caau.syd1.cdn.digitaloceanspaces.com/wp-content/uploads/catalogue/coles/coles-catalogue-september-2-9-2025-vic-metro/29.jpg,https://www.catalogueau.com/coles/#catalogue=coles/coles-catalogue-september-2-9-2025-vic-metro/,unit_price,page_discount;unit_price,1,review
Coles,VIC METRO,"Coles Catalogue September 2 - 9, 2025 VIC METRO",2025-09-02,2025-09-09,29,Arnott's Monte Carlo or Iced Tic Toc Biscuits 250g,3.0,4.0,1.0,25.0,save_amount,250g,$1.20 per 100g,WASS4 | WASS4 | Arnott's Monte Carlo or | Iced Tic Toc Biscuits 250g | $1.20 per 100g. | $1.20 | 2nd week on sale,79.0,True,low_name_confidence_strict,https://caau.syd1.cdn.digitaloceanspaces.com/wp-content/uploads/catalogue/coles/coles-catalogue-september-2-9-2025-vic-metro/29.jpg,https://www.catalogueau.com/coles/#catalogue=coles/coles-catalogue-september-2-9-2025-vic-metro/,displayed_price,displayed_price;unit_price,2,review
Coles,VIC METRO,"Coles Catalogue September 2 - 9, 2025 VIC METRO",2025-09-02,2025-09-09,29,Arnott's Salada Crispbread 250g,3.0,4.0,1.0,25.0,save_amount,250g,$1.20 per 100g,WASS4 | WASS4 | Arnott's Salada Crispbread 250g | $1.20 per 100g | —_ | — | {CO | & A,94.44,False,,https://caau.syd1.cdn.digitaloceanspaces.com/wp-content/uploads/catalogue/coles/coles-catalogue-september-2-9-2025-vic-metro/29.jpg,https://www.catalogueau.com/coles/#catalogue=coles/coles-catalogue-september-2-9-2025-vic-metro/,displayed_price,displayed_price;unit_price,2,verified
Coles,VIC METRO,"Coles Catalogue September 2 - 9, 2025 VIC METRO",2025-09-02,2025-09-09,29,Arnott's Tim Tam Biscuits 165g-200g,3.0,6.0,3.0,50.0,half_price,165g; 200g,,WASS6 | WASS6 | Arnott's Tim Tam Biscuits | 165g-200g | =,92.77,True,inferred_price_requires_review,https://caau.syd1.cdn.digitaloceanspaces.com/wp-content/uploads/catalogue/coles/coles-catalogue-september-2-9-2025-vic-metro/29.jpg,https://www.catalogueau.com/coles/#catalogue=coles/coles-catalogue-september-2-9-2025-vic-metro/,page_discount_inference,page_discount,0,review
Coles,VIC METRO,"Coles Catalogue September 2 - 9, 2025 VIC METRO",2025-09-02,2025-09-09,29,Kellogg's Nutri Grain 25% Less Sugar 450g,6.5,9.0,2.5,27.78,save_amount,450g,$1.44 per 100g,WASS9 | WASS9 | Kellogg's Nutri Grain 25% Less | Sugar 450g $1.44 per 100g,96.52,True,single_price_evidence,https://caau.syd1.cdn.digitaloceanspaces.com/wp-content/uploads/catalogue/coles/coles-catalogue-september-2-9-2025-vic-metro/29.jpg,https://www.catalogueau.com/coles/#catalogue=coles/coles-catalogue-september-2-9-2025-vic-metro/,unit_price,unit_price,1,review
Coles,VIC METRO,"Coles Catalogue September 2 - 9, 2025 VIC METRO",2025-09-02,2025-09-09,29,Arnott's Bluey or Shapes Crackers 8 Pack 1 8 Pack 168g-200g,2.5,5.0,2.5,50.0,half_price,8 Pack; 168g; 200g,,WASS5 | WASS5 | Arnott's Bluey or Shapes Crackers | 8 Pack 1 | 8 Pack 168g-200g | ig | VIC-METRO-0309-25-469750,79.0,True,low_name_confidence_strict;inferred_price_requires_review,https://caau.syd1.cdn.digitaloceanspaces.com/wp-content/uploads/catalogue/coles/coles-catalogue-september-2-9-2025-vic-metro/29.jpg,https://www.catalogueau.com/coles/#catalogue=coles/coles-catalogue-september-2-9-2025-vic-metro/,page_discount_inference,page_discount,0,review
Coles,VIC METRO,"Coles Catalogue September 2 - 9, 2025 VIC METRO",2025-09-02,2025-09-09,29,Arnott's Shapes Crackers 130g-190g,6.0,,,,special,130g; 190g,,Arnott's Shapes Crackers | 130g-190g,79.0,True,offer_labels_missing;save_amount_missing;regular_price_missing;low_name_confidence_strict;inferred_price_requires_review,https://caau.syd1.cdn.digitaloceanspaces.com/wp-content/uploads/catalogue/coles/coles-catalogue-september-2-9-2025-vic-metro/29.jpg,https://www.catalogueau.com/coles/#catalogue=coles/coles-catalogue-september-2-9-2025-vic-metro/,displayed_price,displayed_price;grid_inference,1,review
Coles,VIC METRO,"Coles Catalogue September 2 - 9, 2025 VIC METRO",2025-09-02,2025-09-09,30,Pic's Peanut Butter 380g,4.5,7.5,3.0,40.0,save_amount,380g,$1.18 per 100g,SAVES3 | WAS$7.50 | Pic's Peanut Butter 380g | $1.18 per 100g | re es,95.93,False,,https://caau.syd1.cdn.digitaloceanspaces.com/wp-content/uploads/catalogue/coles/coles-catalogue-september-2-9-2025-vic-metro/30.jpg,https://www.catalogueau.com/coles/#catalogue=coles/coles-catalogue-september-2-9-2025-vic-metro/,save_was_arithmetic,save_was_arithmetic;unit_price,2,verified
Coles,VIC METRO,"Coles Catalogue September 2 - 9, 2025 VIC METRO",2025-09-02,2025-09-09,30,Kellogg's Nutri Grain 765g or Coco Pops 650g,6.0,10.8,4.8,44.44,save_amount,765g; 650g,,SAVE%4.80 | WASS10.80 | Kellogg's Nutri Grain 765g | or Coco Pops 650g,95.8,False,,https://caau.syd1.cdn.digitaloceanspaces.com/wp-content/uploads/catalogue/coles/coles-catalogue-september-2-9-2025-vic-metro/30.jpg,https://www.catalogueau.com/coles/#catalogue=coles/coles-catalogue-september-2-9-2025-vic-metro/,save_was_arithmetic,displayed_price;save_was_arithmetic,2,verified
Coles,VIC METRO,"Coles Catalogue September 2 - 9, 2025 VIC METRO",2025-09-02,2025-09-09,30,"Uncle Tobys Muesli Bars 145g-185g, Roll Ups 94g or Le Snak 132g",4.0,5.5,1.5,27.27,save_amount,145g; 185g; 94g; 132g,,"SAVE*1.50 | WASS5.50 | Uncle Tobys Muesli Bars 145g-185g, | Roll Ups 94g or Le Snak 132g | A",93.94,False,,https://caau.syd1.cdn.digitaloceanspaces.com/wp-content/uploads/catalogue/coles/coles-catalogue-september-2-9-2025-vic-metro/30.jpg,https://www.catalogueau.com/coles/#catalogue=coles/coles-catalogue-september-2-9-2025-vic-metro/,save_was_arithmetic,displayed_price;save_was_arithmetic,2,verified
Coles,VIC METRO,"Coles Catalogue September 2 - 9, 2025 VIC METRO",2025-09-02,2025-09-09,30,Mayver's Low Carb High Protein Bars 128g,5.8,8.3,2.5,30.12,save_amount,128g,$4.53 per 100g,WAS$8.30 | WAS$8.30 | Mayver's Low Carb High Protein | Bars 128g $4.53 per 100g | ie] | ALUMINIUM | ALUMINIUM | CAPsi,79.0,True,low_name_confidence_strict;single_price_evidence,https://caau.syd1.cdn.digitaloceanspaces.com/wp-content/uploads/catalogue/coles/coles-catalogue-september-2-9-2025-vic-metro/30.jpg,https://www.catalogueau.com/coles/#catalogue=coles/coles-catalogue-september-2-9-2025-vic-metro/,unit_price,unit_price,1,review
Coles,VIC METRO,"Coles Catalogue September 2 - 9, 2025 VIC METRO",2025-09-02,2025-09-09,30,Bega Smooth or Crunchy Peanut Butter 375g,4.5,5.8,1.3,22.41,save_amount,375g,$1.20 per 100g,SAVES1.30 | WASS$5.80 | Bega Smooth or Crunchy Peanut | Butter 375g $1.20 per 100g | VIC-METRO-0309-25-469750,96.47,False,,https://caau.syd1.cdn.digitaloceanspaces.com/wp-content/uploads/catalogue/coles/coles-catalogue-september-2-9-2025-vic-metro/30.jpg,https://www.catalogueau.com/coles/#catalogue=coles/coles-catalogue-september-2-9-2025-vic-metro/,save_was_arithmetic,displayed_price;save_was_arithmetic;unit_price,3,verified
Coles,VIC METRO,"Coles Catalogue September 2 - 9, 2025 VIC METRO",2025-09-02,2025-09-09,30,L'Or Nespresso Compatible Coffee Capsules 10 Pack,5.0,7.9,2.9,36.71,save_amount,10 Pack,$0.50 per each,SAVE52.90 | WAS$7.90 | L'Or Nespresso Compatible | Coffee Capsules 10 Pack | $0.50 per each | 30,96.0,False,,https://caau.syd1.cdn.digitaloceanspaces.com/wp-content/uploads/catalogue/coles/coles-catalogue-september-2-9-2025-vic-metro/30.jpg,https://www.catalogueau.com/coles/#catalogue=coles/coles-catalogue-september-2-9-2025-vic-metro/,displayed_price,displayed_price;unit_price,2,verified
Coles,VIC METRO,"Coles Catalogue September 2 - 9, 2025 VIC METRO",2025-09-02,2025-09-09,30,Vittoria Mountain Grown Coffee Beans or Ground 1kg,43.0,62.0,19.0,30.65,save_amount,1kg,$4.30 per 100g,SAVES19 | ‘WAS$62 | Vittoria Mountain Grown | Coffee Beans or Ground 1kg | $4.30 per 100g,91.75,False,,https://caau.syd1.cdn.digitaloceanspaces.com/wp-content/uploads/catalogue/coles/coles-catalogue-september-2-9-2025-vic-metro/30.jpg,https://www.catalogueau.com/coles/#catalogue=coles/coles-catalogue-september-2-9-2025-vic-metro/,save_was_arithmetic,displayed_price;save_was_arithmetic;unit_price,3,verified
Coles,VIC METRO,"Coles Catalogue September 2 - 9, 2025 VIC METRO",2025-09-02,2025-09-09,31,Dairy Farmers Thick & Creamy Yoghurt 140g-150g,1.3,2.6,1.3,50.0,half_price,140g; 150g,,SAVE51.30 | WASS2.60 | Dairy Farmers Thick & Creamy Yoghurt | 140g-150g | ys,92.92,True,single_price_evidence,https://caau.syd1.cdn.digitaloceanspaces.com/wp-content/uploads/catalogue/coles/coles-catalogue-september-2-9-2025-vic-metro/31.jpg,https://www.catalogueau.com/coles/#catalogue=coles/coles-catalogue-september-2-9-2025-vic-metro/,unknown,,0,review
Coles,VIC METRO,"Coles Catalogue September 2 - 9, 2025 VIC METRO",2025-09-02,2025-09-09,31,Danone YoPro Protein Yo hurt Pouch 150g,2.4,62.4,60.0,96.15,save_amount,150g,$1.60 per 100g,SAVE 60° | Danone YoPro Protein Yo | hurt | Pouch 150g $1.60 per 100g,95.43,False,,https://caau.syd1.cdn.digitaloceanspaces.com/wp-content/uploads/catalogue/coles/coles-catalogue-september-2-9-2025-vic-metro/31.jpg,https://www.catalogueau.com/coles/#catalogue=coles/coles-catalogue-september-2-9-2025-vic-metro/,displayed_price,displayed_price;unit_price,2,verified
Coles,VIC METRO,"Coles Catalogue September 2 - 9, 2025 VIC METRO",2025-09-02,2025-09-09,31,Danone YoPRO Perform Yoghurt Pouch 175g,2.95,3.7,0.75,20.27,save_amount,175g,$1.69 per 100g,SAVE75¢ | WASS$3.70 | Danone YoPRO Perform Yoghurt | Pouch 175g $1.69 per 100g | =,95.46,False,,https://caau.syd1.cdn.digitaloceanspaces.com/wp-content/uploads/catalogue/coles/coles-catalogue-september-2-9-2025-vic-metro/31.jpg,https://www.catalogueau.com/coles/#catalogue=coles/coles-catalogue-september-2-9-2025-vic-metro/,displayed_price,displayed_price;unit_price,2,verified
Coles,VIC METRO,"Coles Catalogue September 2 - 9, 2025 VIC METRO",2025-09-02,2025-09-09,31,Chobani Fit Protein Greek Yogurt 160g,2.4,3.0,0.6,20.0,save_amount,160g,$1.50 per 100g,SAVE 60‘ | WASS3 | Chobani Fit Protein Greek Yogurt | 160g $1.50 | 160g $1.50 per 100g | per 100g | ES,79.0,True,low_name_confidence_strict,https://caau.syd1.cdn.digitaloceanspaces.com/wp-content/uploads/catalogue/coles/coles-catalogue-september-2-9-2025-vic-metro/31.jpg,https://www.catalogueau.com/coles/#catalogue=coles/coles-catalogue-september-2-9-2025-vic-metro/,displayed_price,displayed_price;unit_price,2,review
Coles,VIC METRO,"Coles Catalogue September 2 - 9, 2025 VIC METRO",2025-09-02,2025-09-09,31,Pauls Custard Pouch 140g,10.0,12.0,2.0,16.67,save_amount,140g,$1.50 per 100g,SAVE *2 | Pauls Custard Pouch 140g | $1.50 | $1.50 per 100g | dona ansuaa net,96.26,True,unit_price_conflict;single_price_evidence,https://caau.syd1.cdn.digitaloceanspaces.com/wp-content/uploads/catalogue/coles/coles-catalogue-september-2-9-2025-vic-metro/31.jpg,https://www.catalogueau.com/coles/#catalogue=coles/coles-catalogue-september-2-9-2025-vic-metro/,displayed_price,displayed_price,1,review
Coles,VIC METRO,"Coles Catalogue September 2 - 9, 2025 VIC METRO",2025-09-02,2025-09-09,31,Chobani Flip Yogurt 140g,2.8,4.0,1.2,30.0,save_amount,140g,$2.00 per 100g,SAVE *1.20 | WASS4 | Chobani Flip Yogurt 140g | $2.00 per 100g | VIC-METRO-0309-25-469750,95.0,False,,https://caau.syd1.cdn.digitaloceanspaces.com/wp-content/uploads/catalogue/coles/coles-catalogue-september-2-9-2025-vic-metro/31.jpg,https://www.catalogueau.com/coles/#catalogue=coles/coles-catalogue-september-2-9-2025-vic-metro/,save_was_arithmetic,displayed_price;save_was_arithmetic;unit_price,3,verified
Coles,VIC METRO,"Coles Catalogue September 2 - 9, 2025 VIC METRO",2025-09-02,2025-09-09,31,Flora ProActiv 500g,7.0,10.0,3.0,30.0,save_amount,500g,$1.40 per 100g,SAVES3 | WASS10 | Flora ProActiv 500g | $1.40 per 100g | 31,93.83,False,,https://caau.syd1.cdn.digitaloceanspaces.com/wp-content/uploads/catalogue/coles/coles-catalogue-september-2-9-2025-vic-metro/31.jpg,https://www.catalogueau.com/coles/#catalogue=coles/coles-catalogue-september-2-9-2025-vic-metro/,save_was_arithmetic,displayed_price;save_was_arithmetic;unit_price,3,verified
Coles,VIC METRO,"Coles Catalogue September 2 - 9, 2025 VIC METRO",2025-09-02,2025-09-09,31,Cheer Cheese Block Tasty 400g,7.0,9.0,2.0,22.22,save_amount,400g,$17.50 per kg,SAVE 2 | WASS9 | Cheer Cheese Block | Tasty 400g $17.50 per kg | 31,96.03,False,,https://caau.syd1.cdn.digitaloceanspaces.com/wp-content/uploads/catalogue/coles/coles-catalogue-september-2-9-2025-vic-metro/31.jpg,https://www.catalogueau.com/coles/#catalogue=coles/coles-catalogue-september-2-9-2025-vic-metro/,save_was_arithmetic,displayed_price;save_was_arithmetic;unit_price,3,verified
Coles,VIC METRO,"Coles Catalogue September 2 - 9, 2025 VIC METRO",2025-09-02,2025-09-09,31,Cheer Cheese Slices 500g,10.0,11.0,1.0,9.09,save_amount,500g,$20.00 per kg,WASS11 | WASS11 | Cheer Cheese Slices | 500g $20.00 per kg,96.32,False,,https://caau.syd1.cdn.digitaloceanspaces.com/wp-content/uploads/catalogue/coles/coles-catalogue-september-2-9-2025-vic-metro/31.jpg,https://www.catalogueau.com/coles/#catalogue=coles/coles-catalogue-september-2-9-2025-vic-metro/,displayed_price,displayed_price;unit_price,2,verified
Coles,VIC METRO,"Coles Catalogue September 2 - 9, 2025 VIC METRO",2025-09-02,2025-09-09,31,SAVE51.30 Dairy Farmers Thick & Creamy Yoghurt,30.0,,,,special,,,SAVE51.30 | Dairy Farmers Thick & Creamy Yoghurt | 140g-150g,70.24,True,offer_labels_missing;save_amount_missing;regular_price_missing;low_name_confidence_strict;single_price_evidence,https://caau.syd1.cdn.digitaloceanspaces.com/wp-content/uploads/catalogue/coles/coles-catalogue-september-2-9-2025-vic-metro/31.jpg,https://www.catalogueau.com/coles/#catalogue=coles/coles-catalogue-september-2-9-2025-vic-metro/,displayed_price,displayed_price,1,review
Coles,VIC METRO,"Coles Catalogue September 2 - 9, 2025 VIC METRO",2025-09-02,2025-09-09,32,"Black Swan Favourites Dip 180g-200g, Yumi's Dip 200g or Red Rock Deli Dip 130g-135g",7.0,9.0,2.0,22.22,save_amount,180g; 200g; 130g; 135g,,"SAVE 2 | Black Swan Favourites Dip 180g-200g, Yumi's Dip 200g | or Red Rock Deli Dip 130g-135g",94.55,True,single_price_evidence,https://caau.syd1.cdn.digitaloceanspaces.com/wp-content/uploads/catalogue/coles/coles-catalogue-september-2-9-2025-vic-metro/32.jpg,https://www.catalogueau.com/coles/#catalogue=coles/coles-catalogue-september-2-9-2025-vic-metro/,displayed_price,displayed_price,1,review
Coles,VIC METRO,"Coles Catalogue September 2 - 9, 2025 VIC METRO",2025-09-02,2025-09-09,32,Nuttelex Spread 500g,4.0,5.2,1.2,23.08,save_amount,500g,$0.80 per 100g,SAVE1.20 | — | Nuttelex Spread 500g | $0.80 per 100g | ao,94.78,True,single_price_evidence,https://caau.syd1.cdn.digitaloceanspaces.com/wp-content/uploads/catalogue/coles/coles-catalogue-september-2-9-2025-vic-metro/32.jpg,https://www.catalogueau.com/coles/#catalogue=coles/coles-catalogue-september-2-9-2025-vic-metro/,unit_price,unit_price,1,review
Coles,VIC METRO,"Coles Catalogue September 2 - 9, 2025 VIC METRO",2025-09-02,2025-09-09,32,Philadelphia Spreadable Cream Cheese Tub 250g,4.5,5.7,1.2,21.05,save_amount,250g,$18.00 per kg,SAVES1.20 | WASS$5.70 | Philadelphia Spreadable Cream | Cheese Tub 250g $18.00 per kg | ) | _ | 6°).,94.61,False,,https://caau.syd1.cdn.digitaloceanspaces.com/wp-content/uploads/catalogue/coles/coles-catalogue-september-2-9-2025-vic-metro/32.jpg,https://www.catalogueau.com/coles/#catalogue=coles/coles-catalogue-september-2-9-2025-vic-metro/,save_was_arithmetic,save_was_arithmetic;unit_price,2,verified
Coles,VIC METRO,"Coles Catalogue September 2 - 9, 2025 VIC METRO",2025-09-02,2025-09-09,32,Devondale Butter 250g,4.6,5.3,0.7,13.21,save_amount,250g,,WAS $5.30 | WAS $5.30 | JUL 2025 | Devondale Butter 250g | $1.84 per | $1.84 | per 100g | ie],94.49,True,single_price_evidence,https://caau.syd1.cdn.digitaloceanspaces.com/wp-content/uploads/catalogue/coles/coles-catalogue-september-2-9-2025-vic-metro/32.jpg,https://www.catalogueau.com/coles/#catalogue=coles/coles-catalogue-september-2-9-2025-vic-metro/,displayed_price,displayed_price,1,review
Coles,VIC METRO,"Coles Catalogue September 2 - 9, 2025 VIC METRO",2025-09-02,2025-09-09,32,Grove Juice 1.5 Litre,6.95,7.95,1.0,12.58,save_amount,1.5 Litre,$4.63 per litre,WAS$7.95 | WAS$7.95 | SEP 2025 | Grove Juice 1.5 Litre | $4.63 per litre,96.7,True,single_price_evidence,https://caau.syd1.cdn.digitaloceanspaces.com/wp-content/uploads/catalogue/coles/coles-catalogue-september-2-9-2025-vic-metro/32.jpg,https://www.catalogueau.com/coles/#catalogue=coles/coles-catalogue-september-2-9-2025-vic-metro/,unit_price,unit_price,1,review
Coles,VIC METRO,"Coles Catalogue September 2 - 9, 2025 VIC METRO",2025-09-02,2025-09-09,32,Danone Activia No Added Sugar Probiotics Yoghurt 4x125g,4.5,5.75,1.25,21.74,save_amount,4x125g,$0.90 per 100g,WAS $5.75 | WAS $5.75 | AUG 2025 | Danone Activia No Added Sugar | Probiotics Yoghurt 4x125g | $0.90 per 100g,95.6,True,single_price_evidence,https://caau.syd1.cdn.digitaloceanspaces.com/wp-content/uploads/catalogue/coles/coles-catalogue-september-2-9-2025-vic-metro/32.jpg,https://www.catalogueau.com/coles/#catalogue=coles/coles-catalogue-september-2-9-2025-vic-metro/,unit_price,unit_price,1,review
Coles,VIC METRO,"Coles Catalogue September 2 - 9, 2025 VIC METRO",2025-09-02,2025-09-09,32,Perfect Italiano Grated Cheese 250g,5.8,6.5,0.7,10.77,save_amount,250g,$23.20 per kg,WAS $6.50 | WAS $6.50 | AUG 2025 | Perfect Italiano Grated Cheese | 250g $23.20 per kg,95.94,False,,https://caau.syd1.cdn.digitaloceanspaces.com/wp-content/uploads/catalogue/coles/coles-catalogue-september-2-9-2025-vic-metro/32.jpg,https://www.catalogueau.com/coles/#catalogue=coles/coles-catalogue-september-2-9-2025-vic-metro/,displayed_price,displayed_price;unit_price,2,verified
Coles,VIC METRO,"Coles Catalogue September 2 - 9, 2025 VIC METRO",2025-09-02,2025-09-09,32,Coles Dip 200:,2.6,,,,special,,$1.30 per 100g,"Coles Dip 200: | $1.30 per 100g | VES | L,5°",96.29,True,offer_labels_missing;save_amount_missing;regular_price_missing;inferred_price_requires_review,https://caau.syd1.cdn.digitaloceanspaces.com/wp-content/uploads/catalogue/coles/coles-catalogue-september-2-9-2025-vic-metro/32.jpg,https://www.catalogueau.com/coles/#catalogue=coles/coles-catalogue-september-2-9-2025-vic-metro/,displayed_price,displayed_price;grid_inference,1,review
Coles,VIC METRO,"Coles Catalogue September 2 - 9, 2025 VIC METRO",2025-09-02,2025-09-09,33,Perfect Italiano Parmesan 125g,3.5,4.5,1.0,22.22,save_amount,125g,$28.00 per kg,WASS4.50 | WASS4.50 | Perfect Italiano Parmesan | 125g $28.00 per kg | VIC-METRO-0309-25-469750,96.3,True,single_price_evidence,https://caau.syd1.cdn.digitaloceanspaces.com/wp-content/uploads/catalogue/coles/coles-catalogue-september-2-9-2025-vic-metro/33.jpg,https://www.catalogueau.com/coles/#catalogue=coles/coles-catalogue-september-2-9-2025-vic-metro/,unit_price,unit_price,1,review
Coles,VIC METRO,"Coles Catalogue September 2 - 9, 2025 VIC METRO",2025-09-02,2025-09-09,33,Bega Cheese Lactose Free Slices or Grated 250g,6.0,750.0,744.0,99.2,save_amount,250g,$24.00 per kg,WAS$750 | WAS$750 | Bega Cheese Lactose | Free Slices or Grated | 250g $24.00 per kg,96.58,False,,https://caau.syd1.cdn.digitaloceanspaces.com/wp-content/uploads/catalogue/coles/coles-catalogue-september-2-9-2025-vic-metro/33.jpg,https://www.catalogueau.com/coles/#catalogue=coles/coles-catalogue-september-2-9-2025-vic-metro/,displayed_price,displayed_price;unit_price,2,verified
Coles,VIC METRO,"Coles Catalogue September 2 - 9, 2025 VIC METRO",2025-09-02,2025-09-09,33,Castello Half Moon Cheese 150g,6.8,8.0,1.2,15.0,save_amount,150g,$45.33 per kg,WASS8 | WASS8 | Castello Half Moon | Cheese 150g | $45.33 per kg,96.09,True,single_price_evidence,https://caau.syd1.cdn.digitaloceanspaces.com/wp-content/uploads/catalogue/coles/coles-catalogue-september-2-9-2025-vic-metro/33.jpg,https://www.catalogueau.com/coles/#catalogue=coles/coles-catalogue-september-2-9-2025-vic-metro/,unit_price,unit_price,1,review
Coles,VIC METRO,"Coles Catalogue September 2 - 9, 2025 VIC METRO",2025-09-02,2025-09-09,33,Mersey Valley Cheese 235g,6.9,9.9,3.0,30.3,save_amount,235g,$29.36 per kg,WAS$9.90 | WAS$9.90 | Mersey Valley Cheese | 235g $29.36 per kg,96.48,False,,https://caau.syd1.cdn.digitaloceanspaces.com/wp-content/uploads/catalogue/coles/coles-catalogue-september-2-9-2025-vic-metro/33.jpg,https://www.catalogueau.com/coles/#catalogue=coles/coles-catalogue-september-2-9-2025-vic-metro/,displayed_price,displayed_price;unit_price,2,verified
Coles,VIC METRO,"Coles Catalogue September 2 - 9, 2025 VIC METRO",2025-09-02,2025-09-09,33,Coles Kitchen Garlic Baguette Twin Pack 450g,3.4,,,,everyday,450g,$0.76 per 100g,Coles Kitchen Garlic | Baguette Twin Pack 450g | $0.76 per 100g,96.27,False,,https://caau.syd1.cdn.digitaloceanspaces.com/wp-content/uploads/catalogue/coles/coles-catalogue-september-2-9-2025-vic-metro/33.jpg,https://www.catalogueau.com/coles/#catalogue=coles/coles-catalogue-september-2-9-2025-vic-metro/,displayed_price,displayed_price;unit_price,2,verified
Coles,VIC METRO,"Coles Catalogue September 2 - 9, 2025 VIC METRO",2025-09-02,2025-09-09,33,Coles Kitchen Pasta Sauce 480g,5.4,,,,everyday,480g,$1.13 per 100g,Coles Kitchen Pasta Sauce | 480g $1.13 per 100g | —_ | —,96.46,False,,https://caau.syd1.cdn.digitaloceanspaces.com/wp-content/uploads/catalogue/coles/coles-catalogue-september-2-9-2025-vic-metro/33.jpg,https://www.catalogueau.com/coles/#catalogue=coles/coles-catalogue-september-2-9-2025-vic-metro/,displayed_price,displayed_price;unit_price,2,verified
Coles,VIC METRO,"Coles Catalogue September 2 - 9, 2025 VIC METRO",2025-09-02,2025-09-09,33,Coles Filled Pasta 600g,6.0,,,,everyday,600g,$1.00 per 100g,Coles Filled Pasta 600g | $1.00 per 100g,96.35,False,,https://caau.syd1.cdn.digitaloceanspaces.com/wp-content/uploads/catalogue/coles/coles-catalogue-september-2-9-2025-vic-metro/33.jpg,https://www.catalogueau.com/coles/#catalogue=coles/coles-catalogue-september-2-9-2025-vic-metro/,displayed_price,displayed_price;unit_price,2,verified
Coles,VIC METRO,"Coles Catalogue September 2 - 9, 2025 VIC METRO",2025-09-02,2025-09-09,33,Youfoodz Fuel'd Meal 400g-436g,10.0,,,,everyday,400g; 436g,,Youfoodz Fuel'd Meal | 400g-436g,79.0,True,low_name_confidence_strict;single_price_evidence,https://caau.syd1.cdn.digitaloceanspaces.com/wp-content/uploads/catalogue/coles/coles-catalogue-september-2-9-2025-vic-metro/33.jpg,https://www.catalogueau.com/coles/#catalogue=coles/coles-catalogue-september-2-9-2025-vic-metro/,displayed_price,displayed_price,1,review
Coles,VIC METRO,"Coles Catalogue September 2 - 9, 2025 VIC METRO",2025-09-02,2025-09-09,33,Rana Filled Pasta 325g,12.0,,,,everyday,325g,$1.85 per 100g,Rana Filled Pasta 325g | $1.85 per 100g | \ ger” | ea,95.78,True,unit_price_conflict;single_price_evidence,https://caau.syd1.cdn.digitaloceanspaces.com/wp-content/uploads/catalogue/coles/coles-catalogue-september-2-9-2025-vic-metro/33.jpg,https://www.catalogueau.com/coles/#catalogue=coles/coles-catalogue-september-2-9-2025-vic-metro/,displayed_price,displayed_price,1,review
Coles,VIC METRO,"Coles Catalogue September 2 - 9, 2025 VIC METRO",2025-09-02,2025-09-09,33,Dari's Soup 550g,10.0,,,,everyday,550g,$0.98 per 100g,Dari's Soup 550g | $0.98 per 100g,93.6,True,unit_price_conflict;single_price_evidence,https://caau.syd1.cdn.digitaloceanspaces.com/wp-content/uploads/catalogue/coles/coles-catalogue-september-2-9-2025-vic-metro/33.jpg,https://www.catalogueau.com/coles/#catalogue=coles/coles-catalogue-september-2-9-2025-vic-metro/,displayed_price,displayed_price,1,review
Coles,VIC METRO,"Coles Catalogue September 2 - 9, 2025 VIC METRO",2025-09-02,2025-09-09,34,Dare Flavoured Milk 500mL,2.95,4.25,1.3,30.59,save_amount,500mL,$5.90 per litre,SAVE‘1.30 | WASS4.25 | Dare Flavoured Milk 500mL | $5.90 per litre | =< |,94.38,False,,https://caau.syd1.cdn.digitaloceanspaces.com/wp-content/uploads/catalogue/coles/coles-catalogue-september-2-9-2025-vic-metro/34.jpg,https://www.catalogueau.com/coles/#catalogue=coles/coles-catalogue-september-2-9-2025-vic-metro/,save_was_arithmetic,displayed_price;save_was_arithmetic;unit_price,3,verified
Coles,VIC METRO,"Coles Catalogue September 2 - 9, 2025 VIC METRO",2025-09-02,2025-09-09,34,Pauls Plus+ Protein Low Fat Milk 400mL,3.4,4.4,1.0,22.73,save_amount,400mL,$8.50 per litre,SAVES1 | WAS$4.40 | Pauls Plus+ Protein Low Fat Milk 400mL | $8.50 per litre,95.05,False,,https://caau.syd1.cdn.digitaloceanspaces.com/wp-content/uploads/catalogue/coles/coles-catalogue-september-2-9-2025-vic-metro/34.jpg,https://www.catalogueau.com/coles/#catalogue=coles/coles-catalogue-september-2-9-2025-vic-metro/,save_was_arithmetic,save_was_arithmetic;unit_price,2,verified
Coles,VIC METRO,"Coles Catalogue September 2 - 9, 2025 VIC METRO",2025-09-02,2025-09-09,34,Original Juice Co Veggie Goodness 1 Litre,4.5,6.0,1.5,25.0,save_amount,1 Litre,$4.50 per litre,SAVE1.50 | WAS $6 | Original Juice Co Veggie | Goodness 1 Litre $4.50 per litre,96.04,False,,https://caau.syd1.cdn.digitaloceanspaces.com/wp-content/uploads/catalogue/coles/coles-catalogue-september-2-9-2025-vic-metro/34.jpg,https://www.catalogueau.com/coles/#catalogue=coles/coles-catalogue-september-2-9-2025-vic-metro/,save_was_arithmetic,save_was_arithmetic;unit_price,2,verified
Coles,VIC METRO,"Coles Catalogue September 2 - 9, 2025 VIC METRO",2025-09-02,2025-09-09,34,Table of Plenty Probiotic Kefir Yoghurt 1kg,7.0,9.3,2.3,24.73,save_amount,1kg,$0.70 per 100g,SAVE52.30 | WASS9.30 | Table of Plenty Probiotic Kefir | Yoghurt 1kg $0.70 per 100g | TASTIER.,94.34,True,single_price_evidence,https://caau.syd1.cdn.digitaloceanspaces.com/wp-content/uploads/catalogue/coles/coles-catalogue-september-2-9-2025-vic-metro/34.jpg,https://www.catalogueau.com/coles/#catalogue=coles/coles-catalogue-september-2-9-2025-vic-metro/,unit_price,unit_price,1,review
Coles,VIC METRO,"Coles Catalogue September 2 - 9, 2025 VIC METRO",2025-09-02,2025-09-09,34,Tamar Valley Dairy The Creamery foghurt 700g,5.6,7.2,1.6,22.22,save_amount,700g,$0.80 per 100g,SAVE51.60 | WASS$7.20 | Tamar Valley Dairy The Creamery | foghurt 700g $0.80 per 100g | Yc | a | ADVERTISER PROMOTION,90.84,True,single_price_evidence,https://caau.syd1.cdn.digitaloceanspaces.com/wp-content/uploads/catalogue/coles/coles-catalogue-september-2-9-2025-vic-metro/34.jpg,https://www.catalogueau.com/coles/#catalogue=coles/coles-catalogue-september-2-9-2025-vic-metro/,unit_price,unit_price,1,review
Coles,VIC METRO,"Coles Catalogue September 2 - 9, 2025 VIC METRO",2025-09-02,2025-09-09,34,Tamar Valley Dairy Kids Yoghurt Pouch 110g,1.7,2.5,0.8,32.0,save_amount,110g,$1.55 per 100g,"SAVE 80° | WAS$2.50 | Tamar Valley Dairy Kids Yoghurt | Pouch 110g $1.55 per 100g | simply TaMAaRveloued,",96.44,False,,https://caau.syd1.cdn.digitaloceanspaces.com/wp-content/uploads/catalogue/coles/coles-catalogue-september-2-9-2025-vic-metro/34.jpg,https://www.catalogueau.com/coles/#catalogue=coles/coles-catalogue-september-2-9-2025-vic-metro/,displayed_price,displayed_price;unit_price,2,verified
Coles,VIC METRO,"Coles Catalogue September 2 - 9, 2025 VIC METRO",2025-09-02,2025-09-09,34,Tamar Valley Dairy Greek Style Yoghurt 1kg,6.2,8.0,1.8,22.5,save_amount,1kg,$0.62 per 100g,SAVE‘1.80 | Tamar Valley Dairy Greek Style | Yoghurt 1kg $0.62 per 100g | 34,94.56,True,single_price_evidence,https://caau.syd1.cdn.digitaloceanspaces.com/wp-content/uploads/catalogue/coles/coles-catalogue-september-2-9-2025-vic-metro/34.jpg,https://www.catalogueau.com/coles/#catalogue=coles/coles-catalogue-september-2-9-2025-vic-metro/,unit_price,unit_price,1,review
Coles,VIC METRO,"Coles Catalogue September 2 - 9, 2025 VIC METRO",2025-09-02,2025-09-09,35,Coles Finest Luxury Sorbet Tub 500mL,7.0,,,,special,500mL,$1.40 per 100,Coles Finest Luxury Sorbet Tub 500mL | $1.40 per 100m | VIC-METRO-0309-25-469750,95.54,False,,https://caau.syd1.cdn.digitaloceanspaces.com/wp-content/uploads/catalogue/coles/coles-catalogue-september-2-9-2025-vic-metro/35.jpg,https://www.catalogueau.com/coles/#catalogue=coles/coles-catalogue-september-2-9-2025-vic-metro/,displayed_price,displayed_price;unit_price,2,verified
Coles,VIC METRO,"Coles Catalogue September 2 - 9, 2025 VIC METRO",2025-09-02,2025-09-09,36,Mars Smooth & Creamy Frozen Dessert Bars 5 Pack 247mL,4.75,9.5,4.75,50.0,half_price,5 Pack; 247mL,$1.92 per 100mL,SAVE%4.75 | WASS9.50 | Mars Smooth & Creamy Frozen Dessert Bars | 5 Pack 247mL $1.92 per 100mL,93.48,False,,https://caau.syd1.cdn.digitaloceanspaces.com/wp-content/uploads/catalogue/coles/coles-catalogue-september-2-9-2025-vic-metro/36.jpg,https://www.catalogueau.com/coles/#catalogue=coles/coles-catalogue-september-2-9-2025-vic-metro/,save_was_arithmetic,displayed_price;save_was_arithmetic;unit_price,3,verified
Coles,VIC METRO,"Coles Catalogue September 2 - 9, 2025 VIC METRO",2025-09-02,2025-09-09,36,Cape Byron Ice Cream Sticks 4 Pack 380mL,6.25,12.5,6.25,50.0,half_price,4 Pack; 380mL,$1.64 per 100mL,SAVES6.25 | WASS12.50 | Cape Byron Ice Cream Sticks 4 Pack | 380mL $1.64 per 100mL | ER | soe,79.0,True,low_name_confidence_strict,https://caau.syd1.cdn.digitaloceanspaces.com/wp-content/uploads/catalogue/coles/coles-catalogue-september-2-9-2025-vic-metro/36.jpg,https://www.catalogueau.com/coles/#catalogue=coles/coles-catalogue-september-2-9-2025-vic-metro/,save_was_arithmetic,save_was_arithmetic;unit_price,2,review
Coles,VIC METRO,"Coles Catalogue September 2 - 9, 2025 VIC METRO",2025-09-02,2025-09-09,36,Destination Italy Gelato Tub 500mL,11.0,12.5,1.5,12.0,save_amount,500mL,$2.20 per 100mL,WAS $12.50 | WAS $12.50 | Destination Italy Gelato Tub | 500mL $2.20 per 100mL,93.35,False,,https://caau.syd1.cdn.digitaloceanspaces.com/wp-content/uploads/catalogue/coles/coles-catalogue-september-2-9-2025-vic-metro/36.jpg,https://www.catalogueau.com/coles/#catalogue=coles/coles-catalogue-september-2-9-2025-vic-metro/,displayed_price,displayed_price;unit_price,2,verified
Coles,VIC METRO,"Coles Catalogue September 2 - 9, 2025 VIC METRO",2025-09-02,2025-09-09,36,Streets Mini Pineapple Paddle Pop Twisters 6 Pack 300mL,7.0,8.0,1.0,12.5,save_amount,6 Pack; 300mL,$2.33 per 100mL,WAS$8 | WAS$8 | 2025 | Streets Mini Pineapple Paddle | Pop Twisters 6 Pack 300mL | $2.33 per 100mL,95.68,False,,https://caau.syd1.cdn.digitaloceanspaces.com/wp-content/uploads/catalogue/coles/coles-catalogue-september-2-9-2025-vic-metro/36.jpg,https://www.catalogueau.com/coles/#catalogue=coles/coles-catalogue-september-2-9-2025-vic-metro/,displayed_price,displayed_price;unit_price,2,verified
Coles,VIC METRO,"Coles Catalogue September 2 - 9, 2025 VIC METRO",2025-09-02,2025-09-09,36,Birds Eye Deli Sea Salt & Rosemary Seasoned Chips 600g,4.2,6.0,1.8,30.0,save_amount,600g,$7.00 per kg,SAVES1.80 | Birds Eye Deli Sea Salt & Rosemary | Seasoned Chips 600g | $7.00 per kg | VIC-METRO-0309-25-469750,96.07,True,single_price_evidence,https://caau.syd1.cdn.digitaloceanspaces.com/wp-content/uploads/catalogue/coles/coles-catalogue-september-2-9-2025-vic-metro/36.jpg,https://www.catalogueau.com/coles/#catalogue=coles/coles-catalogue-september-2-9-2025-vic-metro/,unit_price,unit_price,1,review
Coles,VIC METRO,"Coles Catalogue September 2 - 9, 2025 VIC METRO",2025-09-02,2025-09-09,36,1&J Fish Fillets 425g,5.5,7.0,1.5,21.43,save_amount,425g,$12.94 per kg,SAVES1.50 | 1&J Fish Fillets 425g | $12.94 per kg | 36,95.14,False,,https://caau.syd1.cdn.digitaloceanspaces.com/wp-content/uploads/catalogue/coles/coles-catalogue-september-2-9-2025-vic-metro/36.jpg,https://www.catalogueau.com/coles/#catalogue=coles/coles-catalogue-september-2-9-2025-vic-metro/,displayed_price,displayed_price;unit_price,2,verified
Coles,VIC METRO,"Coles Catalogue September 2 - 9, 2025 VIC METRO",2025-09-02,2025-09-09,36,On the Menu Plated Meal 320g,5.8,7.3,1.5,20.55,save_amount,320g,$1.81 per 100,SAVES1.50 | WAS$7.30 | On the Menu Plated Meal 320g | $1.81 per 100 | On sale for 2 weeks,96.35,False,,https://caau.syd1.cdn.digitaloceanspaces.com/wp-content/uploads/catalogue/coles/coles-catalogue-september-2-9-2025-vic-metro/36.jpg,https://www.catalogueau.com/coles/#catalogue=coles/coles-catalogue-september-2-9-2025-vic-metro/,save_was_arithmetic,save_was_arithmetic;unit_price,2,verified
Coles,VIC METRO,"Coles Catalogue September 2 - 9, 2025 VIC METRO",2025-09-02,2025-09-09,36,Coles Frozen Belgian Chocolate Lava Cakes 2 Pack 180g,5.0,,,,down_down,2 Pack; 180g,$2.78 per 100g,Coles Frozen Belgian Chocolate | Lava Cakes 2 Pack 180g | $2.78 per 100g,96.38,False,,https://caau.syd1.cdn.digitaloceanspaces.com/wp-content/uploads/catalogue/coles/coles-catalogue-september-2-9-2025-vic-metro/36.jpg,https://www.catalogueau.com/coles/#catalogue=coles/coles-catalogue-september-2-9-2025-vic-metro/,displayed_price,displayed_price;unit_price,2,verified
Coles,VIC METRO,"Coles Catalogue September 2 - 9, 2025 VIC METRO",2025-09-02,2025-09-09,37,Peters Maxibon 4 Pack 560mL,5.75,11.5,5.75,50.0,half_price,4 Pack; 560mL,$1.03 per 100mL,SAVE*5.75 | WASS11.50 | Peters Maxibon 4 Pack 560mL | $1.03 per 100mL,92.34,False,,https://caau.syd1.cdn.digitaloceanspaces.com/wp-content/uploads/catalogue/coles/coles-catalogue-september-2-9-2025-vic-metro/37.jpg,https://www.catalogueau.com/coles/#catalogue=coles/coles-catalogue-september-2-9-2025-vic-metro/,save_was_arithmetic,save_was_arithmetic;unit_price,2,verified
Coles,VIC METRO,"Coles Catalogue September 2 - 9, 2025 VIC METRO",2025-09-02,2025-09-09,37,Cadbury Dairy Milk Sticks 4 Pack-6 Pack 300mL-360mL,6.0,12.0,6.0,50.0,half_price,4 Pack; 6 Pack; 300mL; 360mL,,SAVE%6 | WASS12 | Cadbury Dairy Milk Sticks | 4 Pack-6 Pack 300mL-360mL,92.38,False,,https://caau.syd1.cdn.digitaloceanspaces.com/wp-content/uploads/catalogue/coles/coles-catalogue-september-2-9-2025-vic-metro/37.jpg,https://www.catalogueau.com/coles/#catalogue=coles/coles-catalogue-september-2-9-2025-vic-metro/,save_was_arithmetic,displayed_price;save_was_arithmetic,2,verified
Coles,VIC METRO,"Coles Catalogue September 2 - 9, 2025 VIC METRO",2025-09-02,2025-09-09,37,Connoisseur Ice Cream Sticks 4 Pack-6 Pack 360mL-400mL,7.9,12.0,4.1,34.17,save_amount,4 Pack; 6 Pack; 360mL; 400mL,,SAVE 54.10 | Connoisseur Ice Cream Sticks | 4 Pack-6 Pack 360mL-400mL | |,92.48,True,single_price_evidence,https://caau.syd1.cdn.digitaloceanspaces.com/wp-content/uploads/catalogue/coles/coles-catalogue-september-2-9-2025-vic-metro/37.jpg,https://www.catalogueau.com/coles/#catalogue=coles/coles-catalogue-september-2-9-2025-vic-metro/,displayed_price,displayed_price,1,review
Coles,VIC METRO,"Coles Catalogue September 2 - 9, 2025 VIC METRO",2025-09-02,2025-09-09,37,McCain Pub Size Meal 480g 480g-500g,7.6,9.5,1.9,20.0,save_amount,480g; 500g,,SAVE51.90 | WASS9.50 | McCain Pub Size Meal | 480g | 480g-500g | Sa | aa | i&,79.0,True,low_name_confidence_strict;single_price_evidence,https://caau.syd1.cdn.digitaloceanspaces.com/wp-content/uploads/catalogue/coles/coles-catalogue-september-2-9-2025-vic-metro/37.jpg,https://www.catalogueau.com/coles/#catalogue=coles/coles-catalogue-september-2-9-2025-vic-metro/,displayed_price,displayed_price,1,review
Coles,VIC METRO,"Coles Catalogue September 2 - 9, 2025 VIC METRO",2025-09-02,2025-09-09,37,Haagen-Dazs Ice Cream Tub 457mL,9.0,13.5,4.5,33.33,save_amount,457mL,$1.97 per 100mL,SAVE%4.50 | WASS13.50 | Haagen-Dazs Ice Cream Tub | 457mL $1.97 per 100mL,91.92,False,,https://caau.syd1.cdn.digitaloceanspaces.com/wp-content/uploads/catalogue/coles/coles-catalogue-september-2-9-2025-vic-metro/37.jpg,https://www.catalogueau.com/coles/#catalogue=coles/coles-catalogue-september-2-9-2025-vic-metro/,save_was_arithmetic,displayed_price;save_was_arithmetic;unit_price,3,verified
Coles,VIC METRO,"Coles Catalogue September 2 - 9, 2025 VIC METRO",2025-09-02,2025-09-09,37,Luv a Duck Frozen Whole Duck 2.1kg,19.0,28.3,9.3,32.86,save_amount,2.1kg,$9.05 per kg,WAS $28.30 | WAS $28.30 | JUL 2025 | Luv a Duck Frozen Whole Duck | 2.1kg $9.05 per kg,95.69,False,,https://caau.syd1.cdn.digitaloceanspaces.com/wp-content/uploads/catalogue/coles/coles-catalogue-september-2-9-2025-vic-metro/37.jpg,https://www.catalogueau.com/coles/#catalogue=coles/coles-catalogue-september-2-9-2025-vic-metro/,displayed_price,displayed_price;unit_price,2,verified
Coles,VIC METRO,"Coles Catalogue September 2 - 9, 2025 VIC METRO",2025-09-02,2025-09-09,37,Birds Eye Deli Crispy Light Batter Fish 250g,8.0,10.0,2.0,20.0,save_amount,250g,$32.00 per kg,SAVES2. | WASS10 | Birds Eye Deli Crispy Light Batter | Fish 250g $32.00 per kg | VIC-METRO-0309-25-469750,96.5,False,,https://caau.syd1.cdn.digitaloceanspaces.com/wp-content/uploads/catalogue/coles/coles-catalogue-september-2-9-2025-vic-metro/37.jpg,https://www.catalogueau.com/coles/#catalogue=coles/coles-catalogue-september-2-9-2025-vic-metro/,save_was_arithmetic,displayed_price;save_was_arithmetic;unit_price,3,verified
Coles,VIC METRO,"Coles Catalogue September 2 - 9, 2025 VIC METRO",2025-09-02,2025-09-09,37,KB's Gyoza 750g,12.6,18.0,5.4,30.0,save_amount,750g,$1.68 per 100g,SAVE%5.40 | WASS18 | KB's Gyoza 750g | $1.68 | $1.68 per 100g | 37,94.33,False,,https://caau.syd1.cdn.digitaloceanspaces.com/wp-content/uploads/catalogue/coles/coles-catalogue-september-2-9-2025-vic-metro/37.jpg,https://www.catalogueau.com/coles/#catalogue=coles/coles-catalogue-september-2-9-2025-vic-metro/,save_was_arithmetic,save_was_arithmetic;unit_price,2,verified
Coles,VIC METRO,"Coles Catalogue September 2 - 9, 2025 VIC METRO",2025-09-02,2025-09-09,38,Sensodyne Daily Care or Daily Care + Whitening : Sensitive Toothpaste 100g*,5.5,,,,special,100g,$5.50 per 100g,Sensodyne Daily Care or Daily | Care + Whitening : Sensitive | Toothpaste 100g* $5.50 per 100g | ages,93.56,True,single_price_evidence,https://caau.syd1.cdn.digitaloceanspaces.com/wp-content/uploads/catalogue/coles/coles-catalogue-september-2-9-2025-vic-metro/38.jpg,https://www.catalogueau.com/coles/#catalogue=coles/coles-catalogue-september-2-9-2025-vic-metro/,unit_price,unit_price,1,review
Coles,VIC METRO,"Coles Catalogue September 2 - 9, 2025 VIC METRO",2025-09-02,2025-09-09,38,Sensodyne Soft Daily Care Toothbrush 3 Pack,6.5,,,,special,3 Pack,$2.17 per each,Sensodyne Soft Daily | Care Toothbrush 3 Pack | $2.17 per each | —== —,94.81,True,single_price_evidence,https://caau.syd1.cdn.digitaloceanspaces.com/wp-content/uploads/catalogue/coles/coles-catalogue-september-2-9-2025-vic-metro/38.jpg,https://www.catalogueau.com/coles/#catalogue=coles/coles-catalogue-september-2-9-2025-vic-metro/,unit_price,unit_price,1,review
Coles,VIC METRO,"Coles Catalogue September 2 - 9, 2025 VIC METRO",2025-09-02,2025-09-09,38,Curash Fragrance Free Sensitive Skin Baby Wipes 240 Pack,8.4,,,,special,240 Pack,$3.50 per 100 each,"Curash Fragrance Free Sensitive | Skin Baby Wipes 240 Pack | $3.50 per 100 each | @= | cott, pam, gle",96.02,False,,https://caau.syd1.cdn.digitaloceanspaces.com/wp-content/uploads/catalogue/coles/coles-catalogue-september-2-9-2025-vic-metro/38.jpg,https://www.catalogueau.com/coles/#catalogue=coles/coles-catalogue-september-2-9-2025-vic-metro/,displayed_price,displayed_price;unit_price,2,verified
Coles,VIC METRO,"Coles Catalogue September 2 - 9, 2025 VIC METRO",2025-09-02,2025-09-09,38,Huggies Little Sleepers Nappies 26 Pack-36 Pack or Nappy Pants 20 Pack-24 Pack,13.0,,,,special,26 Pack; 36 Pack; 20 Pack; 24 Pack,,Huggies Little Sleepers Nappies | 26 Pack-36 Pack or Nappy Pants | 20 Pack-24 Pack | E+,94.72,True,offer_labels_missing;save_amount_missing;regular_price_missing;single_price_evidence,https://caau.syd1.cdn.digitaloceanspaces.com/wp-content/uploads/catalogue/coles/coles-catalogue-september-2-9-2025-vic-metro/38.jpg,https://www.catalogueau.com/coles/#catalogue=coles/coles-catalogue-september-2-9-2025-vic-metro/,displayed_price,displayed_price,1,review
Coles,VIC METRO,"Coles Catalogue September 2 - 9, 2025 VIC METRO",2025-09-02,2025-09-09,38,Huggies Ultra Dry Bulk Nappies 30 Pack-54 Pack,13.0,,,,special,30 Pack; 54 Pack,,Huggies Ultra Dry Bulk Nappies | 30 Pack-54 Pack,94.47,True,offer_labels_missing;save_amount_missing;regular_price_missing;single_price_evidence,https://caau.syd1.cdn.digitaloceanspaces.com/wp-content/uploads/catalogue/coles/coles-catalogue-september-2-9-2025-vic-metro/38.jpg,https://www.catalogueau.com/coles/#catalogue=coles/coles-catalogue-september-2-9-2025-vic-metro/,displayed_price,displayed_price,1,review
Coles,VIC METRO,"Coles Catalogue September 2 - 9, 2025 VIC METRO",2025-09-02,2025-09-09,38,Palmolive Naturals Body Wash 1 Litre,7.0,,,,special,1 Litre,$0.70 per 100mL,Palmolive Naturals Body Wash | 1 Litre $0.70 per 100mL,95.4,True,single_price_evidence,https://caau.syd1.cdn.digitaloceanspaces.com/wp-content/uploads/catalogue/coles/coles-catalogue-september-2-9-2025-vic-metro/38.jpg,https://www.catalogueau.com/coles/#catalogue=coles/coles-catalogue-september-2-9-2025-vic-metro/,unit_price,unit_price,1,review
Coles,VIC METRO,"Coles Catalogue September 2 - 9, 2025 VIC METRO",2025-09-02,2025-09-09,38,Maybelline Sky High Mascara 7.2mL,45.5,,,,special,7.2mL,,Maybelline Sky High Mascara | 7.2mL $21.53 per TOmL,79.0,True,offer_labels_missing;save_amount_missing;regular_price_missing;low_name_confidence_strict;single_price_evidence,https://caau.syd1.cdn.digitaloceanspaces.com/wp-content/uploads/catalogue/coles/coles-catalogue-september-2-9-2025-vic-metro/38.jpg,https://www.catalogueau.com/coles/#catalogue=coles/coles-catalogue-september-2-9-2025-vic-metro/,displayed_price,displayed_price,1,review
Coles,VIC METRO,"Coles Catalogue September 2 - 9, 2025 VIC METRO",2025-09-02,2025-09-09,38,Neutrogena Hydro Boost Hyaluronic Acid Nourishing Cream 50g,22.5,,,,special,50g,$45.00 per 100g,Neutrogena Hydro Boost | Hyaluronic Acid Nourishing | Cream 50g $45.00 per 100g,96.32,True,single_price_evidence,https://caau.syd1.cdn.digitaloceanspaces.com/wp-content/uploads/catalogue/coles/coles-catalogue-september-2-9-2025-vic-metro/38.jpg,https://www.catalogueau.com/coles/#catalogue=coles/coles-catalogue-september-2-9-2025-vic-metro/,unit_price,unit_price,1,review
Coles,VIC METRO,"Coles Catalogue September 2 - 9, 2025 VIC METRO",2025-09-02,2025-09-09,39,Pantene Shampoo or Conditioner 900mL,10.0,20.0,10.0,50.0,half_price,900mL,$1.11 per 100mL,SAVES10 | WASS20 | Pantene Shampoo or Conditioner 900mL | $1.11 per 100mL,94.47,False,,https://caau.syd1.cdn.digitaloceanspaces.com/wp-content/uploads/catalogue/coles/coles-catalogue-september-2-9-2025-vic-metro/39.jpg,https://www.catalogueau.com/coles/#catalogue=coles/coles-catalogue-september-2-9-2025-vic-metro/,save_was_arithmetic,displayed_price;save_was_arithmetic;unit_price,3,verified
Coles,VIC METRO,"Coles Catalogue September 2 - 9, 2025 VIC METRO",2025-09-02,2025-09-09,39,Garnier Fructis Shampoo or Conditioner 850mL,8.5,,,,special,850mL,$1.00 per 100mL,WASS | WASS | Garnier Fructis Shampoo or Conditioner 850mL | $1.00 per 100mL,94.46,True,save_amount_missing;regular_price_missing;single_price_evidence,https://caau.syd1.cdn.digitaloceanspaces.com/wp-content/uploads/catalogue/coles/coles-catalogue-september-2-9-2025-vic-metro/39.jpg,https://www.catalogueau.com/coles/#catalogue=coles/coles-catalogue-september-2-9-2025-vic-metro/,unit_price,unit_price,1,review
Coles,VIC METRO,"Coles Catalogue September 2 - 9, 2025 VIC METRO",2025-09-02,2025-09-09,39,L'Oréal Elvive Colour Protect Shampoo or Conditioner 340mL,7.0,10.0,3.0,30.0,save_amount,340mL,$2.06 per 100mL,SAVES3 | WASS10 | L'Oréal Elvive Colour Protect | Shampoo or Conditioner 340mL | $2.06 per 100mL | -,93.42,False,,https://caau.syd1.cdn.digitaloceanspaces.com/wp-content/uploads/catalogue/coles/coles-catalogue-september-2-9-2025-vic-metro/39.jpg,https://www.catalogueau.com/coles/#catalogue=coles/coles-catalogue-september-2-9-2025-vic-metro/,save_was_arithmetic,displayed_price;save_was_arithmetic;unit_price,3,verified
Coles,VIC METRO,"Coles Catalogue September 2 - 9, 2025 VIC METRO",2025-09-02,2025-09-09,39,L'Oréal Elvive Hyaluron Plump Mask 300mL,10.5,65.0,54.5,83.85,save_amount,300mL,$3.50 per 100mL,SAVE54.50 | WASS | L'Oréal Elvive Hyaluron | Plump Mask 300mL | $3.50 per 100mL | 0+),89.91,True,single_price_evidence,https://caau.syd1.cdn.digitaloceanspaces.com/wp-content/uploads/catalogue/coles/coles-catalogue-september-2-9-2025-vic-metro/39.jpg,https://www.catalogueau.com/coles/#catalogue=coles/coles-catalogue-september-2-9-2025-vic-metro/,unit_price,unit_price,1,review
Coles,VIC METRO,"Coles Catalogue September 2 - 9, 2025 VIC METRO",2025-09-02,2025-09-09,39,L'Oréal Casting Creme Colourants 1 Pack,12.0,20.0,8.0,40.0,save_amount,1 Pack,$12.00 per each,SAVES8 | WASS20 | L'Oréal Casting Creme | Colourants 1 Pack | $12.00 per each | ————,93.61,False,,https://caau.syd1.cdn.digitaloceanspaces.com/wp-content/uploads/catalogue/coles/coles-catalogue-september-2-9-2025-vic-metro/39.jpg,https://www.catalogueau.com/coles/#catalogue=coles/coles-catalogue-september-2-9-2025-vic-metro/,save_was_arithmetic,displayed_price;save_was_arithmetic;unit_price,3,verified
Coles,VIC METRO,"Coles Catalogue September 2 - 9, 2025 VIC METRO",2025-09-02,2025-09-09,39,Only Organic Banana Biscotti or Apple,4.0,5.0,1.0,20.0,save_amount,,$4.00 per 100g,"SAVE*1 | WASS5 | Only Organic Banana | Biscotti or Apple, | Coconut & Flaxseed | Biscuits 100g | $4.00 per 100g | 39",96.39,False,,https://caau.syd1.cdn.digitaloceanspaces.com/wp-content/uploads/catalogue/coles/coles-catalogue-september-2-9-2025-vic-metro/39.jpg,https://www.catalogueau.com/coles/#catalogue=coles/coles-catalogue-september-2-9-2025-vic-metro/,save_was_arithmetic,displayed_price;save_was_arithmetic,2,verified
Coles,VIC METRO,"Coles Catalogue September 2 - 9, 2025 VIC METRO",2025-09-02,2025-09-09,39,"Only Organic 4+ Months, 6+ Months or 8+ Months",1.8,2.3,0.5,21.74,save_amount,,$1.50 per 100g,"SAVE50¢ | WASS2.30 | Only Organic 4+ Months, | 6+ Months or 8+ Months | Baby Food Pouch | per 100g | 120g $1.50 per 100g | 120g $1.50",95.51,True,single_price_evidence,https://caau.syd1.cdn.digitaloceanspaces.com/wp-content/uploads/catalogue/coles/coles-catalogue-september-2-9-2025-vic-metro/39.jpg,https://www.catalogueau.com/coles/#catalogue=coles/coles-catalogue-september-2-9-2025-vic-metro/,displayed_price,displayed_price,1,review
Coles,VIC METRO,"Coles Catalogue September 2 - 9, 2025 VIC METRO",2025-09-02,2025-09-09,39,Rascals Premium Jumbo Nappy Pants 42 Pack-56 Pack,15.5,31.0,15.5,50.0,half_price,42 Pack; 56 Pack,,SAVES | WASS31 | Rascals Premium | Jumbo Nappy Pants | 42 Pack-56 Pack | 39,95.58,True,inferred_price_requires_review,https://caau.syd1.cdn.digitaloceanspaces.com/wp-content/uploads/catalogue/coles/coles-catalogue-september-2-9-2025-vic-metro/39.jpg,https://www.catalogueau.com/coles/#catalogue=coles/coles-catalogue-september-2-9-2025-vic-metro/,page_discount_inference,page_discount,0,review
Coles,VIC METRO,"Coles Catalogue September 2 - 9, 2025 VIC METRO",2025-09-02,2025-09-09,39,Bubs Goat Milk Stage 3 Toddler Milk Drink 800g,39.0,42.0,3.0,7.14,save_amount,800g,$4.88 per 100g,SAVE*3 | WASS42 | Bubs Goat Milk Stage 3 | Toddler Milk Drink 800g | $4.88 per 100g,96.46,False,,https://caau.syd1.cdn.digitaloceanspaces.com/wp-content/uploads/catalogue/coles/coles-catalogue-september-2-9-2025-vic-metro/39.jpg,https://www.catalogueau.com/coles/#catalogue=coles/coles-catalogue-september-2-9-2025-vic-metro/,save_was_arithmetic,displayed_price;save_was_arithmetic;unit_price,3,verified
Coles,VIC METRO,"Coles Catalogue September 2 - 9, 2025 VIC METRO",2025-09-02,2025-09-09,40,Colgate Advanced Whitening & Tartar or Max Fresh Toothpaste 115g,4.5,6.5,2.0,30.77,save_amount,115g,$3.91 per 100g,WASS6.50 | WASS6.50 | Colgate Advanced Whitening | & Tartar or Max Fresh Toothpaste | 115g $3.91 per 100g | ay Se | RL | A,96.17,False,,https://caau.syd1.cdn.digitaloceanspaces.com/wp-content/uploads/catalogue/coles/coles-catalogue-september-2-9-2025-vic-metro/40.jpg,https://www.catalogueau.com/coles/#catalogue=coles/coles-catalogue-september-2-9-2025-vic-metro/,displayed_price,displayed_price;unit_price,2,verified
Coles,VIC METRO,"Coles Catalogue September 2 - 9, 2025 VIC METRO",2025-09-02,2025-09-09,40,Colgate Zig Zag Medium or Soft Toothbrush 3 Pack,5.0,7.8,2.8,35.9,save_amount,3 Pack,$1.67 per each,WAS$7.80 | WAS$7.80 | Colgate Zig Zag Medium | or Soft Toothbrush 3 Pack | $1.67 per each | ==,96.36,True,single_price_evidence,https://caau.syd1.cdn.digitaloceanspaces.com/wp-content/uploads/catalogue/coles/coles-catalogue-september-2-9-2025-vic-metro/40.jpg,https://www.catalogueau.com/coles/#catalogue=coles/coles-catalogue-september-2-9-2025-vic-metro/,unit_price,unit_price,1,review
Coles,VIC METRO,"Coles Catalogue September 2 - 9, 2025 VIC METRO",2025-09-02,2025-09-09,40,Rexona Whole Body Deodorant 230mL,8.5,12.5,4.0,32.0,save_amount,230mL,$3.70 per 100mL,WAS$12.50 | WAS$12.50 | Rexona Whole Body Deodorant | 230mL $3.70 per 100mL | —,94.02,True,single_price_evidence,https://caau.syd1.cdn.digitaloceanspaces.com/wp-content/uploads/catalogue/coles/coles-catalogue-september-2-9-2025-vic-metro/40.jpg,https://www.catalogueau.com/coles/#catalogue=coles/coles-catalogue-september-2-9-2025-vic-metro/,unit_price,unit_price,1,review
Coles,VIC METRO,"Coles Catalogue September 2 - 9, 2025 VIC METRO",2025-09-02,2025-09-09,40,Depend Real Fit Underwear For Women XL 8 Pack,11.5,14.4,2.9,20.14,save_amount,8 Pack,$1.44 per each,WASS14.40 | WASS14.40 | Depend Real Fit Underwear For | Women XL 8 Pack $1.44 per each | GARNICR,96.46,True,single_price_evidence,https://caau.syd1.cdn.digitaloceanspaces.com/wp-content/uploads/catalogue/coles/coles-catalogue-september-2-9-2025-vic-metro/40.jpg,https://www.catalogueau.com/coles/#catalogue=coles/coles-catalogue-september-2-9-2025-vic-metro/,unit_price,unit_price,1,review
Coles,VIC METRO,"Coles Catalogue September 2 - 9, 2025 VIC METRO",2025-09-02,2025-09-09,40,Ogx Bond Protein Repair Shampoo or Conditioner 385mL,15.0,25.0,10.0,40.0,save_amount,385mL,$3.90 per 100mL,WASS25 | WASS25 | Ogx Bond Protein Repair | Shampoo or Conditioner 385mL | $3.90 per 100mL,94.56,False,,https://caau.syd1.cdn.digitaloceanspaces.com/wp-content/uploads/catalogue/coles/coles-catalogue-september-2-9-2025-vic-metro/40.jpg,https://www.catalogueau.com/coles/#catalogue=coles/coles-catalogue-september-2-9-2025-vic-metro/,displayed_price,displayed_price;unit_price,2,verified
Coles,VIC METRO,"Coles Catalogue September 2 - 9, 2025 VIC METRO",2025-09-02,2025-09-09,41,Sorbent 2-Ply Extra Thick & Large Facial Tissues 95 Pack,1.9,2.2,0.3,13.64,down_down,95 Pack,$2.00 per 100,DOWN DOWN | JUL 2025 | Sorbent 2-Ply Extra Thick & Large | Facial Tissues 95 Pack | $2.00 per 100 sheets,95.28,True,single_price_evidence,https://caau.syd1.cdn.digitaloceanspaces.com/wp-content/uploads/catalogue/coles/coles-catalogue-september-2-9-2025-vic-metro/41.jpg,https://www.catalogueau.com/coles/#catalogue=coles/coles-catalogue-september-2-9-2025-vic-metro/,displayed_price,displayed_price,1,review
Coles,VIC METRO,"Coles Catalogue September 2 - 9, 2025 VIC METRO",2025-09-02,2025-09-09,41,Earthwise Dishwashing Liquid 500mL,3.0,6.0,3.0,50.0,half_price,500mL,$0.60 per 100mL,WASS6 | WASS6 | Earthwise Dishwashing | Liquid 500mL | $0.60 per 100mL,93.3,False,,https://caau.syd1.cdn.digitaloceanspaces.com/wp-content/uploads/catalogue/coles/coles-catalogue-september-2-9-2025-vic-metro/41.jpg,https://www.catalogueau.com/coles/#catalogue=coles/coles-catalogue-september-2-9-2025-vic-metro/,displayed_price,displayed_price;page_discount;unit_price,2,verified
Coles,VIC METRO,"Coles Catalogue September 2 - 9, 2025 VIC METRO",2025-09-02,2025-09-09,41,Air Wick Essential Oils Candle 1 Each,4.0,8.0,4.0,50.0,half_price,,$4.00 per each,WASS8 | WASS8 | Air Wick Essential Oils | Candle 1 Each | $4.00 per each | &,94.91,False,,https://caau.syd1.cdn.digitaloceanspaces.com/wp-content/uploads/catalogue/coles/coles-catalogue-september-2-9-2025-vic-metro/41.jpg,https://www.catalogueau.com/coles/#catalogue=coles/coles-catalogue-september-2-9-2025-vic-metro/,displayed_price,displayed_price;page_discount;unit_price,2,verified
Coles,VIC METRO,"Coles Catalogue September 2 - 9, 2025 VIC METRO",2025-09-02,2025-09-09,41,Kleenex Complete Clean Toilet Paper 9 Pack,50.0,,,,special,9 Pack,$0.28 per 100,WAS$ | WAS$ | Kleenex Complete Clean | Toilet Paper 9 Pack | $0.28 per 100 sheets,96.51,True,save_amount_missing;regular_price_missing;single_price_evidence,https://caau.syd1.cdn.digitaloceanspaces.com/wp-content/uploads/catalogue/coles/coles-catalogue-september-2-9-2025-vic-metro/41.jpg,https://www.catalogueau.com/coles/#catalogue=coles/coles-catalogue-september-2-9-2025-vic-metro/,displayed_price,displayed_price,1,review
Coles,VIC METRO,"Coles Catalogue September 2 - 9, 2025 VIC METRO",2025-09-02,2025-09-09,41,Glen 20 Disinfectant Spray 375g 1.53 per 100g,25.0,50.0,25.0,50.0,half_price,375g; 100g,,WASSTI.50 | WASSTI.50 | Glen 20 Disinfectant Spray 375g | 1.53 per 100g,79.0,True,low_name_confidence_strict;inferred_price_requires_review,https://caau.syd1.cdn.digitaloceanspaces.com/wp-content/uploads/catalogue/coles/coles-catalogue-september-2-9-2025-vic-metro/41.jpg,https://www.catalogueau.com/coles/#catalogue=coles/coles-catalogue-september-2-9-2025-vic-metro/,page_discount_inference,page_discount,0,review
Coles,VIC METRO,"Coles Catalogue September 2 - 9, 2025 VIC METRO",2025-09-02,2025-09-09,41,Harpic Hygienic & Fresh Harpic Hy,1.75,301.75,300.0,99.42,save_amount,,$1.75 per each,SAVE 300 ys SAVE 250 eee | Harpic Hygienic & Fresh | Harpic Hy | fh | Sticker Adhesive Toilet Block | Sticker Ad | 2 Pack $1.75 per each,79.0,True,low_name_confidence_strict;single_price_evidence,https://caau.syd1.cdn.digitaloceanspaces.com/wp-content/uploads/catalogue/coles/coles-catalogue-september-2-9-2025-vic-metro/41.jpg,https://www.catalogueau.com/coles/#catalogue=coles/coles-catalogue-september-2-9-2025-vic-metro/,unit_price,unit_price,1,review
Coles,VIC METRO,"Coles Catalogue September 2 - 9, 2025 VIC METRO",2025-09-02,2025-09-09,41,Harpic Fresh Power Liquid Toilet Cleaner 700mL,3.5,7.0,3.5,50.0,half_price,700mL,$0.50 per 100mL,SAVE$3.50 | WASS7 | Harpic Fresh Power | Liquid Toilet Cleaner | 700mL $0.50 per 100mL | ADVERTISER PROMOTION,94.61,False,,https://caau.syd1.cdn.digitaloceanspaces.com/wp-content/uploads/catalogue/coles/coles-catalogue-september-2-9-2025-vic-metro/41.jpg,https://www.catalogueau.com/coles/#catalogue=coles/coles-catalogue-september-2-9-2025-vic-metro/,save_was_arithmetic,displayed_price;save_was_arithmetic;unit_price,3,verified
Coles,VIC METRO,"Coles Catalogue September 2 - 9, 2025 VIC METRO",2025-09-02,2025-09-09,41,Handee Ultra Double Length Paper Towel 2 Pack,5.0,,,,special,2 Pack,$2.08 per 100,Handee Ultra Double Length Paper | Towel 2 Pack $2.08 per 100 sheets,95.61,True,offer_labels_missing;save_amount_missing;regular_price_missing;single_price_evidence,https://caau.syd1.cdn.digitaloceanspaces.com/wp-content/uploads/catalogue/coles/coles-catalogue-september-2-9-2025-vic-metro/41.jpg,https://www.catalogueau.com/coles/#catalogue=coles/coles-catalogue-september-2-9-2025-vic-metro/,displayed_price,displayed_price,1,review
Coles,VIC METRO,"Coles Catalogue September 2 - 9, 2025 VIC METRO",2025-09-02,2025-09-09,41,Harpic In The Bowl Toilet Cleaner 39g,3.5,,,,special,39g,$8.97 per 100g,Harpic In The Bowl | Toilet Cleaner 39g | $8.97 per 100g | Always read the label and follow directions for use. RT-M-7j6Evb,91.4,False,,https://caau.syd1.cdn.digitaloceanspaces.com/wp-content/uploads/catalogue/coles/coles-catalogue-september-2-9-2025-vic-metro/41.jpg,https://www.catalogueau.com/coles/#catalogue=coles/coles-catalogue-september-2-9-2025-vic-metro/,displayed_price,displayed_price;unit_price,2,verified
Coles,VIC METRO,"Coles Catalogue September 2 - 9, 2025 VIC METRO",2025-09-02,2025-09-09,42,4 Legs Natural + Wellness Boost Meatball Dog Food Tray 870g,6.2,7.8,1.6,20.51,save_amount,870g,$0.71 per 100,WAS$7.80 | WAS$7.80 | 4 Legs Natural + Wellness Boost | Meatball Dog Food Tray 870g | $0.71 per 100 | From the chilled pet food fridge,95.86,True,single_price_evidence,https://caau.syd1.cdn.digitaloceanspaces.com/wp-content/uploads/catalogue/coles/coles-catalogue-september-2-9-2025-vic-metro/42.jpg,https://www.catalogueau.com/coles/#catalogue=coles/coles-catalogue-september-2-9-2025-vic-metro/,unit_price,unit_price,1,review
Coles,VIC METRO,"Coles Catalogue September 2 - 9, 2025 VIC METRO",2025-09-02,2025-09-09,42,My Dog Dog Food 6x100g,7.0,10.0,3.0,30.0,save_amount,6x100g,$1.17 per 100g,WASS10 | WASS10 | My Dog Dog Food 6x100g | $1.17 per 100g | rate | ——> | fe | felix,94.17,False,,https://caau.syd1.cdn.digitaloceanspaces.com/wp-content/uploads/catalogue/coles/coles-catalogue-september-2-9-2025-vic-metro/42.jpg,https://www.catalogueau.com/coles/#catalogue=coles/coles-catalogue-september-2-9-2025-vic-metro/,displayed_price,displayed_price;unit_price,2,verified
Coles,VIC METRO,"Coles Catalogue September 2 - 9, 2025 VIC METRO",2025-09-02,2025-09-09,42,Pedigree Dry Dog Food 2.5kg-3kg,7.5,15.0,7.5,50.0,half_price,2.5kg; 3kg,,WASS15 | WASS15 | Pedigree Dry Dog Food | 2.5kg-3kg,94.2,True,inferred_price_requires_review,https://caau.syd1.cdn.digitaloceanspaces.com/wp-content/uploads/catalogue/coles/coles-catalogue-september-2-9-2025-vic-metro/42.jpg,https://www.catalogueau.com/coles/#catalogue=coles/coles-catalogue-september-2-9-2025-vic-metro/,page_discount_inference,page_discount,0,review
Coles,VIC METRO,"Coles Catalogue September 2 - 9, 2025 VIC METRO",2025-09-02,2025-09-09,42,Fancy Feast Classic or Creamy Delights Cat Food 85g,1.0,1.6,0.6,37.5,save_amount,85g,$1.18 per 100g,WASS1.60 | WASS1.60 | Fancy Feast Classic or Creamy | Delights Cat Food 85g | $1.18 per 100g,96.49,False,,https://caau.syd1.cdn.digitaloceanspaces.com/wp-content/uploads/catalogue/coles/coles-catalogue-september-2-9-2025-vic-metro/42.jpg,https://www.catalogueau.com/coles/#catalogue=coles/coles-catalogue-september-2-9-2025-vic-metro/,displayed_price,displayed_price;unit_price,2,verified
Coles,VIC METRO,"Coles Catalogue September 2 - 9, 2025 VIC METRO",2025-09-02,2025-09-09,42,Felix Cat Food 12x85g,8.5,14.5,6.0,41.38,save_amount,12x85g,$0.83 per 100g,WASS14.50 | WASS14.50 | Felix Cat Food 12x85g | $0.83 per 100g,94.34,False,,https://caau.syd1.cdn.digitaloceanspaces.com/wp-content/uploads/catalogue/coles/coles-catalogue-september-2-9-2025-vic-metro/42.jpg,https://www.catalogueau.com/coles/#catalogue=coles/coles-catalogue-september-2-9-2025-vic-metro/,displayed_price,displayed_price;unit_price,2,verified
Coles,VIC METRO,"Coles Catalogue September 2 - 9, 2025 VIC METRO",2025-09-02,2025-09-09,42,Supercoat Dry Dog Food 6.7kg-7kg,18.0,36.0,18.0,50.0,half_price,6.7kg; 7kg,,WASS36 | WASS36 | Supercoat Dry Dog Food | 6.7kg-7kg,93.32,True,inferred_price_requires_review,https://caau.syd1.cdn.digitaloceanspaces.com/wp-content/uploads/catalogue/coles/coles-catalogue-september-2-9-2025-vic-metro/42.jpg,https://www.catalogueau.com/coles/#catalogue=coles/coles-catalogue-september-2-9-2025-vic-metro/,page_discount_inference,page_discount,0,review
Coles,VIC METRO,"Coles Catalogue September 2 - 9, 2025 VIC METRO",2025-09-02,2025-09-09,42,earthwise nce 1357,10.0,20.0,10.0,50.0,half_price,,,WAS$20 | WAS$20 | earthwise | nce 1357 | Q | 45% | PLANT POWERED | earthwise,60.45,True,low_name_confidence_strict;inferred_price_requires_review,https://caau.syd1.cdn.digitaloceanspaces.com/wp-content/uploads/catalogue/coles/coles-catalogue-september-2-9-2025-vic-metro/42.jpg,https://www.catalogueau.com/coles/#catalogue=coles/coles-catalogue-september-2-9-2025-vic-metro/,displayed_price,displayed_price;page_discount,1,review
Coles,VIC METRO,"Coles Catalogue September 2 - 9, 2025 VIC METRO",2025-09-02,2025-09-09,42,or Capsules 26 Pack,4.0,,,,special,26 Pack,,or Capsules | 26 Pack | Q | 45% | earthwise,96.51,True,offer_labels_missing;save_amount_missing;regular_price_missing;single_price_evidence,https://caau.syd1.cdn.digitaloceanspaces.com/wp-content/uploads/catalogue/coles/coles-catalogue-september-2-9-2025-vic-metro/42.jpg,https://www.catalogueau.com/coles/#catalogue=coles/coles-catalogue-september-2-9-2025-vic-metro/,displayed_price,displayed_price,1,review
Coles,VIC METRO,"Coles Catalogue September 2 - 9, 2025 VIC METRO",2025-09-02,2025-09-09,43,amaysim,10.0,25.0,15.0,60.0,save_amount,,,"WAS$25 | WAS$25 | amaysim $25 Starter Pack | * 15GB data, 28 day renewal",94.47,True,single_price_evidence,https://caau.syd1.cdn.digitaloceanspaces.com/wp-content/uploads/catalogue/coles/coles-catalogue-september-2-9-2025-vic-metro/43.jpg,https://www.catalogueau.com/coles/#catalogue=coles/coles-catalogue-september-2-9-2025-vic-metro/,displayed_price,displayed_price,1,review
Coles,VIC METRO,"Coles Catalogue September 2 - 9, 2025 VIC METRO",2025-09-02,2025-09-09,43,Lyca,12.0,40.0,28.0,70.0,save_amount,,,"WASS$40 | WASS$40 | Lyca $40 Starter Pack | + 80GB + 120GB bonus data first | 5 recharges, 28 day expiry",95.02,True,single_price_evidence,https://caau.syd1.cdn.digitaloceanspaces.com/wp-content/uploads/catalogue/coles/coles-catalogue-september-2-9-2025-vic-metro/43.jpg,https://www.catalogueau.com/coles/#catalogue=coles/coles-catalogue-september-2-9-2025-vic-metro/,displayed_price,displayed_price,1,review
Coles,VIC METRO,"Coles Catalogue September 2 - 9, 2025 VIC METRO",2025-09-02,2025-09-09,43,"Optus moto g35 5G + 6.7"" FHD+ display",79.0,199.0,120.0,60.3,save_amount,5G,,"WASS199 | WASS199 | Optus moto g35 5G | + 6.7"" FHD+ display | + SOMP + Ultrawide camera",92.22,True,single_price_evidence,https://caau.syd1.cdn.digitaloceanspaces.com/wp-content/uploads/catalogue/coles/coles-catalogue-september-2-9-2025-vic-metro/43.jpg,https://www.catalogueau.com/coles/#catalogue=coles/coles-catalogue-september-2-9-2025-vic-metro/,displayed_price,displayed_price,1,review
Coles,VIC METRO,"Coles Catalogue September 2 - 9, 2025 VIC METRO",2025-09-02,2025-09-09,43,Optus X Start 44G + 5” display,59.0,79.0,20.0,25.32,save_amount,44G,,WAS$79 | WAS$79 | Optus X Start 44G | + 5” display | + SMP camera,89.8,True,single_price_evidence,https://caau.syd1.cdn.digitaloceanspaces.com/wp-content/uploads/catalogue/coles/coles-catalogue-september-2-9-2025-vic-metro/43.jpg,https://www.catalogueau.com/coles/#catalogue=coles/coles-catalogue-september-2-9-2025-vic-metro/,displayed_price,displayed_price,1,review
Coles,VIC METRO,"Coles Catalogue September 2 - 9, 2025 VIC METRO",2025-09-02,2025-09-09,43,« 260GB split into 30-day blocks of 21.67GB,179.0,250.0,71.0,28.4,save_amount,,,WAS$250 | WAS$250 | $250 Starter Pack | « 260GB split into 30-day | blocks of 21.67GB | + Unlimited standard talk | & text in Australia and to | 35 countries,88.78,True,single_price_evidence,https://caau.syd1.cdn.digitaloceanspaces.com/wp-content/uploads/catalogue/coles/coles-catalogue-september-2-9-2025-vic-metro/43.jpg,https://www.catalogueau.com/coles/#catalogue=coles/coles-catalogue-september-2-9-2025-vic-metro/,displayed_price,displayed_price,1,review
Coles,VIC METRO,"Coles Catalogue September 2 - 9, 2025 VIC METRO",2025-09-02,2025-09-09,43,+ 25GB data + Unlimited standard talk &,10.0,24.9,14.9,59.84,save_amount,,,‘WAS$24.90 | ‘WAS$24.90 | $24.90 Starter Pack | + 25GB data | + Unlimited standard talk & | text in Australia and to 26 | countries,94.0,True,single_price_evidence,https://caau.syd1.cdn.digitaloceanspaces.com/wp-content/uploads/catalogue/coles/coles-catalogue-september-2-9-2025-vic-metro/43.jpg,https://www.catalogueau.com/coles/#catalogue=coles/coles-catalogue-september-2-9-2025-vic-metro/,displayed_price,displayed_price,1,review
Coles,VIC METRO,"Coles Catalogue September 2 - 9, 2025 VIC METRO",2025-09-02,2025-09-09,45,boost mobile,26.0,,,,special,,,boost | mobile | °20,79.0,True,offer_labels_missing;save_amount_missing;regular_price_missing;low_name_confidence_strict;single_price_evidence,https://caau.syd1.cdn.digitaloceanspaces.com/wp-content/uploads/catalogue/coles/coles-catalogue-september-2-9-2025-vic-metro/45.jpg,https://www.catalogueau.com/coles/#catalogue=coles/coles-catalogue-september-2-9-2025-vic-metro/,displayed_price,displayed_price,1,review
